Code,AU2013_NAM,area_sqkm,v0.0,v1.0,v10.0,v11.0,v12.0,v13.0,v2.0,v3.0,v4.0,v5.0,v6.0,v7.0,v8.0,v9.0
500100,Awanui,0.9882367,0,0,0,0,0,0,0,0.136280059,0,0.829649926,0.034070015,0,0,0
500202,Karikari Peninsula-Maungataniwha,784.396389,0.346885503,0,0.002576946,0,0,0.059935037,0.033500292,0.0015748,0.071724984,0.215633077,0.033524153,0.076306221,0.012025746,0.146313241
500203,Taipa Bay-Mangonui,5.54481016,0.399413622,0,0.028416779,0,0,0.00270636,0.00270636,0.168470907,0.00947226,0.202525936,0.077131258,0.041948579,0.01894452,0.048263419
500204,Herekino,391.067946,0.300203183,0,0.002031832,0,0,0.017270572,0.008127328,0.00499492,0.056891297,0.309431087,0.007111412,0.10971893,0.017270572,0.166948866
500205,Ahipara,7.99953394,0.363600238,0,0.002384264,0,0,0.004768528,0.010729187,0.045301013,0.022650507,0.263659845,0.001192132,0.251539837,0.004768528,0.029405921
500206,North Cape,626.034159,0.533572068,0,0,0,0,0.017905103,0.017009848,0,0.113697404,0.09042077,0.030438675,0.128916741,0.063563115,0.004476276
500207,Houhora,199.042469,0.373505976,0,0.008964143,0,0,0.020916335,0.007968127,0.000996016,0.264940239,0.244023904,0.002988048,0.059760956,0.010956175,0.00498008
500208,Motutangi-Kareponia,296.61521,0.283644676,0,0.012789132,0,0,0.110740628,0.000913509,0,0.131545357,0.284998265,0.104571454,0.058921358,0.004567547,0.007308075
500301,Kaitaia West,4.54683784,0,0,0,0,0,0.002217021,0,0.214549254,0.007773971,0.727750608,0,0.027640785,0.001727549,0.018340813
500302,Kaitaia East,3.93144381,0,0,0,0,0,0.012846579,0,0.354064784,0.023595758,0.564436217,0,0.019475864,0,0.025580798
500401,Kaeo,21.2426366,0,0,0,0,0,0.00072873,0.153033339,0.005465476,0.046456549,0.366733467,0,0.260885407,0.001093095,0.165603935
500402,Mangapa-Matauri Bay,627.876877,0.451128801,0,0.004502153,0,0,0.00326243,0.115490017,0.002544695,0.0371917,0.239136109,0.000782983,0.05396059,0.002348949,0.089651572
500500,Kohukohu,4.26625985,0.169171843,0,0,0,0,0.01795071,0,0.019582593,0.106072378,0.209696931,0.006509793,0.367391199,0,0.103624553
500600,Rawene,2.14760542,0.349175117,0,0,0,0,0.056757984,0,0.136219161,0.074542152,0.344710156,0.013621916,0.018162555,0.002270319,0.004540639
500700,Omapere and Opononi,1.180697,0.307888041,0,0,0,0,0,0,0.124681934,0.007633588,0.44783715,0,0.063613232,0,0.048346056
500801,Hokianga North,816.005803,0.096549547,0,0,0,0,0.029707553,0.013863525,0,0.110908197,0.277270493,0.009913281,0.12460668,0.004951259,0.332229466
500802,Hokianga South,778.276966,0.093641545,0,0.000955201,0,0,0.063043271,0.019104021,0.001910402,0.120036934,0.275734709,0.042028847,0.090775942,0.000955201,0.291813927
500900,Kerikeri,34.714057,0.013305847,0,0.200337331,0,0,0.011244378,0.008995502,0.131746627,0.120502249,0.454272864,0.005622189,0.019677661,0.001124438,0.033170915
501000,Russell,4.38622111,0.51715439,0,0,0,0,0,0.018163471,0.093844601,0,0.051463169,0,0.286831483,0.004540868,0.028002018
501100,Paihia,4.63826026,0.218149714,0,0,0,0,0.070580745,0,0.090177716,0,0.023737919,0.018199071,0.263869807,0.002380953,0.312904076
501200,Haruru Falls,1.52791501,0,0,0.003431933,0,0,0.067494689,0,0.291027946,0,0.271433241,0.09008825,0.209029253,0,0.067494689
501300,Opua East,0.75770522,0.444120692,0,0,0,0,0,0,0.285249851,0,0.020098094,0,0.006340807,0,0.244190556
501400,Kawakawa,2.26232689,0,0,0,0,0,0.067035285,0.004788235,0.191187368,0.047882346,0.553440119,0,0.014364704,0,0.121301944
501500,Moerewa,8.5343192,0,0,0,0,0,0.027726433,0.029574861,0.045594578,0.06900801,0.563154652,0.006161429,0.02711029,0,0.231669747
501612,Opua West,1.97381904,0.070354261,0,0,0,0,0.014287327,0,0.086688257,0,0.031108567,0,0.067269497,0,0.730292093
501614,Kapiro,136.670959,0.324637849,0,0.045458635,0,0,0.020529706,0.010753655,0.008309643,0.080652416,0.423628852,0.002932815,0.06012271,0.000977605,0.021996113
501615,Waitangi,71.0484814,0.2671084,0,0.044909539,0,0,0.034929641,0.008753475,0.033980334,0.163451248,0.321291847,0.009371367,0.062656784,0.005473469,0.048073897
501620,Pokere-Waihaha,664.372731,0.415795443,0,0.000434989,0,0,0.007829808,0.0113153,0.002237088,0.056983605,0.193066915,0.001413715,0.168703369,0.025664372,0.116555396
501631,Okaihau,46.2168201,0,0,0.004284949,0,0,0.016068559,0.002142475,0.006427424,0.026780932,0.640064274,0.158543117,0.014997322,0,0.130690948
501632,Ohaeawai,60.131515,0,0,0.005263158,0,0,0.005263158,0.011578947,0.004210526,0.051578947,0.744210526,0.012631579,0.067368421,0,0.097894737
501633,Waihou Valley-Hupara,416.534362,0.070244518,0,0.014833418,0,0,0.017593124,0.017593124,0.008106636,0.088483066,0.467080198,0.017248161,0.062610824,0,0.23620693
501634,Ngapuhi-Kaikou,658.924021,0,0,0.001016088,0,0,0.011176969,0.013717189,0.002878916,0.251989839,0.432684166,0.010668925,0.073666384,0,0.202201524
501700,Kaikohe,6.62047962,0,0,0.027046263,0,0,0.001423488,0.029893238,0.196678529,0.023487544,0.654567023,0.001423488,0.021352313,0,0.044128114
501802,Opouteke-Tanekaha,796.975305,0,0,0.011787828,0,0,0.003075086,0.007004362,0.002255063,0.251644511,0.490953735,0.004100114,0.041001142,0,0.188178159
501806,Marsden Point-Ruakaka,24.9161236,0.448903819,0,0.002121641,0,0,0.011669024,0.00106082,0.084865629,0.020155587,0.364922207,0.014851485,0.036067893,0.009016973,0.006364922
501807,Ngunguru,17.676573,0.157538114,0,0,0,0,0.02484472,0.016939582,0.035573123,0.123094297,0.177865613,0.057594579,0.142857143,0.021456804,0.242236025
501809,Wharekohe-Oakleigh,287.707783,0.010453761,0,0.034064841,0,0,0.007569965,0.009011863,0.010388907,0.0459605,0.666328114,0.002234942,0.022684146,0.002379132,0.188923831
501810,Maungatapere,34.2948613,0,0,0.094829231,0,0,0.004006869,0.010684984,0.010303377,0.069834001,0.627170387,0.00114482,0.013165426,0,0.168860904
501811,Waiotira-Springfield,342.192893,0.095061728,0,0.00462963,0,0,0.037037037,0.007407407,0.007407407,0.054012346,0.594444444,0.004166667,0.026388889,0.002314815,0.16712963
501814,Punaruku-Kiripaka,604.26614,0.488834291,0,0.00210591,0,0,0.005264774,0.01237222,0.001711052,0.047426842,0.138595183,0.001579432,0.028429781,0.028956259,0.244724257
501815,Bream Bay,168.533608,0.045703526,0,0,0,0,0.002054091,0.028757275,0.004108182,0.148579254,0.502225265,0.004108182,0.049298186,0.005135228,0.210030811
501816,Waipu,67.404213,0.425168307,0,0.005178664,0,0,0.002071466,0.005178664,0.008285862,0.106680476,0.287933713,0.007767996,0.041947178,0.005178664,0.104609011
501817,Pataua-Whareora,111.133549,0.124129848,0,0.004261969,0,0,0.022375337,0.020777099,0.003303026,0.118305157,0.367594829,0.01651513,0.065705356,0.002130985,0.254901264
501818,Parua Bay,41.4030565,0.214926997,0,0,0,0,0.00906865,0.014147093,0.014147093,0.12786796,0.193706357,0,0.135304253,0.001088238,0.289743357
501819,Bream Head,74.166632,0.532200762,0,0.000387572,0,0,0.004844648,0.014533945,0.006976294,0.009883082,0.11859699,0.004457076,0.056779278,0.015890446,0.235449906
502001,Springs Flat,19.8193513,0,0,0.021419316,0,0,0,0.030681723,0.046075462,0.243331148,0.513381309,0.006367905,0.006946805,0,0.131796332
502002,Three Mile Bush,11.0352135,0,0,0.021050168,0,0,0.002085552,0.012989244,0.086404631,0.036638177,0.28117287,0.013347531,0.010010648,0.0037818,0.53251938
502003,Te Hihi,10.4055806,0,0,0.071688741,0,0,0,0.009964458,0.070478172,0.051483034,0.519543686,0.001660743,0.017714592,0.000553581,0.256912993
502004,Abbey Caves,18.2769244,0.027361563,0,0.000728732,0,0,0.0355864,0.005829854,0.049298718,0.219359294,0.383792352,0.002723401,0.053294581,0.001457463,0.220567642
502005,Otaika-Portland,29.8803728,0.081174029,0,0,0,0,0.05206048,0.009487103,0.008103568,0.053364957,0.656883091,0.002371776,0.019843858,0.012056527,0.10465461
502101,Kamo West,1.92906138,0,0,0,0,0,0.021350584,0.095000069,0.636616161,0.010396806,0.166926501,0,0,0,0.069709879
502102,Kamo East,2.2372798,0,0,0,0,0,0.000951485,0.011581683,0.711814394,0,0.204627358,0,0.012913762,0,0.058111318
502201,Tikipunga West,3.39310905,0,0,0.015322565,0,0,0.007223495,0,0.453468205,0.000510752,0.407490228,0.001021504,0.002630374,0,0.112332878
502202,Tikipunga East,2.42253767,0,0,0,0,0,0,0,0.388265019,0.047905967,0.240144138,0,0.020628896,0,0.303055981
502300,Whau Valley,1.30222204,0,0,0,0,0,0.002121591,0.01497952,0.575276767,0.011032273,0.207652319,0,0,0,0.18893753
502400,Otangarei,1.08258748,0,0,0,0,0,0.000497342,0,0.878690236,0.005802327,0,0,0.008587444,0,0.106422652
502500,Western Hills,1.41402938,0,0,0.033129966,0,0,0,0,0.147391361,0.022524623,0.124208322,0,0.066867536,0,0.605878192
502600,Kensington,0.95066908,0,0,0,0,0,0,0,0.834737864,0,0.039105467,0,0,0,0.126156669
502700,Mairtown,0.96928111,0,0,0,0,0,0,0,0.76477975,0,0.004762872,0,0.025719507,0,0.204737871
502800,Regent,1.13422673,0,0,0,0,0,0,0,0.836381261,0,0,0.044196731,0,0,0.119422008
502900,Woodhill,1.08343879,0,0,0,0,0,0.003831555,0,0.669093782,0.033206814,0,0,0,0.007024518,0.286843331
503000,Vinetown,0.76126243,0,0,0,0,0,0.005781168,0,0.648445399,0,0,0,0.04083325,0,0.304940183
503100,Whangarei Central,1.61831665,0.060219587,0,0,0,0,0.01007996,0,0.800494631,0.023568772,0.002676096,0.053057505,0.0052729,0,0.04463055
503200,Riverside,1.0444279,0.002474929,0,0,0,0,0,0,0.507850555,0.022918309,0,0.111149568,0.025120526,0,0.330486113
503300,Horahora,2.20677913,0,0,0,0,0,0,0,0.216911177,0.013638806,0.111304584,0,0.013126551,0.029262603,0.615756279
503400,Maunu,1.68292252,0,0,0,0,0,0,0.025769592,0.284360564,0,0.396557086,0,0.007907382,0,0.285405376
503500,Raumanga East,0.94058975,0,0,0,0,0,0,0,0.727974576,0.044415089,0.227610335,0,0,0,0
503600,Morningside,1.63408376,0.038511729,0,0,0,0,0.048811227,0,0.735328946,0.072395561,0.084499202,0.020453335,0,0,0
503700,Parahaki,2.61650192,0.062783308,0,0.004432425,0,0,0.036493633,0,0.308934241,0.05815697,0.231224843,0.012071729,0.084330992,0,0.201571859
503800,Raumanga West,3.50680541,0,0,0,0,0,0,0.00832141,0.282438625,0.016642819,0.269478943,0,0.050784374,0.084165114,0.288168716
503900,Port-Limeburners,7.36662886,0.171173174,0,0,0,0,0.122124837,0.007363387,0.273528785,0.163649145,0.207978419,0.01932889,0.034239748,0,0.000613616
504000,Sherwood Rise,2.87913988,0.061340203,0,0,0,0,0.240155644,0.008556514,0.302089387,0.045190246,0.169648629,0.000370412,0.006667413,0,0.165981552
504100,Onerahi,2.20357045,0.267704428,0,0,0,0,0.147752672,0.018415909,0.542670414,0,0,0.002495381,0,0.014972283,0.005988913
504300,Hikurangi,5.3844231,0,0,0,0,0,0,0.067916261,0.059152872,0.134006816,0.564995131,0.005111977,0.063534567,0.021908471,0.083373905
504400,Te Kopuru,2.63044245,0,0,0.012825994,0,0,0,0,0.091919624,0.019238991,0.679777683,0.196237708,0,0,0
504501,Kaipara Coastal,1221.2507,0.447324133,0,0.008078088,0,0,0.004039044,0.007068327,0.003534164,0.099461461,0.303433187,0.010602491,0.028273309,0.006058566,0.08212723
504502,Maungaru,716.139033,0.034405991,0,0.013998516,0,0,0.015179114,0.002023882,0,0.139647845,0.64595561,0.012345679,0.020238818,0.004047764,0.112156783
504600,Dargaville,12.5916178,0,0,0.10125847,0,0,0,0,0.101645692,0.00464666,0.672216844,0.096999032,0.005808325,0.001161665,0.016263311
504700,Maungaturoto,3.19110085,0,0,0.001856148,0,0,0.027842227,0.001856148,0.09837587,0.014849188,0.792111369,0.009280742,0,0,0.053828306
504800,Ruawai,3.20323585,0,0,0.172161172,0,0,0.012820513,0,0.067765568,0,0.582417582,0.164835165,0,0,0
504900,Kaiwaka,7.71875932,0,0,0.002837215,0,0,0.021988415,0.00567443,0.025534933,0.012767467,0.861685778,0.028372148,0,0,0.041139615
505010,Rehia-Oneriri,1103.27726,0.175293942,0,0.002937976,0,0,0.014200215,0.008813927,0.001305767,0.093525555,0.528786632,0.051251351,0.036235032,0.004896626,0.082752978
505021,Mangawhai,32.7867864,0.0329818,0,0.016745135,0,0,0.065757464,0.010306813,0.074908932,0.042166315,0.598687403,0.041460871,0.06696287,0.02439279,0.025629607
505022,Mangawhai Heads,5.9256612,0.011902874,0,0.004576939,0,0,0.051437421,0.019554722,0.301796565,0.013367117,0.196909571,0.238709307,0.082959794,0.053421233,0.025364458
505300,Wellsford,5.75280403,0,0,0,0,0,0,0.011320755,0.152021563,0.028301887,0.793800539,0,0,0,0.014555256
505400,Leigh,0.74765772,0.301896039,0,0,0,0,0,0.062650208,0.359572426,0.021062514,0.126249714,0,0.007020838,0.049145867,0.072402393
505500,Warkworth,7.44210484,0,0,0.00143352,0,0,0.010034643,0,0.193525266,0.004300561,0.670170828,0.011468164,0.005734082,0.005256242,0.098076693
505601,Waimauku,3.22931485,0,0,0.016218721,0,0,0,0,0.112449799,0.008109361,0.820985867,0,0.022976521,0,0.019259731
505602,Huapai,6.93394233,0,0,0.085701029,0,0,0,0,0.116815415,0.161521876,0.537159857,0,0.077103633,0,0.02169819
505603,Riverhead Urban,3.25195272,0,0,0.116416164,0,0,0.014556252,0.017602909,0.091501277,0.183273367,0.394561475,0.035476633,0.033513231,0.002031105,0.111067587
505604,Kumeu East,13.3109179,0,0,0.199023012,0,0,0.010740449,0.013737783,0.087347323,0.104132397,0.529967993,0.034819036,0.006993781,0,0.013238227
505605,Kumeu West,24.3887736,0,0,0.085462547,0,0,0,0.001299811,0.03308018,0.134638715,0.665580396,0,0.051667471,0,0.028270881
505700,Waipareira West,13.8510907,0,0,0.029295346,0,0,0,0.006977212,0.014088602,0.031978889,0.840508084,0,0.061050607,0,0.016101259
505803,Waiwera,1.41248903,0.236094331,0,0,0,0,0.00310349,0.216520175,0.0481041,0.00310349,0.285916435,0,0.086897729,0.012413961,0.107846289
505804,Hatfields Beach,0.90880978,0.176281066,0,0,0,0,0.013710242,0.014308507,0.317741298,0.025135443,0.320957034,0,0.058588433,0,0.073277978
505805,Orewa,4.22967183,0.224770242,0,0,0,0,0.032892666,0.006428283,0.528385992,0.001134403,0.175038377,0.004159478,0.01421785,0.008545836,0.004426873
505806,Silverdale Central,6.96991126,0.016666938,0,0.003415523,0,0,0.008050875,0.005123284,0.137995251,0.039705452,0.73837909,0.002988582,0.001992388,0.019070002,0.026612615
505807,Red Beach West,1.47412523,0.059238951,0,0,0,0,0.038241107,0,0.840137587,0,0.040864257,0.009102016,0.012416083,0,0
505808,Red Beach East,1.59125192,0.356885838,0,0,0,0,0.007382936,0,0.584594207,0,0.001647977,0,0.049489043,0,0
505902,Manly,3.18830122,0.533723232,0,0,0,0,0,0.010649938,0.422828571,0.00450139,0.009578797,0,0.013877191,0.000968176,0.003872705
505904,Army Bay,10.7149629,0.478785396,0,0,0,0,0.000930222,0.13054119,0.095846115,0.001395333,0.190254814,0.001240296,0.07496041,0.011162667,0.014883556
505906,Vipond,1.50891329,0.247522621,0,0.007960146,0,0,0.071669739,0.029149295,0.50078349,0.003980073,0.046434182,0,0.031706135,0,0.060794319
505907,Stanmore Bay West,0.98628655,0.11605784,0,0,0,0,0,0,0.776680073,0,0,0,0.073179518,0,0.034082568
505908,Stanmore Bay East,1.3380759,0.090748994,0,0,0,0,0,0.018005991,0.693314166,0.01805774,0.17987311,0,0,0,0
505909,Wade Heads,3.69117148,0.244615525,0,0,0,0,0.003373865,0.049920349,0.397144712,0.058179454,0.03966896,0,0.033838701,0.001349546,0.171908888
505910,Gulf Harbour,3.84624944,0.281053867,0,0,0,0,0,0.056143131,0.316831827,0.009131714,0.282218282,0.009469926,0.028917095,0,0.016234158
506001,Weiti River,2.24222633,0.066847656,0,0.005457482,0,0,0.123657444,0.001819161,0.201240799,0.021147742,0.507146252,0.00077964,0.035156779,0,0.036747045
506002,Stillwater,0.43763753,0.191993092,0,0,0,0,0.020181607,0.085723777,0.51516281,0.095567043,0.09137167,0,0,0,0
506003,Silverdale South,26.8482721,0.0957603,0,0,0,0,0.010070713,0.03976171,0.048128338,0.271972632,0.435605194,0,0.051025442,0.005915664,0.041760007
506201,Silverdale North,28.9773456,0.073399617,0,0.001367169,0,0,0.014013483,0.044022843,0.060332811,0.071890306,0.557215753,0.003190061,0.102482341,0.008430876,0.06365474
506202,Orewa West,4.84760958,0.024863313,0,0,0,0,0.017624024,0.023454992,0.182339723,0.030048133,0.31774604,0.003933002,0.2613401,0.021206745,0.117443927
506300,Dairy Flat-Redvale,27.4420506,0.005524407,0,0.005524407,0,0,0.008593522,0.03580634,0.022213571,0.173687101,0.548164377,0,0.083246087,0.005729014,0.111511174
506400,Paremoremo West,8.37660615,0,0,0.045109097,0,0,0.028014522,0.012292086,0.042307645,0.061717707,0.572378335,0.120005064,0.051312313,0,0.066863231
506613,Tauhoa-Puhoi,592.452191,0.134074247,0,0.014432424,0,0,0.081152813,0.011356662,0.003785554,0.096295029,0.434096571,0.067193583,0.054417338,0.030284432,0.072911347
506614,Tahekeroa,164.534672,0,0,0.004269551,0,0,0,0.00960649,0.004002704,0.132000285,0.670799829,0.001067388,0.094819611,0.001067388,0.082366754
506616,Matheson Bay,0.36825727,0.117156841,0,0,0,0,0,0.18193851,0.21263492,0,0.206884103,0,0.116227024,0,0.165158602
506620,Kawau,21.5540259,0.521101619,0,0,0,0,0.001530027,0.027540482,0,0.053550937,0.027540482,0,0.019890348,0.006120107,0.342725998
506631,Snells Beach,12.9057779,0.171863744,0,0.01358444,0,0,0.088298858,0.007409694,0.077287229,0.025522281,0.417618607,0.058248431,0.093238654,0.001234949,0.045693115
506633,Algies Bay,3.45249842,0.463253012,0,0,0,0,0.001807229,0.005722892,0.069427711,0.023644578,0.348554217,0,0.058674699,0.001807229,0.027108434
506634,Mahurangi,11.955567,0.504547726,0,0,0,0,0.03958021,0.010594703,0.016791604,0.013493253,0.304007996,0,0.051014493,0.005997001,0.053973013
506642,South Head,308.579397,0.355336159,0,0.003330217,0,0,0.265744668,0.000555036,0.00138759,0.080295221,0.248670704,0.01554101,0.016651083,0.009435613,0.003052698
506644,Parakai Rural,16.9223605,0,0,0.016478446,0,0,0.015797337,0.01845586,0.017963076,0.02768379,0.86787111,0.017294522,0.01845586,0,0
506645,Parakai Urban,1.9397997,0,0,0,0,0,0.08209226,0,0.138645049,0,0.721455318,0.057807373,0,0,0
506646,Kaukapakapa Rural,123.767527,0.143066623,0,0.004583413,0,0,0.04910558,0.009676095,0.007197656,0.068072175,0.573053973,0.00078209,0.089970704,0.002037073,0.052454618
506647,Kaukapakapa,3.23318009,0,0,0.010152284,0,0,0.003384095,0,0.016920474,0.001692047,0.871122391,0,0.08037225,0,0.016356458
506648,Helensville South,16.0501024,0,0,0.053543241,0,0,0.001894218,0,0.025614042,0.048197335,0.697030286,0.012417654,0.136046977,0,0.025256246
506652,Rewiti,77.8000702,0.151473621,0,0.024108695,0,0,0.001121335,0.01046579,0.004329598,0.175301982,0.508132791,0.001121335,0.063392785,0.004765672,0.055786398
506653,Riverhead,123.331499,0,0,0.015644497,0,0,0.003911124,0.009498445,0.007766376,0.284301492,0.574451046,0.000279366,0.065688265,0,0.038459389
506654,Muriwai Beach,3.01222444,0.233859775,0,0,0,0,0.003646936,0.052880573,0.164973205,0.150010637,0.236746933,0.006929179,0.058776453,0.019602281,0.072574028
506655,Muriwai Valley,32.6800682,0.042690712,0,0.001196936,0,0,0.026532078,0.02014842,0.009974465,0.062918928,0.508597989,0.000239387,0.144928982,0.005386211,0.177385892
506656,Waitakere West,20.1516928,0.039235891,0,0.002377933,0,0,0.034876347,0.033984623,0.007926443,0.03725428,0.304672638,0.007133798,0.25778773,0.019023462,0.255726855
506657,Point Wells,0.53726678,0,0,0.261008802,0,0,0.082266385,0,0.3426168,0.014957524,0.029915049,0.261756678,0,0,0.007478762
506658,Omaha,4.85130017,0.469410833,0,0,0,0,0.009499039,0.006785028,0.145199593,0.045459686,0.099966075,0.13230804,0.030532625,0.005428022,0.05541106
506659,Matakana,0.88838324,0,0,0.015656355,0,0,0,0,0.165261529,0.015656355,0.706878235,0,0,0,0.096547525
506660,Cape Rodney,420.243104,0.202300929,0,0.003091863,0,0,0.022939629,0.017952753,0.007701953,0.132152209,0.481209769,0.009475064,0.024934379,0.005984251,0.092257202
506661,Cape Rodney South,182.479238,0.225173966,0,0.009861634,0,0,0.0093426,0.028131607,0.010985667,0.174914238,0.315390613,0.028892856,0.042115849,0.002422156,0.152768815
506800,Helensville,5.4876974,0,0,0.010796688,0,0,0.016283529,0,0.203662108,0.050148549,0.592081586,0.042836975,0.077110769,0,0.007079795
506901,Awaruku,1.33911698,0,0,0,0,0,0,0.019678362,0.674740802,0.050534034,0.084184034,0,0.121349349,0,0.049513418
506902,Glamorgan,1.02134286,0,0,0,0,0,0,0.013916563,0.922367099,0,0,0,0.034254391,0,0.029461948
506903,Torbay,1.6865823,0.241238461,0,0,0,0,0,0.027149023,0.608536312,0,0.092435959,0,0.015805243,0,0.014835002
507000,Waiake,1.42949482,0.041266764,0,0,0,0,0,0.002300586,0.924882375,0.001917155,0,0,0.024550863,0.003286552,0.001795706
507101,Browns Bay,1.66384782,0.196407154,0,0,0,0,0,0.031015527,0.741845359,0.014000064,0,0,0.006650031,0.00225001,0.007831854
507102,Oaktree,1.4327258,0,0,0,0,0,0,0.008046413,0.942656583,0,0,0,0,0.003280245,0.046016758
507200,Rothesay Bay,1.714529,0.143209113,0,0,0,0,0,0.003898952,0.823495078,0,0,0,0,0,0.029396858
507300,Murrays Bay,1.64995868,0.141690414,0,0,0,0,0,0.004188877,0.775961591,0,0,0,0,0,0.078159119
507400,Mairangi Bay,1.72659629,0.068042801,0,0,0,0,0,0.011448112,0.877150923,0,0,0,0.019036121,0.007931717,0.016390327
507500,Campbells Bay,1.70717449,0.146617643,0,0,0,0,0,0.061339238,0.670078346,0.000715063,0,0,0.025885269,0.011679357,0.083685085
507710,Castor Bay,1.08152937,0.299296321,0,0,0,0,0,0.023514484,0.599426657,0.005633077,0,0.006571923,0.031732999,0,0.03382454
507720,Crown Hill,0.9303302,0,0,0,0,0,0.004137645,0.012183066,0.9765725,0,0,0.006034066,0,0,0.001072723
507800,Lake Pupuke,1.74809311,0.264346572,0,0,0,0,0.001746303,0.009561007,0.628095734,0,0,0.096250384,0,0,0
507900,Westlake,3.65961691,0,0,0,0,0,0.018384804,0.018217289,0.821619452,0.016335787,0,0.077247014,0,0.031876872,0.016318782
508010,Takapuna Central,2.29068779,0.114828687,0,0,0,0,0.015226252,0.011575381,0.590002984,0,0,0.260785159,0,0.003790768,0.003790768
508020,Hauraki,1.76159713,0.163263412,0,0,0,0,0.091424973,0,0.650074625,0,0,0.081631706,0,0.009894752,0.003710532
508110,Seacliffe,1.36427077,0.208238313,0,0,0,0,0.045903453,0,0.728060088,0,0,0,0,0.012458703,0.005339444
508120,Bayswater,0.97423461,0.031065231,0,0,0,0,0.058478448,0.002426971,0.361288988,0,0,0.527324592,0,0.019415769,0
508210,Kaipatiki,1.48982382,0,0,0,0,0,0.020235721,0,0.818698816,0,0,0,0,0,0.161065463
508220,Windy Ridge,1.83025398,0,0,0,0,0,0,0.008232276,0.526117005,0,0,0,0,0,0.465650719
508310,Glenfield Central,1.38326657,0,0,0,0,0,0,0.005624631,0.976290685,0.018084685,0,0,0,0,0
508320,Glenfield North,2.03080068,0,0,0,0,0,0,0,0.987733286,0,0,0,0,0.012266714,0
508411,Glendhu,2.11395965,0,0,0,0,0,0.015920883,0.004182717,0.589522409,0.008365435,0.004182717,0.003485598,0.036250218,0,0.338090021
508412,Witheford,1.00979534,0,0,0,0,0,0.078531794,0,0.70363301,0,0,0.020644132,0,0,0.197191065
508420,Target Road,2.42749332,0,0,0,0,0,0,0.004374819,0.946964266,0,0,0.001093705,0,0.046291221,0.001275989
508510,Forrest Hill,1.71978485,0,0,0,0,0,0,0,0.942762181,0,0,0.009438689,0,0.042351114,0.005448017
508520,Sunnynook,2.01758925,0,0,0,0,0,0,0,0.893591513,0,0.006143746,0,0,0.071941155,0.028323586
508610,Monarch Park,1.57411366,0,0,0,0,0,0,0.016944366,0.841017605,0.004463315,0,0,0,0,0.137574714
508620,Sunnybrae,1.33414541,0,0,0,0,0,0,0.011753867,0.942506336,0.017389867,0,0,0,0.015756787,0.012593144
508701,Albany,7.78445942,0,0,0,0,0,0.000988762,0.022741518,0.337514002,0.024389454,0.194179447,0.006723579,0.188347323,0.006618425,0.21849749
508703,Fairview,1.60200184,0,0,0,0,0,0,0.041660215,0.462267828,0,0.202267043,0,0.073132377,0.026261039,0.194411499
508704,Northcross,1.29997579,0,0,0,0,0,0,0.005247956,0.811116517,0.004263964,0.142432434,0,0,0.033385825,0.003553304
508803,Unsworth Heights,1.80867053,0,0,0,0,0,0,0.012416783,0.842032724,0.002328147,0.04019631,0,0.047144971,0.009700611,0.046180454
508804,Pinehill,1.63411422,0,0,0,0,0,0,0,0.918024363,0.003092853,0.030960746,0,0,0.031594352,0.016327686
508805,Windsor Park,2.68602155,0,0,0,0,0,0,0,0.791489544,0.036433109,0.071891227,0.043678329,0,0.042554581,0.01395321
508806,North Harbour West,2.88130295,0,0,0,0,0,0.010147938,0,0.588130006,0.011893383,0.097489787,0.046031045,0.062560586,0,0.183747256
508807,North Harbour East,5.16259853,0,0,0,0,0,0,0.002752222,0.756883705,0.018702002,0.088580137,0.048026269,0.022116067,0.011928478,0.051011119
508900,Long Bay,10.4540824,0.152736769,0,0,0,0,0.011870733,0.031655289,0.08008155,0.081301334,0.470397594,0,0.106308532,0.004748293,0.060899906
509000,Paremoremo East,13.7555118,0,0,0.010693451,0,0,0.021275512,0.027847529,0.121014223,0.037092909,0.447498655,0.05161818,0.159221033,0,0.123738507
509100,Greenhithe,9.12666844,0,0,0,0,0,0.024741623,0.012266345,0.475708267,0.026168203,0.03091748,0.149815659,0.089245525,0.01698417,0.174152727
509300,Narrow Neck,1.73300384,0.172438882,0,0,0,0,0.056224681,0.010302952,0.715029125,0,0,0.045040341,0,0.000964019,0
509400,Mt Victoria,1.84149925,0.328637367,0,0,0,0,0.009265796,0,0.649177072,0,0,0.001507655,0,0.01141211,0
509500,Stanley Bay,1.05776008,0.351407951,0,0,0,0,0.027492118,0,0.420325374,0,0,0.14854675,0,0.052227808,0
509701,Ocean View,1.38202231,0,0,0,0,0,0,0,0.882198401,0.035563737,0,0,0,0,0.082237862
509702,Tuff Crater,2.02721218,0,0,0,0,0,0.128712601,0.052191752,0.529941166,0,0,0.218674751,0,0.038589662,0.031890068
509800,Northcote South,1.76240916,0.393132219,0,0,0,0,0.010241084,0.017654497,0.469842925,0,0,0.010327143,0,0.035571272,0.06323086
510010,Beachhaven North,1.80836674,0,0,0,0,0,0.026816839,0.004199576,0.626687219,0,0,0.284571282,0,0,0.057725084
510020,Beachhaven South,1.86035497,0.299074448,0,0,0,0,0,0.011989622,0.499239153,0.004377163,0,0.018650522,0,0,0.166669092
510210,Birkdale North,1.0067602,0,0,0,0,0,0.078915777,0,0.840524148,0,0,0,0,0,0.080560075
510220,Birkdale South,1.38362038,0,0,0,0,0,0,0,0.836345477,0.004463567,0,0,0,0,0.159190956
510401,Kauri Park,1.89519795,0,0,0,0,0,0,0,0.689936221,0.024601298,0,0,0,0,0.285462481
510402,Chelsea,3.27585252,0.239220768,0,0,0,0,0.0027717,0,0.31217256,0.000395957,0,0.014043278,0,0,0.431395737
510500,Birkenhead East,1.62291411,0.172346294,0,0,0,0,0,0.009175139,0.599978607,0,0,0.004779607,0,0,0.213720353
510700,Henderson North,2.05829531,0,0,0.00232504,0,0,0.018290314,0.012568403,0.957516083,0,0,0,0,0,0.00930016
510800,Henderson South,3.12168554,0,0,0,0,0,0.008847591,0.010918139,0.95197906,0.019693025,0,0,0,0,0.008562185
511001,Tangutu,1.24476503,0,0,0.004706702,0,0,0,0.006354048,0.825314983,0.020121151,0,0,0.123138226,0,0.020364891
511002,Woodglen,1.42717983,0,0,0,0,0,0,0,0.957363599,0,0,0,0.007457227,0,0.035179174
511100,Glen Eden East,2.50777717,0,0,0,0,0,0,0.026098914,0.942671316,0.005595479,0,0,0.008393219,0,0.017241071
511301,New Lynn North,0.67068121,0,0,0,0,0,0.072069526,0,0.81912594,0.017494664,0,0.072894434,0,0,0.018415436
511302,New Lynn South,0.68927259,0,0,0,0,0,0,0,0.973266632,0,0,0,0,0,0.026733368
511303,Lynnmall,1.70548666,0,0,0,0,0,0.035434617,0,0.959329058,0.002618162,0,0.001832714,0,0,0.000785449
511401,Fruitvale,1.2961727,0,0,0,0,0,0,0.016666492,0.974893425,0,0,0,0,0,0.008440083
511402,Rewarewa,1.31758508,0,0,0,0,0,0,0,0.976497133,0.012662769,0,0,0.009151729,0,0.001688369
511601,Glendene North,1.46570318,0,0,0,0,0,0.03688677,0,0.885409734,0,0,0.022188122,0.01008551,0,0.045429865
511602,Glendene South,1.09854209,0,0,0,0,0,0.040037149,0,0.895320782,0,0,0.035532776,0,0,0.029109293
511700,Kelston Central,1.58018547,0,0,0,0,0,0.030062987,0,0.889790626,0,0,0.072976347,0,0,0.00717004
511800,Sunnyvale,2.66141045,0,0,0,0,0,0,0.004514436,0.825494318,0.057408575,0,0,0.09673791,0,0.01584476
511901,Kaurilands,1.50751952,0,0,0,0,0,0,0.011102823,0.603460397,0,0,0,0.222525689,0,0.162911091
511902,Crum Park,1.99287354,0.028845178,0,0,0,0,0,0.02858726,0.742086171,0,0,0,0.130059325,0.005803172,0.064618893
512000,Titirangi South,4.29506585,0.428778558,0,0,0,0,0.020005465,0.06584476,0.149980232,0,0.011026634,0,0.103090031,0.011341681,0.209932638
512100,Green Bay,2.1683843,0.297105706,0,0,0,0,0,0.013546037,0.581257487,0.023617517,0,0,0.029836286,0.006659074,0.047977892
512201,Matipo,1.10854004,0,0,0,0,0,0.098618434,0.003466716,0.744652997,0,0,0.153261853,0,0,0
512202,Durham Green,1.60775632,0.20962262,0,0,0,0,0.080979018,0,0.704762159,0,0,0.004636203,0,0,0
512300,Te Atatu Central,2.74463029,0.00698806,0,0.015694018,0,0,0.18101744,0.008662282,0.607771253,0.002984484,0,0.163707433,0,0.013175031,0
512401,Edmonton,1.06446821,0,0,0,0,0,0,0,0.985241184,0,0,0.006681852,0,0.008076964,0
512402,Wakeling,1.36289221,0,0,0,0,0,0.054973361,0.01209238,0.83973587,0.010678985,0,0.064664397,0,0.017855006,0
512500,Mcleod,2.08022261,0,0,0.006357622,0,0,0.085397627,0.015717453,0.867132132,0,0,0.014269328,0,0,0.011125838
512600,Konini,1.97178174,0,0,0,0,0,0,0.010512837,0.364037543,0,0.059522119,0,0.241885246,0,0.324042256
512700,Waima,3.49722017,0.00093135,0,0.002794049,0,0,0.018859829,0.006985122,0.156210605,0.003259723,0.056832281,0,0.369110461,0,0.385016581
512801,Laingholm,4.33396575,0.232280097,0,0,0,0,0.035161438,0.119853694,0.149408896,0.001632884,0.02575758,0,0.23511665,0.003918922,0.196869839
512802,Armour Bay,1.47866857,0.132168508,0,0,0,0,0.04053112,0.105056663,0.055446572,0,0.076645506,0,0.394337687,0,0.195813946
512902,Otimai,16.8063931,0,0,0.061906778,0,0,0,0.052137735,0.044071854,0.017659793,0.191705344,0,0.173767277,0,0.45875122
512903,Parrs Park West,0.71246448,0,0,0,0,0,0,0,0.891790073,0.011678994,0.095569871,0,0,0,0.000961062
512904,Parrs Park,0.58041013,0,0,0,0,0,0,0,0.964160156,0,0.005173933,0,0,0,0.030665911
512905,Oratia West,0.7930335,0,0,0.2683329,0,0,0,0.067353193,0.157745974,0.012794031,0.454976418,0,0.029201961,0,0.009595523
512906,Oratia,1.05996787,0,0,0.222030887,0,0,0,0.003920184,0.540145291,0.012021897,0.107289603,0,0.016609325,0,0.097982813
513011,Henderson West,0.73002975,0,0,0,0,0,0,0.089109188,0.910890812,0,0,0,0,0,0
513012,Palm Heights,1.33993848,0,0,0.075266172,0,0,0,0.109965686,0.465883377,0.011505657,0.320120622,0,0.002876414,0,0.014382071
513013,McLaren Park,0.77535837,0,0,0.016449621,0,0,0,0.002074571,0.803675714,0.005953118,0.137833885,0,0.03401309,0,0
513020,Opanuku,22.6048611,0,0,0.029323224,0,0,0.001830931,0.04888695,0.027629789,0.008925786,0.201198607,0,0.189295329,0,0.492909384
513101,Swanson,2.52734164,0,0,0.049001466,0,0,0,0.036406542,0.27975172,0.014256707,0.328374238,0,0.17862735,0.019753269,0.093828708
513102,Swanson South,8.58853692,0,0,0.010149197,0,0,0,0.131094175,0.039656021,0.026582307,0.360799927,0,0.183065298,0.003254976,0.245398097
513211,Urlich,0.63365632,0,0,0,0,0,0,0,0.763091586,0.006402254,0.152101403,0,0.048016904,0,0.030387853
513212,Starling Park,0.7558127,0,0,0,0,0,0.003022714,0,0.851960208,0.009068143,0.041240307,0,0,0,0.094708626
513213,Ranui Domain,0.84949836,0,0,0,0,0,0,0,1,0,0,0,0,0,0
513214,Ranui South,0.98688831,0,0,0.01487648,0,0,0,0.034539305,0.74838001,0,0.191581703,0,0.008358691,0.002263812,0
513220,Sturges North,3.75850257,0,0,0.025153718,0,0,0.002279301,0.072457607,0.503865853,0.032480043,0.311339548,0.013675808,0.015955109,0,0.022793013
513301,Kingdale,2.71824251,0,0,0.036227032,0,0,0.135820302,0.033568117,0.742240577,0,0,0.019666834,0,0.032477139,0
513302,Fairdene,1.91612306,0,0,0,0,0,0,0,1,0,0,0,0,0,0
513410,Whenuapai West,17.5732606,0.049374702,0,0.100565035,0,0,0.035400131,0.001959314,0.170941595,0.008229117,0.492993208,0.124582487,0,0.011028136,0.004926274
513420,Herald,1.90935458,0,0,0.008375404,0,0,0.053044227,0,0.32685015,0.011167206,0.210036526,0.363771724,0,0.021171161,0.005583603
513431,Hobsonville East,5.85335185,0.122835172,0,0.046120058,0,0,0.039262708,0.00206147,0.283679245,0.015354396,0.363105874,0.108867398,0,0.017547882,0.001165797
513432,Hobsonville South,0.85694262,0,0,0.005854226,0,0,0.124143277,0,0.442779794,0.016099122,0.263727602,0.122417948,0,0.00439067,0.020587362
513511,Westgate,1.09555709,0,0,0.063482759,0,0,0,0,0.830464685,0.011079015,0.050873784,0,0,0.036186175,0.007913582
513512,Royal Road West,0.89651517,0,0,0,0,0,0,0.013122865,0.906621631,0.008762289,0.01133544,0,0,0.033335093,0.026822683
513521,West Harbour,1.65139324,0,0,0,0,0,0.00980902,0.005027123,0.818967135,0.015612691,0.058807412,0,0.041937454,0.016354206,0.033484959
513522,Lucken Point,1.86885852,0,0,0.018691884,0,0,0.045675047,0.015252058,0.499050235,0,0.115538592,0.249206582,0.002336486,0.021927731,0.032321383
513530,Royal Heights,2.46776856,0,0,0,0,0,0.141389341,0.022540723,0.670860142,0.009139524,0.013107069,0.044209789,0.046119338,0.010807849,0.041826225
513610,Massey West,2.91711206,0,0,0.007532246,0,0,0,0,0.058229666,0.05146001,0.849074471,0.003063964,0.030639643,0,0
513621,Birdwood West,5.11730948,0,0,0.009046264,0,0,0,0.039436426,0.056494633,0.044309073,0.479872164,0.002467163,0.296531455,0,0.071842822
513622,Birdwood East,1.74957793,0,0,0.007257112,0,0,0,0.019684917,0.363029578,0.07239853,0.45834929,0,0.013931064,0,0.065349509
513631,Waimumu North,1.72812018,0,0,0,0,0,0,0.029380359,0.840695469,0.026580952,0.063081052,0,0.011284064,0.013141233,0.01583687
513632,Waimumu South,1.31648955,0,0,0.003900531,0,0,0.104346167,0.05437758,0.765546699,0,0.009263761,0,0,0.007041851,0.055523411
513701,Taupaki,14.4093157,0,0,0.053180871,0,0,0,0.001916428,0.003952632,0.027357007,0.886044413,0,0.026111328,0,0.001437321
513702,Waitakere,13.9960937,0,0,0.007566282,0,0,0,0.073192965,0.048298097,0.058512577,0.45550456,0,0.207272878,0.005296397,0.144356245
513800,Karekare,184.047951,0.238332183,0,0.003362034,0,0,0.012447457,0.041369488,0.017366353,0.005539277,0.066638823,0.005491525,0.160015997,0.01537627,0.434060593
514000,Freemans Bay,1.00198276,0,0,0,0,0,0.018283922,0,0.960775613,0,0,0,0,0.020940465,0
514101,Auckland Harbourside,1.88795082,0.535785187,0,0,0,0,0,0,0.448225754,0.004722863,0,0.003809668,0,0.007456529,0
514102,Auckland Central West,1.16670155,0.009181351,0,0,0,0,0.013627332,0,0.956316329,0.000765113,0,0,0,0.020109875,0
514103,Auckland Central East,0.9256949,0,0,0,0,0,0.063739164,0,0.866317888,0.052019434,0,0,0,0.017923513,0
514200,Newton,0.43238516,0,0,0,0,0,0.045359059,0,0.638933161,0,0,0,0,0.315707779,0
514301,Grafton West,0.52821622,0,0,0,0,0,0.07473681,0,0.83139508,0.004839769,0,0,0,0.089028341,0
514302,Grafton East,0.39729157,0,0,0,0,0,0.079464173,0,0.770194554,0,0,0,0,0.150341273,0
514401,Roberton,1.45848404,0,0,0,0,0,0.013915344,0,0.949006351,0,0,0,0,0,0.037078305
514402,Glenavon,1.73392928,0,0,0,0,0,0.025297301,0.030035657,0.944667042,0,0,0,0,0,0
514500,New Windsor,1.81563394,0,0,0,0,0,0,0.001770097,0.998229903,0,0,0,0,0,0
514600,Avondale South,1.45430103,0,0,0,0,0,0,0.028462771,0.952748752,0,0,0,0,0,0.018788477
514700,Blockhouse Bay,2.45020346,0.164570922,0,0,0,0,0,0.038086815,0.655760217,0,0,0,0.021637221,0,0.119944826
514801,Rosebank,3.57659312,0.214179028,0,0,0,0,0.310341722,0.010710773,0.268015706,0,0,0.162920329,0,0.032642356,0.001190086
514802,Avondale West,1.59227585,0,0,0,0,0,0.04252952,0.009059055,0.911741607,0,0,0.032209975,0,0,0.004459843
514900,Waterview,1.11842554,0,0,0,0,0,0.111431146,0,0.780797522,0,0,0.023955403,0.013830711,0.004034594,0.065950623
515001,Point Chevalier West,1.2556831,0.23239575,0,0,0,0,0.026598026,0.013465248,0.657736089,0,0,0.028974328,0.002856265,0.03075075,0.007223544
515002,Point Chevalier East,1.46032296,0.055933255,0,0,0,0,0.039333288,0.020141103,0.746377652,0.023279108,0,0.093365003,0,0.010719115,0.010851475
515003,Point Chevalier South,1.28569581,0,0,0,0,0,0.000458608,0.001070086,0.92994363,0.01246581,0,0,0.003891223,0.032789111,0.019381532
515100,Westmere,2.11216779,0.070324417,0,0,0,0,0.053527463,0.018840357,0.767755687,0.013726238,0,0.060660922,0,0,0.015164916
515201,Herne Bay,0.81995893,0.378927211,0,0,0,0,0,0,0.615789272,0,0,0,0,0,0.005283517
515202,St Marys,0.94093754,0.408723581,0,0,0,0,0,0,0.447857601,0,0,0,0,0.12164989,0.021768928
515301,Ponsonby West,0.70715548,0,0,0,0,0,0,0,0.958429031,0,0,0,0,0,0.041570969
515302,Ponsonby East,0.71636013,0,0,0,0,0,0,0,1,0,0,0,0,0,0
515410,Grey Lynn West,0.83141231,0,0,0,0,0,0,0,1,0,0,0,0,0,0
515420,Grey Lynn East,0.78480526,0,0,0,0,0,0.03112827,0.00316529,0.932987543,0,0,0,0,0.032718897,0
515431,Surrey Crescent,1.22261687,0,0,0,0,0,0,0.007672593,0.81723873,0.053919975,0,0.040178784,0,0.047179885,0.033810034
515432,St Lukes North,0.20062894,0,0,0,0,0,0,0,0.78028909,0,0,0,0,0.173979636,0.045731274
515500,Arch Hill,0.4987699,0,0,0,0,0,0,0.040007156,0.828697402,0,0,0,0,0.131295442,0
515600,Eden Terrace,0.46808753,0,0,0,0,0,0,0,0.915135155,0,0,0,0,0.084864845,0
515700,Epsom North,1.37378191,0,0,0,0,0,0,0,0.826201658,0.15345485,0,0,0,0.020343492,0
515801,Epsom Central,1.10585421,0,0,0,0,0,0,0,1,0,0,0,0,0,0
515802,Epsom South,0.95136673,0,0,0,0,0,0,0,0.987404984,0,0,0,0,0,0.012595016
515901,Parnell East,0.88320539,0.005775189,0,0,0,0,0.048650573,0.022869748,0.626342313,0,0,0.269449797,0,0.012474408,0.014437972
515902,Parnell West,2.10836312,0.015847179,0,0,0,0,0.137126054,0.010776082,0.745222248,0.0011045,0,0.061504663,0,0.022608642,0.005810632
516001,Mt Hobson,0.90348143,0,0,0,0,0,0,0,0.993424226,0,0,0,0,0,0.006575774
516002,Remuera South,1.12141735,0,0,0,0,0,0,0,1,0,0,0,0,0,0
516003,Abbotts Park,1.8792085,0,0,0,0,0,0,0,1,0,0,0,0,0,0
516101,Remuera West,0.91477147,0,0,0,0,0,0.02159583,0,0.97840417,0,0,0,0,0,0
516102,Waitaramoa,1.56202446,0,0,0,0,0,0.03264184,0,0.887184772,0.039863809,0,0.040309579,0,0,0
516201,Orakei South,1.3547385,0,0,0,0,0,0.030695412,0.011561488,0.636519541,0,0,0.307701351,0,0.013522208,0
516202,Waiata,1.37117997,0,0,0,0,0,0,0,0.99909249,0,0,0.00090751,0,0,0
516301,Meadowbank North,2.26644901,0,0,0,0,0,0,0.042806597,0.897350053,0,0,0.044469806,0,0,0.015373544
516302,Meadowbank South,2.50207381,0,0,0,0,0,0.018360196,0,0.936155178,0.013770147,0.026073289,0.000417277,0,0,0.005223913
516400,Orakei North,3.03295759,0.329251195,0,0,0,0,0.003443814,0.027691651,0.404622989,0,0,0.192721769,0,0.029311938,0.012956644
516500,Mission Bay,2.13064556,0.124154558,0,0,0,0,0,0.079493405,0.747206707,0,0,0.018921453,0,0,0.030223877
516601,Kohimarama West,1.07423751,0.086101215,0,0,0,0,0,0,0.904480348,0,0,0,0,0,0.009418437
516602,Kohimarama East,1.30684444,0.02216164,0,0,0,0,0,0.001561901,0.907797629,0,0,0,0,0,0.06847883
516700,St Heliers,1.82229146,0.33021955,0,0,0,0,0,0,0.635763861,0,0,0,0,0,0.034016589
516800,Glendowie,2.04095233,0.243471826,0,0,0,0,0,0,0.732020525,0,0,0,0,0,0.024507649
516900,Glen Innes North,2.47985033,0.325420446,0,0,0,0,0,0.029726445,0.594374239,0,0,0.047113612,0,0,0.003365258
517001,Glen Innes West,1.80097661,0,0,0,0,0,0,0,0.992878256,0,0,0,0,0,0.007121744
517002,Glen Innes East,1.13323698,0,0,0,0,0,0.022926298,0.027666734,0.770059457,0,0,0.17934751,0,0,0
517100,Point England,1.49260636,0,0,0,0,0,0.006826781,0,0.661347185,0,0,0.331826034,0,0,0
517201,St Johns,0.90143622,0,0,0,0,0,0,0.007363466,0.943242428,0,0,0,0,0,0.049394105
517202,Stonefields,1.06200736,0,0,0,0,0,0,0,0.730614319,0,0.226215765,0.006898519,0,0,0.036271397
517400,Newmarket,0.7287156,0,0,0,0,0,0.021949661,0,0.949849368,0.004463463,0,0,0,0.023737508,0
517500,Kingsland,1.26030976,0,0,0,0,0,0,0.016803247,0.939746476,0,0,0,0,0.043450277,0
517600,St Lukes,1.17931321,0,0,0,0,0,0,0.011174228,0.956728716,0,0,0,0,0.015433622,0.016663433
517701,Sandringham North,0.81960954,0,0,0,0,0,0,0.01399019,0.98600981,0,0,0,0,0,0
517702,Sandringham West,1.05581804,0,0,0,0,0,0,0,1,0,0,0,0,0,0
517703,Sandringham East,0.71528839,0,0,0,0,0,0,0,1,0,0,0,0,0,0
517800,Mt Albert Central,1.93587196,0,0,0,0,0,0,0.002728318,0.9762803,0.007219413,0,0,0,0.003995037,0.009776933
517901,Springleigh,1.06304109,0,0,0,0,0,0,0,0.951463895,0,0,0,0,0,0.048536105
517902,Owairaka West,0.81915219,0,0,0,0,0,0,0.014703456,0.959226561,0,0,0,0,0,0.026069983
517903,Owairaka East,1.19256363,0,0,0,0,0,0,0,0.974210036,0,0,0,0,0,0.025789964
518101,Mt Eden North,0.90383347,0,0,0,0,0,0,0,0.975275574,0.016218637,0,0,0,0.008505789,0
518102,Sherbourne,0.86078503,0,0,0,0,0,0,0,0.840548422,0.159451578,0,0,0,0,0
518201,Balmoral,1.39790227,0,0,0,0,0,0,0,1,0,0,0,0,0,0
518202,Mt Eden East,0.73855422,0,0,0,0,0,0,0,1,0,0,0,0,0,0
518301,Maungawhau,1.01103572,0,0,0,0,0,0,0,1,0,0,0,0,0,0
518302,Mt Eden South,1.10592293,0,0,0,0,0,0,0,1,0,0,0,0,0,0
518500,Three Kings,1.81483622,0,0,0,0,0,0,0,0.94487126,0,0,0,0,0.05512874,0
518600,Royal Oak,1.55815002,0,0,0,0,0,0,0,0.97324905,0,0,0,0,0.017195925,0.009555025
518701,Hillsborough West,2.03000624,0.002826846,0,0,0,0,0,0.026673311,0.954057021,0.010553559,0,0,0,0,0.005889263
518702,Hillsborough East,2.16219161,0.153745253,0,0,0,0,0,0.088304853,0.706261506,0.030360994,0,0,0,0.016375634,0.00495176
518801,Walmsley,1.14976183,0,0,0,0,0,0,0,1,0,0,0,0,0,0
518802,Wesley,1.18093826,0,0,0,0,0,0,0,1,0,0,0,0,0,0
518803,Akarana,2.1018123,0,0,0,0,0,0,0,0.999439149,0.000560851,0,0,0,0,0
518901,Lynfield North,2.06410301,0,0,0,0,0,0,0.023495033,0.970829221,0.005675745,0,0,0,0,0
518902,Lynfield South,1.72953683,0.167928819,0,0,0,0,0,0.223564383,0.598239358,0.00044641,0,0,0,0,0.00982103
519001,Waikowhai West,1.42599585,0.159951963,0,0,0,0,0,0.239392516,0.584540416,0.016115105,0,0,0,0,0
519002,Waikowhai East,1.40809256,0.118622145,0,0,0,0,0,0.179667439,0.682162197,0.008885554,0,0,0,0,0.010662665
519200,Mt St John,1.31761327,0,0,0,0,0,0,0,0.988167025,0,0,0,0,0,0.011832975
519300,One Tree Hill Central,3.05794506,0,0,0,0,0,0,0.012931523,0.92873294,0.008621015,0,0,0,0,0.049714522
519400,One Tree Hill East,1.60442181,0,0,0,0,0,0,0,1,0,0,0,0,0,0
519500,Penrose,4.27609054,0,0,0,0,0,0.024156403,0.012078202,0.899815344,0,0,0.015943226,0,0.042209288,0.005797537
519710,Onehunga North West,0.80281577,0,0,0,0,0,0,0,1,0,0,0,0,0,0
519720,Onehunga North East,0.87094743,0,0,0,0,0,0,0,1,0,0,0,0,0,0
519810,Onehunga South West,1.69263717,0.321709582,0,0,0,0,0,0.027656573,0.574788233,0.006442171,0,0.020435891,0,0.045334503,0.003633047
519820,Onehunga South East,1.57018218,0.012932989,0,0,0,0,0,0,0.818727007,0.016628128,0,0.060969804,0,0.090742072,0
519900,Oranga,0.90873386,0,0,0,0,0,0,0,1,0,0,0,0,0,0
520000,Te Papapa,2.52482317,0,0,0,0,0,0,0,0.981767977,0,0,0.018232023,0,0,0
520201,Ellerslie North,1.71725169,0,0,0,0,0,0,0,1,0,0,0,0,0,0
520202,Ellerslie South,1.34919723,0,0,0,0,0,0,0,1,0,0,0,0,0,0
520301,Mt Wellington Domain,2.39334376,0,0,0,0,0,0,0,0.90837164,0,0.051952077,0,0,0,0.039676283
520302,Mt Wellington West,0.98032544,0,0,0,0,0,0,0,0.908026911,0,0.08344715,0.008525939,0,0,0
520303,Mt Wellington North,1.01809447,0,0,0,0,0,0,0.010329423,0.89577496,0,0,0.093895616,0,0,0
520401,Ferndale,1.64554212,0,0,0,0,0,0,0,1,0,0,0,0,0,0
520402,Hamlin,1.36497612,0,0,0,0,0,0,0.000690448,0.934369041,0,0,0,0,0.06494051,0
520500,Mt Wellington South,6.72669417,0,0,0,0,0,0.032244802,0.006162728,0.769091237,0,0,0.15671539,0,0.035785843,0
520601,Tamaki,1.50971839,0,0,0,0,0,0,0.000750767,0.927835227,0,0,0.071414006,0,0,0
520602,Panmure Basin,1.06720652,0,0,0,0,0,0.009173493,0.008194819,0.651808764,0,0,0.330822924,0,0,0
520801,Waiheke Island,91.9784363,0.584654454,0,0.016085861,0,0,0.013069762,0.031166355,0.028150257,0.002154356,0.164363029,0.006032198,0.10204468,0.006032198,0.04624685
520900,Islands-Motutapu Rangitoto Rakino,62.1854953,0.601195934,0,0,0,0,0.000587158,0.015559689,0.001761474,0.017572803,0.215505892,0,0.029798273,0.00616516,0.111853616
521000,Great Barrier Island,277.162098,0.617311408,0,0,0,0,0.005333913,0.052450146,0.000888986,0,0.024891595,0,0.177426695,0.032576458,0.089120799
521111,Paerata-Cape Hill,11.6689927,0,0,0.031661003,0,0,0,0.002779313,0.126458726,0.006021844,0.799148339,0,0.003474141,0,0.030456634
521112,Eden Road-Hill Top,11.8122726,0,0,0.607598482,0,0,0,0,0.048101653,0.003819612,0.332841028,0,0,0,0.007639225
521114,Redoubt,8.31491152,0,0,0.162832504,0,0,0.029023167,0.007096129,0.069116295,0.00402114,0.588471832,0.070015138,0.014192258,0,0.055231537
521115,Opuawhanga,10.7412091,0,0,0.151532922,0,0,0.016396519,0.035889376,0.05573409,0.022987967,0.584809176,0.065679904,0.018296545,0.007037133,0.041636368
521116,Buckland,0.76993441,0,0,0.048241987,0,0,0,0,0.179395077,0,0.76581348,0,0,0,0.006549456
521117,Buckland South,19.8353316,0,0,0.306969441,0,0,0,0.021432509,0.093442119,0.012444683,0.536397106,0.001382743,0.001382743,0,0.026548657
521121,Patumahoe,48.9649215,0,0,0.250183554,0,0,0.004405286,0.005506608,0.00715859,0.004955947,0.690895742,0.00660793,0,0,0.030286344
521122,Kingseat,151.474271,0.223465691,0,0.069220762,0,0,0.009426592,0.001109011,0.018320193,0.003881538,0.590808924,0.071568168,0.002218022,0,0.009981098
521131,Pokeno,53.6259219,0,0,0.116814396,0,0,0.041548865,0.026362039,0.018663559,0.026744097,0.66012073,0.014900283,0.02865439,0.008596317,0.057595324
521132,Hunua,171.823227,0,0,0.037748841,0,0,0.001124035,0.056763765,0.013647283,0.09142151,0.560718147,0.007587236,0.073062272,0.003372105,0.154554806
521134,Paparata,22.4327509,0,0,0,0,0,0,0.015960479,0.001140034,0.025080752,0.665969979,0,0.168155045,0,0.123693711
521135,Mangatawhiri,313.364434,0,0,0.030790284,0,0,0.035408827,0.042593226,0.001026343,0.078002053,0.500171057,0.010263428,0.078515224,0,0.223229559
521136,Kaiaua,81.332165,0.167539267,0,0.00104712,0,0,0.009424084,0.021465969,0.003141361,0.02617801,0.454450262,0.003141361,0.065968586,0.002094241,0.245549738
521151,Awhitu,221.324998,0.433338952,0,0.007079049,0,0,0.003033878,0.008090342,0.008595989,0.014158099,0.405022754,0.048879151,0.021237148,0.016180684,0.034383954
521152,Glenbrook,52.9534716,0,0,0.153870216,0,0,0.016422472,0.002226776,0.028903021,0.010020492,0.608002609,0.161626819,0,0.00556694,0.013360656
521153,Otaua,175.080721,0.072513903,0,0.062302404,0,0,0.031002321,0.007356483,0.005893944,0.058851863,0.620992249,0.065420152,0.017865744,0.012611114,0.045189824
521160,Bombay,14.6256181,0,0,0.329217267,0,0,0.00244923,0.013470762,0.010409225,0.025308705,0.55770997,0.003673844,0.003061537,0.012858455,0.041841004
521201,Hingaia,7.43891394,0,0,0.026385039,0,0,0.084504341,0,0.21272856,0.001808112,0.416442987,0.257710025,0,0,0.000420936
521202,Whangapouri Creek,15.6445274,0,0,0.02583651,0,0,0.017153748,0.002541296,0.020542143,0.004447268,0.769906819,0.159572215,0,0,0
521203,Bremner,6.64352868,0,0,0.089735216,0,0,0.04894572,0,0.026231389,0.005451439,0.761669095,0.067967141,0,0,0
521301,Drury,53.0092086,0,0,0.031341166,0,0,0,0.034900459,0.037819068,0.028875975,0.664628801,0.003739335,0.017450229,0.014957339,0.166287628
521302,Runciman,7.68685838,0,0,0.071725042,0,0,0,0,0.025409923,0.003718525,0.894684279,0,0,0,0.00446223
521501,Mellons Bay,1.42818989,0.222860699,0,0,0,0,0,0.069077262,0.708062039,0,0,0,0,0,0
521502,Cockle Bay,1.9608949,0.09302144,0,0,0,0,0,0.061818695,0.751855685,0,0,0.091087499,0,0,0.002216681
521601,Howick West,0.78891543,0,0,0,0,0,0,0.011247579,0.988752421,0,0,0,0,0,0
521602,Howick Central,1.83327477,0,0,0,0,0,0,0,0.997229053,0,0,0,0,0,0.002770947
521801,Otahuhu North,0.66410225,0,0,0,0,0,0.04348322,0,0.95651678,0,0,0,0,0,0
521802,Fairburn,0.89968663,0,0,0,0,0,0.080623769,0,0.819222677,0,0,0.100153554,0,0,0
521803,Otahuhu East,0.782939,0,0,0,0,0,0.085313707,0,0.387429821,0,0.091977557,0.430739802,0.004539113,0,0
521901,Otahuhu West,2.43895312,0,0,0,0,0,0.00469709,0,0.963944279,0,0,0.001492565,0,0.022056769,0.007809298
521902,Middlemore,0.706865,0,0,0,0,0,0.067294025,0,0.839923211,0,0,0.015966594,0,0,0.07681617
522100,Papatoetoe West,1.4336096,0,0,0.014640822,0,0,0,0,0.97094712,0.00480402,0,0,0,0.009608039,0
522201,Papatoetoe North,1.39375913,0,0,0,0,0,0.006761101,0,0.993238899,0,0,0,0,0,0
522202,Papatoetoe Central,1.42064237,0,0,0,0,0,0,0,1,0,0,0,0,0,0
522301,Dingwall,1.07865608,0,0,0,0,0,0,0,0.961616646,0,0,0.005271174,0,0.026836972,0.006275208
522302,Papatoetoe East,1.46545163,0,0,0,0,0,0,0,0.963310422,0,0,0,0,0.036689578,0
522400,Puhinui North,1.00156907,0,0,0,0,0,0,0,1,0,0,0,0,0,0
522601,Bucklands and Eastern Beaches,2.56452112,0.606617923,0,0,0,0,0,0.013680123,0.31752121,0,0,0.049061439,0,0.006342314,0.006776991
522603,Bleakhouse,0.78494715,0.215310555,0,0,0,0,0,0.134741755,0.644695109,0,0,0,0,0,0.005252581
522604,Bucklands Beach South,0.92113633,0,0,0,0,0,0,0,0.699629019,0,0,0.242621689,0,0.052877526,0.004871766
522711,Pigeon Mountain North,0.99351346,0,0,0,0,0,0,0,1,0,0,0,0,0,0
522712,Murvale,1.12044328,0,0,0,0,0,0,0.022014408,0.938160259,0,0,0,0,0,0.039825333
522721,Pigeon Mountain South,0.42949301,0,0,0,0,0,0,0,1,0,0,0,0,0,0
522722,Highland Park,1.3514165,0,0,0,0,0,0.009429506,0,0.978264989,0.012305505,0,0,0,0,0
522723,Elsmore Park,1.79096607,0,0,0,0,0,0.054195475,0,0.945107429,0,0,0.000697096,0,0,0
522730,Half Moon Bay,1.24882099,0,0,0,0,0,0.038167045,0,0.675686605,0,0,0.279173602,0,0.006972749,0
522810,Pakuranga North,1.4509575,0,0,0,0,0,0.031294029,0,0.916325652,0,0,0.05238032,0,0,0
522820,Sunnyhills,1.62661903,0,0,0,0,0,0.007889718,0.00406722,0.518871195,0,0,0.469171867,0,0,0
522910,Pakuranga Central,1.25607493,0,0,0,0,0,0.030631922,0,0.913192332,0.00840471,0,0.047771036,0,0,0
522920,Edgewater,1.50569218,0,0,0,0,0,0.055610385,0,0.670679381,0,0,0.273710234,0,0,0
523000,Pakuranga East,1.49015974,0,0,0,0,0,0.043983462,0,0.92673199,0.004801338,0,0.022354537,0,0,0.002128672
523101,Howick South,1.52381786,0,0,0,0,0,0,0,0.9925003,0.0074997,0,0,0,0,0
523102,Meadowland,1.84230174,0,0,0,0,0,0.021387316,0.023791768,0.618316967,0.011121404,0.232082927,0.039261001,0,0,0.054038617
523105,Golfland,1.43192315,0,0,0,0,0,0.050262171,0,0.88004995,0,0.069687879,0,0,0,0
523106,Millhouse,1.61671823,0,0,0,0,0,0,0,1,0,0,0,0,0,0
523107,Burswood,0.7834425,0,0,0,0,0,0.162252981,0,0.776139637,0,0.026467106,0.029679167,0,0,0.005461109
523109,Dannemora,1.42107707,0,0,0,0,0,0,0,0.971528604,0,0.026420084,0.002051312,0,0,0
523110,Kilkenny,1.15567162,0,0,0,0,0,0,0.060077104,0.821127458,0.007062439,0.100433096,0,0,0,0.011299903
523112,Highbrook,5.50467962,0,0,0,0,0,0.032021027,0,0.636660443,0.003183542,0.143523773,0.184232222,0.000378993,0,0
523113,Greenmount,3.8170539,0,0,0,0,0,0.001318909,0,0.906043557,0.002956054,0.08968148,0,0,0,0
523114,Point View,4.48854555,0,0,0,0,0,0,0.229886764,0.474585655,0.05511445,0.187123833,0.002056509,0.041901378,0,0.009331411
523115,Baverstock Oaks,1.7275668,0,0,0,0,0,0,0.038241163,0.621250196,0.030670088,0.3070728,0,0,0,0.002765754
523116,Mission Heights,0.83161534,0,0,0,0,0,0,0.051889295,0.547808713,0.019713047,0.299654784,0,0.011167863,0,0.069766298
523201,Shelly Park,0.99917562,0,0,0.030175301,0,0,0.00603506,0.096195301,0.536097107,0,0.093945769,0.210393691,0,0,0.027157771
523202,Turanga,56.4669567,0.039672483,0,0.00227241,0,0,0.03572226,0.024996505,0.021365102,0.199669053,0.454194908,0.055427856,0.076540511,0.009089638,0.081049274
523300,Beachlands-Maraetai,15.7581778,0.116533527,0,0,0,0,0.025410054,0.009230378,0.128263799,0.133071288,0.374267368,0.020768351,0.093420966,0.005768986,0.093265281
523402,Otara West,1.5407556,0,0,0,0,0,0.011689283,0,0.800898538,0.009673889,0.035442137,0.12404835,0,0.016952192,0.00129561
523403,Wymondley,0.35154059,0,0,0,0,0,0.094103534,0,0.770990158,0,0,0.0894135,0,0.045492808,0
523404,Grange,1.06251181,0,0,0,0,0,0.043386244,0,0.926807856,0,0,0.007722333,0,0.003197711,0.018885855
523501,Otara North,1.20986977,0,0,0.056366043,0,0,0.021851305,0,0.86719826,0,0.002957985,0.043957557,0,0,0.007668849
523502,Otara East,1.1811872,0,0,0.004722921,0,0,0.054825941,0,0.933185106,0,0,0,0,0,0.007266032
523601,Otara South,0.80197343,0,0,0,0,0,0,0,0.965939098,0,0,0,0,0.034060902,0
523602,Ferguson,0.98697973,0,0,0,0,0,0,0,0.959723129,0,0.026447268,0,0,0.013829604,0
523711,Rongomai,2.85467062,0,0,0,0,0,0.005091905,0,0.771659982,0,0.217044292,0.006203821,0,0,0
523712,Donegal Park,3.44792192,0,0,0,0,0,0,0.001437404,0.305736614,0,0.659334477,0.000958269,0,0.002874807,0.029658429
523713,Ormiston,9.70751096,0,0,0,0,0,0.000982556,0.013182632,0.170432178,0.019626835,0.706363161,0,0.022991821,0.001965113,0.064455703
523721,Clover Park,0.92206647,0,0,0,0,0,0,0,0.983166939,0,0.00538658,0,0,0.011446482,0
523722,Redoubt North,1.54708873,0,0,0,0,0,0,0,0.907606742,0.004129612,0.052794871,0,0,0.017894984,0.017573792
523813,Ardmore,25.7893513,0,0,0.051494253,0,0,0.006383659,0.023338039,0.111770299,0.018068159,0.646987462,0.007653873,0.00602272,0.00602272,0.122258818
523814,Totara Heights,2.68945839,0,0,0.001679666,0,0,0,0.013913231,0.589847188,0.000979805,0.267201807,0.00195961,0,0,0.124418693
523816,Randwick Park,0.94821404,0,0,0.00531237,0,0,0,0,0.698583461,0,0.286807521,0,0,0,0.009296648
523817,Hyperion,0.50305046,0,0,0.035196342,0,0,0,0,0.683588427,0,0.281215231,0,0,0,0
523818,Redoubt East,5.97016644,0,0,0,0,0,0,0.013833205,0.059003592,0.024279794,0.739486908,0,0.06016088,0,0.103235621
523819,Mill Road,1.57448915,0,0,0,0,0,0,0.028774555,0.480368258,0.052044412,0.396048197,0,0,0,0.042764578
523820,Redoubt South,3.91504662,0,0,0,0,0,0,0.003226407,0.525527958,0.011061968,0.343493529,0,0,0,0.116690139
523911,Takanini North,4.92564897,0,0,0.034921876,0,0,0,0,0.279538765,0.005294058,0.674068899,0,0,0,0.006176401
523912,Takanini South,5.08838436,0,0,0.017971272,0,0,0.039178318,0,0.518126948,0,0.40112064,0.021946484,0,0,0.001656338
523920,Takanini West,2.35377364,0,0,0.004804948,0,0,0.059310345,0,0.769012063,0.01238228,0.011556795,0.142933569,0,0,0
524001,Ambury,3.11488108,0.132956851,0,0,0,0,0,0,0.279114216,0,0.35153249,0.236396443,0,0,0
524002,Mangere Bridge,3.31467179,0.0834667,0,0.021568784,0,0,0.004390788,0,0.635605955,0.004830509,0.044320855,0.193083518,0,0.010036793,0.002696098
524111,Mangere Central,0.98641778,0,0,0,0,0,0,0,0.939437706,0,0.024324133,0,0,0.036238161,0
524112,Mascot,1.24251827,0,0,0,0,0,0,0,0.967086365,0,0,0,0,0.032913635,0
524121,Arahanga,0.71623431,0,0,0,0,0,0,0,0.898889634,0.037776303,0,0,0,0.063334063,0
524122,Viscount,0.94250193,0,0,0.021874483,0,0,0,0,0.942770292,0,0.016041287,0,0,0.019313937,0
524200,Mangere South,28.2369417,0.250073558,0,0.039143816,0,0,0.021698822,0,0.171350698,0.01289039,0.326372659,0.123629633,0.000644519,0.049684268,0.004511636
524301,Mangere East,1.72805749,0,0,0,0,0,0.001591066,0,0.991039789,0,0,0,0,0,0.007369146
524302,Aorere,1.27487391,0,0,0.056766022,0,0,0.016533793,0,0.843755657,0,0.056766022,0,0,0.026178505,0
524303,Kohuora,1.85894158,0,0,0.008661401,0,0,0,0,0.833224731,0.000649605,0.120653311,0,0,0.036810953,0
524402,Mangere Station,1.86983767,0,0,0,0,0,0.069427418,0,0.557211999,0,0,0.3211323,0,0.051106041,0.001122243
524403,Favona West,0.85935988,0,0,0,0,0,0.027719298,0,0.909902772,0,0,0,0,0.062377929,0
524404,Favona North,1.10883861,0,0,0,0,0,0.124244402,0,0.614878408,0,0,0.26087719,0,0,0
524405,Favona South,0.63565015,0,0,0,0,0,0.031697445,0,0.955084011,0,0,0,0,0,0.013218544
524510,Harania North,0.94436821,0,0,0,0,0,0,0,0.95348318,0,0,0,0,0.04651682,0
524520,Harania West,1.11375596,0,0,0,0,0,0,0,0.975759598,0,0,0,0,0.024240402,0
524530,Harania East,1.05990152,0,0,0,0,0,0,0,0.993839081,0,0,0,0,0,0.006160919
524602,Wiri,3.4402944,0,0,0,0,0,0,0,0.959627275,0.006836448,0.021666696,0.001695654,0.005652181,0,0.004521745
524603,Puhinui South,1.65693235,0,0,0,0,0,0,0,0.965731558,0.022389879,0,0,0,0.011878563,0
524604,Manukau Central,16.3807529,0.159862847,0,0.083227564,0,0,0.0308647,0,0.314294074,0.014969974,0.243090411,0.085040442,0.032255096,0.035570857,0.000824035
524711,Burbank,0.64852832,0,0,0,0,0,0,0,0.936057396,0,0.025947724,0,0.037994881,0,0
524712,Homai West,0.47914831,0,0,0,0,0,0,0,0.945701651,0,0.054298349,0,0,0,0
524713,Rowandale,0.68954895,0,0,0,0,0,0,0,0.992099957,0.007900043,0,0,0,0,0
524720,Homai East,1.64768709,0,0,0,0,0,0,0,0.997641441,0.002358559,0,0,0,0,0
524811,Weymouth West,1.22155754,0.121433233,0,0,0,0,0.017568053,0,0.653949483,0,0.076167799,0.111888942,0,0,0.01899249
524812,Weymouth East,1.61044144,0,0,0,0,0,0.070281666,0,0.650870709,0,0.051304459,0.224625377,0,0,0.002917789
524821,Clendon North,0.74928243,0,0,0,0,0,0.128268238,0,0.767828103,0,0,0.103903659,0,0,0
524822,Clendon South,1.05655484,0.042522781,0,0,0,0,0.055573176,0,0.788494459,0,0.012682233,0.097472018,0,0,0.003255333
524901,Hillpark,1.86222535,0,0,0,0,0,0,0.013797642,0.75605823,0,0.184169328,0.003021381,0,0,0.042953419
524902,Manurewa East,0.82854939,0,0,0,0,0,0,0,0.96897145,0,0.03102855,0,0,0,0
525001,Manurewa Central,1.2390125,0,0,0,0,0,0,0,0.97267871,0,0,0,0,0,0.02732129
525002,Beaumont,0.8990028,0,0,0,0,0,0,0,0.982139181,0.017860819,0,0,0,0,0
525101,Leabank,1.94638799,0,0,0,0,0,0,0,1,0,0,0,0,0,0
525102,Wattle Farm,3.14401602,0,0,0,0,0,0.057590647,0,0.495253138,0.000478972,0.034605707,0.411113593,0,0,0.000957943
525201,Clevedon,183.72329,0.113536029,0,0.014103855,0,0,0.015228948,0.031055603,0.007293383,0.164183333,0.460580439,0.018443502,0.061297522,0.002169824,0.112107562
525202,Kawakawa-Orere,105.215853,0.224447869,0,0.002054443,0,0,0.001027221,0.032871084,0.001027221,0.117616846,0.285053929,0,0.068310221,0,0.267591166
525410,Papakura Central,1.07204892,0,0,0,0,0,0,0,0.967427566,0,0.030420303,0,0,0,0.002152131
525420,Papakura North,1.15732587,0,0,0,0,0,0.120453712,0,0.793627024,0,0.034875192,0.051044072,0,0,0
525510,Papakura South,1.95685045,0,0,0.00941005,0,0,0,0,0.769274827,0,0.206165853,0,0,0,0.015149271
525520,Opaheke,1.10862174,0,0,0.165756272,0,0,0,0,0.544150273,0,0.283105796,0,0,0,0.006987659
525530,Rosehill,1.36019977,0,0,0.01873064,0,0,0,0,0.534154115,0,0.424043853,0,0,0,0.023071392
525540,Pahurehure,1.20728515,0,0,0.08349757,0,0,0.044771728,0,0.700554931,0,0.145148064,0.020427753,0,0,0.005599953
525610,Papakura East,1.64645372,0,0,0,0,0,0,0,0.77555089,0,0.200094122,0,0,0,0.024354988
525620,Massey Park,0.71119212,0,0,0,0,0,0,0,1,0,0,0,0,0,0
525630,Papakura North East,1.38059892,0,0,0,0,0,0,0,0.728607725,0,0.271392275,0,0,0,0
525700,Red Hill,1.7287927,0,0,0,0,0,0,0.004773454,0.479652674,0.011933636,0.355000174,0,0.014320363,0,0.134319699
525910,Pukekohe North,5.22202767,0,0,0.012839685,0,0,0,0.002032668,0.434550514,0.011518451,0.527912886,0.002032668,0,0,0.009113128
525921,Pukekohe West,4.42851374,0,0,0.619571629,0,0,0,0,0.333655247,0,0.046773124,0,0,0,0
525922,Bledisloe Park,9.64333555,0,0,0.25186963,0,0,0,0,0.274415513,0.003558427,0.458769464,0,0,0,0.011386967
526103,Waiuku West,2.19849432,0,0,0.076361518,0,0,0.035352555,0,0.355756507,0,0.421490833,0.111038587,0,0,0
526104,Waiuku East,3.15858384,0,0,0.005764564,0,0,0.01561236,0,0.616265345,0,0.309886476,0.052471255,0,0,0
526105,South Waiuku,2.24746871,0,0,0.061527185,0,0,0,0.002809461,0.358125234,0,0.566300278,0.00140473,0,0,0.009833112
526106,Pukeoware,7.71004424,0,0,0.203138162,0,0,0,0.003177758,0.089731303,0.01429991,0.649136457,0,0,0,0.040516411
526200,Tuakau,4.65785846,0,0,0.163577183,0,0,0.011069941,0,0.307952138,0.020062029,0.464917039,0,0,0,0.032421671
526400,Rotowaro,1.27074326,0,0,0,0,0,0.005845674,0.002922837,0,0.160756041,0.215802806,0.014614186,0.07014809,0.529910366,0
526500,Raglan,5.64588429,0.287692986,0,0,0,0,0.019056021,0.012704014,0.275077195,0.021173357,0.345125717,0.017997353,0.015880018,0.005293339,0
526601,Waikato Western Hills,503.558697,0.01568983,0,0.007844915,0,0,0.010982881,0.008890903,0.013074858,0.081064119,0.654788885,0.022837419,0.073742199,0.01014609,0.100937903
526602,Te Uku,462.05059,0.126789193,0,0.001016346,0,0,0.009147116,0.012196155,0.003726603,0.050817312,0.480223596,0,0.076734141,0.010163462,0.229186076
526603,Te Pahu,158.151883,0,0,0.003091721,0,0,0.003091721,0.024733768,0.005152868,0.042253521,0.631569907,0.001030574,0.047921676,0.001030574,0.240123669
526701,Onewhero,736.023352,0.059103261,0,0.033627717,0,0,0.03515625,0.013247283,0.000509511,0.047894022,0.664741848,0.04076087,0.047894022,0.009171196,0.047894022
526702,Te Akau,525.489542,0.062685807,0,0.004586766,0,0,0.020385628,0.013505479,0.004926527,0.055041196,0.650471418,0.024292874,0.062176166,0.008154251,0.093773889
526900,Te Kauwhata,5.46962215,0,0,0.062483929,0,0,0.132681923,0,0.163023914,0.006171252,0.615582412,0.018513757,0.001542813,0,0
527004,Matangi,22.5542882,0,0,0.126546559,0,0,0,0.026165567,0.053897142,0.005973874,0.756142207,0,0.006184382,0.005376486,0.019713783
527005,Sylvester,3.20844801,0,0,0,0,0,0,0.014715864,0.387470906,0,0.554797064,0.03845864,0.004557525,0,0
527006,Flagstaff,2.00106107,0,0,0,0,0,0,0,0.867135403,0,0.090115944,0.025297545,0.017451107,0,0
527007,Horsham Downs,4.02540519,0,0,0.006940395,0,0,0,0,0.380236747,0,0.611140338,0,0.00168252,0,0
527008,Rototuna,1.48613851,0,0,0,0,0,0,0.004990984,0.992014425,0,0,0,0,0,0.002994591
527009,Huntington,3.73848894,0,0,0.005919011,0,0,0.005261343,0.011576284,0.587908138,0,0.337076723,0,0.0522585,0,0
527111,Whitikahu,304.392801,0,0,0.009397515,0,0,0.005220842,0.004176673,0.013226132,0.005220842,0.867268804,0.012477811,0.024537956,0.002088337,0.056385089
527112,Taupiri Community,1.7310273,0,0,0,0,0,0.002725167,0.008175501,0.132533951,0.013625835,0.669755189,0.118681019,0,0.005450334,0.049053004
527122,Gordonton,42.8809816,0,0,0.008897952,0,0,0,0,0.005931968,0.002224488,0.973491519,0,0,0,0.009454074
527123,Kainui,109.206997,0,0,0.012855981,0,0,0.006617049,0.010776337,0.028680182,0.004537405,0.860777283,0.031137943,0.005671757,0.004348347,0.034597715
527124,Newstead,8.22565254,0,0,0.01593916,0,0,0,0.00698287,0.141453927,0,0.83236031,0,0.001442114,0,0.001821618
527125,Eureka,122.157054,0,0,0.023690958,0,0,0.001128141,0.006580822,0.013315478,0.002256282,0.952338901,0,0,0.00056407,0.000125349
527131,Tamahere-Tauwhare,130.004352,0,0,0.045387656,0,0,0.004941398,0.008125855,0.018791692,0.008052649,0.879330101,0.002196177,0.008674899,0,0.024499574
527133,Hautapu,48.9409771,0,0,0.01192093,0,0,0.003606332,0.009516709,0.029620144,0.01582779,0.918989628,0.001202111,0.005710025,0,0.003606332
527134,Swayne,1.26007544,0,0,0.02434999,0,0,0,0,0.283860977,0.004869998,0.686919035,0,0,0,0
527210,Waerenga,458.014068,0,0,0.009680707,0,0,0.072860054,0.005095109,0.005434783,0.037194293,0.712805707,0.077955163,0.01732337,0,0.061650815
527221,Maramarua,267.092421,0.003074508,0,0.034844424,0,0,0.121016052,0.006149016,0.005197383,0.134765935,0.605279532,0.00512418,0.036894096,0.004099344,0.04355553
527222,Meremere,0.56947246,0,0,0,0,0,0.096308649,0,0.169141464,0,0.677976973,0,0.040409224,0,0.016163689
527401,Huntly West,7.33442427,0,0,0,0,0,0.052610857,0.004429352,0.184556327,0.004429352,0.420788425,0.303656676,0.011811605,0.016240957,0.001476451
527402,Huntly East,39.8768872,0,0,0,0,0,0.029235659,0.032155529,0.06153903,0.017740982,0.557547309,0.057288587,0.11032673,0.009979302,0.124186872
527501,Cambridge North,1.81152856,0,0,0.041858955,0,0,0,0.048559151,0.651715834,0.006631122,0.251234937,0,0,0,0
527502,Cambridge West,2.39911543,0,0,0,0,0,0,0.002637159,0.533073804,0,0.438152912,0.02455383,0.001582295,0,0
527503,Cambridge Central,2.535572,0,0,0,0,0,0,0.152355181,0.440777618,0.022177986,0.250326907,0.058726982,0.038157509,0,0.037477817
527504,Leamington West,3.92630128,0,0,0.050050928,0,0,0,0.046138152,0.243981001,0.005217035,0.614469664,0.026462478,0,0.005380067,0.008300675
527505,Leamington East,2.89251788,0,0,0,0,0,0,0.000793772,0.445833546,0,0.517257933,0.017094453,0,0,0.019020296
527600,Ohaupo,1.88769137,0,0,0,0,0,0.002665854,0.001332927,0.091635565,0.016883743,0.848160561,0.035322568,0,0,0.003998781
527700,Kihikihi,2.104412,0,0,0,0,0,0,0,0.52767341,0,0.47232659,0,0,0,0
527810,Peacocke,7.5412718,0,0,0.003684806,0,0,0.013050353,0.002210883,0.125858774,0.009212014,0.767720465,0.029513538,0.016581625,0,0.032167542
527820,Temple View,4.22159788,0,0,0.005358419,0,0,0,0.016968326,0.087729221,0.007144558,0.882799476,0,0,0,0
527912,Te Kowhai,34.1949476,0,0,0.015852553,0,0,0.011078658,0.017222278,0.022963038,0.015107262,0.891892436,0.012085809,0.002417162,0.007755061,0.003625743
527913,Whatawhata,58.1302698,0,0,0.020232619,0,0,0.013812654,0.005252699,0.032474571,0.012450843,0.889707662,0.013423565,0.008170865,0,0.004474522
527914,Ngahinapouri,132.917835,0,0,0.011034283,0,0,0.01178237,0,0.020927774,0.009725131,0.922693183,0.013016714,0.004488522,0,0.006332022
527915,Lake Cameron,36.8420441,0,0,0.037212259,0,0,0.020673477,0.001181342,0.052305304,0.001181342,0.860106658,0.00767872,0.002362683,0.004725366,0.012572849
527916,Horotiu,14.1863192,0,0,0.025707838,0,0,0.001861201,0.030011865,0.039899495,0,0.838168578,0.02966289,0,0.033292232,0.001395901
527917,Te Rapa North,3.88346651,0,0,0.115988676,0,0,0.015218758,0,0.193079719,0.011910332,0.544302182,0.026070394,0,0.091444884,0.001985055
527921,Te Rore,38.5777054,0,0,0.004520625,0,0,0.009041251,0.003390469,0.004520625,0.005650782,0.937841401,0.010171407,0.015257111,0,0.009606329
527922,Pirongia,28.9631933,0,0,0.005197805,0,0,0.005197805,0.006930407,0.05140052,0.010395611,0.895466359,0.012705746,0.004620271,0,0.008085475
527923,Pokuru,57.3615894,0,0,0.005069708,0,0,0.003379806,0.012392621,0.004647233,0.008449514,0.937520537,0.004506408,0.00187767,0,0.022156504
527924,Lake Ngaroto,38.1112556,0,0,0.003529565,0,0,0.013529999,0.002353043,0.012496341,0.008235652,0.940442792,0.012941738,0.001176522,0,0.005294348
527925,Tokanui,23.7045267,0,0,0,0,0,0.006082414,0,0.01980405,0.009731862,0.941268502,0.014597793,0.003649448,0,0.004865931
527931,Pukerimu,19.4205202,0,0,0.086939844,0,0,0.001442985,0.044852783,0.073522911,0.00480995,0.752243525,0.012808209,0.011784377,0.001803731,0.009791684
527932,Kaipaki,52.6047473,0,0,0.016152818,0,0,0.028963673,0.007240918,0.026494335,0,0.901374979,0.008633403,0,0.002227975,0.0089119
527934,Rotoorangi,229.982291,0,0,0.010922287,0,0,0.002113991,0.005284978,0.005014857,0.026601055,0.905140522,0.003170987,0.002642489,0,0.039108835
527935,Te Rahu,37.5777511,0,0,0.04862148,0,0,0.004594156,0,0.023022736,0.002297078,0.91227624,0.001148539,0,0,0.008039772
527936,Kihikihi Flat,18.3210219,0,0,0.003045893,0,0,0.009137678,0,0.131409641,0.004568839,0.839654379,0.004568839,0,0,0.007614731
527937,Allen Road,11.6036731,0,0,0.001397164,0,0,0,0.001397164,0.022692268,0,0.970321913,0.004191491,0,0,0
528000,Rotongata,211.525262,0,0,0.011272417,0,0,0.004099061,0.005123826,0,0.034158839,0.817250213,0.012297182,0.01588386,0,0.099914603
528200,Ngaruawahia,7.59099844,0,0,0,0,0,0.00911307,0,0.245711161,0.008885244,0.622604971,0.05764017,0.035540975,0.005467842,0.015036566
528310,Bryant,2.89746683,0,0,0,0,0,0,0,0.961383842,0,0,0.028107426,0,0,0.010508732
528320,Pukete,1.09168473,0,0,0,0,0,0,0,0.861706246,0,0.07913082,0.048795828,0,0,0.010367107
528402,Pukete West,0.8393171,0,0,0,0,0,0,0,0.803226838,0,0.158466119,0.038307043,0,0,0
528403,Te Rapa,6.0026077,0,0,0.033192334,0,0,0,0.001489698,0.527224391,0.006284664,0.407553558,0.015317167,0.001256933,0.006982959,0.000698296
528405,Burbush,6.37369522,0,0,0.075474853,0,0,0.006367541,0,0.089157913,0.002728946,0.778059365,0.031837705,0,0.016373677,0
528406,Rotokauri,4.32443217,0,0,0.002379659,0,0,0.009518634,0,0.33497442,0.011501683,0.628990751,0.002379659,0,0.007932195,0.002323
528501,Nawton,1.72613078,0,0,0,0,0,0,0.01005136,0.97730338,0.003242374,0.009402886,0,0,0,0
528503,Crawshaw,0.836626,0,0,0,0,0,0,0,0.868474282,0,0.131525718,0,0,0,0
528504,Grandview,0.91742432,0,0,0,0,0,0,0,0.967813158,0,0.028891814,0,0,0,0.003295027
528505,Brymer,0.99754797,0,0,0,0,0,0,0,0.527770402,0,0.463430467,0,0,0,0.008799131
528601,Dinsdale North,1.46412166,0,0,0,0,0,0,0,0.921950994,0,0.078049006,0,0,0,0
528602,Dinsdale South,1.56465885,0,0,0,0,0,0,0,0.693974142,0,0.301476254,0,0,0,0.004549604
528700,Beerescourt,1.41470128,0,0,0,0,0,0,0.003802134,0.942299498,0.013581107,0,0.030487881,0,0,0.00982938
528800,Maeroa,1.4141515,0,0,0,0,0,0,0.013126596,0.909378283,0.056761164,0,0.0047152,0,0,0.016018757
528900,Frankton Junction,3.1034499,0,0,0,0,0,0,0.004685599,0.890547273,0.00622042,0.037426947,0.051264752,0,0,0.009855009
529000,Swarbrick,1.55979289,0,0,0,0,0,0,0.010819612,0.984696324,0.003326886,0,0,0,0,0.001157178
529100,Hamilton Lake,3.58788353,0,0,0,0,0,0.001845584,0,0.828010813,0,0.010282541,0.132631595,0,0,0.027229466
529200,Melville,1.85268252,0,0,0,0,0,0,0,0.909367289,0,0.071156831,0,0,0,0.019475881
529300,Glenview,2.4335307,0,0,0.01945739,0,0,0,0,0.568573392,0,0.356323669,0,0,0,0.055645549
529401,Queenwood,1.85929392,0,0,0,0,0,0,0.035280973,0.917623013,0.004443625,0,0.031419892,0.010121591,0,0.001110906
529402,Chedworth,1.65948492,0,0,0,0,0,0,0.113520021,0.868796565,0,0.009858894,0,0.007824519,0,0
529501,Porritt,1.13134305,0,0,0,0,0,0,0.046665519,0.803726871,0,0.149607611,0,0,0,0
529502,Insoll,0.76250574,0,0,0,0,0,0,0.006337851,0.984699531,0,0.008962618,0,0,0,0
529503,Fairview Downs,1.15272125,0,0,0,0,0,0,0,0.568610266,0,0.431389734,0,0,0,0
529600,Chartwell,1.59448539,0,0,0,0,0,0,0.089212721,0.832994429,0.005782349,0,0.071236078,0,0,0.000774422
529700,Hamilton Central,2.69695404,0,0,0,0,0,0,0.001951723,0.924013236,0.012324166,0,0.054218516,0,0,0.007492359
529800,Clarkin,1.28548223,0,0,0,0,0,0,0.055194574,0.944805426,0,0,0,0,0,0
529900,Claudelands,1.23563395,0,0,0,0,0,0,0.021509553,0.894838084,0,0,0.054577468,0,0,0.029074894
530000,Enderley,1.57668901,0,0,0,0,0,0,0,0.804338492,0,0.184575612,0,0,0,0.011085896
530100,Peachgrove,1.4883987,0,0,0,0,0,0,0.001133334,0.940959664,0,0,0.037745427,0,0,0.020161575
530200,Hamilton East,1.58466227,0,0,0,0,0,0,0.011753016,0.941804762,0,0,0.038932503,0,0,0.00750972
530300,Naylor,2.35484943,0,0,0,0,0,0.00187619,0,0.83513678,0,0.053795294,0.070658672,0,0,0.038533063
530400,Bader,1.83296453,0,0,0,0,0,0.000514134,0,0.713921828,0,0.127254398,0.029538248,0,0,0.128771391
530500,University,1.83937784,0,0,0,0,0,0,0,0.826504173,0,0.162153583,0.011342244,0,0,0
530600,Silverdale,1.10665475,0,0,0,0,0,0,0.03427849,0.601670833,0,0.280777996,0,0.073259524,0,0.010013157
530700,Hillcrest West,1.13782774,0,0,0,0,0,0,0,1,0,0,0,0,0,0
530800,Riverlea,1.73958861,0,0,0,0,0,0.014088772,0.06250019,0.504374733,0.005995222,0.285165852,0.040613347,0.008872929,0,0.078388956
531001,Te Awamutu West,0.99003846,0,0,0,0,0,0,0,0.63386161,0,0.351648971,0,0,0,0.014489419
531002,Te Awamutu Central,2.23906782,0,0,0,0,0,0,0,0.759567165,0,0.240432835,0,0,0,0
531003,Te Awamutu East,3.50629338,0,0,0.01302273,0,0,0,0,0.46693236,0.004596258,0.513150524,0,0,0,0.002298129
531004,Te Awamutu South,1.8868546,0,0,0,0,0,0,0,0.605045086,0,0.394954914,0,0,0,0
531100,Kawhia Community,0.91837262,0.339254162,0,0,0,0,0,0,0.312470938,0.039058867,0.274063052,0,0.027341207,0,0.007811773
531200,Otorohanga,3.93539397,0,0,0,0,0,0.019954181,0,0.262730055,0.013579929,0.692095896,0.009977091,0,0,0.001662848
531301,Otorohanga Rural West,735.340484,0.124885456,0,0.001691724,0,0,0.006766895,0.019031891,0.001268793,0.038063782,0.487286898,0.000845862,0.056672742,0.005075171,0.258410787
531303,Te Kawa,54.826041,0,0,0.002152067,0,0,0.001076034,0.008070253,0.001614051,0.010042981,0.95588262,0.004304135,0.001434712,0,0.015423149
531304,Otorohanga Rural East,1204.02553,0,0,0.003038898,0,0,0.001012966,0.018233387,0.001519449,0.059258509,0.676357374,0.008610211,0.033427877,0,0.198541329
531500,Piopio,1.68240402,0,0,0,0,0,0,0,0.174038036,0,0.812693498,0,0,0,0.013268465
531600,Taharoa,68.4500761,0.392166954,0,0,0,0,0.015465377,0.002058619,0.005146548,0.067934433,0.274311006,0.014410334,0.121458532,0.023674121,0.083374077
531710,Mahoenui,733.671951,0.058291457,0,0,0,0,0.001005025,0.022613065,0.00201005,0.042211055,0.347236181,0.005025126,0.049246231,0.004020101,0.468341709
531720,Marokopa,1233.76461,0.094707147,0,0,0,0,0.003022569,0.020654218,0.001041107,0.032744492,0.527941967,0.003022569,0.025188071,0,0.291677861
531731,Waipa Valley,477.675782,0,0,0,0,0,0.003026736,0.021187153,0.00252228,0.059525811,0.662518917,0,0.020178241,0,0.231040861
531732,Tiroa,182.329733,0,0,0,0,0,0.001030397,0.034003091,0,0.337970118,0.344667697,0,0.041215868,0,0.241112828
531800,Mokauiti,831.641607,0,0,0,0,0,0.004018081,0.015067805,0.00100452,0.083375188,0.603214465,0,0.043194375,0,0.250125565
532000,Te Kuiti,5.57394145,0,0,0,0,0,0.019959058,0.01381781,0.368474923,0.032241556,0.5209826,0,0.001535312,0.026100307,0.016888434
532200,Omori,3.38921354,0,0,0.044412607,0,0,0,0.095033429,0.112702961,0.025787966,0.301575931,0.353868195,0.022922636,0.001432665,0.04226361
532300,Owhango,0.92611399,0,0,0,0,0,0,0,0.12408542,0,0.676045446,0.00416394,0,0.00416394,0.191541253
532400,Ohura,3.24524661,0,0,0,0,0,0.006960557,0,0.049718263,0.017898575,0.844547564,0,0.021876036,0,0.058999006
532501,Ngapuke,1285.10534,0,0.001015219,0,0,0,0.013197842,0.015228279,0.000203044,0.113196875,0.466130373,0.006091312,0.030456558,0,0.354480498
532502,Kuratau,452.852571,0,0.001018503,0,0,0,0.024953319,0.099473774,0.001527754,0.137497878,0.276014259,0.187065014,0.03259209,0.003055508,0.236801901
532601,Raurimu,1366.3632,0,0.039658635,0.002008032,0.0562249,0,0.019076305,0.032128514,0,0.047188755,0.240963855,0.003012048,0.110441767,0.038654618,0.41064257
532602,National Park,0.89185751,0,0,0,0,0,0.166666667,0.093333333,0.493333333,0,0.16,0,0.08,0,0.006666667
532700,Otangiwai-Heao,1345.66784,0,0,0.002028672,0,0,0.006593184,0.014200703,0.001555315,0.062381661,0.554841764,0.002028672,0.052745469,0,0.30362456
532901,Tarrangower,3.17140762,0,0,0.0144364,0,0,0.048722851,0,0.211622162,0.022556876,0.587320888,0.012030334,0.023459151,0.01624095,0.063610389
532902,Taumarunui Central,6.87860817,0,0,0.000573613,0,0,0.008030582,0.027246617,0.224819414,0.104540966,0.522360663,0.01147226,0.028393843,0.006596549,0.065965493
532903,Sunshine-Hospital Hill,5.15093474,0,0,0.035686172,0,0,0.03594857,0.008134348,0.150957754,0.041327736,0.561978483,0.033324587,0.033849383,0.001836788,0.096956179
532904,Manunui,5.03951142,0,0,0,0,0,0.009431225,0,0.061907526,0.013058619,0.85079319,0.016686013,0.005803831,0.011607661,0.030711937
533000,Whitianga,24.6769899,0.132495717,0,0.001142204,0,0,0.01027984,0.005711022,0.125071388,0.137064535,0.279840091,0.049685894,0.126784694,0.002284409,0.129640206
533100,Coromandel,19.5691815,0.160663382,0,0,0,0,0.011804211,0.029473869,0.049721391,0.091970204,0.162898117,0.029265646,0.284532817,0.004926975,0.174743387
533200,Te Rerenga,1107.35685,0.566979685,0,0.000240113,0,0,0.013066125,0.050440789,0.011317305,0.046901987,0.093223702,0.019626915,0.056925148,0.022330468,0.118947762
533300,Whangamata,7.81041066,0.066866695,0,0,0,0,0.054007715,0.053364766,0.2978997,0.20445778,0.138876982,0.140805829,0.007715388,0.011573082,0.024432062
533400,Tairua,5.02443768,0.145221042,0,0,0,0,0.024450482,0.011854779,0.199308471,0.015188936,0.151395406,0.15756977,0.163003211,0.010372932,0.121634972
533501,Moanataiari,6.94953938,0.239024941,0,0,0,0,0,0,0.118045367,0,0,0,0.099537298,0,0.543392394
533502,Parawai,9.53716907,0.028920308,0,0,0,0,0.050985433,0.029562982,0.185518423,0.001285347,0.305484147,0.05227078,0.034061697,0.030848329,0.281062554
533602,Pauanui Beach,5.70559654,0.076424699,0,0.028560095,0,0,0.040460135,0.017453392,0.272378686,0.071796906,0.039402354,0.228480762,0.001057781,0.019040063,0.204945128
533603,Hikuai,988.397824,0.28351836,0,0,0,0,0.005367817,0.036964743,0.007685739,0.069171648,0.149566915,0.009637672,0.074783457,0.025619129,0.337684519
533604,Te Puru-Thornton Bay,22.1617347,0.08662396,0,0,0,0,0,0.004589349,0.022373076,0,0.026388756,0,0.090830863,0.003442012,0.765751984
533800,Ngatea,1.72668804,0,0,0,0,0,0,0,0.271662568,0,0.69332722,0.035010211,0,0,0
533901,Hauraki Plains,503.594177,0.04815985,0,0.004098711,0,0,0.126035351,0.009734438,0.003415592,0.042011784,0.714285714,0.011783793,0.013320809,0,0.027153958
533902,Turua,90.7079842,0.02975189,0,0,0,0,0.035064728,0.002656419,0.010661094,0.01700108,0.827651549,0.056670268,0.009563108,0,0.010979864
533903,Kerepehi,7.80742026,0,0,0.003959089,0,0,0,0,0.025954031,0.001319696,0.962168701,0.006598482,0,0,0
534100,Waihi Beach,39.1668958,0.125230251,0,0.052321401,0,0,0.009892261,0.011571584,0.036000483,0.128940505,0.527491039,0.004408222,0.003857195,0.023143168,0.077143892
534200,Ohinemuri,562.403754,0.042702795,0,0.019722175,0,0,0.003086949,0.045275253,0.014405762,0.033270451,0.445892643,0.010804322,0.026239067,0.006173898,0.352426685
534300,Paeroa,12.3780308,0,0,0.002474227,0,0,0,0,0.129896907,0.00742268,0.798350515,0.035876289,0,0,0.025979381
534400,Waihi,10.0751036,0,0,0.015176878,0,0,0.001339136,0.011382658,0.25398951,0.031692891,0.567905368,0.002678273,0.005356545,0.060261132,0.05021761
534500,Tahuroa,321.089198,0,0,0.007193928,0,0,0.001027704,0.003083112,0.005799187,0.01027704,0.929455464,0,0.001027704,0,0.042135862
534602,Waitoa,5.86997648,0,0,0,0,0,0.004855286,0,0.033986999,0.007552666,0.940657621,0,0,0,0.012947428
534603,Springdale,434.497387,0,0,0.003586882,0,0,0.065588704,0.014347529,0.005465725,0.018788431,0.785128672,0.003074471,0.014347529,0,0.089672056
534604,Waihou-Walton,516.058889,0,0,0.024007545,0,0,0.006173369,0.00205779,0.008831347,0.016462317,0.759324359,0.004115579,0.008231158,0,0.170796536
534800,Te Aroha,11.5886238,0,0,0,0,0,0.021587302,0,0.153862434,0.002539683,0.496296296,0.016507937,0.041904762,0.001269841,0.266031746
534901,Morrinsville West,3.4580328,0,0,0,0,0,0,0,0.449627131,0.006752647,0.512107871,0,0,0,0.031512352
534902,Morrinsville East,4.32259631,0,0,0.089863116,0,0,0.007237298,0,0.44980022,0.003618649,0.398819631,0.003618649,0,0,0.047042437
535000,Waharoa,0.5282673,0,0,0.007133233,0,0,0,0,0.483633193,0,0.466434176,0,0,0,0.042799398
535100,Tirau,0.8963875,0,0,0,0,0,0.004765146,0,0.447923758,0.004765146,0.54254595,0,0,0,0
535211,Mangakaretu,10.2511432,0,0,0,0,0,0,0,0.086098671,0.019745731,0.890516561,0.003639037,0,0,0
535212,Kinleith,19.5517438,0,0,0.009327979,0,0,0,0,0.0943454,0.235864604,0.645137481,0.002665137,0.001332568,0.011326831,0
535220,Okauia,209.026572,0,0,0.037796678,0,0,0.01047483,0.003142449,0.013468885,0.007332381,0.761409563,0,0.001047483,0.002094966,0.163232765
535231,Te Poi,127.920012,0,0,0.004179728,0,0,0.002089864,0.006792059,0.002089864,0.013584117,0.659700453,0,0.003657262,0.001044932,0.306861721
535232,Tapapa,368.115338,0,0,0.005631399,0,0,0.001535836,0.011262799,0.002645051,0.180546075,0.446672355,0,0.011774744,0.002047782,0.337883959
535241,Karapiro,298.146705,0,0,0.009264464,0,0,0.00205877,0.005146924,0.004323416,0.020587697,0.778991072,0.010293849,0.007205694,0.003088155,0.15903996
535242,Hinuera,114.806257,0,0,0.040247678,0,0,0.005675955,0.005159959,0.001375989,0.01754386,0.848469212,0.003095975,0.004127967,0.003095975,0.07120743
535250,Arapuni,312.848514,0,0,0.010828729,0,0,0.003093923,0.001031308,0.009109883,0.072191529,0.853210559,0.024235727,0.008766114,0.002062615,0.015469613
535261,Lichfield,327.8034,0,0,0.0082771,0,0,0.001034638,0.0082771,0.002225924,0.409716472,0.505803919,0,0.010346376,0.001034638,0.053283834
535262,Wawa,762.070754,0,0,0,0,0,0.001032141,0.010837476,0.005876648,0.553261728,0.339883876,0.015826155,0.014449967,0.001548211,0.057283799
535310,Paraonui,2.02293838,0,0,0,0,0,0,0,0.293766059,0,0.706233941,0,0,0,0
535320,Parkdale,1.18589035,0,0,0,0,0,0,0,0.326771959,0,0.673228041,0,0,0,0
535330,Matarawa,1.96215724,0,0,0,0,0,0,0,0.441903177,0,0.558096823,0,0,0,0
535340,Stanley Park,1.15471148,0,0,0,0,0,0,0,0.973831855,0,0.026168145,0,0,0,0
535350,Tokoroa Central,1.52772577,0,0,0,0,0,0,0,0.453075961,0,0.546924039,0,0,0,0
535360,Aotea,2.48105303,0,0,0,0,0,0,0,0.314776073,0,0.671089311,0.014134616,0,0,0
535370,Strathmore,1.51422012,0,0,0,0,0,0,0,0.825806638,0,0.174193362,0,0,0,0
535380,Amisfield,1.31517162,0,0,0,0,0,0,0,0.343616616,0.02074554,0.635637844,0,0,0,0
535501,Matamata North,2.01398506,0,0,0.163832797,0,0,0,0,0.576875621,0,0.259291583,0,0,0,0
535502,Matamata South,4.27980677,0,0,0.025852537,0,0,0,0,0.478250725,0,0.495896738,0,0,0,0
535600,Putaruru,4.30083125,0,0,0,0,0,0,0,0.374727372,0,0.622001091,0,0,0,0.003271538
535700,Athenree,1.87815418,0.230076903,0,0.22631637,0,0,0.138712882,0,0.150597932,0.006181698,0.174242926,0,0.052235346,0.021635942,0
535800,Katikati Community,8.78668732,0.166909381,0,0.294863875,0,0,0.072124977,0,0.17276996,0.00282843,0.280603871,0.00282843,0,0.00282843,0.004242646
535900,Maketu Community,5.15497277,0.316071384,0,0.010367043,0,0,0.039987165,0.023696098,0.053316219,0.005430356,0.339347864,0.154765137,0.040727668,0.00740503,0.008886037
536000,Omokoroa,7.49500753,0.297016233,0,0.215273935,0,0,0.052273566,0.004150526,0.095116215,0.023335178,0.273289061,0.034011253,0,0,0.005534034
536201,Papamoa Beach East,1.85738542,0.479257118,0,0,0,0,0,0,0.34819808,0.004673146,0.083608986,0,0.07550052,0.008762149,0
536202,Palm Springs,14.9703245,0.396797829,0,0.019868275,0,0,0.040871879,0,0.031336459,0.02043594,0.464577029,0.0113533,0.00681198,0.00794731,0
536203,Doncaster,2.44301493,0.036859259,0,0,0,0,0.011419392,0,0.32678833,0.005709696,0.604520856,0,0.014702467,0,0
536400,Island View-Pios Beach,2.62425229,0.772917839,0,0.017188379,0,0,0.014986635,0.01181767,0.054572313,0,0.062633652,0,0.057020259,0.007386044,0.001477209
536503,Te Puna,22.3345273,0.209307097,0,0.302518572,0,0,0.057065034,0.009679096,0.023365129,0.013300951,0.300826589,0.068326089,0.008638333,0,0.006973112
536505,Matapihi,3.87981619,0.517621359,0,0.164995963,0,0,0.052320023,0.003468731,0.05057327,0,0.205817557,0,0,0,0.005203096
536508,Inlet-Tauranga Harbour,0.03317995,0,0,0,0,0,0,0,0,0,0,1,0,0,0
536510,Motuopae Island,0.03496553,0,0,0,0,0,0,0,0,0,0,1,0,0,0
536512,Kairua,8.80904659,0.068846139,0,0.196144393,0,0,0.032552716,0.029126115,0.075678267,0.017275784,0.534688563,0.003426602,0.037121519,0,0.005139903
536513,Bethlehem East,1.8146902,0,0,0.023539666,0,0,0.004154059,0,0.736838138,0.01851853,0.213928475,0,0,0.003021134,0
536514,Bethlehem,16.8788722,0,0,0.124868109,0,0,0.010666283,0.004244175,0.179602549,0.051004565,0.568510377,0.024571542,0.009605239,0.015981656,0.010945505
536515,Pacific View,1.52351483,0.159565427,0,0.004898939,0,0,0,0,0.499859273,0,0.294385307,0.002099545,0.039191509,0,0
536516,Palm Beach,2.14342899,0.375580518,0,0,0,0,0,0,0.499230375,0.001477936,0.081282088,0,0.033561466,0.008867617,0
536517,Gravatt,2.8561654,0.044596529,0,0.169596074,0,0,0,0.002585306,0.26723064,0.010125782,0.480400405,0.005170612,0.016158163,0.00413649,0
536611,Matakana Island,64.557385,0.519635857,0,0.052290588,0,0,0.04499339,0.033749304,0.007499845,0.138747138,0.041717889,0.153241157,0.006874858,0.001249974,0
536613,Inlet-Tauranga Harbour North,0.71100917,0.29622939,0,0,0,0,0.28455259,0.00714195,0,0,0,0.40493412,0,0.00714195,0
536614,Tahawai,82.1155764,0.163572717,0,0.129857502,0,0,0.021215657,0.016442134,0.002121566,0.077437149,0.205349882,0.000530391,0.021215657,0,0.362257346
536615,Aongatete,165.44218,0.071571615,0,0.097953853,0,0,0.022986504,0.007836308,0.011319112,0.035524597,0.310317806,0.005746626,0.005224205,0.002089682,0.429429691
536620,Minden,197.975466,0.055098437,0,0.079699125,0,0,0.007815381,0.015986007,0.006749647,0.044583197,0.383017109,0.011663864,0.017584607,0.002131468,0.375671159
536630,Kaimai,527.799907,0,0,0.020239926,0,0,0.002067056,0.005684405,0.004798524,0.138751153,0.293780375,0.001033528,0.01136881,0.002067056,0.520209166
536641,Ohauiti-Ngapeke,20.1595529,0.006986458,0,0.052818606,0,0,0.017021327,0.040374825,0.104536965,0.109519193,0.539971853,0.011747599,0.043411587,0.01946654,0.054145047
536642,Upper Papamoa,180.171477,0.003331015,0,0.126011201,0,0,0.001098137,0.023701453,0.025385263,0.087850946,0.433562722,0,0.017936235,0.00329441,0.277828617
536651,Paengaroa,12.8003699,0,0,0.466318118,0,0,0.00241303,0.010858637,0.047255178,0.012065152,0.447818218,0.006032576,0,0.003619546,0.003619546
536653,Rangiuru,209.846512,0.014315826,0,0.117688389,0,0,0.006323555,0.023186369,0.006060074,0.129281574,0.466362199,0.002107852,0.014754962,0.003161778,0.216757421
536654,Pongakawa,385.338928,0.069081661,0,0.094342865,0,0,0.008248557,0.021652461,0.004467968,0.243676107,0.440472917,0.019074787,0.014434974,0.00103107,0.083516635
536810,Mt Maunganui North,2.762577,0.639208068,0,0,0,0,0,0.00694387,0.226833099,0,0.069728032,0,0,0.00694387,0.05034306
536821,Omanu,8.72997391,0.318417379,0,0.000637358,0,0,0.009029243,0,0.657992777,0,0.013923244,0,0,0,0
536831,Arataki,3.21314126,0.11547127,0,0.0381225,0,0,0.002801876,0,0.728227085,0,0.112830107,0,0,0.00254716,0
536832,Te Maunga,4.86440337,0.225530118,0,0.002390175,0,0,0.062964048,0.002048722,0.378191594,0.004097443,0.288242362,0.029706465,0.004780351,0.002048722,0
537000,Matua,2.44441894,0.266203991,0,0,0,0,0.041052144,0,0.589261569,0.003372604,0,0.088781863,0,0,0.011327829
537100,Bellevue,1.71526968,0,0,0.013165171,0,0,0.142543818,0,0.683440969,0.007891381,0.0782994,0.074659261,0,0,0
537201,Otumoetai North,1.72053714,0.135257154,0,0,0,0,0,0,0.799202824,0.00619232,0,0.059347701,0,0,0
537202,Otumoetai South,1.6001398,0,0,0,0,0,0.100230757,0,0.645446275,0.011092732,0,0.243230236,0,0,0
537301,Brookfield,2.3086431,0,0,0.00614812,0,0,0.088832586,0,0.72495108,0.011262943,0.149926926,0.018878345,0,0,0
537302,Te Reti,1.71860947,0,0,0,0,0,0.090248676,0,0.465341568,0.036637466,0.326277112,0,0.019616877,0.061878302,0
537400,Judea,1.20911094,0,0,0,0,0,0.062840458,0,0.792533143,0.037844556,0.039100072,0.060700194,0,0.006981576,0
537500,Gate Pa,1.87048894,0,0,0,0,0,0.149450215,0.010985989,0.598307491,0.018473389,0.184266412,0,0,0.034128421,0.004388082
537601,Greerton,4.32133885,0,0,0,0,0,0.029714126,0.00153153,0.637423451,0.020770967,0.277594766,0.002586042,0.007561103,0.01301472,0.009803295
537602,Pyes Pa,9.96657054,0,0,0.095237471,0,0,0.001488085,0.013392769,0.323604268,0.064359698,0.431381812,0.014632841,0.002331978,0.024305396,0.029265681
537700,Yatton Park,0.99259395,0,0,0,0,0,0.150397482,0.101072971,0.691485297,0.040899489,0,0.01614476,0,0,0
537800,Poike,1.29846408,0,0,0.036264604,0,0,0.158795228,0.029245648,0.391216291,0.004133385,0.262952728,0.054291064,0.052338653,0,0.010762398
537900,Hairini,6.09710737,0.002317203,0,0.063358953,0,0,0.028670649,0.029776059,0.320021627,0.041175411,0.434382704,0.028705732,0.033192179,0.003743174,0.014656309
538000,Maungatapu,1.66167708,0.518592637,0,0,0,0,0.053341734,0,0.380520291,0.01807418,0.016647271,0,0,0.000219524,0.012604362
538101,Tauranga Hospital,1.65510742,0,0,0,0,0,0.03660118,0.017125562,0.736081394,0.021143692,0.094326048,0.014329552,0.002359134,0.078033439,0
538102,Tauranga South,2.38529552,0.05346921,0,0,0,0,0.029281128,0.025880782,0.630907786,0.009985382,0.024097872,0.205541015,0,0.020836825,0
538201,Tauranga Central,2.08903645,0.187025478,0,0,0,0,0.001419164,0,0.518358689,0.012693629,0,0.280503041,0,0,0
538202,Sulphur Point,1.22589675,0.443060296,0,0,0,0,0,0,0.483031183,0.003015858,0,0.070892663,0,0,0
538301,Kaitemako,3.74386253,0.00200565,0,0.097517565,0,0,0.01990868,0.042118649,0.314185696,0.007019775,0.469058246,0,0.030887009,0.003008475,0.014290256
538302,Welcome Bay West,1.93804024,0,0,0.039391069,0,0,0.020130453,0.030550244,0.550959247,0.003799782,0.35402927,0,0,0,0.001139934
538303,Welcome Bay East,5.97529933,0.093447807,0,0.077136625,0,0,0.049951321,0.054102771,0.150493384,0.151594894,0.369840015,0,0.041782338,0,0.011650844
538501,Te Puke West,9.47754994,0,0,0.494502188,0,0,0,0.011111368,0.133729947,0.015741105,0.242366721,0.001388921,0,0.001388921,0.099770828
538502,Te Puke East,6.84598788,0,0,0.317850887,0,0,0,0.055424787,0.332493979,0.021896212,0.259196409,0,0,0,0.013137727
538601,Ngongotaha North,6.64115042,0,0,0.009228538,0,0,0.01516117,0,0.09129661,0.059546044,0.662828767,0.141504252,0.019116258,0,0.001318363
538602,Ngongotaha South,8.01758503,0,0,0,0,0,0.01690091,0.067823478,0.110891285,0.068113953,0.452280597,0.178004465,0.05403707,0.009990046,0.041958195
538721,Poets Corner,0.09401909,0,0,0,0,0,0,0,0,0,0,1,0,0,0
538722,Ngapuna,12.1734058,0,0,0.004006624,0,0,0.006677707,0.035364025,0.175128392,0.622568655,0.052547416,0.020021198,0.021360714,0.008208015,0.054117253
538731,Owhata South,0.23399159,0,0,0,0,0,0,0,0.806777497,0.012036188,0.181186315,0,0,0,0
538732,Lynmore,6.64571123,0,0,0,0,0,0.007338927,0.035335576,0.133613304,0.242320505,0.523495707,0,0.001902685,0,0.055993297
538741,Owhata West,5.50291175,0,0,0,0,0,0.022559656,0,0.19003634,0.018719715,0.265387957,0.462256957,0.041039375,0,0
538742,Owhata East,19.594408,0,0,0,0,0,0.021459516,0.028395925,0.090773597,0.097651635,0.54595365,0.070101085,0.020809227,0,0.124855365
538811,Hamurana,212.015752,0,0,0,0,0,0.003369891,0.006739781,0.006739781,0.152066315,0.377287338,0.17346746,0.009267199,0.000421236,0.270640998
538812,Inland Water-Lake Rotorua,81.0437357,0,0,0,0,0,0.017560372,0.001284905,0.059568626,0.013277354,0.120138641,0.767242463,0.007923582,0.000899434,0.012104623
538820,Tikitere,531.773588,0,0,0.004107128,0,0,0.007529734,0.02156242,0.013219817,0.305809874,0.212372722,0.116240267,0.014888337,0.001026782,0.303242919
538831,Kaingaroa Forest,11.2853074,0,0,0,0,0,0,0.00520156,0.062418726,0.910273082,0.014304291,0,0.007802341,0,0
538832,Tarawera,508.345628,0,0.003090021,0.010300071,0.006180043,0,0.010300071,0.027810193,0.004712691,0.341275697,0.335095654,0.080340556,0.053560371,0.004120029,0.123214603
538841,Golden Springs,443.304499,0,0,0.0010154,0,0,0.011169403,0.012184803,0.0010154,0.326958876,0.592824505,0.008123202,0.013200203,0,0.033508208
538842,Reporoa,55.49477,0,0,0.006373938,0,0,0.005311615,0.029745042,0.007436261,0.070113314,0.702018414,0,0.006905099,0,0.172096317
538850,Ngakuru,446.353634,0,0,0.001021624,0,0,0.005108122,0.024518985,0.001021624,0.252852035,0.595436744,0.017878427,0.017878427,0,0.084284012
538861,Arahiwi,62.8198585,0,0,0.001069078,0,0,0,0.005345388,0.002148337,0.448121732,0.339121625,0,0.002138155,0,0.202055684
538863,Waiwhero,174.685312,0,0,0.001156763,0,0,0.007229767,0.018617452,0.026379848,0.151911856,0.39278335,0.091715779,0.018122615,0.002313525,0.289769045
538864,Mamaku,2.68434445,0,0,0,0,0,0,0,0.221068001,0.009874466,0.691101226,0,0.002598544,0,0.075357764
539000,Selwyn Heights,0.89658736,0,0,0,0,0,0,0.280575451,0.423762201,0.059472446,0.229306083,0,0,0,0.006883819
539100,Western Heights,2.23807026,0,0,0,0,0,0,0.065262217,0.548212374,0.0033779,0.001405093,0,0,0,0.381742417
539200,Fairy Springs,1.88216762,0,0,0,0,0,0.091548211,0,0.415410226,0.030199373,0.298416783,0.126124797,0.036519186,0,0.001781424
539310,Pukehangi North,1.00183262,0,0,0,0,0,0,0,0.780733119,0,0.211414777,0,0,0,0.007852104
539320,Pukehangi South,1.80497114,0,0,0,0,0,0.018380238,0.035935428,0.598608896,0,0.337449877,0,0,0,0.009625561
539400,Mangakakahi,2.43007181,0,0,0,0,0,0.031898998,0.002712747,0.965388255,0,0,0,0,0,0
539500,Sunnybrook,1.48412536,0,0,0,0,0,0.026311974,0,0.457696791,0,0.505834039,0,0,0,0.010157196
539600,Fordlands,0.77479882,0,0,0,0,0,0.004443238,0,0.995556762,0,0,0,0,0,0
539700,Utuhina,0.67137597,0,0,0,0,0,0,0,1,0,0,0,0,0,0
539800,Pomare,1.36808747,0,0,0,0,0,0,0.007072276,0.7309852,0,0.158056604,0,0.017144912,0,0.086741008
539900,Hillcrest,0.77447931,0,0,0,0,0,0,0,1,0,0,0,0,0,0
540000,Springfield,3.46798543,0,0,0,0,0,0,0.040607246,0.394937049,0.020323548,0.52930223,0.00414441,0.003188008,0,0.007497511
540100,Kawaha Point,1.03150776,0,0,0,0,0,0.006190071,0,0.535973376,0,0.115481097,0.342355456,0,0,0
540200,Koutu,1.11003446,0,0,0,0,0,0.016911372,0,0.724801133,0,0,0.258287495,0,0,0
540300,Ohinemutu,0.19648994,0,0,0,0,0,0,0,0.696084163,0,0,0.303915837,0,0,0
540410,Kuirau,2.48737171,0,0,0,0,0,0.010778438,0,0.669837138,0,0.045515289,0.218586331,0.052492085,0.002790718,0
540420,Victoria,1.6633862,0,0,0,0,0,0.005708932,0.019981263,0.762236566,0,0,0.043204383,0.07248305,0.096385806,0
540510,Glenholme East,0.86482081,0,0,0,0,0,0,0,1,0,0,0,0,0,0
540520,Glenholme West,0.85553226,0,0,0,0,0,0,0,1,0,0,0,0,0,0
540600,Fenton,1.35404297,0,0,0.049952791,0,0,0,0.020813663,0.789234276,0,0.013145471,0,0.020539799,0.005258189,0.101055811
540700,Whaka,2.01727965,0,0,0,0,0,0.003440428,0.161900812,0.373371696,0.265319187,0.036618715,0.03790205,0.103384864,0,0.018062248
540900,Mangakino,3.90152147,0,0,0,0,0,0.018146381,0,0.229854157,0.063512333,0.435109886,0.237247127,0.002016265,0.002016265,0.012097587
541000,Turangi,9.72034156,0,0,0.043264462,0,0,0.041787139,0.177278771,0.215478125,0.047907477,0.325179917,0.023215077,0.100563493,0.012662769,0.012662769
541311,Acacia Bay,7.15968303,0,0,0,0,0,0.002730313,0.114218107,0.153125071,0.101476644,0.389547451,0.223885691,0.002730313,0,0.01228641
541312,Wairakei-Aratiatia,69.898876,0,0,0.016741598,0,0,0.005181923,0.02400692,0.039938012,0.155827073,0.712624715,0.011787325,0.024591547,0.006696639,0.002604249
541313,Maunganamu,19.4652246,0,0,0.001376555,0,0,0.000852153,0.018370454,0.050457841,0.26281275,0.446723772,0.136626359,0.017436363,0.00275311,0.062590644
541315,Taupo East,7.28999206,0,0,0.001694665,0,0,0,0.049859475,0.128542566,0.077389717,0.633433619,0,0.093206593,0.010167992,0.005705373
541316,Wharewaka,3.20360361,0,0,0,0,0,0.011977326,0,0.140729577,0.073264421,0.529637879,0.197932644,0.039735912,0.006722241,0
541317,Rangatira Park,2.04007853,0,0,0,0,0,0.002946152,0.126991963,0.323621074,0.068440393,0.25171667,0.081797049,0.058777869,0,0.08570883
541318,Rangatira,3.83102895,0,0,0,0,0,0,0.015789381,0.086195461,0.176900204,0.692036346,0.001659469,0.019175708,0.006368316,0.001875115
541319,Lakewood,2.74779174,0,0,0,0,0,0,0.038808617,0.26148603,0.06838346,0.489278529,0.12283023,0.014452864,0,0.004760269
541320,Marotiri,1004.32669,0,0,0.001007269,0,0,0.004029077,0.038276227,0.001510904,0.210351369,0.294324038,0.116087767,0.047341649,0.001007269,0.286064432
541333,Kinloch,5.60850597,0,0,0,0,0,0,0.144897697,0.317333676,0.03860507,0.39608802,0.101531334,0.001544203,0,0
541334,Tatua,226.023093,0,0,0.00101833,0,0,0.00305499,0.014765784,0,0.427698574,0.471995927,0.025458248,0.009164969,0,0.046843177
541335,Oruanui,448.958291,0,0,0.013670882,0,0,0.006309638,0.039119755,0.014249266,0.209444927,0.584703134,0.079045742,0.020856859,0.003154819,0.029444977
541342,Rangitaiki,996.24538,0,0,0.008056395,0,0,0.005035247,0.008056395,0.001007049,0.491943605,0.210473313,0.001007049,0.056898288,0.001007049,0.216515609
541344,Broadlands,637.84007,0,0,0.011215035,0,0,0.008666163,0.009006013,0.008530224,0.565169791,0.334394959,0.001189473,0.032261432,0,0.02956691
541345,Waitahanui,14.7177964,0,0,0,0,0,0.033251926,0.101446553,0.015968439,0.247229006,0.097125681,0.427766297,0.077212098,0,0
541346,Tongariro,515.431496,0,0.001018503,0.002885758,0.002037006,0,0.014259039,0.033950093,0.00373451,0.342386692,0.038193855,0.171957223,0.060600917,0.002037006,0.326939399
541347,Motuoapa,3.33616652,0,0,0,0,0,0.093238822,0.07306434,0.093238822,0.130043621,0.046619411,0.398582334,0.160305344,0,0.004907306
541348,Tokaanu,34.2060712,0,0.010259918,0.002279982,0.072959416,0,0.131098951,0.308937528,0.017289862,0.009309926,0.091997264,0.116659067,0.039709682,0.001139991,0.198358413
541501,Rangipo,1027.67013,0,0.147586555,0.0030326,0.118776851,0.002021734,0.008086935,0.009603235,0.000505433,0.109173616,0.036896639,0.014152135,0.096285064,0.057113975,0.396765226
541502,Te More,47.9227816,0,0.138844727,0,0.157922629,0,0,0,0,0,0,0,0.012718601,0.005829359,0.684684685
541503,Taharua,784.63412,0,0.00177305,0.009118541,0.00633232,0,0.003546099,0.020263425,0,0.110942249,0.127659574,0.001013171,0.141084093,0.002026342,0.576241135
541710,Nukuhau,0.89168991,0,0,0,0,0,0,0,0.71311041,0,0.116674363,0.073881394,0.038411592,0,0.057922241
541720,Taupo Central,2.93148132,0,0,0,0,0,0.003276736,0.021468268,0.746826411,0,0.010809461,0.197084914,0.005152384,0,0.015381826
541730,Tauhara,5.33735724,0,0,0,0,0,0,0.015262539,0.540165458,0.089175493,0.291617687,0.009560848,0.02358756,0,0.030630416
541740,Hilltop,3.13844581,0,0,0,0,0,0,0.05713863,0.735556811,0.004732493,0.045894511,0.135228329,0.008497138,0,0.012952087
541750,Waipahihi,2.55641573,0,0,0,0,0,0,0.021954638,0.371949146,0.033348817,0.362334894,0.049983524,0.019755204,0,0.140673778
541760,Richmond Heights,2.08132236,0,0,0,0,0,0.054043235,0,0.421957413,0.046395895,0.289196242,0.162423068,0.008085858,0,0.017898288
541900,Ohope,6.33231471,0.578972473,0,0,0,0,0.006375072,0.00869328,0.027238945,0.020247064,0.120905591,0.130730378,0.00289776,0.002318208,0.101621228
542000,Matata,0.7542934,0.171992934,0,0,0,0,0.077083668,0.006744821,0.141079171,0,0.232696322,0.006744821,0.037096515,0.016862052,0.309699695
542100,Taneatua,0.68621936,0,0,0,0,0,0,0,0.286486486,0.014414414,0.684684685,0.014414414,0,0,0
542200,Edgecumbe,1.86923056,0,0,0.14084507,0,0,0,0,0.334613743,0,0.488689714,0.035851472,0,0,0
542300,Te Teko,4.02231027,0,0,0.766571429,0,0,0.001714286,0,0.035142857,0,0.17,0.026571429,0,0,0
542410,Whakatane North,2.40172282,0.140288501,0,0.064738957,0,0,0.048552579,0.002753454,0.311851654,0.005736363,0.143310745,0.035290107,0.04405527,0.015052217,0.188370152
542421,Coastlands,4.25694557,0.369045057,0,0.178599167,0,0,0.014901979,0,0.139506231,0.00163758,0.204028447,0.03373649,0.023302765,0.005960792,0.029281492
542422,Whakatane West,1.8406555,0,0,0.137671595,0,0,0.00120208,0,0.611282721,0,0.104808053,0.145035551,0,0,0
542430,Trident,1.82995054,0,0,0.091271323,0,0,0.010929549,0,0.772410876,0,0.063420148,0.061968104,0,0,0
542440,Allandale-Mokorua,3.40680809,0,0,0.007220406,0,0,0,0.074438945,0.287128194,0.114421328,0.098678879,0.005501262,0.02693899,0.001375315,0.384296682
542511,Orini,10.7063177,0.136048866,0,0.413660151,0,0,0.003814454,0,0.089838937,0.001589356,0.314330451,0.021115729,0.017482915,0.002119141,0
542514,Maraetotara,28.0779237,0.224757387,0,0.003152278,0,0,0.007880694,0.053851408,0.042858882,0.063754813,0.20186835,0.169922769,0.030472016,0.007530441,0.193950963
542520,Poroporo,18.90631,0.004441747,0,0.222808659,0,0,0.003029499,0.078129191,0.067339971,0.053951769,0.453194863,0.017928062,0.048631435,0.000455564,0.050089239
542530,Otakiri,480.027021,0.274209294,0,0.038706489,0,0,0.006483704,0.013358877,0.002945804,0.124854117,0.409843486,0.007450143,0.032369586,0.002055212,0.08772329
542540,Rotoma,337.922064,0,0,0.024038462,0,0,0.006181319,0.018028846,0.009271978,0.578468407,0.163633242,0.023695055,0.04584478,0.005151099,0.125686813
542550,Matahina-Minginui,2039.30043,0,0,0.002014437,0.002014437,0,0.003021655,0.022998153,0,0.293604163,0.077052207,0.009568575,0.026187678,0.004028874,0.55950982
542561,Waimana,55.7830943,0,0,0,0,0,0.01369863,0.001053741,0,0.106427819,0.574815595,0.008429926,0.009483667,0.006322445,0.279768177
542562,Urewera,1445.99897,0,0,0.013959015,0,0,0.028347539,0.020616392,0.00107377,0.108236058,0.126275401,0.086331141,0.046673221,0.000859016,0.567628447
542600,Kawerau,23.6313194,0,0,0.003305178,0,0,0.022034521,0.041314726,0.118435549,0.239625413,0.283327213,0.009915534,0.159199412,0.01101726,0.111825193
542700,Murupara,5.96878795,0,0,0.014423077,0,0,0.044871795,0,0.16025641,0.143429487,0.600160256,0.019230769,0.004807692,0.011217949,0.001602564
542800,Opotiki,4.97757241,0.018938113,0,0.156464886,0,0,0.021643558,0,0.236388231,0.004058167,0.50163454,0.054108894,0.001352722,0.005410889,0
542901,Te Kaha,16.1736396,0.123699422,0,0.060115607,0,0,0,0.034682081,0,0,0.128323699,0,0.049710983,0.001156069,0.602312139
542903,Cape Runaway,1552.34865,0.31995988,0.002006018,0.001003009,0,0,0,0.043129388,0,0.071213641,0.0667001,0.005015045,0.038114343,0.011033099,0.441825476
542904,Oponae,1255.44974,0,0,0.005535984,0,0,0.003019628,0.065425264,0.001509814,0.0437846,0.25113236,0.002013085,0.025163563,0.00402617,0.598389532
542906,Waiotahi,260.284854,0.075855836,0,0.028516176,0,0,0.039613603,0.023599594,0.007374873,0.104091064,0.317892144,0.163792417,0.033854179,0.006742741,0.198667372
543301,East Cape,2797.79404,0.278739386,0.000979752,0.001959504,0.001959504,0,0.006858263,0.066623122,0,0.164598302,0.180274331,0.002939255,0.095362508,0.025473547,0.174232528
543302,Ruatoria,21.5872631,0,0,0.013475576,0,0,0.022459293,0.011229646,0.011229646,0.093206064,0.532846715,0.010106682,0.253790006,0.047164514,0.004491859
543303,Tokomaru Bay,10.1140929,0.550309598,0,0,0,0,0.001160991,0.068498452,0.026702786,0.002321981,0.126547988,0,0.193498452,0.015092879,0.015866873
543601,Tarndale-Rakauroa,2652.87335,0,0,0.018072289,0,0,0.008032129,0.055220884,0,0.138052209,0.347389558,0.004016064,0.037148594,0.00502008,0.387048193
543602,Te Karaka,2.91357987,0,0,0.235294118,0,0,0.008403361,0.008403361,0.098739496,0.014705882,0.521008403,0.075630252,0.016806723,0.021008403,0
543800,Patutahi,5.44305053,0,0,0.719931271,0,0,0,0.003436426,0.049828179,0,0.214776632,0.012027491,0,0,0
543901,Makaraka,20.2966053,0,0,0.540154172,0,0,0.001326888,0.01260544,0.090468518,0.010615108,0.339080024,0.002653777,0.003096073,0,0
543902,Matokitoki,23.1209392,0,0,0.100564743,0,0,0.010431648,0.04398373,0.073443984,0.140577126,0.502954871,0.002071079,0.120848502,0,0.005124318
543903,Wainui,14.2879652,0.449155156,0,0.003712026,0,0,0.005877375,0.008283317,0.047655604,0.023839456,0.448416233,0.001512307,0.004949368,0.003712026,0.002887131
544001,Wharekaka,1292.63462,0.171288113,0,0.031669572,0,0,0.006640394,0.041374763,0.004621962,0.272256155,0.377140327,0.001021599,0.085814323,0.002043198,0.006129594
544002,Tiniroto,1457.25559,0.075554063,0,0.042813969,0,0,0.006044325,0.043317663,0.000335796,0.135997314,0.585292142,0.005036938,0.06934184,0.00402955,0.0322364
544003,Manutuke,30.6281746,0.001066667,0,0.430933333,0,0,0.010666667,0.011733333,0.0064,0.062933333,0.437866667,0.018133333,0.013866667,0.0064,0
544004,Tolaga Bay,29.2705189,0.229976343,0,0.002027712,0,0,0.003041568,0.059817506,0.017235553,0.013180128,0.575363298,0.002027712,0.054748226,0.023318689,0.019263265
544200,Mangapapa,3.1221464,0,0,0,0,0,0,0.158280855,0.557579721,0.099461071,0.173015553,0.0116628,0,0,0
544300,Te Hapara,2.69213329,0,0,0,0,0,0,0,0.882787495,0.015046765,0.091131447,0.011034294,0,0,0
544400,Gisborne Airport,5.2246033,0.040092707,0,0.031785209,0,0,0.00650152,0.002167173,0.58371696,0.002167173,0.321216369,0,0,0.012352888,0
544500,Whataupoko,3.33434429,0,0,0.013314042,0,0,0.064982858,0.03814985,0.396970863,0.232946958,0.22763322,0.023441817,0.002560393,0,0
544600,Gisborne Central,3.44881746,0.090291709,0,0,0,0,0,0.002006482,0.857439424,0,0.005267016,0.03506328,0,0.009932088,0
544701,Kaiti North,1.3280797,0,0,0.004130861,0,0,0.031590808,0.0235373,0.723967333,0.023740155,0.13290657,0.060126973,0,0,0
544702,Outer Kaiti,1.45396602,0,0,0,0,0,0.030537869,0.008467638,0.439731887,0.039349614,0.476467137,0.005445854,0,0,0
544801,Kaiti South,3.85200584,0.437021278,0,0,0,0,0,0.07760275,0.283370588,0.017265038,0.131074852,0.004747885,0,0.015106908,0.0338107
544802,Tamarau,1.12886063,0,0,0,0,0,0,0.040448359,0.497305152,0,0.462246489,0,0,0,0
544900,Riverdale,2.01568469,0,0,0.030457157,0,0,0,0.019954689,0.796322136,0.008401974,0.132541147,0.012322896,0,0,0
545201,Tuai,28.9783543,0,0,0,0,0,0.005477451,0.338689063,0.006572941,0.006572941,0.302903049,0.012050393,0.238451707,0.00219098,0.087091473
545202,Frasertown,8.57883168,0,0,0.043343653,0,0,0.016099071,0.026006192,0.022291022,0.017337461,0.818575851,0.022291022,0.021052632,0,0.013003096
545204,Ruakituri-Morere,1551.84476,0,0,0.002517623,0,0,0.007049345,0.058408862,0,0.163645519,0.506545821,0.011077543,0.088116818,0.002014099,0.160624371
545205,Maungataniwha,1418.06271,0,0,0.001008234,0,0,0.002016468,0.033271719,0,0.120483952,0.252058478,0.024197614,0.057805411,0,0.509158125
545206,Inland Water-Lake Waikaremoana,53.1440067,0,0,0,0,0,0.003115265,0.070612669,0,0,0.00623053,0.34423676,0.004153686,0,0.57165109
545301,Raupunga,633.852507,0.128729467,0,0.003519946,0,0,0.003017097,0.026148173,0,0.26148173,0.450888367,0.003017097,0.070398927,0,0.052799195
545302,Whakaki,180.462669,0.040909091,0,0.117482517,0,0,0.019755245,0.009440559,0.011800699,0.075524476,0.629545455,0.044143357,0.026223776,0.015734266,0.009440559
545303,Nuhaka,24.3709633,0.050786641,0,0.030913608,0,0,0.013248689,0.002208115,0.003312172,0,0.858680651,0.012144632,0.009936517,0.013248689,0.005520287
545304,Mahia,224.217762,0.579213702,0,0,0,0,0.001946283,0.010899183,0.000778513,0.022576878,0.282600234,0.002335539,0.0537174,0.024133904,0.021798365
545500,Wairoa,6.63051765,0,0,0.032759644,0,0,0.015192878,0.029910979,0.254599407,0.008545994,0.496735905,0.152284866,0.002848665,0.005697329,0.001424332
545611,Bay View,29.2340309,0.12765501,0,0.09596068,0,0,0.04246065,0.001755378,0.071911997,0.054416727,0.535877982,0.038754852,0.026525716,0.003510757,0.001170252
545621,Poraiti,18.580714,0,0,0.159810502,0,0,0.01774594,0,0.110866458,0.053585373,0.61708079,0.029291262,0.010167215,0,0.001452459
545631,Meeanee,21.0507122,0.049000419,0,0.646501542,0,0,0.002288551,0,0.110744953,0.001525701,0.166671899,0.020978384,0,0.002288551,0
545632,Awatoto,3.50826606,0.114570478,0,0.382940291,0,0,0,0,0.318595325,0,0.179343015,0.001137723,0,0.003413168,0
545710,Twyford,30.3349161,0,0,0.742644278,0,0,0.042620661,0,0.053002422,0.009820429,0.094855521,0.022226904,0.00206229,0.032767497,0
545721,Karamu,13.2948063,0,0,0.714544004,0,0,0.004044172,0,0.175078983,0.006932867,0.08091233,0.016754427,0,0.001733217,0
545722,Whakatu,10.7498536,0,0,0.686264256,0,0,0.010209672,0,0.08267344,0.008217541,0.150380995,0.041585736,0,0.02066836,0
545730,Clive,7.25553898,0.182316314,0,0.441494396,0,0,0.037110834,0,0.046948941,0.000747198,0.183287671,0.072229141,0.013449564,0.02241594,0
545740,Haumoana,25.0301974,0.365065136,0,0.166262946,0,0,0.009918175,0,0.017738275,0.075530718,0.326384253,0.016784604,0.006866429,0.015449465,0
545750,Brookvale,13.6135229,0,0,0.6856212,0,0,0.016982663,0,0.034117022,0.00980689,0.173821144,0.034922096,0.014351546,0.030377439,0
545761,Irongate,8.83953977,0,0,0.691935719,0,0,0,0,0.14017855,0,0.16380299,0,0,0.004082741,0
545762,Longlands South,10.5970311,0,0,0.789108715,0,0,0,0,0.068349557,0.010323561,0.129936718,0.000570362,0,0.001711087,0
545811,Tangoio,310.452554,0.208513892,0,0.019712805,0,0,0.012235534,0.008666837,0.001019628,0.248279378,0.427988784,0.001359504,0.065086244,0.002039256,0.005098139
545812,Eskdale,26.0814374,0.215825989,0,0.112132008,0,0,0.005625352,0.007875492,0.015938496,0.250328146,0.360772548,0.007875492,0.021376336,0.00112507,0.00112507
545821,Sherenden-Puketapu,659.673082,0,0,0.079128532,0,0,0.018091624,0.005169035,0.007330632,0.111134259,0.671629985,0.008270456,0.074951012,0.016024009,0.008270456
545822,Omahu,12.1950788,0,0,0.480273786,0,0,0.059731315,0,0.005739308,0.012541451,0.35647479,0.041875691,0.003188504,0.038899753,0.001275402
545831,Waiohiki,8.42236781,0,0,0.598104627,0,0,0.022875194,0.001089295,0.038942295,0.005446475,0.286811361,0.015113967,0.001633942,0.029982844,0
545832,Pakowhai,25.5995994,0.012207397,0,0.686848136,0,0,0.022701476,0,0.023236888,0.001070824,0.207033174,0.032767224,0.003854968,0.010279913,0
545841,Maraekakaho,366.298745,0,0,0.072270906,0,0,0.020041944,0.01541688,0.002202411,0.078112191,0.773070871,0.012676101,0.007194544,0.0128474,0.006166752
545842,Bridge Pa,27.142901,0,0,0.5814661,0,0,0,0,0.069701963,0.022745034,0.319917692,0,0,0.006169212,0
545851,Poukawa,356.555101,0,0,0.062711313,0,0,0.00778056,0.002074816,0.001027977,0.053426511,0.850155847,0.007261856,0.004149632,0.004149632,0.007261856
545852,Pakipaki,16.6089157,0,0,0.666725017,0,0,0.002698037,0,0.009690448,0.017312402,0.282439475,0.004946401,0.001349018,0.014839202,0
545860,Waimarama,338.488859,0.291782297,0,0.02882603,0,0,0.012636418,0.004212139,0.005765301,0.057425499,0.565830708,0.003510116,0.0121099,0.013689453,0.004212139
545911,Tutira,1263.78461,0.025113009,0,0,0,0,0.00100452,0.021094927,0,0.252134606,0.298342541,0.002009041,0.124058262,0.002009041,0.274234053
545912,Puketitiri,974.600991,0,0.004022122,0,0.038210156,0,0.00100553,0.013071895,0,0.156862745,0.255404726,0.00100553,0.220211161,0.004524887,0.305681247
545913,Whanawhana,672.322192,0,0.008064516,0.002520161,0.056451613,0,0.004032258,0.029233871,0,0.130040323,0.311491935,0.003024194,0.220262097,0.016633065,0.218245968
546100,Westshore,1.04608826,0.646103393,0,0,0,0,0.115288798,0,0.152983723,0,0.018679547,0.06694454,0,0,0
546200,Ahuriri,1.09497843,0.161731037,0,0,0,0,0.011995022,0,0.68817272,0.064270821,0,0.0738304,0,0,0
546300,Onekawa Central,0.67691415,0,0,0,0,0,0.032891518,0,0.967108482,0,0,0,0,0,0
546400,Onekawa West,3.70347175,0,0,0.082220861,0,0,0.044527595,0,0.660196233,0.002811575,0.026461886,0.18378185,0,0,0
546500,Onekawa South,1.70750303,0,0,0.042464333,0,0,0,0,0.805855021,0,0.151680646,0,0,0,0
546600,Marewa,2.19483255,0,0,0.010899657,0,0,0.009435501,0,0.954580185,0.025084657,0,0,0,0,0
546700,Maraenui,1.0522528,0,0,0.19714809,0,0,0,0,0.770496673,0,0.032355237,0,0,0,0
546801,Hospital Hill,1.57178089,0,0,0,0,0,0.015794482,0,0.749665652,0.202269468,0,0.032270397,0,0,0
546802,Bluff Hill,1.99397908,0.44405708,0,0,0,0,0.005563532,0,0.498703388,0.051676,0,0,0,0,0
546901,Nelson Park,1.40663197,0.089293833,0,0,0,0,0,0,0.847191467,0.0635147,0,0,0,0,0
546902,Mclean Park,1.07881371,0.156385556,0,0.101038215,0,0,0,0,0.669919857,0.020349516,0.052306856,0,0,0,0
547001,Tamatea North,0.96963882,0,0,0.16294004,0,0,0,0,0.734270782,0,0.102789178,0,0,0,0
547002,Tamatea South,0.95492239,0,0,0,0,0,0,0,0.941901459,0,0.051154492,0.006944049,0,0,0
547100,Greenmeadows,3.26413811,0,0,0.18801435,0,0,0,0,0.608682491,0,0.198063883,0.005239276,0,0,0
547200,Taradale North,2.31790931,0,0,0.045467007,0,0,0,0,0.84396226,0.019502622,0.091068111,0,0,0,0
547300,Taradale South,6.79224736,0,0,0.08751055,0,0,0.014214912,0.002369152,0.230304838,0.031213577,0.587033547,0.023099232,0.003553728,0.020700465,0
547400,Pirimai,1.29014663,0,0,0.080099609,0,0,0.011204051,0,0.90869634,0,0,0,0,0,0
547600,Mahora,1.54971726,0,0,0.148694151,0,0,0,0,0.832913158,0,0.01839269,0,0,0,0
547700,St Leonards,1.23244765,0,0,0,0,0,0,0,1,0,0,0,0,0,0
547800,Frimley,1.6338529,0,0,0.421408802,0,0,0,0,0.572700852,0,0.005890345,0,0,0,0
547900,Raureka,1.93642351,0,0,0.203780895,0,0,0,0,0.718706512,0,0.077512593,0,0,0,0
548000,Mayfair,1.59588011,0,0,0.285996487,0,0,0,0,0.705651896,0,0.008351617,0,0,0,0
548100,Parkvale,1.39082498,0,0,0.065265575,0,0,0,0,0.922816364,0.011918061,0,0,0,0,0
548200,Hastings Central,2.31409662,0,0,0,0,0,0,0,1,0,0,0,0,0,0
548300,Akina,1.74426724,0,0,0.279170243,0,0,0,0,0.70168922,0,0.019140537,0,0,0,0
548400,Woolwich,0.78404587,0,0,0.654558692,0,0,0,0,0.325032999,0,0.012244985,0.004081662,0,0,0.004081662
548500,Camberley,1.10259277,0,0,0.323642808,0,0,0,0,0.676357192,0,0,0,0,0,0
548611,Kingsley-Chatham,2.16364938,0,0,0.524368842,0,0,0,0,0.408572966,0.00193323,0.065124962,0,0,0,0
548612,Lochain,1.00216422,0,0,0.233127069,0,0,0,0,0.69695321,0.006238885,0.063680837,0,0,0,0
548620,Flaxmere East,1.65907541,0,0,0.314402463,0,0,0,0,0.652898513,0.005642206,0.027056818,0,0,0,0
548810,Anderson Park,0.67314638,0,0,0.184413232,0,0,0,0,0.632432574,0,0.173751339,0.009402856,0,0,0
548821,Iona,2.58555068,0,0,0.010269586,0,0,0.010049644,0,0.41442682,0.225567991,0.328798843,0,0,0,0.010887115
548822,Havelock Hills,13.6851541,0,0,0.015684773,0,0,0.011929264,0,0.0119219,0.060489468,0.898649121,0,0.001325474,0,0
548831,Te Mata,2.0992135,0,0,0.140728754,0,0,0.009241711,0,0.617285663,0.003893029,0.228850843,0,0,0,0
548832,Havelock North Central,1.81762513,0,0,0,0,0,0.001771748,0,0.692035779,0.166171665,0.082439004,0,0,0,0.057581804
548833,Te Mata Hills,7.41132431,0,0,0.093981277,0,0,0.032680528,0.001485479,0.052607752,0.076774484,0.666339704,0.028966832,0.028966832,0.012626568,0.005570545
549000,Takapau,2.83991938,0,0,0,0,0,0,0,0.119426501,0.01890657,0.857885615,0,0,0,0.003781314
549100,Waipawa,6.94430205,0,0,0.015539009,0,0,0.031078019,0,0.123017158,0.047911946,0.74101651,0.016833927,0,0.020718679,0.003884752
549200,Tikokino,1336.22958,0,0.012139605,0.009104704,0.024279211,0,0.009104704,0.028325746,0.001517451,0.041476985,0.730905412,0.003034901,0.013151239,0.007081437,0.119878604
549400,Otane,0.8541165,0,0,0.029850746,0,0,0.023880597,0,0.286567164,0.023880597,0.635820896,0,0,0,0
549500,Waipukurau,7.82287421,0,0,0.006958942,0,0,0.013917884,0,0.187891441,0.011134308,0.762004175,0.006958942,0,0.011134308,0
549601,Porangahau,22.3864383,0.151134896,0,0,0,0,0.001107215,0.002214431,0.007750507,0.035430891,0.724856985,0.035430891,0.001107215,0.039859753,0.001107215
549602,Elsthorpe-Flemington,1955.98759,0.225665941,0,0.010051935,0,0,0.014072709,0.006031161,0.002010387,0.044228514,0.655721226,0.006031161,0.021109063,0.005025967,0.010051935
549800,Norsewood-Herbertville,1446.00409,0.019193535,0.015152791,0.00505093,0,0,0.003030558,0.053034767,0.001852008,0.043438,0.788534388,0.004040744,0.035356511,0.001010186,0.030305581
549901,Owahanga,733.326196,0.096482412,0,0,0,0,0,0.023115578,0,0.081407035,0.683417085,0.00201005,0.082914573,0,0.030653266
549902,Mara,69.0931131,0.133402275,0,0,0,0,0.001034126,0.032057911,0,0.087900724,0.360392968,0.002068252,0.37073423,0.002068252,0.010341262
550101,Dannevirke West,2.07408558,0,0,0,0,0,0.00929716,0,0.380343705,0.010937836,0.599421299,0,0,0,0
550102,Dannevirke East,3.40348803,0,0,0,0,0,0.006775424,0,0.347017138,0.007445521,0.638761916,0,0,0,0
550200,Papatawa,416.74799,0,0.003074085,0.00204939,0,0,0.009222256,0.087099088,0.005926154,0.020493903,0.820900365,0.006148171,0.015370427,0.003074085,0.026642074
550500,Woodville,4.03974921,0,0,0.02244389,0,0,0,0.001870324,0.186876559,0,0.785068579,0.003740648,0,0,0
550600,Urenui,3.6547314,0.092455859,0,0.040449438,0,0,0.032744783,0.03081862,0.092455859,0.023113965,0.657142857,0.011556982,0.001926164,0.007704655,0.009630819
550700,Okoki-Okau,1098.29248,0.339431269,0,0,0,0,0.001004235,0.017071987,0.002343214,0.008033876,0.250004184,0.001004235,0.035650326,0.001004235,0.344452441
550800,Oakura,1.5164964,0.213745363,0,0.003212606,0,0,0,0.054935557,0.251011588,0.009637817,0.385833939,0.009178873,0.009637817,0.021845718,0.040960722
550901,Bell Block,5.16909244,0.147680061,0,0.004014943,0,0,0.017281709,0.008379011,0.310355061,0.015710645,0.443441679,0.001396502,0,0.05174039,0
550902,Paraite,4.58766396,0,0,0.024164244,0,0,0.003740595,0.016832678,0.387897037,0.011034755,0.5488495,0.000748119,0,0,0.006733071
551012,Glen Avon,5.20431761,0.083013848,0,0.019929912,0,0,0.00345891,0.018974594,0.246863451,0.055342565,0.49023348,0.031403141,0.00197652,0.043335205,0.005468373
551013,Bowden,13.2575951,0.145518328,0,0.056615724,0,0,0.000454745,0.002728469,0.122498498,0.011595992,0.645581667,0.004092703,0,0.00954964,0.001364234
551014,Mangaoraka,16.6973649,0,0,0.043515968,0,0,0.001385859,0.009991382,0.060830954,0.04654176,0.798879984,0.006051584,0.001385859,0.011260103,0.020156547
551021,Carrington,12.2285175,0,0,0.011567885,0,0,0.000608836,0.034490563,0.146627484,0.030312426,0.703265004,0.000913254,0.002130926,0,0.070083621
551022,Highlands Park,3.24272059,0,0,0,0,0,0.004175918,0.038580016,0.261050554,0.021505979,0.579219745,0.015485697,0,0.008351836,0.071630255
551023,Fernleigh,1.01965468,0,0,0.003708225,0,0,0.00444987,0,0.339084781,0.032632377,0.546293994,0.00444987,0,0,0.069380884
551024,Barrett,2.27783804,0,0,0,0,0,0.015571253,0.050495348,0.318968127,0.012386224,0.507459145,0.021233526,0.002123353,0,0.071763026
551030,Omata,17.9023148,0.402421968,0,0.011507086,0,0,0.002876771,0.014844141,0.022438817,0.006904251,0.5000637,0.000164387,0.001726063,0.00138085,0.035671966
551111,Lepperton,102.12099,0.094486456,0,0.030055334,0,0,0.001127075,0.007325988,0.040021897,0.025021066,0.768327045,0.009242015,0.001127075,0.004669311,0.018596738
551112,Kaitake,358.154138,0.079220516,0,0.001025508,0.007178558,0,0.003076525,0.053839186,0.005161725,0.010255083,0.534128672,0.003076525,0.001025508,0.009229575,0.292782619
551120,Okato,1.02471414,0,0,0,0,0,0.003605351,0.003605351,0.165245271,0.007210703,0.734255559,0,0,0.014421405,0.071656359
551301,Waitara West,3.66296818,0.040173054,0,0.068764687,0,0,0.004343033,0,0.363373427,0.008939409,0.467682595,0.035323334,0.000542879,0.010857582,0
551302,Waitara East,2.27444668,0.022386707,0,0.03063444,0,0,0.004712991,0.002356495,0.449455341,0.011036254,0.426907199,0.043673715,0.004123867,0.004712991,0
551400,Moturoa,4.6497402,0.485482361,0,0,0,0,0.004984418,0.017883404,0.238008094,0.001619936,0.161467684,0.001993767,0.039543053,0.043862883,0.0051544
551501,Lynmouth,1.13106842,0,0,0,0,0,0,0.057561165,0.926259119,0,0,0,0,0.007525449,0.008654266
551502,Spotswood,1.33153346,0,0,0,0,0,0,0.036604859,0.830201503,0,0.123369437,0,0,0,0.0098242
551503,Marfell,1.07127503,0,0,0,0,0,0,0.05904649,0.909842782,0,0.00732341,0,0,0,0.023787318
551600,Upper Westown,0.83326364,0,0,0.016768638,0,0,0,0.01136783,0.682865248,0.007431555,0.229363285,0,0,0,0.052203444
551700,Westown,1.95613193,0,0,0,0,0,0,0.054746104,0.849214473,0.000354862,0.042686352,0,0,0,0.05299821
551800,New Plymouth Central,1.04067481,0.358440269,0,0,0,0,0,0,0.634813976,0,0,0,0,0,0.006745755
551900,Kawaroa,0.90051111,0.120438168,0,0,0,0,0,0,0.831809373,0,0,0,0,0,0.047752459
552001,Mount Bryan,0.59465003,0.089002594,0,0,0,0,0,0.002630619,0.862605063,0,0.023456349,0,0,0.00613811,0.016167266
552002,Marsland Hill,0.87453488,0,0,0,0,0,0,0,0.758267902,0,0,0.011344721,0,0,0.230387377
552100,Fitzroy,2.86470884,0.228872846,0,0,0,0,0,0.009821509,0.598718452,0,0.064348838,0.03121339,0,0.065423924,0.001601041
552200,Welbourn,1.91384602,0,0,0,0,0,0,0.013918833,0.714427353,0,0.034513024,0,0,0,0.23714079
552300,Merrilands,1.71117172,0,0,0,0,0,0,0.050087031,0.763477709,0,0.059455105,0.030902583,0,0.004342283,0.091735289
552400,Frankleigh,2.15410979,0,0,0,0,0,0,0.06941017,0.73307334,0,0.047606646,0,0,0,0.149909843
552500,Struan Park,2.8350794,0,0,0,0,0,0,0.036591426,0.593499613,0.004312121,0.214601751,0.002402467,0,0,0.148592621
552701,Egmont Village,20.5977189,0,0,0.012509477,0,0,0.001137225,0.025018954,0.019332828,0.067664898,0.860689917,0.003411676,0.00227445,0.003411676,0.004548901
552702,Kaimata,503.673508,0,0,0.001028111,0.001028111,0,0,0.031014683,0.004283796,0.041124442,0.704589425,0.006168666,0.033927665,0.003084333,0.173750767
552800,Inglewood,2.94443523,0,0,0,0,0,0,0.005905512,0.344160105,0.00984252,0.626312336,0.003937008,0.003937008,0,0.005905512
552900,Midhirst,1.5466173,0,0,0,0,0,0,0,0.08043544,0.00352787,0.91603669,0,0,0,0
553001,Whangamomona,689.591167,0,0,0,0,0,0,0.013650152,0,0.001011122,0.273508595,0.004044489,0.087462083,0,0.620323559
553002,Douglas,1051.42541,0.021162244,0,0,0,0,0.001007726,0.032751092,0,0.043332214,0.406953309,0.002015452,0.079610346,0.001007726,0.412159893
553003,Toko,187.478125,0,0,0.002086283,0,0,0.002433996,0.014603979,0.005233092,0.01564712,0.908881603,0,0.019819686,0,0.03129424
553004,Pembroke,224.831023,0,0,0,0.003120828,0,0.001040276,0.026527039,0.006605753,0.00520138,0.610052534,0,0.001040276,0.013523588,0.332888326
553101,Stratford West,4.09647938,0,0,0,0,0,0,0,0.450629593,0,0.525846711,0,0,0,0.023523696
553102,Stratford East,4.44135259,0,0,0,0,0,0.003918013,0,0.568509252,0,0.41362461,0,0,0,0.013948126
553200,Opunake,3.72923364,0.147237087,0,0,0,0,0,0.010643645,0.197646572,0.003547882,0.605445998,0.024835171,0,0.005321822,0.005321822
553301,Rahotu,27.8014284,0.086472444,0,0.001113379,0,0,0.001113379,0,0.004453516,0.017814066,0.863425496,0.001113379,0,0.020040824,0.004453516
553302,Kahui,612.879163,0.168910628,0,0,0.004061979,0,0.003046484,0.035034569,0.000592372,0.009139453,0.59274429,0.00203099,0.001015495,0.015232421,0.168191319
553400,Kaponga,2.25660617,0,0,0,0,0,0,0,0.107044199,0.017265193,0.858425414,0,0,0,0.017265193
553500,Mangatoki-Moeroa,529.280762,0,0,0.001023297,0.002046594,0,0.003069891,0.035815397,0.002558243,0.047071665,0.61677525,0.004093188,0.075212334,0.005116485,0.207217655
553601,Eltham,6.62403919,0,0,0,0,0,0,0,0.201540096,0,0.745884227,0.007966012,0.001593202,0,0.043016463
553700,Kapuni,213.851731,0.126621061,0,0.00102944,0,0,0.003088319,0,0.004453551,0.008235516,0.844218839,0.003088319,0.002058879,0.002058879,0.005147198
553800,Manaia,2.10611558,0,0,0,0,0,0,0,0.334361167,0.026702482,0.638936351,0,0,0,0
553900,Normanby,1.06454596,0,0,0,0,0,0,0,0.309527928,0.00484295,0.685629122,0,0,0,0
554010,Hawera North,3.74512918,0,0,0.005256088,0,0,0,0.009460959,0.422646232,0.002102435,0.555278197,0,0,0,0.005256088
554020,Hawera South,3.00102819,0,0,0.006901759,0,0,0,0.004601172,0.407848285,0.017254396,0.563394387,0,0,0,0
554111,Ohawe Beach,34.7108663,0.473527224,0,0,0,0,0.001130137,0,0.038392354,0.00339041,0.481582137,0.001130137,0,0,0.000847602
554113,Tawhiti,37.1250792,0,0,0.006797684,0,0,0.002265895,0.011895947,0.041624125,0.031722525,0.884167825,0.002265895,0.005664737,0,0.013595368
554114,Waingongoro,32.4653485,0,0,0.000608202,0,0,0.000608202,0.002432807,0.02754285,0.010947631,0.941742961,0.004865614,0.00364921,0.001216403,0.006386118
554115,Hawera West,2.53978195,0,0,0,0,0,0,0,0.255791735,0.001466262,0.732478169,0.008797572,0,0,0.001466262
554120,Ohangai,331.781344,0.00712952,0,0.006111017,0,0,0,0.042267866,0,0.060600917,0.411305381,0.010694279,0.146155152,0,0.315735868
554130,Okaiawa,62.1592723,0.002200376,0,0,0,0,0.00275047,0.001100188,0.006271071,0.005500939,0.956872638,0.007701315,0.003300563,0.003300563,0.011001878
554300,Waitotara,0.24872131,0,0,0.1,0,0,0,0,0.175,0.025,0.625,0.0625,0,0,0.0125
554400,Whenuakura,893.081575,0.023606779,0,0.001011719,0,0,0,0.060703145,0.00050586,0.064750021,0.344068797,0.005564455,0.104207065,0,0.39558216
554500,Makakaho,766.219659,0.064321608,0,0.00201005,0,0,0,0.069346734,0,0.096482412,0.401005025,0.007537688,0.073366834,0.007035176,0.278894472
554700,Patea,6.15344482,0.265521643,0,0,0,0,0,0.001392596,0.116281769,0.029244517,0.535337124,0.029940815,0,0.02088894,0.001392596
554800,Waverley,2.27584963,0,0,0,0,0,0,0,0.366559486,0.012861736,0.620578778,0,0,0,0
554900,Tangiwai,2693.57646,0,0.071763131,0.00100368,0.080796253,0,0.008029441,0.007025761,0,0.054700569,0.31047173,0.005018401,0.089829374,0.034125125,0.337236534
555000,Ohakune,8.47052397,0,0,0.088435374,0,0,0.005442177,0,0.114285714,0.001360544,0.639455782,0.002721088,0.005442177,0.001360544,0.141496599
555100,Raetihi,3.88253554,0,0,0.014634146,0,0,0,0.001829268,0.129878049,0.018292683,0.802439024,0.005487805,0,0,0.027439024
555200,Otamatea,1.27007165,0,0,0,0,0,0,0.003330501,0.222226334,0.041631258,0.684112587,0.009528932,0.003330501,0,0.035839888
555300,Blueskin,47.1311735,0.001995202,0,0.020031191,0,0,0.003694818,0.011638676,0.039040113,0.03325336,0.845527527,0.008935044,0.018621882,0.000997601,0.016264588
555400,Maxwell,1044.80579,0.026384523,0,0.004566552,0.001014789,0,0.002029579,0.040591574,0.000525516,0.085242305,0.224555969,0.006596131,0.120252538,0.002536973,0.485703551
555700,Castlecliff North,3.38328778,0.341626728,0,0,0,0,0.002225581,0.036099458,0.244039324,0.016135464,0.319256585,0,0,0.040616859,0
555800,Castlecliff South,1.81722753,0.080606257,0,0,0,0,0,0.075688315,0.450669523,0,0.120284483,0.229425558,0,0.043325863,0
555900,Mosston,2.05698829,0,0,0,0,0,0.013261312,0,0.223751497,0.039047197,0.718414447,0,0,0,0.005525547
556000,Balgownie,3.30536607,0.302923507,0,0,0,0,0,0,0.331075672,0,0.128373072,0.186549834,0.00664954,0.044058956,0.000369419
556100,Tawhero,1.06060161,0,0,0,0,0,0,0,0.657632842,0.007209395,0.320018033,0,0,0,0.01513973
556200,Gonville South,1.97376686,0,0,0,0,0,0,0,0.594535043,0.031494486,0.057697698,0.285020552,0,0.031252221,0
556300,Gonville East,0.85773024,0,0,0,0,0,0,0,1,0,0,0,0,0,0
556400,Gonville West,0.73838628,0,0,0,0,0,0.008451031,0,0.93306763,0,0,0,0,0.051438814,0.007042526
556500,Springvale West,0.56982837,0,0,0,0,0,0,0,0.831392597,0,0.168607403,0,0,0,0
556600,Springvale East,0.93326466,0,0,0,0,0,0,0,0.705732563,0,0.207299058,0,0,0,0.086968379
556700,Wanganui Collegiate,1.41402615,0,0,0,0,0,0,0,0.972742551,0,0,0,0,0,0.027257449
556800,Laird Park,1.2954553,0,0,0,0,0,0,0,0.786389441,0.0072945,0.001591527,0.109510779,0,0,0.095213753
556900,Wanganui Central,0.66343314,0,0,0,0,0,0.051723109,0,0.763125041,0,0,0.18515185,0,0,0
557000,Spriggens Park,0.98119876,0,0,0,0,0,0,0,0.891312667,0,0,0.102658116,0,0.006029217,0
557100,Cooks Gardens,1.27384214,0,0,0,0,0,0.005492719,0,0.840111648,0,0.024320053,0.13007558,0,0,0
557200,St Johns Hill,1.77394461,0,0,0,0,0,0.005863847,0,0.690824452,0.02182654,0.098610355,0.021989425,0,0,0.16088538
557300,Lower Aramoho,2.32702085,0,0,0,0,0,0.017889115,0.023000291,0.355023698,0.056790842,0.438246818,0.053783632,0.005451921,0,0.049813682
557400,Upper Aramoho,1.56163179,0,0,0.111623069,0,0,0.006619837,0.031444228,0.353467797,0.044021919,0.331743171,0.081479166,0.003309919,0,0.036290895
557500,Williams Domain,1.26073055,0,0,0.003803548,0,0,0,0,0.696599607,0,0.226043981,0.070031061,0,0,0.003521803
557600,Wembley Park,1.54692472,0,0,0.040382633,0,0,0,0,0.261405144,0.010166257,0.665190713,0.016266012,0,0,0.006589241
557700,Kowhai Park,1.49489947,0,0,0,0,0,0.00992783,0,0.458575917,0.016408461,0.406080479,0.052961753,0.002109132,0,0.053936428
557800,Bastia Hill,1.1730047,0,0,0,0,0,0.022483737,0.014333048,0.32335521,0.011589829,0.420496263,0.041727765,0.022207839,0,0.143806308
557900,Durie Hill,1.38362187,0,0,0,0,0,0,0.00801006,0.40164401,0,0.488281382,0.044814589,0.005868176,0,0.051381784
558100,Putiki,1.00379495,0,0,0,0,0,0,0,0.20341422,0.030099446,0.675733388,0.067197569,0.005159905,0.015078389,0.003317082
558200,Marybank-Gordon Park,20.6459191,0.102985921,0,0.005748051,0,0,0.009867949,0.014370129,0.108464059,0.075702635,0.607793664,0.041386177,0.007903571,0.013017227,0.012760617
558300,Fordell-Kakatahi,1223.5265,0.006099026,0,0.010165043,0,0,0.00711553,0.02134659,0.000672215,0.127063036,0.607479904,0.009497054,0.073696561,0.003557765,0.133307277
558500,Waiouru,5.78838973,0,0,0,0.382222222,0,0.106666667,0.002962963,0.281481481,0.056296296,0.142222222,0,0.026666667,0,0.001481481
558600,Mangaweka,3.9511636,0,0,0,0,0,0,0.028154327,0.012513034,0.010948905,0.768248175,0.026590198,0.010948905,0.040667362,0.101929093
558700,Hunterville,3.2188789,0,0,0,0,0,0.002321263,0,0.055710306,0.011606314,0.914113278,0,0,0,0.016248839
558800,Ratana Community,0.21425031,0,0,0,0,0,0,0,0.351184346,0,0.648815654,0,0,0,0
558900,Bulls,4.4755712,0,0,0.040382758,0,0,0.055306821,0.002926287,0.191028005,0.04213853,0.576917449,0.038626986,0.026336582,0.026336582,0
559000,Ngamatea,611.66396,0,0.009095503,0,0.228398181,0,0.006063669,0.009095503,0,0.011116726,0.171803941,0,0.303688732,0.015664477,0.245073269
559210,Moawhango,1405.77213,0,0.072754641,0.003010537,0.175112895,0,0.01304566,0.01304566,0.002007025,0.033115906,0.353236327,0.005017561,0.075765178,0.033115906,0.220772704
559220,Pohonui-Porewa,1826.83989,0,0.018179982,0.005049995,0.018684981,0,0.005049995,0.036359964,0.002019998,0.055549944,0.667811332,0.004039996,0.034339966,0.004039996,0.148873851
559230,Lake Alice,614.668311,0.1788104,0,0.044958043,0,0,0.012772171,0.002043547,0.006516646,0.094003182,0.64148231,0.006130642,0.005108869,0.001021774,0.007152416
559240,Koitiata,0.21153864,0,0,0,0,0,0.056670602,0,0.26446281,0,0.527744982,0.151121606,0,0,0
559400,Taihape,5.0854779,0,0,0,0,0,0.026788704,0.006697176,0.189195223,0.015068646,0.652416564,0.005022882,0.001674294,0,0.103136511
559500,Marton,7.68217564,0,0,0.107916065,0,0,0.002664594,0,0.295769957,0.014655268,0.568335739,0,0,0.010658377,0
559700,Kiwitea,783.835616,0,0.03431455,0.004037006,0.00706476,0,0.004037006,0.085786375,0.001009251,0.045416316,0.686795627,0.006055509,0.016148024,0.002018503,0.107317073
560000,Pohangina,682.736709,0,0.034573341,0.004067452,0.015761376,0,0.005084315,0.140835522,0.004999576,0.021862554,0.640115244,0.005084315,0.031522752,0.002033726,0.094059825
560200,Ashhurst,7.07024271,0,0,0.026558201,0,0,0.008613471,0.022969255,0.155760258,0.010049049,0.678430434,0.031582725,0.037325039,0.012920206,0.015791363
560301,Stoney Creek,24.6264779,0,0,0.002947302,0,0,0.002357842,0.004715684,0.019059221,0.018666247,0.946359099,0.001768381,0.002357842,0.001768381,0
560302,Whakarongo,27.3477982,0,0,0.099619138,0,0,0.011591453,0.017681878,0.042613325,0.039685992,0.733404996,0.029076866,0.001178792,0.016896017,0.008251543
560411,Oroua Bridge,10.6728382,0,0,0.063131287,0,0,0.002184474,0,0.023167383,0.007208763,0.893822621,0.003713605,0,0.006771868,0
560412,Maewa,15.2073032,0,0,0.015089359,0,0,0.00377234,0.002829255,0.034754277,0.002829255,0.929644268,0.000707314,0.002829255,0.006130052,0.001414627
560421,Halcombe,17.4300955,0,0,0.045070423,0,0,0.001126761,0.001126761,0.006760563,0.027042254,0.898591549,0,0.013521127,0,0.006760563
560422,Tokorangi-Hiwinui,400.237026,0,0,0.034348491,0,0,0.005204317,0.007286043,0.009844044,0.0312259,0.871497534,0.005204317,0.023939857,0.00312259,0.008326907
560710,Feilding North,2.58756704,0,0,0,0,0,0,0,0.36278273,0.01031522,0.622202894,0,0,0,0.004699156
560720,Feilding West,2.72356745,0,0,0,0,0,0,0.01312982,0.546293869,0.006127249,0.434449062,0,0,0,0
560730,Feilding Central,1.43428397,0,0,0,0,0,0,0,0.973062292,0,0.014540923,0.005312908,0,0,0.007083877
560740,Feilding East,2.28710651,0,0,0.011856005,0,0,0.001693715,0,0.297892609,0.011432577,0.620809069,0.034721158,0,0.021594867,0
560900,Sanson,0.60439658,0,0,0.219867149,0,0,0,0,0.246670002,0.021986715,0.511476135,0,0,0,0
561000,Rongotea,0.55131347,0,0,0.037774437,0,0,0,0,0.413923886,0.045329324,0.502972352,0,0,0,0
561100,Tangimoana,0.38153543,0,0,0,0,0,0.010652519,0,0.34017044,0.053262595,0.585261927,0.010652519,0,0,0
561200,Himatangi Beach,0.9542358,0.012070815,0,0,0,0,0,0,0.379560086,0.294527897,0.120708155,0,0.072424893,0.120708155,0
561300,Foxton Beach,9.86656834,0.032394169,0,0,0,0,0.068987582,0.004799136,0.046191685,0.208762423,0.43650143,0.085784559,0.042192405,0.07438661,0
561410,Rakiraki,10.7680438,0,0,0.014436472,0,0,0.00641621,0.012832419,0.180749316,0.005881526,0.757548134,0.004812157,0,0.004812157,0.012511609
561421,Ohakea,4.94718156,0,0,0.151582454,0,0,0.014991671,0,0.317601333,0.011660189,0.458356469,0,0,0.045807885,0
561422,Oroua Downs-Waitohi,474.629592,0.002092655,0,0.028599613,0,0,0.014648582,0.001395103,0.005113717,0.092286067,0.8323219,0.005231636,0.006277964,0.010986437,0.001046327
561500,Moutoa,184.213565,0.007346639,0,0.037257954,0,0,0.012069478,0.00314856,0.009428187,0.108362924,0.769910266,0.025713236,0.005772359,0.018891357,0.00209904
561700,Foxton,3.53355278,0,0,0,0,0,0.007449483,0,0.392991278,0.044696899,0.518856504,0.013036596,0.02296924,0,0
561811,Kairanga,26.72696,0,0,0.012440355,0,0,0.001332895,0,0.094396116,0.007997371,0.883833263,0,0,0,0
561812,Longburn,6.93035344,0,0,0.009752432,0,0,0.013623852,0,0.076246285,0.014953729,0.84269032,0.028370711,0.002837071,0.011525601,0
561813,Massey University,10.0765492,0,0,0.008917737,0,0,0.023530086,0.005945158,0.186959318,0.034297191,0.683945825,0.015493506,0.008777601,0.01073101,0.021402568
561820,Linton Military Camp,8.81277044,0,0,0,0,0,0.011358814,0.011982924,0.137279377,0.046284045,0.739720898,0.021469406,0.006590608,0.009586339,0.015727588
561901,Kauwhata,154.947278,0,0,0.043341943,0,0,0.011722964,0.000770523,0.026067508,0.015025207,0.875294484,0.016566254,0.000231157,0.005778926,0.005201033
561902,Turitea,225.173086,0,0,0.017265887,0,0,0.001266791,0.121893406,0.028878329,0.065028584,0.697504286,0.005855388,0.009946652,0.007319235,0.045041443
562100,Milson,7.75958676,0,0,0.001870656,0,0,0,0,0.468217035,0,0.529912309,0,0,0,0
562200,Kelvin Grove,4.98136332,0,0,0.048152605,0,0,0.008453122,0,0.392522437,0.017208141,0.533663695,0,0,0,0
562310,Takaro,1.95120972,0,0,0,0,0,0,0,1,0,0,0,0,0,0
562320,Cloverlea,1.47968661,0,0,0,0,0,0,0,0.586851429,0,0.413148571,0,0,0,0
562401,Palmerston North Hospital,1.94620901,0,0,0,0,0,0,0,1,0,0,0,0,0,0
562402,Papaeoia,1.0703474,0,0,0,0,0,0,0,1,0,0,0,0,0,0
562500,Roslyn,3.44515148,0,0,0,0,0,0,0,0.987234342,0,0.012765658,0,0,0,0
562600,Terrace End,1.6138147,0,0,0.122887326,0,0,0.029475442,0,0.760719302,0,0.0400866,0.025242207,0,0.021589123,0
562710,Highbury,1.45241031,0,0,0,0,0,0,0,0.997399104,0,0.002600896,0,0,0,0
562720,Westbrook,4.14079383,0,0,0.044345617,0,0,0,0,0.254971924,0.014091131,0.676644648,0,0,0,0.00994668
562800,Palmerston North Central,2.12865896,0,0,0,0,0,0,0,1,0,0,0,0,0,0
562910,Awapuni North,1.23348848,0,0,0,0,0,0,0,1,0,0,0,0,0,0
562921,Awapuni West,3.41348818,0,0,0.013653043,0,0,0.022047136,0,0.282035339,0.006068019,0.569294578,0.063360234,0.012443051,0.031098598,0
562922,Awapuni South,1.70541948,0,0,0,0,0,0.025178775,0.009814465,0.602636868,0.026008331,0.20185082,0.064448317,0.051251367,0.018811057,0
563000,West End,2.52888586,0,0,0,0,0,0.016605408,0.035187651,0.817862723,0.015616991,0.057842172,0.056885055,0,0,0
563101,Hokowhitu West,1.47497526,0,0,0,0,0,0,0,0.98957846,0,0,0.01042154,0,0,0
563102,Hokowhitu Lagoon,1.57976226,0,0,0,0,0,0.01434087,0.011656372,0.708136223,0.031154303,0.134458015,0.078594559,0,0.021659658,0
563200,Hokowhitu East,2.17660089,0,0,0.075081206,0,0,0.009366418,0,0.719232255,0,0.079127499,0.056323393,0.004495881,0.056373348,0
563300,Aokautere,11.8595413,0,0,0.152886618,0,0,0.01429686,0.018746746,0.158173764,0.035431349,0.536152982,0.021488375,0.029008122,0.009779881,0.024035301
563500,Shannon,3.65142123,0,0,0.094559782,0,0,0.010910744,0,0.151386574,0.024397636,0.702985301,0.005455372,0,0,0.010304592
563600,Waitarere,1.54317872,0.1255286,0,0,0,0,0,0,0.260583129,0.243267305,0.326107278,0,0,0.044513688,0
563701,Waikanae Beach,4.36529983,0.434147316,0,0,0,0,0.05250975,0.018778711,0.264491375,0.022516793,0.14715807,0.008830115,0.022722829,0.019426253,0.009418789
563703,Waikanae East,4.230168,0,0,0.00690668,0,0,0.014344643,0.047284195,0.066317411,0.117918281,0.484004584,0,0.011953869,0.005578472,0.245691863
563704,Peka Peka,5.17120225,0.133575442,0,0.005415221,0,0,0.045999291,0.002075835,0.001805074,0.054061953,0.720965714,0.010529596,0.009927905,0.010830441,0.004813529
563705,Waikanae Park,7.36017212,0.107683839,0,0.000688076,0,0,0.0600346,0.021571172,0.283900013,0.041559769,0.382348894,0.007396813,0.029896887,0.009633059,0.055286878
563706,Waikanae West,4.67274171,0,0,0.010364536,0,0,0.028744312,0.027258728,0.25965876,0.00936263,0.456905742,0.003109361,0.021730976,0.008637113,0.174227842
563801,Tokomaru,6.51698803,0,0,0.043424008,0,0,0.00149738,0,0.032193661,0.008984278,0.913900674,0,0,0,0
563802,Opiki,95.5120513,0,0.011607457,0.064016884,0,0,0.00633134,0.103411889,0.002374253,0.062082307,0.657492086,0.012135069,0.008441787,0.00316567,0.068941259
563920,Kaitawa,78.1184296,0.015774352,0,0.017840041,0.007887176,0,0.006760436,0.121312276,0.007511596,0.129011662,0.317252258,0.001126739,0.010140655,0.002253479,0.363129331
564011,Lake Horowhenua,51.6173083,0.053998777,0,0.022950848,0,0,0.034467305,0.004595641,0.024123922,0.146103075,0.634581375,0.043562843,0.014935832,0.014935832,0.005744551
564012,Waiopehu,29.005808,0,0,0.115429482,0,0,0.013554953,0.003279424,0.068873112,0.042195257,0.695517444,0.033996697,0,0.001967654,0.025185977
564013,Kohitere,13.7534084,0,0,0.200082948,0,0,0.012105859,0,0.048333763,0.009415668,0.672895206,0.027574457,0.001345095,0.001345095,0.026901909
564021,Mangaore-Manakau,651.679139,0.0800395,0.053013175,0.023388166,0.008315792,0,0.009355266,0.096671084,0.007129059,0.055178746,0.388503417,0.006236844,0.029105273,0.008142547,0.23492113
564022,Otaki Forks,428.456152,0.017980992,0.028769586,0.006678654,0.033907013,0,0.000513743,0.079630105,0.008219882,0.034420755,0.127836287,0.003082456,0.010274852,0.008048634,0.640637041
564023,Te Horo,12.4044202,0.131777625,0,0.085106383,0,0,0.014707324,0.002353172,0.014707324,0.023727816,0.711442298,0.003529758,0,0.007941955,0.004706344
564210,Levin North,3.3824681,0,0,0.14585045,0,0,0.003044743,0,0.460065534,0,0.370378515,0.019790831,0,0,0.000869927
564220,Levin West,3.61334973,0,0,0.048621452,0,0,0.009571397,0.001044152,0.464286569,0.002610381,0.371465571,0.095713967,0,0,0.006686511
564231,Playford Park,1.85347314,0,0,0.022354492,0,0,0,0.019973086,0.770671381,0,0.172840635,0,0,0,0.014160406
564232,Levin South,2.11019909,0,0,0.044137141,0,0,0,0.003758776,0.431699603,0,0.500310216,0,0,0.013668276,0.006425988
564240,Levin East,2.13948844,0,0,0.082165284,0,0,0,0.002569673,0.738667464,0,0.176597579,0,0,0,0
564400,Otaki,16.032745,0.071734059,0,0.048600311,0,0,0.032076205,0.003499222,0.156881804,0.041990669,0.588160964,0.01399689,0.010497667,0.023230949,0.00933126
564510,Heretaunga,2.88313473,0,0,0,0,0,0,0.176696976,0.337681936,0.246674507,0.10032277,0.051465765,0,0.037606125,0.049551922
564520,Trentham South,8.03417586,0,0,0,0,0,0,0.189883578,0.304201684,0.092978295,0.183671188,0.000917657,0.155665177,0,0.072682422
564530,Pinehaven,5.92522343,0,0,0,0,0,0,0.28695269,0.144381514,0.299795037,0.075568846,0,0.090063106,0.005891439,0.097347367
564601,Moonshine Valley,23.9198217,0,0,0,0,0,0,0.187153501,0.029926004,0.275810218,0.355954292,0.003326488,0.07814079,0.005571441,0.064117266
564602,Riverstone Terraces,2.19586143,0,0,0,0,0,0.013933086,0.333226298,0.239472571,0.092946257,0.072020071,0.015250774,0.090844533,0.012447211,0.129859199
564800,Glendale,5.43851596,0,0,0,0,0,0,0.307796631,0.164498626,0.028422796,0.179738659,0,0.256835494,0,0.062707795
564900,Parkway,3.41008162,0,0,0,0,0,0,0.280843666,0.444758499,0.000565617,0.011821396,0,0.202908985,0.017246177,0.04185566
565000,Fernlea,2.9858142,0,0,0,0,0,0,0.320789521,0.331415665,0.007253356,0.010569175,0,0.159137254,0.002201912,0.168633117
565100,Arakura,3.44572784,0,0,0,0,0,0,0.281662686,0.298903719,0.001791447,0.09148323,0,0.287360518,0,0.038798401
565200,Homedale West,3.09040563,0,0,0,0,0,0,0.104171896,0.242888757,0.027677972,0.085907914,0.003359997,0.34986765,0.002519997,0.183605816
565300,Homedale East,6.24888189,0,0,0,0,0,0,0.293113452,0.161038907,0.019023976,0.050492819,0.001085534,0.200454115,0.003256601,0.271534596
565400,Pencarrow,241.290604,0.273151438,0,0.001107852,0,0,0.00553926,0.072286498,0.016093343,0.011078519,0.063406057,0.000217614,0.132535177,0.019941334,0.404642908
565601,Pauatahanui,67.6400642,0,0,0.002527337,0,0,0.010109347,0.102725708,0.021538571,0.262728689,0.425025831,0.026789769,0.124766191,0.003896311,0.019892246
565602,Endeavour,2.64956956,0,0,0,0,0,0.016646663,0.07459786,0.447711022,0.203728407,0.141912806,0.043073242,0.03729893,0,0.03503107
565603,Resolution,5.22603811,0,0,0.001925919,0,0,0.001283946,0.056718325,0.102374842,0.132118068,0.64012974,0.001348144,0.060570164,0,0.003530852
565604,Adventure,3.93959194,0,0,0,0,0,0,0.027821784,0.228226081,0.12196954,0.50231393,0.001478899,0.096815056,0,0.02137471
565700,Paekakariki Hill,33.2562587,0.138363585,0,0,0,0,0.003991257,0.069751972,0.010833413,0.229497292,0.408248598,0,0.088757959,0.002850898,0.047705027
565901,Paraparaumu Beach North,2.04145176,0.283429715,0,0,0,0,0,0,0.54068248,0.013309125,0.042868885,0.009001341,0.08933027,0.021378184,0
565902,Otaihanga,4.9751006,0.00733346,0,0,0,0,0.021515524,0.01687908,0.260138704,0.03460666,0.577217787,0.009848655,0.026732065,0.017273026,0.028455038
565903,Paraparaumu Beach South,2.71060291,0.129580062,0,0,0,0,0.004894211,0,0.779853729,0.001997637,0.007457845,0.004195038,0.004428096,0.067593382,0
566000,Paraparaumu Central,10.0623639,0.004512472,0,0,0,0,0.00296131,0.048227042,0.486307469,0.116155858,0.263516263,0.003102324,0.029049037,0.027554281,0.018613946
566101,Raumati Beach,3.17385746,0.052016552,0,0,0,0,0.007343513,0.02203054,0.705003497,0.004487703,0.142685628,0,0.028048141,0.038384427,0
566102,Raumati South,5.64672114,0.139855126,0,0.0016278,0,0,0.008138999,0.043543642,0.166715759,0.037168094,0.447400753,0.0010852,0.118653034,0.014650197,0.021161396
566200,Paekakariki,5.81273166,0.413683949,0,0.013654984,0,0,0.008689535,0.088136715,0.034758141,0.109239873,0.303285472,0,0.023585882,0.004965449,0
566301,Kapiti Island,19.2351356,0.653887114,0,0,0,0,0,0.006389776,0,0,0.054313099,0.002129925,0.063897764,0,0.219382322
566302,Maungakotukutuku,116.943551,0.153930613,0,0.00110941,0,0,0,0.073221048,0.029303387,0.122589785,0.171440798,0,0.0270696,0.003550111,0.417785248
566500,Te Marua,8.27011712,0,0,0,0,0,0,0.218755131,0.064967483,0.176655264,0.195435188,0.024509393,0.128058648,0.003518095,0.188100798
566610,Akatarawa,6.48816168,0,0,0,0,0,0,0.191645591,0.085725921,0.116721677,0.185558747,0.016863132,0.243105148,0.004050752,0.156329033
566620,Emerald Hill,2.5421953,0,0,0,0,0,0,0.199319622,0.257265076,0.147605658,0.20873289,0.027714346,0.127413496,0.000786781,0.031162131
566700,Maoribank,3.14070648,0,0,0,0,0,0,0.083382985,0.30223242,0.065039362,0.337366733,0.00088739,0.164598202,0,0.046492907
566800,Clouston Park,2.31379814,0,0,0,0,0,0.002090491,0.190398462,0.349040277,0.006076022,0.150985201,0.014187308,0.263028624,0.004308452,0.019885163
566900,Totara Park,1.72545132,0,0,0,0,0,0.000808375,0.207954536,0.504643257,0.007275377,0.133659075,0.045926082,0,0.019401006,0.080332291
567000,Ebdentown,0.84862104,0,0,0,0,0,0.02843276,0.007420823,0.889586358,0,0,0.040893945,0,0.033666114,0
567100,Upper Hutt Central,0.43301415,0,0,0,0,0,0,0.002429226,0.997570774,0,0,0,0,0,0
567200,Maidstone,1.06312517,0,0,0,0,0,0,0.213628727,0.466069503,0.109619137,0.133681874,0,0.077000759,0,0
567300,Wallaceville,0.69661877,0,0,0,0,0,0,0,0.990683987,0.003992577,0,0,0,0,0.005323436
567400,Elderslea,1.54906323,0,0,0,0,0,0.020556117,0.047801208,0.793857289,0,0.018239935,0.079980666,0,0.039564785,0
567500,Poets Block,1.09696758,0,0,0,0,0,0.039593455,0.01710258,0.902542818,0,0,0.020434634,0,0.020326514,0
567600,Brentwood,0.98266677,0,0,0,0,0,0.008329153,0.044144512,0.746339908,0,0,0.046157391,0,0.049784234,0.105244801
567700,Trentham North,1.02397337,0,0,0,0,0,0,0.026784291,0.956434194,0.014136154,0,0,0,0,0.002645362
567800,Heretaunga-Silverstream,2.78060095,0,0,0,0,0,0,0.162260496,0.408826541,0.073844076,0.139209758,0.013784228,0.065545408,0.018894706,0.117634785
567901,Cloustonville,310.100539,0.002488363,0.010664414,0.001066441,0.012264076,0,0,0.098823571,0.008632251,0.11286505,0.07786038,0.001565384,0.052656814,0.002132883,0.618980372
567902,Mangaroa,151.839631,0,0,0,0.004751209,0,0.001715714,0.198976655,0.027926768,0.141150488,0.145279514,0.038905234,0.113844236,0.002832342,0.324617841
568101,Tawhai,6.2761536,0,0,0,0,0,0,0.285536636,0.269403307,0.142122694,0.009897792,0.011952051,0.121770414,0.046127447,0.113189659
568102,Holborn,1.48834502,0,0,0,0,0,0,0.138096441,0.692089508,0,0,0.03211711,0.070670396,0.018963022,0.048063523
568103,Delaney,1.87135479,0,0,0,0,0,0,0.372928523,0.378951499,0.006410002,0.00284889,0,0.105281734,0,0.133579352
568104,Manuka,4.11570948,0,0,0,0,0,0,0.343629085,0.070577973,0.119636532,0.217237244,0,0.040896644,0,0.208022524
568201,Taita North,1.43624428,0,0,0,0,0,0,0.199621795,0.494993331,0.004162385,0.002287025,0.045765767,0.071164231,0.145471936,0.03653353
568202,Taita South,3.10860776,0,0,0,0,0,0,0.223315332,0.526661049,0.007415063,0.001489633,0.022592771,0.173982955,0.029254742,0.015288456
568301,Avalon East,0.81387847,0,0,0,0,0,0,0,0.985509406,0,0,0.005541168,0,0.008949426,0
568302,Naenae North,7.05282165,0,0,0,0,0,0,0.344617475,0.166287657,0.058189194,0.002821294,0,0.293975502,0,0.134108878
568303,Naenae South,2.84242991,0,0,0,0,0,0,0.300017623,0.443807699,0.005003967,0,0,0.195099827,0,0.056070884
568401,Avalon West,1.21081442,0,0,0,0,0,0,0.060626432,0.861545498,0,0,0.04130642,0,0.036521651,0
568402,Boulcott,1.58254695,0,0,0,0,0,0,0.122469567,0.748164446,0,0,0.068595144,0,0.060770842,0
568501,Epuni West,0.98689217,0,0,0,0,0,0,0.006737671,0.990037461,0.003224868,0,0,0,0,0
568502,Epuni East,1.45965237,0,0,0,0,0,0,0.140712134,0.644584015,0.015916679,0,0,0.192195029,0,0.006592142
568601,Waterloo West,0.29488105,0,0,0,0,0,0,0,1,0,0,0,0,0,0
568602,Waterloo East,2.10205605,0,0,0,0,0,0,0.237622925,0.57111169,0,0,0,0.191265385,0,0
568701,Waiwhetu North,0.97492722,0,0,0,0,0,0,0.26348418,0.611471377,0,0,0,0.095820653,0,0.02922379
568702,Waiwhetu South,1.68682906,0,0,0,0,0,0,0.347402163,0.488896936,0.00966734,0,0,0.123110712,0.016938914,0.013983934
568800,Gracefield,4.20858528,0.155483428,0,0,0,0,0.001029333,0.208623185,0.413786435,0.002871297,0.004550734,0.022630136,0.124760553,0.010328788,0.055936111
568900,Moera,0.62368205,0,0,0,0,0,0,0,0.88366998,0,0,0.11633002,0,0,0
569001,Woburn North,0.46809302,0,0,0,0,0,0,0,1,0,0,0,0,0,0
569002,Woburn South,0.15672616,0,0,0,0,0,0,0,0.900741035,0,0,0.099258965,0,0,0
569100,Hutt Central,2.36502779,0,0,0,0,0,0,0.018306297,0.953410055,0,0,0.019838705,0,0.004981717,0.003463226
569201,Melling,0.39277618,0,0,0,0,0,0,0.190144357,0.698381937,0,0,0.055480966,0,0.030812541,0.0251802
569202,Alicetown,0.82309083,0,0,0,0,0,0,0.022650936,0.840350435,0,0,0.043563518,0,0.01477235,0.078662761
569301,Normandale,2.65225543,0,0,0,0,0,0,0.474712369,0.275900162,0.031642598,0.148161576,0.00524264,0.056995065,0.004045627,0.003299962
569302,Maungaraki,5.15861001,0,0,0,0,0,0,0.595699847,0.191574002,0.058746823,0.079360734,0,0.066732596,0.001626522,0.006259475
569401,Tirohanga,1.4135488,0,0,0,0,0,0,0.536565137,0.330266758,0.037666935,0.060897383,0.023861811,0,0.010741976,0
569402,Belmont,20.6130057,0,0,0,0,0,0,0.242868964,0.06066995,0.028064452,0.552622481,0.00082492,0.106027948,0.007890135,0.00103115
569500,Kelson,8.3312056,0,0,0,0,0,0,0.384003383,0.182903528,0.002908755,0.209776647,0.008595518,0.157960023,0.036636463,0.017215682
569600,Haywards-Manor Park,5.07711591,0,0,0,0,0,0,0.289545275,0.104737963,0.065359805,0.094826795,0.013526968,0.340352154,0.055788825,0.035862215
569800,Korokoro,2.40491882,0.02521383,0,0,0,0,0,0.577637426,0.235279085,0.062489929,0.035810947,0,0.032108047,0.023860044,0.007600691
569900,Petone Central,1.02788204,0.261440348,0,0,0,0,0,0.156053588,0.543453287,0.01846616,0,0,0,0.020586617,0
570000,Esplanade,0.97431951,0.593738371,0,0,0,0,0.019217059,0,0.351351507,0.003073266,0,0.032619796,0,0,0
570100,Wilford,1.65086875,0.082111537,0,0,0,0,0,0,0.876700852,0.002011084,0,0.039176527,0,0,0
570300,Eastbourne,12.8397681,0.377622831,0,0,0,0,0,0.077477127,0.063590942,0.003716354,0.008671492,0,0.047517712,0.00077424,0.420629303
570400,Titahi Bay North,2.00967987,0.340512028,0,0,0,0,0.002866745,0.015398519,0.363691713,0,0.198730987,0.002723408,0.074356552,0,0.001720047
570500,Onepoto,2.24132006,0.058820218,0,0,0,0,0.002724305,0.043606568,0.305085289,0,0.151313906,0.139177696,0.280803354,0.0054663,0.013002364
570600,Titahi Bay South,3.54261801,0.160919825,0,0,0,0,0,0.105462481,0.234862951,0.029758636,0.326898619,0.047241835,0.094855653,0,0
570700,Elsdon-Takapuwahia,10.8665109,0.252650575,0,0,0,0,0,0.146126275,0.164373261,0.032684162,0.296062361,0.021254731,0.081835727,0,0.005012908
570800,Porirua Central,6.15677521,0,0,0,0,0,0,0.280039415,0.260415284,0.076729155,0.281461363,0.000430099,0.053575437,0.025485902,0.021863345
570900,Porirua East,1.19716077,0,0,0,0,0,0,0.144718739,0.571556419,0.113700576,0.023975832,0,0.110543285,0.028746862,0.006758288
571000,Ranui Heights,2.35272334,0,0,0,0,0,0,0.124599422,0.263836818,0.195836639,0.286809297,0,0.088678277,0.036783961,0.003455585
571100,Cannons Creek North,1.11443735,0,0,0,0,0,0,0.125158652,0.680306191,0.062517873,0.020548061,0,0.097536258,0,0.013932964
571200,Cannons Creek South,1.40798088,0,0,0,0,0,0,0.027450573,0.302229048,0.025406568,0.168620347,0,0.467464417,0,0.008829046
571300,Cannons Creek East,1.46718322,0,0,0,0,0,0,0.132123528,0.734678777,0.045063032,0.019016071,0,0.069118592,0,0
571400,Waitangirua,3.14514352,0,0,0,0,0,0,0.02952119,0.298078442,0.043657962,0.484698888,0.008457301,0.135586217,0,0
571501,Papakowhai North,1.43034773,0,0,0,0,0,0.013472145,0.076301933,0.528892525,0.006459248,0.005536498,0.293402438,0.021028506,0.049525293,0.005381414
571502,Papakowhai South,2.62472377,0,0,0,0,0,0.011308348,0.049750697,0.338667747,0.093702,0.153919184,0.141354353,0.137524161,0.07377351,0
571600,Ascot Park,1.13957445,0,0,0,0,0,0,0.127073711,0.739772633,0.034532345,0,0,0.084531878,0,0.014089433
571800,Pukerua Bay,8.25500732,0.328686388,0,0,0,0,0.001360082,0.036268843,0.045562734,0.012240734,0.436586195,0,0.105066304,0.012240734,0.021987986
571900,Plimmerton,6.41353018,0.310468498,0,0,0,0,0.019422265,0.063062415,0.09399417,0.022299637,0.28457557,0,0.196825984,0.009351461,0
572000,Mana-Camborne,1.86985088,0.057746094,0,0,0,0,0,0.053359742,0.267809705,0.002713207,0.155705796,0.435604444,0.017248246,0.009812766,0
572100,Paremata-Postgate,1.4880892,0.004722748,0,0,0,0,0,0.137227056,0.478324002,0,0,0.26825006,0.058582013,0.047070058,0.005824061
572200,Discovery,1.25104161,0,0,0,0,0,0,0.087190102,0.617954244,0.057741452,0,0.134949003,0.027144593,0,0.075020607
572300,Mana Island,2.11357495,0.411078717,0,0,0,0,0.002915452,0.104956268,0,0,0.434402332,0,0.043731778,0.002915452,0
572500,Tawa South,2.47758849,0,0,0,0,0,0,0.201115563,0.457295955,0.133506664,0.197520625,0,0.010561193,0,0
572600,Tawa Central,2.63665456,0,0,0,0,0,0,0.186602312,0.512365199,0.23437516,0.043950424,0,0.002048743,0.015365575,0.005292587
572701,Linden,1.50988398,0,0,0,0,0,0,0.145821061,0.550452507,0.078654138,0.023852628,0,0.169222127,0.009389932,0.022607607
572702,Greenacres,1.28758417,0,0,0,0,0,0,0.088017423,0.470090191,0.069560678,0.343501609,0,0.027465283,0,0.001364815
572900,Thorndon-Tinakori Road,2.80759698,0.124400328,0,0,0,0,0,0.064116974,0.647928358,0.141993083,0,0,0,0.013110312,0.008450945
573000,Lambton,0.98514032,0.144364525,0,0,0,0,0,0.028082209,0.815114421,0,0,0,0,0,0.012438845
573101,Willis Street-Cambridge Terrace,1.03115281,0.080787547,0,0,0,0,0,0.005858538,0.903746146,0.009607769,0,0,0,0,0
573200,Aro Street-Nairn Street,0.83462187,0,0,0,0,0,0,0.136167121,0.710962291,0.14769557,0,0,0.00238847,0,0.002786549
573300,Mt Cook-Wallace Street,0.87186053,0,0,0,0,0,0,0.029117606,0.842858071,0.101471338,0,0,0,0,0.026552985
573400,Mt Victoria West,1.29311872,0.008826431,0,0,0,0,0,0.060184948,0.764987851,0.166000769,0,0,0,0,0
573511,Glenside North,2.45904147,0,0,0,0,0,0,0.126903577,0.133980423,0.174724623,0.263905682,0,0.256643516,0.04384218,0
573513,Churton Park North,2.25137078,0,0,0,0,0,0,0.02254147,0.296515464,0.025458601,0.612313447,0,0.043171018,0,0
573514,Churton Park South,1.31491551,0,0,0,0,0,0,0.030447077,0.662111219,0.056081119,0.173951487,0,0.051663631,0.013320564,0.012424905
573522,Grenada North,3.64249502,0,0,0,0,0,0,0.138678908,0.114615651,0.038927762,0.415199567,0,0.290415459,0.002162653,0
573523,Grenada Village,1.51061054,0,0,0,0,0,0,0.236265291,0.194194639,0,0.250983809,0,0.246375394,0.063062161,0.009118707
573524,Newlands East,0.97605175,0.060031951,0,0,0,0,0,0.571347611,0.1481499,0,0.077574048,0,0.046000535,0.096895955,0
573525,Takapu,11.5959731,0,0,0,0,0,0,0.12928217,0.081789363,0.161829222,0.567699078,0,0.058469696,0.000547336,0.000383135
573526,Horokiwi,8.49984563,0.266201595,0,0,0,0,0,0.285324062,0.04655237,0.052825564,0.19525216,0,0.122279577,0.031564673,0
573600,Johnsonville North,0.61713413,0,0,0,0,0,0,0,0.936095071,0.029091109,0.019394073,0,0,0.015419747,0
573700,Johnsonville Central,1.21247999,0,0,0,0,0,0,0.048151554,0.777400934,0.004682485,0.162551601,0,0,0.007213426,0
573801,Paparangi West,0.4778832,0,0,0,0,0,0,0.232857413,0.70371743,0,0,0,0,0.055810925,0.007614232
573802,Johnsonville East,0.40616711,0,0,0,0,0,0,0.016087315,0.889365879,0,0,0,0,0.094546806,0
573901,Paparangi,0.85215732,0,0,0,0,0,0,0.322896512,0.633942804,0.007922223,0,0,0.033823777,0.001414683,0
573902,Woodridge,1.0026545,0,0,0,0,0,0,0.144712414,0.229600883,0.045446558,0.405274718,0,0.115809783,0.059155644,0
573903,Newlands North,0.8041073,0,0,0,0,0,0,0.08151446,0.881283737,0,0,0,0.020347546,0.016854257,0
574001,Newlands South,2.56850361,0.189022384,0,0,0,0,0,0.304190338,0.331249634,0,0,0,0.137821439,0.037716205,0
574002,Ngauranga East,1.20295198,0.308647551,0,0,0,0,0,0.268928109,0.132828313,0.010227231,0,0,0.195882512,0.083486285,0
574100,Raroa,1.52819776,0,0,0,0,0,0,0.153004684,0.546817307,0.001370152,0.171686602,0,0.089871509,0.034509441,0.002740305
574200,Khandallah Park-Broadmeadows,3.00532407,0,0,0,0,0,0,0.321766701,0.333339201,0.000950807,0.127227098,0,0.211011348,0,0.005704845
574302,Te Kainga,1.68651798,0.125500584,0,0,0,0,0,0.245497176,0.584731044,0,0,0,0,0.044271196,0
574303,Ngauranga West,1.06273961,0.190876665,0,0,0,0,0,0.249062369,0.346233825,0.02067743,0,0,0.053124767,0.140024944,0
574304,Rangoon Heights,1.00985015,0.01325775,0,0,0,0,0,0.329357158,0.598675144,0.014922198,0,0,0.020240404,0.023547346,0
574401,Awarua,1.89248456,0,0,0,0,0,0,0.241668093,0.309958424,0,0.145011896,0,0.303361588,0,0
574402,Ngaio South,1.41471058,0,0,0,0,0,0,0.37523942,0.62476058,0,0,0,0,0,0
574500,Kaiwharawhara,0.62872599,0.28583553,0,0,0,0,0,0.247840843,0.35250506,0,0,0,0,0.113818568,0
574600,Wadestown,1.41933411,0.021959279,0,0,0,0,0,0.290617628,0.636834108,0.03128607,0,0,0,0.014875641,0.004427274
574701,Crofton Downs,2.61632594,0,0,0,0,0,0,0.181655761,0.157367235,0.003802824,0.219025826,0,0.427516543,0,0.01063181
574702,Wilton,1.63942921,0,0,0,0,0,0,0.436395166,0.327424749,0.058405406,0.070476798,0,0.029426702,0,0.077871178
574703,Northland North,0.48999611,0,0,0,0,0,0,0.183961184,0.564346788,0.021126229,0,0,0,0,0.2305658
574800,Karori North,1.88938628,0,0,0,0,0,0,0.322488129,0.516030903,0.072305104,0.052001822,0,0.023009656,0,0.014164386
574900,Karori Park,3.13030932,0,0,0,0,0,0,0.531151822,0.256861052,0.097684345,0.010161591,0,0.096519996,0,0.007621193
575000,Karori East,3.64611063,0,0,0,0,0,0,0.47246786,0.259564608,0.100433657,0,0.00855217,0.09332368,0.002730693,0.062927331
575100,Karori South,2.4149974,0,0,0,0,0,0,0.492431099,0.37856962,0.078921473,0,0.001730373,0.022968637,0.015573354,0.009805445
575200,Northland,0.79587155,0,0,0,0,0,0,0.072548197,0.810183525,0.007121339,0,0,0,0,0.110146939
575300,Kelburn,1.23601933,0,0,0,0,0,0,0.075557151,0.816127721,0.029051426,0,0,0,0,0.079263702
575400,Taitville,0.1532902,0,0,0,0,0,0,0.448727134,0.542485257,0.008787609,0,0,0,0,0
575500,Mitchelltown,0.51047592,0,0,0,0,0,0,0.568143595,0.196278224,0.157064045,0,0.010647808,0.045280071,0,0.022586258
575600,Brooklyn,1.60826748,0,0,0,0,0,0,0.361861985,0.473820043,0.146186344,0,0,0.003111057,0,0.015020572
575701,Vogeltown West,0.35087188,0,0,0,0,0,0,0.163431979,0.836568021,0,0,0,0,0,0
575702,Vogeltown,0.27001934,0,0,0,0,0,0,0.027219218,0.87111605,0.075298538,0.026366194,0,0,0,0
575800,Kingston-Mornington,0.90823524,0,0,0,0,0,0,0.250828556,0.594445498,0.046076178,0,0,0.108649768,0,0
575901,Brooklyn South,1.17883108,0,0,0,0,0,0,0.565857237,0.186116304,0,0,0,0.165070095,0.082956364,0
575902,Happy Valley-Owhiro Bay,2.93952487,0.059300733,0,0,0,0,0,0.101224565,0.135644261,0.067526089,0.032751352,0,0.504688483,0.098864517,0
576001,Island Bay West,1.28071781,0.093262625,0,0,0,0,0,0.134070875,0.474116841,0.012271025,0.026283022,0,0.259915867,7.97E-05,0
576002,Island Bay East,1.04793157,0.091426327,0,0,0,0,0,0.213459106,0.65133159,0.003264433,0,0,0.013348478,0.027170066,0
576100,Melrose-Houghton Bay-Southgate,2.02443833,0.193707803,0,0,0,0,0,0.31941464,0.461840672,0.015231916,0.004357764,0,0,0.005447205,0
576200,Berhampore West,0.96621662,0,0,0,0,0,0,0.062009834,0.858733448,0.069040629,0.002148597,0,0.008067492,0,0
576301,Newtown West,0.66090956,0,0,0,0,0,0,0.026377999,0.895730373,0.048783592,0.029108036,0,0,0,0
576302,Berhampore East,0.39250248,0,0,0,0,0,0,0.071520946,0.798122856,0.130356197,0,0,0,0,0
576400,Newtown East,1.43739991,0,0,0,0,0,0,0.174582658,0.724731607,0.100685735,0,0,0,0,0
576500,Adelaide,0.55054873,0,0,0,0,0,0,0.011327579,0.807853655,0.180818766,0,0,0,0,0
576600,Oriental Bay,0.16439931,0.415508224,0,0,0,0,0,0.024682863,0.418714073,0.14109484,0,0,0,0,0
576700,Roseneath,0.54704457,0.375283438,0,0,0,0,0,0.02617248,0.565781875,0.032762207,0,0,0,0,0
576800,Hataitai North,1.29468243,0.233086993,0,0,0,0,0,0.067393283,0.642174621,0.057345104,0,0,0,0,0
576901,Kilbirnie East,1.05054872,0.222855361,0,0,0,0,0,0,0.725351044,0,0,0,0,0.051793595,0
576903,Kilbirnie West-Hataitai South,0.91887753,0.097406998,0,0,0,0,0,0.079719487,0.743169549,0.079703966,0,0,0,0,0
577000,Lyall Bay-Airport-Moa Point,2.57996028,0.447024265,0,0,0,0,0,0.070197564,0.315851823,0.000857194,0,0,0.005451216,0.160617939,0
577101,Seatoun Tunnel West,0.19535232,0,0,0,0,0,0,0,1,0,0,0,0,0,0
577102,Strathmore Park,1.48302608,0.173290845,0,0,0,0,0,0.287683469,0.494094059,0,0,0,0.020328474,0.024603153,0
577200,Miramar South,1.03278631,0.059668206,0,0,0,0,0,0.049990154,0.828024427,0,0,0,0,0.062317212,0
577301,Miramar North,1.03759438,0.041029257,0,0,0,0,0,0.237212344,0.643317546,0.018886681,0,0,0.026415157,0.033139015,0
577302,Miramar,0.6658861,0,0,0,0,0,0,0.061568672,0.938431328,0,0,0,0,0,0
577400,Karaka Bay-Worser Bay,0.74607936,0.531563666,0,0,0,0,0,0.12263124,0.287868539,0.031126051,0.004136478,0,0.005208898,0.017465129,0
577500,Seatoun,1.32687931,0.51113764,0,0,0,0,0,0.12629249,0.342999819,0,0,0,0.006280929,0.013289122,0
577601,Maupuia,1.67335901,0.639595493,0,0,0,0,0,0.101709592,0.14431593,0.075802851,0.00069188,0,0.000845631,0.037038623,0
577602,Miramar West,0.14685829,0.159415485,0,0,0,0,0,0.025250774,0.815333741,0,0,0,0,0,0
577700,Makara-Ohariu,170.274646,0.477903233,0,0,0,0,0.00122125,0.024421577,0.032271679,0.028538594,0.236649173,0,0.191736779,0.006757583,0.000500131
577900,Mangatainoka,767.383774,0,0,0.002131517,0,0,0.002046257,0.046040777,0.005433949,0.03410428,0.81509228,0.002046257,0.047063906,0.001023128,0.045017649
578000,Pahiatua,4.3253273,0,0,0,0,0,0.012492564,0,0.270374777,0.003569304,0.658239143,0.030339084,0,0.01784652,0.007138608
578100,Eketahuna,4.15464109,0,0,0,0,0,0.003120125,0.049921997,0.042901716,0.021840874,0.874414977,0,0,0,0.007800312
578200,Nireaha-Tiraumea,913.718262,0,0.029268293,0,0.002018503,0,0.003027754,0.051471825,0.000504626,0.039865433,0.696215307,0.001009251,0.058536585,0.003027754,0.115054668
578301,Homebush-Te Ore Ore,36.0356095,0,0,0.182060661,0,0,0.019332388,0.001260808,0.068517123,0.013448618,0.672575974,0.019479482,0.007564847,0.015444897,0.000315202
578302,Opaki-Fernridge,46.6677519,0,0,0.054914335,0,0,0.01209123,0.003627369,0.054807007,0.009068422,0.815313033,0.005441053,0.013904914,0.023577898,0.007254738
578401,Kopuaranga,534.43912,0,0.031740552,0.027133052,0.017918053,0,0.010238888,0.04197944,0.002015617,0.035836107,0.606005633,0,0.032252496,0.006143333,0.18873683
578402,Whareama,1665.03415,0.173489115,0,0.008069261,0,0,0.004034631,0.028242414,0.003866521,0.134487686,0.567117761,0.001008658,0.049424225,0.001008658,0.029251072
578600,Masterton Central,0.99864983,0,0,0,0,0,0,0,0.982188942,0.016347697,0,0.001463362,0,0,0
578700,Masterton West,2.03188267,0,0,0.005762136,0,0,0.01006492,0,0.838734833,0.002680008,0.137519796,0,0,0,0.005238306
578800,Masterton East,2.3876175,0,0,0.012467357,0,0,0,0,0.774865718,0.005870411,0.189757793,0.00872715,0,0.008311571,0
578901,Solway North,2.32482657,0,0,0.006722078,0,0,0.002851791,0,0.591508154,0.004481385,0.371096044,0,0,0.010083117,0.013257431
578902,Solway South,4.13928955,0,0,0.095816544,0,0,0.012410524,0,0.351209449,0,0.490191357,0,0.002190092,0.048182034,0
579000,Ngaumutawa,0.85335343,0,0,0.033952323,0,0,0,0,0.604659223,0.005507316,0.355881138,0,0,0,0
579100,Masterton Railway,1.16175366,0,0,0.014702045,0,0,0.005063462,0,0.404298292,0.009431633,0.564403887,0,0,0,0.002100682
579200,Lansdowne,4.06153859,0,0,0.081518913,0,0,0.01246149,0,0.522179566,0.019549144,0.320675673,0.028557581,0,0.012980719,0.002076915
579400,Waingawa,38.2596143,0,0,0.094380671,0,0,0.021014549,0,0.03077353,0.003872028,0.823984371,0.005808041,0.004646433,0.013939299,0.001581078
579501,Mt Holdsworth,418.855494,0,0.035545024,0.001015572,0.029451591,0,0.002031144,0.046716317,0.002369668,0.015233582,0.24746107,0,0.04113067,0.009140149,0.569905213
579502,Te Wharau,717.754517,0.082730789,0,0.010089121,0,0,0.00504456,0.031276274,0.002606356,0.119051623,0.633176391,0,0.091810997,0.002017824,0.022196065
579700,Carterton,5.11942279,0,0,0.005732028,0,0,0.001433007,0,0.239431574,0.005732028,0.743372343,0.004299021,0,0,0
579802,Tuturumuri,1128.75144,0.237026577,0,0.011296586,0,0,0.007060366,0.042362197,0,0.035301831,0.384033486,0.025719905,0.152302184,0.006051742,0.098845126
579803,Kahutara,1252.83021,0.044419263,0.003135477,0.006793534,0.003135477,0,0.008361273,0.06957276,0.004198508,0.045464422,0.417802363,0.027174137,0.080607898,0.003135477,0.286199409
579804,Inland Water-Lake Wairarapa,63.4698171,0,0,0,0,0,0.06395049,0.080453842,0,0.005157298,0.367715317,0.364620939,0.055698814,0,0.062403301
579900,Greytown,5.17677054,0,0,0.080983369,0,0,0,0,0.157628344,0.010122921,0.748373102,0,0,0.001446132,0.001446132
580000,Featherston,3.17855485,0,0,0,0,0,0,0.132985658,0.268578879,0.043024772,0.510430248,0,0.044980443,0,0
580100,Martinborough,4.4988284,0,0,0.307652711,0,0,0,0.006863418,0.205902539,0.003431709,0.46757035,0.003431709,0,0.005147563,0
580200,Havelock,1.09239917,0.092664093,0,0,0,0,0.027027027,0.471042471,0.28957529,0.030888031,0.05019305,0.007722008,0.030888031,0,0
580300,Renwick,1.69345764,0,0,0.456871898,0,0,0,0,0.520273171,0,0.022854932,0,0,0,0
580410,Woodbourne,3.79197301,0,0,0.511636641,0,0,0.012006293,0.004968121,0.375610665,0,0.092880209,0,0.002898071,0,0
580420,Omaka,31.2706716,0,0,0.541414017,0,0,0.005042119,0.003288339,0.060428705,0.01183802,0.357162654,0.001315336,0.011399574,0.008111236,0
580431,Spring Creek-Grovetown,34.3319321,0.109884032,0,0.46215538,0,0,0.03479661,0,0.044255499,0.001627912,0.306372962,0.032361069,0,0.008546536,0
580432,Riverlands,15.9057942,0,0,0.276147443,0,0,0,0,0.054049565,0,0.639239261,0.009499538,0.021064193,0,0
580442,Waikawa,29.1007917,0.162569542,0,0,0,0,0,0.248330029,0.051437042,0.027720561,0.003753826,0.001155023,0.055056115,0,0.449977862
580446,Marlborough Sounds Terrestrial,2571.64089,0.637269126,0.000115249,0.001959232,0,0,0.003457469,0.135734463,0.000205665,0.020399066,0.054743256,0.000115249,0.087858124,0.00668444,0.051458661
580447,Wairau North,665.891646,0,0.009080972,0.074497604,0.007062978,0,0.008071975,0.009080972,0,0.208862356,0.221222568,0.005044984,0.050954343,0.026738418,0.37938283
580448,Tuamarina,129.134203,0.071777676,0,0.276914134,0,0,0.015193815,0.059727409,0.005658386,0.193852119,0.137966823,0.014145965,0.041390047,0.01466989,0.168703736
580449,Rapaura,87.377073,0,0,0.546414734,0,0,0.024725364,0.029891858,0.025153749,0.149736068,0.134956205,0.007749741,0.039855811,0.039302258,0.002214212
580450,Wairau South,2292.46355,0,0.048404446,0.032773844,0.093783614,0,0.003025278,0.023193797,0.000313733,0.079665651,0.286224901,0.001008426,0.156306024,0.075631947,0.19966834
580451,Weld Pass,118.795924,0.124254576,0,0.125541582,0,0,0.095472443,0.00421202,0.000702003,0.00421202,0.356851655,0.255759549,0.023166107,0.009828046,0
580452,Fairhall,20.2720902,0,0,0.652370294,0,0,0,0.001297564,0.012759378,0.002595128,0.324489818,0,0.006487819,0,0
580600,Severn,1332.72718,0,0.144221106,0,0.304522613,0,0.001005025,0.005025126,0,0.015075377,0.198492462,0.008040201,0.022110553,0.122613065,0.178894472
580801,Ward,3104.56554,0.251109808,0.046737583,0.01030237,0.076388307,0,0.001005109,0.035178826,0.001340146,0.02160985,0.298014909,0.003015328,0.100510931,0.096490493,0.05829634
580802,Seddon,8.78930336,0,0,0.329666629,0,0,0.01616343,0.002693905,0.039959591,0.00538781,0.545515771,0.012122573,0,0.048490291,0
580900,Lake Tennyson,534.987236,0,0.112393377,0,0.435524335,0,0.002007025,0.001003512,0,0.002007025,0.221274461,0.002007025,0.040140492,0.140491721,0.043151029
581100,Picton,4.69160971,0.12928604,0,0,0,0,0,0.345568295,0.253685256,0.03222082,0.022151814,0,0.060145531,0.003222082,0.153720162
581210,Springlands,2.35476286,0,0,0.188047804,0,0,0,0,0.774050876,0,0.03790132,0,0,0,0
581220,Mayfield,2.37730791,0,0,0.421796594,0,0,0,0,0.288516689,0.005668633,0.284018084,0,0,0,0
581230,Blenheim Central,2.21601758,0,0,0.00676477,0,0,0,0,0.853070535,0.031336804,0.10882789,0,0,0,0
581240,Whitney,2.1700525,0,0,0.079104214,0,0,0,0,0.7974979,0,0.112908038,0,0,0.010489848,0
581250,Redwoodtown,2.3170161,0,0,0,0,0,0,0,0.879318362,0,0.10036911,0,0,0.020312529,0
581260,Witherlea,5.46398595,0,0,0.044695188,0,0,0.008792496,0.004396248,0.299325997,0.025498238,0.573915519,0,0.026670571,0.016705742,0
581400,Kaikoura Township,6.78411569,0.572038204,0,0.009754115,0,0,0,0.003657793,0.109733794,0.006096322,0.259703312,0,0,0.03901646,0
581500,Kaikoura Rural,2039.97285,0.282,0.029,0,0.099,0,0.002,0.048,0,0.008,0.261,0.001,0.1,0.145,0.025
581601,Golden Bay,2575.86697,0.332179931,0.003917216,0.002742051,0.029379121,0,0.056799634,0.014885421,0,0.016452308,0.094731344,0.021936411,0.054841026,0.012535092,0.359600444
581602,Takaka,12.3390513,0,0,0.050399508,0,0,0.024585126,0.022126613,0.038106945,0.017209588,0.775046097,0.022126613,0.030731407,0.012292563,0.007375538
581713,Glenduan,10.9926772,0.145338208,0,0.006170018,0,0,0.01416819,0.063071298,0.024223035,0.109574954,0.429273309,0,0.186700183,0.010511883,0.010968921
581715,Ngawhatu,6.23333717,0,0,0.005030463,0,0,0.008174503,0.014148179,0.206770016,0.198608987,0.459973006,0.039635112,0.058227615,0.007545695,0.001886424
581717,Aniseed Hill,14.274364,0,0,0.142142142,0,0,0.017062517,0.022295022,0.013536264,0.366161616,0.368163618,0,0.051528802,0.016038766,0.003071253
581720,Hope,8.11721656,0,0,0.582698617,0,0,0.002050621,0,0.108858683,0.024607453,0.275339817,0,0.000878838,0,0.005565971
581721,Saxton Island,0.12687597,0,0,0,0,0,0,0,0,0,0.024099105,0.81925671,0.156644184,0,0
581723,Saxton,1.9063792,0,0,0.019164185,0,0,0,0,0.461514367,0.020714229,0.05462732,0.4439799,0,0,0
581724,Best Island,1.33078976,0,0,0.013783759,0,0,0.137257793,0,0.165191783,0.028346956,0.344228859,0.307744911,0,0.00344594,0
581725,Bell Island,1.56863206,0,0,0,0,0,0.025775808,0,0.052260577,0.047335162,0.308652708,0.565975744,0,0,0
581726,Ranzau,21.2866171,0,0,0.416544126,0,0,0.014100513,0.002724737,0.042460481,0.017256666,0.386191424,0.089841706,0.001362368,0.026793244,0.002724737
581811,Richmond Hill,43.5149941,0,0,0.005912226,0.051163496,0,0.001136967,0.041537179,0.002937164,0.452834837,0.109925718,0,0.110569999,0.020181157,0.203801258
581812,Whangamoa,338.772829,0.382801812,0.001044242,0.000522121,0.006265454,0,0,0.034285955,0.008985079,0.132879829,0.060856119,0.003654848,0.044119236,0.00452505,0.320060256
581822,Brightwater,5.36108505,0,0,0.393836619,0,0,0.008783916,0,0.067343354,0.015371852,0.470988679,0.001463986,0.001463986,0.033427679,0.00731993
581823,Wakefield,6.96071585,0,0,0.021227888,0,0,0.002497399,0.006243496,0.075130073,0.173777315,0.678668054,0,0.011238293,0.014984391,0.016233091
581825,Mapua,8.88334837,0.225666065,0,0.122492304,0,0,0.005095001,0.012737501,0.082156884,0.060503131,0.399957542,0.065598132,0.007324063,0.012737501,0.005731876
581832,Kaiteriteri,133.608396,0.280808459,0,0.008421447,0,0,0.054739403,0.064845139,0.004210723,0.081688032,0.092635913,0,0.152849256,0.000842145,0.258959483
581833,Motueka Outer,553.178858,0.065599402,0.003059039,0.042486659,0.048944631,0,0.014275517,0.022432956,0.006118079,0.1162435,0.185581727,0.003059039,0.071887427,0.008361375,0.411950647
581834,Rabbit Island,13.0072704,0.274576179,0,0,0,0,0.026392243,0.003389829,0.050282469,0.362227481,0.009322031,0.256013164,0,0.016949147,0.000847457
581836,Wai-Iti,978.900436,0.054253129,0.014796308,0.02002786,0.028535737,0,0.003699077,0.01268255,0.014404382,0.360043494,0.166098623,0.013372038,0.043111061,0.013739429,0.255236313
581841,Golden Downs,1490.06055,0,0.012102874,0.003025719,0.042360061,0,0.017145739,0.01412002,0,0.220373172,0.131114473,0.001008573,0.049420071,0.016137166,0.493192133
581842,Lake Rotoroa,3693.86827,0,0.029029029,0,0.132132132,0,0.01001001,0.004004004,0,0.054054054,0.088088088,0.008008008,0.026026026,0.061061061,0.587587588
581843,Murchison,25.4066762,0,0,0,0,0,0.087431694,0.039344262,0.009836066,0.041530055,0.36284153,0.02295082,0.050273224,0.027322404,0.358469945
581844,Tapawera,12.0444236,0,0,0.081987578,0,0,0.01863354,0.007453416,0.009937888,0.219254658,0.557142857,0,0.027329193,0.028571429,0.049689441
581850,Riwaka,9.96741043,0.173834569,0,0.484887488,0,0,0.038613466,0.007988993,0.05470241,0.003994496,0.176061131,0.027295726,0.009320492,0.023301229,0
582000,Clifton,9.47825959,0.271340742,0,0.004256325,0,0,0.026483802,0.038661622,0.06100733,0.098723102,0.251477891,0.016788839,0.216363206,0.013478364,0.001418775
582100,Atawhai,7.42971068,0.297644581,0,0,0,0,0.001493575,0.045927428,0.132303525,0.135902868,0.103748927,0.002489291,0.26182012,0.008214662,0.010455024
582200,Port Nelson,1.1581735,0.637312987,0,0,0,0,0.005679941,0,0.350038336,0,0,0.002812683,0,0.004156054,0
582300,The Wood,1.25688499,0.13050008,0,0,0,0,0.00479011,0.026055296,0.68828227,0.084124059,0.016807404,0.015531842,0.030127272,0,0.003781666
582401,Britannia,0.87070646,0.309752302,0,0,0,0,0,0,0.630006003,0.032016152,0.01285002,0,0.010174323,0,0.005201199
582402,Washington,1.23934039,0.049080907,0,0,0,0,0,0.002017449,0.932188972,0.000153873,0,0,0.011731333,0,0.004827466
582500,Trafalgar,0.92780642,0,0,0,0,0,0,0,0.959230069,0,0,0.030338366,0.010431564,0,0
582600,Maitai,2.34186129,0.002285222,0,0,0,0,0.003884878,0.082633298,0.176497575,0.127752098,0.189257228,0,0.410262726,0,0.007426973
582700,Kirks,0.43905719,0,0,0,0,0,0,0,0.978105993,0,0,0,0,0,0.021894007
582800,Bronte,0.93214677,0,0,0,0,0,0,0.095065598,0.735144835,0.108550948,0.035506895,0,0.025731724,0,0
582900,Atmore,6.04672731,0,0,0,0,0,0.012008234,0.061302005,0.147799763,0.477906662,0.130234669,0,0.157406184,0.006320123,0.007022359
583000,Tahunanui,1.66313782,0.140592215,0,0,0,0,0.069755225,0.006701973,0.6458337,0.022909804,0.016412994,0.093690841,0,0.004103249,0
583100,Tahuna Hills,2.05422072,0.16397028,0,0,0,0,0,0.008404511,0.568332845,0.02385037,0.041854007,0.002089519,0.172692794,0,0.018805674
583201,Toi Toi,1.82243793,0,0,0,0,0,0.019389359,0.027882166,0.560400494,0.027245127,0.140999295,0,0.224083559,0,0
583202,Broads,0.62990061,0,0,0,0,0,0,0.02108726,0.885837675,0.049328845,0.036101249,0,0.00764497,0,0
583300,Grampians,4.63686998,0,0,0,0,0,0.007435649,0.15501014,0.141231728,0.250198494,0.277582201,0,0.127067387,0.029357046,0.012117355
583400,The Brook,6.40614538,0,0,0,0,0,0.004379611,0.224255309,0.040028388,0.298967191,0.127008705,0,0.196375873,0.011285919,0.097699004
583500,Nelson Airport,3.27912006,0.087508459,0,0,0,0,0,0,0.51204758,0,0.028769904,0.371674056,0,0,0
583600,Nayland,0.46651607,0,0,0,0,0,0,0,0.977408404,0.01561478,0,0.006976816,0,0,0
583700,Enner Glynn,5.48358086,0,0,0,0,0,0.011671345,0.087426349,0.073792104,0.200384672,0.324998303,0,0.249899689,0.013261354,0.038566184
583800,Maitlands,1.06225816,0,0,0,0,0,0.015142527,0,0.774424703,0.037466664,0.107600264,0,0.065365841,0,0
583900,Isel Park,5.47314927,0,0,0,0,0,0.020714552,0.045206561,0.212586264,0.150790984,0.489142631,0,0.078038595,0,0.003520412
584000,Langbein,1.27285312,0,0,0,0,0,0.002511214,0,0.531911218,0.001913306,0,0.463664262,0,0,0
584201,Richmond East,6.65383304,0,0,0.021585204,0,0,0.012092551,0.025817597,0.474105745,0.100217018,0.210077846,0.117407875,0.035068398,0,0.003627765
584202,Richmond West,7.0385888,0,0,0.135819763,0,0,0.000583669,0.039222553,0.399988327,0.105585712,0.26743711,0.030788537,0.015613144,0.004377517,0.000583669
584301,Motueka West,18.1948707,0.014177402,0,0.483552158,0,0,0.018081325,0.001232818,0.102632066,0.02588917,0.270808934,0.017670386,0.020957899,0.016643038,0.028354805
584303,Motueka East,7.64135438,0.319037352,0,0.074571079,0,0,0.061185246,0,0.252732525,0.002996828,0.176846171,0.085659344,0,0.025473041,0.001498414
584305,Jackett Island,0.65739217,0.796278457,0,0,0,0,0.033463469,0,0,0.036505603,0.094813162,0,0,0.026770775,0.012168534
584402,Karamea,65.1715691,0.037631941,0,0.000917852,0,0,0.029371271,0.020192749,0.002753557,0.001835704,0.282698486,0.085360257,0.013767783,0.028453419,0.49701698
584403,Hector-Ngakawau,2.53257155,0.34620581,0,0,0,0,0,0.115120468,0.040531412,0.005066426,0.050664265,0.023080387,0.031637019,0.018576897,0.369117316
584404,Granity,4.70052667,0.394469924,0,0,0,0,0.012568354,0.090844946,0.013229847,0.003968954,0.070118187,0.002645969,0.131328277,0.064826248,0.215999294
584405,Orowaiti,4.43224088,0.024718241,0,0,0,0,0.073614013,0.021628461,0.127652061,0.027808022,0.468899891,0.057160933,0.046089221,0.136722773,0.015706383
584407,Little Wanganui,2130.62472,0.156469408,0.006018054,0,0.072718154,0,0.003009027,0.009027081,0,0.006018054,0.015045135,0.003009027,0.02106319,0.014042126,0.693580742
584408,Mokihinui,932.633139,0.101422594,0.013054393,0,0.033138075,0,0.006025105,0.04251046,0,0.002008368,0.016066946,0.004016736,0.032133891,0.016066946,0.733556485
584409,Buller Coalfields,492.382698,0.113517171,0.001015057,0,0.008120453,0,0.007612925,0.069869734,0,0.001015057,0.078159364,0.011503976,0.069531382,0.03349687,0.60615801
584410,Westport Rural,545.337813,0.042679312,0.022863917,0,0.025404353,0,0.029977136,0.01727496,0.005843001,0.008129393,0.1210094,0.007367262,0.056397663,0.024388179,0.638665425
584411,Charleston,560.851301,0.169390788,0.030212977,0,0.020802377,0,0.024764735,0.022783556,0.000990589,0.008915305,0.03368004,0,0.025755324,0.010896483,0.651807826
584412,Inangahua Junction,412.431399,0,0.017206478,0,0.029352227,0,0.013157895,0.020242915,0,0.003036437,0.058704453,0.008097166,0.036437247,0.008097166,0.805668016
584500,Westport Urban,4.51346824,0.120891046,0,0,0,0,0.063467799,0.05881186,0.427401193,0.004900988,0.106841546,0.140086584,0.029678207,0.038391076,0.0095297
584600,Reefton,2.0135686,0,0,0,0,0,0.070379437,0,0.444614443,0.012239902,0.261627907,0.048959608,0.030599755,0.045899633,0.085679315
584701,Inangahua Valley,1029.28051,0,0.024217962,0,0.064581231,0,0.003027245,0.005045409,0,0.020181635,0.09283552,0.002018163,0.027245207,0.01715439,0.743693239
584702,Mawheraiti,678.540821,0,0.011097659,0,0.017150928,0,0.005044391,0.005044391,0.001715093,0.034301856,0.167473769,0.004035513,0.037328491,0.013115416,0.703692494
584703,Maruia,1076.0696,0,0.057286432,0,0.153768844,0,0.007035176,0,0,0.00201005,0.03919598,0.005025126,0.00201005,0.021105528,0.712562814
584800,Karoro,2.80871332,0.157879651,0,0,0,0,0,0.069656986,0.190988409,0.015589635,0.083087618,0.002767391,0.009824238,0.046123182,0.42408289
584911,Kaiata,14.6711936,0,0,0,0,0,0.021621274,0.10321906,0.047409147,0.044143434,0.281909879,0.020562732,0.064525989,0.031724071,0.384884413
584912,South Beach-Camerons,11.7169807,0.409695201,0,0,0,0,0.015888457,0.026102464,0.022697795,0.099870298,0.223167964,0.017023346,0.019860571,0.021562905,0.144130999
584922,Blackball,18.6092147,0,0.006988934,0,0.018637158,0,0,0.032032615,0.013395457,0,0.031450204,0,0.045039798,0.030479519,0.821976315
584923,Point Elizabeth,15.4103051,0.155249898,0,0,0,0,0.014980253,0.150369967,0.026215443,0.022697353,0.161809433,0.001134868,0.04176313,0.008851968,0.416927686
584930,Dobson,23.3127519,0,0,0,0,0,0.008916188,0.040816327,0.051713889,0.032098276,0.135526055,0.028531801,0.068852784,0.021398851,0.612145829
584931,Barrytown,195.389688,0.250215406,0.013958297,0,0.01033948,0,0.006203688,0.019989661,0.002067896,0.00516974,0.042391866,0.002067896,0.015509219,0.021023608,0.611063243
584932,Coal Creek,79.1769343,0,0.011711126,0,0.005576726,0,0.011711126,0.031043777,0.012826471,0.022306906,0.130588345,0.020076215,0.075099916,0.042940794,0.636118598
584933,Atarau,410.591346,0,0.021443159,0,0.028590878,0,0.002042206,0.008168822,0,0.034717495,0.13886998,0.011232131,0.030633084,0.015316542,0.708985705
584934,Greymouth Rural,52.4989939,0.008668679,0,0,0,0,0.003007306,0.024096637,0.032139761,0.071602528,0.070647828,0.009852508,0.059859714,0.004964442,0.715160597
584935,Marsden-Hohonu,404.490205,0.017604418,0.012426648,0,0.00517777,0,0.018122195,0.033310321,0.005264066,0.129703141,0.127890922,0.047117708,0.06869175,0.022782188,0.511908871
584936,Arnold Valley,132.033389,0,0,0,0,0,0.005158184,0.010316369,0.002063274,0.188789546,0.262895461,0.003094911,0.122077029,0.008253095,0.397352132
584937,Nelson Creek-Ngahere,507.671519,0,0,0,0,0,0.010780287,0.009240246,0.001026694,0.110882957,0.187200548,0.016427105,0.094969199,0.020020534,0.54945243
584938,Ahaura,456.078348,0,0.01010101,0,0.02020202,0,0.007070707,0.004040404,0,0.061616162,0.158080808,0.007070707,0.06010101,0.017171717,0.654545455
584939,Lake Brunner,622.053023,0,0.064679131,0,0.116220313,0,0.011622031,0.02475998,0,0.017180394,0.14603335,0.051541182,0.02122284,0.026781203,0.519959576
584940,Haupiri,547.668293,0,0.098641168,0,0.20332159,0,0.004529441,0.002013085,0,0.010065425,0.05183694,0.005032713,0.006039255,0.023653749,0.594866633
585000,Runanga-Rapahoe,7.76370952,0.00537526,0,0,0,0,0.006047168,0.062599386,0.062039463,0.001567784,0.095052521,0.001343815,0.096418733,0.016797689,0.65275818
585110,Cobden,4.01790449,0.356442344,0,0,0,0,0.024646985,0.047021552,0.167481296,0.002097616,0.142078504,0.053931198,0.020976157,0.017480131,0.167844217
585120,Blaketown,1.57096434,0.268612457,0,0,0,0,0.041858423,0.0302032,0.544775714,0.000702659,0.003513297,0.065246942,0,0.042745112,0.002342198
585130,Greymouth Central,2.62139805,0,0,0,0,0,0.027100694,0.139304202,0.42104482,0.001951343,0.018483554,0.13789877,0.014093032,0.014712506,0.225411079
585140,Greymouth South,5.2967466,0,0,0,0,0,0.008303748,0.092576762,0.18679354,0.05956571,0.103499437,0.001427578,0.015953189,0.006424103,0.525455933
585306,Kumara,3.53372173,0,0,0,0,0,0,0.174879287,0.072520738,0.079237341,0.113284635,0.024142627,0.257057076,0.009285626,0.269592671
585307,Kaniere,2.94909893,0,0,0,0,0,0.048797038,0.10215971,0.081018204,0.159913534,0.282264787,0.077644869,0.118502937,0.078808088,0.050890832
585309,Ross,8.70918362,0.141338885,0,0,0,0,0.00087652,0.066067711,0.023666046,0.005259121,0.257039553,0.011833023,0.022351265,0.059822505,0.411745371
585311,Harihari,145.651096,0.004081633,0,0,0,0,0.036734694,0.068367347,0,0.07755102,0.283163265,0.035204082,0.052040816,0.066326531,0.376530612
585312,Franz Josef,42.7111582,0,0,0,0,0,0.001077199,0.010771993,0.010771993,0,0.455655296,0.022621185,0.01508079,0.115260323,0.368761221
585313,Fox Glacier,55.4355412,0,0.009389671,0,0.001043297,0,0,0.010432968,0.002086594,0.001043297,0.442357851,0.017736046,0.010432968,0.069900887,0.435576421
585314,Taramakau,378.734293,0.00707428,0.116220313,0,0.055583628,0.002021223,0.005053057,0.033350177,0.002021223,0.0530571,0.079838302,0.056088934,0.046488125,0.047498737,0.495704901
585315,Otira,458.081147,0,0.175226586,0,0.231117825,0.002014099,0.001007049,0.025679758,0,0,0.019133938,0.006042296,0.008056395,0.129909366,0.401812689
585316,Waimea-Arahura,182.148132,0.092293493,0,0.001025483,0,0,0.029944111,0.040506589,0.006357996,0.146473192,0.168691996,0.020509665,0.090840725,0.025637081,0.377719667
585317,Hokitika Rural,151.428362,0.201211294,0,0,0,0,0.073867913,0.111939645,0.008139474,0.146247965,0.250905845,0.041835145,0.056626232,0.022930561,0.086295927
585318,Hokitika Valley,869.116384,0,0.190316355,0,0.12687757,0.016111437,0.010069648,0.028446757,0.001006965,0.023160191,0.076529328,0.016447092,0.021146262,0.155072585,0.334815809
585319,Totara River,317.579954,0.045238902,0.080311759,0,0.075228736,0.002033209,0.025245679,0.052355134,0.001016605,0.016265673,0.112843104,0.009149441,0.028464927,0.053880041,0.497966791
585320,Waitaha,1173.66665,0.09194241,0.150037888,0,0.071230109,0.047486739,0.008082849,0.019449356,0.001010356,0.02626926,0.078302602,0.007577671,0.019196767,0.128820409,0.350593584
585321,Whataroa,990.628024,0.06432918,0.055346276,0,0.053897421,0.053028108,0.173283106,0.013909012,0.000579542,0.004636337,0.058243987,0.220805564,0.028977108,0.094175601,0.178788757
585322,Waiho,483.043151,0.050615826,0.06984984,0,0.04656656,0.156402902,0.011135482,0.033406445,0.002024633,0,0.059220516,0.022270963,0.004049266,0.10173781,0.442719757
585323,Karangarua,1186.23398,0.152943149,0.091564649,0,0.092067751,0.112694952,0.005031025,0.016099279,0.001006205,0,0.056850579,0.016099279,0.00402482,0.123260104,0.328358209
585324,Bruce Bay-Paringa,1306.16982,0.078234704,0.121364092,0,0.150952859,0.037111334,0.01003009,0.003009027,0,0,0.024072217,0.009027081,0.002006018,0.098796389,0.465396189
585325,Haast,4102.93174,0.30842456,0.046644455,0,0.164683484,0.017134698,0.022846264,0.010471204,0.000951928,0,0.022846264,0.032841504,0.008567349,0.067586863,0.297001428
585400,Hokitika Urban,3.90985628,0.194862665,0,0,0,0,0.001831129,0.058809766,0.321943032,0.001098678,0.102227874,0.126958291,0.059206511,0.111698881,0.021363174
585502,Hanmer Springs,4.23076035,0,0,0,0,0,0.072695035,0.026595745,0.287234043,0.269503546,0.287234043,0,0.033687943,0.023049645,0
585504,Culverden,22.6902063,0,0,0.11149033,0,0,0.025028441,0,0.017064846,0.007963595,0.827076223,0,0.003412969,0.007963595,0
585505,Waiau,0.97252161,0,0,0,0,0,0.067007582,0,0.180920473,0.004232058,0.536942338,0,0.105801446,0.105096103,0
585506,Amuri,4172.60393,0.014051522,0.058213449,0.016058883,0.157577785,0,0.006022081,0.016058883,0,0.017062563,0.339745734,0.008029441,0.078287053,0.077617932,0.211274674
585601,Parnassus,992.300644,0.192217377,0,0.03522308,0,0,0.012244213,0.033210332,0.001257967,0.038242201,0.53279101,0.007044616,0.10868836,0.021972492,0.017108353
585602,Cheviot,2.22945254,0,0,0,0,0,0.03359664,0.00239976,0.076792321,0.0239976,0.860813919,0.00239976,0,0,0
585700,Hurunui,2465.16499,0.076038019,0.017008504,0.051025513,0.107053527,0,0.008004002,0.012006003,0.0010005,0.037018509,0.427713857,0.004002001,0.07803902,0.043021511,0.138069035
585802,Amberley,3.05761494,0,0,0.101621622,0,0,0.043243243,0,0.269189189,0,0.585945946,0,0,0,0
585803,Leithfield,456.238506,0.030832477,0,0.087872559,0,0,0.011819116,0.019013361,0.004624872,0.201438849,0.517471737,0.002055498,0.056526208,0.008735868,0.059609455
585805,Sefton,34.4156004,0.021691561,0,0.191989344,0,0,0.046237275,0.001141661,0.003424983,0.054799734,0.615165065,0.033108172,0.006088859,0.026353344,0
585806,Okuku,545.25424,0,0.004058853,0.00913242,0.040588534,0,0.017757484,0.013191273,0,0.059868087,0.519025875,0,0.110603754,0.017250127,0.208523592
585807,Loburn,94.5693205,0,0,0.062695925,0,0,0.026123302,0.016196447,0.003134796,0.359979101,0.431034483,0.003047719,0.044757924,0.021682341,0.031347962
585808,Ashley,47.3470422,0,0,0.191953916,0,0,0.016166496,0.012264239,0.003344792,0.110935613,0.640527734,0.002787327,0.011149308,0.010870575,0
586001,Camside,6.73621404,0,0,0,0,0,0.033012972,0,0.018521798,0.205449139,0.518459154,0.11050197,0.092867562,0.021187404,0
586002,Pines-Kairaki Beach,1.47448957,0.066915191,0,0,0,0,0,0,0.165179617,0.293607489,0.215328835,0.072958801,0.037847798,0.14816227,0
586112,Waikuku,1.29863958,0.046021573,0,0.118914738,0,0,0.007278726,0,0.309942778,0.087537268,0.304493362,0.015725642,0.060752328,0.049333586,0
586114,Cust,19.4797909,0,0,0.121255651,0,0,0,0,0.032320757,0.010773586,0.835650006,0,0,0,0
586115,Mairaki,59.103729,0,0,0.155796096,0,0,0.029419928,0.00555093,0.003330558,0.049958368,0.722638542,0.006661116,0.018873161,0.007771302,0
586120,Woodend,2.52183854,0,0,0.086869433,0,0,0,0,0.375113741,0,0.538016827,0,0,0,0
586121,Fernside,72.8194065,0,0,0.23498969,0,0,0.029554707,0,0.023601262,0.02216603,0.635457319,0.008904303,0.027281268,0.018045422,0
586122,Lehmans,3.17880304,0,0,0.182604245,0,0,0,0,0.350497474,0.002783298,0.464114982,0,0,0,0
586124,Pegasus,8.95927318,0.039420972,0,0.06367344,0,0,0.074271397,0,0.197027326,0.153427567,0.367628021,0.044562838,0.035993062,0.023995375,0
586126,Woodend Beach,11.4780518,0.015570347,0,0.113937871,0,0,0.003892587,0.006228139,0.037265031,0.315662843,0.457110181,0.020827193,0.01030238,0.019203428,0
586127,Coldstream,26.0443331,0.049886004,0,0.067284348,0,0,0.062491312,0,0.078712841,0.034851584,0.587045213,0.02794737,0.038872657,0.052908671,0
586128,Ravenswood,1.60186485,0,0,0.004723701,0,0,0,0,0.100645541,0,0.894630759,0,0,0,0
586129,Tuahiwi,27.799639,0,0,0.065265993,0,0,0,0,0.04996861,0.002852491,0.877944223,0.001488256,0,0.002480427,0
586130,Woodend West,0.96505113,0,0,0.386048918,0,0,0,0,0.158583559,0.00475536,0.450612163,0,0,0,0
586303,Rangiora East,3.3287345,0,0,0.002928988,0,0,0,0,0.300034589,0.004271441,0.673091944,0.019673037,0,0,0
586304,Southbrook,3.11615889,0,0,0.020973921,0,0,0,0,0.136993974,0.001878262,0.821058185,0.019095659,0,0,0
586305,Kingsbury,2.37468591,0,0,0.020768812,0,0,0.047691347,0,0.357269356,0,0.323378102,0.067947349,0.096408315,0.086536718,0
586306,Rangiora North,2.89432615,0,0,0.031622062,0,0,0,0,0.594627139,0,0.373750799,0,0,0,0
586307,Rangiora West,1.0501982,0,0,0,0,0,0,0,0.679989805,0,0.320010195,0,0,0,0
586308,Rangiora Central,0.88681418,0,0,0,0,0,0,0,0.967062504,0.032937496,0,0,0,0,0
586403,Kaiapoi South,1.32091341,0,0,0,0,0,0,0,0.849723878,0,0.088706571,0.061569551,0,0,0
586404,Mansfield,0.87517493,0,0,0,0,0,0,0,0.834303444,0,0.165696556,0,0,0,0
586405,Courtenay,0.76770805,0,0,0,0,0,0.01893013,0,0.305870153,0.013055262,0.611142854,0.032506646,0.018494955,0,0
586407,Kaiapoi East,0.99850437,0,0,0,0,0,0.046590365,0,0.682903523,0,0.223228375,0.047277737,0,0,0
586408,Kaiapoi North West,3.05922627,0,0,0,0,0,0,0,0.286284016,0.009688297,0.694380009,0.009647678,0,0,0
586409,Kaiapoi North East,4.20841899,0,0,0,0,0,0,0,0.239392077,0.137974635,0.595200633,0.019687832,0.007744823,0,0
586501,Clarkville,24.4570947,0,0,0.158284877,0,0,0.055930271,0,0.046969978,0.08909051,0.564069887,0.029945275,0.023875372,0.03183383,0
586503,Kaiapoi West,0.42544123,0,0,0,0,0,0,0,0.763901024,0,0.212671302,0.023427673,0,0,0
586504,Silverstream,0.97070451,0,0,0,0,0,0,0,0.151517529,0,0.834896432,0.013586038,0,0,0
586603,Mandeville,87.5596004,0,0,0.353891732,0,0,0.019391328,0,0.020468624,0.047221474,0.490259449,0.024598258,0.006463776,0.03770536,0
586604,Ohoka,24.2892591,0,0,0.210960569,0,0,0.001783603,0,0.036861123,0.007728945,0.734540458,0.003567205,0.004558096,0,0
586605,West Eyreton,98.2314041,0,0,0.394123009,0,0,0.001072444,0.001072444,0.003753552,0.032709529,0.550646147,0,0.006434661,0.010188214,0
586606,Eyrewell,183.104111,0,0,0.157858495,0,0,0.00723016,0,0.00103288,0.242210363,0.50852126,0.02943708,0.01962472,0.03408504,0
586801,Ashley Gorge,797.546908,0,0.009045226,0.056281407,0.098492462,0,0.003015075,0.005025126,0,0.031658291,0.432663317,0.003015075,0.072864322,0.048241206,0.239698492
586802,Oxford,10.9124215,0,0,0.004822182,0,0,0,0.003616637,0.066305003,0.016877637,0.815551537,0,0.062688366,0.022905365,0.007233273
586900,Darfield,3.37219391,0,0,0,0,0,0,0,0.2492569,0.001698514,0.749044586,0,0,0,0
587010,Kirwee,465.459263,0,0,0.171943093,0,0,0.012208977,0.001017415,0.006053618,0.06002747,0.689230665,0.005087074,0.032048565,0.02136571,0.001017415
587020,Burnham Military Camp,1.49366939,0,0,0.022367638,0,0,0,0,0.438508824,0.084283165,0.378219314,0.013325402,0.063295657,0,0
587100,Malvern,4579.12278,0,0.071213641,0.039117352,0.183049147,0.002006018,0.008024072,0.009027081,0.001003009,0.013039117,0.275827482,0.015045135,0.045135406,0.12337011,0.214142427
587302,Halswell South,1.28471225,0,0,0.001926183,0,0,0,0,0.450465972,0,0.547607846,0,0,0,0
587303,Oaklands West,1.6638649,0,0,0.160370914,0,0,0,0,0.160337636,0,0.67208406,0.00720739,0,0,0
587304,Oaklands East,1.32593647,0,0,0.017314819,0,0,0,0,0.78406721,0,0.194952048,0.003665923,0,0,0
587400,Hornby North,2.94602361,0,0,0,0,0,0,0,0.93548543,0,0.06451457,0,0,0,0
587500,Hornby South,1.96257,0,0,0.021793419,0,0,0,0,0.918308579,0,0.059898001,0,0,0,0
587701,Sockburn,2.7410151,0,0,0,0,0,0,0,1,0,0,0,0,0,0
587702,Wigram,7.12841701,0,0,0.012713653,0,0,0,0,0.695265524,0,0.290073199,0.001947623,0,0,0
587811,Yaldhurst,21.2663713,0,0,0.094776581,0,0,0.011080737,0,0.353689609,0.029317784,0.458386362,0.004155277,0.003693579,0.044900071,0
587812,Broomfield,2.46103791,0,0,0.031765889,0,0,0,0,0.938585948,0,0.029648163,0,0,0,0
587821,Paparua,23.3801661,0,0,0.137306921,0,0,0,0,0.174154304,0.016435222,0.607090806,0.001248245,0.001560306,0.062204196,0
587822,Templeton,0.89860753,0,0,0,0,0,0,0,0.416228548,0,0.567299253,0,0.016472199,0,0
587830,Islington,9.22009672,0,0,0.125675507,0,0,0,0,0.382208804,0.002857127,0.450544487,0.001714276,0,0.036999799,0
587842,Halswell West,8.36640147,0,0,0.125439142,0,0,0.001985921,0,0.080464506,0.002978881,0.78840338,0.000728171,0,0,0
587844,Westmorland,1.84262957,0,0,0.014643071,0,0,0,0,0.229600919,0.075829003,0.603664767,0,0.076262239,0,0
587845,Aidanfield,1.68225644,0,0,0.042735378,0,0,0,0,0.518392264,0.001832607,0.433985406,0.003054345,0,0,0
587846,Halswell Domain,0.98365876,0,0,0.073853582,0,0,0,0,0.478763645,0,0.447382772,0,0,0,0
587847,Hendersons Basin,5.97735238,0,0,0.054959151,0,0,0,0,0.120101716,0.016501125,0.784070711,0,0.019015582,0,0.005351716
587848,Prebbleton,1.96620571,0,0,0.164599374,0,0,0,0,0.351812762,0.002814466,0.480773397,0,0,0,0
587849,Trents-Ladbrooks,31.7658795,0,0,0.260485696,0,0,0,0,0.059970433,0.004125754,0.674042866,0,0.001375251,0,0
587902,Mcleans Island,60.1390577,0,0,0.025421408,0,0,0.032113276,0.00115377,0.110366102,0.135183432,0.538849237,0.060188356,0.002307541,0.094416878,0
587903,Kennedys Bush,14.9467683,0,0,0.020436276,0,0,0,0.124908902,0.033029468,0.190248984,0.499885762,0,0.130020666,0.001469942,0
587904,West Melton,256.641423,0,0,0.173822808,0,0,0.010855356,0.005361487,0.050000234,0.06359461,0.655221058,0.006552928,0.024067119,0.0105244,0
587905,Taitapu,7.68751053,0,0,0.445373273,0,0,0,0,0.04040404,0,0.506327644,0,0.007895042,0,0
588101,Redwood North,1.5162639,0,0,0,0,0,0,0,0.681773264,0.027013319,0.291213417,0,0,0,0
588102,Redwood South,2.11842784,0,0,0.078200532,0,0,0.002231987,0,0.671545183,0,0.248022298,0,0,0,0
588200,Styx Mill,1.33904118,0,0,0,0,0,0,0,0.882823397,0,0.117176603,0,0,0,0
588300,Casebrook,1.03832531,0,0,0,0,0,0,0,1,0,0,0,0,0,0
588401,Belfast South,2.20126631,0,0,0.085864745,0,0,0.05395218,0,0.468031312,0,0.372555453,0.01959631,0,0,0
588402,Sawyers Arms,9.20215514,0,0,0.063499565,0,0,0.059014949,0.004874583,0.243035323,0.014948721,0.586451771,0.026225255,0.001949833,0,0
588500,Bishopdale North,4.01019622,0,0,0.071972552,0,0,0.024166206,0,0.399782127,0.002685134,0.485666767,0.012658489,0.003068725,0,0
588600,Harewood,2.32055149,0,0,0.059610236,0,0,0,0,0.700273508,0.003608368,0.236507889,0,0,0,0
588700,Bishopdale,0.95247079,0,0,0,0,0,0,0,1,0,0,0,0,0,0
588800,Russley,2.53184397,0,0,0.001330502,0,0,0,0,0.851645226,0,0.147024272,0,0,0,0
588900,Burnside,1.12807918,0,0,0,0,0,0,0,1,0,0,0,0,0,0
589000,Wairarapa,0.79869297,0,0,0,0,0,0,0,1,0,0,0,0,0,0
589100,Jellie Park,0.94876222,0,0,0,0,0,0,0,1,0,0,0,0,0,0
589200,Bryndwr,1.2077146,0,0,0,0,0,0,0,1,0,0,0,0,0,0
589300,Holmwood,1.09346899,0,0,0,0,0,0.032220705,0,0.967779295,0,0,0,0,0,0
589400,Fendalton,1.64518266,0,0,0,0,0,0,0,1,0,0,0,0,0,0
589500,Deans Bush,0.92526971,0,0,0,0,0,0.048644678,0,0.931863131,0.019492192,0,0,0,0,0
589601,Hawthornden,2.29857274,0,0,0.256913849,0,0,0,0,0.382127588,0,0.360958563,0,0,0,0
589602,Merrin,0.53770489,0,0,0,0,0,0,0,1,0,0,0,0,0,0
589700,Westburn,1.01171233,0,0,0,0,0,0,0,1,0,0,0,0,0,0
589800,Avonhead West,0.99921353,0,0,0,0,0,0,0,0.892398311,0,0.107601689,0,0,0,0
589900,Avonhead,1.16559571,0,0,0,0,0,0,0,1,0,0,0,0,0,0
590000,Ilam,1.45622336,0,0,0,0,0,0,0,1,0,0,0,0,0,0
590100,Upper Riccarton,0.9649048,0,0,0,0,0,0,0,1,0,0,0,0,0,0
590200,Wharenui,0.83899853,0,0,0,0,0,0,0,1,0,0,0,0,0,0
590300,Middleton,4.7869882,0,0,0,0,0,0,0,0.823753985,0.009707081,0.163969412,0.002569521,0,0,0
590400,Belfast,23.5183314,0,0,0.137969042,0,0,0.091964156,0.000684257,0.131537618,0.012430671,0.53554849,0.037406055,0.015509828,0.036949884,0
590501,Travis Wetland,3.51919862,0,0,0.015135662,0,0,0.214469803,0,0.54649868,0.08936089,0.123115432,0.011419533,0,0,0
590504,Mairehau North,1.83198915,0,0,0.071305243,0,0,0,0,0.422503178,0,0.506191579,0,0,0,0
590505,Westhaven,1.03551666,0,0,0.009683526,0,0,0.081262631,0,0.790491175,0.007262644,0.10403738,0.007262644,0,0,0
590506,Highfield Park,6.08649949,0,0,0.114000158,0,0,0,0,0.127035832,0.027382963,0.731581047,0,0,0,0
590507,Prestons,5.86710457,0,0,0.09675938,0,0,0.038991563,0,0.255741317,0.041115884,0.561224473,0,0.006167383,0,0
590602,Parklands,1.56408294,0,0,0,0,0,0.121026894,0,0.737867228,0.117750969,0,0.02335491,0,0,0
590603,Waimairi Beach,1.76841048,0.135256935,0,0,0,0,0,0,0.720817022,0.110239964,0,0,0.011716897,0.021969183,0
590604,Styx,39.4395461,0.095809631,0,0.026196597,0,0,0.075784555,0,0.093987497,0.246558748,0.368529105,0.037029128,0.034094418,0.022010321,0
590701,Mona Vale,0.93598431,0,0,0,0,0,0.072726881,0,0.915873593,0.011399526,0,0,0,0,0
590702,Riccarton West,0.6225224,0,0,0,0,0,0.024852312,0,0.975147688,0,0,0,0,0,0
590800,Riccarton,1.08951202,0,0,0,0,0,0.011582883,0,0.988417117,0,0,0,0,0,0
590900,Riccarton South,0.79759766,0,0,0,0,0,0.060123058,0,0.939876942,0,0,0,0,0,0
591101,Cashmere West,8.73962129,0,0,0.004111895,0,0,0,0.081152987,0.201386536,0.424267614,0.228736767,0,0.048351174,0,0.011993027
591102,Cashmere East,6.41673462,0,0,0,0,0,0,0.08003447,0.180117476,0.271461782,0.438823367,0,0.009854302,0,0.019708604
591200,Rapaki Track,9.41021993,0,0,0.020577561,0,0,0,0.0101997,0.135079551,0.030057937,0.75502425,0.001514366,0.046299511,0.001247125,0
591300,Heathcote Valley,7.36813997,0,0,0.034098185,0,0,0.013553577,0.060434071,0.3558465,0.00962958,0.462314556,0.042654303,0.008524546,0.012944681,0
591500,Cathedral Square,2.20504241,0,0,0,0,0,0.098619866,0,0.868502566,0.007386685,0,0.025490883,0,0,0
591600,Hagley Park,2.71155367,0,0,0,0,0,0.307520921,0,0.645834635,0.028453052,0,0.018191393,0,0,0
591700,Avon Loop,1.42297775,0,0,0,0,0,0,0,0.943112616,0.008653251,0,0.048234133,0,0,0
591800,Northcote,1.15272814,0,0,0,0,0,0,0,0.943916721,0,0.056083279,0,0,0,0
591900,Papanui,1.36354135,0,0,0.037033099,0,0,0.001443183,0,0.884107042,0,0.077416677,0,0,0,0
592000,Aorangi,1.8892417,0,0,0,0,0,0,0,1,0,0,0,0,0,0
592100,Strowan,1.59656719,0,0,0,0,0,0,0,1,0,0,0,0,0,0
592200,Merivale,0.97898891,0,0,0,0,0,0.027139993,0,0.960008423,0.012851585,0,0,0,0,0
592300,Rutland,1.8133197,0,0,0.064105212,0,0,0.001950649,0,0.918259781,0,0.015684359,0,0,0,0
592401,St Albans West,0.68128544,0,0,0,0,0,0.008212958,0,0.991787042,0,0,0,0,0,0
592402,St Albans East,1.31266281,0,0,0,0,0,0,0,1,0,0,0,0,0,0
592500,Mairehau,0.94650112,0,0,0,0,0,0,0,0.979013357,0,0.020986643,0,0,0,0
592600,Edgeware,1.01454,0,0,0,0,0,0,0,1,0,0,0,0,0,0
592701,Shirley West,1.52748102,0,0,0,0,0,0,0,0.969255139,0,0.030744861,0,0,0,0
592702,Shirley East,1.61539949,0,0,0,0,0,0.012437219,0,0.987562781,0,0,0,0,0,0
592811,Burwood,1.5889946,0,0,0,0,0,0.064018797,0,0.908625167,0,0,0.027356036,0,0,0
592812,Dallington,1.32539235,0,0,0,0,0,0.000771817,0,0.965581352,0,0,0.033646832,0,0,0
592820,Travis,1.37634077,0,0,0,0,0,0.024262455,0,0.936046656,0,0,0.039690889,0,0,0
592900,Avondale,1.96281037,0,0,0,0,0,0,0,0.974654034,0,0,0.025345966,0,0,0
593000,Wainoni,1.50410393,0,0,0,0,0,0,0,0.963066516,0.031423351,0,0.005510133,0,0,0
593100,Aranui,1.62805661,0,0,0,0,0,0,0,0.956690493,0.007992527,0,0.017034074,0.018282906,0,0
593200,Richmond North,1.18685415,0,0,0,0,0,0.020012114,0,0.976707211,0,0,0.003280674,0,0,0
593300,Richmond South,0.78246147,0,0,0,0,0,0,0,0.954894215,0,0,0.045105785,0,0,0
593400,Avonside,1.34088844,0,0,0,0,0,0,0,0.964123172,0,0,0.035876828,0,0,0
593501,Linwood,1.07775852,0,0,0,0,0,0,0,0.982298609,0,0,0.017701391,0,0,0
593502,Phillipstown,1.28428938,0,0,0,0,0,0,0,1,0,0,0,0,0,0
593600,Linwood North,0.85756964,0,0,0,0,0,0,0,1,0,0,0,0,0,0
593700,Linwood East,0.89645454,0,0,0,0,0,0,0,1,0,0,0,0,0,0
593800,Bexley,2.77542629,0,0,0,0,0,0.043715146,0,0.862843217,0.008109073,0.012618474,0.07271409,0,0,0
593900,Bromley,7.4872606,0,0,0,0,0,0.00726456,0,0.524652625,0.007170192,0.027617851,0.396723189,0.025942404,0.01062918,0
594010,Woolston West,1.29539287,0,0,0,0,0,0,0,0.99811679,0,0,0.00188321,0,0,0
594020,Ferrymead,2.05624688,0,0,0,0,0,0.021985909,0,0.70892696,0,0.097242719,0.153911558,0,0.017932854,0
594100,Woolston South,1.69705236,0,0,0,0,0,0,0,0.851637698,0.002490748,0.06378879,0.082082764,0,0,0
594200,Ensors,1.36819008,0,0,0,0,0,0,0,0.974556957,0,0,0.025443043,0,0,0
594300,Opawa,1.99141211,0,0,0,0,0,0,0.003039864,0.798578243,0.074583428,0.076376585,0.015503307,0.031918573,0,0
594400,St Martins,1.87174384,0,0,0,0,0,0,0.021778479,0.891953013,0.039403426,0.046865082,0,0,0,0
594500,Waltham,0.86107017,0,0,0,0,0,0,0,1,0,0,0,0,0,0
594600,Sydenham,2.79294374,0,0,0,0,0,0,0,1,0,0,0,0,0,0
594700,Addington,1.06272519,0,0,0,0,0,0.011994825,0,0.988005175,0,0,0,0,0,0
594800,Barrington North,1.84760515,0,0,0,0,0,0,0,0.996192039,0.001427985,0.002379976,0,0,0,0
594900,Barrington South,1.16978594,0,0,0,0,0,0,0,0.937303175,0.062696825,0,0,0,0,0
595000,Spreydon,1.19865211,0,0,0,0,0,0,0,1,0,0,0,0,0,0
595100,Hoon Hay,1.04753211,0,0,0,0,0,0,0,0.85162443,0,0.14837557,0,0,0,0
595200,Hoon Hay South,0.70823453,0,0,0,0,0,0,0,0.740409395,0.014922422,0.244668183,0,0,0,0
595300,Hillmorton,1.66352455,0,0,0.001760017,0,0,0,0,0.653541539,0.010296101,0.330706306,0.003696036,0,0,0
595400,Somerfield,1.22932022,0,0,0,0,0,0,0,0.996777893,0.003222107,0,0,0,0,0
595500,Beckenham,0.87672547,0,0,0,0,0,0,0,0.998257956,0.001742044,0,0,0,0,0
595600,North Beach,2.16020513,0.094229824,0,0,0,0,0,0,0.867189649,0.010437396,0,0.008277391,0,0.019865739,0
595700,Rawhiti,2.67557044,0.09985824,0,0,0,0,0,0,0.834982688,0.021353334,0,0.021384736,0.011116295,0.011304706,0
595800,New Brighton,1.39825599,0.237544775,0,0,0,0,0.087151017,0,0.574107884,0.017486762,0.035532491,0.031507262,0,0.016669809,0
595900,South Brighton,2.80619488,0.346849355,0,0,0,0,0.003237122,0,0.191386664,0.023279565,0.00916094,0.410728308,0,0.015358046,0
596000,Mt Pleasant,4.38886803,0,0,0.024583229,0,0,0.001862366,0.103616714,0.339871124,0.021640691,0.457221457,0.033884416,0.017320002,0,0
596102,Moncks Bay,6.19073571,0.019180513,0,0,0,0,0.002141365,0.024625698,0.191070945,0.038728117,0.535821978,0.108344332,0.068156591,0.011930462,0
596200,Sumner,9.31494606,0.404730558,0,0,0,0,0,0.003631906,0.117242475,0.021655241,0.432718936,0,0.014573024,0.005447859,0
596400,Lyttelton,14.4243452,0.390865155,0,0,0,0,0,0.067410398,0.056470603,0.050159183,0.385710565,0,0.048055376,0.00132872,0
596502,Diamond Harbour,44.2158477,0.164867233,0,0,0,0,0.001119325,0.049250297,0.029102448,0.091302712,0.583953145,0,0.075927541,0,0.0044773
596503,Governors Bay,25.0969269,0.21953923,0,0.005757148,0,0,0.008060007,0.110309593,0.01324144,0.095184841,0.439481461,0,0.108426281,0,0
596504,Quail Island,0.80389759,0.533442836,0,0,0,0,0,0,0,0.128897657,0.331997133,0,0.005662374,0,0
596600,Port Levy,78.9013876,0.171413502,0,0,0,0,0,0.055907173,0.001054852,0.053797468,0.675632911,0,0.035864979,0,0.006329114
596800,Akaroa,1.7635459,0.401998025,0,0,0,0,0,0.157258984,0.171427486,0.056977893,0.157638836,0,0.052419661,0,0.002279116
596901,Akaroa Harbour,162.447723,0.223766925,0,0.006735286,0.001036198,0,0,0.078232937,0.007719674,0.029531639,0.542104172,0,0.102583587,0.001036198,0.007253385
596902,Banks Peninsula Eastern Bays,273.554088,0.250341064,0,0.001534789,0,0,0,0.07366985,0.005457026,0.023021828,0.560027285,0,0.079809004,0,0.006139154
597000,Chatham Islands,808.302126,1,0,0,0,0,0,0,0,0,0,0,0,0,0
597101,Little River,377.854853,0.194633152,0,0.014266304,0,0,0.039741848,0.051460598,0.001019022,0.037194293,0.46654212,0.150305707,0.034646739,0.004076087,0.00611413
597102,Inland Water-Lake Ellesmere South,63.3048888,0.179420889,0,0,0,0,0.073422958,0,0.001034126,0.002068252,0.181489142,0.54705274,0.001034126,0.014477766,0
597200,Lincoln,13.2767862,0,0,0.409713574,0,0,0.008094645,0,0.114985471,0.00498132,0.46097966,0.00124533,0,0,0
597300,Leeston,1.90039657,0,0,0.282570806,0,0,0,0,0.218954248,0,0.498474946,0,0,0,0
597400,Southbridge,2.21948602,0,0,0.558139535,0,0,0,0,0.211627907,0,0.230232558,0,0,0,0
597503,Dunsandel,9.57736479,0,0,0.002632734,0,0,0,0,0.034225538,0,0.949978061,0,0.010530935,0.002632734,0
597505,Inland Water-Lake Ellesmere North,135.032693,0.083970793,0,0.039116829,0,0,0.088143255,0,0.002086231,0.007301808,0.23852573,0.528337969,0.003129346,0.009388039,0
597506,Selwyn-Rakaia,829.221705,0.043082639,0,0.232997948,0,0,0.004103109,0,0.008610829,0.00718044,0.58093178,0.047698636,0.042056862,0.033337757,0
597507,Rolleston North West,1.50587962,0,0,0.027950453,0,0,0,0,0.334408013,0.013315655,0.624325878,0,0,0,0
597508,Rolleston Central,1.60282218,0,0,0,0,0,0,0,0.825661665,0.008414951,0.165923383,0,0,0,0
597509,Rolleston North East,1.16237858,0,0,0.041201376,0,0,0,0,0.740425266,0,0.218373359,0,0,0,0
597510,Rolleston South West,1.85662376,0,0,0,0,0,0,0,0.66411785,0.0053399,0.33054225,0,0,0,0
597512,Springston,194.153877,0,0,0.199080385,0,0,0.039203056,0,0.009406379,0.02066107,0.634347831,0.073638173,0.022603564,0,0.001059542
597513,Rolleston South East,13.5192485,0,0,0.304094913,0,0,0,0,0.099563479,0.017465894,0.575998979,0,0,0.002876735,0
597600,Methven,4.03799597,0,0,0.523809524,0,0,0,0,0.21182266,0.008210181,0.256157635,0,0,0,0
597712,Plains Railway,28.6857778,0,0,0.444124557,0,0,0.009005548,0,0.058241787,0.00726357,0.452589932,0.001834671,0.013437205,0.013502729,0
597713,Ashburton North,7.23327404,0,0,0.018639162,0,0,0,0,0.164936655,0.014593452,0.801830731,0,0,0,0
597714,Fairton,15.2488941,0,0,0.231236176,0,0,0,0,0.107720989,0.018835566,0.631874615,0.001291582,0.009041072,0,0
597715,Ashburton East,7.86774725,0,0,0.173317715,0,0,0.04969463,0,0.163850612,0.012040204,0.551716088,0.006848247,0.01679451,0.025737994,0
597720,Mt Somers,4008.35107,0,0.054244098,0.047714716,0.211953792,0.026117529,0.012054244,0.007031642,0.00050226,0.013058764,0.346057258,0.005022602,0.034153692,0.195881467,0.046207936
597730,Hinds,1311.4453,0.078099593,0,0.225170254,0.003042841,0,0.012171365,0,0.00313139,0.015721347,0.631896704,0.002028561,0.018088001,0.006592823,0.004057122
597741,Chertsey,785.898935,0.190538701,0,0.287024257,0,0,0.007094526,0,0.00487447,0.012668797,0.44475922,0.006081022,0.020607909,0.026351097,0
597742,Rakaia,7.12957288,0,0,0.262865415,0,0,0.005603811,0,0.158541141,0.037825721,0.200803213,0.032221911,0.145232091,0.156906697,0
597811,Allenton West,2.92631649,0,0,0.151842253,0,0,0.112059058,0,0.321985724,0.000629398,0.238608347,0.016259447,0.055132262,0.103483511,0
597812,Allenton East,2.17332135,0,0,0.026235368,0,0,0.000325905,0,0.601848491,0.012683144,0.358907092,0,0,0,0
597820,Ashburton Central West,2.13150538,0,0,0,0,0,0.067634469,0,0.578032569,0.044390935,0.164925264,0.023051748,0.087267332,0.034697683,0
597830,Netherby,1.09324641,0,0,0,0,0,0,0,0.730225519,0,0.269774481,0,0,0,0
597840,Ashburton Central East,1.43855357,0,0,0.015534792,0,0,0.034057043,0,0.782303407,0.067669201,0.010925568,0.023899679,0.026175839,0.039434471,0
597850,Hampstead,1.44099683,0,0,0.221221863,0,0,0.02062822,0,0.506018284,0.003447613,0.217712959,0.01287109,0,0.018099971,0
597860,Tinwald,2.42604162,0,0,0.101879843,0,0,0.010094517,0,0.405105233,0.000407859,0.473032249,0,0.006227622,0.003252678,0
598000,Winchester,0.67906891,0,0,0.01897257,0,0,0,0,0.164428941,0.04426933,0.753356589,0,0,0.01897257,0
598201,Fairview-Scarborough,21.633788,0.018323902,0,0.490380502,0,0,0.007848854,0,0.031599619,0.014651194,0.434299186,0.000981107,0,0.001915636,0
598202,Otipua Creek-Washdyke Flat,28.1275042,0.094233222,0,0.070152945,0,0,0.005302538,0.001449441,0.107252412,0.026573085,0.683923974,0.00410675,0.004348323,0.002657309,0
598311,Ben Mcleod,821.687933,0,0.071177945,0,0.391478697,0.004010025,0.010025063,0.005012531,0.001002506,0.010025063,0.307769424,0.00802005,0.015037594,0.175438596,0.001002506
598312,Orari,1196.88969,0.030387269,0.008103272,0.099265078,0.03950345,0,0.030893723,0.017219452,0.005064545,0.061787447,0.652369644,0.005064545,0.028867905,0.02147367,0
598313,Levels,623.816026,0.090190126,0,0.112381708,0,0,0.017733627,0.011341273,0.010476358,0.028868696,0.681065556,0.00206205,0.031446258,0.014434348,0
598314,Pareora,4.32898966,0.184125111,0,0.150486869,0,0,0.01416347,0,0.070227206,0.010622603,0.520802597,0.003540868,0.001770434,0.044260844,0
598320,Pleasant Point,3.64643456,0,0,0.074066855,0,0,0.068219472,0,0.15300653,0.025338661,0.629080986,0.019491278,0,0.030796219,0
598500,Geraldine,3.03181853,0,0,0.217674419,0,0,0.052093023,0,0.284651163,0.027906977,0.35255814,0,0.00372093,0.018604651,0.042790698
598600,Temuka,4.67388161,0,0,0.020624008,0,0,0.072977261,0,0.392384981,0.012691698,0.463246959,0.006345849,0,0.031729244,0
598700,Washdyke,5.48124901,0.209287679,0,0.034109885,0,0,0,0,0.265209326,0.007831351,0.422941301,0.031615454,0,0.029005004,0
598800,Waimataitai,1.03330006,0.267792808,0,0,0,0,0,0,0.58794177,0,0.138253369,0.006012053,0,0,0
598900,Marchwiel,2.17054018,0,0,0,0,0,0,0,0.712381719,0,0.287618281,0,0,0,0
599000,Maori Park,0.55636067,0.092608747,0,0,0,0,0,0,0.907391253,0,0,0,0,0,0
599100,Highfield,2.24228832,0,0,0,0,0,0.025624947,0,0.839310925,0.007933587,0.127130541,0,0,0,0
599200,Glenwood,1.04971107,0,0,0,0,0,0.108865752,0,0.7046689,0.012111147,0.174354201,0,0,0,0
599300,Gleniti,1.99049168,0,0,0,0,0,0.049977426,0,0.372621404,0.047021015,0.530380155,0,0,0,0
599400,Fraser Park,1.33471211,0,0,0,0,0,0.013128684,0,0.910095866,0.015316798,0.061458652,0,0,0,0
599500,Seaview,2.29782249,0.375346936,0,0,0,0,0,0,0.587785504,0,0,0,0,0.03686756,0
599600,Watlington,1.20712687,0,0,0,0,0,0,0,0.577569775,0,0.368951262,0.053478962,0,0,0
599700,Parkside,1.57352042,0,0,0,0,0,0,0,0.950989783,0,0,0,0,0.049010217,0
599800,Timaru Gardens,1.76957303,0.153934836,0,0,0,0,0,0,0.595929274,0.012104694,0.190808442,0.022493397,0,0.024729358,0
599900,Redruth,1.35314901,0.223195248,0,0.100235541,0,0,0,0,0.12777636,0.011816014,0.415277313,0.045343347,0,0.076356176,0
600100,Twizel Community,12.2270693,0,0,0.00486618,0,0,0.00486618,0,0.115571776,0.057177616,0.672749392,0.142335766,0,0.001216545,0.001216545
600200,Fairlie,1.2102137,0,0,0.072529465,0,0,0.072529465,0,0.354487761,0.043517679,0.413417951,0,0,0.043517679,0
600312,Mt Cook,4.35775484,0,0.285,0,0.138333333,0.053333333,0,0,0.036666667,0,0.255,0,0,0.178333333,0.053333333
600320,Lake Tekapo,4.68152923,0,0,0,0,0,0.004483746,0,0.080209241,0.204757753,0.434425209,0.252210736,0,0.023913314,0
600321,Inland Water-Lake Alexandrina,6.53632275,0,0,0,0,0,0.028175628,0,0.005635126,0,0.498239023,0.453862409,0.014087814,0,0
600322,Inland Water-Lake Tekapo,93.8648271,0,0.012475404,0,0.077971274,0,0.01039617,0,0.000346539,0.009389041,0.383791939,0.46508457,0.013515021,0.027030042,0
600323,Mackenzie,7319.14846,0,0.052977867,0.010977396,0.188047564,0.035318578,0.013363786,0.005727337,0.001670473,0.023834074,0.377686055,0.068939839,0.022909348,0.159410879,0.039136803
600410,Waihao,3579.2967,0.023143268,0.012074748,0.058361284,0.176090081,0,0.014087207,0.012074748,0.003354097,0.030186871,0.601701006,0.01006229,0.037733589,0.02113081,0
600420,St Andrews,0.58931279,0.033096927,0,0.223404255,0,0,0,0,0.14893617,0,0.569739953,0,0,0.024822695,0
600500,Waimate,3.30083115,0,0,0.025695931,0,0,0.006423983,0,0.571734475,0.03640257,0.355460385,0.002141328,0,0,0.002141328
600600,Weston,0.92909098,0,0,0.111047609,0,0,0,0,0.306665616,0.016554415,0.561593757,0.004138604,0,0,0
600811,Pukeuri,15.2289875,0.390008515,0,0.064149872,0,0,0.001135396,0,0.022234838,0.035764973,0.463998486,0.002270792,0.010218564,0.010218564,0
600812,Ardgowan,14.828574,0.049359576,0,0.039596277,0,0,0,0,0.100835478,0.027355283,0.771679466,0.001700379,0.005101137,0.004372403,0
600813,Cape Wanbrow,9.08360845,0.202551551,0,0.11181672,0,0,0,0,0.093134453,0.032068325,0.548377593,0,0.002360575,0.009690782,0
600822,Duntroon,11.0275909,0,0,0.00126183,0,0,0.080757098,0,0.006309148,0.027760252,0.640378549,0.089589905,0.076971609,0.076971609,0
600824,Kurow,3.71245015,0,0,0,0,0,0.059561129,0,0.053291536,0.015673981,0.655172414,0.065830721,0.123824451,0.026645768,0
600826,Maheno,1747.95236,0.248877906,0.001008624,0.023198346,0.069595038,0,0.011094861,0.009077614,0.001950006,0.045219964,0.528955906,0.002017247,0.048918251,0.009077614,0.001008624
600827,Omarama,41.4077493,0,0,0.002126152,0.10205528,0,0.024450744,0,0.013819986,0.003189227,0.731041814,0.002126152,0.055279943,0.065910702,0
600828,Kakanui,6.92186854,0.218443427,0,0.241988228,0,0,0.007848267,0,0.040549379,0.007848267,0.450621321,0.014388489,0,0.015696534,0.002616089
600830,Otematata,5.50078856,0,0,0,0.084293511,0,0.015767132,0,0.018192844,0.030321407,0.618556701,0.164948454,0.055791389,0.012128563,0
600831,Aviemore,4182.48639,0,0.031119291,0.006023089,0.229379287,0.003011544,0.010038481,0.002007696,0,0.020076962,0.531704869,0.029613518,0.036640455,0.078300151,0.022084658
600832,Inland Water-Lake Ohau,59.8161036,0,0.046090109,0.002071466,0.226825479,0,0.009321595,0,0,0.013464526,0.203003625,0.399792853,0.070429829,0.023821854,0.005178664
600840,Hampden,2.55139903,0.089908541,0,0,0,0,0.049604712,0.003100295,0.186017672,0.071306774,0.590761122,0,0,0,0.009300884
601010,Oamaru North,4.22283498,0.065891481,0,0.003801432,0,0,0,0,0.42233756,0.102881737,0.392126719,0.003982452,0.008978619,0,0
601020,Orana Park,2.40726211,0.224245446,0,0.0136255,0,0,0,0,0.562102393,0.030443259,0.150507702,0,0.0190757,0,0
601030,Oamaru Central,3.01338641,0.057775091,0,0.004994451,0,0,0.008240844,0,0.420588235,0.029645632,0.446000476,0,0.032755272,0,0
601040,Oamaru South,3.30136727,0.110793766,0,0,0,0,0.001996896,0,0.414162339,0.057842062,0.386915577,0,0.006894046,0.021395314,0
601200,Palmerston,3.68075656,0,0,0,0,0,0.002567944,0,0.266210143,0.066766531,0.664455382,0,0,0,0
601301,Waihemo,766.545674,0.027180296,0.002013355,0.001006678,0.116774605,0,0.003020033,0.026173618,0.001342237,0.082044227,0.645817254,0,0.082547566,0.007046743,0.005033388
601302,Hyde,278.479404,0,0.038403234,0.001010611,0.148559879,0,0.00707428,0.003031834,0,0.02829712,0.723092471,0,0.045477514,0.005053057,0
601400,Waikouaiti,7.32615446,0.086056901,0,0.005643075,0,0,0.007053844,0.002821538,0.125793557,0.047966142,0.67810957,0.035269222,0.001410769,0.009875382,0
601500,Aramoana,6.17770165,0.397732791,0,0,0,0,0.025275179,0.08876822,0.019789094,0.02478535,0.393126999,0,0.039186324,0.004702359,0.006633685
601602,Waitati,2.84972097,0.00159109,0,0,0,0,0.007955449,0.009546539,0.050914877,0.108989658,0.41315301,0.291699814,0.105011933,0,0.011137629
601603,Evansdale,522.687962,0.150864186,0,0.002111315,0.013723549,0,0.007389603,0.080265169,0.004046688,0.085860154,0.545950941,0.006685832,0.091138443,0.002111315,0.009852805
601604,Karitane,1.90589164,0.464801554,0,0,0,0,0.093761379,0,0.085568637,0.020026702,0.283044059,0.009103046,0.005461828,0.038232795,0
601605,Warrington,7.38923266,0.180909384,0,0,0,0,0.006449532,0.020638504,0.020638504,0.032247662,0.470385897,0.199075567,0.030957756,0.027088036,0.011609158
601700,Nenthorn,331.78583,0,0,0.003024448,0.070570444,0,0.005040746,0.003024448,0,0.060488952,0.827606486,0,0.026211879,0.001008149,0.003024448
601900,Fairfield,1.80959105,0,0,0,0,0,0.068209764,0.028907948,0.315232078,0.061980956,0.308776787,0.002784072,0.145003751,0.063536501,0.005568144
602000,Brighton,2.61341663,0.465684633,0,0,0,0,0.004635472,0,0.070047127,0.007725786,0.337050295,0.006180629,0.093739538,0.013391363,0.001545157
602100,Waldronville,0.25130164,0,0,0,0,0,0,0,0.716749116,0,0.051664961,0.017221654,0.214364269,0,0
602200,Outram,0.79825409,0,0,0.145348837,0,0,0.005813953,0,0.238372093,0,0.587209302,0.023255814,0,0,0
602300,Middlemarch,1.0546335,0,0,0,0,0,0,0,0.227456041,0,0.772543959,0,0,0,0
602411,Wyllies Crossing,11.2916473,0,0,0.019603151,0,0,0.001562004,0,0.123322134,0.020280019,0.820393653,0,0.009372024,0.005467014,0
602412,Wingatui,9.24080851,0,0,0,0,0,0.008716803,0.026666356,0.13132424,0.081915447,0.613739342,0,0.122062395,0.011230594,0.004344824
602421,Kaikorai Hill,18.171783,0,0,0,0,0,0.006421237,0.039267381,0.100998663,0.11266892,0.642873721,0.004033854,0.075508986,0.008398962,0.009828276
602422,Saddle Hill,23.7627673,0.417825238,0,0,0,0,0.008963215,0.02420068,0.04308032,0.027586783,0.354079161,0.005975477,0.097064802,0.011265196,0.009959128
602500,Taieri,647.992774,0.188111131,0,0.001045062,0.010450618,0,0.019072379,0.039607844,0.011779574,0.132026145,0.472674004,0.009405557,0.090746203,0.004702778,0.020378706
602600,Strath Taieri,1559.66487,0,0.012074054,0.002012342,0.247015025,0,0.02515428,0.002012342,0,0.019620338,0.652870942,0.010061712,0.027166622,0.001006171,0.001006171
602800,Harbourside,1.75690786,0.567422851,0,0,0,0,0.00275928,0.009898915,0.4162974,0.003621554,0,0,0,0,0
602900,Fernhill,1.24072664,0.028685622,0,0,0,0,0,0,0.842096583,0.00357153,0,0,0,0,0.125646265
603000,High St-Stuart St,1.13320592,0.009443874,0,0,0,0,0,0,0.850513069,0.003863403,0,0,0,0,0.136179655
603100,Stuart St-Frederick St,0.93739524,0.057280567,0,0,0,0,0.002289914,0,0.907813398,0.032616121,0,0,0,0,0
603210,Opoho,2.55856666,0,0,0,0,0,0.003477527,0.276085719,0.283197204,0.08944918,0.154695345,0,0.175828812,0.006289661,0.010976551
603220,Forrester Park,4.33687695,0.001148587,0,0,0,0,0.007679123,0.20368098,0.051327409,0.097080195,0.486502158,0,0.125562412,0,0.027019136
603300,North East Valley,2.0433634,0,0,0,0,0,0.004116035,0.063150943,0.527298041,0.030845404,0.208206064,0,0.042318602,0,0.124064911
603400,Pine Hill,8.23698995,0,0,0,0,0,0.000315689,0.204020333,0.078955486,0.120182635,0.461474291,0,0.110450408,0,0.024601159
603500,Woodhaugh,0.79380895,0,0,0,0,0,0,0.349312398,0.547968681,0.057089035,0.01534509,0.013518994,0,0,0.016765802
603601,North Dunedin,1.20816268,0,0,0,0,0,0,0.277759195,0.640170456,0.061411074,0.012428395,0,0,0,0.00823088
603602,Otago University,1.63654565,0.074449209,0,0,0,0,0.00373179,0.16157987,0.588309034,0.072536458,0.006050023,0,0.005597685,0.087745931,0
603710,Maori Hill,0.74713233,0,0,0,0,0,0,0.04037686,0.834525413,0.125097727,0,0,0,0,0
603720,Balmacewen,0.84799795,0,0,0,0,0,0,0.158896606,0.829331228,0.011772165,0,0,0,0,0
603810,Glenleith,2.77824893,0,0,0,0,0,0,0.343116536,0.097102016,0.119316729,0.336391151,0.007059342,0.043744775,0,0.053269452
603820,Helensburgh,2.0797774,0,0,0,0,0,0,0.269576731,0.213316162,0.13174475,0.327141423,0,0.016060947,0,0.042159987
603910,Wakari,1.41412733,0,0,0,0,0,0,0.007478152,0.967430679,0.012397989,0.003247092,0,0.009446087,0,0
603920,Halfway Bush,1.86644572,0,0,0,0,0,0,0.168000522,0.425117752,0.040065782,0.316923704,0,0.043158495,0,0.006733745
603930,Brockville,2.72970621,0,0,0,0,0,0,0.100883753,0.368575968,0.053612296,0.4358823,0.002526505,0.035150505,0,0.003368674
604010,Roslyn North,0.82003186,0,0,0,0,0,0,0,0.82523828,0.167889236,0,0,0,0,0.006872484
604020,Roslyn South,1.08644016,0,0,0,0,0,0,0,0.858250542,0.059887286,0,0,0,0,0.081862172
604110,Mornington,1.17355966,0,0,0,0,0,0,0.002077993,0.904895093,0.003324789,0,0,0,0,0.089702125
604120,Belleknowes,0.91482255,0,0,0,0,0,0,0,0.860393954,0.065214466,0.033395828,0,0,0,0.040995752
604130,Kenmure,1.55797125,0,0,0,0,0,0,0.053039338,0.432006451,0.099036129,0.375555429,0.001144499,0.005188394,0,0.03402976
604210,Caversham,2.47263097,0,0,0,0,0,0,0.031711946,0.812692363,0.018378504,0.036582887,0,0,0,0.100634299
604221,Corstorphine West,0.31748594,0,0,0,0,0,0,0.043789852,0.671398069,0,0.227222039,0,0,0,0.057590041
604222,Corstorphine East,0.34313814,0,0,0,0,0,0,0.014774948,0.94418195,0.041043102,0,0,0,0,0
604300,Caledonian,0.17421411,0,0,0,0,0,0,0,1,0,0,0,0,0,0
604410,South Dunedin,0.95581912,0,0,0,0,0,0,0,0.99296483,0,0,0,0,0,0.00703517
604420,Forbury,0.43519634,0,0,0,0,0,0,0,1,0,0,0,0,0,0
604500,St Clair,2.82652793,0.177538777,0,0,0,0,0,0.053411588,0.53123918,0.021924601,0.178429874,0,0.035974963,0.00065409,0.000826927
604611,Musselburgh,1.74981645,0.225453082,0,0,0,0,0.002669438,0,0.663442737,0.015957305,0.026230403,0.002669438,0.043600816,0.019976781,0
604612,Andersons Bay,1.2062067,0.009866866,0,0,0,0,0.00740015,0.002775056,0.755019808,0.033100987,0.136523951,0.042480383,0.009661306,0,0.003171493
604620,Vauxhall,2.4278399,0.182507912,0,0,0,0,0.033311636,0.047970488,0.555122886,0.052622855,0.119107509,0.003638722,0,0,0.005717992
604710,St Leonards-Blanket Bay,6.06118823,0.340468994,0,0,0,0,0.003762865,0.183760136,0.044517588,0.029466128,0.348796917,0,0.042859447,0,0.006367926
604720,Ravensbourne,3.43065207,0.235690038,0,0,0,0,0.00144543,0.216298943,0.221585924,0.069484537,0.119289375,0,0.105002661,0.01720935,0.013993742
604810,Inner Peninsula,8.7231283,0.244402777,0,0,0,0,0.005628987,0.008181668,0.084868158,0.070154761,0.526095258,0.012189282,0.023868652,0.015708802,0.008901654
604821,Company Bay,2.19538128,0.187154378,0,0,0,0,0.007123158,0.03601152,0.081460283,0.09982597,0.577344224,0,0.011080468,0,0
604822,Macandrew Bay,2.79542317,0.217014935,0,0,0,0,0,0.012124328,0.123035576,0.058238948,0.547836352,0,0.021507504,0,0.020242357
604830,Broad Bay-Portobello,7.26781459,0.37284921,0,0,0,0,0.000702031,0.029953304,0.050713351,0.018124089,0.371222204,0.067511939,0.059672598,0.002808122,0.026443151
604901,Taiaroa-Cape Saunders,42.8015793,0.35599562,0,0,0,0,0.018616536,0.010950903,0.014236174,0.029019894,0.431283081,0.074374886,0.040335828,0.013141084,0.012045994
604902,Sandymount,29.3661949,0.265026783,0,0,0,0,0.010368974,0.049435916,0.013563456,0.030113415,0.487163719,0.074153874,0.038124308,0.02136637,0.010683185
605100,Sawyers Bay,2.66651722,0.166223378,0,0.009571622,0,0,0,0.091393801,0.169896298,0.055196356,0.467608889,0,0.033500678,0,0.006608977
605200,Port Chalmers,1.98067453,0.38094835,0,0,0,0,0,0.201387411,0.271008529,0.015531684,0.11969192,0,0.002581443,0,0.008850663
605400,St Kilda West,0.79438441,0.210876297,0,0,0,0,0,0,0.726404191,0.014890826,0,0,0,0.047828686,0
605500,St Kilda Central,0.72250769,0.1235818,0,0,0,0,0,0,0.826932193,0.005366574,0,0,0.00287495,0.041244482,0
605600,St Kilda East,1.14612925,0.036398178,0,0,0,0,0,0,0.914713613,0,0,0,0.009407084,0.039481125,0
605800,Green Island,2.92777871,0,0,0,0,0,0.017246517,0,0.377949307,0.098935833,0.427220858,0.005306621,0.013413957,0.058158034,0.001768874
605910,Abbotsford,2.03691068,0,0,0,0,0,0,0.003126881,0.252967124,0.215873882,0.46750836,0.001876128,0.026057339,0.030245125,0.00234516
605920,Concord,3.35233217,0,0,0,0,0,0,0.008756015,0.28505851,0.092609673,0.584858375,0.008905652,0,0,0.019811774
606100,Mosgiel East,3.36358494,0,0,0,0,0,0.005459494,0,0.495792936,0.003867142,0.494880428,0,0,0,0
606210,Mosgiel South,1.27497566,0,0,0.026025254,0,0,0,0,0.778618133,0,0.195356613,0,0,0,0
606220,East Taieri,2.34830417,0,0,0.028237682,0,0,0.011019583,0,0.256776131,0.028375426,0.668703938,0,0.002754896,0.004132344,0
606300,Bush Road,1.11123681,0,0,0.00542579,0,0,0,0,0.633746225,0,0.360827985,0,0,0,0
606500,Benhar,0.7114763,0,0,0,0,0,0.033557047,0,0.073825503,0.020134228,0.818791946,0,0.053691275,0,0
606600,Stirling,0.57566181,0,0,0,0,0,0,0,0.25,0,0.734848485,0,0,0.015151515,0
606700,Bruce,1357.91878,0.139341832,0,0.00395296,0.00098824,0,0.018776559,0.011858879,0.0024706,0.168000791,0.587903943,0.012352999,0.039529598,0.00098824,0.013835359
606800,Milton,2.0194875,0,0,0,0,0,0,0,0.331230284,0.004506534,0.664263182,0,0,0,0
606900,Kaitangata,2.53444263,0,0,0,0,0,0,0,0.168274164,0.07798071,0.659347425,0.053355223,0.018469116,0.002052124,0.020521239
607000,Clinton,0.71831123,0,0,0,0,0,0,0,0.335616438,0.034246575,0.630136986,0,0,0,0
607100,Kaka Point,0.3610218,0.213483146,0,0,0,0,0,0.08988764,0.393258427,0,0.157303371,0,0,0,0.146067416
607200,Owaka,0.75973928,0,0,0,0,0,0,0,0.321865889,0.006997085,0.671137026,0,0,0,0
607300,Clutha,2660.43194,0.075253734,0.000990181,0.004950904,0.007921446,0,0.004950904,0.009901807,0.003960723,0.092086806,0.616800066,0.009901807,0.026734879,0.001980361,0.144566383
607400,Balclutha,6.25103307,0,0,0.011401425,0,0,0.002850356,0.002850356,0.294299287,0.021377672,0.514014252,0.114726841,0.018527316,0.019952494,0
607501,Teviot,1312.81793,0,0.007035176,0.004020101,0.309045226,0,0.018090452,0.001005025,0,0.033165829,0.569346734,0.014070352,0.04120603,0.001005025,0.00201005
607502,Tuapeka,2325.49833,0,0.001004965,0.005024825,0.235161811,0,0.011054615,0.00200993,0,0.08441706,0.5663576,0.017084405,0.041706048,0,0.03617874
607600,Tapanui,1.9187439,0,0,0.040816327,0,0,0.006802721,0,0.285714286,0.010204082,0.653061224,0.003401361,0,0,0
607700,Lawrence,2.46876146,0,0,0,0,0,0.002988048,0.023904382,0.215139442,0.041832669,0.710159363,0.002988048,0.002988048,0,0
607800,Roxburgh,2.05863997,0,0,0.016212192,0,0,0.041688494,0,0.111169318,0.053268632,0.561112796,0.060216714,0.123907469,0.032424384,0
607900,Ranfurly,3.87005575,0,0,0.027713626,0,0,0,0,0.267898383,0.013856813,0.690531178,0,0,0,0
608000,Maniototo,3548.48919,0,0.021021021,0.003003003,0.298298298,0,0.013013013,0,0,0.014014014,0.590590591,0.01001001,0.027027027,0.023023023,0
608100,Naseby,0.86032915,0,0,0,0,0,0.072368421,0,0.315789474,0.585526316,0.019736842,0.006578947,0,0,0
608302,Dunstan,5079.80351,0,0.012074257,0.012577351,0.373798863,0,0.025154701,0.001509282,0.002347772,0.001006188,0.44649595,0.028173266,0.064496654,0.024148513,0.008217202
608303,Clyde,3.21482165,0,0,0.114312268,0,0,0.00929368,0,0.24535316,0.024163569,0.521375465,0.026022305,0.05204461,0.001858736,0.005576208
608304,Hawea,2313.20824,0,0.032274985,0.004781479,0.186477693,0.005976849,0.038251835,0.014344438,0.000597685,0,0.144042064,0.253720654,0.15168247,0.041837944,0.126011903
608305,Inland Water-Lake Hawea,157.216312,0,0.057660056,0.00101158,0.375296153,0,0.056648476,0.0050579,0,0.00202316,0.097617463,0.195288167,0.044509517,0.032370558,0.132516971
608500,Alexandra,9.76074033,0,0,0.053947368,0.127631579,0,0.075,0,0.251315789,0.088157895,0.263157895,0.052631579,0.053947368,0.034210526,0
608600,Cromwell,7.61450421,0,0,0.086720867,0,0,0,0,0.357723577,0.016260163,0.390243902,0.132791328,0.012195122,0.004065041,0
608700,Frankton,2.09671158,0,0,0.052750231,0,0,0.024465119,0.019657938,0.39813967,0.001287638,0.236336732,0.218941357,0.043270764,0.005150551,0
608800,Wanaka,28.6096257,0,0,0.006549668,0,0,0.045847678,0.001091611,0.172474598,0.037114787,0.488496094,0.179642433,0.054046376,0.014736754,0
609011,Milford,2726.62804,0.245404868,0.097367114,0,0.158966716,0.017883756,0.001987084,0.006954794,0.000993542,0,0.025832091,0.018877298,0.000993542,0.077496274,0.347242921
609013,Glenorchy,1461.41662,0,0.123425693,0,0.295214106,0.049370277,0.014609572,0.004030227,0,0.001007557,0.061460957,0.04534005,0.02115869,0.154156171,0.2302267
609014,Kingston South,1012.36614,0,0.052040816,0.001360544,0.454591837,0,0.038265306,0.008163265,0.002380952,0.015986395,0.127210884,0.112414966,0.023809524,0.104081633,0.059693878
609022,Kelvin Heights,9.27577916,0,0,0,0,0,0.007770152,0,0.165337724,0.032505134,0.477671915,0.251105397,0.045562688,0.00155403,0.018492961
609023,Sunshine Bay,1.87544747,0,0.00342079,0,0,0,0.020524738,0,0.273171778,0.473331415,0,0.166934538,0,0.00342079,0.059195952
609027,Inland Water-Lake Wakatipu,297.620482,0,0.043153641,0,0.407048428,0,0.040071238,0.011302144,0.002397424,0.012072745,0.17966984,0.159069114,0.042639907,0.053257072,0.049318446
609028,Lake Hayes,9.07956636,0,0,0.012917248,0,0,0.071044862,0,0.009773367,0.020093496,0.663228902,0.18036305,0.042579075,0,0
609029,Matukituki,1883.04258,0,0.038055781,0.000792829,0.375008005,0.024577692,0.042218132,0.003964144,0.000396414,0.004756973,0.205276581,0.070509205,0.027740572,0.11235705,0.094346623
609030,Inland Water-Lake Wanaka,200.992072,0,0.010316635,0.002063327,0.256884204,0,0.097750114,0.004642486,0.009800803,0.001031663,0.179423472,0.314081347,0.049124376,0.018140083,0.056741491
609031,Outer Wakatipu,1792.69426,0,0.043094707,0.002027986,0.537416346,0.007097952,0.030419793,0.004055972,0.005576962,0.00439397,0.154802947,0.056107618,0.047319678,0.067126344,0.040559724
609032,Wakatipu Basin,53.9691072,0,0,0.0293636,0.07199729,0,0.034445762,0,0.037664464,0.024093211,0.676473356,0.042388992,0.057033147,0.015811169,0.010729008
609033,Frankton East,25.6478677,0,0,0.013007866,0.139304095,0,0.065246901,0.003228903,0.076194419,0.070113319,0.443397553,0.090962806,0.065088751,0.02891186,0.004543528
609034,Lake Hayes South,4.93840503,0,0,0.049450754,0,0,0.081723877,0,0.089688878,0.021978113,0.56784503,0.087189487,0.056680396,0.045443466,0
609035,Jacks Point,106.391003,0,0.006460528,0.003535344,0.316027493,0,0.040557759,0.005383773,0.015648834,0.005383773,0.191393141,0.22071676,0.081294977,0.111444107,0.002153509
609200,Arrowtown,2.36365223,0,0,0,0,0,0.006671856,0,0.500537455,0.015567664,0.198858371,0.01111976,0.255013158,0,0.012231736
609302,Queenstown Hill,3.87821792,0,0,0,0.128891717,0,0.03642592,0.007137711,0.172092984,0.140837059,0.198621335,0.263328432,0.026709532,0,0.025955311
609303,Arthurs Point,5.35729827,0,0,0,0.248252304,0,0.258712001,0,0.036542739,0.084471984,0.24136744,0.019701303,0.08301557,0.019992586,0.007944074
609304,Queenstown Bay,3.06964666,0,0,0,0.133413764,0,0.073441712,0,0.217234138,0.356075473,0.041339025,0.097975733,0,0,0.080520155
609400,Balfour Community,0.4846811,0,0,0,0,0,0,0,0.210293299,0,0.789706701,0,0,0,0
609500,Riversdale Community,0.79274459,0,0,0,0,0,0.004644562,0,0.389046575,0,0.606308863,0,0,0,0
609600,Lumsden Community,0.88241358,0,0,0,0,0,0.004878049,0,0.409756098,0,0.575609756,0,0.009756098,0,0
609700,Edendale Community,2.91824171,0,0,0.069165998,0,0,0,0,0.155172414,0,0.775661588,0,0,0,0
609800,Wyndham,1.7777062,0,0,0,0,0,0.015864622,0,0.39820201,0.019037546,0.505288207,0.061607615,0,0,0
609911,Makarewa North,12.8127995,0,0,0,0,0,0.001283477,0,0.010909558,0.010267819,0.968554804,0.006417387,0,0,0.002566955
609912,Makarewa,20.7734573,0,0,0.007223087,0,0,0.00459651,0,0.025326144,0.007879731,0.940344295,0,0.002626577,0,0.012003656
609913,Bay Road West,6.29811984,0,0,0,0,0,0,0,0.022404089,0.00888438,0.968711531,0,0,0,0
609914,Mill Road-Woodend,24.2553861,0,0,0.006514691,0,0,0.031440463,0.001699484,0.130808816,0.009687062,0.743740904,0.052825643,0.001189639,0,0.022093298
609921,Bushy Point,7.20857741,0,0,0.00163141,0,0,0.05818696,0.005709935,0.083745718,0.022567839,0.448556202,0.234868671,0,0,0.144733264
609922,Otatara,8.19357848,0,0,0,0,0,0.041539021,0.003894283,0.22841269,0.019860844,0.579936653,0.011033802,0.003894283,0,0.111428423
610010,Charlton,58.7020511,0,0,0.020869605,0,0,0.003295201,0.003295201,0.020083726,0.019496605,0.880236451,0.012082403,0.006590402,0.003295201,0.030755207
610020,Waikaia,3901.63592,0,0.008032801,0.0040164,0.26407832,0,0.014057401,0.0020082,0,0.044180403,0.517529914,0.011045101,0.034139403,0.019077901,0.081834156
610031,Kaweku,478.108724,0,0,0.006609186,0.043722306,0,0.006100787,0.004067191,0.000240077,0.056940677,0.702854964,0.005083989,0.051348289,0,0.123032534
610032,Chatton,681.163839,0,0,0.00712499,0.003053567,0,0.003053567,0.003053567,0.001654015,0.024937464,0.908774687,0.001017856,0.017812474,0.003053567,0.026464247
610033,Kaiwera,498.357262,0,0,0.007696126,0,0,0.009235351,0.004104601,0.005805867,0.069778211,0.866951513,0.003591526,0.019496853,0.00102615,0.012313802
610040,Hokonui,1130.39271,0,0,0.013631643,0.019185275,0,0.016156021,0,0.000901564,0.100470256,0.754233743,0.002019503,0.025748658,0.002019503,0.065633835
610051,Waianiwa,393.860056,0.025368691,0,0.012684346,0,0,0.016207775,0,0.005887063,0.005285144,0.89048888,0.011098802,0.002114058,0.007399202,0.023466039
610052,Oreti Beach,69.5570012,0.231197925,0,0.00441428,0,0,0.0171973,0.014346411,0.030716033,0.061248138,0.517703103,0.072320624,0.019864261,0.016553551,0.014438375
610061,Dacre,430.963691,0,0,0.00739733,0.001020321,0,0.010203214,0.003060964,0.001870589,0.052036391,0.879176941,0.001360429,0.005101607,0.002040643,0.03673157
610062,Myross Bush,13.3723215,0,0,0,0,0,0.001338748,0,0.014040431,0.004016243,0.9672171,0.001338748,0,0,0.01204873
610072,Waituna,577.461745,0.073960464,0,0.003067485,0,0,0.100204499,0.001022495,0.000511247,0.012781186,0.740712338,0.024795501,0.028629857,0.005112474,0.009202454
610073,Woodlands,24.0110575,0,0,0,0,0,0.003436426,0,0.004581901,0.004009164,0.981099656,0,0.001145475,0,0.005727377
610074,Greenhills,156.842366,0.268099729,0,0,0,0,0.164847715,0.025040159,0.025308122,0.027698744,0.393868382,0.053248981,0.018548266,0.00556448,0.017775422
610075,Tiwai Point,24.2850529,0.513770327,0,0,0,0,0.406504693,0.001854069,0.02595697,0.003708139,0.026884005,0,0.007416277,0.012978485,0.000927035
610080,Toetoes,1380.49647,0.067263449,0,0.002007864,0.007027524,0,0.006023592,0.010039321,0,0.09236175,0.556262026,0.011043253,0.023090438,0.002007864,0.222872919
610090,Wallacetown,0.77258779,0,0,0,0,0,0,0,0.266390438,0,0.717545817,0.016063745,0,0,0
610210,North Gore,1.62225325,0,0,0,0,0,0,0,0.696393834,0,0.268186879,0.035419287,0,0,0
610220,East Gore,4.30347678,0,0,0,0.004574365,0,0.009148729,0,0.106479882,0.078907789,0.763782315,0.00356158,0.03354534,0,0
610230,Central Gore,0.90008991,0,0,0,0,0,0,0,0.890372753,0,0.054841286,0.054785961,0,0,0
610240,West Gore,2.12119794,0,0,0.016412576,0,0,0,0,0.540920356,0,0.442667068,0,0,0,0
610250,South Gore,1.32045608,0,0,0,0,0,0,0,0.520660912,0,0.414584278,0.058498307,0.006256503,0,0
610400,Mataura,5.32696572,0,0,0.00142728,0,0,0.00142728,0,0.108592226,0.014272801,0.842880251,0.024977401,0.00214092,0.00428184,0
610500,Winton,2.75167198,0,0,0,0,0,0,0,0.463571971,0.018972932,0.517455097,0,0,0,0
610601,Grasmere,2.75907526,0,0,0,0,0,0.001796667,0,0.453228653,0.00539,0.538985791,0,0,0.000598889,0
610602,Waikiwi,3.05004183,0,0,0.029426419,0,0,0.023747637,0,0.47505755,0.007965046,0.411877685,0.003097518,0,0,0.048828145
610700,Rosedale,2.22214485,0,0,0,0,0,0,0,0.620668802,0,0.368603406,0,0,0,0.010727792
610800,Gladstone-Avenal,3.2734885,0,0,0,0,0,0.003209484,0,0.727654133,0.07429746,0.142371162,0.011233192,0,0.010698278,0.030536291
610900,Windsor,1.24511128,0,0,0,0,0,0,0,0.970235276,0.029764724,0,0,0,0,0
611001,Waverley-Glengarry,1.37034102,0,0,0,0,0,0,0,0.82475681,0,0.17524319,0,0,0,0
611002,Hawthorndale,1.77931342,0,0,0,0,0,0,0,0.74866303,0.004819731,0.246517239,0,0,0,0
611100,Richmond,1.43134044,0,0,0,0,0,0.000878218,0,0.999121782,0,0,0,0,0,0
611210,Otakaro Park,1.25211916,0,0,0,0,0,0.004705819,0,0.99454125,0.000752931,0,0,0,0,0
611220,Crinan,1.11755538,0,0,0,0,0,0,0,0.93519093,0.0374906,0.02731847,0,0,0,0
611300,West Invercargill,11.2467559,0,0,0,0,0,0.021921953,0,0.19312417,0.013692406,0.643280401,0.088782874,0.000871071,0.018292491,0.020034633
611400,Georgetown,1.20440485,0,0,0,0,0,0.002006831,0,0.996989753,0.001003416,0,0,0,0,0
611500,Newfield-Rockdale,3.45048738,0,0,0,0,0,0.006505772,0,0.602035623,0.006505772,0.384952834,0,0,0,0
611601,Heidelberg,1.93363005,0,0,0.005581573,0,0,0,0,0.649681145,0,0.344737282,0,0,0,0
611602,Strathern,1.17649285,0,0,0,0,0,0,0,1,0,0,0,0,0,0
611700,Appleby-Kew,2.03030147,0,0,0,0,0,0.074042665,0.003365576,0.375510752,0.039208957,0.102107827,0.371463398,0.019071596,0,0.01522923
611800,Kingswell-Clifton,4.62515957,0,0,0.007458355,0,0,0.067714008,0,0.318145638,0.008321953,0.530783428,0.034347685,0.025044369,0,0.008184563
611900,Tisbury,3.50873747,0,0,0.002990392,0,0,0,0,0.049523355,0.002392314,0.945093939,0,0,0,0
612100,Bluff,8.94231574,0.365654087,0,0,0,0,0.001401189,0.088274904,0.136768148,0.05324518,0.136071016,0.001401189,0.151328407,0,0.065855881
612200,Nightcaps,1.9454797,0,0,0,0,0,0,0,0.114001357,0.002714318,0.699389278,0,0.005428636,0.17846641,0
612300,Ohai,1.10024754,0,0,0,0,0,0,0.002394117,0.136464687,0.212278402,0.506412814,0.028729408,0.033517642,0.08020293,0
612400,Te Anau,4.59637544,0,0,0,0,0,0,0,0.425,0.001630435,0.291304348,0.254347826,0.027717391,0,0
612500,Tuatapere,1.99628384,0,0,0,0,0,0.013470173,0,0.12700449,0.005772931,0.617703656,0.062860808,0.003848621,0.009621552,0.159717768
612600,Otautau,1.98373038,0,0,0,0,0,0.029837251,0,0.262206148,0.029837251,0.637432188,0.01084991,0.002712477,0.027124774,0
612712,Manapouri,6.84218957,0,0,0,0,0,0.007144558,0,0.02572041,0.015718028,0.45891879,0.288163849,0.034293879,0.00857347,0.161467016
612713,Mossburn,22.3641632,0,0,0,0,0,0.015756894,0,0.021384356,0.013505909,0.906584131,0.007878447,0.009003939,0.025886325,0
612714,Mararoa River,4776.81545,0.002301138,0.034517074,0.000328734,0.126069502,0.000657468,0.003616074,0.00328734,0.000438312,0.006903415,0.065418073,0.276739486,0.010519489,0.024326319,0.444877576
612715,Inland Water-Lake Te Anau,344.431372,0,0.054558087,0,0.169736272,0,0.011113684,0.00202067,0.001010335,0.001010335,0.05994654,0.187584854,0.036372058,0.00808268,0.468564484
612720,Wairio,1463.12856,0,0.015099766,0.002013302,0.054359159,0,0.023152975,0.004026604,0,0.162406375,0.55296303,0.004026604,0.040266044,0.01182815,0.12985799
612730,Te Waewae,2304.52549,0.1155527,0.006270302,0.000895757,0.078826648,0,0.008061816,0.002687272,0.00104505,0.051506048,0.287985993,0.107262945,0.01701939,0.015227875,0.307658203
612740,Fairfax,678.238063,0.011106437,0,0.011106437,0.002019352,0,0.010096761,0,0.000336559,0.042911233,0.712578881,0.008918805,0.004038704,0.003029028,0.193857804
612801,Riverton East,1.40041739,0.013638472,0,0,0,0,0,0,0.300204688,0.023802381,0.334917477,0.312093701,0.003409618,0.011933663,0
612802,Riverton West,3.57573896,0.329809496,0,0,0,0,0.00586328,0.01612402,0.109624139,0.0205494,0.33057572,0.037207397,0.00293164,0.03591259,0.111402319
612901,Fiordland,7559.95055,0.342475471,0.009053355,0,0.041904098,0,0.000258667,0.002328005,0,0,0.000517335,0.093626057,0.000517335,0.011640027,0.49767965
612902,Inland Water-Lake Manapouri,138.847578,0,0.035681774,0,0.144766056,0,0.003058438,0.004077917,0,0,0.005946962,0.322567791,0.002038959,0.007136355,0.474725748
612903,Inland Water-Lake Hauroko,71.1074595,0,0.027297467,0,0.231522957,0,0,0.001011017,0,0.003033052,0.001011017,0.14489001,0.001011017,0.01112119,0.579102273
613000,Stewart Island,1747.67838,0.565170362,0.00822066,0,0.014386155,0,0.002271498,0.189724175,0.000108167,0,0.026392645,0.002055165,0.031043807,0.023039481,0.137587885
615800,Mokohinau Island,1.63393996,0.701680672,0,0,0,0,0,0.174369748,0,0.113445378,0,0,0,0.010504202,0
615900,Little Barrier Island,30.6939317,0.27765237,0,0,0,0,0,0,0,0,0.006772009,0,0.181715576,0.015801354,0.518058691
616001,Kaikoura and Rangiahua Islands,7.23005947,0.562504465,0,0,0,0,0,0.052513264,0,0.002386967,0.070017685,0,0.194736687,0.049613472,0.06822746
616200,Rakitu Island,3.29155048,0.504823151,0,0,0,0,0,0,0,0,0.16977492,0,0.034083601,0.055948553,0.235369775
616300,Browns Island,0.59532588,0.495798319,0,0,0,0,0,0,0,0,0.504201681,0,0,0,0
616400,Aiguilles Island,0.64939327,0.559328501,0,0,0,0,0,0.125906143,0,0,0.027979143,0,0,0.265801857,0.020984357
618300,Te Motu Island,0.13549455,0.623640319,0,0,0,0,0.376359681,0,0,0,0,0,0,0,0
618400,Motiti Island,6.80704583,0.494535519,0,0.112021858,0,0,0.004098361,0.013661202,0,0,0.357923497,0,0.016393443,0.00136612,0
618500,Mayor Island,13.0752046,0.38510101,0,0,0,0,0.003787879,0.003787879,0,0,0,0.005050505,0,0.01010101,0.592171717
619302,Islands-Thames-Coromandel District,9.8405123,0.628427448,0,0,0,0,0.002945905,0.05681389,0.000841687,0.019779651,0.154028768,0,0.039947772,0.018937963,0.078276915
619701,Moutohora Island,1.71979638,0.583263947,0,0,0,0,0.002649307,0,0,0,0,0,0.0715313,0.01059723,0.331958217
619900,White Island,3.16065187,0.396226415,0,0,0,0,0,0,0,0,0,0,0,0.603773585,0
620000,Inland Water-Lake Taupo,615.082562,0,0,0,0,0,0.013500632,0.071137948,0.005678425,0.141583555,0.103106753,0.618432814,0.032193816,0.00207702,0.012289037
620904,Bare Island,0.131651,0.803265658,0,0,0,0,0.107309641,0,0,0,0,0,0,0.089424701,0
626500,Dog Island,0.19602636,0.677419355,0,0,0,0,0,0,0,0.032258065,0.290322581,0,0,0,0
626700,Centre Island,1.03246799,0.611336032,0,0,0,0,0,0,0,0,0.352226721,0,0,0.012145749,0.024291498
626801,Inlet-Bluff Harbour,0.41623552,0.490161354,0,0,0,0,0,0,0.50244328,0,0.007395367,0,0,0,0
