Code,EI_min_cor,EI_max_cor,EI_avg_cor,GI_min_cor,GI_max_cor,GI_avg_cor
1,0.0,29.762,3.00064007597341,0.0,29.762,4.4732150997151
2,0.0,29.762,3.00064007597341,0.0,29.762,4.4732150997151
3,0.0,29.762,3.00064007597341,0.0,29.762,4.4732150997151
4,0.0,29.762,3.00064007597341,0.0,29.762,4.4732150997151
5,0.0,29.762,3.00064007597341,0.0,29.762,4.4732150997151
6,0.0,29.762,3.00064007597341,0.0,29.762,4.4732150997151
7,0.0,29.762,3.00064007597341,0.0,29.762,4.4732150997151
8,0.0,29.762,3.00064007597341,0.0,29.762,4.4732150997151
9,0.0,29.762,3.00064007597341,0.0,29.762,4.4732150997151
10,0.0,29.762,3.00064007597341,0.0,29.762,4.4732150997151
11,0.0,29.762,3.00064007597341,0.0,29.762,4.4732150997151
12,0.0,29.762,3.00064007597341,0.0,29.762,4.4732150997151
13,0.0,29.762,3.00064007597341,0.0,29.762,4.4732150997151
14,0.0,29.762,3.00064007597341,0.0,29.762,4.4732150997151
15,0.0,29.762,3.00064007597341,0.0,29.762,4.4732150997151
16,0.0,29.762,3.00064007597341,0.0,29.762,4.4732150997151
17,0.0,29.762,3.00064007597341,0.0,29.762,4.4732150997151
18,0.0,29.762,3.00064007597341,0.0,29.762,4.4732150997151
19,0.0,29.762,3.00064007597341,0.0,29.762,4.4732150997151
20,0.0,29.762,3.00064007597341,0.0,29.762,4.4732150997151
21,0.0,29.762,3.00064007597341,0.0,29.762,4.4732150997151
22,0.0,29.762,3.00064007597341,0.0,29.762,4.4732150997151
23,0.0,29.762,3.00064007597341,0.0,29.762,4.4732150997151
24,0.0,29.762,3.00064007597341,0.0,29.762,4.4732150997151
25,0.0,29.762,3.00064007597341,0.0,29.762,4.4732150997151
26,0.0,29.762,3.00064007597341,0.0,29.762,4.4732150997151
27,0.0,29.762,3.00064007597341,0.0,29.762,4.4732150997151
28,0.0,29.762,3.00064007597341,0.0,29.762,4.4732150997151
29,0.0,29.762,3.00064007597341,0.0,29.762,4.4732150997151
30,0.0,29.762,3.00064007597341,0.0,29.762,4.4732150997151
31,0.0,29.762,3.00064007597341,0.0,29.762,4.4732150997151
32,0.0,29.762,3.00064007597341,0.0,29.762,4.4732150997151
33,0.0,29.762,3.00064007597341,0.0,29.762,4.4732150997151
34,0.0,29.762,3.00064007597341,0.0,29.762,4.4732150997151
35,0.0,29.762,3.00064007597341,0.0,29.762,4.4732150997151
36,0.0,29.762,3.00064007597341,0.0,29.762,4.4732150997151
37,0.0,29.762,3.00064007597341,0.0,29.762,4.4732150997151
38,0.0,29.762,3.00064007597341,0.0,29.762,4.4732150997151
39,0.0,29.762,3.00064007597341,0.0,29.762,4.4732150997151
40,0.0,29.762,3.00064007597341,0.0,29.762,4.4732150997151
41,0.0,29.762,3.00064007597341,0.0,29.762,4.4732150997151
42,0.0,29.762,3.00064007597341,0.0,29.762,4.4732150997151
43,0.0,29.762,3.00064007597341,0.0,29.762,4.4732150997151
44,0.0,29.762,3.00064007597341,0.0,29.762,4.4732150997151
45,0.0,29.762,3.00064007597341,0.0,29.762,4.4732150997151
46,0.0,29.762,3.00064007597341,0.0,29.762,4.4732150997151
47,0.0,29.762,3.00064007597341,0.0,29.762,4.4732150997151
48,0.0,29.762,3.00064007597341,0.0,29.762,4.4732150997151
49,0.0,29.762,3.00064007597341,0.0,29.762,4.4732150997151
50,0.0,29.762,3.00064007597341,0.0,29.762,4.4732150997151
51,0.0,29.762,3.00064007597341,0.0,29.762,4.4732150997151
52,0.0,29.762,3.00064007597341,0.0,29.762,4.4732150997151
53,0.0,29.762,3.00064007597341,0.0,29.762,4.4732150997151
54,0.0,29.762,3.00064007597341,0.0,29.762,4.4732150997151
55,0.0,29.762,3.00064007597341,0.0,29.762,4.4732150997151
56,0.0,29.762,3.00064007597341,0.0,29.762,4.4732150997151
57,0.0,29.762,3.00064007597341,0.0,29.762,4.4732150997151
58,0.0,29.762,3.00064007597341,0.0,29.762,4.4732150997151
59,0.0,29.762,3.00064007597341,0.0,29.762,4.4732150997151
60,0.0,29.762,3.00064007597341,0.0,29.762,4.4732150997151
61,0.0,29.762,3.00064007597341,0.0,29.762,4.4732150997151
62,0.0,29.762,3.00064007597341,0.0,29.762,4.4732150997151
63,0.0,29.762,3.00064007597341,0.0,29.762,4.4732150997151
64,0.0,29.762,3.00064007597341,0.0,29.762,4.4732150997151
65,0.0,31.092,4.50674256223437,0.0,31.092,7.00821007893139
66,0.0,31.092,4.50674256223437,0.0,31.092,7.00821007893139
67,0.0,31.092,4.50674256223437,0.0,31.092,7.00821007893139
68,0.0,30.545,5.57163703703704,0.0,30.545,8.12335925925926
69,,,,,,
70,0.0,31.092,4.50674256223437,0.0,31.092,7.00821007893139
71,0.0,31.092,4.50674256223437,0.0,31.092,7.00821007893139
72,0.0,31.092,4.50674256223437,0.0,31.092,7.00821007893139
73,0.0,31.092,4.50674256223437,0.0,31.092,7.00821007893139
74,0.0,31.092,4.50674256223437,0.0,31.092,7.00821007893139
75,0.0,31.092,4.50674256223437,0.0,31.092,7.00821007893139
76,0.0,31.092,4.50674256223437,0.0,31.092,7.00821007893139
77,0.0,31.458,5.13632562962963,0.0,31.458,8.43455140740741
78,0.0,30.545,5.57163703703704,0.0,30.545,8.12335925925926
79,0.0,30.545,5.57163703703704,0.0,30.545,8.12335925925926
80,0.0,31.149,5.56413580246914,0.0,31.149,8.25420096021948
81,0.0,31.149,5.56413580246914,0.0,31.149,8.25420096021948
82,0.0,31.149,5.56413580246914,0.0,31.149,8.25420096021948
83,0.0,31.149,5.56413580246914,0.0,31.149,8.25420096021948
84,0.0,31.092,4.50674256223437,0.0,31.092,7.00821007893139
85,0.0,31.092,4.50674256223437,0.0,31.092,7.00821007893139
86,0.0,31.092,4.50674256223437,0.0,31.092,7.00821007893139
87,0.0,31.092,4.50674256223437,0.0,31.092,7.00821007893139
88,0.0,31.092,4.50674256223437,0.0,31.092,7.00821007893139
89,0.0,31.092,4.50674256223437,0.0,31.092,7.00821007893139
90,0.0,31.092,4.50674256223437,0.0,31.092,7.00821007893139
91,0.0,31.092,4.50674256223437,0.0,31.092,7.00821007893139
92,0.0,31.458,5.13632562962963,0.0,31.458,8.43455140740741
93,0.0,31.458,5.13632562962963,0.0,31.458,8.43455140740741
94,0.0,31.458,5.13632562962963,0.0,31.458,8.43455140740741
95,0.0,31.458,5.13632562962963,0.0,31.458,8.43455140740741
96,0.0,28.338,5.59486419753086,0.0,28.338,8.33834567901235
97,0.0,28.338,5.59486419753086,0.0,28.338,8.33834567901235
98,0.0,28.234,5.52307407407407,0.0,28.234,8.13974074074074
99,0.0,30.545,5.57163703703704,0.0,30.545,8.12335925925926
100,0.0,31.149,5.56413580246914,0.0,31.149,8.25420096021948
101,0.0,31.149,5.56413580246914,0.0,31.149,8.25420096021948
102,0.0,31.149,5.56413580246914,0.0,31.149,8.25420096021948
103,0.0,31.149,5.56413580246914,0.0,31.149,8.25420096021948
104,0.0,31.092,4.50674256223437,0.0,31.092,7.00821007893139
105,0.0,31.092,4.50674256223437,0.0,31.092,7.00821007893139
106,0.0,31.092,4.50674256223437,0.0,31.092,7.00821007893139
107,0.0,31.092,4.50674256223437,0.0,31.092,7.00821007893139
108,0.0,31.092,4.50674256223437,0.0,31.092,7.00821007893139
109,0.0,31.092,4.50674256223437,0.0,31.092,7.00821007893139
110,0.0,31.092,4.50674256223437,0.0,31.092,7.00821007893139
111,0.0,31.092,4.50674256223437,0.0,31.092,7.00821007893139
112,0.0,31.458,5.13632562962963,0.0,31.458,8.43455140740741
113,0.0,31.458,5.13632562962963,0.0,31.458,8.43455140740741
114,0.0,31.458,5.13632562962963,0.0,31.458,8.43455140740741
115,0.0,31.458,5.13632562962963,0.0,31.458,8.43455140740741
116,0.0,31.458,5.13632562962963,0.0,31.458,8.43455140740741
117,0.0,31.458,5.13632562962963,0.0,31.458,8.43455140740741
118,0.0,30.292,3.45744758909853,0.0,30.292,5.15580870020964
119,0.0,28.338,5.59486419753086,0.0,28.338,8.33834567901235
120,0.0,28.183,5.58022222222222,0.0,28.183,8.32027777777778
121,0.0,28.157,5.47548148148148,0.0,28.157,8.16659259259259
122,0.0,30.545,5.57163703703704,0.0,30.545,8.12335925925926
123,0.0,31.149,5.56413580246914,0.0,31.149,8.25420096021948
124,0.0,31.149,5.56413580246914,0.0,31.149,8.25420096021948
125,0.0,31.149,5.56413580246914,0.0,31.149,8.25420096021948
126,0.0,31.149,5.56413580246914,0.0,31.149,8.25420096021948
127,0.0,31.092,4.50674256223437,0.0,31.092,7.00821007893139
128,0.0,31.092,4.50674256223437,0.0,31.092,7.00821007893139
129,0.0,31.092,4.50674256223437,0.0,31.092,7.00821007893139
130,0.0,31.092,4.50674256223437,0.0,31.092,7.00821007893139
131,0.0,31.092,4.50674256223437,0.0,31.092,7.00821007893139
132,0.0,31.092,4.50674256223437,0.0,31.092,7.00821007893139
133,0.0,31.092,4.50674256223437,0.0,31.092,7.00821007893139
134,0.0,31.458,5.13632562962963,0.0,31.458,8.43455140740741
135,0.0,31.458,5.13632562962963,0.0,31.458,8.43455140740741
136,0.0,31.458,5.13632562962963,0.0,31.458,8.43455140740741
137,0.0,31.458,5.13632562962963,0.0,31.458,8.43455140740741
138,0.0,31.458,5.13632562962963,0.0,31.458,8.43455140740741
139,0.0,31.458,5.13632562962963,0.0,31.458,8.43455140740741
140,0.0,31.458,5.13632562962963,0.0,31.458,8.43455140740741
141,0.0,31.458,5.13632562962963,0.0,31.458,8.43455140740741
142,0.0,30.292,3.45744758909853,0.0,30.292,5.15580870020964
143,0.0,30.292,3.45744758909853,0.0,30.292,5.15580870020964
144,0.0,30.292,3.45744758909853,0.0,30.292,5.15580870020964
145,0.0,30.292,3.45744758909853,0.0,30.292,5.15580870020964
146,0.0,30.292,3.45744758909853,0.0,30.292,5.15580870020964
147,0.0,26.314,4.51966666666667,0.0,26.314,7.71933333333333
148,0.0,30.404,5.65055882352941,0.0,30.404,8.76499237472767
149,0.0,28.632,5.6991316872428,0.0,28.632,8.67253909465021
150,0.0,28.632,5.6991316872428,0.0,28.632,8.67253909465021
151,0.0,28.338,5.59486419753086,0.0,28.338,8.33834567901235
152,0.0,28.316,5.66111111111111,0.0,28.316,8.461
153,0.0,29.374,5.63807407407407,0.0,29.374,8.40674074074074
154,0.0,29.223,5.41211111111111,0.0,29.223,8.07725132275132
155,0.0,31.149,5.56413580246914,0.0,31.149,8.25420096021948
156,0.0,31.149,5.56413580246914,0.0,31.149,8.25420096021948
157,0.0,31.149,5.56413580246914,0.0,31.149,8.25420096021948
158,0.0,31.149,5.56413580246914,0.0,31.149,8.25420096021948
159,0.0,31.092,4.50674256223437,0.0,31.092,7.00821007893139
160,0.0,31.092,4.50674256223437,0.0,31.092,7.00821007893139
161,0.0,31.092,4.50674256223437,0.0,31.092,7.00821007893139
162,0.0,31.092,4.50674256223437,0.0,31.092,7.00821007893139
163,0.0,31.092,4.50674256223437,0.0,31.092,7.00821007893139
164,0.0,31.458,5.13632562962963,0.0,31.458,8.43455140740741
165,0.0,31.458,5.13632562962963,0.0,31.458,8.43455140740741
166,0.0,31.458,5.13632562962963,0.0,31.458,8.43455140740741
167,0.0,31.458,5.13632562962963,0.0,31.458,8.43455140740741
168,0.0,31.458,5.13632562962963,0.0,31.458,8.43455140740741
169,0.0,31.458,5.13632562962963,0.0,31.458,8.43455140740741
170,0.0,31.458,5.13632562962963,0.0,31.458,8.43455140740741
171,0.0,31.458,5.13632562962963,0.0,31.458,8.43455140740741
172,0.0,31.458,5.13632562962963,0.0,31.458,8.43455140740741
173,0.0,31.458,5.13632562962963,0.0,31.458,8.43455140740741
174,0.0,32.301,0.145808488612836,0.0,32.301,0.407702150908673
175,0.0,32.301,0.145808488612836,0.0,32.301,0.407702150908673
176,0.0,32.301,0.145808488612836,0.0,32.301,0.407702150908673
177,0.0,32.301,0.145808488612836,0.0,32.301,0.407702150908673
178,0.0,30.292,3.45744758909853,0.0,30.292,5.15580870020964
179,0.0,30.292,3.45744758909853,0.0,30.292,5.15580870020964
180,0.0,30.292,3.45744758909853,0.0,30.292,5.15580870020964
181,0.0,30.404,5.65055882352941,0.0,30.404,8.76499237472767
182,0.0,30.404,5.65055882352941,0.0,30.404,8.76499237472767
183,0.0,30.404,5.65055882352941,0.0,30.404,8.76499237472767
184,0.0,28.632,5.6991316872428,0.0,28.632,8.67253909465021
185,0.0,28.632,5.6991316872428,0.0,28.632,8.67253909465021
186,0.0,28.632,5.6991316872428,0.0,28.632,8.67253909465021
187,0.0,28.632,5.6991316872428,0.0,28.632,8.67253909465021
188,0.0,29.223,5.41211111111111,0.0,29.223,8.07725132275132
189,0.0,29.223,5.41211111111111,0.0,29.223,8.07725132275132
190,0.0,29.223,5.41211111111111,0.0,29.223,8.07725132275132
191,0.0,29.223,5.41211111111111,0.0,29.223,8.07725132275132
192,0.0,31.149,5.56413580246914,0.0,31.149,8.25420096021948
193,0.0,31.149,5.56413580246914,0.0,31.149,8.25420096021948
194,0.0,31.092,4.50674256223437,0.0,31.092,7.00821007893139
195,0.0,31.092,4.50674256223437,0.0,31.092,7.00821007893139
196,0.0,31.092,4.50674256223437,0.0,31.092,7.00821007893139
197,0.0,31.092,4.50674256223437,0.0,31.092,7.00821007893139
198,0.0,31.092,4.50674256223437,0.0,31.092,7.00821007893139
199,0.0,31.458,5.13632562962963,0.0,31.458,8.43455140740741
200,0.0,31.458,5.13632562962963,0.0,31.458,8.43455140740741
201,0.0,31.458,5.13632562962963,0.0,31.458,8.43455140740741
202,0.0,31.458,5.13632562962963,0.0,31.458,8.43455140740741
203,0.0,31.458,5.13632562962963,0.0,31.458,8.43455140740741
204,0.0,31.458,5.13632562962963,0.0,31.458,8.43455140740741
205,0.0,31.458,5.13632562962963,0.0,31.458,8.43455140740741
206,0.0,31.458,5.13632562962963,0.0,31.458,8.43455140740741
207,0.0,31.458,5.13632562962963,0.0,31.458,8.43455140740741
208,0.0,31.458,5.13632562962963,0.0,31.458,8.43455140740741
209,0.0,32.301,0.145808488612836,0.0,32.301,0.407702150908673
210,0.0,32.301,0.145808488612836,0.0,32.301,0.407702150908673
211,0.0,32.301,0.145808488612836,0.0,32.301,0.407702150908673
212,0.0,32.301,0.145808488612836,0.0,32.301,0.407702150908673
213,0.0,32.301,0.145808488612836,0.0,32.301,0.407702150908673
214,0.0,32.301,0.145808488612836,0.0,32.301,0.407702150908673
215,0.0,32.301,0.145808488612836,0.0,32.301,0.407702150908673
216,0.0,32.301,0.145808488612836,0.0,32.301,0.407702150908673
217,0.0,32.301,0.145808488612836,0.0,32.301,0.407702150908673
218,0.0,32.301,0.145808488612836,0.0,32.301,0.407702150908673
219,0.0,32.301,0.145808488612836,0.0,32.301,0.407702150908673
220,0.0,32.301,0.145808488612836,0.0,32.301,0.407702150908673
221,0.0,30.292,3.45744758909853,0.0,30.292,5.15580870020964
222,0.0,30.292,3.45744758909853,0.0,30.292,5.15580870020964
223,0.0,30.292,3.45744758909853,0.0,30.292,5.15580870020964
224,0.0,30.292,3.45744758909853,0.0,30.292,5.15580870020964
225,0.0,30.404,5.65055882352941,0.0,30.404,8.76499237472767
226,0.0,30.404,5.65055882352941,0.0,30.404,8.76499237472767
227,0.0,30.404,5.65055882352941,0.0,30.404,8.76499237472767
228,0.0,28.632,5.6991316872428,0.0,28.632,8.67253909465021
229,0.0,28.632,5.6991316872428,0.0,28.632,8.67253909465021
230,0.0,28.632,5.6991316872428,0.0,28.632,8.67253909465021
231,0.0,28.632,5.6991316872428,0.0,28.632,8.67253909465021
232,0.0,28.632,5.6991316872428,0.0,28.632,8.67253909465021
233,0.0,29.223,5.41211111111111,0.0,29.223,8.07725132275132
234,0.0,29.223,5.41211111111111,0.0,29.223,8.07725132275132
235,0.0,29.223,5.41211111111111,0.0,29.223,8.07725132275132
236,0.0,29.223,5.41211111111111,0.0,29.223,8.07725132275132
237,0.0,29.223,5.41211111111111,0.0,29.223,8.07725132275132
238,0.0,31.092,4.50674256223437,0.0,31.092,7.00821007893139
239,0.0,31.092,4.50674256223437,0.0,31.092,7.00821007893139
240,0.0,31.092,4.50674256223437,0.0,31.092,7.00821007893139
241,0.0,27.402,4.44499355877617,0.0,27.402,6.94588405797101
242,0.0,31.092,4.50674256223437,0.0,31.092,7.00821007893139
243,0.0,31.458,5.13632562962963,0.0,31.458,8.43455140740741
244,0.0,31.458,5.13632562962963,0.0,31.458,8.43455140740741
245,0.0,31.458,5.13632562962963,0.0,31.458,8.43455140740741
246,0.0,31.458,5.13632562962963,0.0,31.458,8.43455140740741
247,0.0,31.458,5.13632562962963,0.0,31.458,8.43455140740741
248,0.0,31.458,5.13632562962963,0.0,31.458,8.43455140740741
249,0.0,31.458,5.13632562962963,0.0,31.458,8.43455140740741
250,0.0,31.458,5.13632562962963,0.0,31.458,8.43455140740741
251,0.0,31.458,5.13632562962963,0.0,31.458,8.43455140740741
252,0.0,31.458,5.13632562962963,0.0,31.458,8.43455140740741
253,0.0,34.037,6.3538521412037,0.0,34.037,10.5516267361111
254,0.0,32.301,0.145808488612836,0.0,32.301,0.407702150908673
255,0.0,32.301,0.145808488612836,0.0,32.301,0.407702150908673
256,0.0,32.301,0.145808488612836,0.0,32.301,0.407702150908673
257,0.0,32.301,0.145808488612836,0.0,32.301,0.407702150908673
258,0.0,32.301,0.145808488612836,0.0,32.301,0.407702150908673
259,0.0,32.301,0.145808488612836,0.0,32.301,0.407702150908673
260,0.0,32.301,0.145808488612836,0.0,32.301,0.407702150908673
261,0.0,32.301,0.145808488612836,0.0,32.301,0.407702150908673
262,0.0,32.301,0.145808488612836,0.0,32.301,0.407702150908673
263,0.0,32.301,0.145808488612836,0.0,32.301,0.407702150908673
264,0.0,30.292,3.45744758909853,0.0,30.292,5.15580870020964
265,0.0,30.292,3.45744758909853,0.0,30.292,5.15580870020964
266,0.0,30.292,3.45744758909853,0.0,30.292,5.15580870020964
267,0.0,30.292,3.45744758909853,0.0,30.292,5.15580870020964
268,0.0,30.292,3.45744758909853,0.0,30.292,5.15580870020964
269,0.0,30.292,3.45744758909853,0.0,30.292,5.15580870020964
270,0.0,30.292,3.45744758909853,0.0,30.292,5.15580870020964
271,0.0,30.292,3.45744758909853,0.0,30.292,5.15580870020964
272,0.0,30.404,5.65055882352941,0.0,30.404,8.76499237472767
273,0.0,30.404,5.65055882352941,0.0,30.404,8.76499237472767
274,0.0,30.404,5.65055882352941,0.0,30.404,8.76499237472767
275,0.0,28.632,5.6991316872428,0.0,28.632,8.67253909465021
276,0.0,28.806,5.50516175359032,0.0,28.998,8.49592025699168
277,0.0,28.632,5.6991316872428,0.0,28.632,8.67253909465021
278,0.0,28.806,5.50516175359032,0.0,28.998,8.49592025699168
279,0.0,28.632,5.6991316872428,0.0,28.632,8.67253909465021
280,0.0,28.806,5.50516175359032,0.0,28.998,8.49592025699168
281,0.0,28.806,5.50516175359032,0.0,28.998,8.49592025699168
282,0.0,29.223,5.41211111111111,0.0,29.223,8.07725132275132
283,0.0,29.223,5.41211111111111,0.0,29.223,8.07725132275132
284,0.0,28.878,5.63701157407407,0.0,28.878,8.44809143518519
285,0.0,27.402,4.44499355877617,0.0,27.402,6.94588405797101
286,0.0,27.402,4.44499355877617,0.0,27.402,6.94588405797101
287,0.0,27.402,4.44499355877617,0.0,27.402,6.94588405797101
288,0.0,27.402,4.44499355877617,0.0,27.402,6.94588405797101
289,0.0,27.402,4.44499355877617,0.0,27.402,6.94588405797101
290,0.0,31.458,5.13632562962963,0.0,31.458,8.43455140740741
291,0.0,31.458,5.13632562962963,0.0,31.458,8.43455140740741
292,0.0,31.458,5.13632562962963,0.0,31.458,8.43455140740741
293,0.0,31.458,5.13632562962963,0.0,31.458,8.43455140740741
294,0.0,31.458,5.13632562962963,0.0,31.458,8.43455140740741
295,0.0,31.458,5.13632562962963,0.0,31.458,8.43455140740741
296,0.0,31.458,5.13632562962963,0.0,31.458,8.43455140740741
297,0.0,31.458,5.13632562962963,0.0,31.458,8.43455140740741
298,0.0,28.818,6.60262962962963,0.0,28.818,11.6273518518519
299,0.0,34.037,6.3538521412037,0.0,34.037,10.5516267361111
300,0.0,34.037,6.3538521412037,0.0,34.037,10.5516267361111
301,0.0,34.037,6.3538521412037,0.0,34.037,10.5516267361111
302,0.0,34.037,6.3538521412037,0.0,34.037,10.5516267361111
303,0.0,32.301,0.145808488612836,0.0,32.301,0.407702150908673
304,0.0,32.301,0.145808488612836,0.0,32.301,0.407702150908673
305,0.0,32.301,0.145808488612836,0.0,32.301,0.407702150908673
306,0.0,32.301,0.145808488612836,0.0,32.301,0.407702150908673
307,0.0,32.301,0.145808488612836,0.0,32.301,0.407702150908673
308,0.0,32.301,0.145808488612836,0.0,32.301,0.407702150908673
309,0.0,32.301,0.145808488612836,0.0,32.301,0.407702150908673
310,0.0,32.301,0.145808488612836,0.0,32.301,0.407702150908673
311,0.0,32.301,0.145808488612836,0.0,32.301,0.407702150908673
312,0.0,30.292,3.45744758909853,0.0,30.292,5.15580870020964
313,0.0,30.292,3.45744758909853,0.0,30.292,5.15580870020964
314,0.0,30.292,3.45744758909853,0.0,30.292,5.15580870020964
315,0.0,30.292,3.45744758909853,0.0,30.292,5.15580870020964
316,0.0,30.292,3.45744758909853,0.0,30.292,5.15580870020964
317,0.0,30.292,3.45744758909853,0.0,30.292,5.15580870020964
318,0.0,30.292,3.45744758909853,0.0,30.292,5.15580870020964
319,0.0,30.292,3.45744758909853,0.0,30.292,5.15580870020964
320,0.0,30.404,5.65055882352941,0.0,30.404,8.76499237472767
321,0.0,30.404,5.65055882352941,0.0,30.404,8.76499237472767
322,0.0,30.404,5.65055882352941,0.0,30.404,8.76499237472767
323,0.0,30.404,5.65055882352941,0.0,30.404,8.76499237472767
324,0.0,30.404,5.65055882352941,0.0,30.404,8.76499237472767
325,0.0,28.806,5.50516175359032,0.0,28.998,8.49592025699168
326,0.0,28.806,5.50516175359032,0.0,28.998,8.49592025699168
327,0.0,28.806,5.50516175359032,0.0,28.998,8.49592025699168
328,0.0,28.806,5.50516175359032,0.0,28.998,8.49592025699168
329,0.0,28.806,5.50516175359032,0.0,28.998,8.49592025699168
330,0.0,28.806,5.50516175359032,0.0,28.998,8.49592025699168
331,0.0,27.285,4.92638636363636,0.0,27.285,7.27360606060606
332,0.0,29.223,5.41211111111111,0.0,29.223,8.07725132275132
333,0.0,28.878,5.63701157407407,0.0,28.878,8.44809143518519
334,0.0,28.066,5.93885185185185,0.0,28.066,9.10121296296296
335,0.0,27.402,4.44499355877617,0.0,27.402,6.94588405797101
336,0.0,27.402,4.44499355877617,0.0,27.402,6.94588405797101
337,0.0,27.402,4.44499355877617,0.0,27.402,6.94588405797101
338,0.0,27.402,4.44499355877617,0.0,27.402,6.94588405797101
339,0.0,31.458,5.13632562962963,0.0,31.458,8.43455140740741
340,0.0,31.458,5.13632562962963,0.0,31.458,8.43455140740741
341,0.0,31.458,5.13632562962963,0.0,31.458,8.43455140740741
342,0.0,31.458,5.13632562962963,0.0,31.458,8.43455140740741
343,0.0,31.458,5.13632562962963,0.0,31.458,8.43455140740741
344,0.0,31.458,5.13632562962963,0.0,31.458,8.43455140740741
345,0.0,31.458,5.13632562962963,0.0,31.458,8.43455140740741
346,0.0,31.458,5.13632562962963,0.0,31.458,8.43455140740741
347,0.0,34.037,6.3538521412037,0.0,34.037,10.5516267361111
348,0.0,34.037,6.3538521412037,0.0,34.037,10.5516267361111
349,0.0,34.037,6.3538521412037,0.0,34.037,10.5516267361111
350,0.0,34.037,6.3538521412037,0.0,34.037,10.5516267361111
351,0.0,34.037,6.3538521412037,0.0,34.037,10.5516267361111
352,0.0,32.301,0.145808488612836,0.0,32.301,0.407702150908673
353,0.0,32.301,0.145808488612836,0.0,32.301,0.407702150908673
354,0.0,32.301,0.145808488612836,0.0,32.301,0.407702150908673
355,0.0,32.301,0.145808488612836,0.0,32.301,0.407702150908673
356,0.0,32.301,0.145808488612836,0.0,32.301,0.407702150908673
357,0.0,32.301,0.145808488612836,0.0,32.301,0.407702150908673
358,0.0,32.301,0.145808488612836,0.0,32.301,0.407702150908673
359,0.0,32.301,0.145808488612836,0.0,32.301,0.407702150908673
360,0.0,32.301,0.145808488612836,0.0,32.301,0.407702150908673
361,0.0,22.363,0.276679012345679,0.0,22.363,0.858716049382716
362,0.0,30.292,3.45744758909853,0.0,30.292,5.15580870020964
363,0.0,30.292,3.45744758909853,0.0,30.292,5.15580870020964
364,0.0,30.292,3.45744758909853,0.0,30.292,5.15580870020964
365,0.0,30.292,3.45744758909853,0.0,30.292,5.15580870020964
366,0.0,30.292,3.45744758909853,0.0,30.292,5.15580870020964
367,0.0,30.292,3.45744758909853,0.0,30.292,5.15580870020964
368,0.0,30.292,3.45744758909853,0.0,30.292,5.15580870020964
369,0.0,30.292,3.45744758909853,0.0,30.292,5.15580870020964
370,0.0,30.404,5.65055882352941,0.0,30.404,8.76499237472767
371,0.0,30.404,5.65055882352941,0.0,30.404,8.76499237472767
372,0.0,30.404,5.65055882352941,0.0,30.404,8.76499237472767
373,0.0,30.404,5.65055882352941,0.0,30.404,8.76499237472767
374,0.0,30.404,5.65055882352941,0.0,30.404,8.76499237472767
375,0.0,28.806,5.50516175359032,0.0,28.998,8.49592025699168
376,0.0,28.806,5.50516175359032,0.0,28.998,8.49592025699168
377,0.0,28.806,5.50516175359032,0.0,28.998,8.49592025699168
378,0.0,28.806,5.50516175359032,0.0,28.998,8.49592025699168
379,0.0,28.806,5.50516175359032,0.0,28.998,8.49592025699168
380,0.0,28.806,5.50516175359032,0.0,28.998,8.49592025699168
381,0.0,27.285,4.92638636363636,0.0,27.285,7.27360606060606
382,0.0,28.878,5.63701157407407,0.0,28.878,8.44809143518519
383,0.0,27.285,4.92638636363636,0.0,27.285,7.27360606060606
384,0.0,28.878,5.63701157407407,0.0,28.878,8.44809143518519
385,0.0,27.866,5.84351851851852,0.0,27.866,8.87585185185185
386,0.0,27.402,4.44499355877617,0.0,27.402,6.94588405797101
387,0.0,27.402,4.44499355877617,0.0,27.402,6.94588405797101
388,0.0,27.402,4.44499355877617,0.0,27.402,6.94588405797101
389,0.0,31.458,5.13632562962963,0.0,31.458,8.43455140740741
390,0.0,31.458,5.13632562962963,0.0,31.458,8.43455140740741
391,0.0,31.458,5.13632562962963,0.0,31.458,8.43455140740741
392,0.0,31.458,5.13632562962963,0.0,31.458,8.43455140740741
393,0.0,31.458,5.13632562962963,0.0,31.458,8.43455140740741
394,0.0,31.458,5.13632562962963,0.0,31.458,8.43455140740741
395,0.0,34.037,6.3538521412037,0.0,34.037,10.5516267361111
396,0.0,34.037,6.3538521412037,0.0,34.037,10.5516267361111
397,0.0,34.037,6.3538521412037,0.0,34.037,10.5516267361111
398,0.0,34.037,6.3538521412037,0.0,34.037,10.5516267361111
399,0.0,34.037,6.3538521412037,0.0,34.037,10.5516267361111
400,0.0,34.037,6.3538521412037,0.0,34.037,10.5516267361111
401,0.0,34.037,6.3538521412037,0.0,34.037,10.5516267361111
402,0.0,34.037,6.3538521412037,0.0,34.037,10.5516267361111
403,0.0,34.037,6.3538521412037,0.0,34.037,10.5516267361111
404,0.0,32.301,0.145808488612836,0.0,32.301,0.407702150908673
405,0.0,32.301,0.145808488612836,0.0,32.301,0.407702150908673
406,0.0,32.301,0.145808488612836,0.0,32.301,0.407702150908673
407,0.0,32.301,0.145808488612836,0.0,32.301,0.407702150908673
408,0.0,32.301,0.145808488612836,0.0,32.301,0.407702150908673
409,0.0,32.301,0.145808488612836,0.0,32.301,0.407702150908673
410,0.0,32.301,0.145808488612836,0.0,32.301,0.407702150908673
411,0.0,32.301,0.145808488612836,0.0,32.301,0.407702150908673
412,0.0,32.301,0.145808488612836,0.0,32.301,0.407702150908673
413,0.0,32.301,0.145808488612836,0.0,32.301,0.407702150908673
414,0.0,32.301,0.145808488612836,0.0,32.301,0.407702150908673
415,0.0,32.301,0.145808488612836,0.0,32.301,0.407702150908673
416,0.0,22.363,0.276679012345679,0.0,22.363,0.858716049382716
417,0.0,30.292,3.45744758909853,0.0,30.292,5.15580870020964
418,0.0,30.292,3.45744758909853,0.0,30.292,5.15580870020964
419,0.0,30.292,3.45744758909853,0.0,30.292,5.15580870020964
420,0.0,30.292,3.45744758909853,0.0,30.292,5.15580870020964
421,0.0,30.292,3.45744758909853,0.0,30.292,5.15580870020964
422,0.0,30.292,3.45744758909853,0.0,30.292,5.15580870020964
423,0.0,30.292,3.45744758909853,0.0,30.292,5.15580870020964
424,0.0,30.292,3.45744758909853,0.0,30.292,5.15580870020964
425,0.0,30.404,5.65055882352941,0.0,30.404,8.76499237472767
426,0.0,27.305,4.05735378662244,0.0,27.305,6.96272056384743
427,0.0,27.305,4.05735378662244,0.0,27.305,6.96272056384743
428,0.0,27.305,4.05735378662244,0.0,27.305,6.96272056384743
429,0.0,27.305,4.05735378662244,0.0,27.305,6.96272056384743
430,0.0,28.806,5.50516175359032,0.0,28.998,8.49592025699168
431,0.0,28.806,5.50516175359032,0.0,28.998,8.49592025699168
432,0.0,28.806,5.50516175359032,0.0,28.998,8.49592025699168
433,0.0,28.806,5.50516175359032,0.0,28.998,8.49592025699168
434,0.0,28.806,5.50516175359032,0.0,28.998,8.49592025699168
435,0.0,28.806,5.50516175359032,0.0,28.998,8.49592025699168
436,0.0,27.285,4.92638636363636,0.0,27.285,7.27360606060606
437,0.0,27.285,4.92638636363636,0.0,27.285,7.27360606060606
438,0.0,28.878,5.63701157407407,0.0,28.878,8.44809143518519
439,0.0,28.878,5.63701157407407,0.0,28.878,8.44809143518519
440,0.0,28.878,5.63701157407407,0.0,28.878,8.44809143518519
441,0.0,27.879,5.95903703703704,0.0,27.879,9.19375925925926
442,0.0,27.402,4.44499355877617,0.0,27.402,6.94588405797101
443,0.0,27.402,4.44499355877617,0.0,27.402,6.94588405797101
444,0.0,31.458,5.13632562962963,0.0,31.458,8.43455140740741
445,0.0,31.458,5.13632562962963,0.0,31.458,8.43455140740741
446,0.0,31.458,5.13632562962963,0.0,31.458,8.43455140740741
447,0.0,31.458,5.13632562962963,0.0,31.458,8.43455140740741
448,0.0,31.458,5.13632562962963,0.0,31.458,8.43455140740741
449,0.0,34.037,6.3538521412037,0.0,34.037,10.5516267361111
450,0.0,34.037,6.3538521412037,0.0,34.037,10.5516267361111
451,0.0,34.037,6.3538521412037,0.0,34.037,10.5516267361111
452,0.0,34.037,6.3538521412037,0.0,34.037,10.5516267361111
453,0.0,34.037,6.3538521412037,0.0,34.037,10.5516267361111
454,0.0,34.037,6.3538521412037,0.0,34.037,10.5516267361111
455,0.0,34.037,6.3538521412037,0.0,34.037,10.5516267361111
456,0.0,34.037,6.3538521412037,0.0,34.037,10.5516267361111
457,0.0,34.037,6.3538521412037,0.0,34.037,10.5516267361111
458,0.0,34.037,6.3538521412037,0.0,34.037,10.5516267361111
459,0.0,32.301,0.145808488612836,0.0,32.301,0.407702150908673
460,0.0,32.301,0.145808488612836,0.0,32.301,0.407702150908673
461,0.0,32.301,0.145808488612836,0.0,32.301,0.407702150908673
462,0.0,32.301,0.145808488612836,0.0,32.301,0.407702150908673
463,0.0,32.301,0.145808488612836,0.0,32.301,0.407702150908673
464,0.0,32.301,0.145808488612836,0.0,32.301,0.407702150908673
465,0.0,32.301,0.145808488612836,0.0,32.301,0.407702150908673
466,0.0,32.301,0.145808488612836,0.0,32.301,0.407702150908673
467,0.0,32.301,0.145808488612836,0.0,32.301,0.407702150908673
468,0.0,32.301,0.145808488612836,0.0,32.301,0.407702150908673
469,0.0,32.301,0.145808488612836,0.0,32.301,0.407702150908673
470,0.0,32.301,0.145808488612836,0.0,32.301,0.407702150908673
471,0.0,32.301,0.145808488612836,0.0,32.301,0.407702150908673
472,0.0,32.301,0.145808488612836,0.0,32.301,0.407702150908673
473,0.0,30.292,3.45744758909853,0.0,30.292,5.15580870020964
474,0.0,30.292,3.45744758909853,0.0,30.292,5.15580870020964
475,0.0,30.292,3.45744758909853,0.0,30.292,5.15580870020964
476,0.0,30.292,3.45744758909853,0.0,30.292,5.15580870020964
477,0.0,30.292,3.45744758909853,0.0,30.292,5.15580870020964
478,0.0,30.292,3.45744758909853,0.0,30.292,5.15580870020964
479,0.0,30.292,3.45744758909853,0.0,30.292,5.15580870020964
480,0.0,27.305,4.05735378662244,0.0,27.305,6.96272056384743
481,0.0,27.305,4.05735378662244,0.0,27.305,6.96272056384743
482,0.0,27.305,4.05735378662244,0.0,27.305,6.96272056384743
483,0.0,27.305,4.05735378662244,0.0,27.305,6.96272056384743
484,0.0,27.305,4.05735378662244,0.0,27.305,6.96272056384743
485,0.0,27.305,4.05735378662244,0.0,27.305,6.96272056384743
486,0.0,28.806,5.50516175359032,0.0,28.998,8.49592025699168
487,0.0,28.806,5.50516175359032,0.0,28.998,8.49592025699168
488,0.0,28.806,5.50516175359032,0.0,28.998,8.49592025699168
489,0.0,28.806,5.50516175359032,0.0,28.998,8.49592025699168
490,0.0,35.189,6.04406893004115,0.0,35.189,8.29378281893004
491,0.0,35.189,6.04406893004115,0.0,35.189,8.29378281893004
492,0.0,27.285,4.92638636363636,0.0,27.285,7.27360606060606
493,0.0,27.285,4.92638636363636,0.0,27.285,7.27360606060606
494,0.0,28.878,5.63701157407407,0.0,28.878,8.44809143518519
495,0.0,28.878,5.63701157407407,0.0,28.878,8.44809143518519
496,0.0,28.878,5.63701157407407,0.0,28.878,8.44809143518519
497,0.0,28.878,5.63701157407407,0.0,28.878,8.44809143518519
498,0.0,27.402,4.44499355877617,0.0,27.402,6.94588405797101
499,0.0,31.458,5.13632562962963,0.0,31.458,8.43455140740741
500,0.0,31.458,5.13632562962963,0.0,31.458,8.43455140740741
501,0.0,33.343,4.72220145379024,0.0,33.343,7.96327362409138
502,0.0,33.343,4.72220145379024,0.0,33.343,7.96327362409138
503,0.0,31.458,5.13632562962963,0.0,31.458,8.43455140740741
504,0.0,31.458,5.13632562962963,0.0,31.458,8.43455140740741
505,0.0,34.037,6.3538521412037,0.0,34.037,10.5516267361111
506,0.0,34.037,6.3538521412037,0.0,34.037,10.5516267361111
507,0.0,34.037,6.3538521412037,0.0,34.037,10.5516267361111
508,0.0,33.343,4.72220145379024,0.0,33.343,7.96327362409138
509,0.0,34.037,6.3538521412037,0.0,34.037,10.5516267361111
510,0.0,34.037,6.3538521412037,0.0,34.037,10.5516267361111
511,0.0,34.037,6.3538521412037,0.0,34.037,10.5516267361111
512,0.0,34.037,6.3538521412037,0.0,34.037,10.5516267361111
513,0.0,34.037,6.3538521412037,0.0,34.037,10.5516267361111
514,0.0,34.037,6.3538521412037,0.0,34.037,10.5516267361111
515,0.0,34.037,6.3538521412037,0.0,34.037,10.5516267361111
516,0.0,32.301,0.145808488612836,0.0,32.301,0.407702150908673
517,0.0,32.301,0.145808488612836,0.0,32.301,0.407702150908673
518,0.0,32.301,0.145808488612836,0.0,32.301,0.407702150908673
519,0.0,32.301,0.145808488612836,0.0,32.301,0.407702150908673
520,0.0,32.301,0.145808488612836,0.0,32.301,0.407702150908673
521,0.0,32.301,0.145808488612836,0.0,32.301,0.407702150908673
522,0.0,32.301,0.145808488612836,0.0,32.301,0.407702150908673
523,0.0,32.301,0.145808488612836,0.0,32.301,0.407702150908673
524,0.0,32.301,0.145808488612836,0.0,32.301,0.407702150908673
525,0.0,32.301,0.145808488612836,0.0,32.301,0.407702150908673
526,0.0,32.301,0.145808488612836,0.0,32.301,0.407702150908673
527,0.0,32.301,0.145808488612836,0.0,32.301,0.407702150908673
528,0.0,32.301,0.145808488612836,0.0,32.301,0.407702150908673
529,0.0,32.301,0.145808488612836,0.0,32.301,0.407702150908673
530,0.0,30.292,3.45744758909853,0.0,30.292,5.15580870020964
531,0.0,30.292,3.45744758909853,0.0,30.292,5.15580870020964
532,0.0,30.292,3.45744758909853,0.0,30.292,5.15580870020964
533,0.0,30.292,3.45744758909853,0.0,30.292,5.15580870020964
534,0.0,30.292,3.45744758909853,0.0,30.292,5.15580870020964
535,0.0,27.305,4.05735378662244,0.0,27.305,6.96272056384743
536,0.0,27.305,4.05735378662244,0.0,27.305,6.96272056384743
537,0.0,27.305,4.05735378662244,0.0,27.305,6.96272056384743
538,0.0,27.305,4.05735378662244,0.0,27.305,6.96272056384743
539,0.0,27.305,4.05735378662244,0.0,27.305,6.96272056384743
540,0.0,27.305,4.05735378662244,0.0,27.305,6.96272056384743
541,0.0,27.305,4.05735378662244,0.0,27.305,6.96272056384743
542,0.0,27.305,4.05735378662244,0.0,27.305,6.96272056384743
543,0.0,28.806,5.50516175359032,0.0,28.998,8.49592025699168
544,0.0,28.806,5.50516175359032,0.0,28.998,8.49592025699168
545,0.0,28.806,5.50516175359032,0.0,28.998,8.49592025699168
546,0.0,28.806,5.50516175359032,0.0,28.998,8.49592025699168
547,0.0,35.189,6.04406893004115,0.0,35.189,8.29378281893004
548,0.0,27.285,4.92638636363636,0.0,27.285,7.27360606060606
549,0.0,27.285,4.92638636363636,0.0,27.285,7.27360606060606
550,0.0,27.285,4.92638636363636,0.0,27.285,7.27360606060606
551,0.0,27.285,4.92638636363636,0.0,27.285,7.27360606060606
552,0.0,28.878,5.63701157407407,0.0,28.878,8.44809143518519
553,0.0,28.878,5.63701157407407,0.0,28.878,8.44809143518519
554,0.0,28.878,5.63701157407407,0.0,28.878,8.44809143518519
555,0.0,28.878,5.63701157407407,0.0,28.878,8.44809143518519
556,0.0,31.458,5.13632562962963,0.0,31.458,8.43455140740741
557,0.0,31.458,5.13632562962963,0.0,31.458,8.43455140740741
558,0.0,33.343,4.72220145379024,0.0,33.343,7.96327362409138
559,0.0,33.343,4.72220145379024,0.0,33.343,7.96327362409138
560,0.0,33.343,4.72220145379024,0.0,33.343,7.96327362409138
561,0.0,33.343,4.72220145379024,0.0,33.343,7.96327362409138
562,0.0,33.343,4.72220145379024,0.0,33.343,7.96327362409138
563,0.0,33.343,4.72220145379024,0.0,33.343,7.96327362409138
564,0.0,33.343,4.72220145379024,0.0,33.343,7.96327362409138
565,0.0,33.343,4.72220145379024,0.0,33.343,7.96327362409138
566,0.0,33.343,4.72220145379024,0.0,33.343,7.96327362409138
567,0.0,34.037,6.3538521412037,0.0,34.037,10.5516267361111
568,0.0,34.037,6.3538521412037,0.0,34.037,10.5516267361111
569,0.0,34.037,6.3538521412037,0.0,34.037,10.5516267361111
570,0.0,34.037,6.3538521412037,0.0,34.037,10.5516267361111
571,0.0,35.703,5.89471647509579,0.0,35.703,8.70130779054917
572,0.0,35.703,5.89471647509579,0.0,35.703,8.70130779054917
573,0.0,35.703,5.89471647509579,0.0,35.703,8.70130779054917
574,0.0,32.301,0.145808488612836,0.0,32.301,0.407702150908673
575,0.0,32.301,0.145808488612836,0.0,32.301,0.407702150908673
576,0.0,32.301,0.145808488612836,0.0,32.301,0.407702150908673
577,0.0,32.301,0.145808488612836,0.0,32.301,0.407702150908673
578,0.0,32.301,0.145808488612836,0.0,32.301,0.407702150908673
579,0.0,32.301,0.145808488612836,0.0,32.301,0.407702150908673
580,0.0,32.301,0.145808488612836,0.0,32.301,0.407702150908673
581,0.0,32.301,0.145808488612836,0.0,32.301,0.407702150908673
582,0.0,32.301,0.145808488612836,0.0,32.301,0.407702150908673
583,0.0,32.301,0.145808488612836,0.0,32.301,0.407702150908673
584,0.0,32.301,0.145808488612836,0.0,32.301,0.407702150908673
585,0.0,32.301,0.145808488612836,0.0,32.301,0.407702150908673
586,0.0,32.301,0.145808488612836,0.0,32.301,0.407702150908673
587,0.0,30.292,3.45744758909853,0.0,30.292,5.15580870020964
588,0.0,30.292,3.45744758909853,0.0,30.292,5.15580870020964
589,0.0,30.292,3.45744758909853,0.0,30.292,5.15580870020964
590,0.0,27.305,4.05735378662244,0.0,27.305,6.96272056384743
591,0.0,27.305,4.05735378662244,0.0,27.305,6.96272056384743
592,0.0,27.305,4.05735378662244,0.0,27.305,6.96272056384743
593,0.0,27.305,4.05735378662244,0.0,27.305,6.96272056384743
594,0.0,27.305,4.05735378662244,0.0,27.305,6.96272056384743
595,0.0,27.305,4.05735378662244,0.0,27.305,6.96272056384743
596,0.0,27.305,4.05735378662244,0.0,27.305,6.96272056384743
597,0.0,27.305,4.05735378662244,0.0,27.305,6.96272056384743
598,0.0,27.305,4.05735378662244,0.0,27.305,6.96272056384743
599,0.0,28.806,5.50516175359032,0.0,28.998,8.49592025699168
600,0.0,28.806,5.50516175359032,0.0,28.998,8.49592025699168
601,0.0,28.806,5.50516175359032,0.0,28.998,8.49592025699168
602,0.0,28.806,5.50516175359032,0.0,28.998,8.49592025699168
603,0.0,35.189,6.04406893004115,0.0,35.189,8.29378281893004
604,0.0,27.285,4.92638636363636,0.0,27.285,7.27360606060606
605,0.0,27.285,4.92638636363636,0.0,27.285,7.27360606060606
606,0.0,27.285,4.92638636363636,0.0,27.285,7.27360606060606
607,0.0,35.189,6.04406893004115,0.0,35.189,8.29378281893004
608,0.0,28.878,5.63701157407407,0.0,28.878,8.44809143518519
609,0.0,28.878,5.63701157407407,0.0,28.878,8.44809143518519
610,0.0,28.878,5.63701157407407,0.0,28.878,8.44809143518519
611,0.0,28.878,5.63701157407407,0.0,28.878,8.44809143518519
612,0.0,31.458,5.13632562962963,0.0,31.458,8.43455140740741
613,0.0,33.343,4.72220145379024,0.0,33.343,7.96327362409138
614,0.0,33.343,4.72220145379024,0.0,33.343,7.96327362409138
615,0.0,33.343,4.72220145379024,0.0,33.343,7.96327362409138
616,0.0,33.343,4.72220145379024,0.0,33.343,7.96327362409138
617,0.0,33.343,4.72220145379024,0.0,33.343,7.96327362409138
618,0.0,33.343,4.72220145379024,0.0,33.343,7.96327362409138
619,0.0,33.343,4.72220145379024,0.0,33.343,7.96327362409138
620,0.0,33.343,4.72220145379024,0.0,33.343,7.96327362409138
621,0.0,33.343,4.72220145379024,0.0,33.343,7.96327362409138
622,0.0,33.343,4.72220145379024,0.0,33.343,7.96327362409138
623,0.0,33.343,4.72220145379024,0.0,33.343,7.96327362409138
624,0.0,34.037,6.3538521412037,0.0,34.037,10.5516267361111
625,0.0,35.703,5.89471647509579,0.0,35.703,8.70130779054917
626,0.0,34.037,6.3538521412037,0.0,34.037,10.5516267361111
627,0.0,35.703,5.89471647509579,0.0,35.703,8.70130779054917
628,0.0,35.703,5.89471647509579,0.0,35.703,8.70130779054917
629,0.0,35.703,5.89471647509579,0.0,35.703,8.70130779054917
630,0.0,32.428,5.43505555555556,0.0,32.428,8.95546296296296
631,0.0,32.301,0.145808488612836,0.0,32.301,0.407702150908673
632,0.0,32.301,0.145808488612836,0.0,32.301,0.407702150908673
633,0.0,32.301,0.145808488612836,0.0,32.301,0.407702150908673
634,0.0,32.301,0.145808488612836,0.0,32.301,0.407702150908673
635,0.0,32.301,0.145808488612836,0.0,32.301,0.407702150908673
636,0.0,32.301,0.145808488612836,0.0,32.301,0.407702150908673
637,0.0,32.301,0.145808488612836,0.0,32.301,0.407702150908673
638,0.0,32.301,0.145808488612836,0.0,32.301,0.407702150908673
639,0.0,32.301,0.145808488612836,0.0,32.301,0.407702150908673
640,0.0,32.301,0.145808488612836,0.0,32.301,0.407702150908673
641,0.0,30.292,3.45744758909853,0.0,30.292,5.15580870020964
642,0.0,30.292,3.45744758909853,0.0,30.292,5.15580870020964
643,0.0,30.292,3.45744758909853,0.0,30.292,5.15580870020964
644,0.0,27.305,4.05735378662244,0.0,27.305,6.96272056384743
645,0.0,27.305,4.05735378662244,0.0,27.305,6.96272056384743
646,0.0,27.305,4.05735378662244,0.0,27.305,6.96272056384743
647,0.0,27.305,4.05735378662244,0.0,27.305,6.96272056384743
648,0.0,27.305,4.05735378662244,0.0,27.305,6.96272056384743
649,0.0,27.305,4.05735378662244,0.0,27.305,6.96272056384743
650,0.0,27.305,4.05735378662244,0.0,27.305,6.96272056384743
651,0.0,27.305,4.05735378662244,0.0,27.305,6.96272056384743
652,0.0,27.305,4.05735378662244,0.0,27.305,6.96272056384743
653,0.0,28.806,5.50516175359032,0.0,28.998,8.49592025699168
654,0.0,28.806,5.50516175359032,0.0,28.998,8.49592025699168
655,0.0,28.806,5.50516175359032,0.0,28.998,8.49592025699168
656,0.0,35.189,6.04406893004115,0.0,35.189,8.29378281893004
657,0.0,35.189,6.04406893004115,0.0,35.189,8.29378281893004
658,0.0,35.189,6.04406893004115,0.0,35.189,8.29378281893004
659,0.0,35.189,6.04406893004115,0.0,35.189,8.29378281893004
660,0.0,35.189,6.04406893004115,0.0,35.189,8.29378281893004
661,0.0,35.189,6.04406893004115,0.0,35.189,8.29378281893004
662,0.0,28.878,5.63701157407407,0.0,28.878,8.44809143518519
663,0.0,28.878,5.63701157407407,0.0,28.878,8.44809143518519
664,0.0,28.878,5.63701157407407,0.0,28.878,8.44809143518519
665,0.0,31.458,5.13632562962963,0.0,31.458,8.43455140740741
666,0.0,33.343,4.72220145379024,0.0,33.343,7.96327362409138
667,0.0,33.343,4.72220145379024,0.0,33.343,7.96327362409138
668,0.0,33.343,4.72220145379024,0.0,33.343,7.96327362409138
669,0.0,33.343,4.72220145379024,0.0,33.343,7.96327362409138
670,0.0,33.343,4.72220145379024,0.0,33.343,7.96327362409138
671,0.0,33.343,4.72220145379024,0.0,33.343,7.96327362409138
672,0.0,33.343,4.72220145379024,0.0,33.343,7.96327362409138
673,0.0,33.343,4.72220145379024,0.0,33.343,7.96327362409138
674,0.0,33.343,4.72220145379024,0.0,33.343,7.96327362409138
675,0.0,33.343,4.72220145379024,0.0,33.343,7.96327362409138
676,0.0,33.343,4.72220145379024,0.0,33.343,7.96327362409138
677,0.0,33.343,4.72220145379024,0.0,33.343,7.96327362409138
678,0.0,33.343,4.72220145379024,0.0,33.343,7.96327362409138
679,0.0,35.703,5.89471647509579,0.0,35.703,8.70130779054917
680,0.0,35.703,5.89471647509579,0.0,35.703,8.70130779054917
681,0.0,35.703,5.89471647509579,0.0,35.703,8.70130779054917
682,0.0,35.703,5.89471647509579,0.0,35.703,8.70130779054917
683,0.0,35.703,5.89471647509579,0.0,35.703,8.70130779054917
684,0.0,35.703,5.89471647509579,0.0,35.703,8.70130779054917
685,0.0,26.582,4.03088888888889,0.0,26.582,6.5035
686,0.0,30.547,5.04637037037037,0.0,30.547,8.33164814814815
687,0.0,32.301,0.145808488612836,0.0,32.301,0.407702150908673
688,0.0,32.301,0.145808488612836,0.0,32.301,0.407702150908673
689,0.0,32.301,0.145808488612836,0.0,32.301,0.407702150908673
690,0.0,32.301,0.145808488612836,0.0,32.301,0.407702150908673
691,0.0,32.301,0.145808488612836,0.0,32.301,0.407702150908673
692,0.0,32.301,0.145808488612836,0.0,32.301,0.407702150908673
693,0.0,32.301,0.145808488612836,0.0,32.301,0.407702150908673
694,0.0,32.301,0.145808488612836,0.0,32.301,0.407702150908673
695,0.0,32.301,0.145808488612836,0.0,32.301,0.407702150908673
696,0.0,32.301,0.145808488612836,0.0,32.301,0.407702150908673
697,0.0,32.301,0.145808488612836,0.0,32.301,0.407702150908673
698,0.0,30.292,3.45744758909853,0.0,30.292,5.15580870020964
699,0.0,30.292,3.45744758909853,0.0,30.292,5.15580870020964
700,0.0,30.292,3.45744758909853,0.0,30.292,5.15580870020964
701,0.0,27.305,4.05735378662244,0.0,27.305,6.96272056384743
702,0.0,27.305,4.05735378662244,0.0,27.305,6.96272056384743
703,0.0,27.305,4.05735378662244,0.0,27.305,6.96272056384743
704,0.0,27.305,4.05735378662244,0.0,27.305,6.96272056384743
705,0.0,27.305,4.05735378662244,0.0,27.305,6.96272056384743
706,0.0,27.305,4.05735378662244,0.0,27.305,6.96272056384743
707,0.0,32.093,2.57209135251323,0.0,32.093,4.13311350859788
708,0.0,32.093,2.57209135251323,0.0,32.093,4.13311350859788
709,0.0,32.093,2.57209135251323,0.0,32.093,4.13311350859788
710,0.0,32.093,2.57209135251323,0.0,32.093,4.13311350859788
711,0.0,32.093,2.57209135251323,0.0,32.093,4.13311350859788
712,0.0,32.093,2.57209135251323,0.0,32.093,4.13311350859788
713,0.0,35.189,6.04406893004115,0.0,35.189,8.29378281893004
714,0.0,35.189,6.04406893004115,0.0,35.189,8.29378281893004
715,0.0,35.189,6.04406893004115,0.0,35.189,8.29378281893004
716,0.0,35.189,6.04406893004115,0.0,35.189,8.29378281893004
717,0.0,35.189,6.04406893004115,0.0,35.189,8.29378281893004
718,0.0,35.189,6.04406893004115,0.0,35.189,8.29378281893004
719,0.0,35.189,6.04406893004115,0.0,35.189,8.29378281893004
720,0.0,35.189,6.04406893004115,0.0,35.189,8.29378281893004
721,0.0,28.878,5.63701157407407,0.0,28.878,8.44809143518519
722,0.0,33.343,4.72220145379024,0.0,33.343,7.96327362409138
723,0.0,33.343,4.72220145379024,0.0,33.343,7.96327362409138
724,0.0,33.343,4.72220145379024,0.0,33.343,7.96327362409138
725,0.0,33.343,4.72220145379024,0.0,33.343,7.96327362409138
726,0.0,33.343,4.72220145379024,0.0,33.343,7.96327362409138
727,0.0,33.343,4.72220145379024,0.0,33.343,7.96327362409138
728,0.0,33.343,4.72220145379024,0.0,33.343,7.96327362409138
729,0.0,33.343,4.72220145379024,0.0,33.343,7.96327362409138
730,0.0,33.343,4.72220145379024,0.0,33.343,7.96327362409138
731,0.0,33.343,4.72220145379024,0.0,33.343,7.96327362409138
732,0.0,33.343,4.72220145379024,0.0,33.343,7.96327362409138
733,0.0,33.343,4.72220145379024,0.0,33.343,7.96327362409138
734,0.0,33.343,4.72220145379024,0.0,33.343,7.96327362409138
735,0.0,33.343,4.72220145379024,0.0,33.343,7.96327362409138
736,0.0,33.343,4.72220145379024,0.0,33.343,7.96327362409138
737,0.0,35.703,5.89471647509579,0.0,35.703,8.70130779054917
738,0.0,35.703,5.89471647509579,0.0,35.703,8.70130779054917
739,0.0,35.703,5.89471647509579,0.0,35.703,8.70130779054917
740,0.0,35.703,5.89471647509579,0.0,35.703,8.70130779054917
741,0.0,34.749,7.67168518518518,0.0,34.749,11.0594074074074
742,0.0,35.703,5.89471647509579,0.0,35.703,8.70130779054917
743,0.0,22.769,3.60481481481481,0.0,22.769,5.76212962962963
744,0.0,22.769,3.60481481481481,0.0,22.769,5.76212962962963
745,0.0,32.301,0.145808488612836,0.0,32.301,0.407702150908673
746,0.0,32.301,0.145808488612836,0.0,32.301,0.407702150908673
747,0.0,32.301,0.145808488612836,0.0,32.301,0.407702150908673
748,0.0,32.301,0.145808488612836,0.0,32.301,0.407702150908673
749,0.0,32.301,0.145808488612836,0.0,32.301,0.407702150908673
750,0.0,32.301,0.145808488612836,0.0,32.301,0.407702150908673
751,0.0,32.301,0.145808488612836,0.0,32.301,0.407702150908673
752,0.0,32.301,0.145808488612836,0.0,32.301,0.407702150908673
753,0.0,32.301,0.145808488612836,0.0,32.301,0.407702150908673
754,0.0,32.301,0.145808488612836,0.0,32.301,0.407702150908673
755,0.0,30.292,3.45744758909853,0.0,30.292,5.15580870020964
756,0.0,30.292,3.45744758909853,0.0,30.292,5.15580870020964
757,0.0,30.292,3.45744758909853,0.0,30.292,5.15580870020964
758,0.0,30.292,3.45744758909853,0.0,30.292,5.15580870020964
759,0.0,27.305,4.05735378662244,0.0,27.305,6.96272056384743
760,0.0,27.305,4.05735378662244,0.0,27.305,6.96272056384743
761,0.0,27.305,4.05735378662244,0.0,27.305,6.96272056384743
762,0.0,27.305,4.05735378662244,0.0,27.305,6.96272056384743
763,0.0,27.305,4.05735378662244,0.0,27.305,6.96272056384743
764,0.0,32.093,2.57209135251323,0.0,32.093,4.13311350859788
765,0.0,32.093,2.57209135251323,0.0,32.093,4.13311350859788
766,0.0,32.093,2.57209135251323,0.0,32.093,4.13311350859788
767,0.0,32.093,2.57209135251323,0.0,32.093,4.13311350859788
768,0.0,32.093,2.57209135251323,0.0,32.093,4.13311350859788
769,0.0,32.093,2.57209135251323,0.0,32.093,4.13311350859788
770,0.0,32.093,2.57209135251323,0.0,32.093,4.13311350859788
771,0.0,35.189,6.04406893004115,0.0,35.189,8.29378281893004
772,0.0,35.189,6.04406893004115,0.0,35.189,8.29378281893004
773,0.0,35.189,6.04406893004115,0.0,35.189,8.29378281893004
774,0.0,35.189,6.04406893004115,0.0,35.189,8.29378281893004
775,0.0,35.189,6.04406893004115,0.0,35.189,8.29378281893004
776,0.0,35.189,6.04406893004115,0.0,35.189,8.29378281893004
777,0.0,35.189,6.04406893004115,0.0,35.189,8.29378281893004
778,0.0,35.189,6.04406893004115,0.0,35.189,8.29378281893004
779,0.0,33.343,4.72220145379024,0.0,33.343,7.96327362409138
780,0.0,33.343,4.72220145379024,0.0,33.343,7.96327362409138
781,0.0,33.343,4.72220145379024,0.0,33.343,7.96327362409138
782,0.0,33.343,4.72220145379024,0.0,33.343,7.96327362409138
783,0.0,33.343,4.72220145379024,0.0,33.343,7.96327362409138
784,0.0,33.343,4.72220145379024,0.0,33.343,7.96327362409138
785,0.0,33.343,4.72220145379024,0.0,33.343,7.96327362409138
786,0.0,45.706,7.19412416514876,0.0,45.706,9.70248482088646
787,0.0,45.706,7.19412416514876,0.0,45.706,9.70248482088646
788,0.0,45.706,7.19412416514876,0.0,45.706,9.70248482088646
789,0.0,33.343,4.72220145379024,0.0,33.343,7.96327362409138
790,0.0,31.874,5.06564403292181,0.0,31.874,7.75129423868313
791,0.0,33.343,4.72220145379024,0.0,33.343,7.96327362409138
792,0.0,33.343,4.72220145379024,0.0,33.343,7.96327362409138
793,0.0,33.343,4.72220145379024,0.0,33.343,7.96327362409138
794,0.0,31.874,5.06564403292181,0.0,31.874,7.75129423868313
795,0.0,31.874,5.06564403292181,0.0,31.874,7.75129423868313
796,0.0,31.874,5.06564403292181,0.0,31.874,7.75129423868313
797,0.0,31.874,5.06564403292181,0.0,31.874,7.75129423868313
798,0.0,31.874,5.06564403292181,0.0,31.874,7.75129423868313
799,0.0,35.703,5.89471647509579,0.0,35.703,8.70130779054917
800,0.0,35.703,5.89471647509579,0.0,35.703,8.70130779054917
801,0.0,33.055,5.76272762345679,0.0,33.055,9.39881790123457
802,0.0,33.055,5.76272762345679,0.0,33.055,9.39881790123457
803,0.0,33.055,5.76272762345679,0.0,33.055,9.39881790123457
804,0.0,33.055,5.76272762345679,0.0,33.055,9.39881790123457
805,0.0,32.301,0.145808488612836,0.0,32.301,0.407702150908673
806,0.0,32.301,0.145808488612836,0.0,32.301,0.407702150908673
807,0.0,32.301,0.145808488612836,0.0,32.301,0.407702150908673
808,0.0,32.301,0.145808488612836,0.0,32.301,0.407702150908673
809,0.0,32.301,0.145808488612836,0.0,32.301,0.407702150908673
810,0.0,32.301,0.145808488612836,0.0,32.301,0.407702150908673
811,0.0,32.301,0.145808488612836,0.0,32.301,0.407702150908673
812,0.0,32.301,0.145808488612836,0.0,32.301,0.407702150908673
813,0.0,32.301,0.145808488612836,0.0,32.301,0.407702150908673
814,0.0,32.301,0.145808488612836,0.0,32.301,0.407702150908673
815,0.0,32.301,0.145808488612836,0.0,32.301,0.407702150908673
816,0.0,30.292,3.45744758909853,0.0,30.292,5.15580870020964
817,0.0,30.292,3.45744758909853,0.0,30.292,5.15580870020964
818,0.0,30.292,3.45744758909853,0.0,30.292,5.15580870020964
819,0.0,30.292,3.45744758909853,0.0,30.292,5.15580870020964
820,0.0,27.305,4.05735378662244,0.0,27.305,6.96272056384743
821,0.0,32.093,2.57209135251323,0.0,32.093,4.13311350859788
822,0.0,32.093,2.57209135251323,0.0,32.093,4.13311350859788
823,0.0,32.093,2.57209135251323,0.0,32.093,4.13311350859788
824,0.0,32.093,2.57209135251323,0.0,32.093,4.13311350859788
825,0.0,32.093,2.57209135251323,0.0,32.093,4.13311350859788
826,0.0,32.093,2.57209135251323,0.0,32.093,4.13311350859788
827,0.0,32.093,2.57209135251323,0.0,32.093,4.13311350859788
828,0.0,24.546,8.8255,0.0,28.209,13.2741944444444
829,0.0,35.189,6.04406893004115,0.0,35.189,8.29378281893004
830,0.0,35.189,6.04406893004115,0.0,35.189,8.29378281893004
831,0.0,35.189,6.04406893004115,0.0,35.189,8.29378281893004
832,0.0,35.189,6.04406893004115,0.0,35.189,8.29378281893004
833,0.0,35.189,6.04406893004115,0.0,35.189,8.29378281893004
834,0.0,35.189,6.04406893004115,0.0,35.189,8.29378281893004
835,0.0,35.189,6.04406893004115,0.0,35.189,8.29378281893004
836,0.0,35.189,6.04406893004115,0.0,35.189,8.29378281893004
837,0.0,35.189,6.04406893004115,0.0,35.189,8.29378281893004
838,0.0,35.189,6.04406893004115,0.0,35.189,8.29378281893004
839,0.0,35.189,6.04406893004115,0.0,35.189,8.29378281893004
840,0.0,33.343,4.72220145379024,0.0,33.343,7.96327362409138
841,0.0,33.343,4.72220145379024,0.0,33.343,7.96327362409138
842,0.0,33.343,4.72220145379024,0.0,33.343,7.96327362409138
843,0.0,45.706,7.19412416514876,0.0,45.706,9.70248482088646
844,0.0,33.343,4.72220145379024,0.0,33.343,7.96327362409138
845,0.0,45.706,7.19412416514876,0.0,45.706,9.70248482088646
846,0.0,45.706,7.19412416514876,0.0,45.706,9.70248482088646
847,0.0,45.706,7.19412416514876,0.0,45.706,9.70248482088646
848,0.0,45.706,7.19412416514876,0.0,45.706,9.70248482088646
849,0.0,45.706,7.19412416514876,0.0,45.706,9.70248482088646
850,0.0,33.343,4.72220145379024,0.0,33.343,7.96327362409138
851,0.0,31.874,5.06564403292181,0.0,31.874,7.75129423868313
852,0.0,31.874,5.06564403292181,0.0,31.874,7.75129423868313
853,0.0,31.874,5.06564403292181,0.0,31.874,7.75129423868313
854,0.0,31.874,5.06564403292181,0.0,31.874,7.75129423868313
855,0.0,31.874,5.06564403292181,0.0,31.874,7.75129423868313
856,0.0,31.874,5.06564403292181,0.0,31.874,7.75129423868313
857,0.0,31.874,5.06564403292181,0.0,31.874,7.75129423868313
858,0.0,31.874,5.06564403292181,0.0,31.874,7.75129423868313
859,0.0,31.874,5.06564403292181,0.0,31.874,7.75129423868313
860,0.0,35.703,5.89471647509579,0.0,35.703,8.70130779054917
861,0.0,35.703,5.89471647509579,0.0,35.703,8.70130779054917
862,0.0,33.055,5.76272762345679,0.0,33.055,9.39881790123457
863,0.0,33.055,5.76272762345679,0.0,33.055,9.39881790123457
864,0.0,33.055,5.76272762345679,0.0,33.055,9.39881790123457
865,0.0,32.301,0.145808488612836,0.0,32.301,0.407702150908673
866,0.0,32.301,0.145808488612836,0.0,32.301,0.407702150908673
867,0.0,32.301,0.145808488612836,0.0,32.301,0.407702150908673
868,0.0,32.301,0.145808488612836,0.0,32.301,0.407702150908673
869,0.0,32.301,0.145808488612836,0.0,32.301,0.407702150908673
870,0.0,32.301,0.145808488612836,0.0,32.301,0.407702150908673
871,0.0,32.301,0.145808488612836,0.0,32.301,0.407702150908673
872,0.0,32.301,0.145808488612836,0.0,32.301,0.407702150908673
873,0.0,32.301,0.145808488612836,0.0,32.301,0.407702150908673
874,0.0,32.301,0.145808488612836,0.0,32.301,0.407702150908673
875,0.0,32.301,0.145808488612836,0.0,32.301,0.407702150908673
876,0.0,32.301,0.145808488612836,0.0,32.301,0.407702150908673
877,0.0,30.292,3.45744758909853,0.0,30.292,5.15580870020964
878,0.0,30.292,3.45744758909853,0.0,30.292,5.15580870020964
879,0.0,25.574,6.11431481481481,0.0,25.574,8.50909259259259
880,0.0,32.093,2.57209135251323,0.0,32.093,4.13311350859788
881,0.0,32.093,2.57209135251323,0.0,32.093,4.13311350859788
882,0.0,32.093,2.57209135251323,0.0,32.093,4.13311350859788
883,0.0,32.093,2.57209135251323,0.0,32.093,4.13311350859788
884,0.0,32.093,2.57209135251323,0.0,32.093,4.13311350859788
885,0.0,32.093,2.57209135251323,0.0,32.093,4.13311350859788
886,0.0,32.093,2.57209135251323,0.0,32.093,4.13311350859788
887,0.0,35.189,6.04406893004115,0.0,35.189,8.29378281893004
888,0.0,35.189,6.04406893004115,0.0,35.189,8.29378281893004
889,0.0,35.189,6.04406893004115,0.0,35.189,8.29378281893004
890,0.0,35.189,6.04406893004115,0.0,35.189,8.29378281893004
891,0.0,35.189,6.04406893004115,0.0,35.189,8.29378281893004
892,0.0,35.189,6.04406893004115,0.0,35.189,8.29378281893004
893,0.0,35.189,6.04406893004115,0.0,35.189,8.29378281893004
894,0.0,35.189,6.04406893004115,0.0,35.189,8.29378281893004
895,0.0,35.189,6.04406893004115,0.0,35.189,8.29378281893004
896,0.0,35.189,6.04406893004115,0.0,35.189,8.29378281893004
897,0.0,35.189,6.04406893004115,0.0,35.189,8.29378281893004
898,0.0,35.189,6.04406893004115,0.0,35.189,8.29378281893004
899,0.0,35.189,6.04406893004115,0.0,35.189,8.29378281893004
900,0.0,35.189,6.04406893004115,0.0,35.189,8.29378281893004
901,0.0,33.343,4.72220145379024,0.0,33.343,7.96327362409138
902,0.0,33.343,4.72220145379024,0.0,33.343,7.96327362409138
903,0.0,45.706,7.19412416514876,0.0,45.706,9.70248482088646
904,0.0,45.706,7.19412416514876,0.0,45.706,9.70248482088646
905,0.0,45.706,7.19412416514876,0.0,45.706,9.70248482088646
906,0.0,45.706,7.19412416514876,0.0,45.706,9.70248482088646
907,0.0,45.706,7.19412416514876,0.0,45.706,9.70248482088646
908,0.0,45.706,7.19412416514876,0.0,45.706,9.70248482088646
909,0.0,45.706,7.19412416514876,0.0,45.706,9.70248482088646
910,0.0,41.485,6.3323387866394,0.0,41.485,8.56023142467621
911,0.0,41.485,6.3323387866394,0.0,41.485,8.56023142467621
912,0.0,31.874,5.06564403292181,0.0,31.874,7.75129423868313
913,0.0,31.874,5.06564403292181,0.0,31.874,7.75129423868313
914,0.0,31.874,5.06564403292181,0.0,31.874,7.75129423868313
915,0.0,31.874,5.06564403292181,0.0,31.874,7.75129423868313
916,0.0,31.874,5.06564403292181,0.0,31.874,7.75129423868313
917,0.0,31.874,5.06564403292181,0.0,31.874,7.75129423868313
918,0.0,31.874,5.06564403292181,0.0,31.874,7.75129423868313
919,0.0,31.874,5.06564403292181,0.0,31.874,7.75129423868313
920,0.0,31.874,5.06564403292181,0.0,31.874,7.75129423868313
921,0.0,33.055,5.76272762345679,0.0,33.055,9.39881790123457
922,0.0,33.055,5.76272762345679,0.0,33.055,9.39881790123457
923,0.0,33.055,5.76272762345679,0.0,33.055,9.39881790123457
924,0.0,33.055,5.76272762345679,0.0,33.055,9.39881790123457
925,0.0,32.301,0.145808488612836,0.0,32.301,0.407702150908673
926,0.0,32.301,0.145808488612836,0.0,32.301,0.407702150908673
927,0.0,32.301,0.145808488612836,0.0,32.301,0.407702150908673
928,0.0,32.301,0.145808488612836,0.0,32.301,0.407702150908673
929,0.0,32.301,0.145808488612836,0.0,32.301,0.407702150908673
930,0.0,32.301,0.145808488612836,0.0,32.301,0.407702150908673
931,0.0,32.301,0.145808488612836,0.0,32.301,0.407702150908673
932,0.0,32.301,0.145808488612836,0.0,32.301,0.407702150908673
933,0.0,27.836,3.30978703703704,0.0,27.836,3.76649074074074
934,0.0,27.836,3.30978703703704,0.0,27.836,3.76649074074074
935,0.0,27.836,3.30978703703704,0.0,27.836,3.76649074074074
936,0.0,27.836,3.30978703703704,0.0,27.836,3.76649074074074
937,0.0,27.836,3.30978703703704,0.0,27.836,3.76649074074074
938,0.0,32.093,2.57209135251323,0.0,32.093,4.13311350859788
939,0.0,32.093,2.57209135251323,0.0,32.093,4.13311350859788
940,0.0,32.093,2.57209135251323,0.0,32.093,4.13311350859788
941,0.0,32.093,2.57209135251323,0.0,32.093,4.13311350859788
942,0.0,32.093,2.57209135251323,0.0,32.093,4.13311350859788
943,0.0,32.093,2.57209135251323,0.0,32.093,4.13311350859788
944,0.0,32.093,2.57209135251323,0.0,32.093,4.13311350859788
945,0.0,32.093,2.57209135251323,0.0,32.093,4.13311350859788
946,0.0,35.189,6.04406893004115,0.0,35.189,8.29378281893004
947,0.0,35.189,6.04406893004115,0.0,35.189,8.29378281893004
948,0.0,35.189,6.04406893004115,0.0,35.189,8.29378281893004
949,0.0,35.189,6.04406893004115,0.0,35.189,8.29378281893004
950,0.0,35.189,6.04406893004115,0.0,35.189,8.29378281893004
951,0.0,35.189,6.04406893004115,0.0,35.189,8.29378281893004
952,0.0,35.189,6.04406893004115,0.0,35.189,8.29378281893004
953,0.0,35.189,6.04406893004115,0.0,35.189,8.29378281893004
954,0.0,35.189,6.04406893004115,0.0,35.189,8.29378281893004
955,0.0,35.189,6.04406893004115,0.0,35.189,8.29378281893004
956,0.0,35.189,6.04406893004115,0.0,35.189,8.29378281893004
957,0.0,35.189,6.04406893004115,0.0,35.189,8.29378281893004
958,0.0,35.189,6.04406893004115,0.0,35.189,8.29378281893004
959,0.0,35.189,6.04406893004115,0.0,35.189,8.29378281893004
960,0.0,35.189,6.04406893004115,0.0,35.189,8.29378281893004
961,0.0,33.343,4.72220145379024,0.0,33.343,7.96327362409138
962,0.0,45.706,7.19412416514876,0.0,45.706,9.70248482088646
963,0.0,45.706,7.19412416514876,0.0,45.706,9.70248482088646
964,0.0,45.706,7.19412416514876,0.0,45.706,9.70248482088646
965,0.0,45.706,7.19412416514876,0.0,45.706,9.70248482088646
966,0.0,45.706,7.19412416514876,0.0,45.706,9.70248482088646
967,0.0,45.706,7.19412416514876,0.0,45.706,9.70248482088646
968,0.0,45.706,7.19412416514876,0.0,45.706,9.70248482088646
969,0.0,41.485,6.3323387866394,0.0,41.485,8.56023142467621
970,0.0,41.485,6.3323387866394,0.0,41.485,8.56023142467621
971,0.0,31.874,5.06564403292181,0.0,31.874,7.75129423868313
972,0.0,31.874,5.06564403292181,0.0,31.874,7.75129423868313
973,0.0,31.874,5.06564403292181,0.0,31.874,7.75129423868313
974,0.0,31.874,5.06564403292181,0.0,31.874,7.75129423868313
975,0.0,31.874,5.06564403292181,0.0,31.874,7.75129423868313
976,0.0,31.874,5.06564403292181,0.0,31.874,7.75129423868313
977,0.0,31.874,5.06564403292181,0.0,31.874,7.75129423868313
978,0.0,31.874,5.06564403292181,0.0,31.874,7.75129423868313
979,0.0,31.874,5.06564403292181,0.0,31.874,7.75129423868313
980,0.0,33.055,5.76272762345679,0.0,33.055,9.39881790123457
981,0.0,33.055,5.76272762345679,0.0,33.055,9.39881790123457
982,0.0,33.055,5.76272762345679,0.0,33.055,9.39881790123457
983,0.0,33.055,5.76272762345679,0.0,33.055,9.39881790123457
984,0.0,33.055,5.76272762345679,0.0,33.055,9.39881790123457
985,0.0,32.301,0.145808488612836,0.0,32.301,0.407702150908673
986,0.0,32.301,0.145808488612836,0.0,32.301,0.407702150908673
987,0.0,32.301,0.145808488612836,0.0,32.301,0.407702150908673
988,0.0,32.301,0.145808488612836,0.0,32.301,0.407702150908673
989,0.0,32.301,0.145808488612836,0.0,32.301,0.407702150908673
990,0.0,32.301,0.145808488612836,0.0,32.301,0.407702150908673
991,0.0,32.301,0.145808488612836,0.0,32.301,0.407702150908673
992,0.0,32.301,0.145808488612836,0.0,32.301,0.407702150908673
993,0.0,32.301,0.145808488612836,0.0,32.301,0.407702150908673
994,0.0,32.301,0.145808488612836,0.0,32.301,0.407702150908673
995,0.0,32.301,0.145808488612836,0.0,32.301,0.407702150908673
996,0.0,32.301,0.145808488612836,0.0,32.301,0.407702150908673
997,0.0,27.836,3.30978703703704,0.0,27.836,3.76649074074074
998,0.0,32.093,2.57209135251323,0.0,32.093,4.13311350859788
999,0.0,32.093,2.57209135251323,0.0,32.093,4.13311350859788
1000,0.0,32.093,2.57209135251323,0.0,32.093,4.13311350859788
1001,0.0,32.093,2.57209135251323,0.0,32.093,4.13311350859788
1002,0.0,32.093,2.57209135251323,0.0,32.093,4.13311350859788
1003,0.0,32.093,2.57209135251323,0.0,32.093,4.13311350859788
1004,0.0,32.093,2.57209135251323,0.0,32.093,4.13311350859788
1005,0.0,32.093,2.57209135251323,0.0,32.093,4.13311350859788
1006,0.0,35.189,6.04406893004115,0.0,35.189,8.29378281893004
1007,0.0,35.189,6.04406893004115,0.0,35.189,8.29378281893004
1008,0.0,35.189,6.04406893004115,0.0,35.189,8.29378281893004
1009,0.0,35.189,6.04406893004115,0.0,35.189,8.29378281893004
1010,0.0,35.189,6.04406893004115,0.0,35.189,8.29378281893004
1011,0.0,35.189,6.04406893004115,0.0,35.189,8.29378281893004
1012,0.0,35.189,6.04406893004115,0.0,35.189,8.29378281893004
1013,0.0,35.189,6.04406893004115,0.0,35.189,8.29378281893004
1014,0.0,35.189,6.04406893004115,0.0,35.189,8.29378281893004
1015,0.0,35.189,6.04406893004115,0.0,35.189,8.29378281893004
1016,0.0,35.189,6.04406893004115,0.0,35.189,8.29378281893004
1017,0.0,35.189,6.04406893004115,0.0,35.189,8.29378281893004
1018,0.0,35.189,6.04406893004115,0.0,35.189,8.29378281893004
1019,0.0,35.189,6.04406893004115,0.0,35.189,8.29378281893004
1020,0.0,35.189,6.04406893004115,0.0,35.189,8.29378281893004
1021,0.0,33.343,4.72220145379024,0.0,33.343,7.96327362409138
1022,0.0,45.706,7.19412416514876,0.0,45.706,9.70248482088646
1023,0.0,45.706,7.19412416514876,0.0,45.706,9.70248482088646
1024,0.0,45.706,7.19412416514876,0.0,45.706,9.70248482088646
1025,0.0,45.706,7.19412416514876,0.0,45.706,9.70248482088646
1026,0.0,45.706,7.19412416514876,0.0,45.706,9.70248482088646
1027,0.0,45.706,7.19412416514876,0.0,45.706,9.70248482088646
1028,0.0,45.706,7.19412416514876,0.0,45.706,9.70248482088646
1029,0.0,41.485,6.3323387866394,0.0,41.485,8.56023142467621
1030,0.0,41.485,6.3323387866394,0.0,41.485,8.56023142467621
1031,0.0,31.874,5.06564403292181,0.0,31.874,7.75129423868313
1032,0.0,31.874,5.06564403292181,0.0,31.874,7.75129423868313
1033,0.0,31.874,5.06564403292181,0.0,31.874,7.75129423868313
1034,0.0,31.874,5.06564403292181,0.0,31.874,7.75129423868313
1035,0.0,31.874,5.06564403292181,0.0,31.874,7.75129423868313
1036,0.0,31.874,5.06564403292181,0.0,31.874,7.75129423868313
1037,0.0,31.874,5.06564403292181,0.0,31.874,7.75129423868313
1038,0.0,31.874,5.06564403292181,0.0,31.874,7.75129423868313
1039,0.0,31.874,5.06564403292181,0.0,31.874,7.75129423868313
1040,0.0,33.055,5.76272762345679,0.0,33.055,9.39881790123457
1041,0.0,33.055,5.76272762345679,0.0,33.055,9.39881790123457
1042,0.0,29.111,5.21461538461538,0.0,31.662,9.11864957264957
1043,0.0,33.055,5.76272762345679,0.0,33.055,9.39881790123457
1044,0.0,29.111,5.21461538461538,0.0,31.662,9.11864957264957
1045,0.0,32.301,0.145808488612836,0.0,32.301,0.407702150908673
1046,0.0,32.301,0.145808488612836,0.0,32.301,0.407702150908673
1047,0.0,32.301,0.145808488612836,0.0,32.301,0.407702150908673
1048,0.0,32.301,0.145808488612836,0.0,32.301,0.407702150908673
1049,0.0,32.301,0.145808488612836,0.0,32.301,0.407702150908673
1050,0.0,32.301,0.145808488612836,0.0,32.301,0.407702150908673
1051,0.0,32.301,0.145808488612836,0.0,32.301,0.407702150908673
1052,0.0,32.301,0.145808488612836,0.0,32.301,0.407702150908673
1053,0.0,32.093,2.57209135251323,0.0,32.093,4.13311350859788
1054,0.0,32.093,2.57209135251323,0.0,32.093,4.13311350859788
1055,0.0,32.292,1.34297037037037,0.0,32.292,1.63013333333333
1056,0.0,32.093,2.57209135251323,0.0,32.093,4.13311350859788
1057,0.0,32.093,2.57209135251323,0.0,32.093,4.13311350859788
1058,0.0,32.093,2.57209135251323,0.0,32.093,4.13311350859788
1059,0.0,32.093,2.57209135251323,0.0,32.093,4.13311350859788
1060,0.0,32.093,2.57209135251323,0.0,32.093,4.13311350859788
1061,0.0,32.093,2.57209135251323,0.0,32.093,4.13311350859788
1062,0.0,35.189,6.04406893004115,0.0,35.189,8.29378281893004
1063,0.0,35.189,6.04406893004115,0.0,35.189,8.29378281893004
1064,0.0,35.189,6.04406893004115,0.0,35.189,8.29378281893004
1065,0.0,35.189,6.04406893004115,0.0,35.189,8.29378281893004
1066,0.0,35.189,6.04406893004115,0.0,35.189,8.29378281893004
1067,0.0,35.189,6.04406893004115,0.0,35.189,8.29378281893004
1068,0.0,35.189,6.04406893004115,0.0,35.189,8.29378281893004
1069,0.0,35.189,6.04406893004115,0.0,35.189,8.29378281893004
1070,0.0,35.189,6.04406893004115,0.0,35.189,8.29378281893004
1071,0.0,35.189,6.04406893004115,0.0,35.189,8.29378281893004
1072,0.0,35.189,6.04406893004115,0.0,35.189,8.29378281893004
1073,0.0,35.189,6.04406893004115,0.0,35.189,8.29378281893004
1074,0.0,35.189,6.04406893004115,0.0,35.189,8.29378281893004
1075,0.0,35.189,6.04406893004115,0.0,35.189,8.29378281893004
1076,0.0,35.189,6.04406893004115,0.0,35.189,8.29378281893004
1077,0.0,45.706,7.19412416514876,0.0,45.706,9.70248482088646
1078,0.0,45.706,7.19412416514876,0.0,45.706,9.70248482088646
1079,0.0,45.706,7.19412416514876,0.0,45.706,9.70248482088646
1080,0.0,45.706,7.19412416514876,0.0,45.706,9.70248482088646
1081,0.0,45.706,7.19412416514876,0.0,45.706,9.70248482088646
1082,0.0,52.424,7.53153813095796,0.0,52.424,9.26440920456321
1083,0.0,45.706,7.19412416514876,0.0,45.706,9.70248482088646
1084,0.0,45.706,7.19412416514876,0.0,45.706,9.70248482088646
1085,0.0,41.485,6.3323387866394,0.0,41.485,8.56023142467621
1086,0.0,41.485,6.3323387866394,0.0,41.485,8.56023142467621
1087,0.0,41.485,6.3323387866394,0.0,41.485,8.56023142467621
1088,0.0,41.485,6.3323387866394,0.0,41.485,8.56023142467621
1089,0.0,31.874,5.06564403292181,0.0,31.874,7.75129423868313
1090,0.0,31.874,5.06564403292181,0.0,31.874,7.75129423868313
1091,0.0,31.874,5.06564403292181,0.0,31.874,7.75129423868313
1092,0.0,31.874,5.06564403292181,0.0,31.874,7.75129423868313
1093,0.0,31.874,5.06564403292181,0.0,31.874,7.75129423868313
1094,0.0,29.111,5.21461538461538,0.0,31.662,9.11864957264957
1095,0.0,29.111,5.21461538461538,0.0,31.662,9.11864957264957
1096,0.0,29.111,5.21461538461538,0.0,31.662,9.11864957264957
1097,0.0,33.055,5.76272762345679,0.0,33.055,9.39881790123457
1098,0.0,29.111,5.21461538461538,0.0,31.662,9.11864957264957
1099,0.0,29.111,5.21461538461538,0.0,31.662,9.11864957264957
1100,0.0,33.527,7.97470473251029,0.0,33.527,11.1952818930041
1101,0.0,33.527,7.97470473251029,0.0,33.527,11.1952818930041
1102,0.0,32.301,0.145808488612836,0.0,32.301,0.407702150908673
1103,0.0,32.301,0.145808488612836,0.0,32.301,0.407702150908673
1104,0.0,32.301,0.145808488612836,0.0,32.301,0.407702150908673
1105,0.0,32.301,0.145808488612836,0.0,32.301,0.407702150908673
1106,0.0,32.301,0.145808488612836,0.0,32.301,0.407702150908673
1107,0.0,32.301,0.145808488612836,0.0,32.301,0.407702150908673
1108,0.0,32.301,0.145808488612836,0.0,32.301,0.407702150908673
1109,0.0,32.301,0.145808488612836,0.0,32.301,0.407702150908673
1110,0.0,32.093,2.57209135251323,0.0,32.093,4.13311350859788
1111,0.0,32.292,1.34297037037037,0.0,32.292,1.63013333333333
1112,0.0,32.292,1.34297037037037,0.0,32.292,1.63013333333333
1113,0.0,32.093,2.57209135251323,0.0,32.093,4.13311350859788
1114,0.0,32.093,2.57209135251323,0.0,32.093,4.13311350859788
1115,0.0,32.093,2.57209135251323,0.0,32.093,4.13311350859788
1116,0.0,32.093,2.57209135251323,0.0,32.093,4.13311350859788
1117,0.0,32.093,2.57209135251323,0.0,32.093,4.13311350859788
1118,0.0,32.093,2.57209135251323,0.0,32.093,4.13311350859788
1119,0.0,32.093,2.57209135251323,0.0,32.093,4.13311350859788
1120,0.0,35.189,6.04406893004115,0.0,35.189,8.29378281893004
1121,0.0,35.189,6.04406893004115,0.0,35.189,8.29378281893004
1122,0.0,35.189,6.04406893004115,0.0,35.189,8.29378281893004
1123,0.0,35.189,6.04406893004115,0.0,35.189,8.29378281893004
1124,0.0,35.189,6.04406893004115,0.0,35.189,8.29378281893004
1125,0.0,35.189,6.04406893004115,0.0,35.189,8.29378281893004
1126,0.0,35.189,6.04406893004115,0.0,35.189,8.29378281893004
1127,0.0,35.189,6.04406893004115,0.0,35.189,8.29378281893004
1128,0.0,52.424,7.53153813095796,0.0,52.424,9.26440920456321
1129,0.0,52.424,7.53153813095796,0.0,52.424,9.26440920456321
1130,0.0,52.424,7.53153813095796,0.0,52.424,9.26440920456321
1131,0.0,35.189,6.04406893004115,0.0,35.189,8.29378281893004
1132,0.0,35.189,6.04406893004115,0.0,35.189,8.29378281893004
1133,0.0,35.189,6.04406893004115,0.0,35.189,8.29378281893004
1134,0.0,35.189,6.04406893004115,0.0,35.189,8.29378281893004
1135,0.0,45.706,7.19412416514876,0.0,45.706,9.70248482088646
1136,0.0,45.706,7.19412416514876,0.0,45.706,9.70248482088646
1137,0.0,45.706,7.19412416514876,0.0,45.706,9.70248482088646
1138,0.0,52.424,7.53153813095796,0.0,52.424,9.26440920456321
1139,0.0,52.424,7.53153813095796,0.0,52.424,9.26440920456321
1140,0.0,52.424,7.53153813095796,0.0,52.424,9.26440920456321
1141,0.0,52.424,7.53153813095796,0.0,52.424,9.26440920456321
1142,0.0,41.485,6.3323387866394,0.0,41.485,8.56023142467621
1143,0.0,41.485,6.3323387866394,0.0,41.485,8.56023142467621
1144,0.0,41.485,6.3323387866394,0.0,41.485,8.56023142467621
1145,0.0,41.485,6.3323387866394,0.0,41.485,8.56023142467621
1146,0.0,41.485,6.3323387866394,0.0,41.485,8.56023142467621
1147,0.0,41.485,6.3323387866394,0.0,41.485,8.56023142467621
1148,0.0,31.874,5.06564403292181,0.0,31.874,7.75129423868313
1149,0.0,31.874,5.06564403292181,0.0,31.874,7.75129423868313
1150,0.0,29.111,5.21461538461538,0.0,31.662,9.11864957264957
1151,0.0,33.527,7.97470473251029,0.0,33.527,11.1952818930041
1152,0.0,29.111,5.21461538461538,0.0,31.662,9.11864957264957
1153,0.0,29.111,5.21461538461538,0.0,31.662,9.11864957264957
1154,0.0,29.111,5.21461538461538,0.0,31.662,9.11864957264957
1155,0.0,33.527,7.97470473251029,0.0,33.527,11.1952818930041
1156,0.0,33.527,7.97470473251029,0.0,33.527,11.1952818930041
1157,0.0,33.527,7.97470473251029,0.0,33.527,11.1952818930041
1158,0.0,33.527,7.97470473251029,0.0,33.527,11.1952818930041
1159,,,,,,
1160,0.0,32.301,0.145808488612836,0.0,32.301,0.407702150908673
1161,0.0,32.301,0.145808488612836,0.0,32.301,0.407702150908673
1162,0.0,32.301,0.145808488612836,0.0,32.301,0.407702150908673
1163,0.0,32.301,0.145808488612836,0.0,32.301,0.407702150908673
1164,0.0,32.301,0.145808488612836,0.0,32.301,0.407702150908673
1165,0.0,32.292,1.34297037037037,0.0,32.292,1.63013333333333
1166,0.0,32.301,0.145808488612836,0.0,32.301,0.407702150908673
1167,0.0,32.093,2.57209135251323,0.0,32.093,4.13311350859788
1168,0.0,32.093,2.57209135251323,0.0,32.093,4.13311350859788
1169,0.0,32.093,2.57209135251323,0.0,32.093,4.13311350859788
1170,0.0,32.292,1.34297037037037,0.0,32.292,1.63013333333333
1171,0.0,32.093,2.57209135251323,0.0,32.093,4.13311350859788
1172,0.0,32.093,2.57209135251323,0.0,32.093,4.13311350859788
1173,0.0,32.093,2.57209135251323,0.0,32.093,4.13311350859788
1174,0.0,32.093,2.57209135251323,0.0,32.093,4.13311350859788
1175,0.0,32.093,2.57209135251323,0.0,32.093,4.13311350859788
1176,0.0,32.093,2.57209135251323,0.0,32.093,4.13311350859788
1177,0.0,35.189,6.04406893004115,0.0,35.189,8.29378281893004
1178,0.0,35.189,6.04406893004115,0.0,35.189,8.29378281893004
1179,0.0,35.189,6.04406893004115,0.0,35.189,8.29378281893004
1180,0.0,35.189,6.04406893004115,0.0,35.189,8.29378281893004
1181,0.0,35.189,6.04406893004115,0.0,35.189,8.29378281893004
1182,0.0,35.189,6.04406893004115,0.0,35.189,8.29378281893004
1183,0.0,35.189,6.04406893004115,0.0,35.189,8.29378281893004
1184,0.0,37.282,4.737788647343,0.0,37.282,6.48561594202899
1185,0.0,52.424,7.53153813095796,0.0,52.424,9.26440920456321
1186,0.0,52.424,7.53153813095796,0.0,52.424,9.26440920456321
1187,0.0,52.424,7.53153813095796,0.0,52.424,9.26440920456321
1188,0.0,35.189,6.04406893004115,0.0,35.189,8.29378281893004
1189,0.0,35.189,6.04406893004115,0.0,35.189,8.29378281893004
1190,0.0,35.189,6.04406893004115,0.0,35.189,8.29378281893004
1191,0.0,52.424,7.53153813095796,0.0,52.424,9.26440920456321
1192,0.0,52.424,7.53153813095796,0.0,52.424,9.26440920456321
1193,0.0,45.706,7.19412416514876,0.0,45.706,9.70248482088646
1194,0.0,45.706,7.19412416514876,0.0,45.706,9.70248482088646
1195,0.0,52.424,7.53153813095796,0.0,52.424,9.26440920456321
1196,0.0,52.424,7.53153813095796,0.0,52.424,9.26440920456321
1197,0.0,52.424,7.53153813095796,0.0,52.424,9.26440920456321
1198,0.0,52.424,7.53153813095796,0.0,52.424,9.26440920456321
1199,0.0,41.485,6.3323387866394,0.0,41.485,8.56023142467621
1200,0.0,41.485,6.3323387866394,0.0,41.485,8.56023142467621
1201,0.0,41.485,6.3323387866394,0.0,41.485,8.56023142467621
1202,0.0,41.485,6.3323387866394,0.0,41.485,8.56023142467621
1203,0.0,41.485,6.3323387866394,0.0,41.485,8.56023142467621
1204,0.0,41.485,6.3323387866394,0.0,41.485,8.56023142467621
1205,0.0,31.874,5.06564403292181,0.0,31.874,7.75129423868313
1206,0.0,25.426,7.03252279202279,0.0,25.426,9.74356125356125
1207,0.0,25.426,7.03252279202279,0.0,25.426,9.74356125356125
1208,0.0,33.527,7.97470473251029,0.0,33.527,11.1952818930041
1209,0.0,29.111,5.21461538461538,0.0,31.662,9.11864957264957
1210,0.0,33.527,7.97470473251029,0.0,33.527,11.1952818930041
1211,0.0,33.527,7.97470473251029,0.0,33.527,11.1952818930041
1212,0.0,33.527,7.97470473251029,0.0,33.527,11.1952818930041
1213,0.0,33.527,7.97470473251029,0.0,33.527,11.1952818930041
1214,0.0,33.527,7.97470473251029,0.0,33.527,11.1952818930041
1215,0.0,39.008,10.9735185185185,0.0,39.008,12.9590377492877
1216,0.0,39.008,10.9735185185185,0.0,39.008,12.9590377492877
1217,0.0,32.301,0.145808488612836,0.0,32.301,0.407702150908673
1218,0.0,32.301,0.145808488612836,0.0,32.301,0.407702150908673
1219,0.0,32.301,0.145808488612836,0.0,32.301,0.407702150908673
1220,0.0,32.301,0.145808488612836,0.0,32.301,0.407702150908673
1221,0.0,32.301,0.145808488612836,0.0,32.301,0.407702150908673
1222,0.0,32.301,0.145808488612836,0.0,32.301,0.407702150908673
1223,0.0,32.301,0.145808488612836,0.0,32.301,0.407702150908673
1224,0.0,32.301,0.145808488612836,0.0,32.301,0.407702150908673
1225,0.0,32.301,0.145808488612836,0.0,32.301,0.407702150908673
1226,0.0,32.093,2.57209135251323,0.0,32.093,4.13311350859788
1227,0.0,32.093,2.57209135251323,0.0,32.093,4.13311350859788
1228,0.0,32.292,1.34297037037037,0.0,32.292,1.63013333333333
1229,0.0,32.292,1.34297037037037,0.0,32.292,1.63013333333333
1230,0.0,32.093,2.57209135251323,0.0,32.093,4.13311350859788
1231,0.0,32.093,2.57209135251323,0.0,32.093,4.13311350859788
1232,0.0,32.093,2.57209135251323,0.0,32.093,4.13311350859788
1233,0.0,32.093,2.57209135251323,0.0,32.093,4.13311350859788
1234,0.0,32.093,2.57209135251323,0.0,32.093,4.13311350859788
1235,0.0,32.093,2.57209135251323,0.0,32.093,4.13311350859788
1236,0.0,32.093,2.57209135251323,0.0,32.093,4.13311350859788
1237,0.0,37.282,4.737788647343,0.0,37.282,6.48561594202899
1238,0.0,37.282,4.737788647343,0.0,37.282,6.48561594202899
1239,0.0,37.282,4.737788647343,0.0,37.282,6.48561594202899
1240,0.0,37.282,4.737788647343,0.0,37.282,6.48561594202899
1241,0.0,37.282,4.737788647343,0.0,37.282,6.48561594202899
1242,0.0,35.189,6.04406893004115,0.0,35.189,8.29378281893004
1243,0.0,37.282,4.737788647343,0.0,37.282,6.48561594202899
1244,0.0,37.282,4.737788647343,0.0,37.282,6.48561594202899
1245,0.0,52.424,7.53153813095796,0.0,52.424,9.26440920456321
1246,0.0,52.424,7.53153813095796,0.0,52.424,9.26440920456321
1247,0.0,52.424,7.53153813095796,0.0,52.424,9.26440920456321
1248,0.0,35.189,6.04406893004115,0.0,35.189,8.29378281893004
1249,0.0,52.424,7.53153813095796,0.0,52.424,9.26440920456321
1250,0.0,52.424,7.53153813095796,0.0,52.424,9.26440920456321
1251,0.0,52.424,7.53153813095796,0.0,52.424,9.26440920456321
1252,0.0,52.424,7.53153813095796,0.0,52.424,9.26440920456321
1253,0.0,52.424,7.53153813095796,0.0,52.424,9.26440920456321
1254,0.0,52.424,7.53153813095796,0.0,52.424,9.26440920456321
1255,0.0,52.424,7.53153813095796,0.0,52.424,9.26440920456321
1256,0.0,52.424,7.53153813095796,0.0,52.424,9.26440920456321
1257,0.0,52.424,7.53153813095796,0.0,52.424,9.26440920456321
1258,0.0,52.424,7.53153813095796,0.0,52.424,9.26440920456321
1259,0.0,52.424,7.53153813095796,0.0,52.424,9.26440920456321
1260,0.0,41.485,6.3323387866394,0.0,41.485,8.56023142467621
1261,0.0,41.485,6.3323387866394,0.0,41.485,8.56023142467621
1262,0.0,41.485,6.3323387866394,0.0,41.485,8.56023142467621
1263,0.0,41.485,6.3323387866394,0.0,41.485,8.56023142467621
1264,0.0,25.426,7.03252279202279,0.0,25.426,9.74356125356125
1265,0.0,25.426,7.03252279202279,0.0,25.426,9.74356125356125
1266,0.0,25.426,7.03252279202279,0.0,25.426,9.74356125356125
1267,0.0,25.426,7.03252279202279,0.0,25.426,9.74356125356125
1268,0.0,33.527,7.97470473251029,0.0,33.527,11.1952818930041
1269,0.0,33.527,7.97470473251029,0.0,33.527,11.1952818930041
1270,0.0,33.527,7.97470473251029,0.0,33.527,11.1952818930041
1271,0.0,33.527,7.97470473251029,0.0,33.527,11.1952818930041
1272,0.0,33.527,7.97470473251029,0.0,33.527,11.1952818930041
1273,0.0,39.008,10.9735185185185,0.0,39.008,12.9590377492877
1274,0.0,39.008,10.9735185185185,0.0,39.008,12.9590377492877
1275,0.0,32.301,0.145808488612836,0.0,32.301,0.407702150908673
1276,0.0,32.301,0.145808488612836,0.0,32.301,0.407702150908673
1277,0.0,32.301,0.145808488612836,0.0,32.301,0.407702150908673
1278,0.0,32.301,0.145808488612836,0.0,32.301,0.407702150908673
1279,0.0,32.301,0.145808488612836,0.0,32.301,0.407702150908673
1280,0.0,32.301,0.145808488612836,0.0,32.301,0.407702150908673
1281,0.0,32.301,0.145808488612836,0.0,32.301,0.407702150908673
1282,0.0,32.301,0.145808488612836,0.0,32.301,0.407702150908673
1283,0.0,32.093,2.57209135251323,0.0,32.093,4.13311350859788
1284,0.0,32.093,2.57209135251323,0.0,32.093,4.13311350859788
1285,0.0,32.292,1.34297037037037,0.0,32.292,1.63013333333333
1286,0.0,32.292,1.34297037037037,0.0,32.292,1.63013333333333
1287,0.0,32.292,1.34297037037037,0.0,32.292,1.63013333333333
1288,0.0,32.093,2.57209135251323,0.0,32.093,4.13311350859788
1289,0.0,32.093,2.57209135251323,0.0,32.093,4.13311350859788
1290,0.0,32.093,2.57209135251323,0.0,32.093,4.13311350859788
1291,0.0,32.093,2.57209135251323,0.0,32.093,4.13311350859788
1292,0.0,32.093,2.57209135251323,0.0,32.093,4.13311350859788
1293,0.0,32.093,2.57209135251323,0.0,32.093,4.13311350859788
1294,0.0,32.093,2.57209135251323,0.0,32.093,4.13311350859788
1295,0.0,37.282,4.737788647343,0.0,37.282,6.48561594202899
1296,0.0,37.282,4.737788647343,0.0,37.282,6.48561594202899
1297,0.0,37.282,4.737788647343,0.0,37.282,6.48561594202899
1298,0.0,37.282,4.737788647343,0.0,37.282,6.48561594202899
1299,0.0,37.282,4.737788647343,0.0,37.282,6.48561594202899
1300,0.0,35.189,6.04406893004115,0.0,35.189,8.29378281893004
1301,0.0,43.215,17.5528987654321,0.0,43.215,19.0513283950617
1302,0.0,37.282,4.737788647343,0.0,37.282,6.48561594202899
1303,0.0,52.424,7.53153813095796,0.0,52.424,9.26440920456321
1304,0.0,52.424,7.53153813095796,0.0,52.424,9.26440920456321
1305,0.0,52.424,7.53153813095796,0.0,52.424,9.26440920456321
1306,0.0,52.424,7.53153813095796,0.0,52.424,9.26440920456321
1307,0.0,52.424,7.53153813095796,0.0,52.424,9.26440920456321
1308,0.0,52.424,7.53153813095796,0.0,52.424,9.26440920456321
1309,0.0,52.424,7.53153813095796,0.0,52.424,9.26440920456321
1310,0.0,52.424,7.53153813095796,0.0,52.424,9.26440920456321
1311,0.0,49.813,10.1643148148148,0.0,49.813,10.1643148148148
1312,0.0,52.424,7.53153813095796,0.0,52.424,9.26440920456321
1313,0.0,52.424,7.53153813095796,0.0,52.424,9.26440920456321
1314,0.0,52.424,7.53153813095796,0.0,52.424,9.26440920456321
1315,0.0,52.424,7.53153813095796,0.0,52.424,9.26440920456321
1316,0.0,52.424,7.53153813095796,0.0,52.424,9.26440920456321
1317,0.0,52.424,7.53153813095796,0.0,52.424,9.26440920456321
1318,0.0,41.485,6.3323387866394,0.0,41.485,8.56023142467621
1319,0.0,41.485,6.3323387866394,0.0,41.485,8.56023142467621
1320,0.0,41.485,6.3323387866394,0.0,41.485,8.56023142467621
1321,0.0,41.485,6.3323387866394,0.0,41.485,8.56023142467621
1322,0.0,41.485,6.3323387866394,0.0,41.485,8.56023142467621
1323,0.0,25.426,7.03252279202279,0.0,25.426,9.74356125356125
1324,0.0,25.426,7.03252279202279,0.0,25.426,9.74356125356125
1325,0.0,25.426,7.03252279202279,0.0,25.426,9.74356125356125
1326,0.0,25.426,7.03252279202279,0.0,25.426,9.74356125356125
1327,0.0,33.527,7.97470473251029,0.0,33.527,11.1952818930041
1328,0.0,33.527,7.97470473251029,0.0,33.527,11.1952818930041
1329,0.0,39.008,10.9735185185185,0.0,39.008,12.9590377492877
1330,0.0,39.008,10.9735185185185,0.0,39.008,12.9590377492877
1331,0.0,39.008,10.9735185185185,0.0,39.008,12.9590377492877
1332,0.0,39.008,10.9735185185185,0.0,39.008,12.9590377492877
1333,0.0,39.008,10.9735185185185,0.0,39.008,12.9590377492877
1334,0.0,32.301,0.145808488612836,0.0,32.301,0.407702150908673
1335,0.0,32.301,0.145808488612836,0.0,32.301,0.407702150908673
1336,0.0,32.301,0.145808488612836,0.0,32.301,0.407702150908673
1337,0.0,32.301,0.145808488612836,0.0,32.301,0.407702150908673
1338,0.0,32.301,0.145808488612836,0.0,32.301,0.407702150908673
1339,0.0,32.301,0.145808488612836,0.0,32.301,0.407702150908673
1340,0.0,32.301,0.145808488612836,0.0,32.301,0.407702150908673
1341,0.0,32.093,2.57209135251323,0.0,32.093,4.13311350859788
1342,0.0,32.093,2.57209135251323,0.0,32.093,4.13311350859788
1343,0.0,32.093,2.57209135251323,0.0,32.093,4.13311350859788
1344,0.0,32.093,2.57209135251323,0.0,32.093,4.13311350859788
1345,0.0,32.093,2.57209135251323,0.0,32.093,4.13311350859788
1346,0.0,32.093,2.57209135251323,0.0,32.093,4.13311350859788
1347,0.0,32.093,2.57209135251323,0.0,32.093,4.13311350859788
1348,0.0,32.093,2.57209135251323,0.0,32.093,4.13311350859788
1349,0.0,32.093,2.57209135251323,0.0,32.093,4.13311350859788
1350,0.0,32.093,2.57209135251323,0.0,32.093,4.13311350859788
1351,0.0,32.093,2.57209135251323,0.0,32.093,4.13311350859788
1352,0.0,37.282,4.737788647343,0.0,37.282,6.48561594202899
1353,0.0,37.282,4.737788647343,0.0,37.282,6.48561594202899
1354,0.0,37.282,4.737788647343,0.0,37.282,6.48561594202899
1355,0.0,37.282,4.737788647343,0.0,37.282,6.48561594202899
1356,0.0,37.282,4.737788647343,0.0,37.282,6.48561594202899
1357,0.0,37.282,4.737788647343,0.0,37.282,6.48561594202899
1358,0.0,37.282,4.737788647343,0.0,37.282,6.48561594202899
1359,0.0,43.215,17.5528987654321,0.0,43.215,19.0513283950617
1360,0.0,37.282,4.737788647343,0.0,37.282,6.48561594202899
1361,0.0,52.424,7.53153813095796,0.0,52.424,9.26440920456321
1362,0.0,52.424,7.53153813095796,0.0,52.424,9.26440920456321
1363,0.0,52.424,7.53153813095796,0.0,52.424,9.26440920456321
1364,0.0,52.424,7.53153813095796,0.0,52.424,9.26440920456321
1365,0.0,52.424,7.53153813095796,0.0,52.424,9.26440920456321
1366,0.0,52.424,7.53153813095796,0.0,52.424,9.26440920456321
1367,0.0,52.424,7.53153813095796,0.0,52.424,9.26440920456321
1368,0.0,52.424,7.53153813095796,0.0,52.424,9.26440920456321
1369,0.0,52.424,7.53153813095796,0.0,52.424,9.26440920456321
1370,0.0,52.424,7.53153813095796,0.0,52.424,9.26440920456321
1371,0.0,52.424,7.53153813095796,0.0,52.424,9.26440920456321
1372,0.0,52.424,7.53153813095796,0.0,52.424,9.26440920456321
1373,0.0,52.424,7.53153813095796,0.0,52.424,9.26440920456321
1374,0.0,52.424,7.53153813095796,0.0,52.424,9.26440920456321
1375,0.0,52.424,7.53153813095796,0.0,52.424,9.26440920456321
1376,0.0,41.485,6.3323387866394,0.0,41.485,8.56023142467621
1377,0.0,41.485,6.3323387866394,0.0,41.485,8.56023142467621
1378,0.0,41.485,6.3323387866394,0.0,41.485,8.56023142467621
1379,0.0,41.485,6.3323387866394,0.0,41.485,8.56023142467621
1380,0.0,41.485,6.3323387866394,0.0,41.485,8.56023142467621
1381,0.0,41.485,6.3323387866394,0.0,41.485,8.56023142467621
1382,0.0,25.426,7.03252279202279,0.0,25.426,9.74356125356125
1383,0.0,41.485,6.3323387866394,0.0,41.485,8.56023142467621
1384,0.0,33.527,7.97470473251029,0.0,33.527,11.1952818930041
1385,0.0,33.527,7.97470473251029,0.0,33.527,11.1952818930041
1386,0.0,33.527,7.97470473251029,0.0,33.527,11.1952818930041
1387,0.0,39.008,10.9735185185185,0.0,39.008,12.9590377492877
1388,0.0,39.008,10.9735185185185,0.0,39.008,12.9590377492877
1389,0.0,39.008,10.9735185185185,0.0,39.008,12.9590377492877
1390,0.0,39.008,10.9735185185185,0.0,39.008,12.9590377492877
1391,0.0,39.008,10.9735185185185,0.0,39.008,12.9590377492877
1392,0.0,32.301,0.145808488612836,0.0,32.301,0.407702150908673
1393,0.0,32.301,0.145808488612836,0.0,32.301,0.407702150908673
1394,0.0,32.301,0.145808488612836,0.0,32.301,0.407702150908673
1395,0.0,32.301,0.145808488612836,0.0,32.301,0.407702150908673
1396,0.0,32.301,0.145808488612836,0.0,32.301,0.407702150908673
1397,0.0,32.301,0.145808488612836,0.0,32.301,0.407702150908673
1398,0.0,32.301,0.145808488612836,0.0,32.301,0.407702150908673
1399,0.0,32.093,2.57209135251323,0.0,32.093,4.13311350859788
1400,0.0,32.093,2.57209135251323,0.0,32.093,4.13311350859788
1401,0.0,32.093,2.57209135251323,0.0,32.093,4.13311350859788
1402,0.0,32.093,2.57209135251323,0.0,32.093,4.13311350859788
1403,0.0,32.093,2.57209135251323,0.0,32.093,4.13311350859788
1404,0.0,32.093,2.57209135251323,0.0,32.093,4.13311350859788
1405,0.0,32.093,2.57209135251323,0.0,32.093,4.13311350859788
1406,0.0,32.093,2.57209135251323,0.0,32.093,4.13311350859788
1407,0.0,32.093,2.57209135251323,0.0,32.093,4.13311350859788
1408,0.0,32.093,2.57209135251323,0.0,32.093,4.13311350859788
1409,0.0,32.093,2.57209135251323,0.0,32.093,4.13311350859788
1410,0.0,37.282,4.737788647343,0.0,37.282,6.48561594202899
1411,0.0,37.282,4.737788647343,0.0,37.282,6.48561594202899
1412,0.0,37.282,4.737788647343,0.0,37.282,6.48561594202899
1413,0.0,43.215,17.5528987654321,0.0,43.215,19.0513283950617
1414,0.0,37.282,4.737788647343,0.0,37.282,6.48561594202899
1415,0.0,37.282,4.737788647343,0.0,37.282,6.48561594202899
1416,0.0,37.282,4.737788647343,0.0,37.282,6.48561594202899
1417,0.0,43.215,17.5528987654321,0.0,43.215,19.0513283950617
1418,0.0,36.672,6.55457716049383,0.0,36.672,8.86031790123457
1419,0.0,52.424,7.53153813095796,0.0,52.424,9.26440920456321
1420,0.0,52.424,7.53153813095796,0.0,52.424,9.26440920456321
1421,0.0,52.424,7.53153813095796,0.0,52.424,9.26440920456321
1422,0.0,52.424,7.53153813095796,0.0,52.424,9.26440920456321
1423,0.0,52.424,7.53153813095796,0.0,52.424,9.26440920456321
1424,0.0,52.424,7.53153813095796,0.0,52.424,9.26440920456321
1425,0.0,52.424,7.53153813095796,0.0,52.424,9.26440920456321
1426,0.0,52.424,7.53153813095796,0.0,52.424,9.26440920456321
1427,0.0,52.424,7.53153813095796,0.0,52.424,9.26440920456321
1428,0.0,52.424,7.53153813095796,0.0,52.424,9.26440920456321
1429,0.0,52.424,7.53153813095796,0.0,52.424,9.26440920456321
1430,0.0,52.424,7.53153813095796,0.0,52.424,9.26440920456321
1431,0.0,52.424,7.53153813095796,0.0,52.424,9.26440920456321
1432,0.0,52.424,7.53153813095796,0.0,52.424,9.26440920456321
1433,0.0,52.424,7.53153813095796,0.0,52.424,9.26440920456321
1434,0.0,41.485,6.3323387866394,0.0,41.485,8.56023142467621
1435,0.0,41.485,6.3323387866394,0.0,41.485,8.56023142467621
1436,0.0,41.485,6.3323387866394,0.0,41.485,8.56023142467621
1437,0.0,41.485,6.3323387866394,0.0,41.485,8.56023142467621
1438,0.0,41.485,6.3323387866394,0.0,41.485,8.56023142467621
1439,0.0,41.485,6.3323387866394,0.0,41.485,8.56023142467621
1440,0.0,41.485,6.3323387866394,0.0,41.485,8.56023142467621
1441,0.0,41.485,6.3323387866394,0.0,41.485,8.56023142467621
1442,0.0,33.527,7.97470473251029,0.0,33.527,11.1952818930041
1443,0.0,39.008,10.9735185185185,0.0,39.008,12.9590377492877
1444,0.0,39.008,10.9735185185185,0.0,39.008,12.9590377492877
1445,0.0,39.008,10.9735185185185,0.0,39.008,12.9590377492877
1446,0.0,39.008,10.9735185185185,0.0,39.008,12.9590377492877
1447,0.0,39.008,10.9735185185185,0.0,39.008,12.9590377492877
1448,0.0,39.008,10.9735185185185,0.0,39.008,12.9590377492877
1449,0.0,39.008,10.9735185185185,0.0,39.008,12.9590377492877
1450,0.0,32.301,0.145808488612836,0.0,32.301,0.407702150908673
1451,0.0,32.301,0.145808488612836,0.0,32.301,0.407702150908673
1452,0.0,32.301,0.145808488612836,0.0,32.301,0.407702150908673
1453,0.0,32.301,0.145808488612836,0.0,32.301,0.407702150908673
1454,0.0,32.301,0.145808488612836,0.0,32.301,0.407702150908673
1455,0.0,32.301,0.145808488612836,0.0,32.301,0.407702150908673
1456,0.0,32.093,2.57209135251323,0.0,32.093,4.13311350859788
1457,0.0,32.093,2.57209135251323,0.0,32.093,4.13311350859788
1458,0.0,32.093,2.57209135251323,0.0,32.093,4.13311350859788
1459,0.0,32.292,1.34297037037037,0.0,32.292,1.63013333333333
1460,0.0,32.093,2.57209135251323,0.0,32.093,4.13311350859788
1461,0.0,32.093,2.57209135251323,0.0,32.093,4.13311350859788
1462,0.0,32.093,2.57209135251323,0.0,32.093,4.13311350859788
1463,0.0,32.093,2.57209135251323,0.0,32.093,4.13311350859788
1464,0.0,32.093,2.57209135251323,0.0,32.093,4.13311350859788
1465,0.0,32.093,2.57209135251323,0.0,32.093,4.13311350859788
1466,0.0,32.093,2.57209135251323,0.0,32.093,4.13311350859788
1467,0.0,32.093,2.57209135251323,0.0,32.093,4.13311350859788
1468,0.0,37.282,4.737788647343,0.0,37.282,6.48561594202899
1469,0.0,37.282,4.737788647343,0.0,37.282,6.48561594202899
1470,0.0,37.481,4.25050679793718,0.0,37.481,6.23191983122363
1471,0.0,43.215,17.5528987654321,0.0,43.215,19.0513283950617
1472,0.0,43.215,17.5528987654321,0.0,43.215,19.0513283950617
1473,0.0,37.282,4.737788647343,0.0,37.282,6.48561594202899
1474,0.0,36.672,6.55457716049383,0.0,36.672,8.86031790123457
1475,0.0,36.672,6.55457716049383,0.0,36.672,8.86031790123457
1476,0.0,52.424,7.53153813095796,0.0,52.424,9.26440920456321
1477,0.0,52.424,7.53153813095796,0.0,52.424,9.26440920456321
1478,0.0,52.424,7.53153813095796,0.0,52.424,9.26440920456321
1479,0.0,52.424,7.53153813095796,0.0,52.424,9.26440920456321
1480,0.0,52.424,7.53153813095796,0.0,52.424,9.26440920456321
1481,0.0,52.424,7.53153813095796,0.0,52.424,9.26440920456321
1482,0.0,52.424,7.53153813095796,0.0,52.424,9.26440920456321
1483,0.0,52.424,7.53153813095796,0.0,52.424,9.26440920456321
1484,0.0,52.424,7.53153813095796,0.0,52.424,9.26440920456321
1485,0.0,52.424,7.53153813095796,0.0,52.424,9.26440920456321
1486,0.0,52.424,7.53153813095796,0.0,52.424,9.26440920456321
1487,0.0,52.424,7.53153813095796,0.0,52.424,9.26440920456321
1488,0.0,52.424,7.53153813095796,0.0,52.424,9.26440920456321
1489,0.0,52.424,7.53153813095796,0.0,52.424,9.26440920456321
1490,0.0,52.424,7.53153813095796,0.0,52.424,9.26440920456321
1491,0.0,41.485,6.3323387866394,0.0,41.485,8.56023142467621
1492,0.0,41.485,6.3323387866394,0.0,41.485,8.56023142467621
1493,0.0,41.485,6.3323387866394,0.0,41.485,8.56023142467621
1494,0.0,41.485,6.3323387866394,0.0,41.485,8.56023142467621
1495,0.0,41.485,6.3323387866394,0.0,41.485,8.56023142467621
1496,0.0,41.485,6.3323387866394,0.0,41.485,8.56023142467621
1497,0.0,41.485,6.3323387866394,0.0,41.485,8.56023142467621
1498,0.0,41.485,6.3323387866394,0.0,41.485,8.56023142467621
1499,0.0,41.485,6.3323387866394,0.0,41.485,8.56023142467621
1500,0.0,39.008,10.9735185185185,0.0,39.008,12.9590377492877
1501,0.0,39.008,10.9735185185185,0.0,39.008,12.9590377492877
1502,0.0,39.008,10.9735185185185,0.0,39.008,12.9590377492877
1503,0.0,39.008,10.9735185185185,0.0,39.008,12.9590377492877
1504,0.0,39.008,10.9735185185185,0.0,39.008,12.9590377492877
1505,0.0,39.008,10.9735185185185,0.0,39.008,12.9590377492877
1506,0.0,39.008,10.9735185185185,0.0,39.008,12.9590377492877
1507,0.0,39.008,10.9735185185185,0.0,39.008,12.9590377492877
1508,0.0,32.301,0.145808488612836,0.0,32.301,0.407702150908673
1509,0.0,32.301,0.145808488612836,0.0,32.301,0.407702150908673
1510,0.0,32.301,0.145808488612836,0.0,32.301,0.407702150908673
1511,0.0,32.093,2.57209135251323,0.0,32.093,4.13311350859788
1512,0.0,32.093,2.57209135251323,0.0,32.093,4.13311350859788
1513,0.0,32.093,2.57209135251323,0.0,32.093,4.13311350859788
1514,0.0,32.093,2.57209135251323,0.0,32.093,4.13311350859788
1515,0.0,32.093,2.57209135251323,0.0,32.093,4.13311350859788
1516,0.0,32.093,2.57209135251323,0.0,32.093,4.13311350859788
1517,0.0,32.093,2.57209135251323,0.0,32.093,4.13311350859788
1518,0.0,32.093,2.57209135251323,0.0,32.093,4.13311350859788
1519,0.0,32.093,2.57209135251323,0.0,32.093,4.13311350859788
1520,0.0,51.46,0.989732668566002,0.0,51.46,1.17178141817031
1521,0.0,51.46,0.989732668566002,0.0,51.46,1.17178141817031
1522,0.0,51.46,0.989732668566002,0.0,51.46,1.17178141817031
1523,0.0,40.601,2.63444051627385,0.0,40.601,3.48424158249158
1524,0.0,40.601,2.63444051627385,0.0,40.601,3.48424158249158
1525,0.0,40.601,2.63444051627385,0.0,40.601,3.48424158249158
1526,0.0,43.215,17.5528987654321,0.0,43.215,19.0513283950617
1527,0.0,37.481,4.25050679793718,0.0,37.481,6.23191983122363
1528,0.0,37.481,4.25050679793718,0.0,37.481,6.23191983122363
1529,0.0,37.481,4.25050679793718,0.0,37.481,6.23191983122363
1530,0.0,24.44,9.36685185185185,0.0,24.44,13.3755185185185
1531,0.0,24.44,9.36685185185185,0.0,24.44,13.3755185185185
1532,0.0,36.672,6.55457716049383,0.0,36.672,8.86031790123457
1533,0.0,37.481,4.25050679793718,0.0,37.481,6.23191983122363
1534,0.0,37.481,4.25050679793718,0.0,37.481,6.23191983122363
1535,0.0,37.481,4.25050679793718,0.0,37.481,6.23191983122363
1536,0.0,52.424,7.53153813095796,0.0,52.424,9.26440920456321
1537,0.0,52.424,7.53153813095796,0.0,52.424,9.26440920456321
1538,0.0,52.424,7.53153813095796,0.0,52.424,9.26440920456321
1539,0.0,52.424,7.53153813095796,0.0,52.424,9.26440920456321
1540,0.0,52.424,7.53153813095796,0.0,52.424,9.26440920456321
1541,0.0,52.424,7.53153813095796,0.0,52.424,9.26440920456321
1542,0.0,52.424,7.53153813095796,0.0,52.424,9.26440920456321
1543,0.0,52.424,7.53153813095796,0.0,52.424,9.26440920456321
1544,0.0,52.424,7.53153813095796,0.0,52.424,9.26440920456321
1545,0.0,52.424,7.53153813095796,0.0,52.424,9.26440920456321
1546,0.0,52.424,7.53153813095796,0.0,52.424,9.26440920456321
1547,0.0,41.485,6.3323387866394,0.0,41.485,8.56023142467621
1548,0.0,41.485,6.3323387866394,0.0,41.485,8.56023142467621
1549,0.0,41.485,6.3323387866394,0.0,41.485,8.56023142467621
1550,0.0,41.485,6.3323387866394,0.0,41.485,8.56023142467621
1551,0.0,41.485,6.3323387866394,0.0,41.485,8.56023142467621
1552,0.0,41.485,6.3323387866394,0.0,41.485,8.56023142467621
1553,0.0,41.485,6.3323387866394,0.0,41.485,8.56023142467621
1554,0.0,41.485,6.3323387866394,0.0,41.485,8.56023142467621
1555,0.0,41.485,6.3323387866394,0.0,41.485,8.56023142467621
1556,0.0,39.008,10.9735185185185,0.0,39.008,12.9590377492877
1557,0.0,39.008,10.9735185185185,0.0,39.008,12.9590377492877
1558,0.0,39.008,10.9735185185185,0.0,39.008,12.9590377492877
1559,0.0,39.008,10.9735185185185,0.0,39.008,12.9590377492877
1560,0.0,39.008,10.9735185185185,0.0,39.008,12.9590377492877
1561,0.0,39.008,10.9735185185185,0.0,39.008,12.9590377492877
1562,0.0,39.008,10.9735185185185,0.0,39.008,12.9590377492877
1563,0.0,39.008,10.9735185185185,0.0,39.008,12.9590377492877
1564,0.0,29.049,15.1755185185185,0.0,29.049,16.4753518518519
1565,0.0,39.008,10.9735185185185,0.0,39.008,12.9590377492877
1566,0.0,32.301,0.145808488612836,0.0,32.301,0.407702150908673
1567,0.0,32.301,0.145808488612836,0.0,32.301,0.407702150908673
1568,0.0,32.301,0.145808488612836,0.0,32.301,0.407702150908673
1569,0.0,32.093,2.57209135251323,0.0,32.093,4.13311350859788
1570,0.0,32.093,2.57209135251323,0.0,32.093,4.13311350859788
1571,0.0,32.093,2.57209135251323,0.0,32.093,4.13311350859788
1572,0.0,32.093,2.57209135251323,0.0,32.093,4.13311350859788
1573,0.0,32.093,2.57209135251323,0.0,32.093,4.13311350859788
1574,0.0,32.093,2.57209135251323,0.0,32.093,4.13311350859788
1575,0.0,32.093,2.57209135251323,0.0,32.093,4.13311350859788
1576,0.0,32.292,1.34297037037037,0.0,32.292,1.63013333333333
1577,0.0,32.093,2.57209135251323,0.0,32.093,4.13311350859788
1578,0.0,51.46,0.989732668566002,0.0,51.46,1.17178141817031
1579,0.0,51.46,0.989732668566002,0.0,51.46,1.17178141817031
1580,0.0,51.46,0.989732668566002,0.0,51.46,1.17178141817031
1581,0.0,40.601,2.63444051627385,0.0,40.601,3.48424158249158
1582,0.0,40.601,2.63444051627385,0.0,40.601,3.48424158249158
1583,0.0,40.601,2.63444051627385,0.0,40.601,3.48424158249158
1584,0.0,43.215,17.5528987654321,0.0,43.215,19.0513283950617
1585,0.0,37.481,4.25050679793718,0.0,37.481,6.23191983122363
1586,0.0,37.481,4.25050679793718,0.0,37.481,6.23191983122363
1587,0.0,37.481,4.25050679793718,0.0,37.481,6.23191983122363
1588,0.0,23.238,8.57198148148148,0.0,23.238,12.712037037037
1589,0.0,34.412,14.5370925925926,0.0,34.412,16.9350925925926
1590,0.0,34.197,14.4695,0.0,34.197,17.0016111111111
1591,0.0,37.481,4.25050679793718,0.0,37.481,6.23191983122363
1592,0.0,37.481,4.25050679793718,0.0,37.481,6.23191983122363
1593,0.0,37.481,4.25050679793718,0.0,37.481,6.23191983122363
1594,0.0,52.424,7.53153813095796,0.0,52.424,9.26440920456321
1595,0.0,52.424,7.53153813095796,0.0,52.424,9.26440920456321
1596,0.0,52.424,7.53153813095796,0.0,52.424,9.26440920456321
1597,0.0,52.424,7.53153813095796,0.0,52.424,9.26440920456321
1598,0.0,52.424,7.53153813095796,0.0,52.424,9.26440920456321
1599,0.0,52.424,7.53153813095796,0.0,52.424,9.26440920456321
1600,0.0,52.424,7.53153813095796,0.0,52.424,9.26440920456321
1601,0.0,52.424,7.53153813095796,0.0,52.424,9.26440920456321
1602,0.0,52.424,7.53153813095796,0.0,52.424,9.26440920456321
1603,0.0,52.424,7.53153813095796,0.0,52.424,9.26440920456321
1604,0.0,41.485,6.3323387866394,0.0,41.485,8.56023142467621
1605,0.0,41.485,6.3323387866394,0.0,41.485,8.56023142467621
1606,0.0,41.485,6.3323387866394,0.0,41.485,8.56023142467621
1607,0.0,41.485,6.3323387866394,0.0,41.485,8.56023142467621
1608,0.0,41.485,6.3323387866394,0.0,41.485,8.56023142467621
1609,0.0,41.485,6.3323387866394,0.0,41.485,8.56023142467621
1610,0.0,41.485,6.3323387866394,0.0,41.485,8.56023142467621
1611,0.0,41.485,6.3323387866394,0.0,41.485,8.56023142467621
1612,0.0,41.485,6.3323387866394,0.0,41.485,8.56023142467621
1613,0.0,41.485,6.3323387866394,0.0,41.485,8.56023142467621
1614,0.0,57.603,6.99607486631016,0.0,57.603,8.54581966726084
1615,0.0,57.603,6.99607486631016,0.0,57.603,8.54581966726084
1616,0.0,39.008,10.9735185185185,0.0,39.008,12.9590377492877
1617,0.0,39.008,10.9735185185185,0.0,39.008,12.9590377492877
1618,0.0,39.008,10.9735185185185,0.0,39.008,12.9590377492877
1619,0.0,39.008,10.9735185185185,0.0,39.008,12.9590377492877
1620,0.0,39.008,10.9735185185185,0.0,39.008,12.9590377492877
1621,0.0,39.008,10.9735185185185,0.0,39.008,12.9590377492877
1622,0.0,39.008,10.9735185185185,0.0,39.008,12.9590377492877
1623,0.0,39.008,10.9735185185185,0.0,39.008,12.9590377492877
1624,0.0,37.06,15.493462962963,0.0,37.06,16.9906851851852
1625,,,,,,
1626,0.0,32.093,2.57209135251323,0.0,32.093,4.13311350859788
1627,0.0,32.093,2.57209135251323,0.0,32.093,4.13311350859788
1628,0.0,32.093,2.57209135251323,0.0,32.093,4.13311350859788
1629,0.0,32.093,2.57209135251323,0.0,32.093,4.13311350859788
1630,0.0,32.093,2.57209135251323,0.0,32.093,4.13311350859788
1631,0.0,32.093,2.57209135251323,0.0,32.093,4.13311350859788
1632,0.0,32.093,2.57209135251323,0.0,32.093,4.13311350859788
1633,0.0,32.093,2.57209135251323,0.0,32.093,4.13311350859788
1634,0.0,51.46,0.989732668566002,0.0,51.46,1.17178141817031
1635,0.0,51.46,0.989732668566002,0.0,51.46,1.17178141817031
1636,0.0,51.46,0.989732668566002,0.0,51.46,1.17178141817031
1637,0.0,40.601,2.63444051627385,0.0,40.601,3.48424158249158
1638,0.0,40.601,2.63444051627385,0.0,40.601,3.48424158249158
1639,0.0,40.601,2.63444051627385,0.0,40.601,3.48424158249158
1640,0.0,40.601,2.63444051627385,0.0,40.601,3.48424158249158
1641,0.0,43.215,17.5528987654321,0.0,43.215,19.0513283950617
1642,0.0,40.601,2.63444051627385,0.0,40.601,3.48424158249158
1643,0.0,37.481,4.25050679793718,0.0,37.481,6.23191983122363
1644,0.0,37.481,4.25050679793718,0.0,37.481,6.23191983122363
1645,0.0,37.481,4.25050679793718,0.0,37.481,6.23191983122363
1646,0.0,37.481,4.25050679793718,0.0,37.481,6.23191983122363
1647,0.0,37.481,4.25050679793718,0.0,37.481,6.23191983122363
1648,0.0,37.481,4.25050679793718,0.0,37.481,6.23191983122363
1649,0.0,37.481,4.25050679793718,0.0,37.481,6.23191983122363
1650,0.0,43.678,4.96597752808989,0.0,43.678,6.32442509363296
1651,0.0,52.424,7.53153813095796,0.0,52.424,9.26440920456321
1652,0.0,52.424,7.53153813095796,0.0,52.424,9.26440920456321
1653,0.0,52.424,7.53153813095796,0.0,52.424,9.26440920456321
1654,0.0,52.424,7.53153813095796,0.0,52.424,9.26440920456321
1655,0.0,52.424,7.53153813095796,0.0,52.424,9.26440920456321
1656,0.0,52.424,7.53153813095796,0.0,52.424,9.26440920456321
1657,0.0,52.424,7.53153813095796,0.0,52.424,9.26440920456321
1658,0.0,52.424,7.53153813095796,0.0,52.424,9.26440920456321
1659,0.0,41.485,6.3323387866394,0.0,41.485,8.56023142467621
1660,0.0,41.485,6.3323387866394,0.0,41.485,8.56023142467621
1661,0.0,41.485,6.3323387866394,0.0,41.485,8.56023142467621
1662,0.0,41.485,6.3323387866394,0.0,41.485,8.56023142467621
1663,0.0,41.485,6.3323387866394,0.0,41.485,8.56023142467621
1664,0.0,41.485,6.3323387866394,0.0,41.485,8.56023142467621
1665,0.0,41.485,6.3323387866394,0.0,41.485,8.56023142467621
1666,0.0,41.485,6.3323387866394,0.0,41.485,8.56023142467621
1667,0.0,41.485,6.3323387866394,0.0,41.485,8.56023142467621
1668,0.0,41.485,6.3323387866394,0.0,41.485,8.56023142467621
1669,0.0,41.485,6.3323387866394,0.0,41.485,8.56023142467621
1670,0.0,41.485,6.3323387866394,0.0,41.485,8.56023142467621
1671,0.0,57.603,6.99607486631016,0.0,57.603,8.54581966726084
1672,0.0,57.603,6.99607486631016,0.0,57.603,8.54581966726084
1673,0.0,57.603,6.99607486631016,0.0,57.603,8.54581966726084
1674,0.0,57.603,6.99607486631016,0.0,57.603,8.54581966726084
1675,0.0,39.008,10.9735185185185,0.0,39.008,12.9590377492877
1676,0.0,39.008,10.9735185185185,0.0,39.008,12.9590377492877
1677,0.0,39.008,10.9735185185185,0.0,39.008,12.9590377492877
1678,0.0,39.008,10.9735185185185,0.0,39.008,12.9590377492877
1679,0.0,39.008,10.9735185185185,0.0,39.008,12.9590377492877
1680,0.0,39.008,10.9735185185185,0.0,39.008,12.9590377492877
1681,0.0,39.008,10.9735185185185,0.0,39.008,12.9590377492877
1682,0.0,39.008,10.9735185185185,0.0,39.008,12.9590377492877
1683,0.0,32.093,2.57209135251323,0.0,32.093,4.13311350859788
1684,0.0,32.093,2.57209135251323,0.0,32.093,4.13311350859788
1685,0.0,32.093,2.57209135251323,0.0,32.093,4.13311350859788
1686,0.0,51.46,0.989732668566002,0.0,51.46,1.17178141817031
1687,0.0,32.093,2.57209135251323,0.0,32.093,4.13311350859788
1688,0.0,51.46,0.989732668566002,0.0,51.46,1.17178141817031
1689,0.0,51.46,0.989732668566002,0.0,51.46,1.17178141817031
1690,0.0,51.46,0.989732668566002,0.0,51.46,1.17178141817031
1691,0.0,51.46,0.989732668566002,0.0,51.46,1.17178141817031
1692,0.0,51.46,0.989732668566002,0.0,51.46,1.17178141817031
1693,0.0,51.46,0.989732668566002,0.0,51.46,1.17178141817031
1694,0.0,51.46,0.989732668566002,0.0,51.46,1.17178141817031
1695,0.0,40.601,2.63444051627385,0.0,40.601,3.48424158249158
1696,0.0,40.601,2.63444051627385,0.0,40.601,3.48424158249158
1697,0.0,40.601,2.63444051627385,0.0,40.601,3.48424158249158
1698,0.0,40.601,2.63444051627385,0.0,40.601,3.48424158249158
1699,0.0,40.601,2.63444051627385,0.0,40.601,3.48424158249158
1700,0.0,40.601,2.63444051627385,0.0,40.601,3.48424158249158
1701,0.0,37.481,4.25050679793718,0.0,37.481,6.23191983122363
1702,0.0,37.481,4.25050679793718,0.0,37.481,6.23191983122363
1703,0.0,37.481,4.25050679793718,0.0,37.481,6.23191983122363
1704,0.0,37.481,4.25050679793718,0.0,37.481,6.23191983122363
1705,0.0,37.481,4.25050679793718,0.0,37.481,6.23191983122363
1706,0.0,37.481,4.25050679793718,0.0,37.481,6.23191983122363
1707,0.0,37.481,4.25050679793718,0.0,37.481,6.23191983122363
1708,0.0,43.678,4.96597752808989,0.0,43.678,6.32442509363296
1709,0.0,43.678,4.96597752808989,0.0,43.678,6.32442509363296
1710,0.0,43.678,4.96597752808989,0.0,43.678,6.32442509363296
1711,0.0,52.424,7.53153813095796,0.0,52.424,9.26440920456321
1712,0.0,52.424,7.53153813095796,0.0,52.424,9.26440920456321
1713,0.0,52.424,7.53153813095796,0.0,52.424,9.26440920456321
1714,0.0,52.424,7.53153813095796,0.0,52.424,9.26440920456321
1715,0.0,52.424,7.53153813095796,0.0,52.424,9.26440920456321
1716,0.0,52.424,7.53153813095796,0.0,52.424,9.26440920456321
1717,0.0,41.485,6.3323387866394,0.0,41.485,8.56023142467621
1718,0.0,41.485,6.3323387866394,0.0,41.485,8.56023142467621
1719,0.0,41.485,6.3323387866394,0.0,41.485,8.56023142467621
1720,0.0,41.485,6.3323387866394,0.0,41.485,8.56023142467621
1721,0.0,41.485,6.3323387866394,0.0,41.485,8.56023142467621
1722,0.0,41.485,6.3323387866394,0.0,41.485,8.56023142467621
1723,0.0,41.485,6.3323387866394,0.0,41.485,8.56023142467621
1724,0.0,57.603,6.99607486631016,0.0,57.603,8.54581966726084
1725,0.0,57.603,6.99607486631016,0.0,57.603,8.54581966726084
1726,0.0,57.603,6.99607486631016,0.0,57.603,8.54581966726084
1727,0.0,41.485,6.3323387866394,0.0,41.485,8.56023142467621
1728,0.0,57.603,6.99607486631016,0.0,57.603,8.54581966726084
1729,0.0,57.603,6.99607486631016,0.0,57.603,8.54581966726084
1730,0.0,57.603,6.99607486631016,0.0,57.603,8.54581966726084
1731,0.0,57.603,6.99607486631016,0.0,57.603,8.54581966726084
1732,0.0,57.603,6.99607486631016,0.0,57.603,8.54581966726084
1733,0.0,39.008,10.9735185185185,0.0,39.008,12.9590377492877
1734,0.0,39.008,10.9735185185185,0.0,39.008,12.9590377492877
1735,0.0,39.008,10.9735185185185,0.0,39.008,12.9590377492877
1736,0.0,39.008,10.9735185185185,0.0,39.008,12.9590377492877
1737,0.0,39.008,10.9735185185185,0.0,39.008,12.9590377492877
1738,0.0,52.74,9.91181840277778,0.0,52.74,12.0647416666667
1739,0.0,39.008,10.9735185185185,0.0,39.008,12.9590377492877
1740,0.0,52.74,9.91181840277778,0.0,52.74,12.0647416666667
1741,0.0,51.46,0.989732668566002,0.0,51.46,1.17178141817031
1742,0.0,51.46,0.989732668566002,0.0,51.46,1.17178141817031
1743,0.0,51.46,0.989732668566002,0.0,51.46,1.17178141817031
1744,0.0,51.46,0.989732668566002,0.0,51.46,1.17178141817031
1745,0.0,51.46,0.989732668566002,0.0,51.46,1.17178141817031
1746,0.0,51.46,0.989732668566002,0.0,51.46,1.17178141817031
1747,0.0,51.46,0.989732668566002,0.0,51.46,1.17178141817031
1748,0.0,51.46,0.989732668566002,0.0,51.46,1.17178141817031
1749,0.0,51.46,0.989732668566002,0.0,51.46,1.17178141817031
1750,0.0,51.46,0.989732668566002,0.0,51.46,1.17178141817031
1751,0.0,51.46,0.989732668566002,0.0,51.46,1.17178141817031
1752,0.0,40.601,2.63444051627385,0.0,40.601,3.48424158249158
1753,0.0,40.601,2.63444051627385,0.0,40.601,3.48424158249158
1754,0.0,40.601,2.63444051627385,0.0,40.601,3.48424158249158
1755,0.0,40.601,2.63444051627385,0.0,40.601,3.48424158249158
1756,0.0,40.601,2.63444051627385,0.0,40.601,3.48424158249158
1757,0.0,37.481,4.25050679793718,0.0,37.481,6.23191983122363
1758,0.0,37.481,4.25050679793718,0.0,37.481,6.23191983122363
1759,0.0,37.481,4.25050679793718,0.0,37.481,6.23191983122363
1760,0.0,37.481,4.25050679793718,0.0,37.481,6.23191983122363
1761,0.0,37.481,4.25050679793718,0.0,37.481,6.23191983122363
1762,0.0,43.678,4.96597752808989,0.0,43.678,6.32442509363296
1763,0.0,43.678,4.96597752808989,0.0,43.678,6.32442509363296
1764,0.0,43.678,4.96597752808989,0.0,43.678,6.32442509363296
1765,0.0,43.678,4.96597752808989,0.0,43.678,6.32442509363296
1766,0.0,43.678,4.96597752808989,0.0,43.678,6.32442509363296
1767,0.0,40.103,4.38310239651416,0.0,40.103,5.71041630355846
1768,0.0,52.424,7.53153813095796,0.0,52.424,9.26440920456321
1769,0.0,52.424,7.53153813095796,0.0,52.424,9.26440920456321
1770,0.0,52.424,7.53153813095796,0.0,52.424,9.26440920456321
1771,0.0,52.424,7.53153813095796,0.0,52.424,9.26440920456321
1772,0.0,52.424,7.53153813095796,0.0,52.424,9.26440920456321
1773,0.0,52.424,7.53153813095796,0.0,52.424,9.26440920456321
1774,0.0,41.485,6.3323387866394,0.0,41.485,8.56023142467621
1775,0.0,41.485,6.3323387866394,0.0,41.485,8.56023142467621
1776,0.0,41.485,6.3323387866394,0.0,41.485,8.56023142467621
1777,0.0,41.485,6.3323387866394,0.0,41.485,8.56023142467621
1778,0.0,41.485,6.3323387866394,0.0,41.485,8.56023142467621
1779,0.0,41.485,6.3323387866394,0.0,41.485,8.56023142467621
1780,0.0,57.603,6.99607486631016,0.0,57.603,8.54581966726084
1781,0.0,57.603,6.99607486631016,0.0,57.603,8.54581966726084
1782,0.0,57.603,6.99607486631016,0.0,57.603,8.54581966726084
1783,0.0,57.603,6.99607486631016,0.0,57.603,8.54581966726084
1784,0.0,57.603,6.99607486631016,0.0,57.603,8.54581966726084
1785,0.0,57.603,6.99607486631016,0.0,57.603,8.54581966726084
1786,0.0,57.603,6.99607486631016,0.0,57.603,8.54581966726084
1787,0.0,57.603,6.99607486631016,0.0,57.603,8.54581966726084
1788,0.0,57.603,6.99607486631016,0.0,57.603,8.54581966726084
1789,0.0,57.603,6.99607486631016,0.0,57.603,8.54581966726084
1790,0.0,52.74,9.91181840277778,0.0,52.74,12.0647416666667
1791,0.0,52.74,9.91181840277778,0.0,52.74,12.0647416666667
1792,0.0,52.74,9.91181840277778,0.0,52.74,12.0647416666667
1793,0.0,52.74,9.91181840277778,0.0,52.74,12.0647416666667
1794,0.0,52.74,9.91181840277778,0.0,52.74,12.0647416666667
1795,0.0,52.74,9.91181840277778,0.0,52.74,12.0647416666667
1796,0.0,52.74,9.91181840277778,0.0,52.74,12.0647416666667
1797,0.0,51.46,0.989732668566002,0.0,51.46,1.17178141817031
1798,0.0,51.46,0.989732668566002,0.0,51.46,1.17178141817031
1799,0.0,51.46,0.989732668566002,0.0,51.46,1.17178141817031
1800,0.0,51.46,0.989732668566002,0.0,51.46,1.17178141817031
1801,0.0,51.46,0.989732668566002,0.0,51.46,1.17178141817031
1802,0.0,51.46,0.989732668566002,0.0,51.46,1.17178141817031
1803,0.0,51.46,0.989732668566002,0.0,51.46,1.17178141817031
1804,0.0,51.46,0.989732668566002,0.0,51.46,1.17178141817031
1805,0.0,51.46,0.989732668566002,0.0,51.46,1.17178141817031
1806,0.0,51.46,0.989732668566002,0.0,51.46,1.17178141817031
1807,0.0,40.601,2.63444051627385,0.0,40.601,3.48424158249158
1808,0.0,40.601,2.63444051627385,0.0,40.601,3.48424158249158
1809,0.0,40.601,2.63444051627385,0.0,40.601,3.48424158249158
1810,0.0,40.601,2.63444051627385,0.0,40.601,3.48424158249158
1811,0.0,40.601,2.63444051627385,0.0,40.601,3.48424158249158
1812,0.0,37.481,4.25050679793718,0.0,37.481,6.23191983122363
1813,0.0,37.481,4.25050679793718,0.0,37.481,6.23191983122363
1814,0.0,37.481,4.25050679793718,0.0,37.481,6.23191983122363
1815,0.0,37.481,4.25050679793718,0.0,37.481,6.23191983122363
1816,0.0,37.481,4.25050679793718,0.0,37.481,6.23191983122363
1817,0.0,43.678,4.96597752808989,0.0,43.678,6.32442509363296
1818,0.0,43.678,4.96597752808989,0.0,43.678,6.32442509363296
1819,0.0,43.678,4.96597752808989,0.0,43.678,6.32442509363296
1820,0.0,43.678,4.96597752808989,0.0,43.678,6.32442509363296
1821,0.0,43.678,4.96597752808989,0.0,43.678,6.32442509363296
1822,0.0,40.103,4.38310239651416,0.0,40.103,5.71041630355846
1823,0.0,40.103,4.38310239651416,0.0,40.103,5.71041630355846
1824,0.0,52.424,7.53153813095796,0.0,52.424,9.26440920456321
1825,0.0,52.424,7.53153813095796,0.0,52.424,9.26440920456321
1826,0.0,52.424,7.53153813095796,0.0,52.424,9.26440920456321
1827,0.0,52.424,7.53153813095796,0.0,52.424,9.26440920456321
1828,0.0,52.424,7.53153813095796,0.0,52.424,9.26440920456321
1829,0.0,52.424,7.53153813095796,0.0,52.424,9.26440920456321
1830,0.0,41.485,6.3323387866394,0.0,41.485,8.56023142467621
1831,0.0,41.485,6.3323387866394,0.0,41.485,8.56023142467621
1832,0.0,41.485,6.3323387866394,0.0,41.485,8.56023142467621
1833,0.0,41.485,6.3323387866394,0.0,41.485,8.56023142467621
1834,0.0,57.603,6.99607486631016,0.0,57.603,8.54581966726084
1835,0.0,57.603,6.99607486631016,0.0,57.603,8.54581966726084
1836,0.0,57.603,6.99607486631016,0.0,57.603,8.54581966726084
1837,0.0,57.603,6.99607486631016,0.0,57.603,8.54581966726084
1838,0.0,57.603,6.99607486631016,0.0,57.603,8.54581966726084
1839,0.0,57.603,6.99607486631016,0.0,57.603,8.54581966726084
1840,0.0,57.603,6.99607486631016,0.0,57.603,8.54581966726084
1841,0.0,57.603,6.99607486631016,0.0,57.603,8.54581966726084
1842,0.0,57.603,6.99607486631016,0.0,57.603,8.54581966726084
1843,0.0,52.74,9.91181840277778,0.0,52.74,12.0647416666667
1844,0.0,52.74,9.91181840277778,0.0,52.74,12.0647416666667
1845,0.0,52.74,9.91181840277778,0.0,52.74,12.0647416666667
1846,0.0,52.74,9.91181840277778,0.0,52.74,12.0647416666667
1847,0.0,52.74,9.91181840277778,0.0,52.74,12.0647416666667
1848,0.0,52.74,9.91181840277778,0.0,52.74,12.0647416666667
1849,0.0,52.74,9.91181840277778,0.0,52.74,12.0647416666667
1850,0.0,52.74,9.91181840277778,0.0,52.74,12.0647416666667
1851,0.0,52.74,9.91181840277778,0.0,52.74,12.0647416666667
1852,,,,,,
1853,0.0,51.46,0.989732668566002,0.0,51.46,1.17178141817031
1854,0.0,51.46,0.989732668566002,0.0,51.46,1.17178141817031
1855,0.0,51.46,0.989732668566002,0.0,51.46,1.17178141817031
1856,0.0,51.46,0.989732668566002,0.0,51.46,1.17178141817031
1857,0.0,51.46,0.989732668566002,0.0,51.46,1.17178141817031
1858,0.0,51.46,0.989732668566002,0.0,51.46,1.17178141817031
1859,0.0,51.46,0.989732668566002,0.0,51.46,1.17178141817031
1860,0.0,51.46,0.989732668566002,0.0,51.46,1.17178141817031
1861,0.0,40.601,2.63444051627385,0.0,40.601,3.48424158249158
1862,0.0,40.601,2.63444051627385,0.0,40.601,3.48424158249158
1863,0.0,40.601,2.63444051627385,0.0,40.601,3.48424158249158
1864,0.0,40.601,2.63444051627385,0.0,40.601,3.48424158249158
1865,0.0,40.601,2.63444051627385,0.0,40.601,3.48424158249158
1866,0.0,37.481,4.25050679793718,0.0,37.481,6.23191983122363
1867,0.0,37.481,4.25050679793718,0.0,37.481,6.23191983122363
1868,0.0,37.481,4.25050679793718,0.0,37.481,6.23191983122363
1869,0.0,37.481,4.25050679793718,0.0,37.481,6.23191983122363
1870,0.0,43.678,4.96597752808989,0.0,43.678,6.32442509363296
1871,0.0,43.678,4.96597752808989,0.0,43.678,6.32442509363296
1872,0.0,43.678,4.96597752808989,0.0,43.678,6.32442509363296
1873,0.0,43.678,4.96597752808989,0.0,43.678,6.32442509363296
1874,0.0,43.678,4.96597752808989,0.0,43.678,6.32442509363296
1875,0.0,39.183,14.201962962963,0.0,39.183,16.3446296296296
1876,0.0,40.103,4.38310239651416,0.0,40.103,5.71041630355846
1877,0.0,40.103,4.38310239651416,0.0,40.103,5.71041630355846
1878,0.0,40.103,4.38310239651416,0.0,40.103,5.71041630355846
1879,0.0,52.424,7.53153813095796,0.0,52.424,9.26440920456321
1880,0.0,52.424,7.53153813095796,0.0,52.424,9.26440920456321
1881,0.0,52.424,7.53153813095796,0.0,52.424,9.26440920456321
1882,0.0,52.424,7.53153813095796,0.0,52.424,9.26440920456321
1883,0.0,52.424,7.53153813095796,0.0,52.424,9.26440920456321
1884,0.0,52.424,7.53153813095796,0.0,52.424,9.26440920456321
1885,0.0,41.485,6.3323387866394,0.0,41.485,8.56023142467621
1886,0.0,41.485,6.3323387866394,0.0,41.485,8.56023142467621
1887,0.0,41.485,6.3323387866394,0.0,41.485,8.56023142467621
1888,0.0,57.603,6.99607486631016,0.0,57.603,8.54581966726084
1889,0.0,57.603,6.99607486631016,0.0,57.603,8.54581966726084
1890,0.0,57.603,6.99607486631016,0.0,57.603,8.54581966726084
1891,0.0,57.603,6.99607486631016,0.0,57.603,8.54581966726084
1892,0.0,57.603,6.99607486631016,0.0,57.603,8.54581966726084
1893,0.0,57.603,6.99607486631016,0.0,57.603,8.54581966726084
1894,0.0,57.603,6.99607486631016,0.0,57.603,8.54581966726084
1895,0.0,52.74,9.91181840277778,0.0,52.74,12.0647416666667
1896,0.0,52.74,9.91181840277778,0.0,52.74,12.0647416666667
1897,0.0,52.74,9.91181840277778,0.0,52.74,12.0647416666667
1898,0.0,52.74,9.91181840277778,0.0,52.74,12.0647416666667
1899,0.0,52.74,9.91181840277778,0.0,52.74,12.0647416666667
1900,0.0,52.74,9.91181840277778,0.0,52.74,12.0647416666667
1901,0.0,52.74,9.91181840277778,0.0,52.74,12.0647416666667
1902,0.0,52.74,9.91181840277778,0.0,52.74,12.0647416666667
1903,0.0,52.74,9.91181840277778,0.0,52.74,12.0647416666667
1904,0.0,52.74,9.91181840277778,0.0,52.74,12.0647416666667
1905,0.0,52.74,9.91181840277778,0.0,52.74,12.0647416666667
1906,0.0,51.46,0.989732668566002,0.0,51.46,1.17178141817031
1907,0.0,51.46,0.989732668566002,0.0,51.46,1.17178141817031
1908,0.0,51.46,0.989732668566002,0.0,51.46,1.17178141817031
1909,0.0,51.46,0.989732668566002,0.0,51.46,1.17178141817031
1910,0.0,51.46,0.989732668566002,0.0,51.46,1.17178141817031
1911,0.0,51.46,0.989732668566002,0.0,51.46,1.17178141817031
1912,0.0,51.46,0.989732668566002,0.0,51.46,1.17178141817031
1913,0.0,40.601,2.63444051627385,0.0,40.601,3.48424158249158
1914,0.0,40.601,2.63444051627385,0.0,40.601,3.48424158249158
1915,0.0,40.601,2.63444051627385,0.0,40.601,3.48424158249158
1916,0.0,40.601,2.63444051627385,0.0,40.601,3.48424158249158
1917,0.0,40.601,2.63444051627385,0.0,40.601,3.48424158249158
1918,0.0,37.481,4.25050679793718,0.0,37.481,6.23191983122363
1919,0.0,37.481,4.25050679793718,0.0,37.481,6.23191983122363
1920,0.0,37.481,4.25050679793718,0.0,37.481,6.23191983122363
1921,0.0,37.481,4.25050679793718,0.0,37.481,6.23191983122363
1922,0.0,37.481,4.25050679793718,0.0,37.481,6.23191983122363
1923,0.0,43.678,4.96597752808989,0.0,43.678,6.32442509363296
1924,0.0,43.678,4.96597752808989,0.0,43.678,6.32442509363296
1925,0.0,44.232,14.8161597222222,0.0,44.232,16.3674583333333
1926,0.0,44.232,14.8161597222222,0.0,44.232,16.3674583333333
1927,0.0,44.232,14.8161597222222,0.0,44.232,16.3674583333333
1928,0.0,40.103,4.38310239651416,0.0,40.103,5.71041630355846
1929,0.0,40.103,4.38310239651416,0.0,40.103,5.71041630355846
1930,0.0,52.424,7.53153813095796,0.0,52.424,9.26440920456321
1931,0.0,52.424,7.53153813095796,0.0,52.424,9.26440920456321
1932,0.0,52.424,7.53153813095796,0.0,52.424,9.26440920456321
1933,0.0,52.424,7.53153813095796,0.0,52.424,9.26440920456321
1934,0.0,52.424,7.53153813095796,0.0,52.424,9.26440920456321
1935,0.0,52.424,7.53153813095796,0.0,52.424,9.26440920456321
1936,0.0,41.485,6.3323387866394,0.0,41.485,8.56023142467621
1937,0.0,57.603,6.99607486631016,0.0,57.603,8.54581966726084
1938,0.0,41.485,6.3323387866394,0.0,41.485,8.56023142467621
1939,0.0,57.603,6.99607486631016,0.0,57.603,8.54581966726084
1940,0.0,57.603,6.99607486631016,0.0,57.603,8.54581966726084
1941,0.0,57.603,6.99607486631016,0.0,57.603,8.54581966726084
1942,0.0,57.603,6.99607486631016,0.0,57.603,8.54581966726084
1943,0.0,57.603,6.99607486631016,0.0,57.603,8.54581966726084
1944,0.0,57.603,6.99607486631016,0.0,57.603,8.54581966726084
1945,0.0,57.603,6.99607486631016,0.0,57.603,8.54581966726084
1946,0.0,57.603,6.99607486631016,0.0,57.603,8.54581966726084
1947,0.0,52.74,9.91181840277778,0.0,52.74,12.0647416666667
1948,0.0,52.74,9.91181840277778,0.0,52.74,12.0647416666667
1949,0.0,52.74,9.91181840277778,0.0,52.74,12.0647416666667
1950,0.0,52.74,9.91181840277778,0.0,52.74,12.0647416666667
1951,0.0,52.74,9.91181840277778,0.0,52.74,12.0647416666667
1952,0.0,52.74,9.91181840277778,0.0,52.74,12.0647416666667
1953,0.0,52.74,9.91181840277778,0.0,52.74,12.0647416666667
1954,0.0,52.74,9.91181840277778,0.0,52.74,12.0647416666667
1955,0.0,52.74,9.91181840277778,0.0,52.74,12.0647416666667
1956,0.0,52.74,9.91181840277778,0.0,52.74,12.0647416666667
1957,0.0,52.74,9.91181840277778,0.0,52.74,12.0647416666667
1958,0.0,51.46,0.989732668566002,0.0,51.46,1.17178141817031
1959,0.0,51.46,0.989732668566002,0.0,51.46,1.17178141817031
1960,0.0,51.46,0.989732668566002,0.0,51.46,1.17178141817031
1961,0.0,51.46,0.989732668566002,0.0,51.46,1.17178141817031
1962,0.0,51.46,0.989732668566002,0.0,51.46,1.17178141817031
1963,0.0,51.46,0.989732668566002,0.0,51.46,1.17178141817031
1964,0.0,40.601,2.63444051627385,0.0,40.601,3.48424158249158
1965,0.0,40.601,2.63444051627385,0.0,40.601,3.48424158249158
1966,0.0,40.601,2.63444051627385,0.0,40.601,3.48424158249158
1967,0.0,40.601,2.63444051627385,0.0,40.601,3.48424158249158
1968,0.0,40.601,2.63444051627385,0.0,40.601,3.48424158249158
1969,0.0,37.481,4.25050679793718,0.0,37.481,6.23191983122363
1970,0.0,37.481,4.25050679793718,0.0,37.481,6.23191983122363
1971,0.0,37.481,4.25050679793718,0.0,37.481,6.23191983122363
1972,0.0,37.481,4.25050679793718,0.0,37.481,6.23191983122363
1973,0.0,37.481,4.25050679793718,0.0,37.481,6.23191983122363
1974,0.0,43.678,4.96597752808989,0.0,43.678,6.32442509363296
1975,0.0,43.678,4.96597752808989,0.0,43.678,6.32442509363296
1976,0.0,43.678,4.96597752808989,0.0,43.678,6.32442509363296
1977,0.0,40.103,4.38310239651416,0.0,40.103,5.71041630355846
1978,0.0,40.103,4.38310239651416,0.0,40.103,5.71041630355846
1979,0.0,40.103,4.38310239651416,0.0,40.103,5.71041630355846
1980,0.0,42.251,16.6634259259259,0.0,42.251,18.051537037037
1981,0.0,40.103,4.38310239651416,0.0,40.103,5.71041630355846
1982,0.0,52.424,7.53153813095796,0.0,52.424,9.26440920456321
1983,0.0,52.424,7.53153813095796,0.0,52.424,9.26440920456321
1984,0.0,52.424,7.53153813095796,0.0,52.424,9.26440920456321
1985,0.0,52.424,7.53153813095796,0.0,52.424,9.26440920456321
1986,0.0,52.424,7.53153813095796,0.0,52.424,9.26440920456321
1987,0.0,57.603,6.99607486631016,0.0,57.603,8.54581966726084
1988,0.0,57.603,6.99607486631016,0.0,57.603,8.54581966726084
1989,0.0,57.603,6.99607486631016,0.0,57.603,8.54581966726084
1990,0.0,57.603,6.99607486631016,0.0,57.603,8.54581966726084
1991,0.0,57.603,6.99607486631016,0.0,57.603,8.54581966726084
1992,0.0,57.603,6.99607486631016,0.0,57.603,8.54581966726084
1993,0.0,57.603,6.99607486631016,0.0,57.603,8.54581966726084
1994,0.0,57.603,6.99607486631016,0.0,57.603,8.54581966726084
1995,0.0,57.603,6.99607486631016,0.0,57.603,8.54581966726084
1996,0.0,52.74,9.91181840277778,0.0,52.74,12.0647416666667
1997,0.0,52.74,9.91181840277778,0.0,52.74,12.0647416666667
1998,0.0,52.74,9.91181840277778,0.0,52.74,12.0647416666667
1999,0.0,52.74,9.91181840277778,0.0,52.74,12.0647416666667
2000,0.0,52.74,9.91181840277778,0.0,52.74,12.0647416666667
2001,0.0,52.74,9.91181840277778,0.0,52.74,12.0647416666667
2002,0.0,52.74,9.91181840277778,0.0,52.74,12.0647416666667
2003,0.0,52.74,9.91181840277778,0.0,52.74,12.0647416666667
2004,0.0,52.74,9.91181840277778,0.0,52.74,12.0647416666667
2005,0.0,52.74,9.91181840277778,0.0,52.74,12.0647416666667
2006,0.0,52.74,9.91181840277778,0.0,52.74,12.0647416666667
2007,0.0,52.74,9.91181840277778,0.0,52.74,12.0647416666667
2008,0.0,52.74,9.91181840277778,0.0,52.74,12.0647416666667
2009,0.0,51.46,0.989732668566002,0.0,51.46,1.17178141817031
2010,0.0,51.46,0.989732668566002,0.0,51.46,1.17178141817031
2011,0.0,51.46,0.989732668566002,0.0,51.46,1.17178141817031
2012,0.0,51.46,0.989732668566002,0.0,51.46,1.17178141817031
2013,0.0,51.46,0.989732668566002,0.0,51.46,1.17178141817031
2014,0.0,51.46,0.989732668566002,0.0,51.46,1.17178141817031
2015,0.0,51.46,0.989732668566002,0.0,51.46,1.17178141817031
2016,0.0,40.601,2.63444051627385,0.0,40.601,3.48424158249158
2017,0.0,40.601,2.63444051627385,0.0,40.601,3.48424158249158
2018,0.0,40.601,2.63444051627385,0.0,40.601,3.48424158249158
2019,0.0,40.601,2.63444051627385,0.0,40.601,3.48424158249158
2020,0.0,37.481,4.25050679793718,0.0,37.481,6.23191983122363
2021,0.0,43.678,4.96597752808989,0.0,43.678,6.32442509363296
2022,0.0,37.481,4.25050679793718,0.0,37.481,6.23191983122363
2023,0.0,43.678,4.96597752808989,0.0,43.678,6.32442509363296
2024,0.0,43.678,4.96597752808989,0.0,43.678,6.32442509363296
2025,0.0,43.678,4.96597752808989,0.0,43.678,6.32442509363296
2026,0.0,43.678,4.96597752808989,0.0,43.678,6.32442509363296
2027,0.0,43.678,4.96597752808989,0.0,43.678,6.32442509363296
2028,0.0,44.232,14.8161597222222,0.0,44.232,16.3674583333333
2029,0.0,40.103,4.38310239651416,0.0,40.103,5.71041630355846
2030,0.0,40.103,4.38310239651416,0.0,40.103,5.71041630355846
2031,0.0,42.251,16.6634259259259,0.0,42.251,18.051537037037
2032,0.0,52.424,7.53153813095796,0.0,52.424,9.26440920456321
2033,0.0,40.103,4.38310239651416,0.0,40.103,5.71041630355846
2034,0.0,52.424,7.53153813095796,0.0,52.424,9.26440920456321
2035,0.0,52.424,7.53153813095796,0.0,52.424,9.26440920456321
2036,0.0,52.424,7.53153813095796,0.0,52.424,9.26440920456321
2037,0.0,57.603,6.99607486631016,0.0,57.603,8.54581966726084
2038,0.0,57.603,6.99607486631016,0.0,57.603,8.54581966726084
2039,0.0,57.603,6.99607486631016,0.0,57.603,8.54581966726084
2040,0.0,57.603,6.99607486631016,0.0,57.603,8.54581966726084
2041,0.0,57.603,6.99607486631016,0.0,57.603,8.54581966726084
2042,0.0,57.603,6.99607486631016,0.0,57.603,8.54581966726084
2043,0.0,57.603,6.99607486631016,0.0,57.603,8.54581966726084
2044,0.0,57.603,6.99607486631016,0.0,57.603,8.54581966726084
2045,0.0,52.74,9.91181840277778,0.0,52.74,12.0647416666667
2046,0.0,52.74,9.91181840277778,0.0,52.74,12.0647416666667
2047,0.0,52.74,9.91181840277778,0.0,52.74,12.0647416666667
2048,0.0,52.74,9.91181840277778,0.0,52.74,12.0647416666667
2049,0.0,52.74,9.91181840277778,0.0,52.74,12.0647416666667
2050,0.0,52.74,9.91181840277778,0.0,52.74,12.0647416666667
2051,0.0,52.74,9.91181840277778,0.0,52.74,12.0647416666667
2052,0.0,52.74,9.91181840277778,0.0,52.74,12.0647416666667
2053,0.0,52.74,9.91181840277778,0.0,52.74,12.0647416666667
2054,0.0,52.74,9.91181840277778,0.0,52.74,12.0647416666667
2055,0.0,52.74,9.91181840277778,0.0,52.74,12.0647416666667
2056,0.0,52.74,9.91181840277778,0.0,52.74,12.0647416666667
2057,0.0,52.74,9.91181840277778,0.0,52.74,12.0647416666667
2058,0.0,52.74,9.91181840277778,0.0,52.74,12.0647416666667
2059,0.0,52.74,9.91181840277778,0.0,52.74,12.0647416666667
2060,0.0,51.46,0.989732668566002,0.0,51.46,1.17178141817031
2061,0.0,51.46,0.989732668566002,0.0,51.46,1.17178141817031
2062,0.0,51.46,0.989732668566002,0.0,51.46,1.17178141817031
2063,,,,,,
2064,0.0,51.46,0.989732668566002,0.0,51.46,1.17178141817031
2065,0.0,51.46,0.989732668566002,0.0,51.46,1.17178141817031
2066,0.0,51.46,0.989732668566002,0.0,51.46,1.17178141817031
2067,0.0,51.46,0.989732668566002,0.0,51.46,1.17178141817031
2068,0.0,52.436,0.991822811447811,0.0,52.436,1.12322011784512
2069,0.0,52.436,0.991822811447811,0.0,52.436,1.12322011784512
2070,0.0,52.436,0.991822811447811,0.0,52.436,1.12322011784512
2071,0.0,40.601,2.63444051627385,0.0,40.601,3.48424158249158
2072,0.0,43.678,4.96597752808989,0.0,43.678,6.32442509363296
2073,0.0,43.678,4.96597752808989,0.0,43.678,6.32442509363296
2074,0.0,43.678,4.96597752808989,0.0,43.678,6.32442509363296
2075,0.0,43.678,4.96597752808989,0.0,43.678,6.32442509363296
2076,0.0,43.678,4.96597752808989,0.0,43.678,6.32442509363296
2077,0.0,43.678,4.96597752808989,0.0,43.678,6.32442509363296
2078,0.0,43.678,4.96597752808989,0.0,43.678,6.32442509363296
2079,0.0,43.678,4.96597752808989,0.0,43.678,6.32442509363296
2080,0.0,40.103,4.38310239651416,0.0,40.103,5.71041630355846
2081,0.0,40.103,4.38310239651416,0.0,40.103,5.71041630355846
2082,0.0,42.251,16.6634259259259,0.0,42.251,18.051537037037
2083,0.0,40.103,4.38310239651416,0.0,40.103,5.71041630355846
2084,0.0,40.103,4.38310239651416,0.0,40.103,5.71041630355846
2085,0.0,40.103,4.38310239651416,0.0,40.103,5.71041630355846
2086,0.0,52.424,7.53153813095796,0.0,52.424,9.26440920456321
2087,0.0,52.424,7.53153813095796,0.0,52.424,9.26440920456321
2088,0.0,57.603,6.99607486631016,0.0,57.603,8.54581966726084
2089,0.0,57.603,6.99607486631016,0.0,57.603,8.54581966726084
2090,0.0,57.603,6.99607486631016,0.0,57.603,8.54581966726084
2091,0.0,57.603,6.99607486631016,0.0,57.603,8.54581966726084
2092,0.0,57.603,6.99607486631016,0.0,57.603,8.54581966726084
2093,0.0,57.603,6.99607486631016,0.0,57.603,8.54581966726084
2094,0.0,57.603,6.99607486631016,0.0,57.603,8.54581966726084
2095,0.0,57.603,6.99607486631016,0.0,57.603,8.54581966726084
2096,0.0,52.74,9.91181840277778,0.0,52.74,12.0647416666667
2097,0.0,52.74,9.91181840277778,0.0,52.74,12.0647416666667
2098,0.0,52.74,9.91181840277778,0.0,52.74,12.0647416666667
2099,0.0,52.74,9.91181840277778,0.0,52.74,12.0647416666667
2100,0.0,52.74,9.91181840277778,0.0,52.74,12.0647416666667
2101,0.0,52.74,9.91181840277778,0.0,52.74,12.0647416666667
2102,0.0,52.74,9.91181840277778,0.0,52.74,12.0647416666667
2103,0.0,52.74,9.91181840277778,0.0,52.74,12.0647416666667
2104,0.0,52.74,9.91181840277778,0.0,52.74,12.0647416666667
2105,0.0,52.74,9.91181840277778,0.0,52.74,12.0647416666667
2106,0.0,52.74,9.91181840277778,0.0,52.74,12.0647416666667
2107,0.0,52.74,9.91181840277778,0.0,52.74,12.0647416666667
2108,0.0,52.74,9.91181840277778,0.0,52.74,12.0647416666667
2109,0.0,52.74,9.91181840277778,0.0,52.74,12.0647416666667
2110,0.0,52.74,9.91181840277778,0.0,52.74,12.0647416666667
2111,0.0,51.46,0.989732668566002,0.0,51.46,1.17178141817031
2112,0.0,51.46,0.989732668566002,0.0,51.46,1.17178141817031
2113,0.0,51.46,0.989732668566002,0.0,51.46,1.17178141817031
2114,0.0,51.46,0.989732668566002,0.0,51.46,1.17178141817031
2115,0.0,51.46,0.989732668566002,0.0,51.46,1.17178141817031
2116,0.0,51.46,0.989732668566002,0.0,51.46,1.17178141817031
2117,0.0,51.46,0.989732668566002,0.0,51.46,1.17178141817031
2118,0.0,52.436,0.991822811447811,0.0,52.436,1.12322011784512
2119,0.0,52.436,0.991822811447811,0.0,52.436,1.12322011784512
2120,0.0,52.436,0.991822811447811,0.0,52.436,1.12322011784512
2121,0.0,52.436,0.991822811447811,0.0,52.436,1.12322011784512
2122,0.0,52.436,0.991822811447811,0.0,52.436,1.12322011784512
2123,0.0,43.678,4.96597752808989,0.0,43.678,6.32442509363296
2124,0.0,43.678,4.96597752808989,0.0,43.678,6.32442509363296
2125,0.0,43.678,4.96597752808989,0.0,43.678,6.32442509363296
2126,0.0,43.678,4.96597752808989,0.0,43.678,6.32442509363296
2127,0.0,43.678,4.96597752808989,0.0,43.678,6.32442509363296
2128,0.0,43.678,4.96597752808989,0.0,43.678,6.32442509363296
2129,0.0,44.232,14.8161597222222,0.0,44.232,16.3674583333333
2130,0.0,44.232,14.8161597222222,0.0,44.232,16.3674583333333
2131,0.0,42.251,16.6634259259259,0.0,42.251,18.051537037037
2132,0.0,40.103,4.38310239651416,0.0,40.103,5.71041630355846
2133,0.0,40.103,4.38310239651416,0.0,40.103,5.71041630355846
2134,0.0,40.103,4.38310239651416,0.0,40.103,5.71041630355846
2135,0.0,40.103,4.38310239651416,0.0,40.103,5.71041630355846
2136,0.0,57.603,6.99607486631016,0.0,57.603,8.54581966726084
2137,0.0,52.424,7.53153813095796,0.0,52.424,9.26440920456321
2138,0.0,57.603,6.99607486631016,0.0,57.603,8.54581966726084
2139,0.0,57.603,6.99607486631016,0.0,57.603,8.54581966726084
2140,0.0,57.603,6.99607486631016,0.0,57.603,8.54581966726084
2141,0.0,57.603,6.99607486631016,0.0,57.603,8.54581966726084
2142,0.0,57.603,6.99607486631016,0.0,57.603,8.54581966726084
2143,0.0,57.603,6.99607486631016,0.0,57.603,8.54581966726084
2144,0.0,57.603,6.99607486631016,0.0,57.603,8.54581966726084
2145,0.0,57.603,6.99607486631016,0.0,57.603,8.54581966726084
2146,0.0,44.452,5.31076331887443,0.0,44.452,6.63438004671338
2147,0.0,52.74,9.91181840277778,0.0,52.74,12.0647416666667
2148,0.0,52.74,9.91181840277778,0.0,52.74,12.0647416666667
2149,0.0,52.74,9.91181840277778,0.0,52.74,12.0647416666667
2150,0.0,52.74,9.91181840277778,0.0,52.74,12.0647416666667
2151,0.0,52.74,9.91181840277778,0.0,52.74,12.0647416666667
2152,0.0,52.74,9.91181840277778,0.0,52.74,12.0647416666667
2153,0.0,52.74,9.91181840277778,0.0,52.74,12.0647416666667
2154,0.0,52.74,9.91181840277778,0.0,52.74,12.0647416666667
2155,0.0,52.74,9.91181840277778,0.0,52.74,12.0647416666667
2156,0.0,52.74,9.91181840277778,0.0,52.74,12.0647416666667
2157,0.0,52.74,9.91181840277778,0.0,52.74,12.0647416666667
2158,0.0,52.74,9.91181840277778,0.0,52.74,12.0647416666667
2159,0.0,52.74,9.91181840277778,0.0,52.74,12.0647416666667
2160,0.0,43.439,12.6846351851852,0.0,43.439,14.6405962962963
2161,0.0,43.439,12.6846351851852,0.0,43.439,14.6405962962963
2162,0.0,51.46,0.989732668566002,0.0,51.46,1.17178141817031
2163,0.0,51.46,0.989732668566002,0.0,51.46,1.17178141817031
2164,0.0,51.46,0.989732668566002,0.0,51.46,1.17178141817031
2165,0.0,51.46,0.989732668566002,0.0,51.46,1.17178141817031
2166,0.0,51.46,0.989732668566002,0.0,51.46,1.17178141817031
2167,0.0,51.46,0.989732668566002,0.0,51.46,1.17178141817031
2168,0.0,52.436,0.991822811447811,0.0,52.436,1.12322011784512
2169,0.0,52.436,0.991822811447811,0.0,52.436,1.12322011784512
2170,0.0,52.436,0.991822811447811,0.0,52.436,1.12322011784512
2171,0.0,52.436,0.991822811447811,0.0,52.436,1.12322011784512
2172,0.0,52.436,0.991822811447811,0.0,52.436,1.12322011784512
2173,0.0,52.436,0.991822811447811,0.0,52.436,1.12322011784512
2174,0.0,52.436,0.991822811447811,0.0,52.436,1.12322011784512
2175,0.0,43.678,4.96597752808989,0.0,43.678,6.32442509363296
2176,0.0,43.678,4.96597752808989,0.0,43.678,6.32442509363296
2177,0.0,43.678,4.96597752808989,0.0,43.678,6.32442509363296
2178,0.0,43.678,4.96597752808989,0.0,43.678,6.32442509363296
2179,0.0,43.678,4.96597752808989,0.0,43.678,6.32442509363296
2180,0.0,40.103,4.38310239651416,0.0,40.103,5.71041630355846
2181,0.0,40.103,4.38310239651416,0.0,40.103,5.71041630355846
2182,0.0,40.103,4.38310239651416,0.0,40.103,5.71041630355846
2183,0.0,42.251,16.6634259259259,0.0,42.251,18.051537037037
2184,0.0,40.103,4.38310239651416,0.0,40.103,5.71041630355846
2185,0.0,40.103,4.38310239651416,0.0,40.103,5.71041630355846
2186,0.0,57.603,6.99607486631016,0.0,57.603,8.54581966726084
2187,0.0,57.603,6.99607486631016,0.0,57.603,8.54581966726084
2188,0.0,57.603,6.99607486631016,0.0,57.603,8.54581966726084
2189,0.0,57.603,6.99607486631016,0.0,57.603,8.54581966726084
2190,0.0,57.603,6.99607486631016,0.0,57.603,8.54581966726084
2191,0.0,57.603,6.99607486631016,0.0,57.603,8.54581966726084
2192,0.0,57.603,6.99607486631016,0.0,57.603,8.54581966726084
2193,0.0,57.603,6.99607486631016,0.0,57.603,8.54581966726084
2194,0.0,57.603,6.99607486631016,0.0,57.603,8.54581966726084
2195,0.0,57.603,6.99607486631016,0.0,57.603,8.54581966726084
2196,0.0,44.452,5.31076331887443,0.0,44.452,6.63438004671338
2197,0.0,44.452,5.31076331887443,0.0,44.452,6.63438004671338
2198,0.0,52.74,9.91181840277778,0.0,52.74,12.0647416666667
2199,0.0,52.74,9.91181840277778,0.0,52.74,12.0647416666667
2200,0.0,52.74,9.91181840277778,0.0,52.74,12.0647416666667
2201,0.0,52.74,9.91181840277778,0.0,52.74,12.0647416666667
2202,0.0,52.74,9.91181840277778,0.0,52.74,12.0647416666667
2203,0.0,52.74,9.91181840277778,0.0,52.74,12.0647416666667
2204,0.0,44.452,5.31076331887443,0.0,44.452,6.63438004671338
2205,0.0,52.74,9.91181840277778,0.0,52.74,12.0647416666667
2206,0.0,52.74,9.91181840277778,0.0,52.74,12.0647416666667
2207,0.0,52.74,9.91181840277778,0.0,52.74,12.0647416666667
2208,0.0,52.74,9.91181840277778,0.0,52.74,12.0647416666667
2209,0.0,52.74,9.91181840277778,0.0,52.74,12.0647416666667
2210,0.0,43.439,12.6846351851852,0.0,43.439,14.6405962962963
2211,0.0,43.439,12.6846351851852,0.0,43.439,14.6405962962963
2212,0.0,52.436,0.991822811447811,0.0,52.436,1.12322011784512
2213,0.0,51.46,0.989732668566002,0.0,51.46,1.17178141817031
2214,0.0,51.46,0.989732668566002,0.0,51.46,1.17178141817031
2215,0.0,51.46,0.989732668566002,0.0,51.46,1.17178141817031
2216,0.0,52.436,0.991822811447811,0.0,52.436,1.12322011784512
2217,0.0,52.436,0.991822811447811,0.0,52.436,1.12322011784512
2218,0.0,52.436,0.991822811447811,0.0,52.436,1.12322011784512
2219,0.0,52.436,0.991822811447811,0.0,52.436,1.12322011784512
2220,0.0,52.436,0.991822811447811,0.0,52.436,1.12322011784512
2221,0.0,52.436,0.991822811447811,0.0,52.436,1.12322011784512
2222,0.0,52.436,0.991822811447811,0.0,52.436,1.12322011784512
2223,0.0,43.678,4.96597752808989,0.0,43.678,6.32442509363296
2224,0.0,43.678,4.96597752808989,0.0,43.678,6.32442509363296
2225,0.0,43.678,4.96597752808989,0.0,43.678,6.32442509363296
2226,0.0,43.678,4.96597752808989,0.0,43.678,6.32442509363296
2227,0.0,43.678,4.96597752808989,0.0,43.678,6.32442509363296
2228,0.0,44.232,14.8161597222222,0.0,44.232,16.3674583333333
2229,0.0,40.103,4.38310239651416,0.0,40.103,5.71041630355846
2230,0.0,40.103,4.38310239651416,0.0,40.103,5.71041630355846
2231,0.0,40.103,4.38310239651416,0.0,40.103,5.71041630355846
2232,0.0,40.103,4.38310239651416,0.0,40.103,5.71041630355846
2233,0.0,40.103,4.38310239651416,0.0,40.103,5.71041630355846
2234,0.0,57.603,6.99607486631016,0.0,57.603,8.54581966726084
2235,0.0,57.603,6.99607486631016,0.0,57.603,8.54581966726084
2236,0.0,57.603,6.99607486631016,0.0,57.603,8.54581966726084
2237,0.0,57.603,6.99607486631016,0.0,57.603,8.54581966726084
2238,0.0,57.603,6.99607486631016,0.0,57.603,8.54581966726084
2239,0.0,57.603,6.99607486631016,0.0,57.603,8.54581966726084
2240,0.0,57.603,6.99607486631016,0.0,57.603,8.54581966726084
2241,0.0,57.603,6.99607486631016,0.0,57.603,8.54581966726084
2242,0.0,57.603,6.99607486631016,0.0,57.603,8.54581966726084
2243,0.0,57.603,6.99607486631016,0.0,57.603,8.54581966726084
2244,0.0,44.452,5.31076331887443,0.0,44.452,6.63438004671338
2245,0.0,44.452,5.31076331887443,0.0,44.452,6.63438004671338
2246,0.0,44.452,5.31076331887443,0.0,44.452,6.63438004671338
2247,0.0,52.74,9.91181840277778,0.0,52.74,12.0647416666667
2248,0.0,52.74,9.91181840277778,0.0,52.74,12.0647416666667
2249,0.0,52.74,9.91181840277778,0.0,52.74,12.0647416666667
2250,0.0,52.74,9.91181840277778,0.0,52.74,12.0647416666667
2251,0.0,44.452,5.31076331887443,0.0,44.452,6.63438004671338
2252,0.0,44.452,5.31076331887443,0.0,44.452,6.63438004671338
2253,0.0,52.74,9.91181840277778,0.0,52.74,12.0647416666667
2254,0.0,52.74,9.91181840277778,0.0,52.74,12.0647416666667
2255,0.0,52.74,9.91181840277778,0.0,52.74,12.0647416666667
2256,0.0,43.439,12.6846351851852,0.0,43.439,14.6405962962963
2257,0.0,43.439,12.6846351851852,0.0,43.439,14.6405962962963
2258,0.0,43.439,12.6846351851852,0.0,43.439,14.6405962962963
2259,0.0,38.256,14.7352037037037,0.0,38.256,16.3400925925926
2260,0.0,52.436,0.991822811447811,0.0,52.436,1.12322011784512
2261,0.0,52.436,0.991822811447811,0.0,52.436,1.12322011784512
2262,0.0,52.436,0.991822811447811,0.0,52.436,1.12322011784512
2263,0.0,52.436,0.991822811447811,0.0,52.436,1.12322011784512
2264,0.0,52.436,0.991822811447811,0.0,52.436,1.12322011784512
2265,0.0,52.436,0.991822811447811,0.0,52.436,1.12322011784512
2266,0.0,52.436,0.991822811447811,0.0,52.436,1.12322011784512
2267,0.0,52.436,0.991822811447811,0.0,52.436,1.12322011784512
2268,0.0,52.436,0.991822811447811,0.0,52.436,1.12322011784512
2269,0.0,52.436,0.991822811447811,0.0,52.436,1.12322011784512
2270,0.0,52.436,0.991822811447811,0.0,52.436,1.12322011784512
2271,0.0,52.436,0.991822811447811,0.0,52.436,1.12322011784512
2272,0.0,43.678,4.96597752808989,0.0,43.678,6.32442509363296
2273,0.0,43.678,4.96597752808989,0.0,43.678,6.32442509363296
2274,0.0,43.678,4.96597752808989,0.0,43.678,6.32442509363296
2275,0.0,43.678,4.96597752808989,0.0,43.678,6.32442509363296
2276,0.0,43.678,4.96597752808989,0.0,43.678,6.32442509363296
2277,0.0,40.103,4.38310239651416,0.0,40.103,5.71041630355846
2278,0.0,40.103,4.38310239651416,0.0,40.103,5.71041630355846
2279,0.0,40.103,4.38310239651416,0.0,40.103,5.71041630355846
2280,0.0,40.103,4.38310239651416,0.0,40.103,5.71041630355846
2281,0.0,40.103,4.38310239651416,0.0,40.103,5.71041630355846
2282,0.0,40.103,4.38310239651416,0.0,40.103,5.71041630355846
2283,0.0,57.603,6.99607486631016,0.0,57.603,8.54581966726084
2284,0.0,57.603,6.99607486631016,0.0,57.603,8.54581966726084
2285,0.0,57.603,6.99607486631016,0.0,57.603,8.54581966726084
2286,0.0,57.603,6.99607486631016,0.0,57.603,8.54581966726084
2287,0.0,57.603,6.99607486631016,0.0,57.603,8.54581966726084
2288,0.0,57.603,6.99607486631016,0.0,57.603,8.54581966726084
2289,0.0,57.603,6.99607486631016,0.0,57.603,8.54581966726084
2290,0.0,57.603,6.99607486631016,0.0,57.603,8.54581966726084
2291,0.0,44.452,5.31076331887443,0.0,44.452,6.63438004671338
2292,0.0,44.452,5.31076331887443,0.0,44.452,6.63438004671338
2293,0.0,44.452,5.31076331887443,0.0,44.452,6.63438004671338
2294,0.0,44.452,5.31076331887443,0.0,44.452,6.63438004671338
2295,0.0,44.452,5.31076331887443,0.0,44.452,6.63438004671338
2296,0.0,44.452,5.31076331887443,0.0,44.452,6.63438004671338
2297,0.0,44.452,5.31076331887443,0.0,44.452,6.63438004671338
2298,0.0,52.74,9.91181840277778,0.0,52.74,12.0647416666667
2299,0.0,44.452,5.31076331887443,0.0,44.452,6.63438004671338
2300,0.0,44.452,5.31076331887443,0.0,44.452,6.63438004671338
2301,0.0,44.452,5.31076331887443,0.0,44.452,6.63438004671338
2302,0.0,44.452,5.31076331887443,0.0,44.452,6.63438004671338
2303,0.0,44.452,5.31076331887443,0.0,44.452,6.63438004671338
2304,0.0,43.439,12.6846351851852,0.0,43.439,14.6405962962963
2305,0.0,43.439,12.6846351851852,0.0,43.439,14.6405962962963
2306,0.0,43.439,12.6846351851852,0.0,43.439,14.6405962962963
2307,0.0,43.439,12.6846351851852,0.0,43.439,14.6405962962963
2308,0.0,40.075,15.7145277777778,0.0,40.075,17.3989166666667
2309,0.0,43.439,12.6846351851852,0.0,43.439,14.6405962962963
2310,0.0,52.436,0.991822811447811,0.0,52.436,1.12322011784512
2311,0.0,52.436,0.991822811447811,0.0,52.436,1.12322011784512
2312,0.0,52.436,0.991822811447811,0.0,52.436,1.12322011784512
2313,0.0,52.436,0.991822811447811,0.0,52.436,1.12322011784512
2314,0.0,52.436,0.991822811447811,0.0,52.436,1.12322011784512
2315,0.0,52.436,0.991822811447811,0.0,52.436,1.12322011784512
2316,0.0,52.436,0.991822811447811,0.0,52.436,1.12322011784512
2317,0.0,52.436,0.991822811447811,0.0,52.436,1.12322011784512
2318,0.0,52.436,0.991822811447811,0.0,52.436,1.12322011784512
2319,0.0,52.436,0.991822811447811,0.0,52.436,1.12322011784512
2320,0.0,52.436,0.991822811447811,0.0,52.436,1.12322011784512
2321,0.0,52.436,0.991822811447811,0.0,52.436,1.12322011784512
2322,0.0,43.678,4.96597752808989,0.0,43.678,6.32442509363296
2323,0.0,40.103,4.38310239651416,0.0,40.103,5.71041630355846
2324,0.0,40.103,4.38310239651416,0.0,40.103,5.71041630355846
2325,0.0,40.103,4.38310239651416,0.0,40.103,5.71041630355846
2326,0.0,40.103,4.38310239651416,0.0,40.103,5.71041630355846
2327,0.0,40.103,4.38310239651416,0.0,40.103,5.71041630355846
2328,0.0,40.103,4.38310239651416,0.0,40.103,5.71041630355846
2329,0.0,40.103,4.38310239651416,0.0,40.103,5.71041630355846
2330,0.0,40.103,4.38310239651416,0.0,40.103,5.71041630355846
2331,0.0,57.603,6.99607486631016,0.0,57.603,8.54581966726084
2332,0.0,57.603,6.99607486631016,0.0,57.603,8.54581966726084
2333,0.0,57.603,6.99607486631016,0.0,57.603,8.54581966726084
2334,0.0,57.603,6.99607486631016,0.0,57.603,8.54581966726084
2335,0.0,38.97,16.5867296296296,0.0,38.97,17.784762962963
2336,0.0,44.452,5.31076331887443,0.0,44.452,6.63438004671338
2337,0.0,44.452,5.31076331887443,0.0,44.452,6.63438004671338
2338,0.0,44.452,5.31076331887443,0.0,44.452,6.63438004671338
2339,0.0,44.452,5.31076331887443,0.0,44.452,6.63438004671338
2340,0.0,44.452,5.31076331887443,0.0,44.452,6.63438004671338
2341,0.0,44.452,5.31076331887443,0.0,44.452,6.63438004671338
2342,0.0,44.452,5.31076331887443,0.0,44.452,6.63438004671338
2343,0.0,44.452,5.31076331887443,0.0,44.452,6.63438004671338
2344,0.0,44.452,5.31076331887443,0.0,44.452,6.63438004671338
2345,0.0,44.452,5.31076331887443,0.0,44.452,6.63438004671338
2346,0.0,44.452,5.31076331887443,0.0,44.452,6.63438004671338
2347,0.0,44.452,5.31076331887443,0.0,44.452,6.63438004671338
2348,0.0,44.452,5.31076331887443,0.0,44.452,6.63438004671338
2349,0.0,44.452,5.31076331887443,0.0,44.452,6.63438004671338
2350,0.0,44.452,5.31076331887443,0.0,44.452,6.63438004671338
2351,0.0,43.439,12.6846351851852,0.0,43.439,14.6405962962963
2352,0.0,43.439,12.6846351851852,0.0,43.439,14.6405962962963
2353,0.0,43.439,12.6846351851852,0.0,43.439,14.6405962962963
2354,0.0,43.439,12.6846351851852,0.0,43.439,14.6405962962963
2355,0.0,40.207,10.4539839273236,0.0,40.207,11.6530248078267
2356,0.0,43.439,12.6846351851852,0.0,43.439,14.6405962962963
2357,0.0,40.207,10.4539839273236,0.0,40.207,11.6530248078267
2358,0.0,40.207,10.4539839273236,0.0,40.207,11.6530248078267
2359,0.0,52.436,0.991822811447811,0.0,52.436,1.12322011784512
2360,0.0,52.436,0.991822811447811,0.0,52.436,1.12322011784512
2361,0.0,52.436,0.991822811447811,0.0,52.436,1.12322011784512
2362,0.0,52.436,0.991822811447811,0.0,52.436,1.12322011784512
2363,0.0,52.436,0.991822811447811,0.0,52.436,1.12322011784512
2364,0.0,52.436,0.991822811447811,0.0,52.436,1.12322011784512
2365,0.0,52.436,0.991822811447811,0.0,52.436,1.12322011784512
2366,0.0,52.436,0.991822811447811,0.0,52.436,1.12322011784512
2367,0.0,52.436,0.991822811447811,0.0,52.436,1.12322011784512
2368,0.0,52.436,0.991822811447811,0.0,52.436,1.12322011784512
2369,0.0,52.436,0.991822811447811,0.0,52.436,1.12322011784512
2370,0.0,40.103,4.38310239651416,0.0,40.103,5.71041630355846
2371,0.0,40.103,4.38310239651416,0.0,40.103,5.71041630355846
2372,0.0,40.103,4.38310239651416,0.0,40.103,5.71041630355846
2373,0.0,40.103,4.38310239651416,0.0,40.103,5.71041630355846
2374,0.0,40.103,4.38310239651416,0.0,40.103,5.71041630355846
2375,0.0,40.103,4.38310239651416,0.0,40.103,5.71041630355846
2376,0.0,40.103,4.38310239651416,0.0,40.103,5.71041630355846
2377,0.0,40.103,4.38310239651416,0.0,40.103,5.71041630355846
2378,0.0,40.103,4.38310239651416,0.0,40.103,5.71041630355846
2379,0.0,57.603,6.99607486631016,0.0,57.603,8.54581966726084
2380,0.0,57.603,6.99607486631016,0.0,57.603,8.54581966726084
2381,0.0,57.603,6.99607486631016,0.0,57.603,8.54581966726084
2382,0.0,57.603,6.99607486631016,0.0,57.603,8.54581966726084
2383,0.0,57.603,6.99607486631016,0.0,57.603,8.54581966726084
2384,0.0,44.452,5.31076331887443,0.0,44.452,6.63438004671338
2385,0.0,44.452,5.31076331887443,0.0,44.452,6.63438004671338
2386,0.0,44.452,5.31076331887443,0.0,44.452,6.63438004671338
2387,0.0,44.452,5.31076331887443,0.0,44.452,6.63438004671338
2388,0.0,44.452,5.31076331887443,0.0,44.452,6.63438004671338
2389,0.0,44.452,5.31076331887443,0.0,44.452,6.63438004671338
2390,0.0,44.452,5.31076331887443,0.0,44.452,6.63438004671338
2391,0.0,44.452,5.31076331887443,0.0,44.452,6.63438004671338
2392,0.0,44.452,5.31076331887443,0.0,44.452,6.63438004671338
2393,0.0,44.452,5.31076331887443,0.0,44.452,6.63438004671338
2394,0.0,44.452,5.31076331887443,0.0,44.452,6.63438004671338
2395,0.0,44.452,5.31076331887443,0.0,44.452,6.63438004671338
2396,0.0,44.452,5.31076331887443,0.0,44.452,6.63438004671338
2397,0.0,44.452,5.31076331887443,0.0,44.452,6.63438004671338
2398,0.0,44.452,5.31076331887443,0.0,44.452,6.63438004671338
2399,0.0,43.439,12.6846351851852,0.0,43.439,14.6405962962963
2400,0.0,43.439,12.6846351851852,0.0,43.439,14.6405962962963
2401,0.0,43.439,12.6846351851852,0.0,43.439,14.6405962962963
2402,0.0,43.439,12.6846351851852,0.0,43.439,14.6405962962963
2403,0.0,40.207,10.4539839273236,0.0,40.207,11.6530248078267
2404,0.0,40.207,10.4539839273236,0.0,40.207,11.6530248078267
2405,0.0,40.207,10.4539839273236,0.0,40.207,11.6530248078267
2406,0.0,40.207,10.4539839273236,0.0,40.207,11.6530248078267
2407,0.0,40.207,10.4539839273236,0.0,40.207,11.6530248078267
2408,0.0,52.436,0.991822811447811,0.0,52.436,1.12322011784512
2409,0.0,52.436,0.991822811447811,0.0,52.436,1.12322011784512
2410,0.0,52.436,0.991822811447811,0.0,52.436,1.12322011784512
2411,0.0,52.436,0.991822811447811,0.0,52.436,1.12322011784512
2412,0.0,52.436,0.991822811447811,0.0,52.436,1.12322011784512
2413,0.0,52.436,0.991822811447811,0.0,52.436,1.12322011784512
2414,0.0,52.436,0.991822811447811,0.0,52.436,1.12322011784512
2415,0.0,52.436,0.991822811447811,0.0,52.436,1.12322011784512
2416,0.0,52.436,0.991822811447811,0.0,52.436,1.12322011784512
2417,0.0,52.436,0.991822811447811,0.0,52.436,1.12322011784512
2418,0.0,52.436,0.991822811447811,0.0,52.436,1.12322011784512
2419,0.0,52.436,0.991822811447811,0.0,52.436,1.12322011784512
2420,0.0,40.103,4.38310239651416,0.0,40.103,5.71041630355846
2421,0.0,52.436,0.991822811447811,0.0,52.436,1.12322011784512
2422,0.0,40.103,4.38310239651416,0.0,40.103,5.71041630355846
2423,0.0,40.103,4.38310239651416,0.0,40.103,5.71041630355846
2424,0.0,40.103,4.38310239651416,0.0,40.103,5.71041630355846
2425,0.0,40.103,4.38310239651416,0.0,40.103,5.71041630355846
2426,0.0,40.103,4.38310239651416,0.0,40.103,5.71041630355846
2427,0.0,40.103,4.38310239651416,0.0,40.103,5.71041630355846
2428,0.0,57.603,6.99607486631016,0.0,57.603,8.54581966726084
2429,0.0,57.603,6.99607486631016,0.0,57.603,8.54581966726084
2430,0.0,57.603,6.99607486631016,0.0,57.603,8.54581966726084
2431,0.0,57.603,6.99607486631016,0.0,57.603,8.54581966726084
2432,0.0,44.452,5.31076331887443,0.0,44.452,6.63438004671338
2433,0.0,44.452,5.31076331887443,0.0,44.452,6.63438004671338
2434,0.0,44.452,5.31076331887443,0.0,44.452,6.63438004671338
2435,0.0,44.452,5.31076331887443,0.0,44.452,6.63438004671338
2436,0.0,44.452,5.31076331887443,0.0,44.452,6.63438004671338
2437,0.0,44.452,5.31076331887443,0.0,44.452,6.63438004671338
2438,0.0,44.452,5.31076331887443,0.0,44.452,6.63438004671338
2439,0.0,44.452,5.31076331887443,0.0,44.452,6.63438004671338
2440,0.0,44.452,5.31076331887443,0.0,44.452,6.63438004671338
2441,0.0,44.452,5.31076331887443,0.0,44.452,6.63438004671338
2442,0.0,44.452,5.31076331887443,0.0,44.452,6.63438004671338
2443,0.0,44.452,5.31076331887443,0.0,44.452,6.63438004671338
2444,0.0,44.452,5.31076331887443,0.0,44.452,6.63438004671338
2445,0.0,44.452,5.31076331887443,0.0,44.452,6.63438004671338
2446,0.0,44.452,5.31076331887443,0.0,44.452,6.63438004671338
2447,0.0,44.452,5.31076331887443,0.0,44.452,6.63438004671338
2448,0.0,43.439,12.6846351851852,0.0,43.439,14.6405962962963
2449,0.0,40.207,10.4539839273236,0.0,40.207,11.6530248078267
2450,0.0,40.207,10.4539839273236,0.0,40.207,11.6530248078267
2451,0.0,40.207,10.4539839273236,0.0,40.207,11.6530248078267
2452,0.0,40.207,10.4539839273236,0.0,40.207,11.6530248078267
2453,0.0,40.207,10.4539839273236,0.0,40.207,11.6530248078267
2454,0.0,40.207,10.4539839273236,0.0,40.207,11.6530248078267
2455,0.0,40.207,10.4539839273236,0.0,40.207,11.6530248078267
2456,0.0,40.207,10.4539839273236,0.0,40.207,11.6530248078267
2457,0.0,38.832,14.0352940991839,0.0,38.832,15.0026792215945
2458,0.0,52.436,0.991822811447811,0.0,52.436,1.12322011784512
2459,0.0,52.436,0.991822811447811,0.0,52.436,1.12322011784512
2460,0.0,52.436,0.991822811447811,0.0,52.436,1.12322011784512
2461,0.0,52.436,0.991822811447811,0.0,52.436,1.12322011784512
2462,0.0,52.436,0.991822811447811,0.0,52.436,1.12322011784512
2463,0.0,52.436,0.991822811447811,0.0,52.436,1.12322011784512
2464,0.0,52.436,0.991822811447811,0.0,52.436,1.12322011784512
2465,0.0,52.436,0.991822811447811,0.0,52.436,1.12322011784512
2466,0.0,52.436,0.991822811447811,0.0,52.436,1.12322011784512
2467,0.0,52.436,0.991822811447811,0.0,52.436,1.12322011784512
2468,0.0,52.436,0.991822811447811,0.0,52.436,1.12322011784512
2469,0.0,52.436,0.991822811447811,0.0,52.436,1.12322011784512
2470,0.0,52.436,0.991822811447811,0.0,52.436,1.12322011784512
2471,0.0,52.436,0.991822811447811,0.0,52.436,1.12322011784512
2472,0.0,52.436,0.991822811447811,0.0,52.436,1.12322011784512
2473,0.0,52.436,0.991822811447811,0.0,52.436,1.12322011784512
2474,0.0,52.436,0.991822811447811,0.0,52.436,1.12322011784512
2475,0.0,52.436,0.991822811447811,0.0,52.436,1.12322011784512
2476,0.0,40.103,4.38310239651416,0.0,40.103,5.71041630355846
2477,0.0,40.103,4.38310239651416,0.0,40.103,5.71041630355846
2478,0.0,40.103,4.38310239651416,0.0,40.103,5.71041630355846
2479,0.0,57.603,6.99607486631016,0.0,57.603,8.54581966726084
2480,0.0,57.603,6.99607486631016,0.0,57.603,8.54581966726084
2481,0.0,44.452,5.31076331887443,0.0,44.452,6.63438004671338
2482,0.0,44.452,5.31076331887443,0.0,44.452,6.63438004671338
2483,0.0,44.452,5.31076331887443,0.0,44.452,6.63438004671338
2484,0.0,44.452,5.31076331887443,0.0,44.452,6.63438004671338
2485,0.0,44.452,5.31076331887443,0.0,44.452,6.63438004671338
2486,0.0,44.452,5.31076331887443,0.0,44.452,6.63438004671338
2487,0.0,44.452,5.31076331887443,0.0,44.452,6.63438004671338
2488,0.0,44.452,5.31076331887443,0.0,44.452,6.63438004671338
2489,0.0,44.452,5.31076331887443,0.0,44.452,6.63438004671338
2490,0.0,44.452,5.31076331887443,0.0,44.452,6.63438004671338
2491,0.0,44.452,5.31076331887443,0.0,44.452,6.63438004671338
2492,0.0,44.452,5.31076331887443,0.0,44.452,6.63438004671338
2493,0.0,44.452,5.31076331887443,0.0,44.452,6.63438004671338
2494,0.0,44.452,5.31076331887443,0.0,44.452,6.63438004671338
2495,0.0,44.452,5.31076331887443,0.0,44.452,6.63438004671338
2496,0.0,44.452,5.31076331887443,0.0,44.452,6.63438004671338
2497,0.0,44.452,5.31076331887443,0.0,44.452,6.63438004671338
2498,0.0,44.452,5.31076331887443,0.0,44.452,6.63438004671338
2499,0.0,40.207,10.4539839273236,0.0,40.207,11.6530248078267
2500,0.0,40.207,10.4539839273236,0.0,40.207,11.6530248078267
2501,0.0,40.207,10.4539839273236,0.0,40.207,11.6530248078267
2502,0.0,40.207,10.4539839273236,0.0,40.207,11.6530248078267
2503,0.0,40.207,10.4539839273236,0.0,40.207,11.6530248078267
2504,0.0,40.207,10.4539839273236,0.0,40.207,11.6530248078267
2505,0.0,40.207,10.4539839273236,0.0,40.207,11.6530248078267
2506,0.0,38.832,14.0352940991839,0.0,38.832,15.0026792215945
2507,0.0,38.832,14.0352940991839,0.0,38.832,15.0026792215945
2508,0.0,38.832,14.0352940991839,0.0,38.832,15.0026792215945
2509,0.0,38.832,14.0352940991839,0.0,38.832,15.0026792215945
2510,0.0,52.436,0.991822811447811,0.0,52.436,1.12322011784512
2511,0.0,52.436,0.991822811447811,0.0,52.436,1.12322011784512
2512,0.0,52.436,0.991822811447811,0.0,52.436,1.12322011784512
2513,0.0,52.436,0.991822811447811,0.0,52.436,1.12322011784512
2514,0.0,52.436,0.991822811447811,0.0,52.436,1.12322011784512
2515,0.0,52.436,0.991822811447811,0.0,52.436,1.12322011784512
2516,0.0,52.436,0.991822811447811,0.0,52.436,1.12322011784512
2517,0.0,52.436,0.991822811447811,0.0,52.436,1.12322011784512
2518,0.0,52.436,0.991822811447811,0.0,52.436,1.12322011784512
2519,0.0,52.436,0.991822811447811,0.0,52.436,1.12322011784512
2520,0.0,52.436,0.991822811447811,0.0,52.436,1.12322011784512
2521,0.0,52.436,0.991822811447811,0.0,52.436,1.12322011784512
2522,0.0,52.436,0.991822811447811,0.0,52.436,1.12322011784512
2523,0.0,52.436,0.991822811447811,0.0,52.436,1.12322011784512
2524,0.0,52.436,0.991822811447811,0.0,52.436,1.12322011784512
2525,0.0,40.103,4.38310239651416,0.0,40.103,5.71041630355846
2526,0.0,40.103,4.38310239651416,0.0,40.103,5.71041630355846
2527,0.0,57.603,6.99607486631016,0.0,57.603,8.54581966726084
2528,0.0,57.603,6.99607486631016,0.0,57.603,8.54581966726084
2529,0.0,44.452,5.31076331887443,0.0,44.452,6.63438004671338
2530,0.0,44.452,5.31076331887443,0.0,44.452,6.63438004671338
2531,0.0,44.452,5.31076331887443,0.0,44.452,6.63438004671338
2532,0.0,44.452,5.31076331887443,0.0,44.452,6.63438004671338
2533,0.0,44.452,5.31076331887443,0.0,44.452,6.63438004671338
2534,0.0,44.452,5.31076331887443,0.0,44.452,6.63438004671338
2535,0.0,44.452,5.31076331887443,0.0,44.452,6.63438004671338
2536,0.0,44.452,5.31076331887443,0.0,44.452,6.63438004671338
2537,0.0,44.452,5.31076331887443,0.0,44.452,6.63438004671338
2538,0.0,44.452,5.31076331887443,0.0,44.452,6.63438004671338
2539,0.0,44.452,5.31076331887443,0.0,44.452,6.63438004671338
2540,0.0,44.452,5.31076331887443,0.0,44.452,6.63438004671338
2541,0.0,44.452,5.31076331887443,0.0,44.452,6.63438004671338
2542,0.0,44.452,5.31076331887443,0.0,44.452,6.63438004671338
2543,0.0,44.452,5.31076331887443,0.0,44.452,6.63438004671338
2544,0.0,44.452,5.31076331887443,0.0,44.452,6.63438004671338
2545,0.0,44.452,5.31076331887443,0.0,44.452,6.63438004671338
2546,0.0,40.207,10.4539839273236,0.0,40.207,11.6530248078267
2547,0.0,40.207,10.4539839273236,0.0,40.207,11.6530248078267
2548,0.0,40.207,10.4539839273236,0.0,40.207,11.6530248078267
2549,0.0,40.207,10.4539839273236,0.0,40.207,11.6530248078267
2550,0.0,40.207,10.4539839273236,0.0,40.207,11.6530248078267
2551,0.0,40.207,10.4539839273236,0.0,40.207,11.6530248078267
2552,0.0,40.207,10.4539839273236,0.0,40.207,11.6530248078267
2553,0.0,38.832,14.0352940991839,0.0,38.832,15.0026792215945
2554,0.0,38.832,14.0352940991839,0.0,38.832,15.0026792215945
2555,0.0,38.832,14.0352940991839,0.0,38.832,15.0026792215945
2556,0.0,38.832,14.0352940991839,0.0,38.832,15.0026792215945
2557,0.0,38.832,14.0352940991839,0.0,38.832,15.0026792215945
2558,0.0,38.832,14.0352940991839,0.0,38.832,15.0026792215945
2559,0.0,40.127,17.0321144781145,0.0,40.127,18.1351346801347
2560,0.0,52.436,0.991822811447811,0.0,52.436,1.12322011784512
2561,0.0,52.436,0.991822811447811,0.0,52.436,1.12322011784512
2562,0.0,52.436,0.991822811447811,0.0,52.436,1.12322011784512
2563,0.0,52.436,0.991822811447811,0.0,52.436,1.12322011784512
2564,0.0,52.436,0.991822811447811,0.0,52.436,1.12322011784512
2565,0.0,52.436,0.991822811447811,0.0,52.436,1.12322011784512
2566,0.0,52.436,0.991822811447811,0.0,52.436,1.12322011784512
2567,0.0,52.436,0.991822811447811,0.0,52.436,1.12322011784512
2568,0.0,52.436,0.991822811447811,0.0,52.436,1.12322011784512
2569,0.0,52.436,0.991822811447811,0.0,52.436,1.12322011784512
2570,0.0,52.436,0.991822811447811,0.0,52.436,1.12322011784512
2571,0.0,51.175,0.959301346801347,0.0,51.175,1.03299225589226
2572,0.0,40.103,4.38310239651416,0.0,40.103,5.71041630355846
2573,0.0,57.603,6.99607486631016,0.0,57.603,8.54581966726084
2574,0.0,57.603,6.99607486631016,0.0,57.603,8.54581966726084
2575,0.0,44.452,5.31076331887443,0.0,44.452,6.63438004671338
2576,0.0,44.452,5.31076331887443,0.0,44.452,6.63438004671338
2577,0.0,44.452,5.31076331887443,0.0,44.452,6.63438004671338
2578,0.0,44.452,5.31076331887443,0.0,44.452,6.63438004671338
2579,0.0,44.452,5.31076331887443,0.0,44.452,6.63438004671338
2580,0.0,44.452,5.31076331887443,0.0,44.452,6.63438004671338
2581,0.0,44.452,5.31076331887443,0.0,44.452,6.63438004671338
2582,0.0,44.452,5.31076331887443,0.0,44.452,6.63438004671338
2583,0.0,44.452,5.31076331887443,0.0,44.452,6.63438004671338
2584,0.0,44.452,5.31076331887443,0.0,44.452,6.63438004671338
2585,0.0,44.452,5.31076331887443,0.0,44.452,6.63438004671338
2586,0.0,44.452,5.31076331887443,0.0,44.452,6.63438004671338
2587,0.0,44.452,5.31076331887443,0.0,44.452,6.63438004671338
2588,0.0,44.452,5.31076331887443,0.0,44.452,6.63438004671338
2589,0.0,44.452,5.31076331887443,0.0,44.452,6.63438004671338
2590,0.0,44.452,5.31076331887443,0.0,44.452,6.63438004671338
2591,0.0,44.452,5.31076331887443,0.0,44.452,6.63438004671338
2592,0.0,40.207,10.4539839273236,0.0,40.207,11.6530248078267
2593,0.0,40.207,10.4539839273236,0.0,40.207,11.6530248078267
2594,0.0,40.207,10.4539839273236,0.0,40.207,11.6530248078267
2595,0.0,40.207,10.4539839273236,0.0,40.207,11.6530248078267
2596,0.0,40.207,10.4539839273236,0.0,40.207,11.6530248078267
2597,0.0,40.207,10.4539839273236,0.0,40.207,11.6530248078267
2598,0.0,38.832,14.0352940991839,0.0,38.832,15.0026792215945
2599,0.0,38.832,14.0352940991839,0.0,38.832,15.0026792215945
2600,0.0,38.832,14.0352940991839,0.0,38.832,15.0026792215945
2601,0.0,38.832,14.0352940991839,0.0,38.832,15.0026792215945
2602,0.0,38.832,14.0352940991839,0.0,38.832,15.0026792215945
2603,0.0,38.832,14.0352940991839,0.0,38.832,15.0026792215945
2604,0.0,38.832,14.0352940991839,0.0,38.832,15.0026792215945
2605,0.0,40.127,17.0321144781145,0.0,40.127,18.1351346801347
2606,0.0,40.127,17.0321144781145,0.0,40.127,18.1351346801347
2607,0.0,40.127,17.0321144781145,0.0,40.127,18.1351346801347
2608,0.0,52.436,0.991822811447811,0.0,52.436,1.12322011784512
2609,0.0,52.436,0.991822811447811,0.0,52.436,1.12322011784512
2610,0.0,52.436,0.991822811447811,0.0,52.436,1.12322011784512
2611,0.0,52.436,0.991822811447811,0.0,52.436,1.12322011784512
2612,0.0,52.436,0.991822811447811,0.0,52.436,1.12322011784512
2613,0.0,52.436,0.991822811447811,0.0,52.436,1.12322011784512
2614,0.0,52.436,0.991822811447811,0.0,52.436,1.12322011784512
2615,0.0,52.436,0.991822811447811,0.0,52.436,1.12322011784512
2616,0.0,52.436,0.991822811447811,0.0,52.436,1.12322011784512
2617,0.0,52.436,0.991822811447811,0.0,52.436,1.12322011784512
2618,0.0,51.175,0.959301346801347,0.0,51.175,1.03299225589226
2619,0.0,51.175,0.959301346801347,0.0,51.175,1.03299225589226
2620,0.0,51.175,0.959301346801347,0.0,51.175,1.03299225589226
2621,0.0,51.175,0.959301346801347,0.0,51.175,1.03299225589226
2622,0.0,57.603,6.99607486631016,0.0,57.603,8.54581966726084
2623,0.0,44.452,5.31076331887443,0.0,44.452,6.63438004671338
2624,0.0,44.452,5.31076331887443,0.0,44.452,6.63438004671338
2625,0.0,44.452,5.31076331887443,0.0,44.452,6.63438004671338
2626,0.0,44.452,5.31076331887443,0.0,44.452,6.63438004671338
2627,0.0,44.452,5.31076331887443,0.0,44.452,6.63438004671338
2628,0.0,44.452,5.31076331887443,0.0,44.452,6.63438004671338
2629,0.0,44.452,5.31076331887443,0.0,44.452,6.63438004671338
2630,0.0,44.452,5.31076331887443,0.0,44.452,6.63438004671338
2631,0.0,44.452,5.31076331887443,0.0,44.452,6.63438004671338
2632,0.0,23.3,7.98224074074074,0.0,26.613,12.4790740740741
2633,0.0,29.363,8.40144444444445,0.0,29.363,11.8057777777778
2634,0.0,44.452,5.31076331887443,0.0,44.452,6.63438004671338
2635,0.0,44.452,5.31076331887443,0.0,44.452,6.63438004671338
2636,0.0,44.452,5.31076331887443,0.0,44.452,6.63438004671338
2637,0.0,44.452,5.31076331887443,0.0,44.452,6.63438004671338
2638,0.0,44.452,5.31076331887443,0.0,44.452,6.63438004671338
2639,0.0,44.452,5.31076331887443,0.0,44.452,6.63438004671338
2640,0.0,44.452,5.31076331887443,0.0,44.452,6.63438004671338
2641,0.0,44.452,5.31076331887443,0.0,44.452,6.63438004671338
2642,0.0,40.207,10.4539839273236,0.0,40.207,11.6530248078267
2643,0.0,44.452,5.31076331887443,0.0,44.452,6.63438004671338
2644,0.0,40.207,10.4539839273236,0.0,40.207,11.6530248078267
2645,0.0,38.832,14.0352940991839,0.0,38.832,15.0026792215945
2646,0.0,38.832,14.0352940991839,0.0,38.832,15.0026792215945
2647,0.0,38.832,14.0352940991839,0.0,38.832,15.0026792215945
2648,0.0,38.832,14.0352940991839,0.0,38.832,15.0026792215945
2649,0.0,38.832,14.0352940991839,0.0,38.832,15.0026792215945
2650,0.0,38.832,14.0352940991839,0.0,38.832,15.0026792215945
2651,0.0,37.938,16.5729259259259,0.0,37.938,17.4788703703704
2652,0.0,38.832,14.0352940991839,0.0,38.832,15.0026792215945
2653,0.0,40.127,17.0321144781145,0.0,40.127,18.1351346801347
2654,0.0,40.127,17.0321144781145,0.0,40.127,18.1351346801347
2655,0.0,40.127,17.0321144781145,0.0,40.127,18.1351346801347
2656,0.0,40.127,17.0321144781145,0.0,40.127,18.1351346801347
2657,0.0,40.127,17.0321144781145,0.0,40.127,18.1351346801347
2658,0.0,52.436,0.991822811447811,0.0,52.436,1.12322011784512
2659,0.0,52.436,0.991822811447811,0.0,52.436,1.12322011784512
2660,0.0,52.436,0.991822811447811,0.0,52.436,1.12322011784512
2661,0.0,52.436,0.991822811447811,0.0,52.436,1.12322011784512
2662,0.0,52.436,0.991822811447811,0.0,52.436,1.12322011784512
2663,0.0,52.436,0.991822811447811,0.0,52.436,1.12322011784512
2664,0.0,52.436,0.991822811447811,0.0,52.436,1.12322011784512
2665,0.0,51.175,0.959301346801347,0.0,51.175,1.03299225589226
2666,0.0,51.175,0.959301346801347,0.0,51.175,1.03299225589226
2667,0.0,51.175,0.959301346801347,0.0,51.175,1.03299225589226
2668,0.0,51.175,0.959301346801347,0.0,51.175,1.03299225589226
2669,0.0,51.175,0.959301346801347,0.0,51.175,1.03299225589226
2670,0.0,51.175,0.959301346801347,0.0,51.175,1.03299225589226
2671,0.0,57.603,6.99607486631016,0.0,57.603,8.54581966726084
2672,0.0,44.452,5.31076331887443,0.0,44.452,6.63438004671338
2673,0.0,44.452,5.31076331887443,0.0,44.452,6.63438004671338
2674,0.0,44.452,5.31076331887443,0.0,44.452,6.63438004671338
2675,0.0,44.452,5.31076331887443,0.0,44.452,6.63438004671338
2676,0.0,44.452,5.31076331887443,0.0,44.452,6.63438004671338
2677,0.0,44.452,5.31076331887443,0.0,44.452,6.63438004671338
2678,0.0,44.452,5.31076331887443,0.0,44.452,6.63438004671338
2679,0.0,44.452,5.31076331887443,0.0,44.452,6.63438004671338
2680,0.0,44.452,5.31076331887443,0.0,44.452,6.63438004671338
2681,0.0,29.363,8.40144444444445,0.0,29.363,11.8057777777778
2682,0.0,44.452,5.31076331887443,0.0,44.452,6.63438004671338
2683,0.0,44.452,5.31076331887443,0.0,44.452,6.63438004671338
2684,0.0,44.452,5.31076331887443,0.0,44.452,6.63438004671338
2685,0.0,44.452,5.31076331887443,0.0,44.452,6.63438004671338
2686,0.0,44.452,5.31076331887443,0.0,44.452,6.63438004671338
2687,0.0,44.452,5.31076331887443,0.0,44.452,6.63438004671338
2688,0.0,44.452,5.31076331887443,0.0,44.452,6.63438004671338
2689,0.0,44.452,5.31076331887443,0.0,44.452,6.63438004671338
2690,0.0,44.452,5.31076331887443,0.0,44.452,6.63438004671338
2691,0.0,44.452,5.31076331887443,0.0,44.452,6.63438004671338
2692,0.0,40.207,10.4539839273236,0.0,40.207,11.6530248078267
2693,0.0,38.832,14.0352940991839,0.0,38.832,15.0026792215945
2694,0.0,38.832,14.0352940991839,0.0,38.832,15.0026792215945
2695,0.0,38.832,14.0352940991839,0.0,38.832,15.0026792215945
2696,0.0,38.832,14.0352940991839,0.0,38.832,15.0026792215945
2697,0.0,38.832,14.0352940991839,0.0,38.832,15.0026792215945
2698,0.0,38.832,14.0352940991839,0.0,38.832,15.0026792215945
2699,0.0,38.832,14.0352940991839,0.0,38.832,15.0026792215945
2700,0.0,37.724,17.1988888888889,0.0,37.724,18.5487777777778
2701,0.0,38.132,16.6107407407407,0.0,38.132,17.5091851851852
2702,0.0,40.127,17.0321144781145,0.0,40.127,18.1351346801347
2703,0.0,40.127,17.0321144781145,0.0,40.127,18.1351346801347
2704,0.0,40.127,17.0321144781145,0.0,40.127,18.1351346801347
2705,0.0,40.127,17.0321144781145,0.0,40.127,18.1351346801347
2706,0.0,40.127,17.0321144781145,0.0,40.127,18.1351346801347
2707,0.0,40.031,17.5906627680312,0.0,40.031,18.8236671539961
2708,0.0,43.617,13.6398148148148,0.0,43.617,15.5587800925926
2709,0.0,52.436,0.991822811447811,0.0,52.436,1.12322011784512
2710,0.0,52.436,0.991822811447811,0.0,52.436,1.12322011784512
2711,0.0,52.436,0.991822811447811,0.0,52.436,1.12322011784512
2712,0.0,51.175,0.959301346801347,0.0,51.175,1.03299225589226
2713,0.0,51.175,0.959301346801347,0.0,51.175,1.03299225589226
2714,0.0,51.175,0.959301346801347,0.0,51.175,1.03299225589226
2715,0.0,51.175,0.959301346801347,0.0,51.175,1.03299225589226
2716,0.0,51.175,0.959301346801347,0.0,51.175,1.03299225589226
2717,0.0,51.175,0.959301346801347,0.0,51.175,1.03299225589226
2718,0.0,51.175,0.959301346801347,0.0,51.175,1.03299225589226
2719,0.0,51.175,0.959301346801347,0.0,51.175,1.03299225589226
2720,0.0,51.175,0.959301346801347,0.0,51.175,1.03299225589226
2721,0.0,44.452,5.31076331887443,0.0,44.452,6.63438004671338
2722,0.0,44.452,5.31076331887443,0.0,44.452,6.63438004671338
2723,0.0,44.452,5.31076331887443,0.0,44.452,6.63438004671338
2724,0.0,44.452,5.31076331887443,0.0,44.452,6.63438004671338
2725,0.0,44.452,5.31076331887443,0.0,44.452,6.63438004671338
2726,0.0,44.452,5.31076331887443,0.0,44.452,6.63438004671338
2727,0.0,44.452,5.31076331887443,0.0,44.452,6.63438004671338
2728,0.0,44.452,5.31076331887443,0.0,44.452,6.63438004671338
2729,0.0,44.452,5.31076331887443,0.0,44.452,6.63438004671338
2730,0.0,29.363,8.40144444444445,0.0,29.363,11.8057777777778
2731,0.0,44.452,5.31076331887443,0.0,44.452,6.63438004671338
2732,0.0,44.452,5.31076331887443,0.0,44.452,6.63438004671338
2733,0.0,44.452,5.31076331887443,0.0,44.452,6.63438004671338
2734,0.0,44.452,5.31076331887443,0.0,44.452,6.63438004671338
2735,0.0,44.452,5.31076331887443,0.0,44.452,6.63438004671338
2736,0.0,44.452,5.31076331887443,0.0,44.452,6.63438004671338
2737,0.0,44.452,5.31076331887443,0.0,44.452,6.63438004671338
2738,0.0,44.452,5.31076331887443,0.0,44.452,6.63438004671338
2739,0.0,44.452,5.31076331887443,0.0,44.452,6.63438004671338
2740,0.0,44.452,5.31076331887443,0.0,44.452,6.63438004671338
2741,0.0,33.421,3.1080725308642,0.0,33.421,4.29420164609054
2742,0.0,35.739,3.95566728395062,0.0,35.739,4.91868868312757
2743,0.0,35.739,3.95566728395062,0.0,35.739,4.91868868312757
2744,0.0,35.739,3.95566728395062,0.0,35.739,4.91868868312757
2745,0.0,38.832,14.0352940991839,0.0,38.832,15.0026792215945
2746,0.0,38.832,14.0352940991839,0.0,38.832,15.0026792215945
2747,0.0,38.832,14.0352940991839,0.0,38.832,15.0026792215945
2748,0.0,38.832,14.0352940991839,0.0,38.832,15.0026792215945
2749,0.0,38.832,14.0352940991839,0.0,38.832,15.0026792215945
2750,0.0,38.832,14.0352940991839,0.0,38.832,15.0026792215945
2751,0.0,40.127,17.0321144781145,0.0,40.127,18.1351346801347
2752,0.0,40.127,17.0321144781145,0.0,40.127,18.1351346801347
2753,0.0,40.127,17.0321144781145,0.0,40.127,18.1351346801347
2754,0.0,40.127,17.0321144781145,0.0,40.127,18.1351346801347
2755,0.0,40.031,17.5906627680312,0.0,40.031,18.8236671539961
2756,0.0,40.031,17.5906627680312,0.0,40.031,18.8236671539961
2757,0.0,40.031,17.5906627680312,0.0,40.031,18.8236671539961
2758,0.0,40.031,17.5906627680312,0.0,40.031,18.8236671539961
2759,0.0,37.926,20.0604867724868,0.0,37.926,21.9245185185185
2760,0.0,38.0,20.4846851851852,0.0,38.0,22.1822407407407
2761,0.0,43.617,13.6398148148148,0.0,43.617,15.5587800925926
2762,0.0,43.617,13.6398148148148,0.0,43.617,15.5587800925926
2763,0.0,43.617,13.6398148148148,0.0,43.617,15.5587800925926
2764,0.0,38.852,14.1540777777778,0.0,38.852,15.8578777777778
2765,0.0,38.852,14.1540777777778,0.0,38.852,15.8578777777778
2766,0.0,38.852,14.1540777777778,0.0,38.852,15.8578777777778
2767,0.0,52.436,0.991822811447811,0.0,52.436,1.12322011784512
2768,0.0,52.436,0.991822811447811,0.0,52.436,1.12322011784512
2769,0.0,52.436,0.991822811447811,0.0,52.436,1.12322011784512
2770,0.0,51.175,0.959301346801347,0.0,51.175,1.03299225589226
2771,0.0,51.175,0.959301346801347,0.0,51.175,1.03299225589226
2772,0.0,51.175,0.959301346801347,0.0,51.175,1.03299225589226
2773,0.0,51.175,0.959301346801347,0.0,51.175,1.03299225589226
2774,0.0,51.175,0.959301346801347,0.0,51.175,1.03299225589226
2775,0.0,51.175,0.959301346801347,0.0,51.175,1.03299225589226
2776,0.0,51.175,0.959301346801347,0.0,51.175,1.03299225589226
2777,0.0,51.175,0.959301346801347,0.0,51.175,1.03299225589226
2778,0.0,53.362,1.32712286324786,0.0,53.362,1.48377884615385
2779,0.0,51.175,0.959301346801347,0.0,51.175,1.03299225589226
2780,0.0,53.362,1.32712286324786,0.0,53.362,1.48377884615385
2781,0.0,44.452,5.31076331887443,0.0,44.452,6.63438004671338
2782,0.0,44.452,5.31076331887443,0.0,44.452,6.63438004671338
2783,0.0,44.452,5.31076331887443,0.0,44.452,6.63438004671338
2784,0.0,44.452,5.31076331887443,0.0,44.452,6.63438004671338
2785,0.0,44.452,5.31076331887443,0.0,44.452,6.63438004671338
2786,0.0,44.452,5.31076331887443,0.0,44.452,6.63438004671338
2787,0.0,44.452,5.31076331887443,0.0,44.452,6.63438004671338
2788,0.0,44.452,5.31076331887443,0.0,44.452,6.63438004671338
2789,0.0,44.452,5.31076331887443,0.0,44.452,6.63438004671338
2790,0.0,44.452,5.31076331887443,0.0,44.452,6.63438004671338
2791,0.0,44.452,5.31076331887443,0.0,44.452,6.63438004671338
2792,0.0,33.421,3.1080725308642,0.0,33.421,4.29420164609054
2793,0.0,44.452,5.31076331887443,0.0,44.452,6.63438004671338
2794,0.0,33.421,3.1080725308642,0.0,33.421,4.29420164609054
2795,0.0,44.452,5.31076331887443,0.0,44.452,6.63438004671338
2796,0.0,44.452,5.31076331887443,0.0,44.452,6.63438004671338
2797,0.0,44.452,5.31076331887443,0.0,44.452,6.63438004671338
2798,0.0,33.421,3.1080725308642,0.0,33.421,4.29420164609054
2799,0.0,33.421,3.1080725308642,0.0,33.421,4.29420164609054
2800,0.0,35.739,3.95566728395062,0.0,35.739,4.91868868312757
2801,0.0,35.739,3.95566728395062,0.0,35.739,4.91868868312757
2802,0.0,35.739,3.95566728395062,0.0,35.739,4.91868868312757
2803,0.0,35.739,3.95566728395062,0.0,35.739,4.91868868312757
2804,0.0,35.739,3.95566728395062,0.0,35.739,4.91868868312757
2805,0.0,38.832,14.0352940991839,0.0,38.832,15.0026792215945
2806,0.0,38.832,14.0352940991839,0.0,38.832,15.0026792215945
2807,0.0,38.832,14.0352940991839,0.0,38.832,15.0026792215945
2808,0.0,40.127,17.0321144781145,0.0,40.127,18.1351346801347
2809,0.0,40.127,17.0321144781145,0.0,40.127,18.1351346801347
2810,0.0,40.127,17.0321144781145,0.0,40.127,18.1351346801347
2811,0.0,40.127,17.0321144781145,0.0,40.127,18.1351346801347
2812,0.0,40.031,17.5906627680312,0.0,40.031,18.8236671539961
2813,0.0,40.031,17.5906627680312,0.0,40.031,18.8236671539961
2814,0.0,40.031,17.5906627680312,0.0,40.031,18.8236671539961
2815,0.0,40.031,17.5906627680312,0.0,40.031,18.8236671539961
2816,0.0,40.031,17.5906627680312,0.0,40.031,18.8236671539961
2817,0.0,37.926,20.0604867724868,0.0,37.926,21.9245185185185
2818,0.0,37.926,20.0604867724868,0.0,37.926,21.9245185185185
2819,0.0,38.0,20.4846851851852,0.0,38.0,22.1822407407407
2820,0.0,38.0,20.4846851851852,0.0,38.0,22.1822407407407
2821,0.0,43.617,13.6398148148148,0.0,43.617,15.5587800925926
2822,0.0,43.617,13.6398148148148,0.0,43.617,15.5587800925926
2823,0.0,43.617,13.6398148148148,0.0,43.617,15.5587800925926
2824,0.0,38.852,14.1540777777778,0.0,38.852,15.8578777777778
2825,0.0,38.852,14.1540777777778,0.0,38.852,15.8578777777778
2826,0.0,38.852,14.1540777777778,0.0,38.852,15.8578777777778
2827,0.0,41.489,13.1367364672365,0.0,41.489,14.3588732193732
2828,0.0,41.489,13.1367364672365,0.0,41.489,14.3588732193732
2829,0.0,51.175,0.959301346801347,0.0,51.175,1.03299225589226
2830,0.0,51.175,0.959301346801347,0.0,51.175,1.03299225589226
2831,0.0,51.175,0.959301346801347,0.0,51.175,1.03299225589226
2832,0.0,51.175,0.959301346801347,0.0,51.175,1.03299225589226
2833,0.0,51.175,0.959301346801347,0.0,51.175,1.03299225589226
2834,0.0,51.175,0.959301346801347,0.0,51.175,1.03299225589226
2835,0.0,51.175,0.959301346801347,0.0,51.175,1.03299225589226
2836,0.0,53.362,1.32712286324786,0.0,53.362,1.48377884615385
2837,0.0,53.362,1.32712286324786,0.0,53.362,1.48377884615385
2838,0.0,53.362,1.32712286324786,0.0,53.362,1.48377884615385
2839,0.0,53.362,1.32712286324786,0.0,53.362,1.48377884615385
2840,0.0,53.362,1.32712286324786,0.0,53.362,1.48377884615385
2841,0.0,44.452,5.31076331887443,0.0,44.452,6.63438004671338
2842,0.0,44.452,5.31076331887443,0.0,44.452,6.63438004671338
2843,0.0,44.452,5.31076331887443,0.0,44.452,6.63438004671338
2844,0.0,44.452,5.31076331887443,0.0,44.452,6.63438004671338
2845,0.0,44.452,5.31076331887443,0.0,44.452,6.63438004671338
2846,0.0,44.452,5.31076331887443,0.0,44.452,6.63438004671338
2847,0.0,44.452,5.31076331887443,0.0,44.452,6.63438004671338
2848,0.0,44.452,5.31076331887443,0.0,44.452,6.63438004671338
2849,0.0,44.452,5.31076331887443,0.0,44.452,6.63438004671338
2850,0.0,44.452,5.31076331887443,0.0,44.452,6.63438004671338
2851,0.0,33.421,3.1080725308642,0.0,33.421,4.29420164609054
2852,0.0,33.421,3.1080725308642,0.0,33.421,4.29420164609054
2853,0.0,33.421,3.1080725308642,0.0,33.421,4.29420164609054
2854,0.0,33.421,3.1080725308642,0.0,33.421,4.29420164609054
2855,0.0,33.421,3.1080725308642,0.0,33.421,4.29420164609054
2856,0.0,33.421,3.1080725308642,0.0,33.421,4.29420164609054
2857,0.0,33.421,3.1080725308642,0.0,33.421,4.29420164609054
2858,0.0,35.739,3.95566728395062,0.0,35.739,4.91868868312757
2859,0.0,35.739,3.95566728395062,0.0,35.739,4.91868868312757
2860,0.0,35.739,3.95566728395062,0.0,35.739,4.91868868312757
2861,0.0,35.739,3.95566728395062,0.0,35.739,4.91868868312757
2862,0.0,35.739,3.95566728395062,0.0,35.739,4.91868868312757
2863,0.0,35.739,3.95566728395062,0.0,35.739,4.91868868312757
2864,0.0,38.832,14.0352940991839,0.0,38.832,15.0026792215945
2865,0.0,35.739,3.95566728395062,0.0,35.739,4.91868868312757
2866,0.0,35.739,3.95566728395062,0.0,35.739,4.91868868312757
2867,0.0,40.127,17.0321144781145,0.0,40.127,18.1351346801347
2868,0.0,40.127,17.0321144781145,0.0,40.127,18.1351346801347
2869,0.0,40.127,17.0321144781145,0.0,40.127,18.1351346801347
2870,0.0,40.127,17.0321144781145,0.0,40.127,18.1351346801347
2871,0.0,38.443,18.2031851851852,0.0,38.443,19.0484074074074
2872,0.0,40.031,17.5906627680312,0.0,40.031,18.8236671539961
2873,0.0,40.031,17.5906627680312,0.0,40.031,18.8236671539961
2874,0.0,40.031,17.5906627680312,0.0,40.031,18.8236671539961
2875,0.0,40.031,17.5906627680312,0.0,40.031,18.8236671539961
2876,0.0,40.031,17.5906627680312,0.0,40.031,18.8236671539961
2877,0.0,37.926,20.0604867724868,0.0,37.926,21.9245185185185
2878,0.0,37.926,20.0604867724868,0.0,37.926,21.9245185185185
2879,0.0,38.0,20.1276273148148,0.0,38.0,21.8110578703704
2880,0.0,43.617,13.6398148148148,0.0,43.617,15.5587800925926
2881,0.0,43.617,13.6398148148148,0.0,43.617,15.5587800925926
2882,0.0,43.617,13.6398148148148,0.0,43.617,15.5587800925926
2883,0.0,43.617,13.6398148148148,0.0,43.617,15.5587800925926
2884,0.0,41.489,13.1367364672365,0.0,41.489,14.3588732193732
2885,0.0,38.852,14.1540777777778,0.0,38.852,15.8578777777778
2886,0.0,41.489,13.1367364672365,0.0,41.489,14.3588732193732
2887,0.0,41.489,13.1367364672365,0.0,41.489,14.3588732193732
2888,0.0,51.175,0.959301346801347,0.0,51.175,1.03299225589226
2889,0.0,51.175,0.959301346801347,0.0,51.175,1.03299225589226
2890,0.0,51.175,0.959301346801347,0.0,51.175,1.03299225589226
2891,0.0,51.175,0.959301346801347,0.0,51.175,1.03299225589226
2892,0.0,51.175,0.959301346801347,0.0,51.175,1.03299225589226
2893,0.0,53.362,1.32712286324786,0.0,53.362,1.48377884615385
2894,0.0,53.362,1.32712286324786,0.0,53.362,1.48377884615385
2895,0.0,53.362,1.32712286324786,0.0,53.362,1.48377884615385
2896,0.0,53.362,1.32712286324786,0.0,53.362,1.48377884615385
2897,0.0,53.362,1.32712286324786,0.0,53.362,1.48377884615385
2898,0.0,53.362,1.32712286324786,0.0,53.362,1.48377884615385
2899,0.0,44.452,5.31076331887443,0.0,44.452,6.63438004671338
2900,0.0,44.452,5.31076331887443,0.0,44.452,6.63438004671338
2901,0.0,44.452,5.31076331887443,0.0,44.452,6.63438004671338
2902,0.0,44.452,5.31076331887443,0.0,44.452,6.63438004671338
2903,0.0,44.452,5.31076331887443,0.0,44.452,6.63438004671338
2904,0.0,44.452,5.31076331887443,0.0,44.452,6.63438004671338
2905,0.0,44.452,5.31076331887443,0.0,44.452,6.63438004671338
2906,0.0,44.452,5.31076331887443,0.0,44.452,6.63438004671338
2907,0.0,44.452,5.31076331887443,0.0,44.452,6.63438004671338
2908,0.0,33.421,3.1080725308642,0.0,33.421,4.29420164609054
2909,0.0,33.421,3.1080725308642,0.0,33.421,4.29420164609054
2910,0.0,33.421,3.1080725308642,0.0,33.421,4.29420164609054
2911,0.0,33.421,3.1080725308642,0.0,33.421,4.29420164609054
2912,0.0,33.421,3.1080725308642,0.0,33.421,4.29420164609054
2913,0.0,35.739,3.95566728395062,0.0,35.739,4.91868868312757
2914,0.0,35.739,3.95566728395062,0.0,35.739,4.91868868312757
2915,0.0,35.739,3.95566728395062,0.0,35.739,4.91868868312757
2916,0.0,35.739,3.95566728395062,0.0,35.739,4.91868868312757
2917,0.0,35.739,3.95566728395062,0.0,35.739,4.91868868312757
2918,0.0,35.739,3.95566728395062,0.0,35.739,4.91868868312757
2919,0.0,35.739,3.95566728395062,0.0,35.739,4.91868868312757
2920,0.0,38.832,14.0352940991839,0.0,38.832,15.0026792215945
2921,0.0,35.739,3.95566728395062,0.0,35.739,4.91868868312757
2922,0.0,35.739,3.95566728395062,0.0,35.739,4.91868868312757
2923,0.0,35.739,3.95566728395062,0.0,35.739,4.91868868312757
2924,0.0,35.739,3.95566728395062,0.0,35.739,4.91868868312757
2925,0.0,35.739,3.95566728395062,0.0,35.739,4.91868868312757
2926,0.0,40.127,17.0321144781145,0.0,40.127,18.1351346801347
2927,0.0,40.031,17.5906627680312,0.0,40.031,18.8236671539961
2928,0.0,40.031,17.5906627680312,0.0,40.031,18.8236671539961
2929,0.0,40.031,17.5906627680312,0.0,40.031,18.8236671539961
2930,0.0,40.031,17.5906627680312,0.0,40.031,18.8236671539961
2931,0.0,39.57,18.5620925925926,0.0,39.57,19.8577592592593
2932,0.0,40.031,17.5906627680312,0.0,40.031,18.8236671539961
2933,0.0,38.0,20.1276273148148,0.0,38.0,21.8110578703704
2934,0.0,38.0,20.1276273148148,0.0,38.0,21.8110578703704
2935,0.0,38.0,20.1276273148148,0.0,38.0,21.8110578703704
2936,0.0,37.572,17.8866031746032,0.0,37.572,19.7897420634921
2937,0.0,37.572,17.8866031746032,0.0,37.572,19.7897420634921
2938,0.0,43.617,13.6398148148148,0.0,43.617,15.5587800925926
2939,0.0,31.351,12.252,0.0,31.351,13.2893333333333
2940,0.0,43.998,18.9225231481481,0.0,43.998,19.7907175925926
2941,0.0,41.489,13.1367364672365,0.0,41.489,14.3588732193732
2942,0.0,41.489,13.1367364672365,0.0,41.489,14.3588732193732
2943,0.0,41.489,13.1367364672365,0.0,41.489,14.3588732193732
2944,0.0,41.489,13.1367364672365,0.0,41.489,14.3588732193732
2945,0.0,51.175,0.959301346801347,0.0,51.175,1.03299225589226
2946,0.0,51.175,0.959301346801347,0.0,51.175,1.03299225589226
2947,0.0,51.175,0.959301346801347,0.0,51.175,1.03299225589226
2948,0.0,53.362,1.32712286324786,0.0,53.362,1.48377884615385
2949,0.0,53.362,1.32712286324786,0.0,53.362,1.48377884615385
2950,0.0,53.362,1.32712286324786,0.0,53.362,1.48377884615385
2951,0.0,53.362,1.32712286324786,0.0,53.362,1.48377884615385
2952,0.0,53.362,1.32712286324786,0.0,53.362,1.48377884615385
2953,0.0,53.362,1.32712286324786,0.0,53.362,1.48377884615385
2954,0.0,53.362,1.32712286324786,0.0,53.362,1.48377884615385
2955,0.0,44.452,5.31076331887443,0.0,44.452,6.63438004671338
2956,0.0,44.452,5.31076331887443,0.0,44.452,6.63438004671338
2957,0.0,44.452,5.31076331887443,0.0,44.452,6.63438004671338
2958,0.0,44.452,5.31076331887443,0.0,44.452,6.63438004671338
2959,0.0,44.452,5.31076331887443,0.0,44.452,6.63438004671338
2960,0.0,44.452,5.31076331887443,0.0,44.452,6.63438004671338
2961,0.0,44.452,5.31076331887443,0.0,44.452,6.63438004671338
2962,0.0,44.452,5.31076331887443,0.0,44.452,6.63438004671338
2963,0.0,44.452,5.31076331887443,0.0,44.452,6.63438004671338
2964,0.0,33.421,3.1080725308642,0.0,33.421,4.29420164609054
2965,0.0,33.421,3.1080725308642,0.0,33.421,4.29420164609054
2966,0.0,35.739,3.95566728395062,0.0,35.739,4.91868868312757
2967,0.0,35.739,3.95566728395062,0.0,35.739,4.91868868312757
2968,0.0,35.739,3.95566728395062,0.0,35.739,4.91868868312757
2969,0.0,35.739,3.95566728395062,0.0,35.739,4.91868868312757
2970,0.0,35.739,3.95566728395062,0.0,35.739,4.91868868312757
2971,0.0,35.739,3.95566728395062,0.0,35.739,4.91868868312757
2972,0.0,35.739,3.95566728395062,0.0,35.739,4.91868868312757
2973,0.0,35.739,3.95566728395062,0.0,35.739,4.91868868312757
2974,0.0,35.739,3.95566728395062,0.0,35.739,4.91868868312757
2975,0.0,35.739,3.95566728395062,0.0,35.739,4.91868868312757
2976,0.0,35.739,3.95566728395062,0.0,35.739,4.91868868312757
2977,0.0,29.26,9.2195,0.0,29.26,10.3193888888889
2978,0.0,35.739,3.95566728395062,0.0,35.739,4.91868868312757
2979,0.0,35.739,3.95566728395062,0.0,35.739,4.91868868312757
2980,0.0,35.849,4.50554263775971,0.0,35.849,5.61737678410117
2981,0.0,40.031,17.5906627680312,0.0,40.031,18.8236671539961
2982,0.0,40.031,17.5906627680312,0.0,40.031,18.8236671539961
2983,0.0,40.031,17.5906627680312,0.0,40.031,18.8236671539961
2984,0.0,40.031,17.5906627680312,0.0,40.031,18.8236671539961
2985,0.0,40.031,17.5906627680312,0.0,40.031,18.8236671539961
2986,0.0,38.945,16.2551631393298,0.0,38.945,17.2739858906526
2987,0.0,38.0,20.1276273148148,0.0,38.0,21.8110578703704
2988,0.0,38.0,20.1276273148148,0.0,38.0,21.8110578703704
2989,0.0,38.0,20.1276273148148,0.0,38.0,21.8110578703704
2990,0.0,37.572,17.8866031746032,0.0,37.572,19.7897420634921
2991,0.0,37.572,17.8866031746032,0.0,37.572,19.7897420634921
2992,0.0,26.705,9.15877777777778,0.0,29.474,14.0496111111111
2993,,,,,,
2994,0.0,43.998,18.9225231481481,0.0,43.998,19.7907175925926
2995,0.0,43.998,18.9225231481481,0.0,43.998,19.7907175925926
2996,0.0,41.489,13.1367364672365,0.0,41.489,14.3588732193732
2997,0.0,53.362,1.32712286324786,0.0,53.362,1.48377884615385
2998,0.0,53.362,1.32712286324786,0.0,53.362,1.48377884615385
2999,0.0,53.362,1.32712286324786,0.0,53.362,1.48377884615385
3000,0.0,53.362,1.32712286324786,0.0,53.362,1.48377884615385
3001,0.0,53.362,1.32712286324786,0.0,53.362,1.48377884615385
3002,0.0,53.362,1.32712286324786,0.0,53.362,1.48377884615385
3003,0.0,53.362,1.32712286324786,0.0,53.362,1.48377884615385
3004,0.0,53.362,1.32712286324786,0.0,53.362,1.48377884615385
3005,0.0,44.452,5.31076331887443,0.0,44.452,6.63438004671338
3006,0.0,44.452,5.31076331887443,0.0,44.452,6.63438004671338
3007,0.0,44.452,5.31076331887443,0.0,44.452,6.63438004671338
3008,0.0,44.452,5.31076331887443,0.0,44.452,6.63438004671338
3009,0.0,44.452,5.31076331887443,0.0,44.452,6.63438004671338
3010,0.0,44.452,5.31076331887443,0.0,44.452,6.63438004671338
3011,0.0,44.452,5.31076331887443,0.0,44.452,6.63438004671338
3012,0.0,33.421,3.1080725308642,0.0,33.421,4.29420164609054
3013,0.0,44.452,5.31076331887443,0.0,44.452,6.63438004671338
3014,0.0,33.421,3.1080725308642,0.0,33.421,4.29420164609054
3015,0.0,33.421,3.1080725308642,0.0,33.421,4.29420164609054
3016,0.0,35.739,3.95566728395062,0.0,35.739,4.91868868312757
3017,0.0,35.739,3.95566728395062,0.0,35.739,4.91868868312757
3018,0.0,35.739,3.95566728395062,0.0,35.739,4.91868868312757
3019,0.0,35.739,3.95566728395062,0.0,35.739,4.91868868312757
3020,0.0,35.739,3.95566728395062,0.0,35.739,4.91868868312757
3021,0.0,35.739,3.95566728395062,0.0,35.739,4.91868868312757
3022,0.0,35.739,3.95566728395062,0.0,35.739,4.91868868312757
3023,0.0,35.739,3.95566728395062,0.0,35.739,4.91868868312757
3024,0.0,35.739,3.95566728395062,0.0,35.739,4.91868868312757
3025,0.0,35.739,3.95566728395062,0.0,35.739,4.91868868312757
3026,0.0,35.739,3.95566728395062,0.0,35.739,4.91868868312757
3027,0.0,35.739,3.95566728395062,0.0,35.739,4.91868868312757
3028,0.0,35.739,3.95566728395062,0.0,35.739,4.91868868312757
3029,0.0,35.849,4.50554263775971,0.0,35.849,5.61737678410117
3030,0.0,35.849,4.50554263775971,0.0,35.849,5.61737678410117
3031,0.0,35.849,4.50554263775971,0.0,35.849,5.61737678410117
3032,0.0,35.849,4.50554263775971,0.0,35.849,5.61737678410117
3033,0.0,35.849,4.50554263775971,0.0,35.849,5.61737678410117
3034,0.0,38.945,16.2551631393298,0.0,38.945,17.2739858906526
3035,0.0,38.945,16.2551631393298,0.0,38.945,17.2739858906526
3036,0.0,38.945,16.2551631393298,0.0,38.945,17.2739858906526
3037,0.0,38.945,16.2551631393298,0.0,38.945,17.2739858906526
3038,0.0,37.572,17.8866031746032,0.0,37.572,19.7897420634921
3039,0.0,37.572,17.8866031746032,0.0,37.572,19.7897420634921
3040,0.0,36.553,19.6616666666667,0.0,36.553,21.3807777777778
3041,0.0,36.509,20.0417592592593,0.0,36.509,21.5319814814815
3042,0.0,37.826,19.9052222222222,0.0,37.826,21.7305555555556
3043,0.0,37.856,19.0412037037037,0.0,37.856,20.6342037037037
3044,0.0,41.275,22.3626111111111,0.0,41.275,23.5118333333333
3045,0.0,53.362,1.32712286324786,0.0,53.362,1.48377884615385
3046,0.0,53.362,1.32712286324786,0.0,53.362,1.48377884615385
3047,0.0,41.799,1.69605555555556,0.0,41.799,2.06283333333333
3048,0.0,53.362,1.32712286324786,0.0,53.362,1.48377884615385
3049,0.0,41.799,1.69605555555556,0.0,41.799,2.06283333333333
3050,0.0,53.362,1.32712286324786,0.0,53.362,1.48377884615385
3051,0.0,53.362,1.32712286324786,0.0,53.362,1.48377884615385
3052,0.0,42.909,1.14842676767677,0.0,42.909,1.35563215488215
3053,0.0,42.909,1.14842676767677,0.0,42.909,1.35563215488215
3054,0.0,44.452,5.31076331887443,0.0,44.452,6.63438004671338
3055,0.0,38.281,0.951867724867725,0.0,38.281,1.15744620811287
3056,0.0,44.452,5.31076331887443,0.0,44.452,6.63438004671338
3057,0.0,44.452,5.31076331887443,0.0,44.452,6.63438004671338
3058,0.0,44.452,5.31076331887443,0.0,44.452,6.63438004671338
3059,0.0,33.421,3.1080725308642,0.0,33.421,4.29420164609054
3060,0.0,33.421,3.1080725308642,0.0,33.421,4.29420164609054
3061,0.0,35.739,3.95566728395062,0.0,35.739,4.91868868312757
3062,0.0,35.739,3.95566728395062,0.0,35.739,4.91868868312757
3063,0.0,35.739,3.95566728395062,0.0,35.739,4.91868868312757
3064,0.0,35.739,3.95566728395062,0.0,35.739,4.91868868312757
3065,0.0,35.739,3.95566728395062,0.0,35.739,4.91868868312757
3066,0.0,35.739,3.95566728395062,0.0,35.739,4.91868868312757
3067,0.0,35.739,3.95566728395062,0.0,35.739,4.91868868312757
3068,0.0,35.739,3.95566728395062,0.0,35.739,4.91868868312757
3069,0.0,35.739,3.95566728395062,0.0,35.739,4.91868868312757
3070,0.0,35.739,3.95566728395062,0.0,35.739,4.91868868312757
3071,0.0,35.739,3.95566728395062,0.0,35.739,4.91868868312757
3072,0.0,35.739,3.95566728395062,0.0,35.739,4.91868868312757
3073,0.0,35.739,3.95566728395062,0.0,35.739,4.91868868312757
3074,0.0,35.739,3.95566728395062,0.0,35.739,4.91868868312757
3075,0.0,35.849,4.50554263775971,0.0,35.849,5.61737678410117
3076,0.0,35.849,4.50554263775971,0.0,35.849,5.61737678410117
3077,0.0,35.849,4.50554263775971,0.0,35.849,5.61737678410117
3078,0.0,35.849,4.50554263775971,0.0,35.849,5.61737678410117
3079,0.0,35.849,4.50554263775971,0.0,35.849,5.61737678410117
3080,0.0,38.945,16.2551631393298,0.0,38.945,17.2739858906526
3081,0.0,38.945,16.2551631393298,0.0,38.945,17.2739858906526
3082,0.0,38.945,16.2551631393298,0.0,38.945,17.2739858906526
3083,0.0,38.945,16.2551631393298,0.0,38.945,17.2739858906526
3084,0.0,38.945,16.2551631393298,0.0,38.945,17.2739858906526
3085,0.0,37.572,17.8866031746032,0.0,37.572,19.7897420634921
3086,0.0,37.572,17.8866031746032,0.0,37.572,19.7897420634921
3087,0.0,36.396,19.4253981481481,0.0,36.396,20.9210648148148
3088,0.0,36.442,20.1735925925926,0.0,36.442,21.4282592592593
3089,0.0,36.632,20.0562407407407,0.0,36.632,21.6023518518519
3090,0.0,36.632,20.0562407407407,0.0,36.632,21.6023518518519
3091,0.0,36.632,20.3633518518519,0.0,36.632,21.7012407407407
3092,0.0,53.362,1.32712286324786,0.0,53.362,1.48377884615385
3093,0.0,53.362,1.32712286324786,0.0,53.362,1.48377884615385
3094,0.0,53.362,1.32712286324786,0.0,53.362,1.48377884615385
3095,0.0,53.362,1.32712286324786,0.0,53.362,1.48377884615385
3096,0.0,53.362,1.32712286324786,0.0,53.362,1.48377884615385
3097,0.0,42.909,1.14842676767677,0.0,42.909,1.35563215488215
3098,0.0,42.909,1.14842676767677,0.0,42.909,1.35563215488215
3099,0.0,42.909,1.14842676767677,0.0,42.909,1.35563215488215
3100,0.0,38.281,0.951867724867725,0.0,38.281,1.15744620811287
3101,0.0,38.281,0.951867724867725,0.0,38.281,1.15744620811287
3102,0.0,44.452,5.31076331887443,0.0,44.452,6.63438004671338
3103,0.0,44.452,5.31076331887443,0.0,44.452,6.63438004671338
3104,0.0,35.739,3.95566728395062,0.0,35.739,4.91868868312757
3105,0.0,35.739,3.95566728395062,0.0,35.739,4.91868868312757
3106,0.0,35.739,3.95566728395062,0.0,35.739,4.91868868312757
3107,0.0,35.739,3.95566728395062,0.0,35.739,4.91868868312757
3108,0.0,35.739,3.95566728395062,0.0,35.739,4.91868868312757
3109,0.0,35.739,3.95566728395062,0.0,35.739,4.91868868312757
3110,0.0,35.739,3.95566728395062,0.0,35.739,4.91868868312757
3111,0.0,35.739,3.95566728395062,0.0,35.739,4.91868868312757
3112,0.0,35.739,3.95566728395062,0.0,35.739,4.91868868312757
3113,0.0,35.739,3.95566728395062,0.0,35.739,4.91868868312757
3114,0.0,35.739,3.95566728395062,0.0,35.739,4.91868868312757
3115,0.0,35.739,3.95566728395062,0.0,35.739,4.91868868312757
3116,0.0,35.739,3.95566728395062,0.0,35.739,4.91868868312757
3117,0.0,35.739,3.95566728395062,0.0,35.739,4.91868868312757
3118,0.0,35.739,3.95566728395062,0.0,35.739,4.91868868312757
3119,0.0,35.739,3.95566728395062,0.0,35.739,4.91868868312757
3120,0.0,35.849,4.50554263775971,0.0,35.849,5.61737678410117
3121,0.0,35.849,4.50554263775971,0.0,35.849,5.61737678410117
3122,0.0,35.849,4.50554263775971,0.0,35.849,5.61737678410117
3123,0.0,35.849,4.50554263775971,0.0,35.849,5.61737678410117
3124,0.0,35.849,4.50554263775971,0.0,35.849,5.61737678410117
3125,0.0,35.849,4.50554263775971,0.0,35.849,5.61737678410117
3126,0.0,38.945,16.2551631393298,0.0,38.945,17.2739858906526
3127,0.0,38.945,16.2551631393298,0.0,38.945,17.2739858906526
3128,0.0,38.945,16.2551631393298,0.0,38.945,17.2739858906526
3129,0.0,38.945,16.2551631393298,0.0,38.945,17.2739858906526
3130,0.0,37.572,17.8866031746032,0.0,37.572,19.7897420634921
3131,0.0,37.974,17.2112199074074,0.0,37.974,18.3987615740741
3132,0.0,37.572,17.8866031746032,0.0,37.572,19.7897420634921
3133,0.0,36.396,19.4253981481481,0.0,36.396,20.9210648148148
3134,0.0,36.33,19.8357222222222,0.0,36.33,21.3463888888889
3135,0.0,36.567,20.8266111111111,0.0,36.567,21.8086111111111
3136,0.0,36.632,20.3633518518519,0.0,36.632,21.7012407407407
3137,0.0,53.362,1.32712286324786,0.0,53.362,1.48377884615385
3138,0.0,53.362,1.32712286324786,0.0,53.362,1.48377884615385
3139,0.0,42.909,1.14842676767677,0.0,42.909,1.35563215488215
3140,0.0,40.78,1.66446296296296,0.0,40.78,2.02407407407407
3141,0.0,42.909,1.14842676767677,0.0,42.909,1.35563215488215
3142,0.0,42.909,1.14842676767677,0.0,42.909,1.35563215488215
3143,0.0,38.281,0.951867724867725,0.0,38.281,1.15744620811287
3144,0.0,38.281,0.951867724867725,0.0,38.281,1.15744620811287
3145,0.0,38.281,0.951867724867725,0.0,38.281,1.15744620811287
3146,0.0,38.281,0.951867724867725,0.0,38.281,1.15744620811287
3147,0.0,38.281,0.951867724867725,0.0,38.281,1.15744620811287
3148,0.0,35.739,3.95566728395062,0.0,35.739,4.91868868312757
3149,0.0,35.739,3.95566728395062,0.0,35.739,4.91868868312757
3150,0.0,35.739,3.95566728395062,0.0,35.739,4.91868868312757
3151,0.0,35.739,3.95566728395062,0.0,35.739,4.91868868312757
3152,0.0,35.739,3.95566728395062,0.0,35.739,4.91868868312757
3153,0.0,35.739,3.95566728395062,0.0,35.739,4.91868868312757
3154,0.0,35.739,3.95566728395062,0.0,35.739,4.91868868312757
3155,0.0,35.739,3.95566728395062,0.0,35.739,4.91868868312757
3156,0.0,35.739,3.95566728395062,0.0,35.739,4.91868868312757
3157,0.0,35.739,3.95566728395062,0.0,35.739,4.91868868312757
3158,0.0,35.739,3.95566728395062,0.0,35.739,4.91868868312757
3159,0.0,35.739,3.95566728395062,0.0,35.739,4.91868868312757
3160,0.0,35.739,3.95566728395062,0.0,35.739,4.91868868312757
3161,0.0,35.739,3.95566728395062,0.0,35.739,4.91868868312757
3162,0.0,35.849,4.50554263775971,0.0,35.849,5.61737678410117
3163,0.0,35.849,4.50554263775971,0.0,35.849,5.61737678410117
3164,0.0,35.849,4.50554263775971,0.0,35.849,5.61737678410117
3165,0.0,35.849,4.50554263775971,0.0,35.849,5.61737678410117
3166,0.0,35.849,4.50554263775971,0.0,35.849,5.61737678410117
3167,0.0,35.849,4.50554263775971,0.0,35.849,5.61737678410117
3168,0.0,35.849,4.50554263775971,0.0,35.849,5.61737678410117
3169,0.0,35.849,4.50554263775971,0.0,35.849,5.61737678410117
3170,0.0,37.502,10.1983305274972,0.0,37.502,11.6572850729517
3171,0.0,37.502,10.1983305274972,0.0,37.502,11.6572850729517
3172,0.0,37.974,17.2112199074074,0.0,37.974,18.3987615740741
3173,0.0,37.974,17.2112199074074,0.0,37.974,18.3987615740741
3174,0.0,37.974,17.2112199074074,0.0,37.974,18.3987615740741
3175,0.0,37.974,17.2112199074074,0.0,37.974,18.3987615740741
3176,0.0,36.621,19.4208842592593,0.0,36.621,20.8455787037037
3177,0.0,36.621,19.4208842592593,0.0,36.621,20.8455787037037
3178,0.0,36.609,20.321037037037,0.0,36.609,21.6388148148148
3179,0.0,36.674,21.114037037037,0.0,36.674,21.9743703703704
3180,0.0,42.909,1.14842676767677,0.0,42.909,1.35563215488215
3181,0.0,42.909,1.14842676767677,0.0,42.909,1.35563215488215
3182,0.0,42.909,1.14842676767677,0.0,42.909,1.35563215488215
3183,0.0,42.909,1.14842676767677,0.0,42.909,1.35563215488215
3184,0.0,42.909,1.14842676767677,0.0,42.909,1.35563215488215
3185,0.0,38.281,0.951867724867725,0.0,38.281,1.15744620811287
3186,0.0,38.281,0.951867724867725,0.0,38.281,1.15744620811287
3187,0.0,38.281,0.951867724867725,0.0,38.281,1.15744620811287
3188,0.0,38.281,0.951867724867725,0.0,38.281,1.15744620811287
3189,0.0,38.281,0.951867724867725,0.0,38.281,1.15744620811287
3190,0.0,40.596,0.956352941176471,0.0,40.596,1.14289288307916
3191,0.0,35.739,3.95566728395062,0.0,35.739,4.91868868312757
3192,0.0,35.739,3.95566728395062,0.0,35.739,4.91868868312757
3193,0.0,35.739,3.95566728395062,0.0,35.739,4.91868868312757
3194,0.0,35.739,3.95566728395062,0.0,35.739,4.91868868312757
3195,0.0,35.739,3.95566728395062,0.0,35.739,4.91868868312757
3196,0.0,35.739,3.95566728395062,0.0,35.739,4.91868868312757
3197,0.0,35.739,3.95566728395062,0.0,35.739,4.91868868312757
3198,0.0,35.739,3.95566728395062,0.0,35.739,4.91868868312757
3199,0.0,35.739,3.95566728395062,0.0,35.739,4.91868868312757
3200,0.0,35.739,3.95566728395062,0.0,35.739,4.91868868312757
3201,0.0,35.739,3.95566728395062,0.0,35.739,4.91868868312757
3202,0.0,35.849,4.50554263775971,0.0,35.849,5.61737678410117
3203,0.0,35.849,4.50554263775971,0.0,35.849,5.61737678410117
3204,0.0,35.849,4.50554263775971,0.0,35.849,5.61737678410117
3205,0.0,35.849,4.50554263775971,0.0,35.849,5.61737678410117
3206,0.0,35.849,4.50554263775971,0.0,35.849,5.61737678410117
3207,0.0,35.849,4.50554263775971,0.0,35.849,5.61737678410117
3208,0.0,35.849,4.50554263775971,0.0,35.849,5.61737678410117
3209,0.0,35.849,4.50554263775971,0.0,35.849,5.61737678410117
3210,0.0,35.849,4.50554263775971,0.0,35.849,5.61737678410117
3211,0.0,35.849,4.50554263775971,0.0,35.849,5.61737678410117
3212,0.0,37.502,10.1983305274972,0.0,37.502,11.6572850729517
3213,0.0,37.502,10.1983305274972,0.0,37.502,11.6572850729517
3214,0.0,37.502,10.1983305274972,0.0,37.502,11.6572850729517
3215,0.0,37.974,17.2112199074074,0.0,37.974,18.3987615740741
3216,0.0,38.409,18.3368740740741,0.0,38.409,19.8435851851852
3217,0.0,38.409,18.3368740740741,0.0,38.409,19.8435851851852
3218,0.0,38.409,18.3368740740741,0.0,38.409,19.8435851851852
3219,0.0,36.621,19.4208842592593,0.0,36.621,20.8455787037037
3220,0.0,36.484,19.916537037037,0.0,36.484,21.3500925925926
3221,0.0,36.694,20.5082592592593,0.0,36.694,21.7539259259259
3222,0.0,42.909,1.14842676767677,0.0,42.909,1.35563215488215
3223,0.0,42.909,1.14842676767677,0.0,42.909,1.35563215488215
3224,0.0,42.909,1.14842676767677,0.0,42.909,1.35563215488215
3225,0.0,38.281,0.951867724867725,0.0,38.281,1.15744620811287
3226,0.0,38.281,0.951867724867725,0.0,38.281,1.15744620811287
3227,0.0,38.281,0.951867724867725,0.0,38.281,1.15744620811287
3228,0.0,38.281,0.951867724867725,0.0,38.281,1.15744620811287
3229,0.0,38.281,0.951867724867725,0.0,38.281,1.15744620811287
3230,0.0,40.596,0.956352941176471,0.0,40.596,1.14289288307916
3231,0.0,40.596,0.956352941176471,0.0,40.596,1.14289288307916
3232,0.0,40.596,0.956352941176471,0.0,40.596,1.14289288307916
3233,0.0,40.596,0.956352941176471,0.0,40.596,1.14289288307916
3234,0.0,35.739,3.95566728395062,0.0,35.739,4.91868868312757
3235,0.0,35.739,3.95566728395062,0.0,35.739,4.91868868312757
3236,0.0,35.739,3.95566728395062,0.0,35.739,4.91868868312757
3237,0.0,35.739,3.95566728395062,0.0,35.739,4.91868868312757
3238,0.0,35.739,3.95566728395062,0.0,35.739,4.91868868312757
3239,0.0,35.739,3.95566728395062,0.0,35.739,4.91868868312757
3240,0.0,35.739,3.95566728395062,0.0,35.739,4.91868868312757
3241,0.0,35.849,4.50554263775971,0.0,35.849,5.61737678410117
3242,0.0,35.739,3.95566728395062,0.0,35.739,4.91868868312757
3243,0.0,35.849,4.50554263775971,0.0,35.849,5.61737678410117
3244,0.0,35.849,4.50554263775971,0.0,35.849,5.61737678410117
3245,0.0,35.849,4.50554263775971,0.0,35.849,5.61737678410117
3246,0.0,35.849,4.50554263775971,0.0,35.849,5.61737678410117
3247,0.0,35.849,4.50554263775971,0.0,35.849,5.61737678410117
3248,0.0,35.849,4.50554263775971,0.0,35.849,5.61737678410117
3249,0.0,35.849,4.50554263775971,0.0,35.849,5.61737678410117
3250,0.0,35.849,4.50554263775971,0.0,35.849,5.61737678410117
3251,0.0,37.502,10.1983305274972,0.0,37.502,11.6572850729517
3252,0.0,37.502,10.1983305274972,0.0,37.502,11.6572850729517
3253,0.0,37.502,10.1983305274972,0.0,37.502,11.6572850729517
3254,0.0,37.502,10.1983305274972,0.0,37.502,11.6572850729517
3255,0.0,37.502,10.1983305274972,0.0,37.502,11.6572850729517
3256,0.0,38.409,18.3368740740741,0.0,38.409,19.8435851851852
3257,0.0,37.982,17.1073888888889,0.0,37.982,18.2979814814815
3258,0.0,38.252,18.0298703703704,0.0,38.252,19.389537037037
3259,0.0,38.115,19.1881296296296,0.0,38.115,20.7439814814815
3260,0.0,38.115,19.1881296296296,0.0,38.115,20.7439814814815
3261,0.0,38.566,22.8220185185185,0.0,38.566,23.313462962963
3262,0.0,36.506,20.1212407407407,0.0,36.506,21.4631296296296
3263,,,,,,
3264,0.0,38.281,0.951867724867725,0.0,38.281,1.15744620811287
3265,0.0,38.281,0.951867724867725,0.0,38.281,1.15744620811287
3266,0.0,38.281,0.951867724867725,0.0,38.281,1.15744620811287
3267,0.0,38.281,0.951867724867725,0.0,38.281,1.15744620811287
3268,0.0,38.281,0.951867724867725,0.0,38.281,1.15744620811287
3269,0.0,40.596,0.956352941176471,0.0,40.596,1.14289288307916
3270,0.0,40.596,0.956352941176471,0.0,40.596,1.14289288307916
3271,0.0,40.596,0.956352941176471,0.0,40.596,1.14289288307916
3272,0.0,40.596,0.956352941176471,0.0,40.596,1.14289288307916
3273,0.0,40.596,0.956352941176471,0.0,40.596,1.14289288307916
3274,0.0,40.596,0.956352941176471,0.0,40.596,1.14289288307916
3275,0.0,35.739,3.95566728395062,0.0,35.739,4.91868868312757
3276,0.0,35.739,3.95566728395062,0.0,35.739,4.91868868312757
3277,0.0,35.739,3.95566728395062,0.0,35.739,4.91868868312757
3278,0.0,35.739,3.95566728395062,0.0,35.739,4.91868868312757
3279,0.0,35.849,4.50554263775971,0.0,35.849,5.61737678410117
3280,0.0,35.849,4.50554263775971,0.0,35.849,5.61737678410117
3281,0.0,35.849,4.50554263775971,0.0,35.849,5.61737678410117
3282,0.0,35.849,4.50554263775971,0.0,35.849,5.61737678410117
3283,0.0,35.849,4.50554263775971,0.0,35.849,5.61737678410117
3284,0.0,35.849,4.50554263775971,0.0,35.849,5.61737678410117
3285,0.0,35.849,4.50554263775971,0.0,35.849,5.61737678410117
3286,0.0,35.849,4.50554263775971,0.0,35.849,5.61737678410117
3287,0.0,35.849,4.50554263775971,0.0,35.849,5.61737678410117
3288,0.0,35.849,4.50554263775971,0.0,35.849,5.61737678410117
3289,0.0,35.849,4.50554263775971,0.0,35.849,5.61737678410117
3290,0.0,35.849,4.50554263775971,0.0,35.849,5.61737678410117
3291,0.0,37.502,10.1983305274972,0.0,37.502,11.6572850729517
3292,0.0,37.502,10.1983305274972,0.0,37.502,11.6572850729517
3293,0.0,37.502,10.1983305274972,0.0,37.502,11.6572850729517
3294,0.0,37.502,10.1983305274972,0.0,37.502,11.6572850729517
3295,0.0,37.502,10.1983305274972,0.0,37.502,11.6572850729517
3296,0.0,37.502,10.1983305274972,0.0,37.502,11.6572850729517
3297,0.0,38.979,8.73586740740741,0.0,38.979,10.6437651851852
3298,0.0,37.982,17.1073888888889,0.0,37.982,18.2979814814815
3299,0.0,38.956,17.7152925925926,0.0,38.956,19.186437037037
3300,0.0,38.956,17.7152925925926,0.0,38.956,19.186437037037
3301,0.0,38.89,20.2658395061728,0.0,38.89,22.0477654320988
3302,0.0,38.566,22.8220185185185,0.0,38.566,23.313462962963
3303,0.0,40.191,15.919828460039,0.0,40.191,17.4316559454191
3304,,,,,,
3305,0.0,38.281,0.951867724867725,0.0,38.281,1.15744620811287
3306,0.0,38.281,0.951867724867725,0.0,38.281,1.15744620811287
3307,0.0,38.281,0.951867724867725,0.0,38.281,1.15744620811287
3308,0.0,38.281,0.951867724867725,0.0,38.281,1.15744620811287
3309,0.0,39.903,3.03137962962963,0.0,39.903,3.32668518518519
3310,0.0,40.596,0.956352941176471,0.0,40.596,1.14289288307916
3311,0.0,40.596,0.956352941176471,0.0,40.596,1.14289288307916
3312,0.0,40.596,0.956352941176471,0.0,40.596,1.14289288307916
3313,0.0,40.596,0.956352941176471,0.0,40.596,1.14289288307916
3314,0.0,40.596,0.956352941176471,0.0,40.596,1.14289288307916
3315,0.0,40.596,0.956352941176471,0.0,40.596,1.14289288307916
3316,0.0,41.836,0.857738683127572,0.0,41.836,1.030329218107
3317,0.0,35.739,3.95566728395062,0.0,35.739,4.91868868312757
3318,0.0,35.739,3.95566728395062,0.0,35.739,4.91868868312757
3319,0.0,35.849,4.50554263775971,0.0,35.849,5.61737678410117
3320,0.0,35.849,4.50554263775971,0.0,35.849,5.61737678410117
3321,0.0,35.849,4.50554263775971,0.0,35.849,5.61737678410117
3322,0.0,35.849,4.50554263775971,0.0,35.849,5.61737678410117
3323,0.0,35.849,4.50554263775971,0.0,35.849,5.61737678410117
3324,0.0,35.849,4.50554263775971,0.0,35.849,5.61737678410117
3325,0.0,35.849,4.50554263775971,0.0,35.849,5.61737678410117
3326,0.0,35.849,4.50554263775971,0.0,35.849,5.61737678410117
3327,0.0,35.849,4.50554263775971,0.0,35.849,5.61737678410117
3328,0.0,35.849,4.50554263775971,0.0,35.849,5.61737678410117
3329,0.0,35.849,4.50554263775971,0.0,35.849,5.61737678410117
3330,0.0,35.849,4.50554263775971,0.0,35.849,5.61737678410117
3331,0.0,35.849,4.50554263775971,0.0,35.849,5.61737678410117
3332,0.0,37.502,10.1983305274972,0.0,37.502,11.6572850729517
3333,0.0,37.502,10.1983305274972,0.0,37.502,11.6572850729517
3334,0.0,38.979,8.73586740740741,0.0,38.979,10.6437651851852
3335,0.0,38.979,8.73586740740741,0.0,38.979,10.6437651851852
3336,0.0,38.979,8.73586740740741,0.0,38.979,10.6437651851852
3337,0.0,38.979,8.73586740740741,0.0,38.979,10.6437651851852
3338,0.0,38.979,8.73586740740741,0.0,38.979,10.6437651851852
3339,0.0,38.956,17.7152925925926,0.0,38.956,19.186437037037
3340,0.0,40.191,15.919828460039,0.0,40.191,17.4316559454191
3341,0.0,40.191,15.919828460039,0.0,40.191,17.4316559454191
3342,0.0,40.191,15.919828460039,0.0,40.191,17.4316559454191
3343,0.0,40.191,15.919828460039,0.0,40.191,17.4316559454191
3344,0.0,38.281,0.951867724867725,0.0,38.281,1.15744620811287
3345,0.0,38.281,0.951867724867725,0.0,38.281,1.15744620811287
3346,0.0,38.281,0.951867724867725,0.0,38.281,1.15744620811287
3347,0.0,38.281,0.951867724867725,0.0,38.281,1.15744620811287
3348,0.0,39.903,3.03137962962963,0.0,39.903,3.32668518518519
3349,0.0,39.903,3.03137962962963,0.0,39.903,3.32668518518519
3350,0.0,39.903,3.03137962962963,0.0,39.903,3.32668518518519
3351,0.0,40.596,0.956352941176471,0.0,40.596,1.14289288307916
3352,0.0,40.596,0.956352941176471,0.0,40.596,1.14289288307916
3353,0.0,40.596,0.956352941176471,0.0,40.596,1.14289288307916
3354,0.0,40.596,0.956352941176471,0.0,40.596,1.14289288307916
3355,0.0,40.596,0.956352941176471,0.0,40.596,1.14289288307916
3356,0.0,41.836,0.857738683127572,0.0,41.836,1.030329218107
3357,0.0,41.836,0.857738683127572,0.0,41.836,1.030329218107
3358,0.0,35.739,3.95566728395062,0.0,35.739,4.91868868312757
3359,0.0,35.849,4.50554263775971,0.0,35.849,5.61737678410117
3360,0.0,35.849,4.50554263775971,0.0,35.849,5.61737678410117
3361,0.0,35.849,4.50554263775971,0.0,35.849,5.61737678410117
3362,0.0,35.849,4.50554263775971,0.0,35.849,5.61737678410117
3363,0.0,35.849,4.50554263775971,0.0,35.849,5.61737678410117
3364,0.0,35.849,4.50554263775971,0.0,35.849,5.61737678410117
3365,0.0,35.849,4.50554263775971,0.0,35.849,5.61737678410117
3366,0.0,35.849,4.50554263775971,0.0,35.849,5.61737678410117
3367,0.0,35.849,4.50554263775971,0.0,35.849,5.61737678410117
3368,0.0,35.849,4.50554263775971,0.0,35.849,5.61737678410117
3369,0.0,35.849,4.50554263775971,0.0,35.849,5.61737678410117
3370,0.0,35.849,4.50554263775971,0.0,35.849,5.61737678410117
3371,0.0,35.849,4.50554263775971,0.0,35.849,5.61737678410117
3372,0.0,37.502,10.1983305274972,0.0,37.502,11.6572850729517
3373,0.0,37.502,10.1983305274972,0.0,37.502,11.6572850729517
3374,0.0,37.502,10.1983305274972,0.0,37.502,11.6572850729517
3375,0.0,38.979,8.73586740740741,0.0,38.979,10.6437651851852
3376,0.0,38.979,8.73586740740741,0.0,38.979,10.6437651851852
3377,0.0,38.979,8.73586740740741,0.0,38.979,10.6437651851852
3378,0.0,38.979,8.73586740740741,0.0,38.979,10.6437651851852
3379,0.0,40.191,15.919828460039,0.0,40.191,17.4316559454191
3380,0.0,40.191,15.919828460039,0.0,40.191,17.4316559454191
3381,0.0,40.191,15.919828460039,0.0,40.191,17.4316559454191
3382,0.0,40.191,15.919828460039,0.0,40.191,17.4316559454191
3383,0.0,40.191,15.919828460039,0.0,40.191,17.4316559454191
3384,0.0,42.583,11.1939776785714,0.0,42.583,12.4820942460317
3385,0.0,42.583,11.1939776785714,0.0,42.583,12.4820942460317
3386,0.0,38.281,0.951867724867725,0.0,38.281,1.15744620811287
3387,0.0,39.903,3.03137962962963,0.0,39.903,3.32668518518519
3388,0.0,39.903,3.03137962962963,0.0,39.903,3.32668518518519
3389,0.0,40.596,0.956352941176471,0.0,40.596,1.14289288307916
3390,0.0,40.596,0.956352941176471,0.0,40.596,1.14289288307916
3391,0.0,40.596,0.956352941176471,0.0,40.596,1.14289288307916
3392,0.0,40.596,0.956352941176471,0.0,40.596,1.14289288307916
3393,0.0,40.596,0.956352941176471,0.0,40.596,1.14289288307916
3394,0.0,40.596,0.956352941176471,0.0,40.596,1.14289288307916
3395,0.0,40.596,0.956352941176471,0.0,40.596,1.14289288307916
3396,0.0,37.813,0.924564814814815,0.0,37.813,1.23268253968254
3397,0.0,41.836,0.857738683127572,0.0,41.836,1.030329218107
3398,0.0,41.836,0.857738683127572,0.0,41.836,1.030329218107
3399,0.0,41.836,0.857738683127572,0.0,41.836,1.030329218107
3400,0.0,35.849,4.50554263775971,0.0,35.849,5.61737678410117
3401,0.0,35.849,4.50554263775971,0.0,35.849,5.61737678410117
3402,0.0,35.849,4.50554263775971,0.0,35.849,5.61737678410117
3403,0.0,35.849,4.50554263775971,0.0,35.849,5.61737678410117
3404,0.0,35.849,4.50554263775971,0.0,35.849,5.61737678410117
3405,0.0,35.849,4.50554263775971,0.0,35.849,5.61737678410117
3406,0.0,35.849,4.50554263775971,0.0,35.849,5.61737678410117
3407,0.0,35.849,4.50554263775971,0.0,35.849,5.61737678410117
3408,0.0,35.849,4.50554263775971,0.0,35.849,5.61737678410117
3409,0.0,35.849,4.50554263775971,0.0,35.849,5.61737678410117
3410,0.0,35.849,4.50554263775971,0.0,35.849,5.61737678410117
3411,0.0,35.849,4.50554263775971,0.0,35.849,5.61737678410117
3412,0.0,37.502,10.1983305274972,0.0,37.502,11.6572850729517
3413,0.0,37.502,10.1983305274972,0.0,37.502,11.6572850729517
3414,0.0,37.502,10.1983305274972,0.0,37.502,11.6572850729517
3415,0.0,38.979,8.73586740740741,0.0,38.979,10.6437651851852
3416,0.0,38.979,8.73586740740741,0.0,38.979,10.6437651851852
3417,0.0,38.979,8.73586740740741,0.0,38.979,10.6437651851852
3418,0.0,40.191,15.919828460039,0.0,40.191,17.4316559454191
3419,0.0,40.191,15.919828460039,0.0,40.191,17.4316559454191
3420,0.0,40.191,15.919828460039,0.0,40.191,17.4316559454191
3421,0.0,42.583,11.1939776785714,0.0,42.583,12.4820942460317
3422,0.0,40.191,15.919828460039,0.0,40.191,17.4316559454191
3423,0.0,40.191,15.919828460039,0.0,40.191,17.4316559454191
3424,0.0,42.583,11.1939776785714,0.0,42.583,12.4820942460317
3425,0.0,42.583,11.1939776785714,0.0,42.583,12.4820942460317
3426,0.0,42.583,11.1939776785714,0.0,42.583,12.4820942460317
3427,0.0,42.583,11.1939776785714,0.0,42.583,12.4820942460317
3428,0.0,40.596,0.956352941176471,0.0,40.596,1.14289288307916
3429,0.0,40.596,0.956352941176471,0.0,40.596,1.14289288307916
3430,0.0,40.596,0.956352941176471,0.0,40.596,1.14289288307916
3431,0.0,40.596,0.956352941176471,0.0,40.596,1.14289288307916
3432,0.0,40.596,0.956352941176471,0.0,40.596,1.14289288307916
3433,0.0,40.596,0.956352941176471,0.0,40.596,1.14289288307916
3434,0.0,37.813,0.924564814814815,0.0,37.813,1.23268253968254
3435,0.0,37.813,0.924564814814815,0.0,37.813,1.23268253968254
3436,0.0,41.836,0.857738683127572,0.0,41.836,1.030329218107
3437,0.0,41.836,0.857738683127572,0.0,41.836,1.030329218107
3438,0.0,41.836,0.857738683127572,0.0,41.836,1.030329218107
3439,0.0,35.849,4.50554263775971,0.0,35.849,5.61737678410117
3440,0.0,35.849,4.50554263775971,0.0,35.849,5.61737678410117
3441,0.0,35.849,4.50554263775971,0.0,35.849,5.61737678410117
3442,0.0,35.849,4.50554263775971,0.0,35.849,5.61737678410117
3443,0.0,35.849,4.50554263775971,0.0,35.849,5.61737678410117
3444,0.0,35.849,4.50554263775971,0.0,35.849,5.61737678410117
3445,0.0,35.849,4.50554263775971,0.0,35.849,5.61737678410117
3446,0.0,35.849,4.50554263775971,0.0,35.849,5.61737678410117
3447,0.0,35.849,4.50554263775971,0.0,35.849,5.61737678410117
3448,0.0,35.849,4.50554263775971,0.0,35.849,5.61737678410117
3449,0.0,35.849,4.50554263775971,0.0,35.849,5.61737678410117
3450,0.0,35.849,4.50554263775971,0.0,35.849,5.61737678410117
3451,0.0,35.849,4.50554263775971,0.0,35.849,5.61737678410117
3452,0.0,35.849,4.50554263775971,0.0,35.849,5.61737678410117
3453,0.0,37.502,10.1983305274972,0.0,37.502,11.6572850729517
3454,0.0,38.979,8.73586740740741,0.0,38.979,10.6437651851852
3455,0.0,38.979,8.73586740740741,0.0,38.979,10.6437651851852
3456,0.0,42.583,11.1939776785714,0.0,42.583,12.4820942460317
3457,0.0,42.583,11.1939776785714,0.0,42.583,12.4820942460317
3458,0.0,42.583,11.1939776785714,0.0,42.583,12.4820942460317
3459,0.0,42.583,11.1939776785714,0.0,42.583,12.4820942460317
3460,0.0,42.583,11.1939776785714,0.0,42.583,12.4820942460317
3461,0.0,42.583,11.1939776785714,0.0,42.583,12.4820942460317
3462,0.0,42.583,11.1939776785714,0.0,42.583,12.4820942460317
3463,0.0,42.583,11.1939776785714,0.0,42.583,12.4820942460317
3464,0.0,42.583,11.1939776785714,0.0,42.583,12.4820942460317
3465,0.0,42.583,11.1939776785714,0.0,42.583,12.4820942460317
3466,0.0,42.583,11.1939776785714,0.0,42.583,12.4820942460317
3467,0.0,42.583,11.1939776785714,0.0,42.583,12.4820942460317
3468,0.0,42.583,11.1939776785714,0.0,42.583,12.4820942460317
3469,0.0,40.596,0.956352941176471,0.0,40.596,1.14289288307916
3470,0.0,40.596,0.956352941176471,0.0,40.596,1.14289288307916
3471,0.0,40.596,0.956352941176471,0.0,40.596,1.14289288307916
3472,0.0,37.813,0.924564814814815,0.0,37.813,1.23268253968254
3473,0.0,37.813,0.924564814814815,0.0,37.813,1.23268253968254
3474,0.0,37.813,0.924564814814815,0.0,37.813,1.23268253968254
3475,0.0,41.836,0.857738683127572,0.0,41.836,1.030329218107
3476,0.0,41.836,0.857738683127572,0.0,41.836,1.030329218107
3477,0.0,41.836,0.857738683127572,0.0,41.836,1.030329218107
3478,0.0,41.836,0.857738683127572,0.0,41.836,1.030329218107
3479,0.0,41.836,0.857738683127572,0.0,41.836,1.030329218107
3480,0.0,35.849,4.50554263775971,0.0,35.849,5.61737678410117
3481,0.0,35.849,4.50554263775971,0.0,35.849,5.61737678410117
3482,0.0,35.849,4.50554263775971,0.0,35.849,5.61737678410117
3483,0.0,35.849,4.50554263775971,0.0,35.849,5.61737678410117
3484,0.0,35.849,4.50554263775971,0.0,35.849,5.61737678410117
3485,0.0,35.849,4.50554263775971,0.0,35.849,5.61737678410117
3486,0.0,35.849,4.50554263775971,0.0,35.849,5.61737678410117
3487,0.0,35.849,4.50554263775971,0.0,35.849,5.61737678410117
3488,0.0,35.849,4.50554263775971,0.0,35.849,5.61737678410117
3489,0.0,35.849,4.50554263775971,0.0,35.849,5.61737678410117
3490,0.0,35.849,4.50554263775971,0.0,35.849,5.61737678410117
3491,0.0,35.849,4.50554263775971,0.0,35.849,5.61737678410117
3492,0.0,35.849,4.50554263775971,0.0,35.849,5.61737678410117
3493,0.0,37.502,10.1983305274972,0.0,37.502,11.6572850729517
3494,0.0,42.583,11.1939776785714,0.0,42.583,12.4820942460317
3495,0.0,42.583,11.1939776785714,0.0,42.583,12.4820942460317
3496,0.0,42.583,11.1939776785714,0.0,42.583,12.4820942460317
3497,0.0,42.583,11.1939776785714,0.0,42.583,12.4820942460317
3498,0.0,42.583,11.1939776785714,0.0,42.583,12.4820942460317
3499,0.0,42.583,11.1939776785714,0.0,42.583,12.4820942460317
3500,0.0,42.583,11.1939776785714,0.0,42.583,12.4820942460317
3501,0.0,42.583,11.1939776785714,0.0,42.583,12.4820942460317
3502,0.0,42.583,11.1939776785714,0.0,42.583,12.4820942460317
3503,0.0,42.583,11.1939776785714,0.0,42.583,12.4820942460317
3504,0.0,42.583,11.1939776785714,0.0,42.583,12.4820942460317
3505,0.0,42.583,11.1939776785714,0.0,42.583,12.4820942460317
3506,0.0,42.583,11.1939776785714,0.0,42.583,12.4820942460317
3507,0.0,42.583,11.1939776785714,0.0,42.583,12.4820942460317
3508,0.0,42.583,11.1939776785714,0.0,42.583,12.4820942460317
3509,0.0,42.583,11.1939776785714,0.0,42.583,12.4820942460317
3510,0.0,40.596,0.956352941176471,0.0,40.596,1.14289288307916
3511,0.0,37.813,0.924564814814815,0.0,37.813,1.23268253968254
3512,0.0,37.813,0.924564814814815,0.0,37.813,1.23268253968254
3513,0.0,37.813,0.924564814814815,0.0,37.813,1.23268253968254
3514,0.0,41.836,0.857738683127572,0.0,41.836,1.030329218107
3515,0.0,41.836,0.857738683127572,0.0,41.836,1.030329218107
3516,0.0,41.836,0.857738683127572,0.0,41.836,1.030329218107
3517,0.0,41.836,0.857738683127572,0.0,41.836,1.030329218107
3518,0.0,41.836,0.857738683127572,0.0,41.836,1.030329218107
3519,0.0,41.836,0.857738683127572,0.0,41.836,1.030329218107
3520,0.0,42.872,1.2729825708061,0.0,42.872,1.49265359477124
3521,0.0,39.804,0.891758377425044,0.0,39.804,1.18841534391534
3522,0.0,35.849,4.50554263775971,0.0,35.849,5.61737678410117
3523,0.0,35.849,4.50554263775971,0.0,35.849,5.61737678410117
3524,0.0,35.849,4.50554263775971,0.0,35.849,5.61737678410117
3525,0.0,35.849,4.50554263775971,0.0,35.849,5.61737678410117
3526,0.0,35.849,4.50554263775971,0.0,35.849,5.61737678410117
3527,0.0,35.849,4.50554263775971,0.0,35.849,5.61737678410117
3528,0.0,35.849,4.50554263775971,0.0,35.849,5.61737678410117
3529,0.0,35.849,4.50554263775971,0.0,35.849,5.61737678410117
3530,0.0,35.849,4.50554263775971,0.0,35.849,5.61737678410117
3531,0.0,35.849,4.50554263775971,0.0,35.849,5.61737678410117
3532,0.0,35.849,4.50554263775971,0.0,35.849,5.61737678410117
3533,0.0,35.849,4.50554263775971,0.0,35.849,5.61737678410117
3534,0.0,42.583,11.1939776785714,0.0,42.583,12.4820942460317
3535,0.0,42.583,11.1939776785714,0.0,42.583,12.4820942460317
3536,0.0,42.583,11.1939776785714,0.0,42.583,12.4820942460317
3537,0.0,42.583,11.1939776785714,0.0,42.583,12.4820942460317
3538,0.0,42.583,11.1939776785714,0.0,42.583,12.4820942460317
3539,0.0,42.583,11.1939776785714,0.0,42.583,12.4820942460317
3540,0.0,42.583,11.1939776785714,0.0,42.583,12.4820942460317
3541,0.0,42.583,11.1939776785714,0.0,42.583,12.4820942460317
3542,0.0,42.583,11.1939776785714,0.0,42.583,12.4820942460317
3543,0.0,42.583,11.1939776785714,0.0,42.583,12.4820942460317
3544,0.0,42.583,11.1939776785714,0.0,42.583,12.4820942460317
3545,0.0,42.583,11.1939776785714,0.0,42.583,12.4820942460317
3546,0.0,42.583,11.1939776785714,0.0,42.583,12.4820942460317
3547,0.0,42.583,11.1939776785714,0.0,42.583,12.4820942460317
3548,0.0,42.583,11.1939776785714,0.0,42.583,12.4820942460317
3549,0.0,42.933,14.7651513888889,0.0,42.933,15.7943972222222
3550,0.0,37.813,0.924564814814815,0.0,37.813,1.23268253968254
3551,0.0,37.652,1.63769444444444,0.0,37.652,1.94243518518519
3552,0.0,41.836,0.857738683127572,0.0,41.836,1.030329218107
3553,0.0,41.836,0.857738683127572,0.0,41.836,1.030329218107
3554,0.0,41.836,0.857738683127572,0.0,41.836,1.030329218107
3555,0.0,41.836,0.857738683127572,0.0,41.836,1.030329218107
3556,0.0,41.836,0.857738683127572,0.0,41.836,1.030329218107
3557,0.0,42.872,1.2729825708061,0.0,42.872,1.49265359477124
3558,0.0,42.872,1.2729825708061,0.0,42.872,1.49265359477124
3559,0.0,39.804,0.891758377425044,0.0,39.804,1.18841534391534
3560,0.0,39.804,0.891758377425044,0.0,39.804,1.18841534391534
3561,0.0,39.804,0.891758377425044,0.0,39.804,1.18841534391534
3562,0.0,39.804,0.891758377425044,0.0,39.804,1.18841534391534
3563,0.0,39.804,0.891758377425044,0.0,39.804,1.18841534391534
3564,0.0,35.849,4.50554263775971,0.0,35.849,5.61737678410117
3565,0.0,35.849,4.50554263775971,0.0,35.849,5.61737678410117
3566,0.0,35.849,4.50554263775971,0.0,35.849,5.61737678410117
3567,0.0,35.849,4.50554263775971,0.0,35.849,5.61737678410117
3568,0.0,35.849,4.50554263775971,0.0,35.849,5.61737678410117
3569,0.0,42.583,11.1939776785714,0.0,42.583,12.4820942460317
3570,0.0,35.849,4.50554263775971,0.0,35.849,5.61737678410117
3571,0.0,42.583,11.1939776785714,0.0,42.583,12.4820942460317
3572,0.0,42.583,11.1939776785714,0.0,42.583,12.4820942460317
3573,0.0,42.583,11.1939776785714,0.0,42.583,12.4820942460317
3574,0.0,42.583,11.1939776785714,0.0,42.583,12.4820942460317
3575,0.0,42.583,11.1939776785714,0.0,42.583,12.4820942460317
3576,0.0,42.583,11.1939776785714,0.0,42.583,12.4820942460317
3577,0.0,42.583,11.1939776785714,0.0,42.583,12.4820942460317
3578,0.0,42.583,11.1939776785714,0.0,42.583,12.4820942460317
3579,0.0,41.391,6.76926907508602,0.0,41.391,7.89726907508601
3580,0.0,42.583,11.1939776785714,0.0,42.583,12.4820942460317
3581,0.0,42.583,11.1939776785714,0.0,42.583,12.4820942460317
3582,0.0,42.583,11.1939776785714,0.0,42.583,12.4820942460317
3583,0.0,42.933,14.7651513888889,0.0,42.933,15.7943972222222
3584,0.0,42.933,14.7651513888889,0.0,42.933,15.7943972222222
3585,0.0,42.933,14.7651513888889,0.0,42.933,15.7943972222222
3586,0.0,42.933,14.7651513888889,0.0,42.933,15.7943972222222
3587,0.0,42.933,14.7651513888889,0.0,42.933,15.7943972222222
3588,0.0,42.933,14.7651513888889,0.0,42.933,15.7943972222222
3589,0.0,37.652,1.63769444444444,0.0,37.652,1.94243518518519
3590,0.0,37.652,1.63769444444444,0.0,37.652,1.94243518518519
3591,0.0,37.652,1.63769444444444,0.0,37.652,1.94243518518519
3592,0.0,41.836,0.857738683127572,0.0,41.836,1.030329218107
3593,0.0,41.836,0.857738683127572,0.0,41.836,1.030329218107
3594,0.0,42.851,2.02184953703704,0.0,42.851,2.3528287037037
3595,0.0,42.872,1.2729825708061,0.0,42.872,1.49265359477124
3596,0.0,42.872,1.2729825708061,0.0,42.872,1.49265359477124
3597,0.0,42.872,1.2729825708061,0.0,42.872,1.49265359477124
3598,0.0,42.872,1.2729825708061,0.0,42.872,1.49265359477124
3599,0.0,39.804,0.891758377425044,0.0,39.804,1.18841534391534
3600,0.0,39.804,0.891758377425044,0.0,39.804,1.18841534391534
3601,0.0,39.804,0.891758377425044,0.0,39.804,1.18841534391534
3602,0.0,39.804,0.891758377425044,0.0,39.804,1.18841534391534
3603,0.0,35.849,4.50554263775971,0.0,35.849,5.61737678410117
3604,0.0,35.849,4.50554263775971,0.0,35.849,5.61737678410117
3605,0.0,35.849,4.50554263775971,0.0,35.849,5.61737678410117
3606,0.0,35.849,4.50554263775971,0.0,35.849,5.61737678410117
3607,0.0,35.849,4.50554263775971,0.0,35.849,5.61737678410117
3608,0.0,42.583,11.1939776785714,0.0,42.583,12.4820942460317
3609,0.0,42.583,11.1939776785714,0.0,42.583,12.4820942460317
3610,0.0,42.583,11.1939776785714,0.0,42.583,12.4820942460317
3611,0.0,42.583,11.1939776785714,0.0,42.583,12.4820942460317
3612,0.0,41.391,6.76926907508602,0.0,41.391,7.89726907508601
3613,0.0,41.391,6.76926907508602,0.0,41.391,7.89726907508601
3614,0.0,41.391,6.76926907508602,0.0,41.391,7.89726907508601
3615,0.0,42.583,11.1939776785714,0.0,42.583,12.4820942460317
3616,0.0,41.391,6.76926907508602,0.0,41.391,7.89726907508601
3617,0.0,41.391,6.76926907508602,0.0,41.391,7.89726907508601
3618,0.0,41.391,6.76926907508602,0.0,41.391,7.89726907508601
3619,0.0,41.391,6.76926907508602,0.0,41.391,7.89726907508601
3620,0.0,41.391,6.76926907508602,0.0,41.391,7.89726907508601
3621,0.0,41.391,6.76926907508602,0.0,41.391,7.89726907508601
3622,0.0,41.391,6.76926907508602,0.0,41.391,7.89726907508601
3623,0.0,42.933,14.7651513888889,0.0,42.933,15.7943972222222
3624,0.0,42.933,14.7651513888889,0.0,42.933,15.7943972222222
3625,0.0,42.933,14.7651513888889,0.0,42.933,15.7943972222222
3626,0.0,42.933,14.7651513888889,0.0,42.933,15.7943972222222
3627,0.0,42.933,14.7651513888889,0.0,42.933,15.7943972222222
3628,0.0,37.652,1.63769444444444,0.0,37.652,1.94243518518519
3629,0.0,37.652,1.63769444444444,0.0,37.652,1.94243518518519
3630,0.0,42.851,2.02184953703704,0.0,42.851,2.3528287037037
3631,0.0,41.836,0.857738683127572,0.0,41.836,1.030329218107
3632,0.0,42.851,2.02184953703704,0.0,42.851,2.3528287037037
3633,0.0,42.872,1.2729825708061,0.0,42.872,1.49265359477124
3634,0.0,41.776,1.67426361655773,0.0,41.776,2.02161546840959
3635,0.0,42.872,1.2729825708061,0.0,42.872,1.49265359477124
3636,0.0,39.804,0.891758377425044,0.0,39.804,1.18841534391534
3637,0.0,39.804,0.891758377425044,0.0,39.804,1.18841534391534
3638,0.0,45.295,1.00571111111111,0.0,45.295,1.23564444444444
3639,0.0,39.804,0.891758377425044,0.0,39.804,1.18841534391534
3640,0.0,45.295,1.00571111111111,0.0,45.295,1.23564444444444
3641,0.0,39.804,0.891758377425044,0.0,39.804,1.18841534391534
3642,0.0,39.804,0.891758377425044,0.0,39.804,1.18841534391534
3643,0.0,35.849,4.50554263775971,0.0,35.849,5.61737678410117
3644,0.0,42.583,11.1939776785714,0.0,42.583,12.4820942460317
3645,0.0,42.583,11.1939776785714,0.0,42.583,12.4820942460317
3646,0.0,42.583,11.1939776785714,0.0,42.583,12.4820942460317
3647,0.0,42.583,11.1939776785714,0.0,42.583,12.4820942460317
3648,0.0,42.583,11.1939776785714,0.0,42.583,12.4820942460317
3649,0.0,42.583,11.1939776785714,0.0,42.583,12.4820942460317
3650,0.0,41.391,6.76926907508602,0.0,41.391,7.89726907508601
3651,0.0,41.391,6.76926907508602,0.0,41.391,7.89726907508601
3652,0.0,41.391,6.76926907508602,0.0,41.391,7.89726907508601
3653,0.0,41.391,6.76926907508602,0.0,41.391,7.89726907508601
3654,0.0,41.391,6.76926907508602,0.0,41.391,7.89726907508601
3655,0.0,41.391,6.76926907508602,0.0,41.391,7.89726907508601
3656,0.0,41.391,6.76926907508602,0.0,41.391,7.89726907508601
3657,0.0,41.322,19.8531388888889,0.0,41.322,20.7225833333333
3658,0.0,41.391,6.76926907508602,0.0,41.391,7.89726907508601
3659,0.0,41.391,6.76926907508602,0.0,41.391,7.89726907508601
3660,0.0,41.391,6.76926907508602,0.0,41.391,7.89726907508601
3661,0.0,42.933,14.7651513888889,0.0,42.933,15.7943972222222
3662,0.0,42.933,14.7651513888889,0.0,42.933,15.7943972222222
3663,0.0,42.933,14.7651513888889,0.0,42.933,15.7943972222222
3664,0.0,42.933,14.7651513888889,0.0,42.933,15.7943972222222
3665,0.0,42.933,14.7651513888889,0.0,42.933,15.7943972222222
3666,0.0,42.933,14.7651513888889,0.0,42.933,15.7943972222222
3667,0.0,42.851,2.02184953703704,0.0,42.851,2.3528287037037
3668,0.0,42.851,2.02184953703704,0.0,42.851,2.3528287037037
3669,0.0,42.851,2.02184953703704,0.0,42.851,2.3528287037037
3670,0.0,42.872,1.2729825708061,0.0,42.872,1.49265359477124
3671,0.0,41.776,1.67426361655773,0.0,41.776,2.02161546840959
3672,0.0,41.776,1.67426361655773,0.0,41.776,2.02161546840959
3673,0.0,45.295,1.00571111111111,0.0,45.295,1.23564444444444
3674,0.0,45.295,1.00571111111111,0.0,45.295,1.23564444444444
3675,0.0,45.295,1.00571111111111,0.0,45.295,1.23564444444444
3676,0.0,45.295,1.00571111111111,0.0,45.295,1.23564444444444
3677,0.0,45.295,1.00571111111111,0.0,45.295,1.23564444444444
3678,0.0,45.295,1.00571111111111,0.0,45.295,1.23564444444444
3679,0.0,45.295,1.00571111111111,0.0,45.295,1.23564444444444
3680,0.0,40.807,1.46778395061728,0.0,40.807,1.82995987654321
3681,0.0,42.583,11.1939776785714,0.0,42.583,12.4820942460317
3682,0.0,42.583,11.1939776785714,0.0,42.583,12.4820942460317
3683,0.0,42.583,11.1939776785714,0.0,42.583,12.4820942460317
3684,0.0,42.583,11.1939776785714,0.0,42.583,12.4820942460317
3685,0.0,42.583,11.1939776785714,0.0,42.583,12.4820942460317
3686,0.0,41.391,6.76926907508602,0.0,41.391,7.89726907508601
3687,0.0,41.391,6.76926907508602,0.0,41.391,7.89726907508601
3688,0.0,41.391,6.76926907508602,0.0,41.391,7.89726907508601
3689,0.0,41.391,6.76926907508602,0.0,41.391,7.89726907508601
3690,0.0,41.391,6.76926907508602,0.0,41.391,7.89726907508601
3691,0.0,41.391,6.76926907508602,0.0,41.391,7.89726907508601
3692,0.0,41.391,6.76926907508602,0.0,41.391,7.89726907508601
3693,0.0,41.391,6.76926907508602,0.0,41.391,7.89726907508601
3694,0.0,41.391,6.76926907508602,0.0,41.391,7.89726907508601
3695,0.0,41.391,6.76926907508602,0.0,41.391,7.89726907508601
3696,0.0,41.391,6.76926907508602,0.0,41.391,7.89726907508601
3697,0.0,41.391,6.76926907508602,0.0,41.391,7.89726907508601
3698,0.0,41.391,6.76926907508602,0.0,41.391,7.89726907508601
3699,0.0,41.391,6.76926907508602,0.0,41.391,7.89726907508601
3700,0.0,41.391,6.76926907508602,0.0,41.391,7.89726907508601
3701,0.0,42.933,14.7651513888889,0.0,42.933,15.7943972222222
3702,0.0,42.933,14.7651513888889,0.0,42.933,15.7943972222222
3703,0.0,42.933,14.7651513888889,0.0,42.933,15.7943972222222
3704,0.0,42.933,14.7651513888889,0.0,42.933,15.7943972222222
3705,0.0,42.851,2.02184953703704,0.0,42.851,2.3528287037037
3706,0.0,42.851,2.02184953703704,0.0,42.851,2.3528287037037
3707,0.0,41.776,1.67426361655773,0.0,41.776,2.02161546840959
3708,0.0,41.776,1.67426361655773,0.0,41.776,2.02161546840959
3709,0.0,41.776,1.67426361655773,0.0,41.776,2.02161546840959
3710,0.0,45.295,1.00571111111111,0.0,45.295,1.23564444444444
3711,0.0,45.295,1.00571111111111,0.0,45.295,1.23564444444444
3712,0.0,45.295,1.00571111111111,0.0,45.295,1.23564444444444
3713,0.0,45.295,1.00571111111111,0.0,45.295,1.23564444444444
3714,0.0,45.295,1.00571111111111,0.0,45.295,1.23564444444444
3715,0.0,45.295,1.00571111111111,0.0,45.295,1.23564444444444
3716,0.0,40.807,1.46778395061728,0.0,40.807,1.82995987654321
3717,0.0,40.807,1.46778395061728,0.0,40.807,1.82995987654321
3718,0.0,40.807,1.46778395061728,0.0,40.807,1.82995987654321
3719,0.0,40.807,1.46778395061728,0.0,40.807,1.82995987654321
3720,0.0,42.583,11.1939776785714,0.0,42.583,12.4820942460317
3721,0.0,42.583,11.1939776785714,0.0,42.583,12.4820942460317
3722,0.0,42.583,11.1939776785714,0.0,42.583,12.4820942460317
3723,0.0,42.583,11.1939776785714,0.0,42.583,12.4820942460317
3724,0.0,41.391,6.76926907508602,0.0,41.391,7.89726907508601
3725,0.0,41.391,6.76926907508602,0.0,41.391,7.89726907508601
3726,0.0,41.391,6.76926907508602,0.0,41.391,7.89726907508601
3727,0.0,41.391,6.76926907508602,0.0,41.391,7.89726907508601
3728,0.0,41.391,6.76926907508602,0.0,41.391,7.89726907508601
3729,0.0,41.391,6.76926907508602,0.0,41.391,7.89726907508601
3730,0.0,41.391,6.76926907508602,0.0,41.391,7.89726907508601
3731,0.0,41.391,6.76926907508602,0.0,41.391,7.89726907508601
3732,0.0,41.391,6.76926907508602,0.0,41.391,7.89726907508601
3733,0.0,41.391,6.76926907508602,0.0,41.391,7.89726907508601
3734,0.0,41.391,6.76926907508602,0.0,41.391,7.89726907508601
3735,0.0,41.391,6.76926907508602,0.0,41.391,7.89726907508601
3736,0.0,41.391,6.76926907508602,0.0,41.391,7.89726907508601
3737,0.0,41.391,6.76926907508602,0.0,41.391,7.89726907508601
3738,0.0,41.391,6.76926907508602,0.0,41.391,7.89726907508601
3739,0.0,42.933,14.7651513888889,0.0,42.933,15.7943972222222
3740,0.0,42.933,14.7651513888889,0.0,42.933,15.7943972222222
3741,0.0,42.933,14.7651513888889,0.0,42.933,15.7943972222222
3742,0.0,42.933,14.7651513888889,0.0,42.933,15.7943972222222
3743,0.0,42.872,1.2729825708061,0.0,42.872,1.49265359477124
3744,0.0,41.776,1.67426361655773,0.0,41.776,2.02161546840959
3745,0.0,41.776,1.67426361655773,0.0,41.776,2.02161546840959
3746,0.0,41.776,1.67426361655773,0.0,41.776,2.02161546840959
3747,0.0,41.776,1.67426361655773,0.0,41.776,2.02161546840959
3748,0.0,47.255,2.26024074074074,0.0,47.255,2.72675185185185
3749,0.0,45.295,1.00571111111111,0.0,45.295,1.23564444444444
3750,0.0,45.295,1.00571111111111,0.0,45.295,1.23564444444444
3751,0.0,40.807,1.46778395061728,0.0,40.807,1.82995987654321
3752,0.0,47.468,1.81893097643098,0.0,47.468,2.19282491582492
3753,0.0,40.807,1.46778395061728,0.0,40.807,1.82995987654321
3754,0.0,40.807,1.46778395061728,0.0,40.807,1.82995987654321
3755,0.0,40.807,1.46778395061728,0.0,40.807,1.82995987654321
3756,0.0,40.807,1.46778395061728,0.0,40.807,1.82995987654321
3757,0.0,40.807,1.46778395061728,0.0,40.807,1.82995987654321
3758,0.0,40.807,1.46778395061728,0.0,40.807,1.82995987654321
3759,0.0,41.391,6.76926907508602,0.0,41.391,7.89726907508601
3760,0.0,41.391,6.76926907508602,0.0,41.391,7.89726907508601
3761,0.0,41.391,6.76926907508602,0.0,41.391,7.89726907508601
3762,0.0,41.391,6.76926907508602,0.0,41.391,7.89726907508601
3763,0.0,41.391,6.76926907508602,0.0,41.391,7.89726907508601
3764,0.0,41.391,6.76926907508602,0.0,41.391,7.89726907508601
3765,0.0,41.391,6.76926907508602,0.0,41.391,7.89726907508601
3766,0.0,41.391,6.76926907508602,0.0,41.391,7.89726907508601
3767,0.0,41.391,6.76926907508602,0.0,41.391,7.89726907508601
3768,0.0,41.391,6.76926907508602,0.0,41.391,7.89726907508601
3769,0.0,41.391,6.76926907508602,0.0,41.391,7.89726907508601
3770,0.0,41.391,6.76926907508602,0.0,41.391,7.89726907508601
3771,0.0,41.391,6.76926907508602,0.0,41.391,7.89726907508601
3772,0.0,41.391,6.76926907508602,0.0,41.391,7.89726907508601
3773,0.0,41.391,6.76926907508602,0.0,41.391,7.89726907508601
3774,0.0,41.391,6.76926907508602,0.0,41.391,7.89726907508601
3775,0.0,41.391,6.76926907508602,0.0,41.391,7.89726907508601
3776,0.0,42.933,14.7651513888889,0.0,42.933,15.7943972222222
3777,0.0,42.933,14.7651513888889,0.0,42.933,15.7943972222222
3778,0.0,42.933,14.7651513888889,0.0,42.933,15.7943972222222
3779,0.0,42.933,14.7651513888889,0.0,42.933,15.7943972222222
3780,0.0,41.776,1.67426361655773,0.0,41.776,2.02161546840959
3781,0.0,41.776,1.67426361655773,0.0,41.776,2.02161546840959
3782,0.0,41.776,1.67426361655773,0.0,41.776,2.02161546840959
3783,0.0,41.776,1.67426361655773,0.0,41.776,2.02161546840959
3784,0.0,47.255,2.26024074074074,0.0,47.255,2.72675185185185
3785,0.0,47.468,1.81893097643098,0.0,47.468,2.19282491582492
3786,0.0,47.255,2.26024074074074,0.0,47.255,2.72675185185185
3787,0.0,47.468,1.81893097643098,0.0,47.468,2.19282491582492
3788,0.0,47.468,1.81893097643098,0.0,47.468,2.19282491582492
3789,0.0,47.468,1.81893097643098,0.0,47.468,2.19282491582492
3790,0.0,47.468,1.81893097643098,0.0,47.468,2.19282491582492
3791,0.0,46.688,1.53771247563353,0.0,46.688,1.9047261208577
3792,0.0,40.807,1.46778395061728,0.0,40.807,1.82995987654321
3793,0.0,40.807,1.46778395061728,0.0,40.807,1.82995987654321
3794,0.0,40.807,1.46778395061728,0.0,40.807,1.82995987654321
3795,0.0,40.807,1.46778395061728,0.0,40.807,1.82995987654321
3796,0.0,41.391,6.76926907508602,0.0,41.391,7.89726907508601
3797,0.0,41.391,6.76926907508602,0.0,41.391,7.89726907508601
3798,0.0,41.391,6.76926907508602,0.0,41.391,7.89726907508601
3799,0.0,41.391,6.76926907508602,0.0,41.391,7.89726907508601
3800,0.0,41.391,6.76926907508602,0.0,41.391,7.89726907508601
3801,0.0,41.391,6.76926907508602,0.0,41.391,7.89726907508601
3802,0.0,41.391,6.76926907508602,0.0,41.391,7.89726907508601
3803,0.0,41.391,6.76926907508602,0.0,41.391,7.89726907508601
3804,0.0,41.391,6.76926907508602,0.0,41.391,7.89726907508601
3805,0.0,41.391,6.76926907508602,0.0,41.391,7.89726907508601
3806,0.0,41.391,6.76926907508602,0.0,41.391,7.89726907508601
3807,0.0,41.391,6.76926907508602,0.0,41.391,7.89726907508601
3808,0.0,41.391,6.76926907508602,0.0,41.391,7.89726907508601
3809,0.0,41.391,6.76926907508602,0.0,41.391,7.89726907508601
3810,0.0,41.391,6.76926907508602,0.0,41.391,7.89726907508601
3811,0.0,41.391,6.76926907508602,0.0,41.391,7.89726907508601
3812,0.0,41.391,6.76926907508602,0.0,41.391,7.89726907508601
3813,0.0,41.391,6.76926907508602,0.0,41.391,7.89726907508601
3814,0.0,42.933,14.7651513888889,0.0,42.933,15.7943972222222
3815,0.0,46.621,8.57331609195402,0.0,46.621,10.0752154108131
3816,0.0,42.933,14.7651513888889,0.0,42.933,15.7943972222222
3817,0.0,46.621,8.57331609195402,0.0,46.621,10.0752154108131
3818,0.0,35.304,5.27535185185185,0.0,35.304,5.80596296296296
3819,0.0,41.801,3.51119135802469,0.0,41.801,3.97872839506173
3820,0.0,32.164,2.91433333333333,0.0,32.164,3.3165
3821,0.0,47.255,2.26024074074074,0.0,47.255,2.72675185185185
3822,0.0,47.468,1.81893097643098,0.0,47.468,2.19282491582492
3823,0.0,47.468,1.81893097643098,0.0,47.468,2.19282491582492
3824,0.0,47.468,1.81893097643098,0.0,47.468,2.19282491582492
3825,0.0,47.468,1.81893097643098,0.0,47.468,2.19282491582492
3826,0.0,47.468,1.81893097643098,0.0,47.468,2.19282491582492
3827,0.0,47.468,1.81893097643098,0.0,47.468,2.19282491582492
3828,0.0,46.688,1.53771247563353,0.0,46.688,1.9047261208577
3829,0.0,46.688,1.53771247563353,0.0,46.688,1.9047261208577
3830,0.0,37.387,3.32466509062254,0.0,37.387,4.24217454688731
3831,0.0,37.387,3.32466509062254,0.0,37.387,4.24217454688731
3832,0.0,37.387,3.32466509062254,0.0,37.387,4.24217454688731
3833,0.0,37.387,3.32466509062254,0.0,37.387,4.24217454688731
3834,0.0,41.391,6.76926907508602,0.0,41.391,7.89726907508601
3835,0.0,41.391,6.76926907508602,0.0,41.391,7.89726907508601
3836,0.0,41.391,6.76926907508602,0.0,41.391,7.89726907508601
3837,0.0,41.391,6.76926907508602,0.0,41.391,7.89726907508601
3838,0.0,41.391,6.76926907508602,0.0,41.391,7.89726907508601
3839,0.0,41.391,6.76926907508602,0.0,41.391,7.89726907508601
3840,0.0,41.391,6.76926907508602,0.0,41.391,7.89726907508601
3841,0.0,41.391,6.76926907508602,0.0,41.391,7.89726907508601
3842,0.0,14.689,1.41075281803543,0.0,14.689,2.29129146537842
3843,0.0,41.391,6.76926907508602,0.0,41.391,7.89726907508601
3844,0.0,14.689,1.41075281803543,0.0,14.689,2.29129146537842
3845,0.0,41.391,6.76926907508602,0.0,41.391,7.89726907508601
3846,0.0,41.391,6.76926907508602,0.0,41.391,7.89726907508601
3847,0.0,41.391,6.76926907508602,0.0,41.391,7.89726907508601
3848,0.0,41.391,6.76926907508602,0.0,41.391,7.89726907508601
3849,0.0,41.391,6.76926907508602,0.0,41.391,7.89726907508601
3850,0.0,41.391,6.76926907508602,0.0,41.391,7.89726907508601
3851,0.0,41.391,6.76926907508602,0.0,41.391,7.89726907508601
3852,0.0,41.391,6.76926907508602,0.0,41.391,7.89726907508601
3853,0.0,46.621,8.57331609195402,0.0,46.621,10.0752154108131
3854,0.0,46.621,8.57331609195402,0.0,46.621,10.0752154108131
3855,0.0,34.782,6.33942592592593,0.0,34.782,6.88925925925926
3856,0.0,46.38,2.20857407407407,0.0,46.38,2.61147037037037
3857,0.0,46.38,2.20857407407407,0.0,46.38,2.61147037037037
3858,0.0,47.468,1.81893097643098,0.0,47.468,2.19282491582492
3859,0.0,47.468,1.81893097643098,0.0,47.468,2.19282491582492
3860,0.0,47.468,1.81893097643098,0.0,47.468,2.19282491582492
3861,0.0,47.468,1.81893097643098,0.0,47.468,2.19282491582492
3862,0.0,47.468,1.81893097643098,0.0,47.468,2.19282491582492
3863,0.0,46.688,1.53771247563353,0.0,46.688,1.9047261208577
3864,0.0,46.688,1.53771247563353,0.0,46.688,1.9047261208577
3865,0.0,46.688,1.53771247563353,0.0,46.688,1.9047261208577
3866,0.0,46.688,1.53771247563353,0.0,46.688,1.9047261208577
3867,0.0,37.387,3.32466509062254,0.0,37.387,4.24217454688731
3868,0.0,37.387,3.32466509062254,0.0,37.387,4.24217454688731
3869,0.0,37.387,3.32466509062254,0.0,37.387,4.24217454688731
3870,0.0,37.387,3.32466509062254,0.0,37.387,4.24217454688731
3871,0.0,37.387,3.32466509062254,0.0,37.387,4.24217454688731
3872,0.0,41.391,6.76926907508602,0.0,41.391,7.89726907508601
3873,0.0,41.391,6.76926907508602,0.0,41.391,7.89726907508601
3874,0.0,41.391,6.76926907508602,0.0,41.391,7.89726907508601
3875,0.0,41.391,6.76926907508602,0.0,41.391,7.89726907508601
3876,0.0,41.391,6.76926907508602,0.0,41.391,7.89726907508601
3877,0.0,41.391,6.76926907508602,0.0,41.391,7.89726907508601
3878,0.0,41.391,6.76926907508602,0.0,41.391,7.89726907508601
3879,0.0,14.689,1.41075281803543,0.0,14.689,2.29129146537842
3880,0.0,14.689,1.41075281803543,0.0,14.689,2.29129146537842
3881,0.0,14.689,1.41075281803543,0.0,14.689,2.29129146537842
3882,0.0,14.689,1.41075281803543,0.0,14.689,2.29129146537842
3883,0.0,55.584,8.00841749585406,0.0,55.584,9.63075331674959
3884,0.0,55.584,8.00841749585406,0.0,55.584,9.63075331674959
3885,0.0,55.584,8.00841749585406,0.0,55.584,9.63075331674959
3886,0.0,41.391,6.76926907508602,0.0,41.391,7.89726907508601
3887,0.0,41.391,6.76926907508602,0.0,41.391,7.89726907508601
3888,0.0,41.391,6.76926907508602,0.0,41.391,7.89726907508601
3889,0.0,46.621,8.57331609195402,0.0,46.621,10.0752154108131
3890,0.0,46.621,8.57331609195402,0.0,46.621,10.0752154108131
3891,0.0,46.621,8.57331609195402,0.0,46.621,10.0752154108131
3892,0.0,46.621,8.57331609195402,0.0,46.621,10.0752154108131
3893,0.0,46.621,8.57331609195402,0.0,46.621,10.0752154108131
3894,0.0,49.728,2.756875,0.0,49.728,3.19325
3895,0.0,36.759,2.11996296296296,0.0,36.759,2.50305555555556
3896,0.0,46.38,2.20857407407407,0.0,46.38,2.61147037037037
3897,0.0,46.576,1.18225730994152,0.0,46.576,1.55817933723197
3898,0.0,47.468,1.81893097643098,0.0,47.468,2.19282491582492
3899,0.0,46.688,1.53771247563353,0.0,46.688,1.9047261208577
3900,0.0,46.688,1.53771247563353,0.0,46.688,1.9047261208577
3901,0.0,46.688,1.53771247563353,0.0,46.688,1.9047261208577
3902,0.0,46.688,1.53771247563353,0.0,46.688,1.9047261208577
3903,0.0,45.503,1.33056349206349,0.0,45.503,1.67246626984127
3904,0.0,37.387,3.32466509062254,0.0,37.387,4.24217454688731
3905,0.0,37.387,3.32466509062254,0.0,37.387,4.24217454688731
3906,0.0,37.387,3.32466509062254,0.0,37.387,4.24217454688731
3907,0.0,37.387,3.32466509062254,0.0,37.387,4.24217454688731
3908,0.0,37.387,3.32466509062254,0.0,37.387,4.24217454688731
3909,0.0,37.387,3.32466509062254,0.0,37.387,4.24217454688731
3910,0.0,37.387,3.32466509062254,0.0,37.387,4.24217454688731
3911,0.0,37.387,3.32466509062254,0.0,37.387,4.24217454688731
3912,0.0,41.391,6.76926907508602,0.0,41.391,7.89726907508601
3913,0.0,41.391,6.76926907508602,0.0,41.391,7.89726907508601
3914,0.0,41.391,6.76926907508602,0.0,41.391,7.89726907508601
3915,0.0,41.391,6.76926907508602,0.0,41.391,7.89726907508601
3916,0.0,41.391,6.76926907508602,0.0,41.391,7.89726907508601
3917,0.0,14.689,1.41075281803543,0.0,14.689,2.29129146537842
3918,0.0,14.689,1.41075281803543,0.0,14.689,2.29129146537842
3919,0.0,14.689,1.41075281803543,0.0,14.689,2.29129146537842
3920,0.0,14.689,1.41075281803543,0.0,14.689,2.29129146537842
3921,0.0,55.584,8.00841749585406,0.0,55.584,9.63075331674959
3922,0.0,55.584,8.00841749585406,0.0,55.584,9.63075331674959
3923,0.0,55.584,8.00841749585406,0.0,55.584,9.63075331674959
3924,0.0,55.584,8.00841749585406,0.0,55.584,9.63075331674959
3925,0.0,41.391,6.76926907508602,0.0,41.391,7.89726907508601
3926,0.0,41.391,6.76926907508602,0.0,41.391,7.89726907508601
3927,0.0,46.621,8.57331609195402,0.0,46.621,10.0752154108131
3928,0.0,46.621,8.57331609195402,0.0,46.621,10.0752154108131
3929,0.0,46.621,8.57331609195402,0.0,46.621,10.0752154108131
3930,0.0,46.621,8.57331609195402,0.0,46.621,10.0752154108131
3931,0.0,46.621,8.57331609195402,0.0,46.621,10.0752154108131
3932,0.0,49.728,2.756875,0.0,49.728,3.19325
3933,0.0,49.728,2.756875,0.0,49.728,3.19325
3934,0.0,46.576,1.18225730994152,0.0,46.576,1.55817933723197
3935,0.0,46.576,1.18225730994152,0.0,46.576,1.55817933723197
3936,0.0,46.576,1.18225730994152,0.0,46.576,1.55817933723197
3937,0.0,46.688,1.53771247563353,0.0,46.688,1.9047261208577
3938,0.0,46.688,1.53771247563353,0.0,46.688,1.9047261208577
3939,0.0,45.503,1.33056349206349,0.0,45.503,1.67246626984127
3940,0.0,45.503,1.33056349206349,0.0,45.503,1.67246626984127
3941,0.0,45.503,1.33056349206349,0.0,45.503,1.67246626984127
3942,0.0,45.503,1.33056349206349,0.0,45.503,1.67246626984127
3943,0.0,44.47,1.75869766505636,0.0,44.47,2.24633051529791
3944,0.0,37.387,3.32466509062254,0.0,37.387,4.24217454688731
3945,0.0,44.47,1.75869766505636,0.0,44.47,2.24633051529791
3946,0.0,37.387,3.32466509062254,0.0,37.387,4.24217454688731
3947,0.0,37.387,3.32466509062254,0.0,37.387,4.24217454688731
3948,0.0,37.387,3.32466509062254,0.0,37.387,4.24217454688731
3949,0.0,37.387,3.32466509062254,0.0,37.387,4.24217454688731
3950,0.0,37.387,3.32466509062254,0.0,37.387,4.24217454688731
3951,0.0,41.391,6.76926907508602,0.0,41.391,7.89726907508601
3952,0.0,41.391,6.76926907508602,0.0,41.391,7.89726907508601
3953,0.0,41.391,6.76926907508602,0.0,41.391,7.89726907508601
3954,0.0,41.391,6.76926907508602,0.0,41.391,7.89726907508601
3955,0.0,14.689,1.41075281803543,0.0,14.689,2.29129146537842
3956,0.0,14.689,1.41075281803543,0.0,14.689,2.29129146537842
3957,0.0,26.74,1.58317121507472,0.0,26.74,2.57265659519168
3958,0.0,26.74,1.58317121507472,0.0,26.74,2.57265659519168
3959,0.0,26.74,1.58317121507472,0.0,26.74,2.57265659519168
3960,0.0,55.584,8.00841749585406,0.0,55.584,9.63075331674959
3961,0.0,55.584,8.00841749585406,0.0,55.584,9.63075331674959
3962,0.0,46.621,8.57331609195402,0.0,46.621,10.0752154108131
3963,0.0,46.621,8.57331609195402,0.0,46.621,10.0752154108131
3964,0.0,46.621,8.57331609195402,0.0,46.621,10.0752154108131
3965,0.0,46.621,8.57331609195402,0.0,46.621,10.0752154108131
3966,0.0,46.621,8.57331609195402,0.0,46.621,10.0752154108131
3967,0.0,46.621,8.57331609195402,0.0,46.621,10.0752154108131
3968,0.0,46.621,8.57331609195402,0.0,46.621,10.0752154108131
3969,0.0,46.621,8.57331609195402,0.0,46.621,10.0752154108131
3970,0.0,46.621,8.57331609195402,0.0,46.621,10.0752154108131
3971,0.0,46.621,8.57331609195402,0.0,46.621,10.0752154108131
3972,0.0,49.728,2.756875,0.0,49.728,3.19325
3973,0.0,49.728,2.756875,0.0,49.728,3.19325
3974,0.0,46.576,1.18225730994152,0.0,46.576,1.55817933723197
3975,0.0,46.576,1.18225730994152,0.0,46.576,1.55817933723197
3976,0.0,46.576,1.18225730994152,0.0,46.576,1.55817933723197
3977,0.0,46.576,1.18225730994152,0.0,46.576,1.55817933723197
3978,0.0,45.503,1.33056349206349,0.0,45.503,1.67246626984127
3979,0.0,45.503,1.33056349206349,0.0,45.503,1.67246626984127
3980,0.0,45.503,1.33056349206349,0.0,45.503,1.67246626984127
3981,0.0,45.503,1.33056349206349,0.0,45.503,1.67246626984127
3982,0.0,45.503,1.33056349206349,0.0,45.503,1.67246626984127
3983,0.0,44.47,1.75869766505636,0.0,44.47,2.24633051529791
3984,0.0,44.47,1.75869766505636,0.0,44.47,2.24633051529791
3985,0.0,44.47,1.75869766505636,0.0,44.47,2.24633051529791
3986,0.0,37.387,3.32466509062254,0.0,37.387,4.24217454688731
3987,0.0,37.387,3.32466509062254,0.0,37.387,4.24217454688731
3988,0.0,37.387,3.32466509062254,0.0,37.387,4.24217454688731
3989,0.0,40.6,4.80831688520819,0.0,40.6,5.89029250057511
3990,0.0,40.6,4.80831688520819,0.0,40.6,5.89029250057511
3991,0.0,40.6,4.80831688520819,0.0,40.6,5.89029250057511
3992,0.0,41.391,6.76926907508602,0.0,41.391,7.89726907508601
3993,0.0,41.391,6.76926907508602,0.0,41.391,7.89726907508601
3994,0.0,41.391,6.76926907508602,0.0,41.391,7.89726907508601
3995,0.0,14.689,1.41075281803543,0.0,14.689,2.29129146537842
3996,0.0,14.689,1.41075281803543,0.0,14.689,2.29129146537842
3997,0.0,26.74,1.58317121507472,0.0,26.74,2.57265659519168
3998,0.0,26.74,1.58317121507472,0.0,26.74,2.57265659519168
3999,0.0,26.74,1.58317121507472,0.0,26.74,2.57265659519168
4000,0.0,55.584,8.00841749585406,0.0,55.584,9.63075331674959
4001,0.0,55.584,8.00841749585406,0.0,55.584,9.63075331674959
4002,0.0,55.584,8.00841749585406,0.0,55.584,9.63075331674959
4003,0.0,55.584,8.00841749585406,0.0,55.584,9.63075331674959
4004,0.0,46.621,8.57331609195402,0.0,46.621,10.0752154108131
4005,0.0,46.621,8.57331609195402,0.0,46.621,10.0752154108131
4006,0.0,46.621,8.57331609195402,0.0,46.621,10.0752154108131
4007,0.0,46.621,8.57331609195402,0.0,46.621,10.0752154108131
4008,0.0,46.621,8.57331609195402,0.0,46.621,10.0752154108131
4009,0.0,46.621,8.57331609195402,0.0,46.621,10.0752154108131
4010,0.0,46.621,8.57331609195402,0.0,46.621,10.0752154108131
4011,0.0,46.621,8.57331609195402,0.0,46.621,10.0752154108131
4012,0.0,49.728,2.756875,0.0,49.728,3.19325
4013,0.0,49.728,2.756875,0.0,49.728,3.19325
4014,0.0,46.576,1.18225730994152,0.0,46.576,1.55817933723197
4015,0.0,46.576,1.18225730994152,0.0,46.576,1.55817933723197
4016,0.0,46.576,1.18225730994152,0.0,46.576,1.55817933723197
4017,0.0,45.503,1.33056349206349,0.0,45.503,1.67246626984127
4018,0.0,45.503,1.33056349206349,0.0,45.503,1.67246626984127
4019,0.0,45.503,1.33056349206349,0.0,45.503,1.67246626984127
4020,0.0,45.503,1.33056349206349,0.0,45.503,1.67246626984127
4021,0.0,44.47,1.75869766505636,0.0,44.47,2.24633051529791
4022,0.0,44.47,1.75869766505636,0.0,44.47,2.24633051529791
4023,0.0,44.47,1.75869766505636,0.0,44.47,2.24633051529791
4024,0.0,44.47,1.75869766505636,0.0,44.47,2.24633051529791
4025,0.0,37.387,3.32466509062254,0.0,37.387,4.24217454688731
4026,0.0,37.387,3.32466509062254,0.0,37.387,4.24217454688731
4027,0.0,37.387,3.32466509062254,0.0,37.387,4.24217454688731
4028,0.0,40.6,4.80831688520819,0.0,40.6,5.89029250057511
4029,0.0,40.6,4.80831688520819,0.0,40.6,5.89029250057511
4030,0.0,40.6,4.80831688520819,0.0,40.6,5.89029250057511
4031,0.0,41.391,6.76926907508602,0.0,41.391,7.89726907508601
4032,0.0,41.391,6.76926907508602,0.0,41.391,7.89726907508601
4033,0.0,41.391,6.76926907508602,0.0,41.391,7.89726907508601
4034,0.0,14.689,1.41075281803543,0.0,14.689,2.29129146537842
4035,0.0,14.689,1.41075281803543,0.0,14.689,2.29129146537842
4036,0.0,26.74,1.58317121507472,0.0,26.74,2.57265659519168
4037,0.0,26.74,1.58317121507472,0.0,26.74,2.57265659519168
4038,0.0,26.74,1.58317121507472,0.0,26.74,2.57265659519168
4039,0.0,26.74,1.58317121507472,0.0,26.74,2.57265659519168
4040,0.0,26.74,1.58317121507472,0.0,26.74,2.57265659519168
4041,0.0,55.584,8.00841749585406,0.0,55.584,9.63075331674959
4042,0.0,55.584,8.00841749585406,0.0,55.584,9.63075331674959
4043,0.0,55.584,8.00841749585406,0.0,55.584,9.63075331674959
4044,0.0,55.584,8.00841749585406,0.0,55.584,9.63075331674959
4045,0.0,46.621,8.57331609195402,0.0,46.621,10.0752154108131
4046,0.0,46.621,8.57331609195402,0.0,46.621,10.0752154108131
4047,0.0,46.621,8.57331609195402,0.0,46.621,10.0752154108131
4048,0.0,46.621,8.57331609195402,0.0,46.621,10.0752154108131
4049,0.0,46.621,8.57331609195402,0.0,46.621,10.0752154108131
4050,0.0,46.621,8.57331609195402,0.0,46.621,10.0752154108131
4051,0.0,46.621,8.57331609195402,0.0,46.621,10.0752154108131
4052,0.0,46.621,8.57331609195402,0.0,46.621,10.0752154108131
4053,0.0,49.415,1.9479375,0.0,49.415,2.34841049382716
4054,0.0,49.415,1.9479375,0.0,49.415,2.34841049382716
4055,0.0,49.415,1.9479375,0.0,49.415,2.34841049382716
4056,0.0,46.576,1.18225730994152,0.0,46.576,1.55817933723197
4057,0.0,45.503,1.33056349206349,0.0,45.503,1.67246626984127
4058,0.0,45.503,1.33056349206349,0.0,45.503,1.67246626984127
4059,0.0,45.503,1.33056349206349,0.0,45.503,1.67246626984127
4060,0.0,45.503,1.33056349206349,0.0,45.503,1.67246626984127
4061,0.0,44.47,1.75869766505636,0.0,44.47,2.24633051529791
4062,0.0,44.47,1.75869766505636,0.0,44.47,2.24633051529791
4063,0.0,44.47,1.75869766505636,0.0,44.47,2.24633051529791
4064,0.0,44.47,1.75869766505636,0.0,44.47,2.24633051529791
4065,0.0,44.47,1.75869766505636,0.0,44.47,2.24633051529791
4066,0.0,37.387,3.32466509062254,0.0,37.387,4.24217454688731
4067,0.0,37.387,3.32466509062254,0.0,37.387,4.24217454688731
4068,0.0,37.387,3.32466509062254,0.0,37.387,4.24217454688731
4069,0.0,40.6,4.80831688520819,0.0,40.6,5.89029250057511
4070,0.0,40.6,4.80831688520819,0.0,40.6,5.89029250057511
4071,0.0,40.6,4.80831688520819,0.0,40.6,5.89029250057511
4072,0.0,40.6,4.80831688520819,0.0,40.6,5.89029250057511
4073,0.0,40.6,4.80831688520819,0.0,40.6,5.89029250057511
4074,0.0,41.391,6.76926907508602,0.0,41.391,7.89726907508601
4075,0.0,26.74,1.58317121507472,0.0,26.74,2.57265659519168
4076,0.0,26.74,1.58317121507472,0.0,26.74,2.57265659519168
4077,0.0,26.74,1.58317121507472,0.0,26.74,2.57265659519168
4078,0.0,26.74,1.58317121507472,0.0,26.74,2.57265659519168
4079,0.0,26.74,1.58317121507472,0.0,26.74,2.57265659519168
4080,0.0,26.74,1.58317121507472,0.0,26.74,2.57265659519168
4081,0.0,26.74,1.58317121507472,0.0,26.74,2.57265659519168
4082,0.0,55.584,8.00841749585406,0.0,55.584,9.63075331674959
4083,0.0,55.584,8.00841749585406,0.0,55.584,9.63075331674959
4084,0.0,55.584,8.00841749585406,0.0,55.584,9.63075331674959
4085,0.0,55.584,8.00841749585406,0.0,55.584,9.63075331674959
4086,0.0,55.584,8.00841749585406,0.0,55.584,9.63075331674959
4087,0.0,46.621,8.57331609195402,0.0,46.621,10.0752154108131
4088,0.0,46.621,8.57331609195402,0.0,46.621,10.0752154108131
4089,0.0,46.621,8.57331609195402,0.0,46.621,10.0752154108131
4090,0.0,46.621,8.57331609195402,0.0,46.621,10.0752154108131
4091,0.0,46.621,8.57331609195402,0.0,46.621,10.0752154108131
4092,0.0,46.621,8.57331609195402,0.0,46.621,10.0752154108131
4093,0.0,46.621,8.57331609195402,0.0,46.621,10.0752154108131
4094,0.0,49.415,1.9479375,0.0,49.415,2.34841049382716
4095,0.0,49.415,1.9479375,0.0,49.415,2.34841049382716
4096,0.0,49.415,1.9479375,0.0,49.415,2.34841049382716
4097,0.0,46.576,1.18225730994152,0.0,46.576,1.55817933723197
4098,0.0,46.576,1.18225730994152,0.0,46.576,1.55817933723197
4099,0.0,45.503,1.33056349206349,0.0,45.503,1.67246626984127
4100,0.0,45.503,1.33056349206349,0.0,45.503,1.67246626984127
4101,0.0,45.503,1.33056349206349,0.0,45.503,1.67246626984127
4102,0.0,44.47,1.75869766505636,0.0,44.47,2.24633051529791
4103,0.0,44.47,1.75869766505636,0.0,44.47,2.24633051529791
4104,0.0,44.47,1.75869766505636,0.0,44.47,2.24633051529791
4105,0.0,44.47,1.75869766505636,0.0,44.47,2.24633051529791
4106,0.0,44.47,1.75869766505636,0.0,44.47,2.24633051529791
4107,0.0,37.387,3.32466509062254,0.0,37.387,4.24217454688731
4108,0.0,40.6,4.80831688520819,0.0,40.6,5.89029250057511
4109,0.0,40.6,4.80831688520819,0.0,40.6,5.89029250057511
4110,0.0,40.6,4.80831688520819,0.0,40.6,5.89029250057511
4111,0.0,40.6,4.80831688520819,0.0,40.6,5.89029250057511
4112,0.0,40.6,4.80831688520819,0.0,40.6,5.89029250057511
4113,0.0,40.6,4.80831688520819,0.0,40.6,5.89029250057511
4114,0.0,40.6,4.80831688520819,0.0,40.6,5.89029250057511
4115,0.0,41.391,6.76926907508602,0.0,41.391,7.89726907508601
4116,0.0,26.74,1.58317121507472,0.0,26.74,2.57265659519168
4117,0.0,26.74,1.58317121507472,0.0,26.74,2.57265659519168
4118,0.0,26.74,1.58317121507472,0.0,26.74,2.57265659519168
4119,0.0,26.74,1.58317121507472,0.0,26.74,2.57265659519168
4120,0.0,26.74,1.58317121507472,0.0,26.74,2.57265659519168
4121,0.0,26.74,1.58317121507472,0.0,26.74,2.57265659519168
4122,0.0,55.584,8.00841749585406,0.0,55.584,9.63075331674959
4123,0.0,55.584,8.00841749585406,0.0,55.584,9.63075331674959
4124,0.0,55.584,8.00841749585406,0.0,55.584,9.63075331674959
4125,0.0,55.584,8.00841749585406,0.0,55.584,9.63075331674959
4126,0.0,55.584,8.00841749585406,0.0,55.584,9.63075331674959
4127,0.0,55.584,8.00841749585406,0.0,55.584,9.63075331674959
4128,0.0,46.621,8.57331609195402,0.0,46.621,10.0752154108131
4129,0.0,46.621,8.57331609195402,0.0,46.621,10.0752154108131
4130,0.0,46.621,8.57331609195402,0.0,46.621,10.0752154108131
4131,0.0,46.621,8.57331609195402,0.0,46.621,10.0752154108131
4132,0.0,46.621,8.57331609195402,0.0,46.621,10.0752154108131
4133,0.0,46.621,8.57331609195402,0.0,46.621,10.0752154108131
4134,0.0,46.621,8.57331609195402,0.0,46.621,10.0752154108131
4135,0.0,49.415,1.9479375,0.0,49.415,2.34841049382716
4136,0.0,49.415,1.9479375,0.0,49.415,2.34841049382716
4137,0.0,49.415,1.9479375,0.0,49.415,2.34841049382716
4138,0.0,48.259,1.4894562962963,0.0,48.259,1.88628962962963
4139,0.0,45.503,1.33056349206349,0.0,45.503,1.67246626984127
4140,0.0,44.47,1.75869766505636,0.0,44.47,2.24633051529791
4141,0.0,44.47,1.75869766505636,0.0,44.47,2.24633051529791
4142,0.0,44.47,1.75869766505636,0.0,44.47,2.24633051529791
4143,0.0,44.47,1.75869766505636,0.0,44.47,2.24633051529791
4144,0.0,44.47,1.75869766505636,0.0,44.47,2.24633051529791
4145,0.0,44.47,1.75869766505636,0.0,44.47,2.24633051529791
4146,0.0,44.47,1.75869766505636,0.0,44.47,2.24633051529791
4147,0.0,40.6,4.80831688520819,0.0,40.6,5.89029250057511
4148,0.0,40.6,4.80831688520819,0.0,40.6,5.89029250057511
4149,0.0,40.6,4.80831688520819,0.0,40.6,5.89029250057511
4150,0.0,40.6,4.80831688520819,0.0,40.6,5.89029250057511
4151,0.0,40.6,4.80831688520819,0.0,40.6,5.89029250057511
4152,0.0,40.6,4.80831688520819,0.0,40.6,5.89029250057511
4153,0.0,40.6,4.80831688520819,0.0,40.6,5.89029250057511
4154,0.0,40.6,4.80831688520819,0.0,40.6,5.89029250057511
4155,0.0,40.6,4.80831688520819,0.0,40.6,5.89029250057511
4156,0.0,40.6,4.80831688520819,0.0,40.6,5.89029250057511
4157,0.0,26.74,1.58317121507472,0.0,26.74,2.57265659519168
4158,0.0,26.74,1.58317121507472,0.0,26.74,2.57265659519168
4159,0.0,26.74,1.58317121507472,0.0,26.74,2.57265659519168
4160,0.0,26.74,1.58317121507472,0.0,26.74,2.57265659519168
4161,0.0,26.74,1.58317121507472,0.0,26.74,2.57265659519168
4162,0.0,55.584,8.00841749585406,0.0,55.584,9.63075331674959
4163,0.0,55.584,8.00841749585406,0.0,55.584,9.63075331674959
4164,0.0,55.584,8.00841749585406,0.0,55.584,9.63075331674959
4165,0.0,55.584,8.00841749585406,0.0,55.584,9.63075331674959
4166,0.0,55.584,8.00841749585406,0.0,55.584,9.63075331674959
4167,0.0,55.584,8.00841749585406,0.0,55.584,9.63075331674959
4168,0.0,55.584,8.00841749585406,0.0,55.584,9.63075331674959
4169,0.0,46.621,8.57331609195402,0.0,46.621,10.0752154108131
4170,0.0,46.621,8.57331609195402,0.0,46.621,10.0752154108131
4171,0.0,46.621,8.57331609195402,0.0,46.621,10.0752154108131
4172,0.0,46.621,8.57331609195402,0.0,46.621,10.0752154108131
4173,0.0,46.621,8.57331609195402,0.0,46.621,10.0752154108131
4174,0.0,46.621,8.57331609195402,0.0,46.621,10.0752154108131
4175,0.0,46.621,8.57331609195402,0.0,46.621,10.0752154108131
4176,0.0,49.415,1.9479375,0.0,49.415,2.34841049382716
4177,0.0,49.415,1.9479375,0.0,49.415,2.34841049382716
4178,0.0,49.415,1.9479375,0.0,49.415,2.34841049382716
4179,0.0,48.259,1.4894562962963,0.0,48.259,1.88628962962963
4180,0.0,48.259,1.4894562962963,0.0,48.259,1.88628962962963
4181,0.0,48.259,1.4894562962963,0.0,48.259,1.88628962962963
4182,0.0,44.47,1.75869766505636,0.0,44.47,2.24633051529791
4183,0.0,44.47,1.75869766505636,0.0,44.47,2.24633051529791
4184,0.0,44.47,1.75869766505636,0.0,44.47,2.24633051529791
4185,0.0,44.47,1.75869766505636,0.0,44.47,2.24633051529791
4186,0.0,44.47,1.75869766505636,0.0,44.47,2.24633051529791
4187,0.0,40.6,4.80831688520819,0.0,40.6,5.89029250057511
4188,0.0,40.6,4.80831688520819,0.0,40.6,5.89029250057511
4189,0.0,40.6,4.80831688520819,0.0,40.6,5.89029250057511
4190,0.0,40.6,4.80831688520819,0.0,40.6,5.89029250057511
4191,0.0,40.6,4.80831688520819,0.0,40.6,5.89029250057511
4192,0.0,40.6,4.80831688520819,0.0,40.6,5.89029250057511
4193,0.0,40.6,4.80831688520819,0.0,40.6,5.89029250057511
4194,0.0,40.6,4.80831688520819,0.0,40.6,5.89029250057511
4195,0.0,40.6,4.80831688520819,0.0,40.6,5.89029250057511
4196,0.0,40.6,4.80831688520819,0.0,40.6,5.89029250057511
4197,0.0,40.6,4.80831688520819,0.0,40.6,5.89029250057511
4198,0.0,26.74,1.58317121507472,0.0,26.74,2.57265659519168
4199,0.0,26.74,1.58317121507472,0.0,26.74,2.57265659519168
4200,0.0,26.74,1.58317121507472,0.0,26.74,2.57265659519168
4201,0.0,26.74,1.58317121507472,0.0,26.74,2.57265659519168
4202,0.0,26.74,1.58317121507472,0.0,26.74,2.57265659519168
4203,0.0,55.584,8.00841749585406,0.0,55.584,9.63075331674959
4204,0.0,55.584,8.00841749585406,0.0,55.584,9.63075331674959
4205,0.0,55.584,8.00841749585406,0.0,55.584,9.63075331674959
4206,0.0,55.584,8.00841749585406,0.0,55.584,9.63075331674959
4207,0.0,55.584,8.00841749585406,0.0,55.584,9.63075331674959
4208,0.0,55.584,8.00841749585406,0.0,55.584,9.63075331674959
4209,0.0,55.584,8.00841749585406,0.0,55.584,9.63075331674959
4210,0.0,55.584,8.00841749585406,0.0,55.584,9.63075331674959
4211,0.0,55.584,8.00841749585406,0.0,55.584,9.63075331674959
4212,0.0,46.621,8.57331609195402,0.0,46.621,10.0752154108131
4213,0.0,46.621,8.57331609195402,0.0,46.621,10.0752154108131
4214,0.0,46.621,8.57331609195402,0.0,46.621,10.0752154108131
4215,0.0,46.621,8.57331609195402,0.0,46.621,10.0752154108131
4216,0.0,46.621,8.57331609195402,0.0,46.621,10.0752154108131
4217,0.0,46.621,8.57331609195402,0.0,46.621,10.0752154108131
4218,0.0,49.415,1.9479375,0.0,49.415,2.34841049382716
4219,0.0,49.415,1.9479375,0.0,49.415,2.34841049382716
4220,0.0,49.415,1.9479375,0.0,49.415,2.34841049382716
4221,0.0,49.415,1.9479375,0.0,49.415,2.34841049382716
4222,0.0,48.259,1.4894562962963,0.0,48.259,1.88628962962963
4223,0.0,48.259,1.4894562962963,0.0,48.259,1.88628962962963
4224,0.0,48.259,1.4894562962963,0.0,48.259,1.88628962962963
4225,0.0,44.47,1.75869766505636,0.0,44.47,2.24633051529791
4226,0.0,44.47,1.75869766505636,0.0,44.47,2.24633051529791
4227,0.0,45.111,1.67110740740741,0.0,45.111,2.10802839506173
4228,0.0,40.6,4.80831688520819,0.0,40.6,5.89029250057511
4229,0.0,40.6,4.80831688520819,0.0,40.6,5.89029250057511
4230,0.0,40.6,4.80831688520819,0.0,40.6,5.89029250057511
4231,0.0,40.6,4.80831688520819,0.0,40.6,5.89029250057511
4232,0.0,40.6,4.80831688520819,0.0,40.6,5.89029250057511
4233,0.0,40.6,4.80831688520819,0.0,40.6,5.89029250057511
4234,0.0,40.6,4.80831688520819,0.0,40.6,5.89029250057511
4235,0.0,40.6,4.80831688520819,0.0,40.6,5.89029250057511
4236,0.0,40.6,4.80831688520819,0.0,40.6,5.89029250057511
4237,0.0,40.6,4.80831688520819,0.0,40.6,5.89029250057511
4238,0.0,40.6,4.80831688520819,0.0,40.6,5.89029250057511
4239,0.0,40.6,4.80831688520819,0.0,40.6,5.89029250057511
4240,0.0,40.6,4.80831688520819,0.0,40.6,5.89029250057511
4241,0.0,26.74,1.58317121507472,0.0,26.74,2.57265659519168
4242,0.0,26.74,1.58317121507472,0.0,26.74,2.57265659519168
4243,0.0,26.74,1.58317121507472,0.0,26.74,2.57265659519168
4244,0.0,46.712,10.9391303778526,0.0,46.712,12.4777875046764
4245,0.0,46.712,10.9391303778526,0.0,46.712,12.4777875046764
4246,0.0,55.584,8.00841749585406,0.0,55.584,9.63075331674959
4247,0.0,55.584,8.00841749585406,0.0,55.584,9.63075331674959
4248,0.0,55.584,8.00841749585406,0.0,55.584,9.63075331674959
4249,0.0,55.584,8.00841749585406,0.0,55.584,9.63075331674959
4250,0.0,55.584,8.00841749585406,0.0,55.584,9.63075331674959
4251,0.0,55.584,8.00841749585406,0.0,55.584,9.63075331674959
4252,0.0,55.584,8.00841749585406,0.0,55.584,9.63075331674959
4253,0.0,55.584,8.00841749585406,0.0,55.584,9.63075331674959
4254,0.0,55.584,8.00841749585406,0.0,55.584,9.63075331674959
4255,0.0,46.621,8.57331609195402,0.0,46.621,10.0752154108131
4256,0.0,46.621,8.57331609195402,0.0,46.621,10.0752154108131
4257,0.0,55.584,8.00841749585406,0.0,55.584,9.63075331674959
4258,0.0,46.621,8.57331609195402,0.0,46.621,10.0752154108131
4259,0.0,55.584,8.00841749585406,0.0,55.584,9.63075331674959
4260,0.0,46.621,8.57331609195402,0.0,46.621,10.0752154108131
4261,0.0,49.415,1.9479375,0.0,49.415,2.34841049382716
4262,0.0,49.415,1.9479375,0.0,49.415,2.34841049382716
4263,0.0,48.259,1.4894562962963,0.0,48.259,1.88628962962963
4264,0.0,48.259,1.4894562962963,0.0,48.259,1.88628962962963
4265,0.0,48.259,1.4894562962963,0.0,48.259,1.88628962962963
4266,0.0,48.259,1.4894562962963,0.0,48.259,1.88628962962963
4267,0.0,45.111,1.67110740740741,0.0,45.111,2.10802839506173
4268,0.0,45.111,1.67110740740741,0.0,45.111,2.10802839506173
4269,0.0,45.111,1.67110740740741,0.0,45.111,2.10802839506173
4270,0.0,45.111,1.67110740740741,0.0,45.111,2.10802839506173
4271,0.0,40.6,4.80831688520819,0.0,40.6,5.89029250057511
4272,0.0,40.6,4.80831688520819,0.0,40.6,5.89029250057511
4273,0.0,40.6,4.80831688520819,0.0,40.6,5.89029250057511
4274,0.0,40.6,4.80831688520819,0.0,40.6,5.89029250057511
4275,0.0,40.6,4.80831688520819,0.0,40.6,5.89029250057511
4276,0.0,40.6,4.80831688520819,0.0,40.6,5.89029250057511
4277,0.0,40.6,4.80831688520819,0.0,40.6,5.89029250057511
4278,0.0,40.6,4.80831688520819,0.0,40.6,5.89029250057511
4279,0.0,40.6,4.80831688520819,0.0,40.6,5.89029250057511
4280,0.0,40.6,4.80831688520819,0.0,40.6,5.89029250057511
4281,0.0,40.6,4.80831688520819,0.0,40.6,5.89029250057511
4282,0.0,40.6,4.80831688520819,0.0,40.6,5.89029250057511
4283,0.0,26.74,1.58317121507472,0.0,26.74,2.57265659519168
4284,0.0,26.74,1.58317121507472,0.0,26.74,2.57265659519168
4285,0.0,26.74,1.58317121507472,0.0,26.74,2.57265659519168
4286,0.0,46.712,10.9391303778526,0.0,46.712,12.4777875046764
4287,0.0,46.712,10.9391303778526,0.0,46.712,12.4777875046764
4288,0.0,46.712,10.9391303778526,0.0,46.712,12.4777875046764
4289,0.0,46.712,10.9391303778526,0.0,46.712,12.4777875046764
4290,0.0,46.712,10.9391303778526,0.0,46.712,12.4777875046764
4291,0.0,46.712,10.9391303778526,0.0,46.712,12.4777875046764
4292,0.0,55.584,8.00841749585406,0.0,55.584,9.63075331674959
4293,0.0,55.584,8.00841749585406,0.0,55.584,9.63075331674959
4294,0.0,55.584,8.00841749585406,0.0,55.584,9.63075331674959
4295,0.0,55.584,8.00841749585406,0.0,55.584,9.63075331674959
4296,0.0,55.584,8.00841749585406,0.0,55.584,9.63075331674959
4297,0.0,55.584,8.00841749585406,0.0,55.584,9.63075331674959
4298,0.0,55.584,8.00841749585406,0.0,55.584,9.63075331674959
4299,0.0,55.584,8.00841749585406,0.0,55.584,9.63075331674959
4300,0.0,55.584,8.00841749585406,0.0,55.584,9.63075331674959
4301,0.0,55.584,8.00841749585406,0.0,55.584,9.63075331674959
4302,0.0,55.584,8.00841749585406,0.0,55.584,9.63075331674959
4303,0.0,55.584,8.00841749585406,0.0,55.584,9.63075331674959
4304,0.0,48.259,1.4894562962963,0.0,48.259,1.88628962962963
4305,0.0,48.259,1.4894562962963,0.0,48.259,1.88628962962963
4306,0.0,48.259,1.4894562962963,0.0,48.259,1.88628962962963
4307,0.0,48.259,1.4894562962963,0.0,48.259,1.88628962962963
4308,0.0,44.878,1.2928367003367,0.0,44.878,1.69220791245791
4309,0.0,44.878,1.2928367003367,0.0,44.878,1.69220791245791
4310,0.0,45.111,1.67110740740741,0.0,45.111,2.10802839506173
4311,0.0,45.111,1.67110740740741,0.0,45.111,2.10802839506173
4312,0.0,45.111,1.67110740740741,0.0,45.111,2.10802839506173
4313,0.0,45.111,1.67110740740741,0.0,45.111,2.10802839506173
4314,0.0,40.6,4.80831688520819,0.0,40.6,5.89029250057511
4315,0.0,40.6,4.80831688520819,0.0,40.6,5.89029250057511
4316,0.0,40.6,4.80831688520819,0.0,40.6,5.89029250057511
4317,0.0,40.6,4.80831688520819,0.0,40.6,5.89029250057511
4318,0.0,40.6,4.80831688520819,0.0,40.6,5.89029250057511
4319,0.0,40.6,4.80831688520819,0.0,40.6,5.89029250057511
4320,0.0,40.6,4.80831688520819,0.0,40.6,5.89029250057511
4321,0.0,40.6,4.80831688520819,0.0,40.6,5.89029250057511
4322,0.0,40.6,4.80831688520819,0.0,40.6,5.89029250057511
4323,0.0,40.6,4.80831688520819,0.0,40.6,5.89029250057511
4324,0.0,40.6,4.80831688520819,0.0,40.6,5.89029250057511
4325,0.0,40.6,4.80831688520819,0.0,40.6,5.89029250057511
4326,0.0,40.6,4.80831688520819,0.0,40.6,5.89029250057511
4327,0.0,26.74,1.58317121507472,0.0,26.74,2.57265659519168
4328,0.0,46.712,10.9391303778526,0.0,46.712,12.4777875046764
4329,0.0,46.712,10.9391303778526,0.0,46.712,12.4777875046764
4330,0.0,46.712,10.9391303778526,0.0,46.712,12.4777875046764
4331,0.0,46.712,10.9391303778526,0.0,46.712,12.4777875046764
4332,0.0,46.712,10.9391303778526,0.0,46.712,12.4777875046764
4333,0.0,46.712,10.9391303778526,0.0,46.712,12.4777875046764
4334,0.0,46.712,10.9391303778526,0.0,46.712,12.4777875046764
4335,0.0,46.712,10.9391303778526,0.0,46.712,12.4777875046764
4336,0.0,46.712,10.9391303778526,0.0,46.712,12.4777875046764
4337,0.0,55.584,8.00841749585406,0.0,55.584,9.63075331674959
4338,0.0,55.584,8.00841749585406,0.0,55.584,9.63075331674959
4339,0.0,55.584,8.00841749585406,0.0,55.584,9.63075331674959
4340,0.0,55.584,8.00841749585406,0.0,55.584,9.63075331674959
4341,0.0,55.584,8.00841749585406,0.0,55.584,9.63075331674959
4342,0.0,55.584,8.00841749585406,0.0,55.584,9.63075331674959
4343,0.0,55.584,8.00841749585406,0.0,55.584,9.63075331674959
4344,0.0,55.584,8.00841749585406,0.0,55.584,9.63075331674959
4345,0.0,55.584,8.00841749585406,0.0,55.584,9.63075331674959
4346,0.0,55.584,8.00841749585406,0.0,55.584,9.63075331674959
4347,0.0,55.584,8.00841749585406,0.0,55.584,9.63075331674959
4348,0.0,48.259,1.4894562962963,0.0,48.259,1.88628962962963
4349,0.0,48.259,1.4894562962963,0.0,48.259,1.88628962962963
4350,0.0,48.259,3.10757407407407,0.0,48.259,3.81005555555556
4351,0.0,48.259,1.4894562962963,0.0,48.259,1.88628962962963
4352,0.0,44.878,1.2928367003367,0.0,44.878,1.69220791245791
4353,0.0,44.878,1.2928367003367,0.0,44.878,1.69220791245791
4354,0.0,44.878,1.2928367003367,0.0,44.878,1.69220791245791
4355,0.0,44.878,1.2928367003367,0.0,44.878,1.69220791245791
4356,0.0,45.111,1.67110740740741,0.0,45.111,2.10802839506173
4357,0.0,45.111,1.67110740740741,0.0,45.111,2.10802839506173
4358,0.0,40.6,4.80831688520819,0.0,40.6,5.89029250057511
4359,0.0,40.6,4.80831688520819,0.0,40.6,5.89029250057511
4360,0.0,40.6,4.80831688520819,0.0,40.6,5.89029250057511
4361,0.0,38.689,11.0166666666667,0.0,38.689,11.3888333333333
4362,0.0,40.6,4.80831688520819,0.0,40.6,5.89029250057511
4363,0.0,40.6,4.80831688520819,0.0,40.6,5.89029250057511
4364,0.0,40.6,4.80831688520819,0.0,40.6,5.89029250057511
4365,0.0,40.6,4.80831688520819,0.0,40.6,5.89029250057511
4366,0.0,40.6,4.80831688520819,0.0,40.6,5.89029250057511
4367,0.0,40.6,4.80831688520819,0.0,40.6,5.89029250057511
4368,0.0,40.6,4.80831688520819,0.0,40.6,5.89029250057511
4369,0.0,40.6,4.80831688520819,0.0,40.6,5.89029250057511
4370,0.0,42.242,8.34383709490741,0.0,42.242,9.42893952546296
4371,0.0,26.74,1.58317121507472,0.0,26.74,2.57265659519168
4372,0.0,46.712,10.9391303778526,0.0,46.712,12.4777875046764
4373,0.0,46.712,10.9391303778526,0.0,46.712,12.4777875046764
4374,0.0,46.712,10.9391303778526,0.0,46.712,12.4777875046764
4375,0.0,46.712,10.9391303778526,0.0,46.712,12.4777875046764
4376,0.0,46.712,10.9391303778526,0.0,46.712,12.4777875046764
4377,0.0,46.712,10.9391303778526,0.0,46.712,12.4777875046764
4378,0.0,46.712,10.9391303778526,0.0,46.712,12.4777875046764
4379,0.0,46.712,10.9391303778526,0.0,46.712,12.4777875046764
4380,0.0,46.712,10.9391303778526,0.0,46.712,12.4777875046764
4381,0.0,46.712,10.9391303778526,0.0,46.712,12.4777875046764
4382,0.0,46.712,10.9391303778526,0.0,46.712,12.4777875046764
4383,0.0,55.584,8.00841749585406,0.0,55.584,9.63075331674959
4384,0.0,55.584,8.00841749585406,0.0,55.584,9.63075331674959
4385,0.0,55.584,8.00841749585406,0.0,55.584,9.63075331674959
4386,0.0,55.584,8.00841749585406,0.0,55.584,9.63075331674959
4387,0.0,55.584,8.00841749585406,0.0,55.584,9.63075331674959
4388,0.0,55.584,8.00841749585406,0.0,55.584,9.63075331674959
4389,0.0,55.584,8.00841749585406,0.0,55.584,9.63075331674959
4390,0.0,55.584,8.00841749585406,0.0,55.584,9.63075331674959
4391,0.0,55.584,8.00841749585406,0.0,55.584,9.63075331674959
4392,0.0,55.584,8.00841749585406,0.0,55.584,9.63075331674959
4393,0.0,48.259,1.4894562962963,0.0,48.259,1.88628962962963
4394,0.0,44.878,1.2928367003367,0.0,44.878,1.69220791245791
4395,0.0,44.878,1.2928367003367,0.0,44.878,1.69220791245791
4396,0.0,44.878,1.2928367003367,0.0,44.878,1.69220791245791
4397,0.0,44.878,1.2928367003367,0.0,44.878,1.69220791245791
4398,0.0,44.878,1.2928367003367,0.0,44.878,1.69220791245791
4399,0.0,44.878,1.2928367003367,0.0,44.878,1.69220791245791
4400,0.0,45.035,0.984022583559169,0.0,45.035,1.21639566395664
4401,0.0,40.6,4.80831688520819,0.0,40.6,5.89029250057511
4402,0.0,40.6,4.80831688520819,0.0,40.6,5.89029250057511
4403,0.0,40.6,4.80831688520819,0.0,40.6,5.89029250057511
4404,0.0,40.6,4.80831688520819,0.0,40.6,5.89029250057511
4405,0.0,40.6,4.80831688520819,0.0,40.6,5.89029250057511
4406,0.0,40.6,4.80831688520819,0.0,40.6,5.89029250057511
4407,0.0,40.6,4.80831688520819,0.0,40.6,5.89029250057511
4408,0.0,40.6,4.80831688520819,0.0,40.6,5.89029250057511
4409,0.0,40.6,4.80831688520819,0.0,40.6,5.89029250057511
4410,0.0,40.6,4.80831688520819,0.0,40.6,5.89029250057511
4411,0.0,42.242,8.34383709490741,0.0,42.242,9.42893952546296
4412,0.0,42.242,8.34383709490741,0.0,42.242,9.42893952546296
4413,0.0,42.242,8.34383709490741,0.0,42.242,9.42893952546296
4414,0.0,42.242,8.34383709490741,0.0,42.242,9.42893952546296
4415,0.0,46.712,10.9391303778526,0.0,46.712,12.4777875046764
4416,0.0,46.712,10.9391303778526,0.0,46.712,12.4777875046764
4417,0.0,46.712,10.9391303778526,0.0,46.712,12.4777875046764
4418,0.0,46.712,10.9391303778526,0.0,46.712,12.4777875046764
4419,0.0,46.712,10.9391303778526,0.0,46.712,12.4777875046764
4420,0.0,46.712,10.9391303778526,0.0,46.712,12.4777875046764
4421,0.0,46.712,10.9391303778526,0.0,46.712,12.4777875046764
4422,0.0,46.712,10.9391303778526,0.0,46.712,12.4777875046764
4423,0.0,46.712,10.9391303778526,0.0,46.712,12.4777875046764
4424,0.0,46.712,10.9391303778526,0.0,46.712,12.4777875046764
4425,0.0,46.712,10.9391303778526,0.0,46.712,12.4777875046764
4426,0.0,46.712,10.9391303778526,0.0,46.712,12.4777875046764
4427,0.0,55.584,8.00841749585406,0.0,55.584,9.63075331674959
4428,0.0,55.584,8.00841749585406,0.0,55.584,9.63075331674959
4429,0.0,55.584,8.00841749585406,0.0,55.584,9.63075331674959
4430,0.0,55.584,8.00841749585406,0.0,55.584,9.63075331674959
4431,0.0,55.584,8.00841749585406,0.0,55.584,9.63075331674959
4432,0.0,55.584,8.00841749585406,0.0,55.584,9.63075331674959
4433,0.0,55.584,8.00841749585406,0.0,55.584,9.63075331674959
4434,0.0,44.878,1.2928367003367,0.0,44.878,1.69220791245791
4435,0.0,44.878,1.2928367003367,0.0,44.878,1.69220791245791
4436,0.0,44.878,1.2928367003367,0.0,44.878,1.69220791245791
4437,0.0,45.035,0.984022583559169,0.0,45.035,1.21639566395664
4438,0.0,44.878,1.2928367003367,0.0,44.878,1.69220791245791
4439,0.0,45.035,0.984022583559169,0.0,45.035,1.21639566395664
4440,0.0,45.035,0.984022583559169,0.0,45.035,1.21639566395664
4441,0.0,40.6,4.80831688520819,0.0,40.6,5.89029250057511
4442,0.0,40.6,4.80831688520819,0.0,40.6,5.89029250057511
4443,0.0,40.6,4.80831688520819,0.0,40.6,5.89029250057511
4444,0.0,40.6,4.80831688520819,0.0,40.6,5.89029250057511
4445,0.0,40.6,4.80831688520819,0.0,40.6,5.89029250057511
4446,0.0,40.6,4.80831688520819,0.0,40.6,5.89029250057511
4447,0.0,40.6,4.80831688520819,0.0,40.6,5.89029250057511
4448,0.0,40.6,4.80831688520819,0.0,40.6,5.89029250057511
4449,0.0,42.242,8.34383709490741,0.0,42.242,9.42893952546296
4450,0.0,42.242,8.34383709490741,0.0,42.242,9.42893952546296
4451,0.0,42.242,8.34383709490741,0.0,42.242,9.42893952546296
4452,0.0,42.242,8.34383709490741,0.0,42.242,9.42893952546296
4453,0.0,42.242,8.34383709490741,0.0,42.242,9.42893952546296
4454,0.0,46.712,10.9391303778526,0.0,46.712,12.4777875046764
4455,0.0,46.712,10.9391303778526,0.0,46.712,12.4777875046764
4456,0.0,46.712,10.9391303778526,0.0,46.712,12.4777875046764
4457,0.0,46.712,10.9391303778526,0.0,46.712,12.4777875046764
4458,0.0,46.712,10.9391303778526,0.0,46.712,12.4777875046764
4459,0.0,46.712,10.9391303778526,0.0,46.712,12.4777875046764
4460,0.0,46.712,10.9391303778526,0.0,46.712,12.4777875046764
4461,0.0,46.712,10.9391303778526,0.0,46.712,12.4777875046764
4462,0.0,46.712,10.9391303778526,0.0,46.712,12.4777875046764
4463,0.0,46.712,10.9391303778526,0.0,46.712,12.4777875046764
4464,0.0,46.712,10.9391303778526,0.0,46.712,12.4777875046764
4465,0.0,46.712,10.9391303778526,0.0,46.712,12.4777875046764
4466,0.0,55.584,8.00841749585406,0.0,55.584,9.63075331674959
4467,0.0,46.712,10.9391303778526,0.0,46.712,12.4777875046764
4468,0.0,55.584,8.00841749585406,0.0,55.584,9.63075331674959
4469,0.0,55.584,8.00841749585406,0.0,55.584,9.63075331674959
4470,0.0,48.642,25.2664814814815,0.0,48.642,26.2925925925926
4471,0.0,55.584,8.00841749585406,0.0,55.584,9.63075331674959
4472,0.0,45.035,0.984022583559169,0.0,45.035,1.21639566395664
4473,0.0,44.878,1.2928367003367,0.0,44.878,1.69220791245791
4474,0.0,45.035,0.984022583559169,0.0,45.035,1.21639566395664
4475,0.0,45.035,0.984022583559169,0.0,45.035,1.21639566395664
4476,0.0,45.035,0.984022583559169,0.0,45.035,1.21639566395664
4477,0.0,45.035,0.984022583559169,0.0,45.035,1.21639566395664
4478,0.0,45.035,0.984022583559169,0.0,45.035,1.21639566395664
4479,0.0,40.6,4.80831688520819,0.0,40.6,5.89029250057511
4480,0.0,40.6,4.80831688520819,0.0,40.6,5.89029250057511
4481,0.0,40.6,4.80831688520819,0.0,40.6,5.89029250057511
4482,0.0,40.6,4.80831688520819,0.0,40.6,5.89029250057511
4483,0.0,40.6,4.80831688520819,0.0,40.6,5.89029250057511
4484,0.0,40.6,4.80831688520819,0.0,40.6,5.89029250057511
4485,0.0,40.6,4.80831688520819,0.0,40.6,5.89029250057511
4486,0.0,42.242,8.34383709490741,0.0,42.242,9.42893952546296
4487,0.0,42.242,8.34383709490741,0.0,42.242,9.42893952546296
4488,0.0,42.242,8.34383709490741,0.0,42.242,9.42893952546296
4489,0.0,57.818,13.947864498645,0.0,57.818,14.944620596206
4490,0.0,57.818,13.947864498645,0.0,57.818,14.944620596206
4491,0.0,57.818,13.947864498645,0.0,57.818,14.944620596206
4492,0.0,45.818,9.67088425925926,0.0,45.818,11.118166005291
4493,0.0,45.818,9.67088425925926,0.0,45.818,11.118166005291
4494,0.0,45.818,9.67088425925926,0.0,45.818,11.118166005291
4495,0.0,45.818,9.67088425925926,0.0,45.818,11.118166005291
4496,0.0,45.818,9.67088425925926,0.0,45.818,11.118166005291
4497,0.0,46.712,10.9391303778526,0.0,46.712,12.4777875046764
4498,0.0,46.712,10.9391303778526,0.0,46.712,12.4777875046764
4499,0.0,46.712,10.9391303778526,0.0,46.712,12.4777875046764
4500,0.0,46.712,10.9391303778526,0.0,46.712,12.4777875046764
4501,0.0,46.712,10.9391303778526,0.0,46.712,12.4777875046764
4502,0.0,46.712,10.9391303778526,0.0,46.712,12.4777875046764
4503,0.0,46.712,10.9391303778526,0.0,46.712,12.4777875046764
4504,0.0,46.712,10.9391303778526,0.0,46.712,12.4777875046764
4505,0.0,46.712,10.9391303778526,0.0,46.712,12.4777875046764
4506,0.0,50.613,24.5864592592593,0.0,50.613,25.2110592592593
4507,0.0,50.613,24.5864592592593,0.0,50.613,25.2110592592593
4508,0.0,50.613,24.5864592592593,0.0,50.613,25.2110592592593
4509,0.0,45.035,0.984022583559169,0.0,45.035,1.21639566395664
4510,0.0,45.035,0.984022583559169,0.0,45.035,1.21639566395664
4511,0.0,45.035,0.984022583559169,0.0,45.035,1.21639566395664
4512,0.0,45.035,0.984022583559169,0.0,45.035,1.21639566395664
4513,0.0,45.035,0.984022583559169,0.0,45.035,1.21639566395664
4514,0.0,45.035,0.984022583559169,0.0,45.035,1.21639566395664
4515,0.0,45.035,0.984022583559169,0.0,45.035,1.21639566395664
4516,0.0,40.6,4.80831688520819,0.0,40.6,5.89029250057511
4517,0.0,40.6,4.80831688520819,0.0,40.6,5.89029250057511
4518,0.0,40.6,4.80831688520819,0.0,40.6,5.89029250057511
4519,0.0,40.6,4.80831688520819,0.0,40.6,5.89029250057511
4520,0.0,42.242,8.34383709490741,0.0,42.242,9.42893952546296
4521,0.0,42.242,8.34383709490741,0.0,42.242,9.42893952546296
4522,0.0,42.242,8.34383709490741,0.0,42.242,9.42893952546296
4523,0.0,42.242,8.34383709490741,0.0,42.242,9.42893952546296
4524,0.0,42.242,8.34383709490741,0.0,42.242,9.42893952546296
4525,0.0,57.818,13.947864498645,0.0,57.818,14.944620596206
4526,0.0,57.818,13.947864498645,0.0,57.818,14.944620596206
4527,0.0,57.818,13.947864498645,0.0,57.818,14.944620596206
4528,0.0,57.818,13.947864498645,0.0,57.818,14.944620596206
4529,0.0,45.818,9.67088425925926,0.0,45.818,11.118166005291
4530,0.0,45.818,9.67088425925926,0.0,45.818,11.118166005291
4531,0.0,45.818,9.67088425925926,0.0,45.818,11.118166005291
4532,0.0,45.818,9.67088425925926,0.0,45.818,11.118166005291
4533,0.0,45.818,9.67088425925926,0.0,45.818,11.118166005291
4534,0.0,45.818,9.67088425925926,0.0,45.818,11.118166005291
4535,0.0,46.712,10.9391303778526,0.0,46.712,12.4777875046764
4536,0.0,46.712,10.9391303778526,0.0,46.712,12.4777875046764
4537,0.0,46.712,10.9391303778526,0.0,46.712,12.4777875046764
4538,0.0,46.712,10.9391303778526,0.0,46.712,12.4777875046764
4539,0.0,46.712,10.9391303778526,0.0,46.712,12.4777875046764
4540,0.0,47.138,25.1264444444444,0.0,47.138,25.4528888888889
4541,0.0,48.593,25.3791481481481,0.0,48.593,25.6107037037037
4542,0.0,50.613,24.5864592592593,0.0,50.613,25.2110592592593
4543,0.0,50.613,24.5864592592593,0.0,50.613,25.2110592592593
4544,0.0,45.035,0.984022583559169,0.0,45.035,1.21639566395664
4545,0.0,45.035,0.984022583559169,0.0,45.035,1.21639566395664
4546,0.0,45.035,0.984022583559169,0.0,45.035,1.21639566395664
4547,0.0,45.035,0.984022583559169,0.0,45.035,1.21639566395664
4548,0.0,45.035,0.984022583559169,0.0,45.035,1.21639566395664
4549,0.0,45.035,0.984022583559169,0.0,45.035,1.21639566395664
4550,0.0,45.035,0.984022583559169,0.0,45.035,1.21639566395664
4551,0.0,45.035,0.984022583559169,0.0,45.035,1.21639566395664
4552,0.0,42.242,8.34383709490741,0.0,42.242,9.42893952546296
4553,0.0,42.242,8.34383709490741,0.0,42.242,9.42893952546296
4554,0.0,42.242,8.34383709490741,0.0,42.242,9.42893952546296
4555,0.0,42.242,8.34383709490741,0.0,42.242,9.42893952546296
4556,0.0,42.242,8.34383709490741,0.0,42.242,9.42893952546296
4557,0.0,42.242,8.34383709490741,0.0,42.242,9.42893952546296
4558,0.0,42.242,8.34383709490741,0.0,42.242,9.42893952546296
4559,0.0,57.818,13.947864498645,0.0,57.818,14.944620596206
4560,0.0,57.818,13.947864498645,0.0,57.818,14.944620596206
4561,0.0,57.818,13.947864498645,0.0,57.818,14.944620596206
4562,0.0,57.818,13.947864498645,0.0,57.818,14.944620596206
4563,0.0,57.818,13.947864498645,0.0,57.818,14.944620596206
4564,0.0,57.818,13.947864498645,0.0,57.818,14.944620596206
4565,0.0,57.818,13.947864498645,0.0,57.818,14.944620596206
4566,0.0,45.818,9.67088425925926,0.0,45.818,11.118166005291
4567,0.0,45.818,9.67088425925926,0.0,45.818,11.118166005291
4568,0.0,45.818,9.67088425925926,0.0,45.818,11.118166005291
4569,0.0,45.818,9.67088425925926,0.0,45.818,11.118166005291
4570,0.0,45.818,9.67088425925926,0.0,45.818,11.118166005291
4571,0.0,45.818,9.67088425925926,0.0,45.818,11.118166005291
4572,0.0,45.818,9.67088425925926,0.0,45.818,11.118166005291
4573,0.0,45.818,9.67088425925926,0.0,45.818,11.118166005291
4574,0.0,46.712,24.3553703703704,0.0,46.712,24.9651481481481
4575,0.0,48.593,24.8652654320988,0.0,48.593,26.0566728395062
4576,0.0,48.593,25.3791481481481,0.0,48.593,25.6107037037037
4577,0.0,48.744,25.8953333333333,0.0,48.744,26.7586666666667
4578,0.0,48.744,25.8953333333333,0.0,48.744,26.7586666666667
4579,0.0,52.044,1.30317718855219,0.0,52.044,1.57206881313131
4580,0.0,45.035,0.984022583559169,0.0,45.035,1.21639566395664
4581,0.0,52.044,1.30317718855219,0.0,52.044,1.57206881313131
4582,0.0,45.035,0.984022583559169,0.0,45.035,1.21639566395664
4583,0.0,45.035,0.984022583559169,0.0,45.035,1.21639566395664
4584,0.0,45.035,0.984022583559169,0.0,45.035,1.21639566395664
4585,0.0,52.044,1.30317718855219,0.0,52.044,1.57206881313131
4586,0.0,42.242,8.34383709490741,0.0,42.242,9.42893952546296
4587,0.0,42.242,8.34383709490741,0.0,42.242,9.42893952546296
4588,0.0,42.242,8.34383709490741,0.0,42.242,9.42893952546296
4589,0.0,42.242,8.34383709490741,0.0,42.242,9.42893952546296
4590,0.0,42.242,8.34383709490741,0.0,42.242,9.42893952546296
4591,0.0,42.242,8.34383709490741,0.0,42.242,9.42893952546296
4592,0.0,42.242,8.34383709490741,0.0,42.242,9.42893952546296
4593,0.0,42.242,8.34383709490741,0.0,42.242,9.42893952546296
4594,0.0,57.818,13.947864498645,0.0,57.818,14.944620596206
4595,0.0,57.818,13.947864498645,0.0,57.818,14.944620596206
4596,0.0,57.818,13.947864498645,0.0,57.818,14.944620596206
4597,0.0,57.818,13.947864498645,0.0,57.818,14.944620596206
4598,0.0,57.818,13.947864498645,0.0,57.818,14.944620596206
4599,0.0,57.818,13.947864498645,0.0,57.818,14.944620596206
4600,0.0,50.315,13.7066402679275,0.0,50.315,14.6804365642238
4601,0.0,50.315,13.7066402679275,0.0,50.315,14.6804365642238
4602,0.0,45.818,9.67088425925926,0.0,45.818,11.118166005291
4603,0.0,50.315,13.7066402679275,0.0,50.315,14.6804365642238
4604,0.0,45.818,9.67088425925926,0.0,45.818,11.118166005291
4605,0.0,50.315,13.7066402679275,0.0,50.315,14.6804365642238
4606,0.0,45.818,9.67088425925926,0.0,45.818,11.118166005291
4607,0.0,50.315,13.7066402679275,0.0,50.315,14.6804365642238
4608,0.0,45.818,9.67088425925926,0.0,45.818,11.118166005291
4609,0.0,45.818,9.67088425925926,0.0,45.818,11.118166005291
4610,0.0,48.593,24.8652654320988,0.0,48.593,26.0566728395062
4611,0.0,44.861,16.9444537037037,0.0,44.861,18.1910648148148
4612,0.0,52.044,1.30317718855219,0.0,52.044,1.57206881313131
4613,0.0,52.044,1.30317718855219,0.0,52.044,1.57206881313131
4614,0.0,52.044,1.30317718855219,0.0,52.044,1.57206881313131
4615,0.0,52.044,1.30317718855219,0.0,52.044,1.57206881313131
4616,0.0,52.044,1.30317718855219,0.0,52.044,1.57206881313131
4617,0.0,52.044,1.30317718855219,0.0,52.044,1.57206881313131
4618,0.0,52.044,1.30317718855219,0.0,52.044,1.57206881313131
4619,0.0,52.044,1.30317718855219,0.0,52.044,1.57206881313131
4620,0.0,42.242,8.34383709490741,0.0,42.242,9.42893952546296
4621,0.0,42.242,8.34383709490741,0.0,42.242,9.42893952546296
4622,0.0,42.242,8.34383709490741,0.0,42.242,9.42893952546296
4623,0.0,42.242,8.34383709490741,0.0,42.242,9.42893952546296
4624,0.0,37.807,17.7625925925926,0.0,37.807,18.6373703703704
4625,0.0,42.242,8.34383709490741,0.0,42.242,9.42893952546296
4626,0.0,57.818,13.947864498645,0.0,57.818,14.944620596206
4627,0.0,57.818,13.947864498645,0.0,57.818,14.944620596206
4628,0.0,57.818,13.947864498645,0.0,57.818,14.944620596206
4629,0.0,46.976,27.9072592592593,0.0,46.976,28.0802592592593
4630,0.0,40.992,16.6748888888889,0.0,40.992,18.4091111111111
4631,0.0,46.153,13.5473344907407,0.0,46.153,14.7807060185185
4632,0.0,50.315,13.7066402679275,0.0,50.315,14.6804365642238
4633,0.0,50.315,13.7066402679275,0.0,50.315,14.6804365642238
4634,0.0,50.315,13.7066402679275,0.0,50.315,14.6804365642238
4635,0.0,50.315,13.7066402679275,0.0,50.315,14.6804365642238
4636,0.0,50.315,13.7066402679275,0.0,50.315,14.6804365642238
4637,0.0,50.315,13.7066402679275,0.0,50.315,14.6804365642238
4638,0.0,50.315,13.7066402679275,0.0,50.315,14.6804365642238
4639,0.0,50.315,13.7066402679275,0.0,50.315,14.6804365642238
4640,0.0,50.315,13.7066402679275,0.0,50.315,14.6804365642238
4641,0.0,50.315,13.7066402679275,0.0,50.315,14.6804365642238
4642,0.0,44.861,16.9444537037037,0.0,44.861,18.1910648148148
4643,0.0,44.861,16.9444537037037,0.0,44.861,18.1910648148148
4644,0.0,52.044,1.30317718855219,0.0,52.044,1.57206881313131
4645,0.0,52.044,1.30317718855219,0.0,52.044,1.57206881313131
4646,0.0,52.044,1.30317718855219,0.0,52.044,1.57206881313131
4647,0.0,52.044,1.30317718855219,0.0,52.044,1.57206881313131
4648,0.0,52.044,1.30317718855219,0.0,52.044,1.57206881313131
4649,0.0,52.044,1.30317718855219,0.0,52.044,1.57206881313131
4650,0.0,52.044,1.30317718855219,0.0,52.044,1.57206881313131
4651,0.0,52.044,1.30317718855219,0.0,52.044,1.57206881313131
4652,0.0,52.044,1.30317718855219,0.0,52.044,1.57206881313131
4653,0.0,42.242,8.34383709490741,0.0,42.242,9.42893952546296
4654,0.0,42.242,8.34383709490741,0.0,42.242,9.42893952546296
4655,0.0,42.242,8.34383709490741,0.0,42.242,9.42893952546296
4656,0.0,42.242,8.34383709490741,0.0,42.242,9.42893952546296
4657,0.0,42.242,8.34383709490741,0.0,42.242,9.42893952546296
4658,0.0,57.818,13.947864498645,0.0,57.818,14.944620596206
4659,0.0,57.818,13.947864498645,0.0,57.818,14.944620596206
4660,0.0,57.818,13.947864498645,0.0,57.818,14.944620596206
4661,0.0,57.818,13.947864498645,0.0,57.818,14.944620596206
4662,0.0,40.992,20.8299814814815,0.0,40.992,23.0983148148148
4663,0.0,47.197,25.0537962962963,0.0,47.197,25.6145740740741
4664,0.0,46.153,13.5473344907407,0.0,46.153,14.7807060185185
4665,0.0,46.153,13.5473344907407,0.0,46.153,14.7807060185185
4666,0.0,50.315,13.7066402679275,0.0,50.315,14.6804365642238
4667,0.0,50.315,13.7066402679275,0.0,50.315,14.6804365642238
4668,0.0,50.315,13.7066402679275,0.0,50.315,14.6804365642238
4669,0.0,50.315,13.7066402679275,0.0,50.315,14.6804365642238
4670,0.0,50.315,13.7066402679275,0.0,50.315,14.6804365642238
4671,0.0,50.315,13.7066402679275,0.0,50.315,14.6804365642238
4672,0.0,50.315,13.7066402679275,0.0,50.315,14.6804365642238
4673,0.0,50.315,13.7066402679275,0.0,50.315,14.6804365642238
4674,0.0,50.315,13.7066402679275,0.0,50.315,14.6804365642238
4675,0.0,35.501,12.5572962962963,0.0,35.501,13.0927407407407
4676,0.0,50.315,13.7066402679275,0.0,50.315,14.6804365642238
4677,0.0,48.487,9.63562962962963,0.0,48.487,9.95626543209877
4678,0.0,52.044,1.30317718855219,0.0,52.044,1.57206881313131
4679,0.0,52.044,1.30317718855219,0.0,52.044,1.57206881313131
4680,0.0,52.044,1.30317718855219,0.0,52.044,1.57206881313131
4681,0.0,52.044,1.30317718855219,0.0,52.044,1.57206881313131
4682,0.0,52.044,1.30317718855219,0.0,52.044,1.57206881313131
4683,0.0,52.044,1.30317718855219,0.0,52.044,1.57206881313131
4684,0.0,52.044,1.30317718855219,0.0,52.044,1.57206881313131
4685,0.0,48.222,14.3562523148148,0.0,48.222,15.135912037037
4686,0.0,42.242,8.34383709490741,0.0,42.242,9.42893952546296
4687,0.0,42.242,8.34383709490741,0.0,42.242,9.42893952546296
4688,0.0,42.242,8.34383709490741,0.0,42.242,9.42893952546296
4689,0.0,48.222,14.3562523148148,0.0,48.222,15.135912037037
4690,0.0,57.818,13.947864498645,0.0,57.818,14.944620596206
4691,0.0,57.818,13.947864498645,0.0,57.818,14.944620596206
4692,0.0,57.818,13.947864498645,0.0,57.818,14.944620596206
4693,0.0,39.858,15.4555925925926,0.0,39.858,16.1399259259259
4694,0.0,46.153,13.5473344907407,0.0,46.153,14.7807060185185
4695,0.0,46.153,13.5473344907407,0.0,46.153,14.7807060185185
4696,0.0,50.315,13.7066402679275,0.0,50.315,14.6804365642238
4697,0.0,50.315,13.7066402679275,0.0,50.315,14.6804365642238
4698,0.0,50.315,13.7066402679275,0.0,50.315,14.6804365642238
4699,0.0,50.315,13.7066402679275,0.0,50.315,14.6804365642238
4700,0.0,50.315,13.7066402679275,0.0,50.315,14.6804365642238
4701,,,,,,
4702,0.0,50.315,13.7066402679275,0.0,50.315,14.6804365642238
4703,0.0,50.315,13.7066402679275,0.0,50.315,14.6804365642238
4704,0.0,50.315,13.7066402679275,0.0,50.315,14.6804365642238
4705,0.0,35.501,12.5572962962963,0.0,35.501,13.0927407407407
4706,0.0,50.315,13.7066402679275,0.0,50.315,14.6804365642238
4707,0.0,50.315,13.7066402679275,0.0,50.315,14.6804365642238
4708,0.0,50.315,13.7066402679275,0.0,50.315,14.6804365642238
4709,0.0,52.044,1.30317718855219,0.0,52.044,1.57206881313131
4710,0.0,48.487,9.63562962962963,0.0,48.487,9.95626543209877
4711,0.0,52.044,1.30317718855219,0.0,52.044,1.57206881313131
4712,0.0,52.044,1.30317718855219,0.0,52.044,1.57206881313131
4713,0.0,52.044,1.30317718855219,0.0,52.044,1.57206881313131
4714,0.0,52.044,1.30317718855219,0.0,52.044,1.57206881313131
4715,0.0,52.044,1.30317718855219,0.0,52.044,1.57206881313131
4716,0.0,52.044,1.30317718855219,0.0,52.044,1.57206881313131
4717,0.0,52.044,1.30317718855219,0.0,52.044,1.57206881313131
4718,0.0,48.222,14.3562523148148,0.0,48.222,15.135912037037
4719,0.0,48.222,14.3562523148148,0.0,48.222,15.135912037037
4720,0.0,48.222,14.3562523148148,0.0,48.222,15.135912037037
4721,0.0,48.222,14.3562523148148,0.0,48.222,15.135912037037
4722,0.0,57.818,13.947864498645,0.0,57.818,14.944620596206
4723,0.0,48.222,14.3562523148148,0.0,48.222,15.135912037037
4724,0.0,48.222,14.3562523148148,0.0,48.222,15.135912037037
4725,0.0,39.677,16.5730740740741,0.0,39.677,17.2782962962963
4726,0.0,46.153,13.5473344907407,0.0,46.153,14.7807060185185
4727,0.0,46.153,13.5473344907407,0.0,46.153,14.7807060185185
4728,0.0,46.153,13.5473344907407,0.0,46.153,14.7807060185185
4729,0.0,50.315,13.7066402679275,0.0,50.315,14.6804365642238
4730,0.0,50.315,13.7066402679275,0.0,50.315,14.6804365642238
4731,0.0,50.315,13.7066402679275,0.0,50.315,14.6804365642238
4732,0.0,50.315,13.7066402679275,0.0,50.315,14.6804365642238
4733,0.0,50.315,13.7066402679275,0.0,50.315,14.6804365642238
4734,0.0,50.315,13.7066402679275,0.0,50.315,14.6804365642238
4735,0.0,52.044,1.30317718855219,0.0,52.044,1.57206881313131
4736,0.0,52.044,1.30317718855219,0.0,52.044,1.57206881313131
4737,0.0,52.044,1.30317718855219,0.0,52.044,1.57206881313131
4738,0.0,52.044,1.30317718855219,0.0,52.044,1.57206881313131
4739,0.0,52.044,1.30317718855219,0.0,52.044,1.57206881313131
4740,0.0,52.044,1.30317718855219,0.0,52.044,1.57206881313131
4741,0.0,52.044,1.30317718855219,0.0,52.044,1.57206881313131
4742,0.0,52.044,1.30317718855219,0.0,52.044,1.57206881313131
4743,0.0,50.113,4.53175996472663,0.0,50.113,4.94263509700176
4744,0.0,50.113,4.53175996472663,0.0,50.113,4.94263509700176
4745,0.0,50.113,4.53175996472663,0.0,50.113,4.94263509700176
4746,0.0,48.222,14.3562523148148,0.0,48.222,15.135912037037
4747,0.0,48.222,14.3562523148148,0.0,48.222,15.135912037037
4748,0.0,48.222,14.3562523148148,0.0,48.222,15.135912037037
4749,0.0,48.222,14.3562523148148,0.0,48.222,15.135912037037
4750,0.0,48.222,14.3562523148148,0.0,48.222,15.135912037037
4751,0.0,46.153,13.5473344907407,0.0,46.153,14.7807060185185
4752,0.0,46.153,13.5473344907407,0.0,46.153,14.7807060185185
4753,0.0,46.153,13.5473344907407,0.0,46.153,14.7807060185185
4754,0.0,46.153,13.5473344907407,0.0,46.153,14.7807060185185
4755,0.0,50.315,13.7066402679275,0.0,50.315,14.6804365642238
4756,0.0,50.315,13.7066402679275,0.0,50.315,14.6804365642238
4757,0.0,50.315,13.7066402679275,0.0,50.315,14.6804365642238
4758,0.0,50.315,13.7066402679275,0.0,50.315,14.6804365642238
4759,0.0,52.044,1.30317718855219,0.0,52.044,1.57206881313131
4760,0.0,52.044,1.30317718855219,0.0,52.044,1.57206881313131
4761,0.0,52.044,1.30317718855219,0.0,52.044,1.57206881313131
4762,0.0,52.044,1.30317718855219,0.0,52.044,1.57206881313131
4763,0.0,52.044,1.30317718855219,0.0,52.044,1.57206881313131
4764,0.0,52.044,1.30317718855219,0.0,52.044,1.57206881313131
4765,0.0,52.044,1.30317718855219,0.0,52.044,1.57206881313131
4766,0.0,52.044,1.30317718855219,0.0,52.044,1.57206881313131
4767,0.0,50.113,4.53175996472663,0.0,50.113,4.94263509700176
4768,0.0,50.113,4.53175996472663,0.0,50.113,4.94263509700176
4769,0.0,50.113,4.53175996472663,0.0,50.113,4.94263509700176
4770,0.0,48.222,14.3562523148148,0.0,48.222,15.135912037037
4771,0.0,48.222,14.3562523148148,0.0,48.222,15.135912037037
4772,0.0,48.222,14.3562523148148,0.0,48.222,15.135912037037
4773,0.0,48.616,27.0812592592593,0.0,48.616,27.5468148148148
4774,0.0,46.153,13.5473344907407,0.0,46.153,14.7807060185185
4775,0.0,46.153,13.5473344907407,0.0,46.153,14.7807060185185
4776,0.0,50.315,13.7066402679275,0.0,50.315,14.6804365642238
4777,0.0,50.315,13.7066402679275,0.0,50.315,14.6804365642238
4778,0.0,50.315,13.7066402679275,0.0,50.315,14.6804365642238
4779,0.0,50.315,13.7066402679275,0.0,50.315,14.6804365642238
4780,0.0,50.315,13.7066402679275,0.0,50.315,14.6804365642238
4781,0.0,52.044,1.30317718855219,0.0,52.044,1.57206881313131
4782,0.0,52.044,1.30317718855219,0.0,52.044,1.57206881313131
4783,0.0,52.044,1.30317718855219,0.0,52.044,1.57206881313131
4784,0.0,52.044,1.30317718855219,0.0,52.044,1.57206881313131
4785,0.0,52.044,1.30317718855219,0.0,52.044,1.57206881313131
4786,0.0,52.044,1.30317718855219,0.0,52.044,1.57206881313131
4787,0.0,50.113,4.53175996472663,0.0,50.113,4.94263509700176
4788,0.0,50.113,4.53175996472663,0.0,50.113,4.94263509700176
4789,0.0,50.113,4.53175996472663,0.0,50.113,4.94263509700176
4790,0.0,50.113,4.53175996472663,0.0,50.113,4.94263509700176
4791,0.0,50.113,4.53175996472663,0.0,50.113,4.94263509700176
4792,0.0,50.113,4.53175996472663,0.0,50.113,4.94263509700176
4793,0.0,48.222,14.3562523148148,0.0,48.222,15.135912037037
4794,0.0,48.222,14.3562523148148,0.0,48.222,15.135912037037
4795,0.0,47.888,12.3454148148148,0.0,47.888,13.7303037037037
4796,0.0,46.153,13.5473344907407,0.0,46.153,14.7807060185185
4797,0.0,50.315,13.7066402679275,0.0,50.315,14.6804365642238
4798,0.0,50.315,13.7066402679275,0.0,50.315,14.6804365642238
4799,0.0,50.315,13.7066402679275,0.0,50.315,14.6804365642238
4800,0.0,52.044,1.30317718855219,0.0,52.044,1.57206881313131
4801,0.0,52.044,1.30317718855219,0.0,52.044,1.57206881313131
4802,0.0,52.044,1.30317718855219,0.0,52.044,1.57206881313131
4803,0.0,50.113,4.53175996472663,0.0,50.113,4.94263509700176
4804,0.0,50.113,4.53175996472663,0.0,50.113,4.94263509700176
4805,0.0,52.044,1.30317718855219,0.0,52.044,1.57206881313131
4806,0.0,50.113,4.53175996472663,0.0,50.113,4.94263509700176
4807,0.0,50.113,4.53175996472663,0.0,50.113,4.94263509700176
4808,0.0,50.113,4.53175996472663,0.0,50.113,4.94263509700176
4809,0.0,50.113,4.53175996472663,0.0,50.113,4.94263509700176
4810,0.0,50.113,4.53175996472663,0.0,50.113,4.94263509700176
4811,0.0,50.113,4.53175996472663,0.0,50.113,4.94263509700176
4812,0.0,47.888,12.3454148148148,0.0,47.888,13.7303037037037
4813,0.0,47.888,12.3454148148148,0.0,47.888,13.7303037037037
4814,0.0,47.888,12.3454148148148,0.0,47.888,13.7303037037037
4815,0.0,52.044,1.30317718855219,0.0,52.044,1.57206881313131
4816,0.0,52.044,1.30317718855219,0.0,52.044,1.57206881313131
4817,0.0,52.044,1.30317718855219,0.0,52.044,1.57206881313131
4818,0.0,52.044,1.30317718855219,0.0,52.044,1.57206881313131
4819,0.0,50.113,4.53175996472663,0.0,50.113,4.94263509700176
4820,0.0,50.113,4.53175996472663,0.0,50.113,4.94263509700176
4821,0.0,50.113,4.53175996472663,0.0,50.113,4.94263509700176
4822,0.0,50.113,4.53175996472663,0.0,50.113,4.94263509700176
4823,0.0,50.113,4.53175996472663,0.0,50.113,4.94263509700176
4824,0.0,50.113,4.53175996472663,0.0,50.113,4.94263509700176
4825,0.0,50.113,4.53175996472663,0.0,50.113,4.94263509700176
4826,0.0,50.113,4.53175996472663,0.0,50.113,4.94263509700176
4827,0.0,50.113,4.53175996472663,0.0,50.113,4.94263509700176
4828,0.0,47.888,12.3454148148148,0.0,47.888,13.7303037037037
4829,0.0,50.113,4.53175996472663,0.0,50.113,4.94263509700176
4830,0.0,52.044,1.30317718855219,0.0,52.044,1.57206881313131
4831,0.0,52.044,1.30317718855219,0.0,52.044,1.57206881313131
4832,0.0,52.044,1.30317718855219,0.0,52.044,1.57206881313131
4833,0.0,50.113,4.53175996472663,0.0,50.113,4.94263509700176
4834,0.0,50.113,4.53175996472663,0.0,50.113,4.94263509700176
4835,0.0,50.113,4.53175996472663,0.0,50.113,4.94263509700176
4836,0.0,50.113,4.53175996472663,0.0,50.113,4.94263509700176
4837,0.0,50.113,4.53175996472663,0.0,50.113,4.94263509700176
4838,0.0,50.113,4.53175996472663,0.0,50.113,4.94263509700176
4839,0.0,50.113,4.53175996472663,0.0,50.113,4.94263509700176
4840,0.0,50.113,4.53175996472663,0.0,50.113,4.94263509700176
4841,0.0,50.113,4.53175996472663,0.0,50.113,4.94263509700176
4842,0.0,50.113,4.53175996472663,0.0,50.113,4.94263509700176
4843,0.0,50.113,4.53175996472663,0.0,50.113,4.94263509700176
4844,0.0,50.113,4.53175996472663,0.0,50.113,4.94263509700176
4845,0.0,50.113,4.53175996472663,0.0,50.113,4.94263509700176
4846,0.0,52.044,1.30317718855219,0.0,52.044,1.57206881313131
4847,0.0,50.113,4.53175996472663,0.0,50.113,4.94263509700176
4848,0.0,50.113,4.53175996472663,0.0,50.113,4.94263509700176
4849,0.0,50.113,4.53175996472663,0.0,50.113,4.94263509700176
4850,0.0,50.113,4.53175996472663,0.0,50.113,4.94263509700176
4851,0.0,50.113,4.53175996472663,0.0,50.113,4.94263509700176
4852,0.0,50.113,4.53175996472663,0.0,50.113,4.94263509700176
4853,0.0,50.113,4.53175996472663,0.0,50.113,4.94263509700176
4854,0.0,50.113,4.53175996472663,0.0,50.113,4.94263509700176
4855,0.0,50.113,4.53175996472663,0.0,50.113,4.94263509700176
4856,0.0,48.264,22.6981481481481,0.0,48.264,22.6981481481481
4857,0.0,50.113,4.53175996472663,0.0,50.113,4.94263509700176
4858,0.0,50.113,4.53175996472663,0.0,50.113,4.94263509700176
4859,0.0,50.113,4.53175996472663,0.0,50.113,4.94263509700176
4860,0.0,52.044,1.30317718855219,0.0,52.044,1.57206881313131
4861,0.0,50.113,4.53175996472663,0.0,50.113,4.94263509700176
4862,0.0,50.113,4.53175996472663,0.0,50.113,4.94263509700176
4863,0.0,50.113,4.53175996472663,0.0,50.113,4.94263509700176
4864,0.0,50.113,4.53175996472663,0.0,50.113,4.94263509700176
4865,0.0,50.113,4.53175996472663,0.0,50.113,4.94263509700176
4866,0.0,50.113,4.53175996472663,0.0,50.113,4.94263509700176
4867,0.0,50.113,4.53175996472663,0.0,50.113,4.94263509700176
4868,0.0,50.113,4.53175996472663,0.0,50.113,4.94263509700176
4869,0.0,50.113,4.53175996472663,0.0,50.113,4.94263509700176
4870,0.0,50.113,4.53175996472663,0.0,50.113,4.94263509700176
4871,0.0,50.113,4.53175996472663,0.0,50.113,4.94263509700176
4872,0.0,50.113,4.53175996472663,0.0,50.113,4.94263509700176
4873,0.0,50.113,4.53175996472663,0.0,50.113,4.94263509700176
4874,0.0,50.113,4.53175996472663,0.0,50.113,4.94263509700176
4875,0.0,50.113,4.53175996472663,0.0,50.113,4.94263509700176
4876,0.0,50.113,4.53175996472663,0.0,50.113,4.94263509700176
4877,0.0,50.113,4.53175996472663,0.0,50.113,4.94263509700176
4878,0.0,50.113,4.53175996472663,0.0,50.113,4.94263509700176
4879,0.0,50.113,4.53175996472663,0.0,50.113,4.94263509700176
4880,0.0,50.113,4.53175996472663,0.0,50.113,4.94263509700176
4881,0.0,50.113,4.53175996472663,0.0,50.113,4.94263509700176
4882,0.0,50.113,4.53175996472663,0.0,50.113,4.94263509700176
4883,0.0,50.113,4.53175996472663,0.0,50.113,4.94263509700176
4884,0.0,50.113,4.53175996472663,0.0,50.113,4.94263509700176
4885,0.0,50.113,4.53175996472663,0.0,50.113,4.94263509700176
4886,0.0,50.113,4.53175996472663,0.0,50.113,4.94263509700176
4887,0.0,50.113,4.53175996472663,0.0,50.113,4.94263509700176
4888,0.0,50.113,4.53175996472663,0.0,50.113,4.94263509700176
4889,0.0,50.113,4.53175996472663,0.0,50.113,4.94263509700176
4890,0.0,50.113,4.53175996472663,0.0,50.113,4.94263509700176
4891,0.0,50.113,4.53175996472663,0.0,50.113,4.94263509700176
4892,0.0,30.545,5.57163703703704,0.0,30.545,8.12335925925926
4893,,,,,,
4894,0.0,32.301,0.145808488612836,0.0,32.301,0.407702150908673
4895,0.0,32.301,0.145808488612836,0.0,32.301,0.407702150908673
4896,0.0,32.301,0.145808488612836,0.0,32.301,0.407702150908673
4897,0.0,32.301,0.145808488612836,0.0,32.301,0.407702150908673
4898,0.0,32.301,0.145808488612836,0.0,32.301,0.407702150908673
4899,0.0,32.301,0.145808488612836,0.0,32.301,0.407702150908673
4900,0.0,32.301,0.145808488612836,0.0,32.301,0.407702150908673
4901,0.0,32.301,0.145808488612836,0.0,32.301,0.407702150908673
4902,0.0,32.301,0.145808488612836,0.0,32.301,0.407702150908673
4903,0.0,32.301,0.145808488612836,0.0,32.301,0.407702150908673
4904,0.0,32.301,0.145808488612836,0.0,32.301,0.407702150908673
4905,0.0,32.301,0.145808488612836,0.0,32.301,0.407702150908673
4906,0.0,32.301,0.145808488612836,0.0,32.301,0.407702150908673
4907,,,,,,
4908,0.0,27.97,4.36333333333333,0.0,27.97,7.10075925925926
4909,0.0,27.97,4.36333333333333,0.0,27.97,7.10075925925926
4910,0.0,27.97,4.36333333333333,0.0,27.97,7.10075925925926
4911,0.0,34.817,6.21445061728395,0.0,34.817,9.70040740740741
4912,0.0,32.301,0.145808488612836,0.0,32.301,0.407702150908673
4913,0.0,34.817,6.21445061728395,0.0,34.817,9.70040740740741
4914,0.0,32.301,0.145808488612836,0.0,32.301,0.407702150908673
4915,0.0,32.301,0.145808488612836,0.0,32.301,0.407702150908673
4916,0.0,32.301,0.145808488612836,0.0,32.301,0.407702150908673
4917,0.0,32.301,0.145808488612836,0.0,32.301,0.407702150908673
4918,0.0,32.301,0.145808488612836,0.0,32.301,0.407702150908673
4919,0.0,32.301,0.145808488612836,0.0,32.301,0.407702150908673
4920,0.0,32.301,0.145808488612836,0.0,32.301,0.407702150908673
4921,0.0,32.301,0.145808488612836,0.0,32.301,0.407702150908673
4922,0.0,32.301,0.145808488612836,0.0,32.301,0.407702150908673
4923,0.0,32.301,0.145808488612836,0.0,32.301,0.407702150908673
4924,0.0,32.301,0.145808488612836,0.0,32.301,0.407702150908673
4925,0.0,32.301,0.145808488612836,0.0,32.301,0.407702150908673
4926,0.0,51.487,18.4804191232048,0.0,51.487,19.3812059712774
4927,0.0,51.487,18.4804191232048,0.0,51.487,19.3812059712774
4928,0.0,51.487,18.4804191232048,0.0,51.487,19.3812059712774
4929,0.0,51.487,18.4804191232048,0.0,51.487,19.3812059712774
4930,0.0,51.487,18.4804191232048,0.0,51.487,19.3812059712774
4931,0.0,51.487,18.4804191232048,0.0,51.487,19.3812059712774
4932,0.0,51.487,18.4804191232048,0.0,51.487,19.3812059712774
4933,0.0,51.487,18.4804191232048,0.0,51.487,19.3812059712774
4934,0.0,51.487,18.4804191232048,0.0,51.487,19.3812059712774
4935,0.0,51.487,18.4804191232048,0.0,51.487,19.3812059712774
4936,0.0,51.487,18.4804191232048,0.0,51.487,19.3812059712774
4937,0.0,51.487,18.4804191232048,0.0,51.487,19.3812059712774
4938,0.0,51.487,18.4804191232048,0.0,51.487,19.3812059712774
4939,0.0,51.487,18.4804191232048,0.0,51.487,19.3812059712774
4940,0.0,51.487,18.4804191232048,0.0,51.487,19.3812059712774
4941,0.0,51.487,18.4804191232048,0.0,51.487,19.3812059712774
4942,0.0,51.487,18.4804191232048,0.0,51.487,19.3812059712774
4943,0.0,48.767,10.5430740740741,0.0,48.767,11.1941527777778
4944,0.0,51.926,14.1899580712788,0.0,51.926,14.6321579315164
4945,0.0,51.926,14.1899580712788,0.0,51.926,14.6321579315164
4946,0.0,51.926,14.1899580712788,0.0,51.926,14.6321579315164
4947,0.0,51.487,18.4804191232048,0.0,51.487,19.3812059712774
4948,0.0,51.487,18.4804191232048,0.0,51.487,19.3812059712774
4949,0.0,51.487,18.4804191232048,0.0,51.487,19.3812059712774
4950,0.0,51.487,18.4804191232048,0.0,51.487,19.3812059712774
4951,0.0,51.487,18.4804191232048,0.0,51.487,19.3812059712774
4952,0.0,51.487,18.4804191232048,0.0,51.487,19.3812059712774
4953,0.0,48.767,10.5430740740741,0.0,48.767,11.1941527777778
4954,0.0,48.767,10.5430740740741,0.0,48.767,11.1941527777778
4955,0.0,51.926,14.1899580712788,0.0,51.926,14.6321579315164
4956,0.0,51.926,14.1899580712788,0.0,51.926,14.6321579315164
4957,0.0,51.926,14.1899580712788,0.0,51.926,14.6321579315164
4958,0.0,51.926,14.1899580712788,0.0,51.926,14.6321579315164
4959,0.0,51.926,14.1899580712788,0.0,51.926,14.6321579315164
4960,0.0,51.926,14.1899580712788,0.0,51.926,14.6321579315164
4961,0.0,51.487,18.4804191232048,0.0,51.487,19.3812059712774
4962,0.0,51.487,18.4804191232048,0.0,51.487,19.3812059712774
4963,0.0,51.487,18.4804191232048,0.0,51.487,19.3812059712774
4964,0.0,51.487,18.4804191232048,0.0,51.487,19.3812059712774
4965,0.0,51.487,18.4804191232048,0.0,51.487,19.3812059712774
4966,0.0,51.487,18.4804191232048,0.0,51.487,19.3812059712774
4967,0.0,51.487,18.4804191232048,0.0,51.487,19.3812059712774
4968,0.0,48.668,19.2810555555556,0.0,48.668,19.9058555555556
4969,0.0,48.668,19.2810555555556,0.0,48.668,19.9058555555556
4970,0.0,50.324,20.3007962962963,0.0,50.324,21.0440185185185
4971,0.0,48.767,10.5430740740741,0.0,48.767,11.1941527777778
4972,0.0,48.767,10.5430740740741,0.0,48.767,11.1941527777778
4973,0.0,48.767,10.5430740740741,0.0,48.767,11.1941527777778
4974,0.0,51.926,14.1899580712788,0.0,51.926,14.6321579315164
4975,0.0,51.926,14.1899580712788,0.0,51.926,14.6321579315164
4976,0.0,51.926,14.1899580712788,0.0,51.926,14.6321579315164
4977,0.0,51.926,14.1899580712788,0.0,51.926,14.6321579315164
4978,0.0,51.926,14.1899580712788,0.0,51.926,14.6321579315164
4979,0.0,51.926,14.1899580712788,0.0,51.926,14.6321579315164
4980,0.0,51.487,18.4804191232048,0.0,51.487,19.3812059712774
4981,0.0,51.487,18.4804191232048,0.0,51.487,19.3812059712774
4982,0.0,51.487,18.4804191232048,0.0,51.487,19.3812059712774
4983,0.0,51.487,18.4804191232048,0.0,51.487,19.3812059712774
4984,0.0,51.487,18.4804191232048,0.0,51.487,19.3812059712774
4985,0.0,51.487,18.4804191232048,0.0,51.487,19.3812059712774
4986,0.0,51.017,20.2049144316731,0.0,51.017,20.9661941251596
4987,0.0,51.017,20.2049144316731,0.0,51.017,20.9661941251596
4988,0.0,48.668,19.2810555555556,0.0,48.668,19.9058555555556
4989,0.0,48.668,19.2810555555556,0.0,48.668,19.9058555555556
4990,0.0,50.096,20.4016851851852,0.0,50.096,21.1392407407407
4991,0.0,51.638,17.4435740740741,0.0,51.638,18.1992407407407
4992,0.0,42.882,14.701962962963,0.0,42.882,15.2028518518519
4993,0.0,48.767,10.5430740740741,0.0,48.767,11.1941527777778
4994,0.0,48.767,10.5430740740741,0.0,48.767,11.1941527777778
4995,0.0,51.926,14.1899580712788,0.0,51.926,14.6321579315164
4996,0.0,51.926,14.1899580712788,0.0,51.926,14.6321579315164
4997,0.0,51.926,14.1899580712788,0.0,51.926,14.6321579315164
4998,0.0,51.926,14.1899580712788,0.0,51.926,14.6321579315164
4999,0.0,51.926,14.1899580712788,0.0,51.926,14.6321579315164
5000,0.0,51.926,14.1899580712788,0.0,51.926,14.6321579315164
5001,0.0,51.926,14.1899580712788,0.0,51.926,14.6321579315164
5002,0.0,51.487,18.4804191232048,0.0,51.487,19.3812059712774
5003,0.0,51.487,18.4804191232048,0.0,51.487,19.3812059712774
5004,0.0,51.487,18.4804191232048,0.0,51.487,19.3812059712774
5005,0.0,51.017,20.2049144316731,0.0,51.017,20.9661941251596
5006,0.0,51.017,20.2049144316731,0.0,51.017,20.9661941251596
5007,0.0,51.017,20.2049144316731,0.0,51.017,20.9661941251596
5008,0.0,51.017,20.2049144316731,0.0,51.017,20.9661941251596
5009,0.0,48.668,19.2810555555556,0.0,48.668,19.9058555555556
5010,0.0,48.668,19.2810555555556,0.0,48.668,19.9058555555556
5011,0.0,46.421,18.3975,0.0,46.421,19.0206111111111
5012,0.0,51.196,19.3670925925926,0.0,51.196,20.131537037037
5013,0.0,51.638,17.4435740740741,0.0,51.638,18.1992407407407
5014,0.0,46.16,7.17125462962963,0.0,46.16,7.69632407407407
5015,0.0,48.767,10.5430740740741,0.0,48.767,11.1941527777778
5016,0.0,46.16,7.17125462962963,0.0,46.16,7.69632407407407
5017,0.0,49.939,17.977037037037,0.0,49.939,17.977037037037
5018,0.0,49.939,17.977037037037,0.0,49.939,17.977037037037
5019,0.0,51.926,14.1899580712788,0.0,51.926,14.6321579315164
5020,0.0,51.926,14.1899580712788,0.0,51.926,14.6321579315164
5021,0.0,48.12,24.6422777777778,0.0,48.12,24.6889444444444
5022,0.0,51.926,14.1899580712788,0.0,51.926,14.6321579315164
5023,0.0,51.926,14.1899580712788,0.0,51.926,14.6321579315164
5024,0.0,51.017,20.2049144316731,0.0,51.017,20.9661941251596
5025,0.0,51.017,20.2049144316731,0.0,51.017,20.9661941251596
5026,0.0,51.017,20.2049144316731,0.0,51.017,20.9661941251596
5027,0.0,51.017,20.2049144316731,0.0,51.017,20.9661941251596
5028,0.0,51.017,20.2049144316731,0.0,51.017,20.9661941251596
5029,0.0,51.017,20.2049144316731,0.0,51.017,20.9661941251596
5030,0.0,52.28,17.8546113719353,0.0,52.28,18.3331411058946
5031,0.0,48.668,19.2810555555556,0.0,48.668,19.9058555555556
5032,0.0,50.791,18.982962962963,0.0,50.791,19.7245185185185
5033,0.0,47.488,18.9423888888889,0.0,47.488,19.6476111111111
5034,0.0,44.866,16.0230740740741,0.0,44.866,16.574962962963
5035,0.0,44.336,14.9308333333333,0.0,44.336,15.5021666666667
5036,0.0,46.16,7.17125462962963,0.0,46.16,7.69632407407407
5037,0.0,46.16,7.17125462962963,0.0,46.16,7.69632407407407
5038,0.0,51.926,14.1899580712788,0.0,51.926,14.6321579315164
5039,0.0,51.926,14.1899580712788,0.0,51.926,14.6321579315164
5040,0.0,51.926,14.1899580712788,0.0,51.926,14.6321579315164
5041,0.0,51.926,14.1899580712788,0.0,51.926,14.6321579315164
5042,0.0,51.926,14.1899580712788,0.0,51.926,14.6321579315164
5043,0.0,51.017,20.2049144316731,0.0,51.017,20.9661941251596
5044,0.0,51.017,20.2049144316731,0.0,51.017,20.9661941251596
5045,0.0,51.017,20.2049144316731,0.0,51.017,20.9661941251596
5046,0.0,51.017,20.2049144316731,0.0,51.017,20.9661941251596
5047,0.0,51.017,20.2049144316731,0.0,51.017,20.9661941251596
5048,0.0,51.017,20.2049144316731,0.0,51.017,20.9661941251596
5049,0.0,52.28,17.8546113719353,0.0,52.28,18.3331411058946
5050,0.0,52.28,17.8546113719353,0.0,52.28,18.3331411058946
5051,0.0,52.28,17.8546113719353,0.0,52.28,18.3331411058946
5052,0.0,47.619,20.0122037037037,0.0,47.619,20.7342037037037
5053,0.0,43.341,14.2599814814815,0.0,43.341,14.8174259259259
5054,0.0,49.389,16.5181049382716,0.0,49.389,17.1526234567901
5055,0.0,44.336,14.9308333333333,0.0,44.336,15.5021666666667
5056,0.0,42.005,5.34250396825397,0.0,42.005,5.97783333333333
5057,0.0,37.291,7.13568518518519,0.0,37.291,7.77512962962963
5058,0.0,46.16,7.17125462962963,0.0,46.16,7.69632407407407
5059,0.0,51.926,14.1899580712788,0.0,51.926,14.6321579315164
5060,0.0,51.926,14.1899580712788,0.0,51.926,14.6321579315164
5061,0.0,51.926,14.1899580712788,0.0,51.926,14.6321579315164
5062,0.0,51.926,14.1899580712788,0.0,51.926,14.6321579315164
5063,0.0,51.926,14.1899580712788,0.0,51.926,14.6321579315164
5064,0.0,51.017,20.2049144316731,0.0,51.017,20.9661941251596
5065,0.0,51.017,20.2049144316731,0.0,51.017,20.9661941251596
5066,0.0,51.017,20.2049144316731,0.0,51.017,20.9661941251596
5067,0.0,52.28,17.8546113719353,0.0,52.28,18.3331411058946
5068,0.0,52.28,17.8546113719353,0.0,52.28,18.3331411058946
5069,0.0,52.28,17.8546113719353,0.0,52.28,18.3331411058946
5070,0.0,52.28,17.8546113719353,0.0,52.28,18.3331411058946
5071,0.0,52.28,17.8546113719353,0.0,52.28,18.3331411058946
5072,0.0,52.28,17.8546113719353,0.0,52.28,18.3331411058946
5073,0.0,43.341,14.2599814814815,0.0,43.341,14.8174259259259
5074,0.0,49.389,16.5181049382716,0.0,49.389,17.1526234567901
5075,0.0,42.005,5.34250396825397,0.0,42.005,5.97783333333333
5076,0.0,42.005,5.34250396825397,0.0,42.005,5.97783333333333
5077,0.0,42.005,5.34250396825397,0.0,42.005,5.97783333333333
5078,0.0,42.005,5.34250396825397,0.0,42.005,5.97783333333333
5079,0.0,42.005,5.34250396825397,0.0,42.005,5.97783333333333
5080,0.0,51.926,14.1899580712788,0.0,51.926,14.6321579315164
5081,0.0,51.926,14.1899580712788,0.0,51.926,14.6321579315164
5082,0.0,47.376,6.63571913580247,0.0,47.376,6.9848487654321
5083,0.0,47.376,6.63571913580247,0.0,47.376,6.9848487654321
5084,0.0,51.017,20.2049144316731,0.0,51.017,20.9661941251596
5085,0.0,51.017,20.2049144316731,0.0,51.017,20.9661941251596
5086,0.0,51.017,20.2049144316731,0.0,51.017,20.9661941251596
5087,0.0,51.017,20.2049144316731,0.0,51.017,20.9661941251596
5088,0.0,52.28,17.8546113719353,0.0,52.28,18.3331411058946
5089,0.0,52.28,17.8546113719353,0.0,52.28,18.3331411058946
5090,0.0,52.28,17.8546113719353,0.0,52.28,18.3331411058946
5091,0.0,52.28,17.8546113719353,0.0,52.28,18.3331411058946
5092,0.0,52.28,17.8546113719353,0.0,52.28,18.3331411058946
5093,0.0,52.28,17.8546113719353,0.0,52.28,18.3331411058946
5094,0.0,43.341,14.2599814814815,0.0,43.341,14.8174259259259
5095,0.0,46.837,11.7334481481481,0.0,46.837,12.3828592592593
5096,0.0,42.005,5.34250396825397,0.0,42.005,5.97783333333333
5097,0.0,42.005,5.34250396825397,0.0,42.005,5.97783333333333
5098,0.0,42.005,5.34250396825397,0.0,42.005,5.97783333333333
5099,0.0,42.005,5.34250396825397,0.0,42.005,5.97783333333333
5100,0.0,51.926,14.1899580712788,0.0,51.926,14.6321579315164
5101,0.0,51.926,14.1899580712788,0.0,51.926,14.6321579315164
5102,0.0,47.376,6.63571913580247,0.0,47.376,6.9848487654321
5103,0.0,47.376,6.63571913580247,0.0,47.376,6.9848487654321
5104,0.0,47.376,6.63571913580247,0.0,47.376,6.9848487654321
5105,0.0,47.974,19.9082407407407,0.0,47.974,19.9082407407407
5106,0.0,49.955,19.3702685185185,0.0,49.955,19.3702685185185
5107,0.0,52.28,17.8546113719353,0.0,52.28,18.3331411058946
5108,0.0,52.28,17.8546113719353,0.0,52.28,18.3331411058946
5109,0.0,52.28,17.8546113719353,0.0,52.28,18.3331411058946
5110,0.0,52.28,17.8546113719353,0.0,52.28,18.3331411058946
5111,0.0,52.28,17.8546113719353,0.0,52.28,18.3331411058946
5112,0.0,52.28,17.8546113719353,0.0,52.28,18.3331411058946
5113,0.0,52.28,17.8546113719353,0.0,52.28,18.3331411058946
5114,0.0,46.837,17.6024814814815,0.0,46.837,18.2668148148148
5115,0.0,46.837,11.7334481481481,0.0,46.837,12.3828592592593
5116,0.0,46.837,11.7334481481481,0.0,46.837,12.3828592592593
5117,0.0,48.637,7.36831590413943,0.0,48.637,8.05360675381264
5118,0.0,48.637,7.36831590413943,0.0,48.637,8.05360675381264
5119,0.0,51.926,14.1899580712788,0.0,51.926,14.6321579315164
5120,0.0,47.376,6.63571913580247,0.0,47.376,6.9848487654321
5121,0.0,47.376,6.63571913580247,0.0,47.376,6.9848487654321
5122,0.0,47.376,6.63571913580247,0.0,47.376,6.9848487654321
5123,0.0,47.376,6.63571913580247,0.0,47.376,6.9848487654321
5124,0.0,47.732,14.8456203703704,0.0,47.732,14.8456203703704
5125,0.0,47.732,14.5210740740741,0.0,47.732,14.5210740740741
5126,0.0,47.831,4.61229377104377,0.0,47.831,5.04827861952862
5127,0.0,52.28,17.8546113719353,0.0,52.28,18.3331411058946
5128,0.0,52.28,17.8546113719353,0.0,52.28,18.3331411058946
5129,0.0,52.28,17.8546113719353,0.0,52.28,18.3331411058946
5130,0.0,52.28,17.8546113719353,0.0,52.28,18.3331411058946
5131,0.0,52.28,17.8546113719353,0.0,52.28,18.3331411058946
5132,0.0,52.28,17.8546113719353,0.0,52.28,18.3331411058946
5133,0.0,52.28,17.8546113719353,0.0,52.28,18.3331411058946
5134,0.0,50.41,20.2222037037037,0.0,50.41,21.0323148148148
5135,0.0,46.837,11.7334481481481,0.0,46.837,12.3828592592593
5136,0.0,50.351,12.3106975308642,0.0,50.351,13.0344012345679
5137,0.0,50.351,12.3106975308642,0.0,50.351,13.0344012345679
5138,0.0,48.637,7.36831590413943,0.0,48.637,8.05360675381264
5139,0.0,48.637,7.36831590413943,0.0,48.637,8.05360675381264
5140,0.0,47.376,6.63571913580247,0.0,47.376,6.9848487654321
5141,0.0,47.376,6.63571913580247,0.0,47.376,6.9848487654321
5142,0.0,47.831,4.61229377104377,0.0,47.831,5.04827861952862
5143,0.0,47.831,4.61229377104377,0.0,47.831,5.04827861952862
5144,0.0,47.831,4.61229377104377,0.0,47.831,5.04827861952862
5145,0.0,47.831,4.61229377104377,0.0,47.831,5.04827861952862
5146,0.0,47.831,4.61229377104377,0.0,47.831,5.04827861952862
5147,0.0,52.28,17.8546113719353,0.0,52.28,18.3331411058946
5148,0.0,52.28,17.8546113719353,0.0,52.28,18.3331411058946
5149,0.0,52.28,17.8546113719353,0.0,52.28,18.3331411058946
5150,0.0,52.28,17.8546113719353,0.0,52.28,18.3331411058946
5151,0.0,52.28,17.8546113719353,0.0,52.28,18.3331411058946
5152,0.0,52.28,17.8546113719353,0.0,52.28,18.3331411058946
5153,0.0,52.28,17.8546113719353,0.0,52.28,18.3331411058946
5154,0.0,52.28,17.8546113719353,0.0,52.28,18.3331411058946
5155,0.0,50.351,19.8456481481481,0.0,50.351,20.6466481481481
5156,0.0,47.258,19.3410925925926,0.0,47.258,20.1414259259259
5157,0.0,48.637,7.36831590413943,0.0,48.637,8.05360675381264
5158,0.0,48.637,7.36831590413943,0.0,48.637,8.05360675381264
5159,0.0,48.637,7.36831590413943,0.0,48.637,8.05360675381264
5160,0.0,48.637,7.36831590413943,0.0,48.637,8.05360675381264
5161,0.0,47.376,6.63571913580247,0.0,47.376,6.9848487654321
5162,0.0,47.831,4.61229377104377,0.0,47.831,5.04827861952862
5163,0.0,47.831,4.61229377104377,0.0,47.831,5.04827861952862
5164,0.0,47.831,4.61229377104377,0.0,47.831,5.04827861952862
5165,0.0,47.831,4.61229377104377,0.0,47.831,5.04827861952862
5166,0.0,47.831,4.61229377104377,0.0,47.831,5.04827861952862
5167,0.0,52.28,17.8546113719353,0.0,52.28,18.3331411058946
5168,0.0,52.28,17.8546113719353,0.0,52.28,18.3331411058946
5169,0.0,52.28,17.8546113719353,0.0,52.28,18.3331411058946
5170,0.0,52.28,17.8546113719353,0.0,52.28,18.3331411058946
5171,0.0,52.28,17.8546113719353,0.0,52.28,18.3331411058946
5172,0.0,52.28,17.8546113719353,0.0,52.28,18.3331411058946
5173,0.0,52.28,17.8546113719353,0.0,52.28,18.3331411058946
5174,0.0,52.28,17.8546113719353,0.0,52.28,18.3331411058946
5175,0.0,47.235,18.0024259259259,0.0,47.235,18.7717592592593
5176,0.0,48.637,7.36831590413943,0.0,48.637,8.05360675381264
5177,0.0,50.129,12.8181111111111,0.0,50.129,13.5747791495199
5178,0.0,48.637,7.36831590413943,0.0,48.637,8.05360675381264
5179,0.0,48.637,7.36831590413943,0.0,48.637,8.05360675381264
5180,0.0,47.376,6.63571913580247,0.0,47.376,6.9848487654321
5181,0.0,47.831,4.61229377104377,0.0,47.831,5.04827861952862
5182,0.0,47.831,4.61229377104377,0.0,47.831,5.04827861952862
5183,0.0,46.297,7.06689619883041,0.0,46.297,7.72995029239766
5184,0.0,47.831,4.61229377104377,0.0,47.831,5.04827861952862
5185,0.0,47.831,4.61229377104377,0.0,47.831,5.04827861952862
5186,0.0,46.297,7.06689619883041,0.0,46.297,7.72995029239766
5187,0.0,46.297,7.06689619883041,0.0,46.297,7.72995029239766
5188,0.0,52.28,17.8546113719353,0.0,52.28,18.3331411058946
5189,0.0,52.28,17.8546113719353,0.0,52.28,18.3331411058946
5190,0.0,52.28,17.8546113719353,0.0,52.28,18.3331411058946
5191,0.0,52.28,17.8546113719353,0.0,52.28,18.3331411058946
5192,0.0,52.28,17.8546113719353,0.0,52.28,18.3331411058946
5193,0.0,52.28,17.8546113719353,0.0,52.28,18.3331411058946
5194,0.0,43.607,17.4417160493827,0.0,43.607,19.3575308641975
5195,0.0,48.637,7.36831590413943,0.0,48.637,8.05360675381264
5196,0.0,48.637,7.36831590413943,0.0,48.637,8.05360675381264
5197,0.0,50.129,12.8181111111111,0.0,50.129,13.5747791495199
5198,0.0,50.129,12.8181111111111,0.0,50.129,13.5747791495199
5199,0.0,50.129,12.8181111111111,0.0,50.129,13.5747791495199
5200,0.0,50.129,12.8181111111111,0.0,50.129,13.5747791495199
5201,0.0,46.297,7.06689619883041,0.0,46.297,7.72995029239766
5202,0.0,46.297,7.06689619883041,0.0,46.297,7.72995029239766
5203,0.0,46.297,7.06689619883041,0.0,46.297,7.72995029239766
5204,0.0,46.297,7.06689619883041,0.0,46.297,7.72995029239766
5205,0.0,46.297,7.06689619883041,0.0,46.297,7.72995029239766
5206,0.0,46.297,7.06689619883041,0.0,46.297,7.72995029239766
5207,0.0,46.297,7.06689619883041,0.0,46.297,7.72995029239766
5208,0.0,46.297,7.06689619883041,0.0,46.297,7.72995029239766
5209,0.0,46.297,7.06689619883041,0.0,46.297,7.72995029239766
5210,0.0,46.297,7.06689619883041,0.0,46.297,7.72995029239766
5211,0.0,52.28,17.8546113719353,0.0,52.28,18.3331411058946
5212,0.0,52.28,17.8546113719353,0.0,52.28,18.3331411058946
5213,0.0,50.831,19.5987665544332,0.0,50.831,20.5999601571268
5214,0.0,43.607,17.4417160493827,0.0,43.607,19.3575308641975
5215,0.0,50.831,19.5987665544332,0.0,50.831,20.5999601571268
5216,0.0,50.129,12.8181111111111,0.0,50.129,13.5747791495199
5217,0.0,48.388,24.6413703703704,0.0,48.388,25.9652592592593
5218,0.0,50.129,12.8181111111111,0.0,50.129,13.5747791495199
5219,0.0,50.129,12.8181111111111,0.0,50.129,13.5747791495199
5220,0.0,50.129,12.8181111111111,0.0,50.129,13.5747791495199
5221,0.0,50.129,12.8181111111111,0.0,50.129,13.5747791495199
5222,0.0,46.297,7.06689619883041,0.0,46.297,7.72995029239766
5223,0.0,46.297,7.06689619883041,0.0,46.297,7.72995029239766
5224,0.0,46.297,7.06689619883041,0.0,46.297,7.72995029239766
5225,0.0,46.297,7.06689619883041,0.0,46.297,7.72995029239766
5226,0.0,46.297,7.06689619883041,0.0,46.297,7.72995029239766
5227,0.0,46.297,7.06689619883041,0.0,46.297,7.72995029239766
5228,0.0,46.297,7.06689619883041,0.0,46.297,7.72995029239766
5229,0.0,46.297,7.06689619883041,0.0,46.297,7.72995029239766
5230,0.0,46.297,7.06689619883041,0.0,46.297,7.72995029239766
5231,0.0,46.297,7.06689619883041,0.0,46.297,7.72995029239766
5232,0.0,46.297,7.06689619883041,0.0,46.297,7.72995029239766
5233,0.0,50.831,19.5987665544332,0.0,50.831,20.5999601571268
5234,0.0,50.831,19.5987665544332,0.0,50.831,20.5999601571268
5235,0.0,50.831,19.5987665544332,0.0,50.831,20.5999601571268
5236,0.0,50.129,12.8181111111111,0.0,50.129,13.5747791495199
5237,0.0,48.837,22.330037037037,0.0,48.837,23.2617037037037
5238,0.0,48.357,21.8197037037037,0.0,48.357,22.7234814814815
5239,0.0,50.129,12.8181111111111,0.0,50.129,13.5747791495199
5240,0.0,50.129,12.8181111111111,0.0,50.129,13.5747791495199
5241,0.0,50.129,12.8181111111111,0.0,50.129,13.5747791495199
5242,0.0,46.297,7.06689619883041,0.0,46.297,7.72995029239766
5243,0.0,46.297,7.06689619883041,0.0,46.297,7.72995029239766
5244,0.0,46.297,7.06689619883041,0.0,46.297,7.72995029239766
5245,0.0,46.297,7.06689619883041,0.0,46.297,7.72995029239766
5246,0.0,46.297,7.06689619883041,0.0,46.297,7.72995029239766
5247,0.0,49.413,15.8637132435466,0.0,49.413,17.0888748597082
5248,0.0,49.413,15.8637132435466,0.0,49.413,17.0888748597082
5249,0.0,49.413,15.8637132435466,0.0,49.413,17.0888748597082
5250,0.0,46.297,7.06689619883041,0.0,46.297,7.72995029239766
5251,0.0,50.831,19.5987665544332,0.0,50.831,20.5999601571268
5252,0.0,50.831,19.5987665544332,0.0,50.831,20.5999601571268
5253,0.0,50.831,19.5987665544332,0.0,50.831,20.5999601571268
5254,0.0,50.831,19.5987665544332,0.0,50.831,20.5999601571268
5255,0.0,50.831,19.5987665544332,0.0,50.831,20.5999601571268
5256,0.0,50.831,19.5987665544332,0.0,50.831,20.5999601571268
5257,0.0,50.831,19.5987665544332,0.0,50.831,20.5999601571268
5258,0.0,48.837,22.330037037037,0.0,48.837,23.2617037037037
5259,0.0,50.129,12.8181111111111,0.0,50.129,13.5747791495199
5260,0.0,50.129,12.8181111111111,0.0,50.129,13.5747791495199
5261,0.0,50.056,24.9383935185185,0.0,50.056,26.7759490740741
5262,0.0,50.129,12.8181111111111,0.0,50.129,13.5747791495199
5263,0.0,50.129,12.8181111111111,0.0,50.129,13.5747791495199
5264,0.0,50.129,12.8181111111111,0.0,50.129,13.5747791495199
5265,0.0,50.294,21.3392731481481,0.0,50.294,22.5975509259259
5266,0.0,46.297,7.06689619883041,0.0,46.297,7.72995029239766
5267,0.0,49.413,15.8637132435466,0.0,49.413,17.0888748597082
5268,0.0,49.413,15.8637132435466,0.0,49.413,17.0888748597082
5269,0.0,49.413,15.8637132435466,0.0,49.413,17.0888748597082
5270,0.0,49.413,15.8637132435466,0.0,49.413,17.0888748597082
5271,0.0,49.413,15.8637132435466,0.0,49.413,17.0888748597082
5272,0.0,49.413,15.8637132435466,0.0,49.413,17.0888748597082
5273,0.0,50.831,19.5987665544332,0.0,50.831,20.5999601571268
5274,0.0,50.831,19.5987665544332,0.0,50.831,20.5999601571268
5275,0.0,50.831,19.5987665544332,0.0,50.831,20.5999601571268
5276,0.0,50.831,19.5987665544332,0.0,50.831,20.5999601571268
5277,0.0,50.831,19.5987665544332,0.0,50.831,20.5999601571268
5278,0.0,50.831,19.5987665544332,0.0,50.831,20.5999601571268
5279,0.0,50.831,19.5987665544332,0.0,50.831,20.5999601571268
5280,0.0,49.164,14.5192608286252,0.0,49.164,15.3506723163842
5281,0.0,49.372,24.8819814814815,0.0,49.372,27.1327592592593
5282,0.0,50.056,24.9383935185185,0.0,50.056,26.7759490740741
5283,0.0,50.056,24.9383935185185,0.0,50.056,26.7759490740741
5284,0.0,50.294,21.3392731481481,0.0,50.294,22.5975509259259
5285,0.0,50.294,21.3392731481481,0.0,50.294,22.5975509259259
5286,0.0,50.294,21.3392731481481,0.0,50.294,22.5975509259259
5287,0.0,50.293,21.3254259259259,0.0,50.293,23.1844259259259
5288,0.0,49.413,15.8637132435466,0.0,49.413,17.0888748597082
5289,0.0,49.413,15.8637132435466,0.0,49.413,17.0888748597082
5290,0.0,49.413,15.8637132435466,0.0,49.413,17.0888748597082
5291,0.0,49.413,15.8637132435466,0.0,49.413,17.0888748597082
5292,0.0,49.413,15.8637132435466,0.0,49.413,17.0888748597082
5293,0.0,49.413,15.8637132435466,0.0,49.413,17.0888748597082
5294,0.0,49.413,15.8637132435466,0.0,49.413,17.0888748597082
5295,0.0,49.413,15.8637132435466,0.0,49.413,17.0888748597082
5296,0.0,50.831,19.5987665544332,0.0,50.831,20.5999601571268
5297,0.0,50.831,19.5987665544332,0.0,50.831,20.5999601571268
5298,0.0,50.831,19.5987665544332,0.0,50.831,20.5999601571268
5299,0.0,49.164,14.5192608286252,0.0,49.164,15.3506723163842
5300,0.0,50.831,19.5987665544332,0.0,50.831,20.5999601571268
5301,0.0,49.164,14.5192608286252,0.0,49.164,15.3506723163842
5302,0.0,49.164,14.5192608286252,0.0,49.164,15.3506723163842
5303,0.0,49.164,14.5192608286252,0.0,49.164,15.3506723163842
5304,0.0,50.056,24.9383935185185,0.0,50.056,26.7759490740741
5305,0.0,50.056,24.9383935185185,0.0,50.056,26.7759490740741
5306,0.0,50.056,24.9383935185185,0.0,50.056,26.7759490740741
5307,0.0,50.294,21.3392731481481,0.0,50.294,22.5975509259259
5308,0.0,50.275,24.6517169312169,0.0,50.275,26.906828042328
5309,0.0,50.293,21.3254259259259,0.0,50.293,23.1844259259259
5310,0.0,50.293,21.3254259259259,0.0,50.293,23.1844259259259
5311,0.0,50.293,21.3254259259259,0.0,50.293,23.1844259259259
5312,0.0,49.413,15.8637132435466,0.0,49.413,17.0888748597082
5313,0.0,49.413,15.8637132435466,0.0,49.413,17.0888748597082
5314,0.0,49.413,15.8637132435466,0.0,49.413,17.0888748597082
5315,0.0,49.413,15.8637132435466,0.0,49.413,17.0888748597082
5316,0.0,49.413,15.8637132435466,0.0,49.413,17.0888748597082
5317,0.0,49.413,15.8637132435466,0.0,49.413,17.0888748597082
5318,0.0,49.413,15.8637132435466,0.0,49.413,17.0888748597082
5319,0.0,50.831,19.5987665544332,0.0,50.831,20.5999601571268
5320,0.0,49.164,14.5192608286252,0.0,49.164,15.3506723163842
5321,0.0,49.164,14.5192608286252,0.0,49.164,15.3506723163842
5322,0.0,49.164,14.5192608286252,0.0,49.164,15.3506723163842
5323,0.0,49.164,14.5192608286252,0.0,49.164,15.3506723163842
5324,0.0,50.056,21.7983573388203,0.0,50.056,22.5832983539095
5325,0.0,49.164,14.5192608286252,0.0,49.164,15.3506723163842
5326,0.0,50.056,21.7983573388203,0.0,50.056,22.5832983539095
5327,0.0,50.015,24.7121247563353,0.0,50.015,26.7001481481481
5328,0.0,50.015,24.7121247563353,0.0,50.015,26.7001481481481
5329,0.0,50.015,24.7121247563353,0.0,50.015,26.7001481481481
5330,0.0,50.015,24.7121247563353,0.0,50.015,26.7001481481481
5331,0.0,50.275,24.6517169312169,0.0,50.275,26.906828042328
5332,0.0,50.275,24.6517169312169,0.0,50.275,26.906828042328
5333,0.0,50.24,24.8612407407407,0.0,50.24,27.1316851851852
5334,0.0,50.293,21.3254259259259,0.0,50.293,23.1844259259259
5335,0.0,50.293,21.3254259259259,0.0,50.293,23.1844259259259
5336,0.0,49.413,15.8637132435466,0.0,49.413,17.0888748597082
5337,0.0,48.972,17.1834037037037,0.0,48.972,18.4571925925926
5338,0.0,48.972,17.1834037037037,0.0,48.972,18.4571925925926
5339,0.0,48.972,17.1834037037037,0.0,48.972,18.4571925925926
5340,0.0,48.972,17.1834037037037,0.0,48.972,18.4571925925926
5341,0.0,48.972,17.1834037037037,0.0,48.972,18.4571925925926
5342,0.0,49.164,14.5192608286252,0.0,49.164,15.3506723163842
5343,0.0,49.164,14.5192608286252,0.0,49.164,15.3506723163842
5344,0.0,49.164,14.5192608286252,0.0,49.164,15.3506723163842
5345,0.0,49.164,14.5192608286252,0.0,49.164,15.3506723163842
5346,0.0,50.056,21.7983573388203,0.0,50.056,22.5832983539095
5347,0.0,50.056,21.7983573388203,0.0,50.056,22.5832983539095
5348,0.0,50.056,21.7983573388203,0.0,50.056,22.5832983539095
5349,0.0,50.056,21.7983573388203,0.0,50.056,22.5832983539095
5350,0.0,50.056,21.7983573388203,0.0,50.056,22.5832983539095
5351,0.0,50.015,24.7121247563353,0.0,50.015,26.7001481481481
5352,0.0,50.015,24.7121247563353,0.0,50.015,26.7001481481481
5353,0.0,50.015,24.7121247563353,0.0,50.015,26.7001481481481
5354,0.0,50.015,24.7121247563353,0.0,50.015,26.7001481481481
5355,0.0,50.015,24.7121247563353,0.0,50.015,26.7001481481481
5356,0.0,50.275,24.6517169312169,0.0,50.275,26.906828042328
5357,0.0,50.188,24.7811481481481,0.0,50.188,27.0943703703704
5358,0.0,50.813,24.6628611111111,0.0,50.813,26.8011388888889
5359,0.0,50.813,24.6628611111111,0.0,50.813,26.8011388888889
5360,0.0,49.413,15.8637132435466,0.0,49.413,17.0888748597082
5361,0.0,48.972,17.1834037037037,0.0,48.972,18.4571925925926
5362,0.0,48.972,17.1834037037037,0.0,48.972,18.4571925925926
5363,0.0,48.972,17.1834037037037,0.0,48.972,18.4571925925926
5364,0.0,48.972,17.1834037037037,0.0,48.972,18.4571925925926
5365,0.0,49.164,14.5192608286252,0.0,49.164,15.3506723163842
5366,0.0,49.164,14.5192608286252,0.0,49.164,15.3506723163842
5367,0.0,49.164,14.5192608286252,0.0,49.164,15.3506723163842
5368,0.0,49.164,14.5192608286252,0.0,49.164,15.3506723163842
5369,0.0,49.164,14.5192608286252,0.0,49.164,15.3506723163842
5370,0.0,50.056,21.7983573388203,0.0,50.056,22.5832983539095
5371,0.0,50.056,21.7983573388203,0.0,50.056,22.5832983539095
5372,0.0,50.056,21.7983573388203,0.0,50.056,22.5832983539095
5373,0.0,50.056,21.7983573388203,0.0,50.056,22.5832983539095
5374,0.0,41.439,21.5868703703704,0.0,41.439,22.6450925925926
5375,0.0,53.631,24.4766076817558,0.0,53.631,25.9348710562414
5376,0.0,50.015,24.7121247563353,0.0,50.015,26.7001481481481
5377,0.0,50.015,24.7121247563353,0.0,50.015,26.7001481481481
5378,0.0,50.015,24.7121247563353,0.0,50.015,26.7001481481481
5379,0.0,50.015,24.7121247563353,0.0,50.015,26.7001481481481
5380,0.0,50.275,24.6517169312169,0.0,50.275,26.906828042328
5381,0.0,50.275,24.6517169312169,0.0,50.275,26.906828042328
5382,0.0,49.931,22.1383594771242,0.0,49.931,24.1336470588235
5383,0.0,49.931,22.1383594771242,0.0,49.931,24.1336470588235
5384,0.0,49.931,22.1383594771242,0.0,49.931,24.1336470588235
5385,0.0,48.972,17.1834037037037,0.0,48.972,18.4571925925926
5386,0.0,48.972,17.1834037037037,0.0,48.972,18.4571925925926
5387,0.0,48.972,17.1834037037037,0.0,48.972,18.4571925925926
5388,0.0,48.972,17.1834037037037,0.0,48.972,18.4571925925926
5389,0.0,49.164,14.5192608286252,0.0,49.164,15.3506723163842
5390,0.0,49.164,14.5192608286252,0.0,49.164,15.3506723163842
5391,0.0,49.164,14.5192608286252,0.0,49.164,15.3506723163842
5392,0.0,49.164,14.5192608286252,0.0,49.164,15.3506723163842
5393,0.0,49.164,14.5192608286252,0.0,49.164,15.3506723163842
5394,0.0,50.056,21.7983573388203,0.0,50.056,22.5832983539095
5395,0.0,50.056,21.7983573388203,0.0,50.056,22.5832983539095
5396,0.0,50.056,21.7983573388203,0.0,50.056,22.5832983539095
5397,0.0,50.056,21.7983573388203,0.0,50.056,22.5832983539095
5398,0.0,50.056,21.7983573388203,0.0,50.056,22.5832983539095
5399,0.0,50.056,21.7983573388203,0.0,50.056,22.5832983539095
5400,0.0,53.631,24.4766076817558,0.0,53.631,25.9348710562414
5401,0.0,53.631,24.4766076817558,0.0,53.631,25.9348710562414
5402,0.0,50.015,24.7121247563353,0.0,50.015,26.7001481481481
5403,0.0,50.015,24.7121247563353,0.0,50.015,26.7001481481481
5404,0.0,50.015,24.7121247563353,0.0,50.015,26.7001481481481
5405,0.0,47.613,23.092462962963,0.0,47.613,25.1602407407407
5406,0.0,45.752,21.0615740740741,0.0,45.752,23.4126851851852
5407,0.0,49.931,22.1383594771242,0.0,49.931,24.1336470588235
5408,0.0,49.931,22.1383594771242,0.0,49.931,24.1336470588235
5409,0.0,49.778,13.7596056241427,0.0,49.778,15.116280521262
5410,0.0,49.778,13.7596056241427,0.0,49.778,15.116280521262
5411,0.0,48.972,17.1834037037037,0.0,48.972,18.4571925925926
5412,0.0,49.164,14.5192608286252,0.0,49.164,15.3506723163842
5413,0.0,49.164,14.5192608286252,0.0,49.164,15.3506723163842
5414,0.0,49.164,14.5192608286252,0.0,49.164,15.3506723163842
5415,0.0,49.164,14.5192608286252,0.0,49.164,15.3506723163842
5416,0.0,49.164,14.5192608286252,0.0,49.164,15.3506723163842
5417,0.0,49.164,14.5192608286252,0.0,49.164,15.3506723163842
5418,0.0,49.164,14.5192608286252,0.0,49.164,15.3506723163842
5419,0.0,50.056,21.7983573388203,0.0,50.056,22.5832983539095
5420,0.0,50.056,21.7983573388203,0.0,50.056,22.5832983539095
5421,0.0,50.056,21.7983573388203,0.0,50.056,22.5832983539095
5422,0.0,50.056,21.7983573388203,0.0,50.056,22.5832983539095
5423,0.0,50.056,21.7983573388203,0.0,50.056,22.5832983539095
5424,0.0,50.056,21.7983573388203,0.0,50.056,22.5832983539095
5425,0.0,50.056,21.7983573388203,0.0,50.056,22.5832983539095
5426,0.0,50.056,21.7983573388203,0.0,50.056,22.5832983539095
5427,0.0,53.631,24.4766076817558,0.0,53.631,25.9348710562414
5428,0.0,53.631,24.4766076817558,0.0,53.631,25.9348710562414
5429,0.0,53.631,24.4766076817558,0.0,53.631,25.9348710562414
5430,0.0,50.015,24.7121247563353,0.0,50.015,26.7001481481481
5431,0.0,46.88,21.8782037037037,0.0,46.88,24.2043148148148
5432,0.0,49.931,22.1383594771242,0.0,49.931,24.1336470588235
5433,0.0,49.931,22.1383594771242,0.0,49.931,24.1336470588235
5434,0.0,49.931,22.1383594771242,0.0,49.931,24.1336470588235
5435,0.0,49.778,13.7596056241427,0.0,49.778,15.116280521262
5436,0.0,49.778,13.7596056241427,0.0,49.778,15.116280521262
5437,0.0,49.778,13.7596056241427,0.0,49.778,15.116280521262
5438,0.0,49.778,13.7596056241427,0.0,49.778,15.116280521262
5439,0.0,49.778,13.7596056241427,0.0,49.778,15.116280521262
5440,0.0,49.164,14.5192608286252,0.0,49.164,15.3506723163842
5441,0.0,49.164,14.5192608286252,0.0,49.164,15.3506723163842
5442,0.0,49.164,14.5192608286252,0.0,49.164,15.3506723163842
5443,0.0,49.164,14.5192608286252,0.0,49.164,15.3506723163842
5444,0.0,49.164,14.5192608286252,0.0,49.164,15.3506723163842
5445,0.0,49.164,14.5192608286252,0.0,49.164,15.3506723163842
5446,0.0,50.056,21.7983573388203,0.0,50.056,22.5832983539095
5447,0.0,50.056,21.7983573388203,0.0,50.056,22.5832983539095
5448,0.0,50.056,21.7983573388203,0.0,50.056,22.5832983539095
5449,0.0,50.056,21.7983573388203,0.0,50.056,22.5832983539095
5450,0.0,50.056,21.7983573388203,0.0,50.056,22.5832983539095
5451,0.0,50.056,21.7983573388203,0.0,50.056,22.5832983539095
5452,0.0,50.056,21.7983573388203,0.0,50.056,22.5832983539095
5453,0.0,50.056,21.7983573388203,0.0,50.056,22.5832983539095
5454,0.0,53.631,24.4766076817558,0.0,53.631,25.9348710562414
5455,0.0,53.631,24.4766076817558,0.0,53.631,25.9348710562414
5456,0.0,53.631,24.4766076817558,0.0,53.631,25.9348710562414
5457,0.0,53.631,24.4766076817558,0.0,53.631,25.9348710562414
5458,0.0,53.631,24.4766076817558,0.0,53.631,25.9348710562414
5459,0.0,49.931,22.1383594771242,0.0,49.931,24.1336470588235
5460,0.0,49.931,22.1383594771242,0.0,49.931,24.1336470588235
5461,0.0,49.931,22.1383594771242,0.0,49.931,24.1336470588235
5462,0.0,48.241,16.7367153439153,0.0,48.241,18.2485804232804
5463,0.0,48.241,16.7367153439153,0.0,48.241,18.2485804232804
5464,0.0,49.778,13.7596056241427,0.0,49.778,15.116280521262
5465,0.0,49.778,13.7596056241427,0.0,49.778,15.116280521262
5466,0.0,49.778,13.7596056241427,0.0,49.778,15.116280521262
5467,0.0,49.778,13.7596056241427,0.0,49.778,15.116280521262
5468,0.0,49.164,14.5192608286252,0.0,49.164,15.3506723163842
5469,0.0,49.164,14.5192608286252,0.0,49.164,15.3506723163842
5470,0.0,49.164,14.5192608286252,0.0,49.164,15.3506723163842
5471,0.0,49.164,14.5192608286252,0.0,49.164,15.3506723163842
5472,0.0,49.164,14.5192608286252,0.0,49.164,15.3506723163842
5473,0.0,44.607,14.0869679849341,0.0,44.607,15.0151299435028
5474,0.0,50.056,21.7983573388203,0.0,50.056,22.5832983539095
5475,0.0,50.056,21.7983573388203,0.0,50.056,22.5832983539095
5476,0.0,50.056,21.7983573388203,0.0,50.056,22.5832983539095
5477,0.0,50.056,21.7983573388203,0.0,50.056,22.5832983539095
5478,0.0,50.056,21.7983573388203,0.0,50.056,22.5832983539095
5479,0.0,50.056,21.7983573388203,0.0,50.056,22.5832983539095
5480,0.0,50.056,21.7983573388203,0.0,50.056,22.5832983539095
5481,0.0,50.056,21.7983573388203,0.0,50.056,22.5832983539095
5482,0.0,50.056,21.7983573388203,0.0,50.056,22.5832983539095
5483,0.0,52.484,19.2235316951567,0.0,52.484,20.0655509259259
5484,0.0,53.631,24.4766076817558,0.0,53.631,25.9348710562414
5485,0.0,53.631,24.4766076817558,0.0,53.631,25.9348710562414
5486,0.0,53.631,24.4766076817558,0.0,53.631,25.9348710562414
5487,0.0,53.631,24.4766076817558,0.0,53.631,25.9348710562414
5488,0.0,53.631,24.4766076817558,0.0,53.631,25.9348710562414
5489,0.0,50.244,15.5003477095517,0.0,50.244,17.058815545809
5490,0.0,49.931,22.1383594771242,0.0,49.931,24.1336470588235
5491,0.0,48.241,16.7367153439153,0.0,48.241,18.2485804232804
5492,0.0,48.241,16.7367153439153,0.0,48.241,18.2485804232804
5493,0.0,48.241,16.7367153439153,0.0,48.241,18.2485804232804
5494,0.0,48.241,16.7367153439153,0.0,48.241,18.2485804232804
5495,0.0,49.778,13.7596056241427,0.0,49.778,15.116280521262
5496,0.0,49.778,13.7596056241427,0.0,49.778,15.116280521262
5497,0.0,49.778,13.7596056241427,0.0,49.778,15.116280521262
5498,0.0,49.778,13.7596056241427,0.0,49.778,15.116280521262
5499,0.0,49.164,14.5192608286252,0.0,49.164,15.3506723163842
5500,0.0,49.164,14.5192608286252,0.0,49.164,15.3506723163842
5501,0.0,49.164,14.5192608286252,0.0,49.164,15.3506723163842
5502,0.0,44.607,14.0869679849341,0.0,44.607,15.0151299435028
5503,0.0,44.607,14.0869679849341,0.0,44.607,15.0151299435028
5504,0.0,44.607,14.0869679849341,0.0,44.607,15.0151299435028
5505,0.0,44.607,14.0869679849341,0.0,44.607,15.0151299435028
5506,0.0,50.056,21.7983573388203,0.0,50.056,22.5832983539095
5507,0.0,50.056,21.7983573388203,0.0,50.056,22.5832983539095
5508,0.0,50.056,21.7983573388203,0.0,50.056,22.5832983539095
5509,0.0,50.056,21.7983573388203,0.0,50.056,22.5832983539095
5510,0.0,50.056,21.7983573388203,0.0,50.056,22.5832983539095
5511,0.0,50.056,21.7983573388203,0.0,50.056,22.5832983539095
5512,0.0,50.056,21.7983573388203,0.0,50.056,22.5832983539095
5513,0.0,52.484,19.2235316951567,0.0,52.484,20.0655509259259
5514,0.0,53.631,24.4766076817558,0.0,53.631,25.9348710562414
5515,0.0,52.484,19.2235316951567,0.0,52.484,20.0655509259259
5516,0.0,50.244,15.5003477095517,0.0,50.244,17.058815545809
5517,0.0,50.244,15.5003477095517,0.0,50.244,17.058815545809
5518,0.0,53.631,24.4766076817558,0.0,53.631,25.9348710562414
5519,0.0,50.244,15.5003477095517,0.0,50.244,17.058815545809
5520,0.0,50.244,15.5003477095517,0.0,50.244,17.058815545809
5521,0.0,50.244,15.5003477095517,0.0,50.244,17.058815545809
5522,0.0,48.241,16.7367153439153,0.0,48.241,18.2485804232804
5523,0.0,48.241,16.7367153439153,0.0,48.241,18.2485804232804
5524,0.0,48.241,16.7367153439153,0.0,48.241,18.2485804232804
5525,0.0,48.241,16.7367153439153,0.0,48.241,18.2485804232804
5526,0.0,49.778,13.7596056241427,0.0,49.778,15.116280521262
5527,0.0,49.778,13.7596056241427,0.0,49.778,15.116280521262
5528,0.0,49.778,13.7596056241427,0.0,49.778,15.116280521262
5529,0.0,49.778,13.7596056241427,0.0,49.778,15.116280521262
5530,0.0,44.607,14.0869679849341,0.0,44.607,15.0151299435028
5531,0.0,44.607,14.0869679849341,0.0,44.607,15.0151299435028
5532,0.0,44.607,14.0869679849341,0.0,44.607,15.0151299435028
5533,0.0,44.607,14.0869679849341,0.0,44.607,15.0151299435028
5534,0.0,44.607,14.0869679849341,0.0,44.607,15.0151299435028
5535,0.0,44.607,14.0869679849341,0.0,44.607,15.0151299435028
5536,0.0,50.056,21.7983573388203,0.0,50.056,22.5832983539095
5537,0.0,44.607,14.0869679849341,0.0,44.607,15.0151299435028
5538,0.0,50.056,21.7983573388203,0.0,50.056,22.5832983539095
5539,0.0,50.056,21.7983573388203,0.0,50.056,22.5832983539095
5540,0.0,50.056,21.7983573388203,0.0,50.056,22.5832983539095
5541,0.0,50.056,21.7983573388203,0.0,50.056,22.5832983539095
5542,0.0,50.056,21.7983573388203,0.0,50.056,22.5832983539095
5543,0.0,50.056,21.7983573388203,0.0,50.056,22.5832983539095
5544,0.0,52.382,27.0673888888889,0.0,52.382,28.4326111111111
5545,0.0,52.836,27.5270555555556,0.0,52.836,28.5277222222222
5546,0.0,52.484,19.2235316951567,0.0,52.484,20.0655509259259
5547,0.0,52.484,19.2235316951567,0.0,52.484,20.0655509259259
5548,0.0,52.484,19.2235316951567,0.0,52.484,20.0655509259259
5549,0.0,50.244,15.5003477095517,0.0,50.244,17.058815545809
5550,0.0,50.244,15.5003477095517,0.0,50.244,17.058815545809
5551,0.0,50.244,15.5003477095517,0.0,50.244,17.058815545809
5552,0.0,50.244,15.5003477095517,0.0,50.244,17.058815545809
5553,0.0,50.244,15.5003477095517,0.0,50.244,17.058815545809
5554,0.0,50.244,15.5003477095517,0.0,50.244,17.058815545809
5555,0.0,48.241,16.7367153439153,0.0,48.241,18.2485804232804
5556,0.0,48.241,16.7367153439153,0.0,48.241,18.2485804232804
5557,0.0,48.241,16.7367153439153,0.0,48.241,18.2485804232804
5558,0.0,48.241,16.7367153439153,0.0,48.241,18.2485804232804
5559,0.0,49.778,13.7596056241427,0.0,49.778,15.116280521262
5560,0.0,48.241,16.7367153439153,0.0,48.241,18.2485804232804
5561,0.0,48.241,16.7367153439153,0.0,48.241,18.2485804232804
5562,0.0,49.778,13.7596056241427,0.0,49.778,15.116280521262
5563,0.0,44.607,14.0869679849341,0.0,44.607,15.0151299435028
5564,0.0,44.607,14.0869679849341,0.0,44.607,15.0151299435028
5565,0.0,44.607,14.0869679849341,0.0,44.607,15.0151299435028
5566,0.0,44.607,14.0869679849341,0.0,44.607,15.0151299435028
5567,0.0,44.607,14.0869679849341,0.0,44.607,15.0151299435028
5568,0.0,44.607,14.0869679849341,0.0,44.607,15.0151299435028
5569,0.0,44.607,14.0869679849341,0.0,44.607,15.0151299435028
5570,0.0,44.607,14.0869679849341,0.0,44.607,15.0151299435028
5571,0.0,50.056,21.7983573388203,0.0,50.056,22.5832983539095
5572,0.0,50.056,21.7983573388203,0.0,50.056,22.5832983539095
5573,0.0,50.056,21.7983573388203,0.0,50.056,22.5832983539095
5574,0.0,50.056,21.7983573388203,0.0,50.056,22.5832983539095
5575,0.0,50.056,21.7983573388203,0.0,50.056,22.5832983539095
5576,0.0,50.056,21.7983573388203,0.0,50.056,22.5832983539095
5577,0.0,52.382,17.6368821548822,0.0,52.382,18.0968846801347
5578,0.0,51.869,25.576962962963,0.0,51.869,27.0484074074074
5579,0.0,50.479,24.4816944444444,0.0,50.479,25.1829166666667
5580,0.0,52.484,19.2235316951567,0.0,52.484,20.0655509259259
5581,0.0,52.484,19.2235316951567,0.0,52.484,20.0655509259259
5582,0.0,52.484,19.2235316951567,0.0,52.484,20.0655509259259
5583,0.0,50.244,15.5003477095517,0.0,50.244,17.058815545809
5584,0.0,50.244,15.5003477095517,0.0,50.244,17.058815545809
5585,0.0,50.244,15.5003477095517,0.0,50.244,17.058815545809
5586,0.0,50.244,15.5003477095517,0.0,50.244,17.058815545809
5587,0.0,50.244,15.5003477095517,0.0,50.244,17.058815545809
5588,0.0,50.244,15.5003477095517,0.0,50.244,17.058815545809
5589,0.0,50.244,15.5003477095517,0.0,50.244,17.058815545809
5590,0.0,48.241,16.7367153439153,0.0,48.241,18.2485804232804
5591,0.0,48.241,16.7367153439153,0.0,48.241,18.2485804232804
5592,0.0,48.241,16.7367153439153,0.0,48.241,18.2485804232804
5593,0.0,48.241,16.7367153439153,0.0,48.241,18.2485804232804
5594,0.0,48.241,16.7367153439153,0.0,48.241,18.2485804232804
5595,0.0,50.244,15.5003477095517,0.0,50.244,17.058815545809
5596,0.0,44.607,14.0869679849341,0.0,44.607,15.0151299435028
5597,0.0,44.607,14.0869679849341,0.0,44.607,15.0151299435028
5598,0.0,44.607,14.0869679849341,0.0,44.607,15.0151299435028
5599,0.0,44.607,14.0869679849341,0.0,44.607,15.0151299435028
5600,0.0,44.607,14.0869679849341,0.0,44.607,15.0151299435028
5601,0.0,44.607,14.0869679849341,0.0,44.607,15.0151299435028
5602,0.0,44.607,14.0869679849341,0.0,44.607,15.0151299435028
5603,0.0,44.607,14.0869679849341,0.0,44.607,15.0151299435028
5604,0.0,44.607,14.0869679849341,0.0,44.607,15.0151299435028
5605,0.0,50.576,24.4118469135802,0.0,50.576,24.8069209876543
5606,0.0,50.056,21.7983573388203,0.0,50.056,22.5832983539095
5607,0.0,50.056,21.7983573388203,0.0,50.056,22.5832983539095
5608,0.0,49.268,22.5802182539683,0.0,49.268,23.2940436507937
5609,0.0,49.268,22.5802182539683,0.0,49.268,23.2940436507937
5610,0.0,49.268,22.5802182539683,0.0,49.268,23.2940436507937
5611,0.0,53.263,19.7719222222222,0.0,53.263,20.4399074074074
5612,0.0,53.263,19.7719222222222,0.0,53.263,20.4399074074074
5613,0.0,52.382,17.6368821548822,0.0,52.382,18.0968846801347
5614,0.0,52.382,17.6368821548822,0.0,52.382,18.0968846801347
5615,0.0,52.382,17.6368821548822,0.0,52.382,18.0968846801347
5616,0.0,52.382,17.6368821548822,0.0,52.382,18.0968846801347
5617,0.0,52.382,17.6368821548822,0.0,52.382,18.0968846801347
5618,0.0,52.484,19.2235316951567,0.0,52.484,20.0655509259259
5619,0.0,52.484,19.2235316951567,0.0,52.484,20.0655509259259
5620,0.0,52.484,19.2235316951567,0.0,52.484,20.0655509259259
5621,0.0,52.484,19.2235316951567,0.0,52.484,20.0655509259259
5622,0.0,52.484,19.2235316951567,0.0,52.484,20.0655509259259
5623,0.0,50.244,15.5003477095517,0.0,50.244,17.058815545809
5624,0.0,50.244,15.5003477095517,0.0,50.244,17.058815545809
5625,0.0,50.244,15.5003477095517,0.0,50.244,17.058815545809
5626,0.0,50.244,15.5003477095517,0.0,50.244,17.058815545809
5627,0.0,50.244,15.5003477095517,0.0,50.244,17.058815545809
5628,0.0,50.244,15.5003477095517,0.0,50.244,17.058815545809
5629,0.0,48.241,16.7367153439153,0.0,48.241,18.2485804232804
5630,0.0,48.241,16.7367153439153,0.0,48.241,18.2485804232804
5631,0.0,48.241,16.7367153439153,0.0,48.241,18.2485804232804
5632,0.0,50.244,15.5003477095517,0.0,50.244,17.058815545809
5633,0.0,50.244,15.5003477095517,0.0,50.244,17.058815545809
5634,0.0,50.244,15.5003477095517,0.0,50.244,17.058815545809
5635,0.0,50.244,15.5003477095517,0.0,50.244,17.058815545809
5636,0.0,44.607,14.0869679849341,0.0,44.607,15.0151299435028
5637,0.0,44.607,14.0869679849341,0.0,44.607,15.0151299435028
5638,0.0,44.607,14.0869679849341,0.0,44.607,15.0151299435028
5639,0.0,44.607,14.0869679849341,0.0,44.607,15.0151299435028
5640,0.0,44.607,14.0869679849341,0.0,44.607,15.0151299435028
5641,0.0,44.607,14.0869679849341,0.0,44.607,15.0151299435028
5642,0.0,44.607,14.0869679849341,0.0,44.607,15.0151299435028
5643,0.0,44.607,14.0869679849341,0.0,44.607,15.0151299435028
5644,0.0,50.576,24.4118469135802,0.0,50.576,24.8069209876543
5645,0.0,50.576,24.4118469135802,0.0,50.576,24.8069209876543
5646,0.0,49.268,22.5802182539683,0.0,49.268,23.2940436507937
5647,0.0,49.268,22.5802182539683,0.0,49.268,23.2940436507937
5648,0.0,49.268,22.5802182539683,0.0,49.268,23.2940436507937
5649,0.0,49.268,22.5802182539683,0.0,49.268,23.2940436507937
5650,0.0,46.631,15.7214795821462,0.0,46.631,16.489126305793
5651,0.0,53.263,19.7719222222222,0.0,53.263,20.4399074074074
5652,0.0,53.263,19.7719222222222,0.0,53.263,20.4399074074074
5653,0.0,53.263,19.7719222222222,0.0,53.263,20.4399074074074
5654,0.0,53.263,19.7719222222222,0.0,53.263,20.4399074074074
5655,0.0,53.263,19.7719222222222,0.0,53.263,20.4399074074074
5656,0.0,53.263,19.7719222222222,0.0,53.263,20.4399074074074
5657,0.0,52.382,17.6368821548822,0.0,52.382,18.0968846801347
5658,0.0,52.382,17.6368821548822,0.0,52.382,18.0968846801347
5659,0.0,52.382,17.6368821548822,0.0,52.382,18.0968846801347
5660,0.0,52.382,17.6368821548822,0.0,52.382,18.0968846801347
5661,0.0,52.484,19.2235316951567,0.0,52.484,20.0655509259259
5662,0.0,52.484,19.2235316951567,0.0,52.484,20.0655509259259
5663,0.0,52.484,19.2235316951567,0.0,52.484,20.0655509259259
5664,0.0,52.484,19.2235316951567,0.0,52.484,20.0655509259259
5665,0.0,52.484,19.2235316951567,0.0,52.484,20.0655509259259
5666,0.0,52.484,19.2235316951567,0.0,52.484,20.0655509259259
5667,0.0,50.244,15.5003477095517,0.0,50.244,17.058815545809
5668,0.0,50.244,15.5003477095517,0.0,50.244,17.058815545809
5669,0.0,50.244,15.5003477095517,0.0,50.244,17.058815545809
5670,0.0,50.244,15.5003477095517,0.0,50.244,17.058815545809
5671,0.0,50.244,15.5003477095517,0.0,50.244,17.058815545809
5672,0.0,50.244,15.5003477095517,0.0,50.244,17.058815545809
5673,0.0,50.244,15.5003477095517,0.0,50.244,17.058815545809
5674,0.0,50.244,15.5003477095517,0.0,50.244,17.058815545809
5675,0.0,50.244,15.5003477095517,0.0,50.244,17.058815545809
5676,0.0,50.244,15.5003477095517,0.0,50.244,17.058815545809
5677,0.0,50.244,15.5003477095517,0.0,50.244,17.058815545809
5678,0.0,44.607,14.0869679849341,0.0,44.607,15.0151299435028
5679,0.0,44.607,14.0869679849341,0.0,44.607,15.0151299435028
5680,0.0,44.27,9.62096011396011,0.0,44.27,10.5755861823362
5681,0.0,44.607,14.0869679849341,0.0,44.607,15.0151299435028
5682,0.0,44.607,14.0869679849341,0.0,44.607,15.0151299435028
5683,0.0,44.607,14.0869679849341,0.0,44.607,15.0151299435028
5684,0.0,50.576,24.4118469135802,0.0,50.576,24.8069209876543
5685,0.0,50.576,24.4118469135802,0.0,50.576,24.8069209876543
5686,0.0,50.576,24.4118469135802,0.0,50.576,24.8069209876543
5687,0.0,50.576,24.4118469135802,0.0,50.576,24.8069209876543
5688,0.0,50.576,24.4118469135802,0.0,50.576,24.8069209876543
5689,0.0,49.268,22.5802182539683,0.0,49.268,23.2940436507937
5690,0.0,49.268,22.5802182539683,0.0,49.268,23.2940436507937
5691,0.0,49.268,22.5802182539683,0.0,49.268,23.2940436507937
5692,0.0,46.631,15.7214795821462,0.0,46.631,16.489126305793
5693,0.0,53.263,19.7719222222222,0.0,53.263,20.4399074074074
5694,0.0,53.263,19.7719222222222,0.0,53.263,20.4399074074074
5695,0.0,53.263,19.7719222222222,0.0,53.263,20.4399074074074
5696,0.0,53.263,19.7719222222222,0.0,53.263,20.4399074074074
5697,0.0,53.263,19.7719222222222,0.0,53.263,20.4399074074074
5698,0.0,53.263,19.7719222222222,0.0,53.263,20.4399074074074
5699,0.0,52.382,17.6368821548822,0.0,52.382,18.0968846801347
5700,0.0,52.382,17.6368821548822,0.0,52.382,18.0968846801347
5701,0.0,52.382,17.6368821548822,0.0,52.382,18.0968846801347
5702,0.0,52.382,17.6368821548822,0.0,52.382,18.0968846801347
5703,0.0,52.382,17.6368821548822,0.0,52.382,18.0968846801347
5704,0.0,52.484,19.2235316951567,0.0,52.484,20.0655509259259
5705,0.0,52.484,19.2235316951567,0.0,52.484,20.0655509259259
5706,0.0,52.484,19.2235316951567,0.0,52.484,20.0655509259259
5707,0.0,52.484,19.2235316951567,0.0,52.484,20.0655509259259
5708,0.0,52.484,19.2235316951567,0.0,52.484,20.0655509259259
5709,0.0,50.244,15.5003477095517,0.0,50.244,17.058815545809
5710,0.0,50.244,15.5003477095517,0.0,50.244,17.058815545809
5711,0.0,50.244,15.5003477095517,0.0,50.244,17.058815545809
5712,0.0,50.244,15.5003477095517,0.0,50.244,17.058815545809
5713,0.0,50.244,15.5003477095517,0.0,50.244,17.058815545809
5714,0.0,50.244,15.5003477095517,0.0,50.244,17.058815545809
5715,0.0,50.244,15.5003477095517,0.0,50.244,17.058815545809
5716,0.0,50.244,15.5003477095517,0.0,50.244,17.058815545809
5717,0.0,50.244,15.5003477095517,0.0,50.244,17.058815545809
5718,0.0,50.244,15.5003477095517,0.0,50.244,17.058815545809
5719,0.0,50.244,15.5003477095517,0.0,50.244,17.058815545809
5720,0.0,44.607,14.0869679849341,0.0,44.607,15.0151299435028
5721,0.0,44.27,9.62096011396011,0.0,44.27,10.5755861823362
5722,0.0,44.27,9.62096011396011,0.0,44.27,10.5755861823362
5723,0.0,44.607,14.0869679849341,0.0,44.607,15.0151299435028
5724,0.0,44.607,14.0869679849341,0.0,44.607,15.0151299435028
5725,0.0,47.381,20.3740687830688,0.0,47.381,20.8808148148148
5726,0.0,47.381,20.3740687830688,0.0,47.381,20.8808148148148
5727,0.0,47.381,20.3740687830688,0.0,47.381,20.8808148148148
5728,0.0,47.381,20.3740687830688,0.0,47.381,20.8808148148148
5729,0.0,50.576,24.4118469135802,0.0,50.576,24.8069209876543
5730,0.0,50.605,28.7256851851852,0.0,50.605,28.7952407407407
5731,0.0,42.665,22.9725185185185,0.0,42.665,24.1732962962963
5732,0.0,49.054,28.1108518518519,0.0,49.054,28.2062962962963
5733,0.0,49.268,22.5802182539683,0.0,49.268,23.2940436507937
5734,0.0,49.268,22.5802182539683,0.0,49.268,23.2940436507937
5735,0.0,46.631,15.7214795821462,0.0,46.631,16.489126305793
5736,0.0,46.631,15.7214795821462,0.0,46.631,16.489126305793
5737,0.0,46.631,15.7214795821462,0.0,46.631,16.489126305793
5738,0.0,46.631,15.7214795821462,0.0,46.631,16.489126305793
5739,0.0,46.631,15.7214795821462,0.0,46.631,16.489126305793
5740,0.0,53.263,19.7719222222222,0.0,53.263,20.4399074074074
5741,0.0,53.263,19.7719222222222,0.0,53.263,20.4399074074074
5742,0.0,53.263,19.7719222222222,0.0,53.263,20.4399074074074
5743,0.0,53.263,19.7719222222222,0.0,53.263,20.4399074074074
5744,0.0,53.263,19.7719222222222,0.0,53.263,20.4399074074074
5745,0.0,53.263,19.7719222222222,0.0,53.263,20.4399074074074
5746,0.0,52.382,17.6368821548822,0.0,52.382,18.0968846801347
5747,0.0,52.382,17.6368821548822,0.0,52.382,18.0968846801347
5748,0.0,52.382,17.6368821548822,0.0,52.382,18.0968846801347
5749,0.0,52.484,19.2235316951567,0.0,52.484,20.0655509259259
5750,0.0,52.484,19.2235316951567,0.0,52.484,20.0655509259259
5751,0.0,52.484,19.2235316951567,0.0,52.484,20.0655509259259
5752,0.0,52.484,19.2235316951567,0.0,52.484,20.0655509259259
5753,0.0,52.484,19.2235316951567,0.0,52.484,20.0655509259259
5754,0.0,50.244,15.5003477095517,0.0,50.244,17.058815545809
5755,0.0,50.244,15.5003477095517,0.0,50.244,17.058815545809
5756,0.0,50.244,15.5003477095517,0.0,50.244,17.058815545809
5757,0.0,39.252,7.29847860791826,0.0,39.252,8.75512037037037
5758,0.0,50.244,15.5003477095517,0.0,50.244,17.058815545809
5759,0.0,39.252,7.29847860791826,0.0,39.252,8.75512037037037
5760,0.0,50.244,15.5003477095517,0.0,50.244,17.058815545809
5761,0.0,50.244,15.5003477095517,0.0,50.244,17.058815545809
5762,0.0,50.244,15.5003477095517,0.0,50.244,17.058815545809
5763,0.0,50.244,15.5003477095517,0.0,50.244,17.058815545809
5764,0.0,50.244,15.5003477095517,0.0,50.244,17.058815545809
5765,0.0,44.27,9.62096011396011,0.0,44.27,10.5755861823362
5766,0.0,44.27,9.62096011396011,0.0,44.27,10.5755861823362
5767,0.0,44.27,9.62096011396011,0.0,44.27,10.5755861823362
5768,0.0,44.27,9.62096011396011,0.0,44.27,10.5755861823362
5769,0.0,47.381,20.3740687830688,0.0,47.381,20.8808148148148
5770,0.0,47.381,20.3740687830688,0.0,47.381,20.8808148148148
5771,0.0,47.381,20.3740687830688,0.0,47.381,20.8808148148148
5772,0.0,47.381,20.3740687830688,0.0,47.381,20.8808148148148
5773,0.0,50.333,20.4259827586207,0.0,50.333,20.5744770114943
5774,0.0,47.381,20.3740687830688,0.0,47.381,20.8808148148148
5775,0.0,50.647,28.6596481481481,0.0,50.647,28.7213148148148
5776,0.0,50.745,28.761462962963,0.0,50.745,28.8287962962963
5777,0.0,50.745,28.761462962963,0.0,50.745,28.8287962962963
5778,0.0,46.677,26.0789259259259,0.0,46.677,26.2211481481481
5779,0.0,47.405,15.7576701388889,0.0,47.405,16.4186354166667
5780,0.0,46.631,15.7214795821462,0.0,46.631,16.489126305793
5781,0.0,46.631,15.7214795821462,0.0,46.631,16.489126305793
5782,0.0,46.631,15.7214795821462,0.0,46.631,16.489126305793
5783,0.0,46.631,15.7214795821462,0.0,46.631,16.489126305793
5784,0.0,46.631,15.7214795821462,0.0,46.631,16.489126305793
5785,0.0,46.631,15.7214795821462,0.0,46.631,16.489126305793
5786,0.0,53.263,19.7719222222222,0.0,53.263,20.4399074074074
5787,0.0,53.263,19.7719222222222,0.0,53.263,20.4399074074074
5788,0.0,53.263,19.7719222222222,0.0,53.263,20.4399074074074
5789,0.0,53.263,19.7719222222222,0.0,53.263,20.4399074074074
5790,0.0,52.382,17.6368821548822,0.0,52.382,18.0968846801347
5791,0.0,52.382,17.6368821548822,0.0,52.382,18.0968846801347
5792,0.0,52.382,17.6368821548822,0.0,52.382,18.0968846801347
5793,0.0,52.484,19.2235316951567,0.0,52.484,20.0655509259259
5794,0.0,52.484,19.2235316951567,0.0,52.484,20.0655509259259
5795,0.0,47.938,9.56702956167176,0.0,47.938,10.3398272171254
5796,0.0,52.484,19.2235316951567,0.0,52.484,20.0655509259259
5797,0.0,52.484,19.2235316951567,0.0,52.484,20.0655509259259
5798,0.0,39.252,7.29847860791826,0.0,39.252,8.75512037037037
5799,0.0,39.252,7.29847860791826,0.0,39.252,8.75512037037037
5800,0.0,39.252,7.29847860791826,0.0,39.252,8.75512037037037
5801,0.0,39.252,7.29847860791826,0.0,39.252,8.75512037037037
5802,0.0,39.252,7.29847860791826,0.0,39.252,8.75512037037037
5803,0.0,39.252,7.29847860791826,0.0,39.252,8.75512037037037
5804,0.0,39.252,7.29847860791826,0.0,39.252,8.75512037037037
5805,0.0,39.252,7.29847860791826,0.0,39.252,8.75512037037037
5806,0.0,39.252,7.29847860791826,0.0,39.252,8.75512037037037
5807,0.0,39.252,7.29847860791826,0.0,39.252,8.75512037037037
5808,0.0,39.252,7.29847860791826,0.0,39.252,8.75512037037037
5809,0.0,44.27,9.62096011396011,0.0,44.27,10.5755861823362
5810,0.0,44.27,9.62096011396011,0.0,44.27,10.5755861823362
5811,0.0,44.27,9.62096011396011,0.0,44.27,10.5755861823362
5812,0.0,44.27,9.62096011396011,0.0,44.27,10.5755861823362
5813,0.0,44.27,9.62096011396011,0.0,44.27,10.5755861823362
5814,0.0,47.381,20.3740687830688,0.0,47.381,20.8808148148148
5815,0.0,50.333,20.4259827586207,0.0,50.333,20.5744770114943
5816,0.0,50.333,20.4259827586207,0.0,50.333,20.5744770114943
5817,0.0,50.333,20.4259827586207,0.0,50.333,20.5744770114943
5818,0.0,47.381,20.3740687830688,0.0,47.381,20.8808148148148
5819,0.0,50.333,20.4259827586207,0.0,50.333,20.5744770114943
5820,0.0,50.788,28.2778148148148,0.0,50.788,28.3549814814815
5821,0.0,50.816,27.940037037037,0.0,50.816,27.940037037037
5822,0.0,52.171,15.9254835390946,0.0,52.171,16.5714156378601
5823,0.0,50.775,16.2503580246914,0.0,50.775,17.009987654321
5824,0.0,50.283,17.1305925925926,0.0,50.283,17.897537037037
5825,0.0,44.356,15.8896666666667,0.0,44.356,16.6052222222222
5826,0.0,47.405,15.7576701388889,0.0,47.405,16.4186354166667
5827,0.0,47.405,15.7576701388889,0.0,47.405,16.4186354166667
5828,0.0,47.405,15.7576701388889,0.0,47.405,16.4186354166667
5829,0.0,46.631,15.7214795821462,0.0,46.631,16.489126305793
5830,0.0,46.631,15.7214795821462,0.0,46.631,16.489126305793
5831,0.0,46.631,15.7214795821462,0.0,46.631,16.489126305793
5832,0.0,46.631,15.7214795821462,0.0,46.631,16.489126305793
5833,0.0,46.631,15.7214795821462,0.0,46.631,16.489126305793
5834,0.0,46.631,15.7214795821462,0.0,46.631,16.489126305793
5835,0.0,53.263,19.7719222222222,0.0,53.263,20.4399074074074
5836,0.0,53.263,19.7719222222222,0.0,53.263,20.4399074074074
5837,0.0,52.382,17.6368821548822,0.0,52.382,18.0968846801347
5838,0.0,52.382,17.6368821548822,0.0,52.382,18.0968846801347
5839,0.0,52.484,19.2235316951567,0.0,52.484,20.0655509259259
5840,0.0,52.484,19.2235316951567,0.0,52.484,20.0655509259259
5841,0.0,47.938,9.56702956167176,0.0,47.938,10.3398272171254
5842,0.0,47.938,9.56702956167176,0.0,47.938,10.3398272171254
5843,0.0,47.938,9.56702956167176,0.0,47.938,10.3398272171254
5844,0.0,52.484,19.2235316951567,0.0,52.484,20.0655509259259
5845,0.0,39.252,7.29847860791826,0.0,39.252,8.75512037037037
5846,0.0,39.252,7.29847860791826,0.0,39.252,8.75512037037037
5847,0.0,39.252,7.29847860791826,0.0,39.252,8.75512037037037
5848,0.0,47.938,9.56702956167176,0.0,47.938,10.3398272171254
5849,0.0,39.252,7.29847860791826,0.0,39.252,8.75512037037037
5850,0.0,39.252,7.29847860791826,0.0,39.252,8.75512037037037
5851,0.0,39.252,7.29847860791826,0.0,39.252,8.75512037037037
5852,0.0,39.252,7.29847860791826,0.0,39.252,8.75512037037037
5853,0.0,39.252,7.29847860791826,0.0,39.252,8.75512037037037
5854,0.0,39.252,7.29847860791826,0.0,39.252,8.75512037037037
5855,0.0,39.252,7.29847860791826,0.0,39.252,8.75512037037037
5856,0.0,39.252,7.29847860791826,0.0,39.252,8.75512037037037
5857,0.0,44.27,9.62096011396011,0.0,44.27,10.5755861823362
5858,0.0,44.27,9.62096011396011,0.0,44.27,10.5755861823362
5859,0.0,44.27,9.62096011396011,0.0,44.27,10.5755861823362
5860,0.0,44.27,9.62096011396011,0.0,44.27,10.5755861823362
5861,0.0,50.333,20.4259827586207,0.0,50.333,20.5744770114943
5862,0.0,50.333,20.4259827586207,0.0,50.333,20.5744770114943
5863,0.0,50.333,20.4259827586207,0.0,50.333,20.5744770114943
5864,0.0,50.333,20.4259827586207,0.0,50.333,20.5744770114943
5865,0.0,50.333,20.4259827586207,0.0,50.333,20.5744770114943
5866,0.0,50.333,20.4259827586207,0.0,50.333,20.5744770114943
5867,0.0,48.53,26.5458888888889,0.0,48.53,26.5458888888889
5868,0.0,50.816,27.940037037037,0.0,50.816,27.940037037037
5869,0.0,52.171,15.9254835390946,0.0,52.171,16.5714156378601
5870,0.0,52.171,15.9254835390946,0.0,52.171,16.5714156378601
5871,0.0,52.171,15.9254835390946,0.0,52.171,16.5714156378601
5872,0.0,52.171,15.9254835390946,0.0,52.171,16.5714156378601
5873,0.0,50.775,16.2503580246914,0.0,50.775,17.009987654321
5874,0.0,44.973,16.0158703703704,0.0,44.973,16.7568703703704
5875,0.0,47.405,15.7576701388889,0.0,47.405,16.4186354166667
5876,0.0,47.405,15.7576701388889,0.0,47.405,16.4186354166667
5877,0.0,47.405,15.7576701388889,0.0,47.405,16.4186354166667
5878,0.0,47.405,15.7576701388889,0.0,47.405,16.4186354166667
5879,0.0,46.631,15.7214795821462,0.0,46.631,16.489126305793
5880,0.0,46.631,15.7214795821462,0.0,46.631,16.489126305793
5881,0.0,46.631,15.7214795821462,0.0,46.631,16.489126305793
5882,0.0,46.631,15.7214795821462,0.0,46.631,16.489126305793
5883,0.0,46.631,15.7214795821462,0.0,46.631,16.489126305793
5884,0.0,53.263,19.7719222222222,0.0,53.263,20.4399074074074
5885,0.0,53.263,19.7719222222222,0.0,53.263,20.4399074074074
5886,0.0,52.382,17.6368821548822,0.0,52.382,18.0968846801347
5887,0.0,52.484,19.2235316951567,0.0,52.484,20.0655509259259
5888,0.0,52.484,19.2235316951567,0.0,52.484,20.0655509259259
5889,0.0,47.938,9.56702956167176,0.0,47.938,10.3398272171254
5890,0.0,47.938,9.56702956167176,0.0,47.938,10.3398272171254
5891,0.0,47.938,9.56702956167176,0.0,47.938,10.3398272171254
5892,0.0,47.938,9.56702956167176,0.0,47.938,10.3398272171254
5893,0.0,47.938,9.56702956167176,0.0,47.938,10.3398272171254
5894,0.0,47.938,9.56702956167176,0.0,47.938,10.3398272171254
5895,0.0,47.938,9.56702956167176,0.0,47.938,10.3398272171254
5896,0.0,47.938,9.56702956167176,0.0,47.938,10.3398272171254
5897,0.0,47.938,9.56702956167176,0.0,47.938,10.3398272171254
5898,0.0,47.938,9.56702956167176,0.0,47.938,10.3398272171254
5899,0.0,47.938,9.56702956167176,0.0,47.938,10.3398272171254
5900,0.0,47.938,9.56702956167176,0.0,47.938,10.3398272171254
5901,0.0,39.252,7.29847860791826,0.0,39.252,8.75512037037037
5902,0.0,39.252,7.29847860791826,0.0,39.252,8.75512037037037
5903,0.0,39.252,7.29847860791826,0.0,39.252,8.75512037037037
5904,0.0,39.252,7.29847860791826,0.0,39.252,8.75512037037037
5905,0.0,32.666,4.18545473251029,0.0,32.666,5.5625
5906,0.0,32.666,4.18545473251029,0.0,32.666,5.5625
5907,0.0,32.666,4.18545473251029,0.0,32.666,5.5625
5908,0.0,44.27,9.62096011396011,0.0,44.27,10.5755861823362
5909,0.0,44.27,9.62096011396011,0.0,44.27,10.5755861823362
5910,0.0,44.27,9.62096011396011,0.0,44.27,10.5755861823362
5911,0.0,50.333,20.4259827586207,0.0,50.333,20.5744770114943
5912,0.0,50.333,20.4259827586207,0.0,50.333,20.5744770114943
5913,0.0,50.333,20.4259827586207,0.0,50.333,20.5744770114943
5914,0.0,50.333,20.4259827586207,0.0,50.333,20.5744770114943
5915,0.0,50.333,20.4259827586207,0.0,50.333,20.5744770114943
5916,0.0,50.333,23.7178333333333,0.0,50.333,23.7178333333333
5917,0.0,52.224,12.183800154321,0.0,52.224,12.8086543209877
5918,0.0,52.224,12.183800154321,0.0,52.224,12.8086543209877
5919,0.0,52.224,12.183800154321,0.0,52.224,12.8086543209877
5920,0.0,52.171,15.9254835390946,0.0,52.171,16.5714156378601
5921,0.0,52.171,15.9254835390946,0.0,52.171,16.5714156378601
5922,0.0,52.171,15.9254835390946,0.0,52.171,16.5714156378601
5923,0.0,47.284,10.6236720679012,0.0,47.284,11.3221412037037
5924,0.0,47.284,10.6236720679012,0.0,47.284,11.3221412037037
5925,0.0,47.284,10.6236720679012,0.0,47.284,11.3221412037037
5926,0.0,47.405,15.7576701388889,0.0,47.405,16.4186354166667
5927,0.0,47.284,10.6236720679012,0.0,47.284,11.3221412037037
5928,0.0,47.405,15.7576701388889,0.0,47.405,16.4186354166667
5929,0.0,47.284,10.6236720679012,0.0,47.284,11.3221412037037
5930,0.0,47.284,10.6236720679012,0.0,47.284,11.3221412037037
5931,0.0,46.631,15.7214795821462,0.0,46.631,16.489126305793
5932,0.0,46.631,15.7214795821462,0.0,46.631,16.489126305793
5933,0.0,46.631,15.7214795821462,0.0,46.631,16.489126305793
5934,0.0,46.631,15.7214795821462,0.0,46.631,16.489126305793
5935,0.0,52.382,17.6368821548822,0.0,52.382,18.0968846801347
5936,0.0,52.382,17.6368821548822,0.0,52.382,18.0968846801347
5937,0.0,47.938,9.56702956167176,0.0,47.938,10.3398272171254
5938,0.0,47.938,9.56702956167176,0.0,47.938,10.3398272171254
5939,0.0,47.938,9.56702956167176,0.0,47.938,10.3398272171254
5940,0.0,47.938,9.56702956167176,0.0,47.938,10.3398272171254
5941,0.0,47.938,9.56702956167176,0.0,47.938,10.3398272171254
5942,0.0,47.938,9.56702956167176,0.0,47.938,10.3398272171254
5943,0.0,47.938,9.56702956167176,0.0,47.938,10.3398272171254
5944,0.0,47.938,9.56702956167176,0.0,47.938,10.3398272171254
5945,0.0,47.938,9.56702956167176,0.0,47.938,10.3398272171254
5946,0.0,47.938,9.56702956167176,0.0,47.938,10.3398272171254
5947,0.0,47.938,9.56702956167176,0.0,47.938,10.3398272171254
5948,0.0,47.938,9.56702956167176,0.0,47.938,10.3398272171254
5949,0.0,47.938,9.56702956167176,0.0,47.938,10.3398272171254
5950,0.0,47.938,9.56702956167176,0.0,47.938,10.3398272171254
5951,0.0,39.252,7.29847860791826,0.0,39.252,8.75512037037037
5952,0.0,39.252,7.29847860791826,0.0,39.252,8.75512037037037
5953,0.0,39.252,7.29847860791826,0.0,39.252,8.75512037037037
5954,0.0,39.252,7.29847860791826,0.0,39.252,8.75512037037037
5955,0.0,32.666,4.18545473251029,0.0,32.666,5.5625
5956,0.0,32.666,4.18545473251029,0.0,32.666,5.5625
5957,0.0,32.666,4.18545473251029,0.0,32.666,5.5625
5958,0.0,44.27,9.62096011396011,0.0,44.27,10.5755861823362
5959,0.0,43.321,6.26003929539295,0.0,43.321,7.07606233062331
5960,0.0,44.27,9.62096011396011,0.0,44.27,10.5755861823362
5961,0.0,43.321,6.26003929539295,0.0,43.321,7.07606233062331
5962,0.0,50.333,20.4259827586207,0.0,50.333,20.5744770114943
5963,0.0,50.333,20.4259827586207,0.0,50.333,20.5744770114943
5964,0.0,50.333,20.4259827586207,0.0,50.333,20.5744770114943
5965,0.0,51.251,16.1070113960114,0.0,51.251,16.4870199430199
5966,0.0,51.251,16.1070113960114,0.0,51.251,16.4870199430199
5967,0.0,50.35,23.154537037037,0.0,50.35,23.154537037037
5968,0.0,52.224,12.183800154321,0.0,52.224,12.8086543209877
5969,0.0,52.224,12.183800154321,0.0,52.224,12.8086543209877
5970,0.0,52.224,12.183800154321,0.0,52.224,12.8086543209877
5971,0.0,52.224,12.183800154321,0.0,52.224,12.8086543209877
5972,0.0,52.224,12.183800154321,0.0,52.224,12.8086543209877
5973,0.0,40.491,2.26755925925926,0.0,40.491,2.68991296296296
5974,0.0,47.284,10.6236720679012,0.0,47.284,11.3221412037037
5975,0.0,47.284,10.6236720679012,0.0,47.284,11.3221412037037
5976,0.0,47.284,10.6236720679012,0.0,47.284,11.3221412037037
5977,0.0,47.172,10.8660949074074,0.0,47.172,11.568587962963
5978,0.0,47.284,10.6236720679012,0.0,47.284,11.3221412037037
5979,0.0,49.51,12.6835268959436,0.0,49.51,13.3247372134039
5980,0.0,47.284,10.6236720679012,0.0,47.284,11.3221412037037
5981,0.0,47.284,10.6236720679012,0.0,47.284,11.3221412037037
5982,0.0,47.284,10.6236720679012,0.0,47.284,11.3221412037037
5983,0.0,49.51,12.6835268959436,0.0,49.51,13.3247372134039
5984,0.0,46.631,15.7214795821462,0.0,46.631,16.489126305793
5985,0.0,49.51,12.6835268959436,0.0,49.51,13.3247372134039
5986,0.0,52.382,17.6368821548822,0.0,52.382,18.0968846801347
5987,0.0,52.382,17.6368821548822,0.0,52.382,18.0968846801347
5988,0.0,52.382,17.6368821548822,0.0,52.382,18.0968846801347
5989,0.0,47.938,9.56702956167176,0.0,47.938,10.3398272171254
5990,0.0,47.938,9.56702956167176,0.0,47.938,10.3398272171254
5991,0.0,47.938,9.56702956167176,0.0,47.938,10.3398272171254
5992,0.0,47.938,9.56702956167176,0.0,47.938,10.3398272171254
5993,0.0,47.938,9.56702956167176,0.0,47.938,10.3398272171254
5994,0.0,47.938,9.56702956167176,0.0,47.938,10.3398272171254
5995,0.0,47.938,9.56702956167176,0.0,47.938,10.3398272171254
5996,0.0,47.938,9.56702956167176,0.0,47.938,10.3398272171254
5997,0.0,47.938,9.56702956167176,0.0,47.938,10.3398272171254
5998,0.0,47.938,9.56702956167176,0.0,47.938,10.3398272171254
5999,0.0,47.938,9.56702956167176,0.0,47.938,10.3398272171254
6000,0.0,47.938,9.56702956167176,0.0,47.938,10.3398272171254
6001,0.0,47.938,9.56702956167176,0.0,47.938,10.3398272171254
6002,0.0,47.938,9.56702956167176,0.0,47.938,10.3398272171254
6003,0.0,47.938,9.56702956167176,0.0,47.938,10.3398272171254
6004,0.0,47.938,9.56702956167176,0.0,47.938,10.3398272171254
6005,0.0,32.666,4.18545473251029,0.0,32.666,5.5625
6006,0.0,39.252,7.29847860791826,0.0,39.252,8.75512037037037
6007,0.0,32.666,4.18545473251029,0.0,32.666,5.5625
6008,0.0,32.666,4.18545473251029,0.0,32.666,5.5625
6009,0.0,32.666,4.18545473251029,0.0,32.666,5.5625
6010,0.0,44.27,9.62096011396011,0.0,44.27,10.5755861823362
6011,0.0,43.321,6.26003929539295,0.0,43.321,7.07606233062331
6012,0.0,43.321,6.26003929539295,0.0,43.321,7.07606233062331
6013,0.0,43.321,6.26003929539295,0.0,43.321,7.07606233062331
6014,0.0,50.333,20.4259827586207,0.0,50.333,20.5744770114943
6015,0.0,50.333,20.4259827586207,0.0,50.333,20.5744770114943
6016,0.0,51.251,16.1070113960114,0.0,51.251,16.4870199430199
6017,0.0,51.251,16.1070113960114,0.0,51.251,16.4870199430199
6018,0.0,51.251,16.1070113960114,0.0,51.251,16.4870199430199
6019,0.0,51.251,16.1070113960114,0.0,51.251,16.4870199430199
6020,0.0,52.224,12.183800154321,0.0,52.224,12.8086543209877
6021,0.0,52.224,12.183800154321,0.0,52.224,12.8086543209877
6022,0.0,52.224,12.183800154321,0.0,52.224,12.8086543209877
6023,0.0,52.224,12.183800154321,0.0,52.224,12.8086543209877
6024,0.0,52.224,12.183800154321,0.0,52.224,12.8086543209877
6025,0.0,40.491,2.26755925925926,0.0,40.491,2.68991296296296
6026,0.0,40.491,2.26755925925926,0.0,40.491,2.68991296296296
6027,0.0,40.491,2.26755925925926,0.0,40.491,2.68991296296296
6028,0.0,40.491,2.26755925925926,0.0,40.491,2.68991296296296
6029,0.0,47.172,10.8660949074074,0.0,47.172,11.568587962963
6030,0.0,47.172,10.8660949074074,0.0,47.172,11.568587962963
6031,0.0,49.51,12.6835268959436,0.0,49.51,13.3247372134039
6032,0.0,49.51,12.6835268959436,0.0,49.51,13.3247372134039
6033,0.0,49.51,12.6835268959436,0.0,49.51,13.3247372134039
6034,0.0,49.51,12.6835268959436,0.0,49.51,13.3247372134039
6035,0.0,49.51,12.6835268959436,0.0,49.51,13.3247372134039
6036,0.0,49.51,12.6835268959436,0.0,49.51,13.3247372134039
6037,0.0,49.51,12.6835268959436,0.0,49.51,13.3247372134039
6038,0.0,52.382,17.6368821548822,0.0,52.382,18.0968846801347
6039,0.0,52.382,17.6368821548822,0.0,52.382,18.0968846801347
6040,0.0,47.938,9.56702956167176,0.0,47.938,10.3398272171254
6041,0.0,47.938,9.56702956167176,0.0,47.938,10.3398272171254
6042,0.0,47.938,9.56702956167176,0.0,47.938,10.3398272171254
6043,0.0,47.938,9.56702956167176,0.0,47.938,10.3398272171254
6044,0.0,47.938,9.56702956167176,0.0,47.938,10.3398272171254
6045,0.0,47.938,9.56702956167176,0.0,47.938,10.3398272171254
6046,0.0,47.938,9.56702956167176,0.0,47.938,10.3398272171254
6047,0.0,47.938,9.56702956167176,0.0,47.938,10.3398272171254
6048,0.0,47.938,9.56702956167176,0.0,47.938,10.3398272171254
6049,0.0,47.938,9.56702956167176,0.0,47.938,10.3398272171254
6050,0.0,47.938,9.56702956167176,0.0,47.938,10.3398272171254
6051,0.0,47.938,9.56702956167176,0.0,47.938,10.3398272171254
6052,0.0,47.938,9.56702956167176,0.0,47.938,10.3398272171254
6053,0.0,47.938,9.56702956167176,0.0,47.938,10.3398272171254
6054,0.0,47.938,9.56702956167176,0.0,47.938,10.3398272171254
6055,0.0,47.938,9.56702956167176,0.0,47.938,10.3398272171254
6056,0.0,39.252,7.29847860791826,0.0,39.252,8.75512037037037
6057,0.0,39.252,7.29847860791826,0.0,39.252,8.75512037037037
6058,0.0,32.666,4.18545473251029,0.0,32.666,5.5625
6059,0.0,32.666,4.18545473251029,0.0,32.666,5.5625
6060,0.0,32.666,4.18545473251029,0.0,32.666,5.5625
6061,0.0,43.321,6.26003929539295,0.0,43.321,7.07606233062331
6062,0.0,43.321,6.26003929539295,0.0,43.321,7.07606233062331
6063,0.0,43.321,6.26003929539295,0.0,43.321,7.07606233062331
6064,0.0,43.321,6.26003929539295,0.0,43.321,7.07606233062331
6065,0.0,43.321,6.26003929539295,0.0,43.321,7.07606233062331
6066,0.0,43.321,6.26003929539295,0.0,43.321,7.07606233062331
6067,0.0,43.321,6.26003929539295,0.0,43.321,7.07606233062331
6068,0.0,51.251,16.1070113960114,0.0,51.251,16.4870199430199
6069,0.0,51.251,16.1070113960114,0.0,51.251,16.4870199430199
6070,0.0,51.251,16.1070113960114,0.0,51.251,16.4870199430199
6071,0.0,51.251,16.1070113960114,0.0,51.251,16.4870199430199
6072,0.0,51.251,16.1070113960114,0.0,51.251,16.4870199430199
6073,0.0,55.899,29.2438209876543,0.0,55.899,29.4704135802469
6074,0.0,51.769,17.5739351851852,0.0,51.769,18.331712962963
6075,0.0,52.224,12.183800154321,0.0,52.224,12.8086543209877
6076,0.0,52.224,12.183800154321,0.0,52.224,12.8086543209877
6077,0.0,52.224,12.183800154321,0.0,52.224,12.8086543209877
6078,0.0,52.224,12.183800154321,0.0,52.224,12.8086543209877
6079,0.0,40.491,2.26755925925926,0.0,40.491,2.68991296296296
6080,0.0,40.491,2.26755925925926,0.0,40.491,2.68991296296296
6081,0.0,40.491,2.26755925925926,0.0,40.491,2.68991296296296
6082,0.0,47.172,10.8660949074074,0.0,47.172,11.568587962963
6083,0.0,47.172,10.8660949074074,0.0,47.172,11.568587962963
6084,0.0,49.51,12.6835268959436,0.0,49.51,13.3247372134039
6085,0.0,49.51,12.6835268959436,0.0,49.51,13.3247372134039
6086,0.0,49.51,12.6835268959436,0.0,49.51,13.3247372134039
6087,0.0,49.51,12.6835268959436,0.0,49.51,13.3247372134039
6088,0.0,49.51,12.6835268959436,0.0,49.51,13.3247372134039
6089,0.0,49.51,12.6835268959436,0.0,49.51,13.3247372134039
6090,0.0,49.51,12.6835268959436,0.0,49.51,13.3247372134039
6091,0.0,48.655,13.9724533844189,0.0,48.655,14.3589361430396
6092,0.0,52.382,17.6368821548822,0.0,52.382,18.0968846801347
6093,0.0,47.938,9.56702956167176,0.0,47.938,10.3398272171254
6094,0.0,47.938,9.56702956167176,0.0,47.938,10.3398272171254
6095,0.0,47.938,9.56702956167176,0.0,47.938,10.3398272171254
6096,0.0,47.938,9.56702956167176,0.0,47.938,10.3398272171254
6097,0.0,47.938,9.56702956167176,0.0,47.938,10.3398272171254
6098,0.0,47.938,9.56702956167176,0.0,47.938,10.3398272171254
6099,0.0,45.235,7.63091520467836,0.0,45.235,8.29316764132554
6100,0.0,47.938,9.56702956167176,0.0,47.938,10.3398272171254
6101,0.0,47.938,9.56702956167176,0.0,47.938,10.3398272171254
6102,0.0,47.938,9.56702956167176,0.0,47.938,10.3398272171254
6103,0.0,36.65,2.63965067340067,0.0,36.65,3.22157996632997
6104,0.0,47.938,9.56702956167176,0.0,47.938,10.3398272171254
6105,0.0,36.65,2.63965067340067,0.0,36.65,3.22157996632997
6106,0.0,47.938,9.56702956167176,0.0,47.938,10.3398272171254
6107,0.0,36.65,2.63965067340067,0.0,36.65,3.22157996632997
6108,0.0,47.938,9.56702956167176,0.0,47.938,10.3398272171254
6109,0.0,39.252,7.29847860791826,0.0,39.252,8.75512037037037
6110,0.0,39.252,7.29847860791826,0.0,39.252,8.75512037037037
6111,0.0,39.252,7.29847860791826,0.0,39.252,8.75512037037037
6112,0.0,32.666,4.18545473251029,0.0,32.666,5.5625
6113,0.0,32.666,4.18545473251029,0.0,32.666,5.5625
6114,0.0,32.666,4.18545473251029,0.0,32.666,5.5625
6115,0.0,32.666,4.18545473251029,0.0,32.666,5.5625
6116,0.0,43.321,6.26003929539295,0.0,43.321,7.07606233062331
6117,0.0,43.321,6.26003929539295,0.0,43.321,7.07606233062331
6118,0.0,43.321,6.26003929539295,0.0,43.321,7.07606233062331
6119,0.0,43.321,6.26003929539295,0.0,43.321,7.07606233062331
6120,0.0,43.321,6.26003929539295,0.0,43.321,7.07606233062331
6121,0.0,43.321,6.26003929539295,0.0,43.321,7.07606233062331
6122,0.0,51.251,16.1070113960114,0.0,51.251,16.4870199430199
6123,0.0,53.428,10.8829020655271,0.0,53.428,11.5914469373219
6124,0.0,51.251,16.1070113960114,0.0,51.251,16.4870199430199
6125,0.0,53.428,10.8829020655271,0.0,53.428,11.5914469373219
6126,0.0,53.428,10.8829020655271,0.0,53.428,11.5914469373219
6127,0.0,53.428,10.8829020655271,0.0,53.428,11.5914469373219
6128,0.0,55.899,29.2438209876543,0.0,55.899,29.4704135802469
6129,0.0,52.224,12.183800154321,0.0,52.224,12.8086543209877
6130,0.0,52.224,12.183800154321,0.0,52.224,12.8086543209877
6131,0.0,52.224,12.183800154321,0.0,52.224,12.8086543209877
6132,0.0,52.517,8.8901917989418,0.0,52.517,9.43059259259259
6133,0.0,52.517,8.8901917989418,0.0,52.517,9.43059259259259
6134,0.0,52.517,8.8901917989418,0.0,52.517,9.43059259259259
6135,0.0,49.13,10.8843800322061,0.0,49.13,11.4595652173913
6136,0.0,49.13,10.8843800322061,0.0,49.13,11.4595652173913
6137,0.0,47.172,10.8660949074074,0.0,47.172,11.568587962963
6138,0.0,49.51,12.6835268959436,0.0,49.51,13.3247372134039
6139,0.0,49.51,12.6835268959436,0.0,49.51,13.3247372134039
6140,0.0,49.51,12.6835268959436,0.0,49.51,13.3247372134039
6141,0.0,49.51,12.6835268959436,0.0,49.51,13.3247372134039
6142,0.0,49.51,12.6835268959436,0.0,49.51,13.3247372134039
6143,0.0,49.51,12.6835268959436,0.0,49.51,13.3247372134039
6144,0.0,49.51,12.6835268959436,0.0,49.51,13.3247372134039
6145,0.0,48.655,13.9724533844189,0.0,48.655,14.3589361430396
6146,0.0,48.655,13.9724533844189,0.0,48.655,14.3589361430396
6147,0.0,47.938,9.56702956167176,0.0,47.938,10.3398272171254
6148,0.0,47.938,9.56702956167176,0.0,47.938,10.3398272171254
6149,0.0,47.938,9.56702956167176,0.0,47.938,10.3398272171254
6150,0.0,47.938,9.56702956167176,0.0,47.938,10.3398272171254
6151,0.0,47.938,9.56702956167176,0.0,47.938,10.3398272171254
6152,0.0,47.938,9.56702956167176,0.0,47.938,10.3398272171254
6153,0.0,45.235,7.63091520467836,0.0,45.235,8.29316764132554
6154,0.0,45.235,7.63091520467836,0.0,45.235,8.29316764132554
6155,0.0,45.235,7.63091520467836,0.0,45.235,8.29316764132554
6156,0.0,45.235,7.63091520467836,0.0,45.235,8.29316764132554
6157,0.0,45.235,7.63091520467836,0.0,45.235,8.29316764132554
6158,0.0,45.235,7.63091520467836,0.0,45.235,8.29316764132554
6159,0.0,36.65,2.63965067340067,0.0,36.65,3.22157996632997
6160,0.0,36.65,2.63965067340067,0.0,36.65,3.22157996632997
6161,0.0,36.65,2.63965067340067,0.0,36.65,3.22157996632997
6162,0.0,36.65,2.63965067340067,0.0,36.65,3.22157996632997
6163,0.0,36.65,2.63965067340067,0.0,36.65,3.22157996632997
6164,0.0,39.252,7.29847860791826,0.0,39.252,8.75512037037037
6165,0.0,39.252,7.29847860791826,0.0,39.252,8.75512037037037
6166,0.0,39.252,7.29847860791826,0.0,39.252,8.75512037037037
6167,0.0,32.666,4.18545473251029,0.0,32.666,5.5625
6168,0.0,32.666,4.18545473251029,0.0,32.666,5.5625
6169,0.0,43.321,6.26003929539295,0.0,43.321,7.07606233062331
6170,0.0,43.321,6.26003929539295,0.0,43.321,7.07606233062331
6171,0.0,43.321,6.26003929539295,0.0,43.321,7.07606233062331
6172,0.0,43.321,6.26003929539295,0.0,43.321,7.07606233062331
6173,0.0,43.321,6.26003929539295,0.0,43.321,7.07606233062331
6174,0.0,53.428,10.8829020655271,0.0,53.428,11.5914469373219
6175,0.0,43.321,6.26003929539295,0.0,43.321,7.07606233062331
6176,0.0,53.428,10.8829020655271,0.0,53.428,11.5914469373219
6177,0.0,53.428,10.8829020655271,0.0,53.428,11.5914469373219
6178,0.0,53.428,10.8829020655271,0.0,53.428,11.5914469373219
6179,0.0,53.428,10.8829020655271,0.0,53.428,11.5914469373219
6180,0.0,53.428,10.8829020655271,0.0,53.428,11.5914469373219
6181,0.0,53.428,10.8829020655271,0.0,53.428,11.5914469373219
6182,0.0,53.428,10.8829020655271,0.0,53.428,11.5914469373219
6183,0.0,55.899,29.2438209876543,0.0,55.899,29.4704135802469
6184,0.0,55.899,29.2438209876543,0.0,55.899,29.4704135802469
6185,0.0,55.899,29.2438209876543,0.0,55.899,29.4704135802469
6186,0.0,52.224,12.183800154321,0.0,52.224,12.8086543209877
6187,0.0,52.224,12.183800154321,0.0,52.224,12.8086543209877
6188,0.0,52.517,8.8901917989418,0.0,52.517,9.43059259259259
6189,0.0,52.517,8.8901917989418,0.0,52.517,9.43059259259259
6190,0.0,52.517,8.8901917989418,0.0,52.517,9.43059259259259
6191,0.0,52.517,8.8901917989418,0.0,52.517,9.43059259259259
6192,0.0,49.13,10.8843800322061,0.0,49.13,11.4595652173913
6193,0.0,49.13,10.8843800322061,0.0,49.13,11.4595652173913
6194,0.0,49.13,10.8843800322061,0.0,49.13,11.4595652173913
6195,0.0,49.13,10.8843800322061,0.0,49.13,11.4595652173913
6196,0.0,49.13,10.8843800322061,0.0,49.13,11.4595652173913
6197,0.0,49.51,12.6835268959436,0.0,49.51,13.3247372134039
6198,0.0,49.51,12.6835268959436,0.0,49.51,13.3247372134039
6199,0.0,49.51,12.6835268959436,0.0,49.51,13.3247372134039
6200,0.0,49.51,12.6835268959436,0.0,49.51,13.3247372134039
6201,0.0,49.51,12.6835268959436,0.0,49.51,13.3247372134039
6202,0.0,48.655,13.9724533844189,0.0,48.655,14.3589361430396
6203,0.0,48.655,13.9724533844189,0.0,48.655,14.3589361430396
6204,0.0,48.655,13.9724533844189,0.0,48.655,14.3589361430396
6205,0.0,45.235,7.63091520467836,0.0,45.235,8.29316764132554
6206,0.0,47.938,9.56702956167176,0.0,47.938,10.3398272171254
6207,0.0,47.938,9.56702956167176,0.0,47.938,10.3398272171254
6208,0.0,47.938,9.56702956167176,0.0,47.938,10.3398272171254
6209,0.0,47.938,9.56702956167176,0.0,47.938,10.3398272171254
6210,0.0,45.235,7.63091520467836,0.0,45.235,8.29316764132554
6211,0.0,45.235,7.63091520467836,0.0,45.235,8.29316764132554
6212,0.0,45.235,7.63091520467836,0.0,45.235,8.29316764132554
6213,0.0,45.235,7.63091520467836,0.0,45.235,8.29316764132554
6214,0.0,45.235,7.63091520467836,0.0,45.235,8.29316764132554
6215,0.0,45.235,7.63091520467836,0.0,45.235,8.29316764132554
6216,0.0,36.65,2.63965067340067,0.0,36.65,3.22157996632997
6217,0.0,36.65,2.63965067340067,0.0,36.65,3.22157996632997
6218,0.0,36.65,2.63965067340067,0.0,36.65,3.22157996632997
6219,0.0,36.65,2.63965067340067,0.0,36.65,3.22157996632997
6220,0.0,36.65,2.63965067340067,0.0,36.65,3.22157996632997
6221,0.0,36.65,2.63965067340067,0.0,36.65,3.22157996632997
6222,0.0,39.252,7.29847860791826,0.0,39.252,8.75512037037037
6223,0.0,2.49,0.229648148148148,0.0,2.49,0.564398148148148
6224,0.0,32.666,4.18545473251029,0.0,32.666,5.5625
6225,0.0,32.666,4.18545473251029,0.0,32.666,5.5625
6226,0.0,43.321,6.26003929539295,0.0,43.321,7.07606233062331
6227,0.0,43.321,6.26003929539295,0.0,43.321,7.07606233062331
6228,0.0,33.06,5.05566956018519,0.0,33.06,5.98691261574074
6229,0.0,43.321,6.26003929539295,0.0,43.321,7.07606233062331
6230,0.0,43.321,6.26003929539295,0.0,43.321,7.07606233062331
6231,0.0,53.428,10.8829020655271,0.0,53.428,11.5914469373219
6232,0.0,53.428,10.8829020655271,0.0,53.428,11.5914469373219
6233,0.0,53.428,10.8829020655271,0.0,53.428,11.5914469373219
6234,0.0,53.428,10.8829020655271,0.0,53.428,11.5914469373219
6235,0.0,53.428,10.8829020655271,0.0,53.428,11.5914469373219
6236,0.0,53.428,10.8829020655271,0.0,53.428,11.5914469373219
6237,0.0,53.428,10.8829020655271,0.0,53.428,11.5914469373219
6238,0.0,53.428,10.8829020655271,0.0,53.428,11.5914469373219
6239,0.0,55.073,17.4232172364672,0.0,55.073,17.6548625356125
6240,0.0,55.073,17.4232172364672,0.0,55.073,17.6548625356125
6241,0.0,55.073,17.4232172364672,0.0,55.073,17.6548625356125
6242,0.0,55.073,17.4232172364672,0.0,55.073,17.6548625356125
6243,0.0,55.899,29.2438209876543,0.0,55.899,29.4704135802469
6244,0.0,55.899,29.2438209876543,0.0,55.899,29.4704135802469
6245,0.0,55.899,29.2438209876543,0.0,55.899,29.4704135802469
6246,0.0,52.517,8.8901917989418,0.0,52.517,9.43059259259259
6247,0.0,52.517,8.8901917989418,0.0,52.517,9.43059259259259
6248,0.0,52.517,8.8901917989418,0.0,52.517,9.43059259259259
6249,0.0,52.517,8.8901917989418,0.0,52.517,9.43059259259259
6250,0.0,52.517,8.8901917989418,0.0,52.517,9.43059259259259
6251,0.0,49.13,10.8843800322061,0.0,49.13,11.4595652173913
6252,0.0,49.13,10.8843800322061,0.0,49.13,11.4595652173913
6253,0.0,49.13,10.8843800322061,0.0,49.13,11.4595652173913
6254,0.0,49.13,10.8843800322061,0.0,49.13,11.4595652173913
6255,0.0,49.13,10.8843800322061,0.0,49.13,11.4595652173913
6256,0.0,49.13,10.8843800322061,0.0,49.13,11.4595652173913
6257,0.0,49.51,12.6835268959436,0.0,49.51,13.3247372134039
6258,0.0,49.51,12.6835268959436,0.0,49.51,13.3247372134039
6259,0.0,49.51,12.6835268959436,0.0,49.51,13.3247372134039
6260,0.0,48.655,13.9724533844189,0.0,48.655,14.3589361430396
6261,0.0,48.655,13.9724533844189,0.0,48.655,14.3589361430396
6262,0.0,48.655,13.9724533844189,0.0,48.655,14.3589361430396
6263,0.0,48.655,13.9724533844189,0.0,48.655,14.3589361430396
6264,0.0,48.655,13.9724533844189,0.0,48.655,14.3589361430396
6265,0.0,45.235,7.63091520467836,0.0,45.235,8.29316764132554
6266,0.0,45.235,7.63091520467836,0.0,45.235,8.29316764132554
6267,0.0,45.235,7.63091520467836,0.0,45.235,8.29316764132554
6268,0.0,45.235,7.63091520467836,0.0,45.235,8.29316764132554
6269,0.0,45.235,7.63091520467836,0.0,45.235,8.29316764132554
6270,0.0,45.235,7.63091520467836,0.0,45.235,8.29316764132554
6271,0.0,45.235,7.63091520467836,0.0,45.235,8.29316764132554
6272,0.0,45.235,7.63091520467836,0.0,45.235,8.29316764132554
6273,0.0,45.235,7.63091520467836,0.0,45.235,8.29316764132554
6274,0.0,45.235,7.63091520467836,0.0,45.235,8.29316764132554
6275,0.0,45.235,7.63091520467836,0.0,45.235,8.29316764132554
6276,0.0,36.65,2.63965067340067,0.0,36.65,3.22157996632997
6277,0.0,36.65,2.63965067340067,0.0,36.65,3.22157996632997
6278,0.0,36.65,2.63965067340067,0.0,36.65,3.22157996632997
6279,0.0,36.65,2.63965067340067,0.0,36.65,3.22157996632997
6280,0.0,36.65,2.63965067340067,0.0,36.65,3.22157996632997
6281,0.0,36.65,2.63965067340067,0.0,36.65,3.22157996632997
6282,0.0,36.65,2.63965067340067,0.0,36.65,3.22157996632997
6283,0.0,33.06,5.05566956018519,0.0,33.06,5.98691261574074
6284,0.0,33.06,5.05566956018519,0.0,33.06,5.98691261574074
6285,0.0,43.321,6.26003929539295,0.0,43.321,7.07606233062331
6286,0.0,33.06,5.05566956018519,0.0,33.06,5.98691261574074
6287,0.0,33.06,5.05566956018519,0.0,33.06,5.98691261574074
6288,0.0,33.06,5.05566956018519,0.0,33.06,5.98691261574074
6289,0.0,53.428,10.8829020655271,0.0,53.428,11.5914469373219
6290,0.0,53.428,10.8829020655271,0.0,53.428,11.5914469373219
6291,0.0,53.428,10.8829020655271,0.0,53.428,11.5914469373219
6292,0.0,53.428,10.8829020655271,0.0,53.428,11.5914469373219
6293,0.0,53.428,10.8829020655271,0.0,53.428,11.5914469373219
6294,0.0,53.428,10.8829020655271,0.0,53.428,11.5914469373219
6295,0.0,53.428,10.8829020655271,0.0,53.428,11.5914469373219
6296,0.0,55.073,17.4232172364672,0.0,55.073,17.6548625356125
6297,0.0,53.428,10.8829020655271,0.0,53.428,11.5914469373219
6298,0.0,55.073,17.4232172364672,0.0,55.073,17.6548625356125
6299,0.0,55.073,17.4232172364672,0.0,55.073,17.6548625356125
6300,0.0,55.073,17.4232172364672,0.0,55.073,17.6548625356125
6301,0.0,55.073,17.4232172364672,0.0,55.073,17.6548625356125
6302,0.0,55.073,17.4232172364672,0.0,55.073,17.6548625356125
6303,0.0,55.073,17.4232172364672,0.0,55.073,17.6548625356125
6304,0.0,55.073,17.4232172364672,0.0,55.073,17.6548625356125
6305,0.0,55.804,23.4645679012346,0.0,55.804,23.4645679012346
6306,0.0,55.804,23.4645679012346,0.0,55.804,23.4645679012346
6307,0.0,54.387,23.993462962963,0.0,54.387,23.993462962963
6308,0.0,55.899,29.2438209876543,0.0,55.899,29.4704135802469
6309,0.0,55.899,29.2438209876543,0.0,55.899,29.4704135802469
6310,0.0,55.899,29.2438209876543,0.0,55.899,29.4704135802469
6311,0.0,52.517,8.8901917989418,0.0,52.517,9.43059259259259
6312,0.0,52.517,8.8901917989418,0.0,52.517,9.43059259259259
6313,0.0,51.746,16.956962962963,0.0,51.746,17.7630740740741
6314,0.0,52.328,16.9254398148148,0.0,52.328,17.5074953703704
6315,0.0,52.328,16.9254398148148,0.0,52.328,17.5074953703704
6316,0.0,49.13,10.8843800322061,0.0,49.13,11.4595652173913
6317,0.0,54.911,14.6073633156966,0.0,54.911,14.9240643738977
6318,0.0,54.911,14.6073633156966,0.0,54.911,14.9240643738977
6319,0.0,54.911,14.6073633156966,0.0,54.911,14.9240643738977
6320,0.0,49.13,10.8843800322061,0.0,49.13,11.4595652173913
6321,0.0,54.911,14.6073633156966,0.0,54.911,14.9240643738977
6322,0.0,54.911,14.6073633156966,0.0,54.911,14.9240643738977
6323,0.0,49.51,12.6835268959436,0.0,49.51,13.3247372134039
6324,0.0,48.655,13.9724533844189,0.0,48.655,14.3589361430396
6325,0.0,48.655,13.9724533844189,0.0,48.655,14.3589361430396
6326,0.0,48.655,13.9724533844189,0.0,48.655,14.3589361430396
6327,0.0,48.655,13.9724533844189,0.0,48.655,14.3589361430396
6328,0.0,48.655,13.9724533844189,0.0,48.655,14.3589361430396
6329,0.0,45.235,7.63091520467836,0.0,45.235,8.29316764132554
6330,0.0,45.235,7.63091520467836,0.0,45.235,8.29316764132554
6331,0.0,45.235,7.63091520467836,0.0,45.235,8.29316764132554
6332,0.0,45.235,7.63091520467836,0.0,45.235,8.29316764132554
6333,0.0,45.235,7.63091520467836,0.0,45.235,8.29316764132554
6334,0.0,45.235,7.63091520467836,0.0,45.235,8.29316764132554
6335,0.0,45.235,7.63091520467836,0.0,45.235,8.29316764132554
6336,0.0,45.235,7.63091520467836,0.0,45.235,8.29316764132554
6337,0.0,45.235,7.63091520467836,0.0,45.235,8.29316764132554
6338,0.0,45.235,7.63091520467836,0.0,45.235,8.29316764132554
6339,0.0,36.65,2.63965067340067,0.0,36.65,3.22157996632997
6340,0.0,36.65,2.63965067340067,0.0,36.65,3.22157996632997
6341,0.0,36.65,2.63965067340067,0.0,36.65,3.22157996632997
6342,0.0,36.65,2.63965067340067,0.0,36.65,3.22157996632997
6343,0.0,36.65,2.63965067340067,0.0,36.65,3.22157996632997
6344,0.0,36.65,2.63965067340067,0.0,36.65,3.22157996632997
6345,0.0,36.65,2.63965067340067,0.0,36.65,3.22157996632997
6346,0.0,36.65,2.63965067340067,0.0,36.65,3.22157996632997
6347,0.0,33.06,5.05566956018519,0.0,33.06,5.98691261574074
6348,0.0,33.06,5.05566956018519,0.0,33.06,5.98691261574074
6349,0.0,33.06,5.05566956018519,0.0,33.06,5.98691261574074
6350,0.0,33.06,5.05566956018519,0.0,33.06,5.98691261574074
6351,0.0,33.06,5.05566956018519,0.0,33.06,5.98691261574074
6352,0.0,53.428,10.8829020655271,0.0,53.428,11.5914469373219
6353,0.0,53.428,10.8829020655271,0.0,53.428,11.5914469373219
6354,0.0,53.428,10.8829020655271,0.0,53.428,11.5914469373219
6355,0.0,53.428,10.8829020655271,0.0,53.428,11.5914469373219
6356,0.0,53.428,10.8829020655271,0.0,53.428,11.5914469373219
6357,0.0,53.428,10.8829020655271,0.0,53.428,11.5914469373219
6358,0.0,53.428,10.8829020655271,0.0,53.428,11.5914469373219
6359,0.0,55.073,17.4232172364672,0.0,55.073,17.6548625356125
6360,0.0,55.073,17.4232172364672,0.0,55.073,17.6548625356125
6361,0.0,55.073,17.4232172364672,0.0,55.073,17.6548625356125
6362,0.0,55.073,17.4232172364672,0.0,55.073,17.6548625356125
6363,0.0,55.073,17.4232172364672,0.0,55.073,17.6548625356125
6364,0.0,55.073,17.4232172364672,0.0,55.073,17.6548625356125
6365,0.0,55.073,17.4232172364672,0.0,55.073,17.6548625356125
6366,0.0,55.073,17.4232172364672,0.0,55.073,17.6548625356125
6367,0.0,55.073,17.4232172364672,0.0,55.073,17.6548625356125
6368,0.0,55.804,23.4645679012346,0.0,55.804,23.4645679012346
6369,0.0,55.433,11.4701372053872,0.0,55.433,11.8093316498317
6370,0.0,55.804,23.4645679012346,0.0,55.804,23.4645679012346
6371,0.0,55.433,11.4701372053872,0.0,55.433,11.8093316498317
6372,0.0,55.804,23.4645679012346,0.0,55.804,23.4645679012346
6373,0.0,55.433,11.4701372053872,0.0,55.433,11.8093316498317
6374,0.0,55.899,29.2438209876543,0.0,55.899,29.4704135802469
6375,0.0,55.433,11.4701372053872,0.0,55.433,11.8093316498317
6376,0.0,53.104,18.7290185185185,0.0,53.104,18.7290185185185
6377,0.0,51.746,16.956962962963,0.0,51.746,17.7630740740741
6378,0.0,52.328,16.9254398148148,0.0,52.328,17.5074953703704
6379,0.0,54.911,14.6073633156966,0.0,54.911,14.9240643738977
6380,0.0,54.911,14.6073633156966,0.0,54.911,14.9240643738977
6381,0.0,54.911,14.6073633156966,0.0,54.911,14.9240643738977
6382,0.0,54.911,14.6073633156966,0.0,54.911,14.9240643738977
6383,0.0,54.911,14.6073633156966,0.0,54.911,14.9240643738977
6384,0.0,54.911,14.6073633156966,0.0,54.911,14.9240643738977
6385,0.0,54.911,14.6073633156966,0.0,54.911,14.9240643738977
6386,0.0,54.911,14.6073633156966,0.0,54.911,14.9240643738977
6387,0.0,49.51,12.6835268959436,0.0,49.51,13.3247372134039
6388,0.0,48.655,13.9724533844189,0.0,48.655,14.3589361430396
6389,0.0,48.655,13.9724533844189,0.0,48.655,14.3589361430396
6390,0.0,48.655,13.9724533844189,0.0,48.655,14.3589361430396
6391,0.0,49.583,14.3299338624339,0.0,49.583,14.539349537037
6392,0.0,49.583,14.3299338624339,0.0,49.583,14.539349537037
6393,0.0,45.235,7.63091520467836,0.0,45.235,8.29316764132554
6394,0.0,45.235,7.63091520467836,0.0,45.235,8.29316764132554
6395,0.0,45.235,7.63091520467836,0.0,45.235,8.29316764132554
6396,0.0,45.235,7.63091520467836,0.0,45.235,8.29316764132554
6397,0.0,45.235,7.63091520467836,0.0,45.235,8.29316764132554
6398,0.0,45.235,7.63091520467836,0.0,45.235,8.29316764132554
6399,0.0,45.235,7.63091520467836,0.0,45.235,8.29316764132554
6400,0.0,45.235,7.63091520467836,0.0,45.235,8.29316764132554
6401,0.0,45.235,7.63091520467836,0.0,45.235,8.29316764132554
6402,0.0,36.65,2.63965067340067,0.0,36.65,3.22157996632997
6403,0.0,36.65,2.63965067340067,0.0,36.65,3.22157996632997
6404,0.0,37.803,11.9366851851852,0.0,37.803,12.6729074074074
6405,0.0,36.65,2.63965067340067,0.0,36.65,3.22157996632997
6406,0.0,39.112,8.35303055555556,0.0,39.112,9.216325
6407,0.0,36.65,2.63965067340067,0.0,36.65,3.22157996632997
6408,0.0,39.112,8.35303055555556,0.0,39.112,9.216325
6409,0.0,39.112,8.35303055555556,0.0,39.112,9.216325
6410,0.0,39.112,8.35303055555556,0.0,39.112,9.216325
6411,0.0,33.06,5.05566956018519,0.0,33.06,5.98691261574074
6412,0.0,33.06,5.05566956018519,0.0,33.06,5.98691261574074
6413,0.0,33.06,5.05566956018519,0.0,33.06,5.98691261574074
6414,0.0,38.266,8.75156128747795,0.0,38.266,9.59531657848325
6415,0.0,53.428,10.8829020655271,0.0,53.428,11.5914469373219
6416,0.0,33.06,5.05566956018519,0.0,33.06,5.98691261574074
6417,0.0,53.428,10.8829020655271,0.0,53.428,11.5914469373219
6418,0.0,53.428,10.8829020655271,0.0,53.428,11.5914469373219
6419,0.0,53.428,10.8829020655271,0.0,53.428,11.5914469373219
6420,0.0,53.602,8.19984934086629,0.0,53.602,8.73482391713748
6421,0.0,55.073,17.4232172364672,0.0,55.073,17.6548625356125
6422,0.0,53.602,8.19984934086629,0.0,53.602,8.73482391713748
6423,0.0,53.602,8.19984934086629,0.0,53.602,8.73482391713748
6424,0.0,53.602,8.19984934086629,0.0,53.602,8.73482391713748
6425,0.0,53.602,8.19984934086629,0.0,53.602,8.73482391713748
6426,0.0,53.602,8.19984934086629,0.0,53.602,8.73482391713748
6427,0.0,53.602,8.19984934086629,0.0,53.602,8.73482391713748
6428,0.0,53.602,8.19984934086629,0.0,53.602,8.73482391713748
6429,0.0,53.602,8.19984934086629,0.0,53.602,8.73482391713748
6430,0.0,55.433,11.4701372053872,0.0,55.433,11.8093316498317
6431,0.0,55.433,11.4701372053872,0.0,55.433,11.8093316498317
6432,0.0,55.433,11.4701372053872,0.0,55.433,11.8093316498317
6433,0.0,55.433,11.4701372053872,0.0,55.433,11.8093316498317
6434,0.0,55.433,11.4701372053872,0.0,55.433,11.8093316498317
6435,0.0,55.433,11.4701372053872,0.0,55.433,11.8093316498317
6436,0.0,55.433,11.4701372053872,0.0,55.433,11.8093316498317
6437,0.0,55.433,11.4701372053872,0.0,55.433,11.8093316498317
6438,0.0,56.409,15.3533716699155,0.0,56.409,15.7539291747888
6439,0.0,56.409,15.3533716699155,0.0,56.409,15.7539291747888
6440,0.0,53.249,19.9507037037037,0.0,53.249,19.9507037037037
6441,0.0,54.911,14.6073633156966,0.0,54.911,14.9240643738977
6442,0.0,54.911,14.6073633156966,0.0,54.911,14.9240643738977
6443,0.0,54.911,14.6073633156966,0.0,54.911,14.9240643738977
6444,0.0,54.911,14.6073633156966,0.0,54.911,14.9240643738977
6445,0.0,54.911,14.6073633156966,0.0,54.911,14.9240643738977
6446,0.0,54.911,14.6073633156966,0.0,54.911,14.9240643738977
6447,0.0,54.911,14.6073633156966,0.0,54.911,14.9240643738977
6448,0.0,49.51,12.6835268959436,0.0,49.51,13.3247372134039
6449,0.0,48.655,13.9724533844189,0.0,48.655,14.3589361430396
6450,0.0,49.583,14.3299338624339,0.0,49.583,14.539349537037
6451,0.0,49.583,14.3299338624339,0.0,49.583,14.539349537037
6452,0.0,49.583,14.3299338624339,0.0,49.583,14.539349537037
6453,0.0,49.583,14.3299338624339,0.0,49.583,14.539349537037
6454,0.0,49.583,14.3299338624339,0.0,49.583,14.539349537037
6455,0.0,45.923,10.6027911522634,0.0,45.923,11.1848189300412
6456,0.0,45.923,10.6027911522634,0.0,45.923,11.1848189300412
6457,0.0,45.923,10.6027911522634,0.0,45.923,11.1848189300412
6458,0.0,45.923,10.6027911522634,0.0,45.923,11.1848189300412
6459,0.0,45.923,10.6027911522634,0.0,45.923,11.1848189300412
6460,0.0,45.923,10.6027911522634,0.0,45.923,11.1848189300412
6461,0.0,45.923,10.6027911522634,0.0,45.923,11.1848189300412
6462,0.0,37.967,7.17703703703704,0.0,37.967,8.10203703703704
6463,0.0,37.967,7.17703703703704,0.0,37.967,8.10203703703704
6464,0.0,39.509,7.84255555555556,0.0,39.509,9.20133333333333
6465,0.0,42.782,15.2975356125356,0.0,42.782,15.6901680911681
6466,0.0,39.112,8.35303055555556,0.0,39.112,9.216325
6467,0.0,39.112,8.35303055555556,0.0,39.112,9.216325
6468,0.0,39.112,8.35303055555556,0.0,39.112,9.216325
6469,0.0,39.112,8.35303055555556,0.0,39.112,9.216325
6470,0.0,39.112,8.35303055555556,0.0,39.112,9.216325
6471,0.0,39.112,8.35303055555556,0.0,39.112,9.216325
6472,0.0,39.112,8.35303055555556,0.0,39.112,9.216325
6473,0.0,33.06,5.05566956018519,0.0,33.06,5.98691261574074
6474,0.0,38.266,8.75156128747795,0.0,38.266,9.59531657848325
6475,0.0,38.266,8.75156128747795,0.0,38.266,9.59531657848325
6476,0.0,38.266,8.75156128747795,0.0,38.266,9.59531657848325
6477,0.0,33.06,5.05566956018519,0.0,33.06,5.98691261574074
6478,0.0,33.06,5.05566956018519,0.0,33.06,5.98691261574074
6479,0.0,53.428,10.8829020655271,0.0,53.428,11.5914469373219
6480,0.0,53.428,10.8829020655271,0.0,53.428,11.5914469373219
6481,0.0,53.602,8.19984934086629,0.0,53.602,8.73482391713748
6482,0.0,53.602,8.19984934086629,0.0,53.602,8.73482391713748
6483,0.0,53.602,8.19984934086629,0.0,53.602,8.73482391713748
6484,0.0,53.602,8.19984934086629,0.0,53.602,8.73482391713748
6485,0.0,53.602,8.19984934086629,0.0,53.602,8.73482391713748
6486,0.0,53.602,8.19984934086629,0.0,53.602,8.73482391713748
6487,0.0,53.602,8.19984934086629,0.0,53.602,8.73482391713748
6488,0.0,53.602,8.19984934086629,0.0,53.602,8.73482391713748
6489,0.0,53.602,8.19984934086629,0.0,53.602,8.73482391713748
6490,0.0,55.433,11.4701372053872,0.0,55.433,11.8093316498317
6491,0.0,55.433,11.4701372053872,0.0,55.433,11.8093316498317
6492,0.0,55.433,11.4701372053872,0.0,55.433,11.8093316498317
6493,0.0,55.433,11.4701372053872,0.0,55.433,11.8093316498317
6494,0.0,55.433,11.4701372053872,0.0,55.433,11.8093316498317
6495,0.0,55.433,11.4701372053872,0.0,55.433,11.8093316498317
6496,0.0,55.433,11.4701372053872,0.0,55.433,11.8093316498317
6497,0.0,56.409,15.3533716699155,0.0,56.409,15.7539291747888
6498,0.0,56.409,15.3533716699155,0.0,56.409,15.7539291747888
6499,0.0,56.409,15.3533716699155,0.0,56.409,15.7539291747888
6500,0.0,56.409,15.3533716699155,0.0,56.409,15.7539291747888
6501,0.0,54.911,14.6073633156966,0.0,54.911,14.9240643738977
6502,0.0,54.911,14.6073633156966,0.0,54.911,14.9240643738977
6503,0.0,54.911,14.6073633156966,0.0,54.911,14.9240643738977
6504,0.0,54.911,14.6073633156966,0.0,54.911,14.9240643738977
6505,0.0,49.51,12.6835268959436,0.0,49.51,13.3247372134039
6506,0.0,54.911,14.6073633156966,0.0,54.911,14.9240643738977
6507,0.0,49.583,14.3299338624339,0.0,49.583,14.539349537037
6508,0.0,49.583,14.3299338624339,0.0,49.583,14.539349537037
6509,0.0,49.583,14.3299338624339,0.0,49.583,14.539349537037
6510,0.0,49.583,14.3299338624339,0.0,49.583,14.539349537037
6511,0.0,49.583,14.3299338624339,0.0,49.583,14.539349537037
6512,0.0,45.923,10.6027911522634,0.0,45.923,11.1848189300412
6513,0.0,45.923,10.6027911522634,0.0,45.923,11.1848189300412
6514,0.0,45.923,10.6027911522634,0.0,45.923,11.1848189300412
6515,0.0,45.923,10.6027911522634,0.0,45.923,11.1848189300412
6516,0.0,45.923,10.6027911522634,0.0,45.923,11.1848189300412
6517,0.0,45.923,10.6027911522634,0.0,45.923,11.1848189300412
6518,0.0,45.923,10.6027911522634,0.0,45.923,11.1848189300412
6519,0.0,37.967,7.17703703703704,0.0,37.967,8.10203703703704
6520,0.0,37.967,7.17703703703704,0.0,37.967,8.10203703703704
6521,0.0,37.967,7.17703703703704,0.0,37.967,8.10203703703704
6522,0.0,42.782,15.2975356125356,0.0,42.782,15.6901680911681
6523,0.0,42.782,15.2975356125356,0.0,42.782,15.6901680911681
6524,0.0,42.782,15.2975356125356,0.0,42.782,15.6901680911681
6525,0.0,39.112,8.35303055555556,0.0,39.112,9.216325
6526,0.0,39.112,8.35303055555556,0.0,39.112,9.216325
6527,0.0,39.112,8.35303055555556,0.0,39.112,9.216325
6528,0.0,42.491,10.5667373113855,0.0,42.491,11.371426611797
6529,0.0,42.491,10.5667373113855,0.0,42.491,11.371426611797
6530,0.0,38.266,8.75156128747795,0.0,38.266,9.59531657848325
6531,0.0,38.266,8.75156128747795,0.0,38.266,9.59531657848325
6532,0.0,38.266,8.75156128747795,0.0,38.266,9.59531657848325
6533,0.0,38.266,8.75156128747795,0.0,38.266,9.59531657848325
6534,0.0,33.06,5.05566956018519,0.0,33.06,5.98691261574074
6535,0.0,33.06,5.05566956018519,0.0,33.06,5.98691261574074
6536,0.0,33.06,5.05566956018519,0.0,33.06,5.98691261574074
6537,0.0,53.428,10.8829020655271,0.0,53.428,11.5914469373219
6538,0.0,53.602,8.19984934086629,0.0,53.602,8.73482391713748
6539,0.0,53.602,8.19984934086629,0.0,53.602,8.73482391713748
6540,0.0,53.602,8.19984934086629,0.0,53.602,8.73482391713748
6541,0.0,53.602,8.19984934086629,0.0,53.602,8.73482391713748
6542,0.0,53.602,8.19984934086629,0.0,53.602,8.73482391713748
6543,0.0,53.602,8.19984934086629,0.0,53.602,8.73482391713748
6544,0.0,53.602,8.19984934086629,0.0,53.602,8.73482391713748
6545,0.0,53.602,8.19984934086629,0.0,53.602,8.73482391713748
6546,0.0,55.433,11.4701372053872,0.0,55.433,11.8093316498317
6547,0.0,55.433,11.4701372053872,0.0,55.433,11.8093316498317
6548,0.0,55.433,11.4701372053872,0.0,55.433,11.8093316498317
6549,0.0,55.433,11.4701372053872,0.0,55.433,11.8093316498317
6550,0.0,55.433,11.4701372053872,0.0,55.433,11.8093316498317
6551,0.0,55.433,11.4701372053872,0.0,55.433,11.8093316498317
6552,0.0,56.409,15.3533716699155,0.0,56.409,15.7539291747888
6553,0.0,56.409,15.3533716699155,0.0,56.409,15.7539291747888
6554,0.0,56.409,15.3533716699155,0.0,56.409,15.7539291747888
6555,0.0,56.409,15.3533716699155,0.0,56.409,15.7539291747888
6556,0.0,56.409,15.3533716699155,0.0,56.409,15.7539291747888
6557,0.0,56.409,15.3533716699155,0.0,56.409,15.7539291747888
6558,0.0,54.911,14.6073633156966,0.0,54.911,14.9240643738977
6559,0.0,54.911,14.6073633156966,0.0,54.911,14.9240643738977
6560,0.0,54.911,14.6073633156966,0.0,54.911,14.9240643738977
6561,0.0,54.911,14.6073633156966,0.0,54.911,14.9240643738977
6562,0.0,54.911,14.6073633156966,0.0,54.911,14.9240643738977
6563,0.0,49.583,14.3299338624339,0.0,49.583,14.539349537037
6564,0.0,49.583,14.3299338624339,0.0,49.583,14.539349537037
6565,0.0,49.583,14.3299338624339,0.0,49.583,14.539349537037
6566,0.0,49.583,14.3299338624339,0.0,49.583,14.539349537037
6567,0.0,49.583,14.3299338624339,0.0,49.583,14.539349537037
6568,0.0,49.583,14.3299338624339,0.0,49.583,14.539349537037
6569,0.0,49.583,14.3299338624339,0.0,49.583,14.539349537037
6570,0.0,45.923,10.6027911522634,0.0,45.923,11.1848189300412
6571,0.0,45.923,10.6027911522634,0.0,45.923,11.1848189300412
6572,0.0,45.923,10.6027911522634,0.0,45.923,11.1848189300412
6573,0.0,45.923,10.6027911522634,0.0,45.923,11.1848189300412
6574,0.0,45.923,10.6027911522634,0.0,45.923,11.1848189300412
6575,0.0,45.923,10.6027911522634,0.0,45.923,11.1848189300412
6576,0.0,37.967,7.17703703703704,0.0,37.967,8.10203703703704
6577,0.0,37.967,7.17703703703704,0.0,37.967,8.10203703703704
6578,0.0,37.967,7.17703703703704,0.0,37.967,8.10203703703704
6579,0.0,37.967,7.17703703703704,0.0,37.967,8.10203703703704
6580,0.0,42.782,15.2975356125356,0.0,42.782,15.6901680911681
6581,0.0,42.782,15.2975356125356,0.0,42.782,15.6901680911681
6582,0.0,42.782,15.2975356125356,0.0,42.782,15.6901680911681
6583,0.0,42.782,15.2975356125356,0.0,42.782,15.6901680911681
6584,0.0,39.112,8.35303055555556,0.0,39.112,9.216325
6585,0.0,42.491,10.5667373113855,0.0,42.491,11.371426611797
6586,0.0,42.491,10.5667373113855,0.0,42.491,11.371426611797
6587,0.0,38.266,8.75156128747795,0.0,38.266,9.59531657848325
6588,0.0,38.266,8.75156128747795,0.0,38.266,9.59531657848325
6589,0.0,38.266,8.75156128747795,0.0,38.266,9.59531657848325
6590,0.0,38.266,8.75156128747795,0.0,38.266,9.59531657848325
6591,0.0,33.06,5.05566956018519,0.0,33.06,5.98691261574074
6592,0.0,33.06,5.05566956018519,0.0,33.06,5.98691261574074
6593,0.0,38.266,8.75156128747795,0.0,38.266,9.59531657848325
6594,0.0,51.919,11.3033975765889,0.0,51.919,11.6967267946959
6595,0.0,53.602,8.19984934086629,0.0,53.602,8.73482391713748
6596,0.0,53.602,8.19984934086629,0.0,53.602,8.73482391713748
6597,0.0,53.602,8.19984934086629,0.0,53.602,8.73482391713748
6598,0.0,53.602,8.19984934086629,0.0,53.602,8.73482391713748
6599,0.0,36.319,5.35925925925926,0.0,36.319,5.87694444444444
6600,0.0,53.602,8.19984934086629,0.0,53.602,8.73482391713748
6601,0.0,36.319,5.35925925925926,0.0,36.319,5.87694444444444
6602,0.0,42.398,11.8528333333333,0.0,42.398,12.6221666666667
6603,0.0,55.433,11.4701372053872,0.0,55.433,11.8093316498317
6604,0.0,55.433,11.4701372053872,0.0,55.433,11.8093316498317
6605,0.0,55.433,11.4701372053872,0.0,55.433,11.8093316498317
6606,0.0,55.433,11.4701372053872,0.0,55.433,11.8093316498317
6607,0.0,55.433,11.4701372053872,0.0,55.433,11.8093316498317
6608,0.0,56.409,15.3533716699155,0.0,56.409,15.7539291747888
6609,0.0,56.409,15.3533716699155,0.0,56.409,15.7539291747888
6610,0.0,56.409,15.3533716699155,0.0,56.409,15.7539291747888
6611,0.0,56.409,15.3533716699155,0.0,56.409,15.7539291747888
6612,0.0,56.409,15.3533716699155,0.0,56.409,15.7539291747888
6613,0.0,56.409,15.3533716699155,0.0,56.409,15.7539291747888
6614,0.0,56.409,15.3533716699155,0.0,56.409,15.7539291747888
6615,0.0,56.409,15.3533716699155,0.0,56.409,15.7539291747888
6616,0.0,54.911,14.6073633156966,0.0,54.911,14.9240643738977
6617,0.0,54.911,14.6073633156966,0.0,54.911,14.9240643738977
6618,0.0,54.911,14.6073633156966,0.0,54.911,14.9240643738977
6619,0.0,54.911,14.6073633156966,0.0,54.911,14.9240643738977
6620,0.0,49.583,14.3299338624339,0.0,49.583,14.539349537037
6621,0.0,49.583,14.3299338624339,0.0,49.583,14.539349537037
6622,0.0,49.583,14.3299338624339,0.0,49.583,14.539349537037
6623,0.0,49.583,14.3299338624339,0.0,49.583,14.539349537037
6624,0.0,49.583,14.3299338624339,0.0,49.583,14.539349537037
6625,0.0,49.583,14.3299338624339,0.0,49.583,14.539349537037
6626,0.0,49.583,14.3299338624339,0.0,49.583,14.539349537037
6627,0.0,45.923,10.6027911522634,0.0,45.923,11.1848189300412
6628,0.0,45.923,10.6027911522634,0.0,45.923,11.1848189300412
6629,0.0,45.923,10.6027911522634,0.0,45.923,11.1848189300412
6630,0.0,45.923,10.6027911522634,0.0,45.923,11.1848189300412
6631,0.0,45.923,10.6027911522634,0.0,45.923,11.1848189300412
6632,0.0,37.967,7.17703703703704,0.0,37.967,8.10203703703704
6633,0.0,37.967,7.17703703703704,0.0,37.967,8.10203703703704
6634,0.0,37.967,7.17703703703704,0.0,37.967,8.10203703703704
6635,0.0,37.967,7.17703703703704,0.0,37.967,8.10203703703704
6636,0.0,42.782,15.2975356125356,0.0,42.782,15.6901680911681
6637,0.0,42.782,15.2975356125356,0.0,42.782,15.6901680911681
6638,0.0,42.782,15.2975356125356,0.0,42.782,15.6901680911681
6639,0.0,42.782,15.2975356125356,0.0,42.782,15.6901680911681
6640,0.0,42.782,15.2975356125356,0.0,42.782,15.6901680911681
6641,0.0,39.971,16.3522407407407,0.0,39.971,17.2243518518519
6642,0.0,42.491,10.5667373113855,0.0,42.491,11.371426611797
6643,0.0,42.491,10.5667373113855,0.0,42.491,11.371426611797
6644,0.0,42.491,10.5667373113855,0.0,42.491,11.371426611797
6645,0.0,38.266,8.75156128747795,0.0,38.266,9.59531657848325
6646,0.0,38.266,8.75156128747795,0.0,38.266,9.59531657848325
6647,0.0,38.266,8.75156128747795,0.0,38.266,9.59531657848325
6648,0.0,38.266,8.75156128747795,0.0,38.266,9.59531657848325
6649,0.0,38.266,8.75156128747795,0.0,38.266,9.59531657848325
6650,0.0,51.919,11.3033975765889,0.0,51.919,11.6967267946959
6651,0.0,51.919,11.3033975765889,0.0,51.919,11.6967267946959
6652,0.0,53.602,8.19984934086629,0.0,53.602,8.73482391713748
6653,0.0,53.602,8.19984934086629,0.0,53.602,8.73482391713748
6654,0.0,53.602,8.19984934086629,0.0,53.602,8.73482391713748
6655,0.0,53.602,8.19984934086629,0.0,53.602,8.73482391713748
6656,0.0,53.602,8.19984934086629,0.0,53.602,8.73482391713748
6657,0.0,36.319,5.35925925925926,0.0,36.319,5.87694444444444
6658,0.0,55.433,11.4701372053872,0.0,55.433,11.8093316498317
6659,0.0,55.433,11.4701372053872,0.0,55.433,11.8093316498317
6660,0.0,55.433,11.4701372053872,0.0,55.433,11.8093316498317
6661,0.0,55.433,11.4701372053872,0.0,55.433,11.8093316498317
6662,0.0,55.433,11.4701372053872,0.0,55.433,11.8093316498317
6663,0.0,55.433,11.4701372053872,0.0,55.433,11.8093316498317
6664,0.0,56.409,15.3533716699155,0.0,56.409,15.7539291747888
6665,0.0,56.409,15.3533716699155,0.0,56.409,15.7539291747888
6666,0.0,56.409,15.3533716699155,0.0,56.409,15.7539291747888
6667,0.0,56.409,15.3533716699155,0.0,56.409,15.7539291747888
6668,0.0,56.409,15.3533716699155,0.0,56.409,15.7539291747888
6669,0.0,56.409,15.3533716699155,0.0,56.409,15.7539291747888
6670,0.0,56.409,15.3533716699155,0.0,56.409,15.7539291747888
6671,0.0,56.409,15.3533716699155,0.0,56.409,15.7539291747888
6672,0.0,56.409,15.3533716699155,0.0,56.409,15.7539291747888
6673,0.0,53.73,28.8830740740741,0.0,53.73,29.0636296296296
6674,0.0,54.911,14.6073633156966,0.0,54.911,14.9240643738977
6675,0.0,54.911,14.6073633156966,0.0,54.911,14.9240643738977
6676,0.0,54.911,14.6073633156966,0.0,54.911,14.9240643738977
6677,0.0,56.176,18.5423627075351,0.0,56.176,18.8844125159642
6678,0.0,49.583,14.3299338624339,0.0,49.583,14.539349537037
6679,0.0,49.583,14.3299338624339,0.0,49.583,14.539349537037
6680,0.0,49.583,14.3299338624339,0.0,49.583,14.539349537037
6681,0.0,49.583,14.3299338624339,0.0,49.583,14.539349537037
6682,0.0,49.583,14.3299338624339,0.0,49.583,14.539349537037
6683,0.0,49.583,14.3299338624339,0.0,49.583,14.539349537037
6684,0.0,49.583,14.3299338624339,0.0,49.583,14.539349537037
6685,0.0,45.923,10.6027911522634,0.0,45.923,11.1848189300412
6686,0.0,45.923,10.6027911522634,0.0,45.923,11.1848189300412
6687,0.0,45.923,10.6027911522634,0.0,45.923,11.1848189300412
6688,0.0,45.923,10.6027911522634,0.0,45.923,11.1848189300412
6689,0.0,45.865,11.5509489611563,0.0,45.865,12.1562335140018
6690,0.0,45.865,11.5509489611563,0.0,45.865,12.1562335140018
6691,0.0,45.865,11.5509489611563,0.0,45.865,12.1562335140018
6692,0.0,45.865,11.5509489611563,0.0,45.865,12.1562335140018
6693,0.0,42.782,15.2975356125356,0.0,42.782,15.6901680911681
6694,0.0,42.782,15.2975356125356,0.0,42.782,15.6901680911681
6695,0.0,42.782,15.2975356125356,0.0,42.782,15.6901680911681
6696,0.0,42.782,15.2975356125356,0.0,42.782,15.6901680911681
6697,0.0,40.009,15.5571481481481,0.0,40.009,16.4047037037037
6698,0.0,36.173,12.3702407407407,0.0,36.173,13.0260185185185
6699,0.0,36.173,12.3702407407407,0.0,36.173,13.0260185185185
6700,0.0,42.491,10.5667373113855,0.0,42.491,11.371426611797
6701,0.0,42.491,10.5667373113855,0.0,42.491,11.371426611797
6702,0.0,38.266,8.75156128747795,0.0,38.266,9.59531657848325
6703,0.0,38.266,8.75156128747795,0.0,38.266,9.59531657848325
6704,0.0,38.266,8.75156128747795,0.0,38.266,9.59531657848325
6705,0.0,38.266,8.75156128747795,0.0,38.266,9.59531657848325
6706,0.0,38.266,8.75156128747795,0.0,38.266,9.59531657848325
6707,0.0,51.919,11.3033975765889,0.0,51.919,11.6967267946959
6708,0.0,51.919,11.3033975765889,0.0,51.919,11.6967267946959
6709,0.0,51.919,11.3033975765889,0.0,51.919,11.6967267946959
6710,0.0,53.602,8.19984934086629,0.0,53.602,8.73482391713748
6711,0.0,53.602,8.19984934086629,0.0,53.602,8.73482391713748
6712,0.0,53.602,8.19984934086629,0.0,53.602,8.73482391713748
6713,0.0,51.919,11.3033975765889,0.0,51.919,11.6967267946959
6714,0.0,53.602,8.19984934086629,0.0,53.602,8.73482391713748
6715,0.0,55.433,11.4701372053872,0.0,55.433,11.8093316498317
6716,0.0,55.433,11.4701372053872,0.0,55.433,11.8093316498317
6717,0.0,55.433,11.4701372053872,0.0,55.433,11.8093316498317
6718,0.0,55.433,11.4701372053872,0.0,55.433,11.8093316498317
6719,0.0,55.433,11.4701372053872,0.0,55.433,11.8093316498317
6720,0.0,56.409,15.3533716699155,0.0,56.409,15.7539291747888
6721,0.0,56.409,15.3533716699155,0.0,56.409,15.7539291747888
6722,0.0,56.409,15.3533716699155,0.0,56.409,15.7539291747888
6723,0.0,56.409,15.3533716699155,0.0,56.409,15.7539291747888
6724,0.0,56.409,15.3533716699155,0.0,56.409,15.7539291747888
6725,0.0,56.409,15.3533716699155,0.0,56.409,15.7539291747888
6726,0.0,56.409,15.3533716699155,0.0,56.409,15.7539291747888
6727,0.0,56.409,15.3533716699155,0.0,56.409,15.7539291747888
6728,0.0,55.751,26.9146574074074,0.0,55.751,26.9211018518519
6729,0.0,55.87,30.2584444444444,0.0,55.87,30.4722222222222
6730,0.0,51.659,27.3227037037037,0.0,51.659,27.3227037037037
6731,0.0,60.778,19.7432716049383,0.0,60.778,19.9599111111111
6732,0.0,56.176,18.5423627075351,0.0,56.176,18.8844125159642
6733,0.0,56.176,18.5423627075351,0.0,56.176,18.8844125159642
6734,0.0,56.176,18.5423627075351,0.0,56.176,18.8844125159642
6735,0.0,56.176,18.5423627075351,0.0,56.176,18.8844125159642
6736,0.0,55.43,16.2137662037037,0.0,55.43,16.3385266203704
6737,0.0,55.43,16.2137662037037,0.0,55.43,16.3385266203704
6738,0.0,49.583,14.3299338624339,0.0,49.583,14.539349537037
6739,0.0,49.583,14.3299338624339,0.0,49.583,14.539349537037
6740,0.0,49.583,14.3299338624339,0.0,49.583,14.539349537037
6741,0.0,49.583,14.3299338624339,0.0,49.583,14.539349537037
6742,0.0,49.583,14.3299338624339,0.0,49.583,14.539349537037
6743,0.0,49.583,14.3299338624339,0.0,49.583,14.539349537037
6744,0.0,45.923,10.6027911522634,0.0,45.923,11.1848189300412
6745,0.0,45.923,10.6027911522634,0.0,45.923,11.1848189300412
6746,0.0,45.923,10.6027911522634,0.0,45.923,11.1848189300412
6747,0.0,45.923,10.6027911522634,0.0,45.923,11.1848189300412
6748,0.0,45.865,11.5509489611563,0.0,45.865,12.1562335140018
6749,0.0,45.865,11.5509489611563,0.0,45.865,12.1562335140018
6750,0.0,45.865,11.5509489611563,0.0,45.865,12.1562335140018
6751,0.0,45.865,11.5509489611563,0.0,45.865,12.1562335140018
6752,0.0,42.782,15.2975356125356,0.0,42.782,15.6901680911681
6753,0.0,42.782,15.2975356125356,0.0,42.782,15.6901680911681
6754,0.0,42.782,15.2975356125356,0.0,42.782,15.6901680911681
6755,0.0,42.896,12.9140037037037,0.0,42.896,13.5527481481481
6756,0.0,39.604,14.026537037037,0.0,39.604,14.7992037037037
6757,0.0,40.47,14.0405462962963,0.0,40.47,14.8004907407407
6758,0.0,42.491,10.5667373113855,0.0,42.491,11.371426611797
6759,0.0,42.491,10.5667373113855,0.0,42.491,11.371426611797
6760,0.0,42.491,10.5667373113855,0.0,42.491,11.371426611797
6761,0.0,38.266,8.75156128747795,0.0,38.266,9.59531657848325
6762,0.0,38.266,8.75156128747795,0.0,38.266,9.59531657848325
6763,0.0,38.266,8.75156128747795,0.0,38.266,9.59531657848325
6764,0.0,38.266,8.75156128747795,0.0,38.266,9.59531657848325
6765,0.0,38.266,8.75156128747795,0.0,38.266,9.59531657848325
6766,0.0,51.919,11.3033975765889,0.0,51.919,11.6967267946959
6767,0.0,51.919,11.3033975765889,0.0,51.919,11.6967267946959
6768,0.0,51.919,11.3033975765889,0.0,51.919,11.6967267946959
6769,0.0,51.919,11.3033975765889,0.0,51.919,11.6967267946959
6770,0.0,51.919,11.3033975765889,0.0,51.919,11.6967267946959
6771,0.0,51.919,11.3033975765889,0.0,51.919,11.6967267946959
6772,0.0,55.433,11.4701372053872,0.0,55.433,11.8093316498317
6773,0.0,55.433,11.4701372053872,0.0,55.433,11.8093316498317
6774,0.0,55.433,11.4701372053872,0.0,55.433,11.8093316498317
6775,0.0,54.233,8.86889790232711,0.0,54.233,9.32448115372009
6776,0.0,54.233,8.86889790232711,0.0,54.233,9.32448115372009
6777,0.0,55.433,11.4701372053872,0.0,55.433,11.8093316498317
6778,0.0,55.433,11.4701372053872,0.0,55.433,11.8093316498317
6779,0.0,56.409,15.3533716699155,0.0,56.409,15.7539291747888
6780,0.0,56.409,15.3533716699155,0.0,56.409,15.7539291747888
6781,0.0,56.409,15.3533716699155,0.0,56.409,15.7539291747888
6782,0.0,56.409,15.3533716699155,0.0,56.409,15.7539291747888
6783,0.0,56.409,15.3533716699155,0.0,56.409,15.7539291747888
6784,0.0,56.409,15.3533716699155,0.0,56.409,15.7539291747888
6785,0.0,56.409,15.3533716699155,0.0,56.409,15.7539291747888
6786,0.0,55.502,29.123962962963,0.0,55.502,29.123962962963
6787,0.0,60.778,19.7432716049383,0.0,60.778,19.9599111111111
6788,0.0,51.659,27.3227037037037,0.0,51.659,27.3227037037037
6789,0.0,60.778,19.7432716049383,0.0,60.778,19.9599111111111
6790,0.0,60.778,19.7432716049383,0.0,60.778,19.9599111111111
6791,0.0,60.778,19.7432716049383,0.0,60.778,19.9599111111111
6792,0.0,56.176,18.5423627075351,0.0,56.176,18.8844125159642
6793,0.0,56.176,18.5423627075351,0.0,56.176,18.8844125159642
6794,0.0,56.176,18.5423627075351,0.0,56.176,18.8844125159642
6795,0.0,56.176,18.5423627075351,0.0,56.176,18.8844125159642
6796,0.0,56.176,18.5423627075351,0.0,56.176,18.8844125159642
6797,0.0,55.43,16.2137662037037,0.0,55.43,16.3385266203704
6798,0.0,55.43,16.2137662037037,0.0,55.43,16.3385266203704
6799,0.0,55.43,16.2137662037037,0.0,55.43,16.3385266203704
6800,0.0,49.583,14.3299338624339,0.0,49.583,14.539349537037
6801,0.0,55.43,16.2137662037037,0.0,55.43,16.3385266203704
6802,0.0,49.583,14.3299338624339,0.0,49.583,14.539349537037
6803,0.0,49.583,14.3299338624339,0.0,49.583,14.539349537037
6804,0.0,45.923,10.6027911522634,0.0,45.923,11.1848189300412
6805,0.0,45.923,10.6027911522634,0.0,45.923,11.1848189300412
6806,0.0,45.923,10.6027911522634,0.0,45.923,11.1848189300412
6807,0.0,45.923,10.6027911522634,0.0,45.923,11.1848189300412
6808,0.0,45.865,11.5509489611563,0.0,45.865,12.1562335140018
6809,0.0,45.865,11.5509489611563,0.0,45.865,12.1562335140018
6810,0.0,45.865,11.5509489611563,0.0,45.865,12.1562335140018
6811,0.0,45.865,11.5509489611563,0.0,45.865,12.1562335140018
6812,0.0,45.865,11.5509489611563,0.0,45.865,12.1562335140018
6813,0.0,45.865,11.5509489611563,0.0,45.865,12.1562335140018
6814,0.0,42.896,12.9140037037037,0.0,42.896,13.5527481481481
6815,0.0,42.896,12.9140037037037,0.0,42.896,13.5527481481481
6816,0.0,40.47,14.0405462962963,0.0,40.47,14.8004907407407
6817,0.0,42.896,12.9140037037037,0.0,42.896,13.5527481481481
6818,0.0,40.47,14.0405462962963,0.0,40.47,14.8004907407407
6819,0.0,42.896,12.9140037037037,0.0,42.896,13.5527481481481
6820,0.0,42.491,10.5667373113855,0.0,42.491,11.371426611797
6821,0.0,42.491,10.5667373113855,0.0,42.491,11.371426611797
6822,0.0,38.266,8.75156128747795,0.0,38.266,9.59531657848325
6823,0.0,38.266,8.75156128747795,0.0,38.266,9.59531657848325
6824,0.0,38.266,8.75156128747795,0.0,38.266,9.59531657848325
6825,0.0,51.919,11.3033975765889,0.0,51.919,11.6967267946959
6826,0.0,51.919,11.3033975765889,0.0,51.919,11.6967267946959
6827,0.0,51.919,11.3033975765889,0.0,51.919,11.6967267946959
6828,0.0,51.919,11.3033975765889,0.0,51.919,11.6967267946959
6829,0.0,51.919,11.3033975765889,0.0,51.919,11.6967267946959
6830,0.0,51.919,11.3033975765889,0.0,51.919,11.6967267946959
6831,0.0,51.919,11.3033975765889,0.0,51.919,11.6967267946959
6832,0.0,51.919,11.3033975765889,0.0,51.919,11.6967267946959
6833,0.0,51.919,11.3033975765889,0.0,51.919,11.6967267946959
6834,0.0,54.233,8.86889790232711,0.0,54.233,9.32448115372009
6835,0.0,54.233,8.86889790232711,0.0,54.233,9.32448115372009
6836,0.0,54.233,8.86889790232711,0.0,54.233,9.32448115372009
6837,0.0,54.233,8.86889790232711,0.0,54.233,9.32448115372009
6838,0.0,54.233,8.86889790232711,0.0,54.233,9.32448115372009
6839,0.0,54.233,8.86889790232711,0.0,54.233,9.32448115372009
6840,0.0,56.409,15.3533716699155,0.0,56.409,15.7539291747888
6841,0.0,54.233,8.86889790232711,0.0,54.233,9.32448115372009
6842,0.0,56.409,15.3533716699155,0.0,56.409,15.7539291747888
6843,0.0,54.233,8.86889790232711,0.0,54.233,9.32448115372009
6844,0.0,56.409,15.3533716699155,0.0,56.409,15.7539291747888
6845,0.0,56.409,15.3533716699155,0.0,56.409,15.7539291747888
6846,0.0,56.409,15.3533716699155,0.0,56.409,15.7539291747888
6847,0.0,60.778,19.7432716049383,0.0,60.778,19.9599111111111
6848,0.0,60.778,19.7432716049383,0.0,60.778,19.9599111111111
6849,0.0,60.778,19.7432716049383,0.0,60.778,19.9599111111111
6850,0.0,60.778,19.7432716049383,0.0,60.778,19.9599111111111
6851,0.0,60.778,19.7432716049383,0.0,60.778,19.9599111111111
6852,0.0,60.778,19.7432716049383,0.0,60.778,19.9599111111111
6853,0.0,60.778,19.7432716049383,0.0,60.778,19.9599111111111
6854,0.0,56.176,18.5423627075351,0.0,56.176,18.8844125159642
6855,0.0,56.176,18.5423627075351,0.0,56.176,18.8844125159642
6856,0.0,56.176,18.5423627075351,0.0,56.176,18.8844125159642
6857,0.0,56.176,18.5423627075351,0.0,56.176,18.8844125159642
6858,0.0,56.176,18.5423627075351,0.0,56.176,18.8844125159642
6859,0.0,55.43,16.2137662037037,0.0,55.43,16.3385266203704
6860,0.0,55.43,16.2137662037037,0.0,55.43,16.3385266203704
6861,0.0,55.43,16.2137662037037,0.0,55.43,16.3385266203704
6862,0.0,55.43,16.2137662037037,0.0,55.43,16.3385266203704
6863,0.0,55.43,16.2137662037037,0.0,55.43,16.3385266203704
6864,0.0,55.43,16.2137662037037,0.0,55.43,16.3385266203704
6865,0.0,55.43,16.2137662037037,0.0,55.43,16.3385266203704
6866,0.0,49.583,14.3299338624339,0.0,49.583,14.539349537037
6867,0.0,45.923,10.6027911522634,0.0,45.923,11.1848189300412
6868,0.0,45.923,10.6027911522634,0.0,45.923,11.1848189300412
6869,0.0,37.939,9.80769135802469,0.0,37.939,10.5839320987654
6870,0.0,45.923,10.6027911522634,0.0,45.923,11.1848189300412
6871,0.0,45.865,11.5509489611563,0.0,45.865,12.1562335140018
6872,0.0,45.865,11.5509489611563,0.0,45.865,12.1562335140018
6873,0.0,45.865,11.5509489611563,0.0,45.865,12.1562335140018
6874,0.0,45.865,11.5509489611563,0.0,45.865,12.1562335140018
6875,0.0,45.865,11.5509489611563,0.0,45.865,12.1562335140018
6876,0.0,42.896,12.9140037037037,0.0,42.896,13.5527481481481
6877,0.0,44.009,11.8717777777778,0.0,44.009,12.5102345679012
6878,0.0,42.896,12.9140037037037,0.0,42.896,13.5527481481481
6879,0.0,42.896,12.9140037037037,0.0,42.896,13.5527481481481
6880,0.0,42.896,12.9140037037037,0.0,42.896,13.5527481481481
6881,0.0,42.896,12.9140037037037,0.0,42.896,13.5527481481481
6882,0.0,42.491,10.5667373113855,0.0,42.491,11.371426611797
6883,0.0,42.491,10.5667373113855,0.0,42.491,11.371426611797
6884,0.0,42.491,10.5667373113855,0.0,42.491,11.371426611797
6885,0.0,38.266,8.75156128747795,0.0,38.266,9.59531657848325
6886,0.0,51.919,11.3033975765889,0.0,51.919,11.6967267946959
6887,0.0,51.919,11.3033975765889,0.0,51.919,11.6967267946959
6888,0.0,51.919,11.3033975765889,0.0,51.919,11.6967267946959
6889,0.0,51.919,11.3033975765889,0.0,51.919,11.6967267946959
6890,0.0,51.919,11.3033975765889,0.0,51.919,11.6967267946959
6891,0.0,51.919,11.3033975765889,0.0,51.919,11.6967267946959
6892,0.0,51.919,11.3033975765889,0.0,51.919,11.6967267946959
6893,0.0,51.919,11.3033975765889,0.0,51.919,11.6967267946959
6894,0.0,51.919,11.3033975765889,0.0,51.919,11.6967267946959
6895,0.0,51.919,11.3033975765889,0.0,51.919,11.6967267946959
6896,0.0,55.507,12.6055130906769,0.0,55.507,12.9019182630907
6897,0.0,53.934,8.84925,0.0,53.934,9.28589636752137
6898,0.0,54.233,8.86889790232711,0.0,54.233,9.32448115372009
6899,0.0,54.233,8.86889790232711,0.0,54.233,9.32448115372009
6900,0.0,54.233,8.86889790232711,0.0,54.233,9.32448115372009
6901,0.0,54.233,8.86889790232711,0.0,54.233,9.32448115372009
6902,0.0,54.233,8.86889790232711,0.0,54.233,9.32448115372009
6903,0.0,54.233,8.86889790232711,0.0,54.233,9.32448115372009
6904,0.0,54.233,8.86889790232711,0.0,54.233,9.32448115372009
6905,0.0,54.233,8.86889790232711,0.0,54.233,9.32448115372009
6906,0.0,56.409,15.3533716699155,0.0,56.409,15.7539291747888
6907,0.0,54.233,8.86889790232711,0.0,54.233,9.32448115372009
6908,0.0,54.233,8.86889790232711,0.0,54.233,9.32448115372009
6909,0.0,60.778,19.7432716049383,0.0,60.778,19.9599111111111
6910,0.0,60.778,19.7432716049383,0.0,60.778,19.9599111111111
6911,0.0,60.778,19.7432716049383,0.0,60.778,19.9599111111111
6912,0.0,60.778,19.7432716049383,0.0,60.778,19.9599111111111
6913,0.0,60.778,19.7432716049383,0.0,60.778,19.9599111111111
6914,0.0,60.778,19.7432716049383,0.0,60.778,19.9599111111111
6915,0.0,60.778,19.7432716049383,0.0,60.778,19.9599111111111
6916,0.0,56.176,18.5423627075351,0.0,56.176,18.8844125159642
6917,0.0,56.176,18.5423627075351,0.0,56.176,18.8844125159642
6918,0.0,56.176,18.5423627075351,0.0,56.176,18.8844125159642
6919,0.0,56.176,18.5423627075351,0.0,56.176,18.8844125159642
6920,0.0,56.176,18.5423627075351,0.0,56.176,18.8844125159642
6921,0.0,58.147,16.5996695156695,0.0,58.147,16.8093842592593
6922,0.0,55.43,16.2137662037037,0.0,55.43,16.3385266203704
6923,0.0,55.43,16.2137662037037,0.0,55.43,16.3385266203704
6924,0.0,55.43,16.2137662037037,0.0,55.43,16.3385266203704
6925,0.0,55.43,16.2137662037037,0.0,55.43,16.3385266203704
6926,0.0,55.43,16.2137662037037,0.0,55.43,16.3385266203704
6927,0.0,55.43,16.2137662037037,0.0,55.43,16.3385266203704
6928,0.0,55.43,16.2137662037037,0.0,55.43,16.3385266203704
6929,0.0,55.43,16.2137662037037,0.0,55.43,16.3385266203704
6930,0.0,37.939,9.80769135802469,0.0,37.939,10.5839320987654
6931,0.0,37.939,9.80769135802469,0.0,37.939,10.5839320987654
6932,0.0,37.939,9.80769135802469,0.0,37.939,10.5839320987654
6933,0.0,45.865,11.5509489611563,0.0,45.865,12.1562335140018
6934,0.0,45.865,11.5509489611563,0.0,45.865,12.1562335140018
6935,0.0,45.865,11.5509489611563,0.0,45.865,12.1562335140018
6936,0.0,45.865,11.5509489611563,0.0,45.865,12.1562335140018
6937,0.0,45.865,11.5509489611563,0.0,45.865,12.1562335140018
6938,0.0,44.009,11.8717777777778,0.0,44.009,12.5102345679012
6939,0.0,44.009,11.8717777777778,0.0,44.009,12.5102345679012
6940,0.0,42.896,12.9140037037037,0.0,42.896,13.5527481481481
6941,0.0,42.896,12.9140037037037,0.0,42.896,13.5527481481481
6942,0.0,42.896,12.9140037037037,0.0,42.896,13.5527481481481
6943,0.0,43.059,13.141437037037,0.0,43.059,13.7264842592593
6944,0.0,43.059,13.141437037037,0.0,43.059,13.7264842592593
6945,0.0,43.059,13.141437037037,0.0,43.059,13.7264842592593
6946,0.0,43.059,13.141437037037,0.0,43.059,13.7264842592593
6947,0.0,51.919,11.3033975765889,0.0,51.919,11.6967267946959
6948,0.0,51.919,11.3033975765889,0.0,51.919,11.6967267946959
6949,0.0,51.919,11.3033975765889,0.0,51.919,11.6967267946959
6950,0.0,51.919,11.3033975765889,0.0,51.919,11.6967267946959
6951,0.0,51.919,11.3033975765889,0.0,51.919,11.6967267946959
6952,0.0,51.919,11.3033975765889,0.0,51.919,11.6967267946959
6953,0.0,55.507,12.6055130906769,0.0,55.507,12.9019182630907
6954,0.0,51.919,11.3033975765889,0.0,51.919,11.6967267946959
6955,0.0,51.919,11.3033975765889,0.0,51.919,11.6967267946959
6956,0.0,51.919,11.3033975765889,0.0,51.919,11.6967267946959
6957,0.0,55.507,12.6055130906769,0.0,55.507,12.9019182630907
6958,0.0,55.507,12.6055130906769,0.0,55.507,12.9019182630907
6959,0.0,53.934,8.84925,0.0,53.934,9.28589636752137
6960,0.0,54.233,8.86889790232711,0.0,54.233,9.32448115372009
6961,0.0,54.233,8.86889790232711,0.0,54.233,9.32448115372009
6962,0.0,54.233,8.86889790232711,0.0,54.233,9.32448115372009
6963,0.0,54.233,8.86889790232711,0.0,54.233,9.32448115372009
6964,0.0,54.233,8.86889790232711,0.0,54.233,9.32448115372009
6965,0.0,54.233,8.86889790232711,0.0,54.233,9.32448115372009
6966,0.0,54.233,8.86889790232711,0.0,54.233,9.32448115372009
6967,0.0,54.233,8.86889790232711,0.0,54.233,9.32448115372009
6968,0.0,54.233,8.86889790232711,0.0,54.233,9.32448115372009
6969,0.0,54.233,8.86889790232711,0.0,54.233,9.32448115372009
6970,0.0,54.233,8.86889790232711,0.0,54.233,9.32448115372009
6971,0.0,54.233,8.86889790232711,0.0,54.233,9.32448115372009
6972,0.0,60.778,19.7432716049383,0.0,60.778,19.9599111111111
6973,0.0,60.778,19.7432716049383,0.0,60.778,19.9599111111111
6974,0.0,60.778,19.7432716049383,0.0,60.778,19.9599111111111
6975,0.0,60.778,19.7432716049383,0.0,60.778,19.9599111111111
6976,0.0,60.778,19.7432716049383,0.0,60.778,19.9599111111111
6977,0.0,51.296,27.6327037037037,0.0,51.296,27.6327037037037
6978,0.0,56.176,18.5423627075351,0.0,56.176,18.8844125159642
6979,0.0,56.176,18.5423627075351,0.0,56.176,18.8844125159642
6980,0.0,56.176,18.5423627075351,0.0,56.176,18.8844125159642
6981,0.0,58.147,16.5996695156695,0.0,58.147,16.8093842592593
6982,0.0,58.147,16.5996695156695,0.0,58.147,16.8093842592593
6983,0.0,58.147,16.5996695156695,0.0,58.147,16.8093842592593
6984,0.0,58.147,16.5996695156695,0.0,58.147,16.8093842592593
6985,0.0,55.43,16.2137662037037,0.0,55.43,16.3385266203704
6986,0.0,55.43,16.2137662037037,0.0,55.43,16.3385266203704
6987,0.0,55.43,16.2137662037037,0.0,55.43,16.3385266203704
6988,0.0,55.43,16.2137662037037,0.0,55.43,16.3385266203704
6989,0.0,53.694,15.1112583333333,0.0,53.694,15.3538027777778
6990,0.0,53.694,15.1112583333333,0.0,53.694,15.3538027777778
6991,0.0,53.694,15.1112583333333,0.0,53.694,15.3538027777778
6992,0.0,53.694,15.1112583333333,0.0,53.694,15.3538027777778
6993,0.0,53.723,17.6568620188816,0.0,53.723,17.9366169208424
6994,0.0,53.723,17.6568620188816,0.0,53.723,17.9366169208424
6995,0.0,45.865,11.5509489611563,0.0,45.865,12.1562335140018
6996,0.0,45.865,11.5509489611563,0.0,45.865,12.1562335140018
6997,0.0,45.865,11.5509489611563,0.0,45.865,12.1562335140018
6998,0.0,45.865,11.5509489611563,0.0,45.865,12.1562335140018
6999,0.0,45.865,11.5509489611563,0.0,45.865,12.1562335140018
7000,0.0,44.009,11.8717777777778,0.0,44.009,12.5102345679012
7001,0.0,44.009,11.8717777777778,0.0,44.009,12.5102345679012
7002,0.0,44.009,11.8717777777778,0.0,44.009,12.5102345679012
7003,0.0,44.009,11.8717777777778,0.0,44.009,12.5102345679012
7004,0.0,43.059,13.141437037037,0.0,43.059,13.7264842592593
7005,0.0,43.059,13.141437037037,0.0,43.059,13.7264842592593
7006,0.0,43.059,13.141437037037,0.0,43.059,13.7264842592593
7007,0.0,43.059,13.141437037037,0.0,43.059,13.7264842592593
7008,0.0,43.059,13.141437037037,0.0,43.059,13.7264842592593
7009,0.0,43.059,13.141437037037,0.0,43.059,13.7264842592593
7010,0.0,51.919,11.3033975765889,0.0,51.919,11.6967267946959
7011,0.0,51.919,11.3033975765889,0.0,51.919,11.6967267946959
7012,0.0,51.919,11.3033975765889,0.0,51.919,11.6967267946959
7013,0.0,51.919,11.3033975765889,0.0,51.919,11.6967267946959
7014,0.0,51.919,11.3033975765889,0.0,51.919,11.6967267946959
7015,0.0,55.507,12.6055130906769,0.0,55.507,12.9019182630907
7016,0.0,55.507,12.6055130906769,0.0,55.507,12.9019182630907
7017,0.0,55.507,12.6055130906769,0.0,55.507,12.9019182630907
7018,0.0,55.507,12.6055130906769,0.0,55.507,12.9019182630907
7019,0.0,55.507,12.6055130906769,0.0,55.507,12.9019182630907
7020,0.0,55.507,12.6055130906769,0.0,55.507,12.9019182630907
7021,0.0,53.934,8.84925,0.0,53.934,9.28589636752137
7022,0.0,54.233,8.86889790232711,0.0,54.233,9.32448115372009
7023,0.0,54.233,8.86889790232711,0.0,54.233,9.32448115372009
7024,0.0,54.233,8.86889790232711,0.0,54.233,9.32448115372009
7025,0.0,54.233,8.86889790232711,0.0,54.233,9.32448115372009
7026,0.0,54.233,8.86889790232711,0.0,54.233,9.32448115372009
7027,0.0,54.233,8.86889790232711,0.0,54.233,9.32448115372009
7028,0.0,54.233,8.86889790232711,0.0,54.233,9.32448115372009
7029,0.0,54.233,8.86889790232711,0.0,54.233,9.32448115372009
7030,0.0,54.233,8.86889790232711,0.0,54.233,9.32448115372009
7031,0.0,54.233,8.86889790232711,0.0,54.233,9.32448115372009
7032,0.0,54.233,8.86889790232711,0.0,54.233,9.32448115372009
7033,0.0,54.233,8.86889790232711,0.0,54.233,9.32448115372009
7034,0.0,54.233,8.86889790232711,0.0,54.233,9.32448115372009
7035,0.0,60.778,19.7432716049383,0.0,60.778,19.9599111111111
7036,0.0,60.778,19.7432716049383,0.0,60.778,19.9599111111111
7037,0.0,60.778,19.7432716049383,0.0,60.778,19.9599111111111
7038,0.0,60.778,19.7432716049383,0.0,60.778,19.9599111111111
7039,0.0,60.778,19.7432716049383,0.0,60.778,19.9599111111111
7040,0.0,56.176,18.5423627075351,0.0,56.176,18.8844125159642
7041,0.0,56.176,18.5423627075351,0.0,56.176,18.8844125159642
7042,0.0,56.176,18.5423627075351,0.0,56.176,18.8844125159642
7043,0.0,58.147,16.5996695156695,0.0,58.147,16.8093842592593
7044,0.0,58.147,16.5996695156695,0.0,58.147,16.8093842592593
7045,0.0,58.147,16.5996695156695,0.0,58.147,16.8093842592593
7046,0.0,58.147,16.5996695156695,0.0,58.147,16.8093842592593
7047,0.0,58.147,16.5996695156695,0.0,58.147,16.8093842592593
7048,0.0,55.43,16.2137662037037,0.0,55.43,16.3385266203704
7049,0.0,53.694,15.1112583333333,0.0,53.694,15.3538027777778
7050,0.0,55.43,16.2137662037037,0.0,55.43,16.3385266203704
7051,0.0,53.694,15.1112583333333,0.0,53.694,15.3538027777778
7052,0.0,53.694,15.1112583333333,0.0,53.694,15.3538027777778
7053,0.0,53.694,15.1112583333333,0.0,53.694,15.3538027777778
7054,0.0,53.694,15.1112583333333,0.0,53.694,15.3538027777778
7055,0.0,53.723,17.6568620188816,0.0,53.723,17.9366169208424
7056,0.0,53.723,17.6568620188816,0.0,53.723,17.9366169208424
7057,0.0,53.723,17.6568620188816,0.0,53.723,17.9366169208424
7058,0.0,45.865,11.5509489611563,0.0,45.865,12.1562335140018
7059,0.0,45.865,11.5509489611563,0.0,45.865,12.1562335140018
7060,0.0,45.556,13.2897158564815,0.0,45.556,13.913490162037
7061,0.0,45.556,13.2897158564815,0.0,45.556,13.913490162037
7062,0.0,45.556,13.2897158564815,0.0,45.556,13.913490162037
7063,0.0,45.556,13.2897158564815,0.0,45.556,13.913490162037
7064,0.0,44.009,11.8717777777778,0.0,44.009,12.5102345679012
7065,0.0,42.482,12.4323322440087,0.0,42.482,13.1523191721133
7066,0.0,42.482,12.4323322440087,0.0,42.482,13.1523191721133
7067,0.0,42.482,12.4323322440087,0.0,42.482,13.1523191721133
7068,0.0,43.246,13.0787345679012,0.0,43.246,13.6964382716049
7069,0.0,43.059,13.141437037037,0.0,43.059,13.7264842592593
7070,0.0,43.059,13.141437037037,0.0,43.059,13.7264842592593
7071,0.0,50.935,11.2293305555556,0.0,50.935,11.885525
7072,0.0,50.935,11.2293305555556,0.0,50.935,11.885525
7073,0.0,51.919,11.3033975765889,0.0,51.919,11.6967267946959
7074,0.0,51.919,11.3033975765889,0.0,51.919,11.6967267946959
7075,0.0,51.919,11.3033975765889,0.0,51.919,11.6967267946959
7076,0.0,51.919,11.3033975765889,0.0,51.919,11.6967267946959
7077,0.0,51.919,11.3033975765889,0.0,51.919,11.6967267946959
7078,0.0,55.507,12.6055130906769,0.0,55.507,12.9019182630907
7079,0.0,55.507,12.6055130906769,0.0,55.507,12.9019182630907
7080,0.0,55.507,12.6055130906769,0.0,55.507,12.9019182630907
7081,0.0,55.507,12.6055130906769,0.0,55.507,12.9019182630907
7082,0.0,55.507,12.6055130906769,0.0,55.507,12.9019182630907
7083,0.0,55.507,12.6055130906769,0.0,55.507,12.9019182630907
7084,0.0,53.934,8.84925,0.0,53.934,9.28589636752137
7085,0.0,53.934,8.84925,0.0,53.934,9.28589636752137
7086,0.0,54.233,8.86889790232711,0.0,54.233,9.32448115372009
7087,0.0,54.233,8.86889790232711,0.0,54.233,9.32448115372009
7088,0.0,54.233,8.86889790232711,0.0,54.233,9.32448115372009
7089,0.0,54.233,8.86889790232711,0.0,54.233,9.32448115372009
7090,0.0,54.233,8.86889790232711,0.0,54.233,9.32448115372009
7091,0.0,54.233,8.86889790232711,0.0,54.233,9.32448115372009
7092,0.0,54.233,8.86889790232711,0.0,54.233,9.32448115372009
7093,0.0,54.233,8.86889790232711,0.0,54.233,9.32448115372009
7094,0.0,54.233,8.86889790232711,0.0,54.233,9.32448115372009
7095,0.0,54.233,8.86889790232711,0.0,54.233,9.32448115372009
7096,0.0,54.233,8.86889790232711,0.0,54.233,9.32448115372009
7097,0.0,60.778,19.7432716049383,0.0,60.778,19.9599111111111
7098,0.0,60.778,19.7432716049383,0.0,60.778,19.9599111111111
7099,0.0,60.778,19.7432716049383,0.0,60.778,19.9599111111111
7100,0.0,60.778,19.7432716049383,0.0,60.778,19.9599111111111
7101,0.0,60.778,19.7432716049383,0.0,60.778,19.9599111111111
7102,0.0,58.147,16.5996695156695,0.0,58.147,16.8093842592593
7103,0.0,58.147,16.5996695156695,0.0,58.147,16.8093842592593
7104,0.0,58.147,16.5996695156695,0.0,58.147,16.8093842592593
7105,0.0,58.147,16.5996695156695,0.0,58.147,16.8093842592593
7106,0.0,58.147,16.5996695156695,0.0,58.147,16.8093842592593
7107,0.0,58.147,16.5996695156695,0.0,58.147,16.8093842592593
7108,0.0,58.147,16.5996695156695,0.0,58.147,16.8093842592593
7109,0.0,58.147,16.5996695156695,0.0,58.147,16.8093842592593
7110,0.0,53.694,15.1112583333333,0.0,53.694,15.3538027777778
7111,0.0,53.694,15.1112583333333,0.0,53.694,15.3538027777778
7112,0.0,53.694,15.1112583333333,0.0,53.694,15.3538027777778
7113,0.0,53.694,15.1112583333333,0.0,53.694,15.3538027777778
7114,0.0,53.723,17.6568620188816,0.0,53.723,17.9366169208424
7115,0.0,53.723,17.6568620188816,0.0,53.723,17.9366169208424
7116,0.0,53.723,17.6568620188816,0.0,53.723,17.9366169208424
7117,0.0,53.723,17.6568620188816,0.0,53.723,17.9366169208424
7118,0.0,53.723,17.6568620188816,0.0,53.723,17.9366169208424
7119,0.0,53.723,17.6568620188816,0.0,53.723,17.9366169208424
7120,0.0,45.865,11.5509489611563,0.0,45.865,12.1562335140018
7121,0.0,45.556,13.2897158564815,0.0,45.556,13.913490162037
7122,0.0,45.556,13.2897158564815,0.0,45.556,13.913490162037
7123,0.0,45.556,13.2897158564815,0.0,45.556,13.913490162037
7124,0.0,45.556,13.2897158564815,0.0,45.556,13.913490162037
7125,0.0,45.556,13.2897158564815,0.0,45.556,13.913490162037
7126,0.0,42.482,12.4323322440087,0.0,42.482,13.1523191721133
7127,0.0,42.482,12.4323322440087,0.0,42.482,13.1523191721133
7128,0.0,42.482,12.4323322440087,0.0,42.482,13.1523191721133
7129,0.0,42.482,12.4323322440087,0.0,42.482,13.1523191721133
7130,0.0,43.059,13.141437037037,0.0,43.059,13.7264842592593
7131,0.0,43.059,13.141437037037,0.0,43.059,13.7264842592593
7132,0.0,43.059,13.141437037037,0.0,43.059,13.7264842592593
7133,0.0,50.935,11.2293305555556,0.0,50.935,11.885525
7134,0.0,50.935,11.2293305555556,0.0,50.935,11.885525
7135,0.0,51.919,11.3033975765889,0.0,51.919,11.6967267946959
7136,0.0,51.919,11.3033975765889,0.0,51.919,11.6967267946959
7137,0.0,51.919,11.3033975765889,0.0,51.919,11.6967267946959
7138,0.0,51.919,11.3033975765889,0.0,51.919,11.6967267946959
7139,0.0,51.919,11.3033975765889,0.0,51.919,11.6967267946959
7140,0.0,55.507,12.6055130906769,0.0,55.507,12.9019182630907
7141,0.0,55.507,12.6055130906769,0.0,55.507,12.9019182630907
7142,0.0,55.507,12.6055130906769,0.0,55.507,12.9019182630907
7143,0.0,55.507,12.6055130906769,0.0,55.507,12.9019182630907
7144,0.0,55.507,12.6055130906769,0.0,55.507,12.9019182630907
7145,0.0,55.507,12.6055130906769,0.0,55.507,12.9019182630907
7146,0.0,53.934,8.84925,0.0,53.934,9.28589636752137
7147,0.0,53.934,8.84925,0.0,53.934,9.28589636752137
7148,0.0,53.934,8.84925,0.0,53.934,9.28589636752137
7149,0.0,53.934,8.84925,0.0,53.934,9.28589636752137
7150,0.0,54.233,8.86889790232711,0.0,54.233,9.32448115372009
7151,0.0,54.233,8.86889790232711,0.0,54.233,9.32448115372009
7152,0.0,54.233,8.86889790232711,0.0,54.233,9.32448115372009
7153,0.0,54.233,8.86889790232711,0.0,54.233,9.32448115372009
7154,0.0,54.233,8.86889790232711,0.0,54.233,9.32448115372009
7155,0.0,54.233,8.86889790232711,0.0,54.233,9.32448115372009
7156,0.0,54.233,8.86889790232711,0.0,54.233,9.32448115372009
7157,0.0,54.233,8.86889790232711,0.0,54.233,9.32448115372009
7158,0.0,60.778,19.7432716049383,0.0,60.778,19.9599111111111
7159,0.0,60.778,19.7432716049383,0.0,60.778,19.9599111111111
7160,0.0,60.778,19.7432716049383,0.0,60.778,19.9599111111111
7161,0.0,60.778,19.7432716049383,0.0,60.778,19.9599111111111
7162,0.0,60.778,19.7432716049383,0.0,60.778,19.9599111111111
7163,0.0,63.634,13.0525509259259,0.0,63.634,13.2539841269841
7164,0.0,63.634,13.0525509259259,0.0,63.634,13.2539841269841
7165,0.0,58.147,16.5996695156695,0.0,58.147,16.8093842592593
7166,0.0,58.147,16.5996695156695,0.0,58.147,16.8093842592593
7167,0.0,58.147,16.5996695156695,0.0,58.147,16.8093842592593
7168,0.0,58.147,16.5996695156695,0.0,58.147,16.8093842592593
7169,0.0,58.147,16.5996695156695,0.0,58.147,16.8093842592593
7170,0.0,58.147,16.5996695156695,0.0,58.147,16.8093842592593
7171,0.0,58.147,16.5996695156695,0.0,58.147,16.8093842592593
7172,0.0,53.694,15.1112583333333,0.0,53.694,15.3538027777778
7173,0.0,53.694,15.1112583333333,0.0,53.694,15.3538027777778
7174,0.0,53.723,17.6568620188816,0.0,53.723,17.9366169208424
7175,0.0,53.723,17.6568620188816,0.0,53.723,17.9366169208424
7176,0.0,53.723,17.6568620188816,0.0,53.723,17.9366169208424
7177,0.0,53.723,17.6568620188816,0.0,53.723,17.9366169208424
7178,0.0,53.723,17.6568620188816,0.0,53.723,17.9366169208424
7179,0.0,53.723,17.6568620188816,0.0,53.723,17.9366169208424
7180,0.0,53.723,17.6568620188816,0.0,53.723,17.9366169208424
7181,0.0,45.556,13.2897158564815,0.0,45.556,13.913490162037
7182,0.0,45.556,13.2897158564815,0.0,45.556,13.913490162037
7183,0.0,45.556,13.2897158564815,0.0,45.556,13.913490162037
7184,0.0,39.901,13.5509814814815,0.0,39.901,14.3096481481481
7185,0.0,45.556,13.2897158564815,0.0,45.556,13.913490162037
7186,0.0,45.556,13.2897158564815,0.0,45.556,13.913490162037
7187,0.0,45.556,13.2897158564815,0.0,45.556,13.913490162037
7188,0.0,42.482,12.4323322440087,0.0,42.482,13.1523191721133
7189,0.0,42.482,12.4323322440087,0.0,42.482,13.1523191721133
7190,0.0,42.482,12.4323322440087,0.0,42.482,13.1523191721133
7191,0.0,42.482,12.4323322440087,0.0,42.482,13.1523191721133
7192,0.0,50.935,11.2293305555556,0.0,50.935,11.885525
7193,0.0,50.935,11.2293305555556,0.0,50.935,11.885525
7194,0.0,50.935,11.2293305555556,0.0,50.935,11.885525
7195,0.0,50.935,11.2293305555556,0.0,50.935,11.885525
7196,0.0,57.483,16.4152663817664,0.0,57.483,16.4754458689459
7197,0.0,51.919,11.3033975765889,0.0,51.919,11.6967267946959
7198,0.0,51.919,11.3033975765889,0.0,51.919,11.6967267946959
7199,0.0,51.919,11.3033975765889,0.0,51.919,11.6967267946959
7200,0.0,51.919,11.3033975765889,0.0,51.919,11.6967267946959
7201,0.0,55.507,12.6055130906769,0.0,55.507,12.9019182630907
7202,0.0,55.507,12.6055130906769,0.0,55.507,12.9019182630907
7203,0.0,55.507,12.6055130906769,0.0,55.507,12.9019182630907
7204,0.0,55.507,12.6055130906769,0.0,55.507,12.9019182630907
7205,0.0,55.507,12.6055130906769,0.0,55.507,12.9019182630907
7206,0.0,53.934,8.84925,0.0,53.934,9.28589636752137
7207,0.0,53.934,8.84925,0.0,53.934,9.28589636752137
7208,0.0,53.934,8.84925,0.0,53.934,9.28589636752137
7209,0.0,53.934,8.84925,0.0,53.934,9.28589636752137
7210,0.0,53.934,8.84925,0.0,53.934,9.28589636752137
7211,0.0,54.233,8.86889790232711,0.0,54.233,9.32448115372009
7212,0.0,54.233,8.86889790232711,0.0,54.233,9.32448115372009
7213,0.0,54.233,8.86889790232711,0.0,54.233,9.32448115372009
7214,0.0,54.233,8.86889790232711,0.0,54.233,9.32448115372009
7215,0.0,54.233,8.86889790232711,0.0,54.233,9.32448115372009
7216,0.0,54.233,8.86889790232711,0.0,54.233,9.32448115372009
7217,0.0,54.233,8.86889790232711,0.0,54.233,9.32448115372009
7218,0.0,54.233,8.86889790232711,0.0,54.233,9.32448115372009
7219,0.0,60.778,19.7432716049383,0.0,60.778,19.9599111111111
7220,0.0,60.778,19.7432716049383,0.0,60.778,19.9599111111111
7221,0.0,60.778,19.7432716049383,0.0,60.778,19.9599111111111
7222,0.0,63.634,13.0525509259259,0.0,63.634,13.2539841269841
7223,0.0,63.634,13.0525509259259,0.0,63.634,13.2539841269841
7224,0.0,63.634,13.0525509259259,0.0,63.634,13.2539841269841
7225,0.0,63.634,13.0525509259259,0.0,63.634,13.2539841269841
7226,0.0,58.147,16.5996695156695,0.0,58.147,16.8093842592593
7227,0.0,58.147,16.5996695156695,0.0,58.147,16.8093842592593
7228,0.0,58.147,16.5996695156695,0.0,58.147,16.8093842592593
7229,0.0,58.147,16.5996695156695,0.0,58.147,16.8093842592593
7230,0.0,58.147,16.5996695156695,0.0,58.147,16.8093842592593
7231,0.0,58.147,16.5996695156695,0.0,58.147,16.8093842592593
7232,0.0,58.147,16.5996695156695,0.0,58.147,16.8093842592593
7233,0.0,53.694,15.1112583333333,0.0,53.694,15.3538027777778
7234,0.0,53.723,17.6568620188816,0.0,53.723,17.9366169208424
7235,0.0,53.723,17.6568620188816,0.0,53.723,17.9366169208424
7236,0.0,53.723,17.6568620188816,0.0,53.723,17.9366169208424
7237,0.0,53.723,17.6568620188816,0.0,53.723,17.9366169208424
7238,0.0,53.723,17.6568620188816,0.0,53.723,17.9366169208424
7239,0.0,53.723,17.6568620188816,0.0,53.723,17.9366169208424
7240,0.0,53.723,17.6568620188816,0.0,53.723,17.9366169208424
7241,0.0,53.723,17.6568620188816,0.0,53.723,17.9366169208424
7242,0.0,45.556,13.2897158564815,0.0,45.556,13.913490162037
7243,0.0,45.556,13.2897158564815,0.0,45.556,13.913490162037
7244,0.0,45.556,13.2897158564815,0.0,45.556,13.913490162037
7245,0.0,39.901,13.5509814814815,0.0,39.901,14.3096481481481
7246,0.0,45.556,13.2897158564815,0.0,45.556,13.913490162037
7247,0.0,45.556,13.2897158564815,0.0,45.556,13.913490162037
7248,0.0,45.556,13.2897158564815,0.0,45.556,13.913490162037
7249,0.0,45.556,13.2897158564815,0.0,45.556,13.913490162037
7250,0.0,42.482,12.4323322440087,0.0,42.482,13.1523191721133
7251,0.0,45.082,9.33650694444444,0.0,45.082,9.93325694444444
7252,0.0,42.482,12.4323322440087,0.0,42.482,13.1523191721133
7253,0.0,50.935,11.2293305555556,0.0,50.935,11.885525
7254,0.0,50.935,11.2293305555556,0.0,50.935,11.885525
7255,0.0,50.935,11.2293305555556,0.0,50.935,11.885525
7256,0.0,50.935,11.2293305555556,0.0,50.935,11.885525
7257,0.0,57.483,16.4152663817664,0.0,57.483,16.4754458689459
7258,0.0,51.919,11.3033975765889,0.0,51.919,11.6967267946959
7259,0.0,51.919,11.3033975765889,0.0,51.919,11.6967267946959
7260,0.0,51.919,11.3033975765889,0.0,51.919,11.6967267946959
7261,0.0,51.919,11.3033975765889,0.0,51.919,11.6967267946959
7262,0.0,55.507,12.6055130906769,0.0,55.507,12.9019182630907
7263,0.0,55.507,12.6055130906769,0.0,55.507,12.9019182630907
7264,0.0,55.507,12.6055130906769,0.0,55.507,12.9019182630907
7265,0.0,55.507,12.6055130906769,0.0,55.507,12.9019182630907
7266,0.0,55.507,12.6055130906769,0.0,55.507,12.9019182630907
7267,0.0,53.934,8.84925,0.0,53.934,9.28589636752137
7268,0.0,53.934,8.84925,0.0,53.934,9.28589636752137
7269,0.0,53.934,8.84925,0.0,53.934,9.28589636752137
7270,0.0,53.934,8.84925,0.0,53.934,9.28589636752137
7271,0.0,53.934,8.84925,0.0,53.934,9.28589636752137
7272,0.0,53.934,8.84925,0.0,53.934,9.28589636752137
7273,0.0,53.934,8.84925,0.0,53.934,9.28589636752137
7274,0.0,54.233,8.86889790232711,0.0,54.233,9.32448115372009
7275,0.0,54.233,8.86889790232711,0.0,54.233,9.32448115372009
7276,0.0,54.233,8.86889790232711,0.0,54.233,9.32448115372009
7277,0.0,54.233,8.86889790232711,0.0,54.233,9.32448115372009
7278,0.0,54.233,8.86889790232711,0.0,54.233,9.32448115372009
7279,0.0,54.233,8.86889790232711,0.0,54.233,9.32448115372009
7280,0.0,60.778,19.7432716049383,0.0,60.778,19.9599111111111
7281,0.0,60.778,19.7432716049383,0.0,60.778,19.9599111111111
7282,0.0,60.778,19.7432716049383,0.0,60.778,19.9599111111111
7283,0.0,63.634,13.0525509259259,0.0,63.634,13.2539841269841
7284,0.0,63.634,13.0525509259259,0.0,63.634,13.2539841269841
7285,0.0,63.634,13.0525509259259,0.0,63.634,13.2539841269841
7286,0.0,63.634,13.0525509259259,0.0,63.634,13.2539841269841
7287,0.0,58.147,16.5996695156695,0.0,58.147,16.8093842592593
7288,0.0,58.147,16.5996695156695,0.0,58.147,16.8093842592593
7289,0.0,58.147,16.5996695156695,0.0,58.147,16.8093842592593
7290,0.0,58.147,16.5996695156695,0.0,58.147,16.8093842592593
7291,0.0,58.147,16.5996695156695,0.0,58.147,16.8093842592593
7292,0.0,58.147,16.5996695156695,0.0,58.147,16.8093842592593
7293,0.0,58.147,16.5996695156695,0.0,58.147,16.8093842592593
7294,0.0,58.161,16.3924675925926,0.0,58.161,16.5573703703704
7295,0.0,53.723,17.6568620188816,0.0,53.723,17.9366169208424
7296,0.0,53.723,17.6568620188816,0.0,53.723,17.9366169208424
7297,0.0,53.723,17.6568620188816,0.0,53.723,17.9366169208424
7298,0.0,53.723,17.6568620188816,0.0,53.723,17.9366169208424
7299,0.0,53.723,17.6568620188816,0.0,53.723,17.9366169208424
7300,0.0,53.723,17.6568620188816,0.0,53.723,17.9366169208424
7301,0.0,53.723,17.6568620188816,0.0,53.723,17.9366169208424
7302,0.0,53.723,17.6568620188816,0.0,53.723,17.9366169208424
7303,0.0,47.762,21.1742777777778,0.0,47.762,21.184873015873
7304,0.0,44.472,14.9072239057239,0.0,44.472,15.3795875420875
7305,0.0,40.629,13.9290185185185,0.0,40.629,14.7217962962963
7306,0.0,44.472,14.9072239057239,0.0,44.472,15.3795875420875
7307,0.0,44.472,14.9072239057239,0.0,44.472,15.3795875420875
7308,0.0,44.472,14.9072239057239,0.0,44.472,15.3795875420875
7309,0.0,45.556,13.2897158564815,0.0,45.556,13.913490162037
7310,0.0,45.082,9.33650694444444,0.0,45.082,9.93325694444444
7311,0.0,45.082,9.33650694444444,0.0,45.082,9.93325694444444
7312,0.0,40.712,10.87,0.0,40.712,11.5033333333333
7313,0.0,50.935,11.2293305555556,0.0,50.935,11.885525
7314,0.0,50.935,11.2293305555556,0.0,50.935,11.885525
7315,0.0,50.935,11.2293305555556,0.0,50.935,11.885525
7316,0.0,47.988,10.052305958132,0.0,47.988,10.5043760064412
7317,0.0,50.935,11.2293305555556,0.0,50.935,11.885525
7318,0.0,57.483,16.4152663817664,0.0,57.483,16.4754458689459
7319,0.0,57.483,16.4152663817664,0.0,57.483,16.4754458689459
7320,0.0,51.919,11.3033975765889,0.0,51.919,11.6967267946959
7321,0.0,51.919,11.3033975765889,0.0,51.919,11.6967267946959
7322,0.0,51.919,11.3033975765889,0.0,51.919,11.6967267946959
7323,0.0,55.507,12.6055130906769,0.0,55.507,12.9019182630907
7324,0.0,55.507,12.6055130906769,0.0,55.507,12.9019182630907
7325,0.0,55.507,12.6055130906769,0.0,55.507,12.9019182630907
7326,0.0,53.277,18.1346759259259,0.0,53.277,18.1346759259259
7327,0.0,53.277,18.1346759259259,0.0,53.277,18.1346759259259
7328,0.0,53.934,8.84925,0.0,53.934,9.28589636752137
7329,0.0,53.934,8.84925,0.0,53.934,9.28589636752137
7330,0.0,53.934,8.84925,0.0,53.934,9.28589636752137
7331,0.0,53.934,8.84925,0.0,53.934,9.28589636752137
7332,0.0,53.934,8.84925,0.0,53.934,9.28589636752137
7333,0.0,53.934,8.84925,0.0,53.934,9.28589636752137
7334,0.0,53.934,8.84925,0.0,53.934,9.28589636752137
7335,0.0,53.934,8.84925,0.0,53.934,9.28589636752137
7336,0.0,54.233,8.86889790232711,0.0,54.233,9.32448115372009
7337,0.0,54.233,8.86889790232711,0.0,54.233,9.32448115372009
7338,0.0,54.233,8.86889790232711,0.0,54.233,9.32448115372009
7339,0.0,54.233,8.86889790232711,0.0,54.233,9.32448115372009
7340,0.0,63.634,13.0525509259259,0.0,63.634,13.2539841269841
7341,0.0,63.634,13.0525509259259,0.0,63.634,13.2539841269841
7342,0.0,63.634,13.0525509259259,0.0,63.634,13.2539841269841
7343,0.0,63.634,13.0525509259259,0.0,63.634,13.2539841269841
7344,0.0,63.634,13.0525509259259,0.0,63.634,13.2539841269841
7345,0.0,63.634,13.0525509259259,0.0,63.634,13.2539841269841
7346,0.0,63.634,13.0525509259259,0.0,63.634,13.2539841269841
7347,0.0,63.634,13.0525509259259,0.0,63.634,13.2539841269841
7348,0.0,63.634,13.0525509259259,0.0,63.634,13.2539841269841
7349,0.0,57.158,27.8830092592593,0.0,57.158,27.8830092592593
7350,0.0,57.158,27.8830092592593,0.0,57.158,27.8830092592593
7351,0.0,58.147,16.5996695156695,0.0,58.147,16.8093842592593
7352,0.0,58.161,16.3924675925926,0.0,58.161,16.5573703703704
7353,0.0,58.161,16.3924675925926,0.0,58.161,16.5573703703704
7354,0.0,58.147,16.5996695156695,0.0,58.147,16.8093842592593
7355,0.0,58.161,16.3924675925926,0.0,58.161,16.5573703703704
7356,0.0,58.161,16.3924675925926,0.0,58.161,16.5573703703704
7357,0.0,58.161,16.3924675925926,0.0,58.161,16.5573703703704
7358,0.0,51.799,19.6832592592593,0.0,51.799,19.6832592592593
7359,0.0,53.723,17.6568620188816,0.0,53.723,17.9366169208424
7360,0.0,53.723,17.6568620188816,0.0,53.723,17.9366169208424
7361,0.0,53.723,17.6568620188816,0.0,53.723,17.9366169208424
7362,0.0,53.723,17.6568620188816,0.0,53.723,17.9366169208424
7363,0.0,49.903,22.4869328703704,0.0,49.903,22.5991550925926
7364,0.0,49.903,22.4869328703704,0.0,49.903,22.5991550925926
7365,0.0,47.762,21.1742777777778,0.0,47.762,21.184873015873
7366,0.0,47.762,21.1742777777778,0.0,47.762,21.184873015873
7367,0.0,44.472,14.9072239057239,0.0,44.472,15.3795875420875
7368,0.0,44.472,14.9072239057239,0.0,44.472,15.3795875420875
7369,0.0,44.472,14.9072239057239,0.0,44.472,15.3795875420875
7370,0.0,44.472,14.9072239057239,0.0,44.472,15.3795875420875
7371,0.0,44.472,14.9072239057239,0.0,44.472,15.3795875420875
7372,0.0,35.743,6.68584567901235,0.0,35.743,7.36997530864198
7373,0.0,45.082,9.33650694444444,0.0,45.082,9.93325694444444
7374,0.0,45.082,9.33650694444444,0.0,45.082,9.93325694444444
7375,0.0,45.617,11.9958333333333,0.0,45.617,12.7510555555556
7376,0.0,44.203,11.0026481481481,0.0,44.203,11.7278703703704
7377,0.0,47.988,10.052305958132,0.0,47.988,10.5043760064412
7378,0.0,47.988,10.052305958132,0.0,47.988,10.5043760064412
7379,0.0,47.988,10.052305958132,0.0,47.988,10.5043760064412
7380,0.0,47.988,10.052305958132,0.0,47.988,10.5043760064412
7381,0.0,47.988,10.052305958132,0.0,47.988,10.5043760064412
7382,0.0,57.483,16.4152663817664,0.0,57.483,16.4754458689459
7383,0.0,57.483,16.4152663817664,0.0,57.483,16.4754458689459
7384,0.0,51.919,11.3033975765889,0.0,51.919,11.6967267946959
7385,0.0,55.507,12.6055130906769,0.0,55.507,12.9019182630907
7386,0.0,55.507,12.6055130906769,0.0,55.507,12.9019182630907
7387,0.0,55.507,12.6055130906769,0.0,55.507,12.9019182630907
7388,0.0,55.507,12.6055130906769,0.0,55.507,12.9019182630907
7389,0.0,55.507,12.6055130906769,0.0,55.507,12.9019182630907
7390,0.0,55.507,12.6055130906769,0.0,55.507,12.9019182630907
7391,0.0,55.564,19.0260967078189,0.0,55.564,19.0260967078189
7392,0.0,53.934,8.84925,0.0,53.934,9.28589636752137
7393,0.0,55.564,19.0260967078189,0.0,55.564,19.0260967078189
7394,0.0,53.934,8.84925,0.0,53.934,9.28589636752137
7395,0.0,53.934,8.84925,0.0,53.934,9.28589636752137
7396,0.0,53.934,8.84925,0.0,53.934,9.28589636752137
7397,0.0,53.934,8.84925,0.0,53.934,9.28589636752137
7398,0.0,53.934,8.84925,0.0,53.934,9.28589636752137
7399,0.0,53.934,8.84925,0.0,53.934,9.28589636752137
7400,0.0,54.233,8.86889790232711,0.0,54.233,9.32448115372009
7401,0.0,62.236,11.8743488160291,0.0,62.236,12.273843047966
7402,0.0,62.236,11.8743488160291,0.0,62.236,12.273843047966
7403,0.0,63.634,13.0525509259259,0.0,63.634,13.2539841269841
7404,0.0,63.634,13.0525509259259,0.0,63.634,13.2539841269841
7405,0.0,63.634,13.0525509259259,0.0,63.634,13.2539841269841
7406,0.0,63.634,13.0525509259259,0.0,63.634,13.2539841269841
7407,0.0,63.634,13.0525509259259,0.0,63.634,13.2539841269841
7408,0.0,63.634,13.0525509259259,0.0,63.634,13.2539841269841
7409,0.0,63.634,13.0525509259259,0.0,63.634,13.2539841269841
7410,0.0,63.634,13.0525509259259,0.0,63.634,13.2539841269841
7411,0.0,57.158,27.8830092592593,0.0,57.158,27.8830092592593
7412,0.0,58.161,16.3924675925926,0.0,58.161,16.5573703703704
7413,0.0,58.161,16.3924675925926,0.0,58.161,16.5573703703704
7414,0.0,58.161,16.3924675925926,0.0,58.161,16.5573703703704
7415,0.0,58.161,16.3924675925926,0.0,58.161,16.5573703703704
7416,0.0,58.161,16.3924675925926,0.0,58.161,16.5573703703704
7417,0.0,51.799,19.6832592592593,0.0,51.799,19.6832592592593
7418,0.0,54.048,21.3464135802469,0.0,54.048,21.3464135802469
7419,0.0,53.723,17.6568620188816,0.0,53.723,17.9366169208424
7420,0.0,52.241,22.875728956229,0.0,52.241,22.9807895622896
7421,0.0,49.903,22.4869328703704,0.0,49.903,22.5991550925926
7422,0.0,49.903,22.4869328703704,0.0,49.903,22.5991550925926
7423,0.0,49.903,22.4869328703704,0.0,49.903,22.5991550925926
7424,0.0,49.903,22.4869328703704,0.0,49.903,22.5991550925926
7425,0.0,47.762,21.1742777777778,0.0,47.762,21.184873015873
7426,0.0,47.762,21.1742777777778,0.0,47.762,21.184873015873
7427,0.0,44.472,14.9072239057239,0.0,44.472,15.3795875420875
7428,0.0,49.362,14.0466111111111,0.0,49.362,14.3963055555556
7429,0.0,49.362,14.0466111111111,0.0,49.362,14.3963055555556
7430,0.0,49.362,14.0466111111111,0.0,49.362,14.3963055555556
7431,0.0,35.743,6.68584567901235,0.0,35.743,7.36997530864198
7432,0.0,45.851,7.50784362139918,0.0,45.851,8.11435596707819
7433,0.0,45.082,9.33650694444444,0.0,45.082,9.93325694444444
7434,0.0,47.602,12.8847839506173,0.0,47.602,13.1378580246914
7435,0.0,45.851,7.50784362139918,0.0,45.851,8.11435596707819
7436,0.0,47.988,10.052305958132,0.0,47.988,10.5043760064412
7437,0.0,47.988,10.052305958132,0.0,47.988,10.5043760064412
7438,0.0,47.988,10.052305958132,0.0,47.988,10.5043760064412
7439,0.0,47.988,10.052305958132,0.0,47.988,10.5043760064412
7440,0.0,47.988,10.052305958132,0.0,47.988,10.5043760064412
7441,0.0,57.483,16.4152663817664,0.0,57.483,16.4754458689459
7442,0.0,57.483,16.4152663817664,0.0,57.483,16.4754458689459
7443,0.0,57.483,16.4152663817664,0.0,57.483,16.4754458689459
7444,0.0,57.483,16.4152663817664,0.0,57.483,16.4754458689459
7445,0.0,55.507,12.6055130906769,0.0,55.507,12.9019182630907
7446,0.0,55.858,19.6330086419753,0.0,55.858,19.6837049382716
7447,0.0,55.507,12.6055130906769,0.0,55.507,12.9019182630907
7448,0.0,55.507,12.6055130906769,0.0,55.507,12.9019182630907
7449,0.0,55.507,12.6055130906769,0.0,55.507,12.9019182630907
7450,0.0,55.564,19.0260967078189,0.0,55.564,19.0260967078189
7451,0.0,55.564,19.0260967078189,0.0,55.564,19.0260967078189
7452,0.0,55.564,19.0260967078189,0.0,55.564,19.0260967078189
7453,0.0,55.564,19.0260967078189,0.0,55.564,19.0260967078189
7454,0.0,53.934,8.84925,0.0,53.934,9.28589636752137
7455,0.0,53.934,8.84925,0.0,53.934,9.28589636752137
7456,0.0,62.236,11.8743488160291,0.0,62.236,12.273843047966
7457,0.0,62.236,11.8743488160291,0.0,62.236,12.273843047966
7458,0.0,62.236,11.8743488160291,0.0,62.236,12.273843047966
7459,0.0,54.233,8.86889790232711,0.0,54.233,9.32448115372009
7460,0.0,62.236,11.8743488160291,0.0,62.236,12.273843047966
7461,0.0,62.236,11.8743488160291,0.0,62.236,12.273843047966
7462,0.0,62.236,11.8743488160291,0.0,62.236,12.273843047966
7463,0.0,63.634,13.0525509259259,0.0,63.634,13.2539841269841
7464,0.0,63.634,13.0525509259259,0.0,63.634,13.2539841269841
7465,0.0,63.634,13.0525509259259,0.0,63.634,13.2539841269841
7466,0.0,63.634,13.0525509259259,0.0,63.634,13.2539841269841
7467,0.0,63.634,13.0525509259259,0.0,63.634,13.2539841269841
7468,0.0,63.634,13.0525509259259,0.0,63.634,13.2539841269841
7469,0.0,63.634,13.0525509259259,0.0,63.634,13.2539841269841
7470,0.0,63.634,13.0525509259259,0.0,63.634,13.2539841269841
7471,0.0,58.161,16.3924675925926,0.0,58.161,16.5573703703704
7472,0.0,58.161,16.3924675925926,0.0,58.161,16.5573703703704
7473,0.0,58.161,16.3924675925926,0.0,58.161,16.5573703703704
7474,0.0,58.161,16.3924675925926,0.0,58.161,16.5573703703704
7475,0.0,58.161,16.3924675925926,0.0,58.161,16.5573703703704
7476,0.0,58.161,16.3924675925926,0.0,58.161,16.5573703703704
7477,0.0,54.048,21.3464135802469,0.0,54.048,21.3464135802469
7478,0.0,53.557,21.4565185185185,0.0,53.557,21.4565185185185
7479,0.0,52.107,23.3477592592593,0.0,52.107,23.3477592592593
7480,0.0,52.241,22.875728956229,0.0,52.241,22.9807895622896
7481,0.0,52.241,22.875728956229,0.0,52.241,22.9807895622896
7482,0.0,52.241,22.875728956229,0.0,52.241,22.9807895622896
7483,0.0,49.903,22.4869328703704,0.0,49.903,22.5991550925926
7484,0.0,48.079,19.9311604938272,0.0,48.079,20.2492716049383
7485,0.0,47.762,21.1742777777778,0.0,47.762,21.184873015873
7486,0.0,47.762,21.1742777777778,0.0,47.762,21.184873015873
7487,0.0,49.362,14.0466111111111,0.0,49.362,14.3963055555556
7488,0.0,49.362,14.0466111111111,0.0,49.362,14.3963055555556
7489,0.0,49.362,14.0466111111111,0.0,49.362,14.3963055555556
7490,0.0,49.362,14.0466111111111,0.0,49.362,14.3963055555556
7491,0.0,49.362,14.0466111111111,0.0,49.362,14.3963055555556
7492,0.0,45.851,7.50784362139918,0.0,45.851,8.11435596707819
7493,0.0,45.851,7.50784362139918,0.0,45.851,8.11435596707819
7494,0.0,45.851,7.50784362139918,0.0,45.851,8.11435596707819
7495,0.0,47.988,10.052305958132,0.0,47.988,10.5043760064412
7496,0.0,47.988,10.052305958132,0.0,47.988,10.5043760064412
7497,0.0,47.988,10.052305958132,0.0,47.988,10.5043760064412
7498,0.0,47.988,10.052305958132,0.0,47.988,10.5043760064412
7499,0.0,47.988,10.052305958132,0.0,47.988,10.5043760064412
7500,0.0,57.564,21.9472691358025,0.0,57.564,22.0549654320988
7501,0.0,55.858,19.6330086419753,0.0,55.858,19.6837049382716
7502,0.0,55.858,19.6330086419753,0.0,55.858,19.6837049382716
7503,0.0,57.483,16.4152663817664,0.0,57.483,16.4754458689459
7504,0.0,55.767,21.8958888888889,0.0,55.767,21.8958888888889
7505,0.0,55.858,19.6330086419753,0.0,55.858,19.6837049382716
7506,0.0,55.584,22.4471111111111,0.0,55.584,22.4471111111111
7507,0.0,55.584,22.4471111111111,0.0,55.584,22.4471111111111
7508,0.0,51.786,21.4570185185185,0.0,51.786,21.4570185185185
7509,0.0,55.564,19.0260967078189,0.0,55.564,19.0260967078189
7510,0.0,55.564,19.0260967078189,0.0,55.564,19.0260967078189
7511,0.0,55.564,19.0260967078189,0.0,55.564,19.0260967078189
7512,0.0,62.236,11.8743488160291,0.0,62.236,12.273843047966
7513,0.0,62.236,11.8743488160291,0.0,62.236,12.273843047966
7514,0.0,62.236,11.8743488160291,0.0,62.236,12.273843047966
7515,0.0,62.236,11.8743488160291,0.0,62.236,12.273843047966
7516,0.0,62.236,11.8743488160291,0.0,62.236,12.273843047966
7517,0.0,62.236,11.8743488160291,0.0,62.236,12.273843047966
7518,0.0,62.236,11.8743488160291,0.0,62.236,12.273843047966
7519,0.0,62.236,11.8743488160291,0.0,62.236,12.273843047966
7520,0.0,63.634,13.0525509259259,0.0,63.634,13.2539841269841
7521,0.0,63.634,13.0525509259259,0.0,63.634,13.2539841269841
7522,0.0,63.634,13.0525509259259,0.0,63.634,13.2539841269841
7523,0.0,63.634,13.0525509259259,0.0,63.634,13.2539841269841
7524,0.0,63.634,13.0525509259259,0.0,63.634,13.2539841269841
7525,0.0,63.634,13.0525509259259,0.0,63.634,13.2539841269841
7526,0.0,63.634,13.0525509259259,0.0,63.634,13.2539841269841
7527,0.0,63.634,13.0525509259259,0.0,63.634,13.2539841269841
7528,0.0,57.966,18.5216873638344,0.0,57.966,18.6791220043573
7529,0.0,58.161,16.3924675925926,0.0,58.161,16.5573703703704
7530,0.0,57.966,18.5216873638344,0.0,57.966,18.6791220043573
7531,0.0,58.161,16.3924675925926,0.0,58.161,16.5573703703704
7532,0.0,57.966,18.5216873638344,0.0,57.966,18.6791220043573
7533,0.0,58.161,16.3924675925926,0.0,58.161,16.5573703703704
7534,0.0,56.618,19.3460300925926,0.0,56.618,19.4279189814815
7535,0.0,53.557,21.4565185185185,0.0,53.557,21.4565185185185
7536,0.0,53.697,21.646537037037,0.0,53.697,21.646537037037
7537,0.0,51.785,23.0663518518519,0.0,51.785,23.0663518518519
7538,0.0,52.241,22.875728956229,0.0,52.241,22.9807895622896
7539,0.0,52.241,22.875728956229,0.0,52.241,22.9807895622896
7540,0.0,52.241,22.875728956229,0.0,52.241,22.9807895622896
7541,0.0,48.079,19.9311604938272,0.0,48.079,20.2492716049383
7542,0.0,48.079,19.9311604938272,0.0,48.079,20.2492716049383
7543,0.0,47.762,21.1742777777778,0.0,47.762,21.184873015873
7544,0.0,47.762,21.1742777777778,0.0,47.762,21.184873015873
7545,0.0,49.362,14.0466111111111,0.0,49.362,14.3963055555556
7546,0.0,49.362,14.0466111111111,0.0,49.362,14.3963055555556
7547,0.0,49.362,14.0466111111111,0.0,49.362,14.3963055555556
7548,0.0,56.545,9.96184832451499,0.0,56.545,10.4467795414462
7549,0.0,56.545,9.96184832451499,0.0,56.545,10.4467795414462
7550,0.0,56.545,9.96184832451499,0.0,56.545,10.4467795414462
7551,0.0,45.851,7.50784362139918,0.0,45.851,8.11435596707819
7552,0.0,56.25,21.7491828703704,0.0,56.25,22.1719328703704
7553,0.0,45.851,7.50784362139918,0.0,45.851,8.11435596707819
7554,0.0,47.988,10.052305958132,0.0,47.988,10.5043760064412
7555,0.0,47.988,10.052305958132,0.0,47.988,10.5043760064412
7556,0.0,57.564,21.9472691358025,0.0,57.564,22.0549654320988
7557,0.0,57.564,21.9472691358025,0.0,57.564,22.0549654320988
7558,0.0,57.564,21.9472691358025,0.0,57.564,22.0549654320988
7559,0.0,55.858,19.6330086419753,0.0,55.858,19.6837049382716
7560,0.0,55.858,19.6330086419753,0.0,55.858,19.6837049382716
7561,0.0,55.858,19.6330086419753,0.0,55.858,19.6837049382716
7562,0.0,55.858,19.6330086419753,0.0,55.858,19.6837049382716
7563,0.0,55.858,19.6330086419753,0.0,55.858,19.6837049382716
7564,0.0,55.584,22.4471111111111,0.0,55.584,22.4471111111111
7565,0.0,51.786,21.4570185185185,0.0,51.786,21.4570185185185
7566,0.0,62.236,11.8743488160291,0.0,62.236,12.273843047966
7567,0.0,62.236,11.8743488160291,0.0,62.236,12.273843047966
7568,0.0,62.236,11.8743488160291,0.0,62.236,12.273843047966
7569,0.0,62.236,11.8743488160291,0.0,62.236,12.273843047966
7570,0.0,62.236,11.8743488160291,0.0,62.236,12.273843047966
7571,0.0,62.236,11.8743488160291,0.0,62.236,12.273843047966
7572,0.0,62.236,11.8743488160291,0.0,62.236,12.273843047966
7573,0.0,62.236,11.8743488160291,0.0,62.236,12.273843047966
7574,0.0,63.634,13.0525509259259,0.0,63.634,13.2539841269841
7575,0.0,63.634,13.0525509259259,0.0,63.634,13.2539841269841
7576,0.0,63.634,13.0525509259259,0.0,63.634,13.2539841269841
7577,0.0,63.634,13.0525509259259,0.0,63.634,13.2539841269841
7578,0.0,63.634,13.0525509259259,0.0,63.634,13.2539841269841
7579,0.0,63.634,13.0525509259259,0.0,63.634,13.2539841269841
7580,0.0,62.168,18.8066296296296,0.0,62.168,18.8106296296296
7581,0.0,63.634,13.0525509259259,0.0,63.634,13.2539841269841
7582,0.0,57.966,18.5216873638344,0.0,57.966,18.6791220043573
7583,0.0,57.966,18.5216873638344,0.0,57.966,18.6791220043573
7584,0.0,57.966,18.5216873638344,0.0,57.966,18.6791220043573
7585,0.0,57.966,18.5216873638344,0.0,57.966,18.6791220043573
7586,0.0,57.966,18.5216873638344,0.0,57.966,18.6791220043573
7587,0.0,56.618,19.3460300925926,0.0,56.618,19.4279189814815
7588,0.0,56.618,19.3460300925926,0.0,56.618,19.4279189814815
7589,0.0,53.697,21.646537037037,0.0,53.697,21.646537037037
7590,0.0,56.155,22.3104925925926,0.0,56.155,22.3104925925926
7591,0.0,51.785,23.0663518518519,0.0,51.785,23.0663518518519
7592,0.0,52.02,23.9215555555556,0.0,52.02,23.9215555555556
7593,0.0,52.241,22.875728956229,0.0,52.241,22.9807895622896
7594,0.0,52.241,22.875728956229,0.0,52.241,22.9807895622896
7595,0.0,48.079,19.9311604938272,0.0,48.079,20.2492716049383
7596,0.0,48.079,19.9311604938272,0.0,48.079,20.2492716049383
7597,0.0,49.771,22.6054907407407,0.0,49.771,22.6054907407407
7598,0.0,49.771,22.6054907407407,0.0,49.771,22.6054907407407
7599,0.0,49.362,14.0466111111111,0.0,49.362,14.3963055555556
7600,0.0,51.331,17.5170925925926,0.0,51.331,17.6774814814815
7601,0.0,49.362,14.0466111111111,0.0,49.362,14.3963055555556
7602,0.0,56.545,9.96184832451499,0.0,56.545,10.4467795414462
7603,0.0,56.545,9.96184832451499,0.0,56.545,10.4467795414462
7604,0.0,56.545,9.96184832451499,0.0,56.545,10.4467795414462
7605,0.0,56.545,9.96184832451499,0.0,56.545,10.4467795414462
7606,0.0,57.913,19.0421782407407,0.0,57.913,19.3938171296296
7607,0.0,56.25,21.7491828703704,0.0,56.25,22.1719328703704
7608,0.0,56.25,21.7491828703704,0.0,56.25,22.1719328703704
7609,0.0,57.564,21.9472691358025,0.0,57.564,22.0549654320988
7610,0.0,57.564,21.9472691358025,0.0,57.564,22.0549654320988
7611,0.0,57.564,21.9472691358025,0.0,57.564,22.0549654320988
7612,0.0,57.564,21.9472691358025,0.0,57.564,22.0549654320988
7613,0.0,55.858,19.6330086419753,0.0,55.858,19.6837049382716
7614,0.0,55.858,19.6330086419753,0.0,55.858,19.6837049382716
7615,0.0,55.858,19.6330086419753,0.0,55.858,19.6837049382716
7616,0.0,55.858,19.6330086419753,0.0,55.858,19.6837049382716
7617,0.0,62.236,11.8743488160291,0.0,62.236,12.273843047966
7618,0.0,62.236,11.8743488160291,0.0,62.236,12.273843047966
7619,0.0,62.236,11.8743488160291,0.0,62.236,12.273843047966
7620,0.0,62.236,11.8743488160291,0.0,62.236,12.273843047966
7621,0.0,62.236,11.8743488160291,0.0,62.236,12.273843047966
7622,0.0,62.236,11.8743488160291,0.0,62.236,12.273843047966
7623,0.0,62.236,11.8743488160291,0.0,62.236,12.273843047966
7624,0.0,63.634,13.0525509259259,0.0,63.634,13.2539841269841
7625,0.0,63.634,13.0525509259259,0.0,63.634,13.2539841269841
7626,0.0,63.634,13.0525509259259,0.0,63.634,13.2539841269841
7627,0.0,63.634,13.0525509259259,0.0,63.634,13.2539841269841
7628,0.0,63.634,13.0525509259259,0.0,63.634,13.2539841269841
7629,0.0,63.634,13.0525509259259,0.0,63.634,13.2539841269841
7630,0.0,63.634,13.0525509259259,0.0,63.634,13.2539841269841
7631,0.0,63.634,13.0525509259259,0.0,63.634,13.2539841269841
7632,0.0,57.966,18.5216873638344,0.0,57.966,18.6791220043573
7633,0.0,57.966,18.5216873638344,0.0,57.966,18.6791220043573
7634,0.0,57.966,18.5216873638344,0.0,57.966,18.6791220043573
7635,0.0,57.966,18.5216873638344,0.0,57.966,18.6791220043573
7636,0.0,57.966,18.5216873638344,0.0,57.966,18.6791220043573
7637,0.0,56.618,19.3460300925926,0.0,56.618,19.4279189814815
7638,0.0,56.618,19.3460300925926,0.0,56.618,19.4279189814815
7639,0.0,56.155,22.3104925925926,0.0,56.155,22.3104925925926
7640,0.0,56.155,22.3104925925926,0.0,56.155,22.3104925925926
7641,0.0,52.02,23.9215555555556,0.0,52.02,23.9215555555556
7642,0.0,51.554,22.6186543209877,0.0,51.554,22.6186543209877
7643,0.0,49.778,23.7596666666667,0.0,49.778,23.7596666666667
7644,0.0,48.079,19.9311604938272,0.0,48.079,20.2492716049383
7645,0.0,48.079,19.9311604938272,0.0,48.079,20.2492716049383
7646,0.0,48.079,19.9311604938272,0.0,48.079,20.2492716049383
7647,0.0,49.771,22.6054907407407,0.0,49.771,22.6054907407407
7648,0.0,49.771,22.6054907407407,0.0,49.771,22.6054907407407
7649,0.0,51.331,17.5170925925926,0.0,51.331,17.6774814814815
7650,0.0,51.331,17.5170925925926,0.0,51.331,17.6774814814815
7651,0.0,51.331,17.5170925925926,0.0,51.331,17.6774814814815
7652,0.0,56.545,9.96184832451499,0.0,56.545,10.4467795414462
7653,0.0,56.545,9.96184832451499,0.0,56.545,10.4467795414462
7654,0.0,56.545,9.96184832451499,0.0,56.545,10.4467795414462
7655,0.0,56.545,9.96184832451499,0.0,56.545,10.4467795414462
7656,0.0,57.913,19.0421782407407,0.0,57.913,19.3938171296296
7657,0.0,57.913,19.0421782407407,0.0,57.913,19.3938171296296
7658,0.0,56.25,21.7491828703704,0.0,56.25,22.1719328703704
7659,0.0,57.564,21.9472691358025,0.0,57.564,22.0549654320988
7660,0.0,57.564,21.9472691358025,0.0,57.564,22.0549654320988
7661,0.0,57.564,21.9472691358025,0.0,57.564,22.0549654320988
7662,0.0,57.564,21.9472691358025,0.0,57.564,22.0549654320988
7663,0.0,55.858,19.6330086419753,0.0,55.858,19.6837049382716
7664,0.0,62.236,11.8743488160291,0.0,62.236,12.273843047966
7665,0.0,62.236,11.8743488160291,0.0,62.236,12.273843047966
7666,0.0,62.236,11.8743488160291,0.0,62.236,12.273843047966
7667,0.0,62.236,11.8743488160291,0.0,62.236,12.273843047966
7668,0.0,62.236,11.8743488160291,0.0,62.236,12.273843047966
7669,0.0,62.236,11.8743488160291,0.0,62.236,12.273843047966
7670,0.0,62.236,11.8743488160291,0.0,62.236,12.273843047966
7671,0.0,63.634,13.0525509259259,0.0,63.634,13.2539841269841
7672,0.0,63.634,13.0525509259259,0.0,63.634,13.2539841269841
7673,0.0,63.634,13.0525509259259,0.0,63.634,13.2539841269841
7674,0.0,63.634,13.0525509259259,0.0,63.634,13.2539841269841
7675,0.0,63.634,13.0525509259259,0.0,63.634,13.2539841269841
7676,0.0,63.634,13.0525509259259,0.0,63.634,13.2539841269841
7677,0.0,63.634,13.0525509259259,0.0,63.634,13.2539841269841
7678,0.0,63.634,13.0525509259259,0.0,63.634,13.2539841269841
7679,0.0,57.966,18.5216873638344,0.0,57.966,18.6791220043573
7680,0.0,57.966,18.5216873638344,0.0,57.966,18.6791220043573
7681,0.0,57.966,18.5216873638344,0.0,57.966,18.6791220043573
7682,0.0,57.966,18.5216873638344,0.0,57.966,18.6791220043573
7683,0.0,58.026,22.6013001949318,0.0,58.026,22.6013001949318
7684,0.0,58.026,22.6013001949318,0.0,58.026,22.6013001949318
7685,0.0,56.52,23.5486666666667,0.0,56.52,23.5486666666667
7686,0.0,56.155,22.3104925925926,0.0,56.155,22.3104925925926
7687,0.0,53.369,23.8047777777778,0.0,53.369,23.8047777777778
7688,0.0,51.554,22.6186543209877,0.0,51.554,22.6186543209877
7689,0.0,51.65,24.4471666666667,0.0,51.65,24.4471666666667
7690,0.0,49.778,23.7596666666667,0.0,49.778,23.7596666666667
7691,0.0,48.079,19.9311604938272,0.0,48.079,20.2492716049383
7692,0.0,48.079,19.9311604938272,0.0,48.079,20.2492716049383
7693,0.0,57.108,24.8269351851852,0.0,57.108,24.8481494708995
7694,0.0,57.497,24.4488209876543,0.0,57.497,24.5480220458554
7695,0.0,52.494,21.204875,0.0,52.494,21.2724722222222
7696,0.0,52.494,21.204875,0.0,52.494,21.2724722222222
7697,0.0,52.494,21.204875,0.0,52.494,21.2724722222222
7698,0.0,56.545,9.96184832451499,0.0,56.545,10.4467795414462
7699,0.0,55.153,14.5439047619048,0.0,55.153,14.8130952380952
7700,0.0,56.545,9.96184832451499,0.0,56.545,10.4467795414462
7701,0.0,56.545,9.96184832451499,0.0,56.545,10.4467795414462
7702,0.0,56.545,9.96184832451499,0.0,56.545,10.4467795414462
7703,0.0,57.913,19.0421782407407,0.0,57.913,19.3938171296296
7704,0.0,57.913,19.0421782407407,0.0,57.913,19.3938171296296
7705,0.0,56.25,21.7491828703704,0.0,56.25,22.1719328703704
7706,0.0,55.922,29.1781296296296,0.0,55.922,29.1781296296296
7707,0.0,56.25,21.7491828703704,0.0,56.25,22.1719328703704
7708,0.0,57.564,21.9472691358025,0.0,57.564,22.0549654320988
7709,0.0,62.236,11.8743488160291,0.0,62.236,12.273843047966
7710,0.0,62.236,11.8743488160291,0.0,62.236,12.273843047966
7711,0.0,62.236,11.8743488160291,0.0,62.236,12.273843047966
7712,0.0,62.236,11.8743488160291,0.0,62.236,12.273843047966
7713,0.0,62.236,11.8743488160291,0.0,62.236,12.273843047966
7714,0.0,63.634,13.0525509259259,0.0,63.634,13.2539841269841
7715,0.0,63.634,13.0525509259259,0.0,63.634,13.2539841269841
7716,0.0,63.634,13.0525509259259,0.0,63.634,13.2539841269841
7717,0.0,63.634,13.0525509259259,0.0,63.634,13.2539841269841
7718,0.0,63.634,13.0525509259259,0.0,63.634,13.2539841269841
7719,0.0,63.634,13.0525509259259,0.0,63.634,13.2539841269841
7720,0.0,63.634,13.0525509259259,0.0,63.634,13.2539841269841
7721,0.0,63.634,13.0525509259259,0.0,63.634,13.2539841269841
7722,0.0,63.634,13.0525509259259,0.0,63.634,13.2539841269841
7723,0.0,58.938,24.0456731078905,0.0,58.938,24.0456731078905
7724,0.0,58.938,24.0456731078905,0.0,58.938,24.0456731078905
7725,0.0,58.026,22.6013001949318,0.0,58.026,22.6013001949318
7726,0.0,58.026,22.6013001949318,0.0,58.026,22.6013001949318
7727,0.0,58.026,22.6013001949318,0.0,58.026,22.6013001949318
7728,0.0,56.648,24.4497962962963,0.0,56.648,24.4497962962963
7729,0.0,56.52,23.5486666666667,0.0,56.52,23.5486666666667
7730,0.0,54.939,25.7096296296296,0.0,54.939,25.7096296296296
7731,0.0,53.031,24.4135,0.0,53.031,24.4135
7732,0.0,53.491,25.0151037037037,0.0,53.491,25.0151037037037
7733,0.0,51.554,22.6186543209877,0.0,51.554,22.6186543209877
7734,0.0,51.554,22.6186543209877,0.0,51.554,22.6186543209877
7735,0.0,57.108,24.8269351851852,0.0,57.108,24.8481494708995
7736,0.0,57.497,24.4488209876543,0.0,57.497,24.5480220458554
7737,0.0,57.497,24.4488209876543,0.0,57.497,24.5480220458554
7738,0.0,57.497,24.4488209876543,0.0,57.497,24.5480220458554
7739,0.0,52.494,21.204875,0.0,52.494,21.2724722222222
7740,0.0,57.497,24.4488209876543,0.0,57.497,24.5480220458554
7741,0.0,55.153,14.5439047619048,0.0,55.153,14.8130952380952
7742,0.0,55.153,14.5439047619048,0.0,55.153,14.8130952380952
7743,0.0,55.153,14.5439047619048,0.0,55.153,14.8130952380952
7744,0.0,57.499,19.8816481481481,0.0,57.499,19.8816481481481
7745,0.0,57.499,19.8816481481481,0.0,57.499,19.8816481481481
7746,0.0,57.445,19.8162777777778,0.0,57.445,19.8162777777778
7747,0.0,57.913,19.0421782407407,0.0,57.913,19.3938171296296
7748,0.0,57.913,19.0421782407407,0.0,57.913,19.3938171296296
7749,0.0,56.25,21.7491828703704,0.0,56.25,22.1719328703704
7750,0.0,62.236,11.8743488160291,0.0,62.236,12.273843047966
7751,0.0,62.236,11.8743488160291,0.0,62.236,12.273843047966
7752,0.0,62.236,11.8743488160291,0.0,62.236,12.273843047966
7753,0.0,62.236,11.8743488160291,0.0,62.236,12.273843047966
7754,0.0,62.236,11.8743488160291,0.0,62.236,12.273843047966
7755,0.0,63.634,13.0525509259259,0.0,63.634,13.2539841269841
7756,0.0,63.634,13.0525509259259,0.0,63.634,13.2539841269841
7757,0.0,63.634,13.0525509259259,0.0,63.634,13.2539841269841
7758,0.0,63.634,13.0525509259259,0.0,63.634,13.2539841269841
7759,0.0,63.634,13.0525509259259,0.0,63.634,13.2539841269841
7760,0.0,63.634,13.0525509259259,0.0,63.634,13.2539841269841
7761,0.0,63.634,13.0525509259259,0.0,63.634,13.2539841269841
7762,0.0,63.634,13.0525509259259,0.0,63.634,13.2539841269841
7763,0.0,63.634,13.0525509259259,0.0,63.634,13.2539841269841
7764,0.0,58.938,24.0456731078905,0.0,58.938,24.0456731078905
7765,0.0,58.938,24.0456731078905,0.0,58.938,24.0456731078905
7766,0.0,58.026,22.6013001949318,0.0,58.026,22.6013001949318
7767,0.0,58.026,22.6013001949318,0.0,58.026,22.6013001949318
7768,0.0,58.026,22.6013001949318,0.0,58.026,22.6013001949318
7769,0.0,58.026,22.6013001949318,0.0,58.026,22.6013001949318
7770,0.0,55.384,25.8364074074074,0.0,55.384,25.8364074074074
7771,0.0,56.77,26.7934166666667,0.0,56.77,26.7934166666667
7772,0.0,53.491,25.0151037037037,0.0,53.491,25.0151037037037
7773,0.0,53.491,25.0151037037037,0.0,53.491,25.0151037037037
7774,0.0,53.491,25.0151037037037,0.0,53.491,25.0151037037037
7775,0.0,57.108,24.8269351851852,0.0,57.108,24.8481494708995
7776,0.0,57.108,24.8269351851852,0.0,57.108,24.8481494708995
7777,0.0,57.497,24.4488209876543,0.0,57.497,24.5480220458554
7778,0.0,57.497,24.4488209876543,0.0,57.497,24.5480220458554
7779,0.0,57.497,24.4488209876543,0.0,57.497,24.5480220458554
7780,0.0,57.497,24.4488209876543,0.0,57.497,24.5480220458554
7781,0.0,57.497,24.4488209876543,0.0,57.497,24.5480220458554
7782,0.0,55.153,14.5439047619048,0.0,55.153,14.8130952380952
7783,0.0,55.153,14.5439047619048,0.0,55.153,14.8130952380952
7784,0.0,55.153,14.5439047619048,0.0,55.153,14.8130952380952
7785,0.0,57.499,19.8816481481481,0.0,57.499,19.8816481481481
7786,0.0,57.499,19.8816481481481,0.0,57.499,19.8816481481481
7787,0.0,57.445,22.7302407407407,0.0,57.445,22.7302407407407
7788,0.0,56.19,24.5237222222222,0.0,56.19,24.5237222222222
7789,0.0,62.236,11.8743488160291,0.0,62.236,12.273843047966
7790,0.0,62.236,11.8743488160291,0.0,62.236,12.273843047966
7791,0.0,63.634,13.0525509259259,0.0,63.634,13.2539841269841
7792,0.0,63.634,13.0525509259259,0.0,63.634,13.2539841269841
7793,0.0,63.634,13.0525509259259,0.0,63.634,13.2539841269841
7794,0.0,63.634,13.0525509259259,0.0,63.634,13.2539841269841
7795,0.0,63.634,13.0525509259259,0.0,63.634,13.2539841269841
7796,0.0,63.634,13.0525509259259,0.0,63.634,13.2539841269841
7797,0.0,63.634,13.0525509259259,0.0,63.634,13.2539841269841
7798,0.0,58.938,24.0456731078905,0.0,58.938,24.0456731078905
7799,0.0,58.938,24.0456731078905,0.0,58.938,24.0456731078905
7800,0.0,58.938,24.0456731078905,0.0,58.938,24.0456731078905
7801,0.0,58.938,24.0456731078905,0.0,58.938,24.0456731078905
7802,0.0,58.026,22.6013001949318,0.0,58.026,22.6013001949318
7803,0.0,58.026,22.6013001949318,0.0,58.026,22.6013001949318
7804,0.0,58.026,22.6013001949318,0.0,58.026,22.6013001949318
7805,0.0,56.77,26.7934166666667,0.0,56.77,26.7934166666667
7806,0.0,56.77,26.7934166666667,0.0,56.77,26.7934166666667
7807,0.0,54.832,26.662462962963,0.0,54.832,26.662462962963
7808,0.0,57.122,27.6270171957672,0.0,57.122,27.6340092592593
7809,0.0,57.108,24.8269351851852,0.0,57.108,24.8481494708995
7810,0.0,57.108,24.8269351851852,0.0,57.108,24.8481494708995
7811,0.0,57.497,24.4488209876543,0.0,57.497,24.5480220458554
7812,0.0,57.497,24.4488209876543,0.0,57.497,24.5480220458554
7813,0.0,57.497,24.4488209876543,0.0,57.497,24.5480220458554
7814,0.0,57.497,24.4488209876543,0.0,57.497,24.5480220458554
7815,0.0,57.497,24.4488209876543,0.0,57.497,24.5480220458554
7816,0.0,58.175,17.6175524691358,0.0,58.175,17.9049783950617
7817,0.0,58.175,17.6175524691358,0.0,58.175,17.9049783950617
7818,0.0,58.175,17.6175524691358,0.0,58.175,17.9049783950617
7819,0.0,56.33,20.6861481481481,0.0,56.33,20.6861481481481
7820,0.0,62.236,11.8743488160291,0.0,62.236,12.273843047966
7821,0.0,62.236,11.8743488160291,0.0,62.236,12.273843047966
7822,0.0,63.634,13.0525509259259,0.0,63.634,13.2539841269841
7823,0.0,63.634,13.0525509259259,0.0,63.634,13.2539841269841
7824,0.0,63.634,13.0525509259259,0.0,63.634,13.2539841269841
7825,0.0,63.634,13.0525509259259,0.0,63.634,13.2539841269841
7826,0.0,58.938,24.0456731078905,0.0,58.938,24.0456731078905
7827,0.0,58.938,24.0456731078905,0.0,58.938,24.0456731078905
7828,0.0,58.938,24.0456731078905,0.0,58.938,24.0456731078905
7829,0.0,58.938,24.0456731078905,0.0,58.938,24.0456731078905
7830,0.0,58.026,22.6013001949318,0.0,58.026,22.6013001949318
7831,0.0,58.026,22.6013001949318,0.0,58.026,22.6013001949318
7832,0.0,58.026,22.6013001949318,0.0,58.026,22.6013001949318
7833,0.0,56.77,26.7934166666667,0.0,56.77,26.7934166666667
7834,0.0,57.122,27.6270171957672,0.0,57.122,27.6340092592593
7835,0.0,57.122,27.6270171957672,0.0,57.122,27.6340092592593
7836,0.0,57.122,27.6270171957672,0.0,57.122,27.6340092592593
7837,0.0,57.108,24.8269351851852,0.0,57.108,24.8481494708995
7838,0.0,57.108,24.8269351851852,0.0,57.108,24.8481494708995
7839,0.0,59.857,26.3388234567901,0.0,59.857,26.4248012345679
7840,0.0,59.857,26.3388234567901,0.0,59.857,26.4248012345679
7841,0.0,57.497,24.4488209876543,0.0,57.497,24.5480220458554
7842,0.0,57.497,24.4488209876543,0.0,57.497,24.5480220458554
7843,0.0,57.497,24.4488209876543,0.0,57.497,24.5480220458554
7844,0.0,58.175,17.6175524691358,0.0,58.175,17.9049783950617
7845,0.0,58.175,17.6175524691358,0.0,58.175,17.9049783950617
7846,0.0,60.456,23.0947720306513,0.0,60.456,23.1245727969349
7847,0.0,58.938,24.0456731078905,0.0,58.938,24.0456731078905
7848,0.0,60.456,23.0947720306513,0.0,60.456,23.1245727969349
7849,0.0,58.938,24.0456731078905,0.0,58.938,24.0456731078905
7850,0.0,58.938,24.0456731078905,0.0,58.938,24.0456731078905
7851,0.0,58.026,22.6013001949318,0.0,58.026,22.6013001949318
7852,0.0,58.026,22.6013001949318,0.0,58.026,22.6013001949318
7853,0.0,57.857,28.0402407407407,0.0,57.857,28.0402407407407
7854,0.0,57.122,27.6270171957672,0.0,57.122,27.6340092592593
7855,0.0,57.122,27.6270171957672,0.0,57.122,27.6340092592593
7856,0.0,57.122,27.6270171957672,0.0,57.122,27.6340092592593
7857,0.0,57.108,24.8269351851852,0.0,57.108,24.8481494708995
7858,0.0,57.108,24.8269351851852,0.0,57.108,24.8481494708995
7859,0.0,59.857,26.3388234567901,0.0,59.857,26.4248012345679
7860,0.0,59.857,26.3388234567901,0.0,59.857,26.4248012345679
7861,0.0,59.857,26.3388234567901,0.0,59.857,26.4248012345679
7862,0.0,59.857,26.3388234567901,0.0,59.857,26.4248012345679
7863,0.0,61.462,23.2257513227513,0.0,61.462,23.333455026455
7864,0.0,58.346,22.3783796296296,0.0,58.346,22.5335462962963
7865,0.0,58.175,17.6175524691358,0.0,58.175,17.9049783950617
7866,0.0,58.346,22.3783796296296,0.0,58.346,22.5335462962963
7867,0.0,60.456,23.0947720306513,0.0,60.456,23.1245727969349
7868,0.0,60.456,23.0947720306513,0.0,60.456,23.1245727969349
7869,0.0,60.456,23.0947720306513,0.0,60.456,23.1245727969349
7870,0.0,60.456,23.0947720306513,0.0,60.456,23.1245727969349
7871,0.0,60.456,23.0947720306513,0.0,60.456,23.1245727969349
7872,0.0,58.938,24.0456731078905,0.0,58.938,24.0456731078905
7873,0.0,58.026,22.6013001949318,0.0,58.026,22.6013001949318
7874,0.0,58.026,22.6013001949318,0.0,58.026,22.6013001949318
7875,0.0,57.122,27.6270171957672,0.0,57.122,27.6340092592593
7876,0.0,58.687,25.6014526748971,0.0,58.687,25.6501193415638
7877,0.0,58.687,25.6014526748971,0.0,58.687,25.6501193415638
7878,0.0,58.687,25.6014526748971,0.0,58.687,25.6501193415638
7879,0.0,59.857,26.3388234567901,0.0,59.857,26.4248012345679
7880,0.0,59.857,26.3388234567901,0.0,59.857,26.4248012345679
7881,0.0,59.857,26.3388234567901,0.0,59.857,26.4248012345679
7882,0.0,59.857,26.3388234567901,0.0,59.857,26.4248012345679
7883,0.0,59.857,26.3388234567901,0.0,59.857,26.4248012345679
7884,0.0,59.857,26.3388234567901,0.0,59.857,26.4248012345679
7885,0.0,61.462,23.2257513227513,0.0,61.462,23.333455026455
7886,0.0,61.462,23.2257513227513,0.0,61.462,23.333455026455
7887,0.0,58.346,22.3783796296296,0.0,58.346,22.5335462962963
7888,0.0,60.456,23.0947720306513,0.0,60.456,23.1245727969349
7889,0.0,60.456,23.0947720306513,0.0,60.456,23.1245727969349
7890,0.0,60.456,23.0947720306513,0.0,60.456,23.1245727969349
7891,0.0,60.456,23.0947720306513,0.0,60.456,23.1245727969349
7892,0.0,60.456,23.0947720306513,0.0,60.456,23.1245727969349
7893,0.0,60.456,23.0947720306513,0.0,60.456,23.1245727969349
7894,0.0,58.938,24.0456731078905,0.0,58.938,24.0456731078905
7895,0.0,58.687,25.6014526748971,0.0,58.687,25.6501193415638
7896,0.0,58.687,25.6014526748971,0.0,58.687,25.6501193415638
7897,0.0,58.687,25.6014526748971,0.0,58.687,25.6501193415638
7898,0.0,58.687,25.6014526748971,0.0,58.687,25.6501193415638
7899,0.0,58.687,25.6014526748971,0.0,58.687,25.6501193415638
7900,0.0,59.857,26.3388234567901,0.0,59.857,26.4248012345679
7901,0.0,60.104,28.4351732026144,0.0,60.104,28.4444803921569
7902,0.0,59.857,26.3388234567901,0.0,59.857,26.4248012345679
7903,0.0,60.104,28.4351732026144,0.0,60.104,28.4444803921569
7904,0.0,61.462,23.2257513227513,0.0,61.462,23.333455026455
7905,0.0,61.462,23.2257513227513,0.0,61.462,23.333455026455
7906,0.0,61.462,23.2257513227513,0.0,61.462,23.333455026455
7907,0.0,61.462,23.2257513227513,0.0,61.462,23.333455026455
7908,0.0,59.533,28.8059074074074,0.0,59.533,28.822462962963
7909,0.0,60.456,23.0947720306513,0.0,60.456,23.1245727969349
7910,0.0,60.456,23.0947720306513,0.0,60.456,23.1245727969349
7911,0.0,60.456,23.0947720306513,0.0,60.456,23.1245727969349
7912,0.0,60.456,23.0947720306513,0.0,60.456,23.1245727969349
7913,0.0,60.456,23.0947720306513,0.0,60.456,23.1245727969349
7914,0.0,60.456,23.0947720306513,0.0,60.456,23.1245727969349
7915,0.0,58.687,25.6014526748971,0.0,58.687,25.6501193415638
7916,0.0,58.687,25.6014526748971,0.0,58.687,25.6501193415638
7917,0.0,58.687,25.6014526748971,0.0,58.687,25.6501193415638
7918,0.0,58.687,25.6014526748971,0.0,58.687,25.6501193415638
7919,0.0,58.687,25.6014526748971,0.0,58.687,25.6501193415638
7920,0.0,60.104,28.4351732026144,0.0,60.104,28.4444803921569
7921,0.0,60.104,28.4351732026144,0.0,60.104,28.4444803921569
7922,0.0,60.104,28.4351732026144,0.0,60.104,28.4444803921569
7923,0.0,60.104,28.4351732026144,0.0,60.104,28.4444803921569
7924,0.0,60.104,28.4351732026144,0.0,60.104,28.4444803921569
7925,0.0,60.425,26.1878518518519,0.0,60.425,26.1878518518519
7926,0.0,61.462,23.2257513227513,0.0,61.462,23.333455026455
7927,0.0,61.462,23.2257513227513,0.0,61.462,23.333455026455
7928,0.0,61.462,23.2257513227513,0.0,61.462,23.333455026455
7929,0.0,61.462,23.2257513227513,0.0,61.462,23.333455026455
7930,0.0,60.972,25.7825074074074,0.0,60.972,25.7825074074074
7931,0.0,60.972,25.7825074074074,0.0,60.972,25.7825074074074
7932,0.0,60.972,25.7825074074074,0.0,60.972,25.7825074074074
7933,0.0,60.456,23.0947720306513,0.0,60.456,23.1245727969349
7934,0.0,60.456,23.0947720306513,0.0,60.456,23.1245727969349
7935,0.0,60.456,23.0947720306513,0.0,60.456,23.1245727969349
7936,0.0,60.456,23.0947720306513,0.0,60.456,23.1245727969349
7937,0.0,59.0,26.9927577160494,0.0,59.0,26.9927577160494
7938,0.0,59.0,26.9927577160494,0.0,59.0,26.9927577160494
7939,0.0,59.0,26.9927577160494,0.0,59.0,26.9927577160494
7940,0.0,59.0,26.9927577160494,0.0,59.0,26.9927577160494
7941,0.0,58.687,25.6014526748971,0.0,58.687,25.6501193415638
7942,0.0,60.104,28.4351732026144,0.0,60.104,28.4444803921569
7943,0.0,60.104,28.4351732026144,0.0,60.104,28.4444803921569
7944,0.0,60.104,28.4351732026144,0.0,60.104,28.4444803921569
7945,0.0,60.104,28.4351732026144,0.0,60.104,28.4444803921569
7946,0.0,60.104,28.4351732026144,0.0,60.104,28.4444803921569
7947,0.0,61.462,23.2257513227513,0.0,61.462,23.333455026455
7948,0.0,61.462,23.2257513227513,0.0,61.462,23.333455026455
7949,0.0,61.462,23.2257513227513,0.0,61.462,23.333455026455
7950,0.0,61.462,23.2257513227513,0.0,61.462,23.333455026455
7951,0.0,61.462,23.2257513227513,0.0,61.462,23.333455026455
7952,0.0,61.825,24.4007016460905,0.0,61.825,24.4007016460905
7953,0.0,60.972,25.7825074074074,0.0,60.972,25.7825074074074
7954,0.0,60.972,25.7825074074074,0.0,60.972,25.7825074074074
7955,0.0,60.972,25.7825074074074,0.0,60.972,25.7825074074074
7956,0.0,60.972,25.7825074074074,0.0,60.972,25.7825074074074
7957,0.0,57.538,24.5546296296296,0.0,57.538,24.5546296296296
7958,0.0,59.913,24.1411759259259,0.0,59.913,24.1411759259259
7959,0.0,60.099,24.5698621399177,0.0,60.099,24.5698621399177
7960,0.0,60.099,24.5698621399177,0.0,60.099,24.5698621399177
7961,0.0,59.0,26.9927577160494,0.0,59.0,26.9927577160494
7962,0.0,59.0,26.9927577160494,0.0,59.0,26.9927577160494
7963,0.0,59.0,26.9927577160494,0.0,59.0,26.9927577160494
7964,0.0,60.104,28.4351732026144,0.0,60.104,28.4444803921569
7965,0.0,60.104,28.4351732026144,0.0,60.104,28.4444803921569
7966,0.0,60.104,28.4351732026144,0.0,60.104,28.4444803921569
7967,0.0,60.216,29.9729197530864,0.0,60.216,30.0176604938272
7968,0.0,60.216,29.9729197530864,0.0,60.216,30.0176604938272
7969,0.0,66.233,19.8377914462081,0.0,66.233,19.9928827160494
7970,0.0,66.233,19.8377914462081,0.0,66.233,19.9928827160494
7971,0.0,66.233,19.8377914462081,0.0,66.233,19.9928827160494
7972,0.0,61.462,23.2257513227513,0.0,61.462,23.333455026455
7973,0.0,61.462,23.2257513227513,0.0,61.462,23.333455026455
7974,0.0,61.825,24.4007016460905,0.0,61.825,24.4007016460905
7975,0.0,61.825,24.4007016460905,0.0,61.825,24.4007016460905
7976,0.0,61.076,25.4709938271605,0.0,61.076,25.4709938271605
7977,0.0,60.972,25.7825074074074,0.0,60.972,25.7825074074074
7978,0.0,56.328,24.0487777777778,0.0,56.328,24.0487777777778
7979,0.0,58.247,23.2297592592593,0.0,58.247,23.2297592592593
7980,0.0,60.099,24.5698621399177,0.0,60.099,24.5698621399177
7981,0.0,60.099,24.5698621399177,0.0,60.099,24.5698621399177
7982,0.0,60.099,24.5698621399177,0.0,60.099,24.5698621399177
7983,0.0,59.0,26.9927577160494,0.0,59.0,26.9927577160494
7984,0.0,59.0,26.9927577160494,0.0,59.0,26.9927577160494
7985,0.0,59.0,26.9927577160494,0.0,59.0,26.9927577160494
7986,0.0,60.104,28.4351732026144,0.0,60.104,28.4444803921569
7987,0.0,60.104,28.4351732026144,0.0,60.104,28.4444803921569
7988,0.0,60.216,29.9729197530864,0.0,60.216,30.0176604938272
7989,0.0,60.216,29.9729197530864,0.0,60.216,30.0176604938272
7990,0.0,66.233,19.8377914462081,0.0,66.233,19.9928827160494
7991,0.0,66.233,19.8377914462081,0.0,66.233,19.9928827160494
7992,0.0,66.233,19.8377914462081,0.0,66.233,19.9928827160494
7993,0.0,66.233,19.8377914462081,0.0,66.233,19.9928827160494
7994,0.0,66.233,19.8377914462081,0.0,66.233,19.9928827160494
7995,0.0,61.825,24.4007016460905,0.0,61.825,24.4007016460905
7996,0.0,61.825,24.4007016460905,0.0,61.825,24.4007016460905
7997,0.0,61.076,25.4709938271605,0.0,61.076,25.4709938271605
7998,0.0,61.279,24.6706074074074,0.0,61.279,24.6706074074074
7999,0.0,59.529,24.1778425925926,0.0,59.529,24.1778425925926
8000,0.0,61.279,24.6706074074074,0.0,61.279,24.6706074074074
8001,0.0,61.279,24.6706074074074,0.0,61.279,24.6706074074074
8002,0.0,59.627,21.4296759259259,0.0,59.627,21.4296759259259
8003,0.0,56.216,21.9274537037037,0.0,56.216,21.9274537037037
8004,0.0,59.627,21.4296759259259,0.0,59.627,21.4296759259259
8005,0.0,60.099,24.5698621399177,0.0,60.099,24.5698621399177
8006,0.0,60.099,24.5698621399177,0.0,60.099,24.5698621399177
8007,0.0,59.439,29.7355864197531,0.0,59.439,29.7444012345679
8008,0.0,66.233,19.8377914462081,0.0,66.233,19.9928827160494
8009,0.0,66.233,19.8377914462081,0.0,66.233,19.9928827160494
8010,0.0,66.233,19.8377914462081,0.0,66.233,19.9928827160494
8011,0.0,66.233,19.8377914462081,0.0,66.233,19.9928827160494
8012,0.0,66.233,19.8377914462081,0.0,66.233,19.9928827160494
8013,0.0,66.233,19.8377914462081,0.0,66.233,19.9928827160494
8014,0.0,61.825,24.4007016460905,0.0,61.825,24.4007016460905
8015,0.0,61.825,24.4007016460905,0.0,61.825,24.4007016460905
8016,0.0,61.825,24.4007016460905,0.0,61.825,24.4007016460905
8017,0.0,61.279,24.6706074074074,0.0,61.279,24.6706074074074
8018,0.0,61.279,24.6706074074074,0.0,61.279,24.6706074074074
8019,0.0,61.279,24.6706074074074,0.0,61.279,24.6706074074074
8020,0.0,61.279,24.6706074074074,0.0,61.279,24.6706074074074
8021,0.0,60.229,23.4418518518519,0.0,60.229,23.4418518518519
8022,0.0,60.229,23.0333425925926,0.0,60.229,23.0333425925926
8023,0.0,59.627,21.4296759259259,0.0,59.627,21.4296759259259
8024,0.0,59.627,21.4296759259259,0.0,59.627,21.4296759259259
8025,0.0,60.099,24.5698621399177,0.0,60.099,24.5698621399177
8026,0.0,60.099,24.5698621399177,0.0,60.099,24.5698621399177
8027,0.0,59.439,29.7355864197531,0.0,59.439,29.7444012345679
8028,0.0,66.233,19.8377914462081,0.0,66.233,19.9928827160494
8029,0.0,66.233,19.8377914462081,0.0,66.233,19.9928827160494
8030,0.0,66.233,19.8377914462081,0.0,66.233,19.9928827160494
8031,0.0,66.233,19.8377914462081,0.0,66.233,19.9928827160494
8032,0.0,66.233,19.8377914462081,0.0,66.233,19.9928827160494
8033,0.0,66.233,19.8377914462081,0.0,66.233,19.9928827160494
8034,0.0,61.825,24.4007016460905,0.0,61.825,24.4007016460905
8035,0.0,61.825,24.4007016460905,0.0,61.825,24.4007016460905
8036,0.0,61.825,24.4007016460905,0.0,61.825,24.4007016460905
8037,0.0,61.279,24.6706074074074,0.0,61.279,24.6706074074074
8038,0.0,61.986,24.8011851851852,0.0,61.986,24.8011851851852
8039,0.0,60.174,23.4955925925926,0.0,60.174,23.4955925925926
8040,0.0,60.229,23.0333425925926,0.0,60.229,23.0333425925926
8041,0.0,59.627,21.4296759259259,0.0,59.627,21.4296759259259
8042,0.0,62.494,24.8976759259259,0.0,62.494,24.8976759259259
8043,0.0,60.099,24.5698621399177,0.0,60.099,24.5698621399177
8044,0.0,60.099,24.5698621399177,0.0,60.099,24.5698621399177
8045,0.0,59.439,29.7355864197531,0.0,59.439,29.7444012345679
8046,0.0,66.233,19.8377914462081,0.0,66.233,19.9928827160494
8047,0.0,66.233,19.8377914462081,0.0,66.233,19.9928827160494
8048,0.0,66.233,19.8377914462081,0.0,66.233,19.9928827160494
8049,0.0,66.233,19.8377914462081,0.0,66.233,19.9928827160494
8050,0.0,66.233,19.8377914462081,0.0,66.233,19.9928827160494
8051,0.0,66.233,19.8377914462081,0.0,66.233,19.9928827160494
8052,0.0,66.233,19.8377914462081,0.0,66.233,19.9928827160494
8053,0.0,62.844,24.7780185185185,0.0,62.844,24.7780185185185
8054,0.0,61.851,24.8334444444444,0.0,61.851,24.8334444444444
8055,0.0,61.608,24.3113148148148,0.0,61.608,24.3113148148148
8056,0.0,61.986,24.6687592592593,0.0,61.986,24.6687592592593
8057,0.0,62.494,24.8976759259259,0.0,62.494,24.8976759259259
8058,0.0,62.494,24.8976759259259,0.0,62.494,24.8976759259259
8059,0.0,62.494,24.8976759259259,0.0,62.494,24.8976759259259
8060,0.0,60.762,25.9345666666667,0.0,60.762,26.3919
8061,0.0,60.762,25.9345666666667,0.0,60.762,26.3919
8062,0.0,60.762,25.9345666666667,0.0,60.762,26.3919
8063,0.0,66.233,19.8377914462081,0.0,66.233,19.9928827160494
8064,0.0,66.233,19.8377914462081,0.0,66.233,19.9928827160494
8065,0.0,66.233,19.8377914462081,0.0,66.233,19.9928827160494
8066,0.0,66.104,18.5771287477954,0.0,66.104,18.652725308642
8067,0.0,66.104,18.5771287477954,0.0,66.104,18.652725308642
8068,0.0,66.233,19.8377914462081,0.0,66.233,19.9928827160494
8069,0.0,66.233,19.8377914462081,0.0,66.233,19.9928827160494
8070,0.0,62.402,24.7361666666667,0.0,62.402,24.7361666666667
8071,0.0,61.134,24.9297962962963,0.0,61.134,24.9297962962963
8072,0.0,62.468,24.462512345679,0.0,62.468,24.462512345679
8073,0.0,62.468,24.462512345679,0.0,62.468,24.462512345679
8074,0.0,62.494,24.8976759259259,0.0,62.494,24.8976759259259
8075,0.0,60.762,25.9345666666667,0.0,60.762,26.3919
8076,0.0,60.762,25.9345666666667,0.0,60.762,26.3919
8077,0.0,66.104,18.5771287477954,0.0,66.104,18.652725308642
8078,0.0,66.233,19.8377914462081,0.0,66.233,19.9928827160494
8079,0.0,66.104,18.5771287477954,0.0,66.104,18.652725308642
8080,0.0,66.233,19.8377914462081,0.0,66.233,19.9928827160494
8081,0.0,66.104,18.5771287477954,0.0,66.104,18.652725308642
8082,0.0,66.104,18.5771287477954,0.0,66.104,18.652725308642
8083,0.0,66.104,18.5771287477954,0.0,66.104,18.652725308642
8084,0.0,62.812,25.5911666666667,0.0,62.812,25.5911666666667
8085,0.0,61.134,24.9297962962963,0.0,61.134,24.9297962962963
8086,0.0,59.381,24.7886666666667,0.0,59.381,24.7886666666667
8087,0.0,62.468,24.462512345679,0.0,62.468,24.462512345679
8088,0.0,66.104,18.5771287477954,0.0,66.104,18.652725308642
8089,0.0,66.104,18.5771287477954,0.0,66.104,18.652725308642
8090,0.0,66.104,18.5771287477954,0.0,66.104,18.652725308642
8091,0.0,66.104,18.5771287477954,0.0,66.104,18.652725308642
8092,0.0,66.104,18.5771287477954,0.0,66.104,18.652725308642
8093,0.0,66.104,18.5771287477954,0.0,66.104,18.652725308642
8094,0.0,66.104,18.5771287477954,0.0,66.104,18.652725308642
8095,0.0,66.104,18.5771287477954,0.0,66.104,18.652725308642
8096,0.0,66.104,18.5771287477954,0.0,66.104,18.652725308642
8097,0.0,66.104,18.5771287477954,0.0,66.104,18.652725308642
8098,0.0,66.104,18.5771287477954,0.0,66.104,18.652725308642
8099,0.0,66.104,18.5771287477954,0.0,66.104,18.652725308642
8100,0.0,66.135,19.1897962962963,0.0,66.135,19.2339074074074
8101,0.0,66.104,18.5771287477954,0.0,66.104,18.652725308642
8102,0.0,62.337,18.8934814814815,0.0,62.337,18.9051481481481
8103,0.0,66.104,18.5771287477954,0.0,66.104,18.652725308642
8104,0.0,66.104,18.5771287477954,0.0,66.104,18.652725308642
8105,0.0,66.104,18.5771287477954,0.0,66.104,18.652725308642
8106,0.0,66.104,18.5771287477954,0.0,66.104,18.652725308642
8107,0.0,66.104,18.5771287477954,0.0,66.104,18.652725308642
8108,0.0,66.104,18.5771287477954,0.0,66.104,18.652725308642
8109,0.0,66.104,18.5771287477954,0.0,66.104,18.652725308642
8110,0.0,66.104,18.5771287477954,0.0,66.104,18.652725308642
8111,0.0,66.104,18.5771287477954,0.0,66.104,18.652725308642
8112,0.0,66.104,18.5771287477954,0.0,66.104,18.652725308642
8113,0.0,66.104,18.5771287477954,0.0,66.104,18.652725308642
8114,0.0,66.104,18.5771287477954,0.0,66.104,18.652725308642
8115,0.0,66.104,18.5771287477954,0.0,66.104,18.652725308642
8116,0.0,66.104,18.5771287477954,0.0,66.104,18.652725308642
8117,0.0,66.104,18.5771287477954,0.0,66.104,18.652725308642
8118,0.0,66.104,18.5771287477954,0.0,66.104,18.652725308642
8119,0.0,66.104,18.5771287477954,0.0,66.104,18.652725308642
8120,0.0,66.104,18.5771287477954,0.0,66.104,18.652725308642
8121,0.0,66.104,18.5771287477954,0.0,66.104,18.652725308642
8122,0.0,66.104,18.5771287477954,0.0,66.104,18.652725308642
8123,0.0,50.315,13.7066402679275,0.0,50.315,14.6804365642238
8124,0.0,50.315,13.7066402679275,0.0,50.315,14.6804365642238
8125,0.0,50.315,13.7066402679275,0.0,50.315,14.6804365642238
8126,0.0,50.315,13.7066402679275,0.0,50.315,14.6804365642238
8127,0.0,50.315,13.7066402679275,0.0,50.315,14.6804365642238
8128,0.0,50.315,13.7066402679275,0.0,50.315,14.6804365642238
8129,0.0,50.315,13.7066402679275,0.0,50.315,14.6804365642238
8130,0.0,50.315,13.7066402679275,0.0,50.315,14.6804365642238
8131,0.0,50.315,13.7066402679275,0.0,50.315,14.6804365642238
8132,0.0,50.315,13.7066402679275,0.0,50.315,14.6804365642238
8133,0.0,50.315,13.7066402679275,0.0,50.315,14.6804365642238
8134,0.0,50.315,13.7066402679275,0.0,50.315,14.6804365642238
8135,0.0,50.315,13.7066402679275,0.0,50.315,14.6804365642238
8136,0.0,50.315,13.7066402679275,0.0,50.315,14.6804365642238
8137,0.0,50.315,13.7066402679275,0.0,50.315,14.6804365642238
8138,0.0,50.315,13.7066402679275,0.0,50.315,14.6804365642238
8139,0.0,50.315,13.7066402679275,0.0,50.315,14.6804365642238
8140,0.0,50.315,13.7066402679275,0.0,50.315,14.6804365642238
8141,0.0,50.315,13.7066402679275,0.0,50.315,14.6804365642238
8142,0.0,50.315,13.7066402679275,0.0,50.315,14.6804365642238
8143,0.0,50.315,13.7066402679275,0.0,50.315,14.6804365642238
8144,0.0,50.315,13.7066402679275,0.0,50.315,14.6804365642238
8145,0.0,50.315,13.7066402679275,0.0,50.315,14.6804365642238
8146,0.0,50.315,13.7066402679275,0.0,50.315,14.6804365642238
8147,0.0,50.315,13.7066402679275,0.0,50.315,14.6804365642238
8148,0.0,50.315,13.7066402679275,0.0,50.315,14.6804365642238
8149,0.0,50.315,13.7066402679275,0.0,50.315,14.6804365642238
8150,0.0,50.315,13.7066402679275,0.0,50.315,14.6804365642238
8151,0.0,50.315,13.7066402679275,0.0,50.315,14.6804365642238
8152,0.0,50.315,13.7066402679275,0.0,50.315,14.6804365642238
8153,0.0,50.315,13.7066402679275,0.0,50.315,14.6804365642238
8154,0.0,50.315,13.7066402679275,0.0,50.315,14.6804365642238
8155,0.0,58.161,16.3924675925926,0.0,58.161,16.5573703703704
8156,0.0,58.161,16.3924675925926,0.0,58.161,16.5573703703704
8157,0.0,59.938,29.0136851851852,0.0,59.938,29.0136851851852
8158,0.0,59.938,29.0136851851852,0.0,59.938,29.0136851851852
8159,0.0,59.938,29.0136851851852,0.0,59.938,29.0136851851852
8160,0.0,60.561,31.3668703703704,0.0,60.561,31.3668703703704
8161,0.0,80.601,22.8316137566138,0.0,80.601,23.0561058201058
8162,0.0,80.601,22.8316137566138,0.0,80.601,23.0561058201058
8163,0.0,80.601,22.8316137566138,0.0,80.601,23.0561058201058
8164,0.0,80.601,22.8316137566138,0.0,80.601,23.0561058201058
8165,0.0,80.601,22.8316137566138,0.0,80.601,23.0561058201058
8166,0.0,61.252,23.3390555555556,0.0,61.252,23.3390555555556
8167,0.0,60.952,23.2014074074074,0.0,60.952,23.2014074074074
8168,0.0,80.601,22.8316137566138,0.0,80.601,23.0561058201058
8169,0.0,80.601,22.8316137566138,0.0,80.601,23.0561058201058
8170,0.0,56.579,21.2353888888889,0.0,56.579,21.2353888888889
8171,0.0,62.548,24.6937777777778,0.0,62.548,24.6937777777778
8172,0.0,61.432,23.6286851851852,0.0,61.432,23.6286851851852
8173,0.0,60.952,23.2014074074074,0.0,60.952,23.2014074074074
8174,0.0,63.453,24.7155740740741,0.0,63.453,24.7155740740741
8175,0.0,62.812,25.5911666666667,0.0,62.812,25.5911666666667
8176,0.0,78.522,30.4097777777778,0.0,78.522,30.4097777777778
8177,0.0,80.601,31.0628703703704,0.0,80.601,31.0628703703704
8178,0.0,81.288,34.4327283950617,0.0,81.288,34.4327283950617
8179,0.0,61.109,24.1410740740741,0.0,61.109,24.1410740740741
8180,0.0,62.191,23.2555185185185,0.0,62.191,23.2555185185185
8181,0.0,60.952,23.2014074074074,0.0,60.952,23.2014074074074
8182,0.0,61.962,24.0247592592593,0.0,61.962,24.0247592592593
8183,0.0,81.288,34.4327283950617,0.0,81.288,34.4327283950617
8184,0.0,78.522,30.4097777777778,0.0,78.522,30.4097777777778
8185,0.0,81.913,32.8609074074074,0.0,81.913,32.8609074074074
8186,0.0,62.11,24.6208518518519,0.0,62.11,24.6208518518519
8187,0.0,61.709,23.614037037037,0.0,61.709,23.614037037037
8188,0.0,61.953,23.4575555555556,0.0,61.953,23.4575555555556
8189,0.0,61.953,23.4575555555556,0.0,61.953,23.4575555555556
8190,0.0,81.288,34.4327283950617,0.0,81.288,34.4327283950617
8191,0.0,82.68,36.6663555555556,0.0,82.68,36.6663555555556
8192,0.0,81.372,29.6837222222222,0.0,81.372,29.6837222222222
8193,0.0,81.372,29.6837222222222,0.0,81.372,29.6837222222222
8194,0.0,81.372,29.6837222222222,0.0,81.372,29.6837222222222
8195,0.0,81.372,29.6837222222222,0.0,81.372,29.6837222222222
8196,0.0,61.822,23.042037037037,0.0,61.822,23.042037037037
8197,0.0,61.822,23.042037037037,0.0,61.822,23.042037037037
8198,0.0,82.68,36.6663555555556,0.0,82.68,36.6663555555556
8199,0.0,82.513,41.1377407407407,0.0,82.513,41.1377407407407
8200,0.0,79.378,36.9441851851852,0.0,79.378,36.9441851851852
8201,0.0,77.057,31.8982314814815,0.0,77.057,31.8982314814815
8202,0.0,81.372,29.6837222222222,0.0,81.372,29.6837222222222
8203,0.0,63.441,24.1414259259259,0.0,63.441,24.1414259259259
8204,0.0,63.441,24.1414259259259,0.0,63.441,24.1414259259259
8205,0.0,82.68,36.6663555555556,0.0,82.68,36.6663555555556
8206,0.0,82.68,36.6663555555556,0.0,82.68,36.6663555555556
8207,0.0,77.057,31.8982314814815,0.0,77.057,31.8982314814815
8208,0.0,77.057,31.8982314814815,0.0,77.057,31.8982314814815
8209,0.0,65.46,25.2707169312169,0.0,65.46,25.2707169312169
8210,0.0,63.327,23.4610925925926,0.0,63.327,23.4610925925926
8211,0.0,63.441,24.1414259259259,0.0,63.441,24.1414259259259
8212,0.0,82.68,36.6663555555556,0.0,82.68,36.6663555555556
8213,0.0,82.68,36.6663555555556,0.0,82.68,36.6663555555556
8214,0.0,82.68,36.6663555555556,0.0,82.68,36.6663555555556
8215,0.0,77.057,31.8982314814815,0.0,77.057,31.8982314814815
8216,0.0,65.46,25.2707169312169,0.0,65.46,25.2707169312169
8217,0.0,65.46,25.2707169312169,0.0,65.46,25.2707169312169
8218,0.0,65.46,25.2707169312169,0.0,65.46,25.2707169312169
8219,0.0,63.327,23.4610925925926,0.0,63.327,23.4610925925926
8220,0.0,82.68,36.6663555555556,0.0,82.68,36.6663555555556
8221,0.0,82.68,36.6663555555556,0.0,82.68,36.6663555555556
8222,0.0,82.68,36.6663555555556,0.0,82.68,36.6663555555556
8223,0.0,65.331,25.4064675925926,0.0,65.331,25.4064675925926
8224,0.0,65.331,25.4064675925926,0.0,65.331,25.4064675925926
8225,0.0,65.331,25.4064675925926,0.0,65.331,25.4064675925926
8226,0.0,65.331,25.4064675925926,0.0,65.331,25.4064675925926
8227,0.0,65.331,25.4064675925926,0.0,65.331,25.4064675925926
8228,0.0,82.68,36.6663555555556,0.0,82.68,36.6663555555556
8229,0.0,82.68,36.6663555555556,0.0,82.68,36.6663555555556
8230,0.0,65.331,25.4064675925926,0.0,65.331,25.4064675925926
8231,0.0,65.331,25.4064675925926,0.0,65.331,25.4064675925926
8232,0.0,65.331,25.4064675925926,0.0,65.331,25.4064675925926
8233,0.0,65.331,25.4064675925926,0.0,65.331,25.4064675925926
8234,0.0,65.331,25.4064675925926,0.0,65.331,25.4064675925926
8235,0.0,65.331,25.4064675925926,0.0,65.331,25.4064675925926
8236,0.0,65.966,25.923960016835,0.0,65.966,26.0341216329966
8237,0.0,82.68,36.6663555555556,0.0,82.68,36.6663555555556
8238,0.0,65.331,25.4064675925926,0.0,65.331,25.4064675925926
8239,0.0,65.331,25.4064675925926,0.0,65.331,25.4064675925926
8240,0.0,65.331,25.4064675925926,0.0,65.331,25.4064675925926
8241,0.0,64.749,22.2641975308642,0.0,64.749,22.2641975308642
8242,0.0,64.749,22.2641975308642,0.0,64.749,22.2641975308642
8243,0.0,64.749,22.2641975308642,0.0,64.749,22.2641975308642
8244,0.0,65.966,25.923960016835,0.0,65.966,26.0341216329966
8245,0.0,65.966,25.923960016835,0.0,65.966,26.0341216329966
8246,0.0,65.966,25.923960016835,0.0,65.966,26.0341216329966
8247,0.0,65.331,25.4064675925926,0.0,65.331,25.4064675925926
8248,0.0,65.331,25.4064675925926,0.0,65.331,25.4064675925926
8249,0.0,65.626,23.779775462963,0.0,65.626,23.779775462963
8250,0.0,64.749,22.2641975308642,0.0,64.749,22.2641975308642
8251,0.0,64.749,22.2641975308642,0.0,64.749,22.2641975308642
8252,0.0,64.749,22.2641975308642,0.0,64.749,22.2641975308642
8253,0.0,64.749,22.2641975308642,0.0,64.749,22.2641975308642
8254,0.0,64.749,22.2641975308642,0.0,64.749,22.2641975308642
8255,0.0,65.966,25.923960016835,0.0,65.966,26.0341216329966
8256,0.0,65.966,25.923960016835,0.0,65.966,26.0341216329966
8257,0.0,65.966,25.923960016835,0.0,65.966,26.0341216329966
8258,0.0,65.331,25.4064675925926,0.0,65.331,25.4064675925926
8259,0.0,65.626,23.779775462963,0.0,65.626,23.779775462963
8260,0.0,65.045,25.163537037037,0.0,65.045,25.163537037037
8261,0.0,65.626,23.779775462963,0.0,65.626,23.779775462963
8262,0.0,65.626,23.779775462963,0.0,65.626,23.779775462963
8263,0.0,64.749,22.2641975308642,0.0,64.749,22.2641975308642
8264,0.0,65.626,23.779775462963,0.0,65.626,23.779775462963
8265,0.0,65.966,25.923960016835,0.0,65.966,26.0341216329966
8266,0.0,65.966,25.923960016835,0.0,65.966,26.0341216329966
8267,0.0,65.966,25.923960016835,0.0,65.966,26.0341216329966
8268,0.0,65.613,23.7000427350427,0.0,65.613,23.7000512820513
8269,0.0,65.613,23.7000427350427,0.0,65.613,23.7000512820513
8270,0.0,65.613,23.7000427350427,0.0,65.613,23.7000512820513
8271,0.0,65.613,23.7000427350427,0.0,65.613,23.7000512820513
8272,0.0,65.626,23.779775462963,0.0,65.626,23.779775462963
8273,0.0,65.626,23.779775462963,0.0,65.626,23.779775462963
8274,0.0,65.626,23.779775462963,0.0,65.626,23.779775462963
8275,0.0,65.626,23.779775462963,0.0,65.626,23.779775462963
8276,0.0,65.626,23.779775462963,0.0,65.626,23.779775462963
8277,0.0,65.966,25.923960016835,0.0,65.966,26.0341216329966
8278,0.0,65.966,25.923960016835,0.0,65.966,26.0341216329966
8279,0.0,65.966,25.923960016835,0.0,65.966,26.0341216329966
8280,0.0,65.613,23.7000427350427,0.0,65.613,23.7000512820513
8281,0.0,65.613,23.7000427350427,0.0,65.613,23.7000512820513
8282,0.0,65.613,23.7000427350427,0.0,65.613,23.7000512820513
8283,0.0,65.613,23.7000427350427,0.0,65.613,23.7000512820513
8284,0.0,65.613,23.7000427350427,0.0,65.613,23.7000512820513
8285,0.0,65.613,23.7000427350427,0.0,65.613,23.7000512820513
8286,0.0,65.613,23.7000427350427,0.0,65.613,23.7000512820513
8287,0.0,65.626,23.779775462963,0.0,65.626,23.779775462963
8288,0.0,65.626,23.779775462963,0.0,65.626,23.779775462963
8289,0.0,65.626,23.779775462963,0.0,65.626,23.779775462963
8290,0.0,65.966,25.923960016835,0.0,65.966,26.0341216329966
8291,0.0,65.966,25.923960016835,0.0,65.966,26.0341216329966
8292,0.0,65.613,23.7000427350427,0.0,65.613,23.7000512820513
8293,0.0,65.613,23.7000427350427,0.0,65.613,23.7000512820513
8294,0.0,65.613,23.7000427350427,0.0,65.613,23.7000512820513
8295,0.0,65.613,23.7000427350427,0.0,65.613,23.7000512820513
8296,0.0,65.613,23.7000427350427,0.0,65.613,23.7000512820513
8297,0.0,65.613,23.7000427350427,0.0,65.613,23.7000512820513
8298,0.0,65.613,23.7000427350427,0.0,65.613,23.7000512820513
8299,0.0,65.613,23.7000427350427,0.0,65.613,23.7000512820513
8300,0.0,65.613,23.7000427350427,0.0,65.613,23.7000512820513
8301,0.0,64.45,24.4127407407407,0.0,64.45,24.4127407407407
8302,0.0,65.626,23.779775462963,0.0,65.626,23.779775462963
8303,0.0,65.966,25.923960016835,0.0,65.966,26.0341216329966
8304,0.0,65.966,25.923960016835,0.0,65.966,26.0341216329966
8305,0.0,65.613,23.7000427350427,0.0,65.613,23.7000512820513
8306,0.0,65.613,23.7000427350427,0.0,65.613,23.7000512820513
8307,0.0,65.613,23.7000427350427,0.0,65.613,23.7000512820513
8308,0.0,65.613,23.7000427350427,0.0,65.613,23.7000512820513
8309,0.0,65.613,23.7000427350427,0.0,65.613,23.7000512820513
8310,0.0,65.613,23.7000427350427,0.0,65.613,23.7000512820513
8311,0.0,65.613,23.7000427350427,0.0,65.613,23.7000512820513
8312,0.0,65.475,21.9249666666667,0.0,65.475,21.9261222222222
8313,0.0,65.613,23.7000427350427,0.0,65.613,23.7000512820513
8314,0.0,65.613,23.7000427350427,0.0,65.613,23.7000512820513
8315,0.0,65.613,23.7000427350427,0.0,65.613,23.7000512820513
8316,0.0,65.966,25.923960016835,0.0,65.966,26.0341216329966
8317,0.0,65.966,25.923960016835,0.0,65.966,26.0341216329966
8318,0.0,65.518,22.2811138545953,0.0,65.518,22.2828360768176
8319,0.0,65.613,23.7000427350427,0.0,65.613,23.7000512820513
8320,0.0,65.613,23.7000427350427,0.0,65.613,23.7000512820513
8321,0.0,65.613,23.7000427350427,0.0,65.613,23.7000512820513
8322,0.0,65.613,23.7000427350427,0.0,65.613,23.7000512820513
8323,0.0,65.613,23.7000427350427,0.0,65.613,23.7000512820513
8324,0.0,65.613,23.7000427350427,0.0,65.613,23.7000512820513
8325,0.0,65.613,23.7000427350427,0.0,65.613,23.7000512820513
8326,0.0,65.475,21.9249666666667,0.0,65.475,21.9261222222222
8327,0.0,65.475,21.9249666666667,0.0,65.475,21.9261222222222
8328,0.0,65.613,23.7000427350427,0.0,65.613,23.7000512820513
8329,0.0,65.966,25.923960016835,0.0,65.966,26.0341216329966
8330,0.0,65.966,25.923960016835,0.0,65.966,26.0341216329966
8331,0.0,65.966,25.923960016835,0.0,65.966,26.0341216329966
8332,0.0,65.518,22.2811138545953,0.0,65.518,22.2828360768176
8333,0.0,65.518,22.2811138545953,0.0,65.518,22.2828360768176
8334,0.0,65.518,22.2811138545953,0.0,65.518,22.2828360768176
8335,0.0,65.613,23.7000427350427,0.0,65.613,23.7000512820513
8336,0.0,66.042,21.5809481481481,0.0,66.042,21.582337037037
8337,0.0,65.613,23.7000427350427,0.0,65.613,23.7000512820513
8338,0.0,65.613,23.7000427350427,0.0,65.613,23.7000512820513
8339,0.0,65.475,21.9249666666667,0.0,65.475,21.9261222222222
8340,0.0,65.475,21.9249666666667,0.0,65.475,21.9261222222222
8341,0.0,65.716,23.3281203703704,0.0,65.716,23.3281203703704
8342,0.0,65.966,25.923960016835,0.0,65.966,26.0341216329966
8343,0.0,65.966,25.923960016835,0.0,65.966,26.0341216329966
8344,0.0,65.966,25.923960016835,0.0,65.966,26.0341216329966
8345,0.0,64.726,27.3729259259259,0.0,64.726,27.3729259259259
8346,0.0,65.518,22.2811138545953,0.0,65.518,22.2828360768176
8347,0.0,65.518,22.2811138545953,0.0,65.518,22.2828360768176
8348,0.0,65.518,22.2811138545953,0.0,65.518,22.2828360768176
8349,0.0,66.042,21.5809481481481,0.0,66.042,21.582337037037
8350,0.0,66.042,21.5809481481481,0.0,66.042,21.582337037037
8351,0.0,66.042,21.5809481481481,0.0,66.042,21.582337037037
8352,0.0,66.042,21.5809481481481,0.0,66.042,21.582337037037
8353,0.0,65.475,21.9249666666667,0.0,65.475,21.9261222222222
8354,0.0,66.042,21.5809481481481,0.0,66.042,21.582337037037
8355,0.0,65.475,21.9249666666667,0.0,65.475,21.9261222222222
8356,0.0,65.966,25.923960016835,0.0,65.966,26.0341216329966
8357,0.0,65.966,25.923960016835,0.0,65.966,26.0341216329966
8358,0.0,65.966,25.923960016835,0.0,65.966,26.0341216329966
8359,0.0,65.518,22.2811138545953,0.0,65.518,22.2828360768176
8360,0.0,65.518,22.2811138545953,0.0,65.518,22.2828360768176
8361,0.0,65.518,22.2811138545953,0.0,65.518,22.2828360768176
8362,0.0,65.518,22.2811138545953,0.0,65.518,22.2828360768176
8363,0.0,65.518,22.2811138545953,0.0,65.518,22.2828360768176
8364,0.0,65.615,20.1774907407407,0.0,65.615,20.188078042328
8365,0.0,66.042,21.5809481481481,0.0,66.042,21.582337037037
8366,0.0,66.042,21.5809481481481,0.0,66.042,21.582337037037
8367,0.0,66.042,21.5809481481481,0.0,66.042,21.582337037037
8368,0.0,66.042,21.5809481481481,0.0,66.042,21.582337037037
8369,0.0,66.042,21.5809481481481,0.0,66.042,21.582337037037
8370,0.0,65.966,25.923960016835,0.0,65.966,26.0341216329966
8371,0.0,65.966,25.923960016835,0.0,65.966,26.0341216329966
8372,0.0,65.966,25.923960016835,0.0,65.966,26.0341216329966
8373,0.0,65.966,25.923960016835,0.0,65.966,26.0341216329966
8374,0.0,65.966,25.923960016835,0.0,65.966,26.0341216329966
8375,0.0,65.518,22.2811138545953,0.0,65.518,22.2828360768176
8376,0.0,65.518,22.2811138545953,0.0,65.518,22.2828360768176
8377,0.0,65.518,22.2811138545953,0.0,65.518,22.2828360768176
8378,0.0,65.518,22.2811138545953,0.0,65.518,22.2828360768176
8379,0.0,65.615,20.1774907407407,0.0,65.615,20.188078042328
8380,0.0,65.615,20.1774907407407,0.0,65.615,20.188078042328
8381,0.0,65.615,20.1774907407407,0.0,65.615,20.188078042328
8382,0.0,65.615,20.1774907407407,0.0,65.615,20.188078042328
8383,0.0,66.042,22.8172592592593,0.0,66.042,22.8172592592593
8384,0.0,65.788,23.6489074074074,0.0,65.788,23.6489074074074
8385,0.0,65.788,23.6489074074074,0.0,65.788,23.6489074074074
8386,0.0,65.966,25.923960016835,0.0,65.966,26.0341216329966
8387,0.0,65.966,25.923960016835,0.0,65.966,26.0341216329966
8388,0.0,65.966,25.923960016835,0.0,65.966,26.0341216329966
8389,0.0,65.518,22.2811138545953,0.0,65.518,22.2828360768176
8390,0.0,65.518,22.2811138545953,0.0,65.518,22.2828360768176
8391,0.0,65.518,22.2811138545953,0.0,65.518,22.2828360768176
8392,0.0,65.518,22.2811138545953,0.0,65.518,22.2828360768176
8393,0.0,65.518,22.2811138545953,0.0,65.518,22.2828360768176
8394,0.0,65.45,18.8471476190476,0.0,65.45,18.9032888888889
8395,0.0,65.615,20.1774907407407,0.0,65.615,20.188078042328
8396,0.0,65.615,20.1774907407407,0.0,65.615,20.188078042328
8397,0.0,64.151,20.0380740740741,0.0,64.151,20.048462962963
8398,0.0,58.779,18.5101666666667,0.0,58.779,18.5141111111111
8399,0.0,66.37,20.634062962963,0.0,66.37,20.6410962962963
8400,0.0,66.296,22.258037037037,0.0,66.296,22.258037037037
8401,0.0,66.37,20.634062962963,0.0,66.37,20.6410962962963
8402,0.0,65.788,23.6489074074074,0.0,65.788,23.6489074074074
8403,0.0,65.966,25.923960016835,0.0,65.966,26.0341216329966
8404,0.0,65.966,25.923960016835,0.0,65.966,26.0341216329966
8405,0.0,65.966,25.923960016835,0.0,65.966,26.0341216329966
8406,0.0,65.966,25.923960016835,0.0,65.966,26.0341216329966
8407,0.0,65.966,25.923960016835,0.0,65.966,26.0341216329966
8408,0.0,65.45,18.8471476190476,0.0,65.45,18.9032888888889
8409,0.0,65.518,22.2811138545953,0.0,65.518,22.2828360768176
8410,0.0,65.45,18.8471476190476,0.0,65.45,18.9032888888889
8411,0.0,65.45,18.8471476190476,0.0,65.45,18.9032888888889
8412,0.0,65.45,18.8471476190476,0.0,65.45,18.9032888888889
8413,0.0,65.615,20.1774907407407,0.0,65.615,20.188078042328
8414,0.0,65.45,18.8471476190476,0.0,65.45,18.9032888888889
8415,0.0,65.615,20.1774907407407,0.0,65.615,20.188078042328
8416,0.0,58.779,18.5101666666667,0.0,58.779,18.5141111111111
8417,0.0,65.961,20.2777407407407,0.0,65.961,20.3002962962963
8418,0.0,66.37,20.634062962963,0.0,66.37,20.6410962962963
8419,0.0,66.296,22.258037037037,0.0,66.296,22.258037037037
8420,0.0,66.37,20.634062962963,0.0,66.37,20.6410962962963
8421,0.0,66.289,20.7279942528736,0.0,66.289,20.8618697318008
8422,0.0,65.966,25.923960016835,0.0,65.966,26.0341216329966
8423,0.0,66.289,20.7279942528736,0.0,66.289,20.8618697318008
8424,0.0,65.966,25.923960016835,0.0,65.966,26.0341216329966
8425,0.0,65.966,25.923960016835,0.0,65.966,26.0341216329966
8426,0.0,65.45,18.8471476190476,0.0,65.45,18.9032888888889
8427,0.0,65.45,18.8471476190476,0.0,65.45,18.9032888888889
8428,0.0,65.45,18.8471476190476,0.0,65.45,18.9032888888889
8429,0.0,65.45,18.8471476190476,0.0,65.45,18.9032888888889
8430,0.0,65.45,18.8471476190476,0.0,65.45,18.9032888888889
8431,0.0,65.45,18.8471476190476,0.0,65.45,18.9032888888889
8432,0.0,65.45,18.8471476190476,0.0,65.45,18.9032888888889
8433,0.0,65.45,18.8471476190476,0.0,65.45,18.9032888888889
8434,0.0,65.45,18.8471476190476,0.0,65.45,18.9032888888889
8435,0.0,65.45,18.8471476190476,0.0,65.45,18.9032888888889
8436,0.0,67.206,18.4930169082126,0.0,67.206,18.5220483091787
8437,0.0,67.206,18.4930169082126,0.0,67.206,18.5220483091787
8438,0.0,66.37,20.634062962963,0.0,66.37,20.6410962962963
8439,0.0,66.37,22.7704074074074,0.0,66.37,22.7704074074074
8440,0.0,66.289,20.7279942528736,0.0,66.289,20.8618697318008
8441,0.0,66.289,20.7279942528736,0.0,66.289,20.8618697318008
8442,0.0,66.289,20.7279942528736,0.0,66.289,20.8618697318008
8443,0.0,66.289,20.7279942528736,0.0,66.289,20.8618697318008
8444,0.0,65.966,25.923960016835,0.0,65.966,26.0341216329966
8445,0.0,65.052,17.1507175925926,0.0,65.052,17.2571541005291
8446,0.0,65.966,25.923960016835,0.0,65.966,26.0341216329966
8447,0.0,65.052,17.1507175925926,0.0,65.052,17.2571541005291
8448,0.0,65.052,17.1507175925926,0.0,65.052,17.2571541005291
8449,0.0,65.052,17.1507175925926,0.0,65.052,17.2571541005291
8450,0.0,65.45,18.8471476190476,0.0,65.45,18.9032888888889
8451,0.0,65.45,18.8471476190476,0.0,65.45,18.9032888888889
8452,0.0,65.45,18.8471476190476,0.0,65.45,18.9032888888889
8453,0.0,65.45,18.8471476190476,0.0,65.45,18.9032888888889
8454,0.0,65.45,18.8471476190476,0.0,65.45,18.9032888888889
8455,0.0,65.45,18.8471476190476,0.0,65.45,18.9032888888889
8456,0.0,67.206,18.4930169082126,0.0,67.206,18.5220483091787
8457,0.0,67.206,18.4930169082126,0.0,67.206,18.5220483091787
8458,0.0,67.206,18.4930169082126,0.0,67.206,18.5220483091787
8459,0.0,67.206,18.4930169082126,0.0,67.206,18.5220483091787
8460,0.0,66.289,20.7279942528736,0.0,66.289,20.8618697318008
8461,0.0,66.289,20.7279942528736,0.0,66.289,20.8618697318008
8462,0.0,66.289,20.7279942528736,0.0,66.289,20.8618697318008
8463,0.0,66.289,20.7279942528736,0.0,66.289,20.8618697318008
8464,0.0,66.289,20.7279942528736,0.0,66.289,20.8618697318008
8465,0.0,66.289,20.7279942528736,0.0,66.289,20.8618697318008
8466,0.0,65.052,17.1507175925926,0.0,65.052,17.2571541005291
8467,0.0,65.052,17.1507175925926,0.0,65.052,17.2571541005291
8468,0.0,65.052,17.1507175925926,0.0,65.052,17.2571541005291
8469,0.0,65.052,17.1507175925926,0.0,65.052,17.2571541005291
8470,0.0,65.052,17.1507175925926,0.0,65.052,17.2571541005291
8471,0.0,67.462,18.3616867283951,0.0,67.462,18.4041589506173
8472,0.0,67.462,18.3616867283951,0.0,67.462,18.4041589506173
8473,0.0,67.462,18.3616867283951,0.0,67.462,18.4041589506173
8474,0.0,65.45,18.8471476190476,0.0,65.45,18.9032888888889
8475,0.0,67.206,18.4930169082126,0.0,67.206,18.5220483091787
8476,0.0,67.206,18.4930169082126,0.0,67.206,18.5220483091787
8477,0.0,67.206,18.4930169082126,0.0,67.206,18.5220483091787
8478,0.0,67.206,18.4930169082126,0.0,67.206,18.5220483091787
8479,0.0,66.348,21.8170065710872,0.0,66.348,21.8825352449223
8480,0.0,66.289,20.7279942528736,0.0,66.289,20.8618697318008
8481,0.0,66.289,20.7279942528736,0.0,66.289,20.8618697318008
8482,0.0,66.289,20.7279942528736,0.0,66.289,20.8618697318008
8483,0.0,66.289,20.7279942528736,0.0,66.289,20.8618697318008
8484,0.0,66.289,20.7279942528736,0.0,66.289,20.8618697318008
8485,0.0,66.289,20.7279942528736,0.0,66.289,20.8618697318008
8486,0.0,65.052,17.1507175925926,0.0,65.052,17.2571541005291
8487,0.0,65.052,17.1507175925926,0.0,65.052,17.2571541005291
8488,0.0,65.052,17.1507175925926,0.0,65.052,17.2571541005291
8489,0.0,65.052,17.1507175925926,0.0,65.052,17.2571541005291
8490,0.0,65.052,17.1507175925926,0.0,65.052,17.2571541005291
8491,0.0,67.462,18.3616867283951,0.0,67.462,18.4041589506173
8492,0.0,67.462,18.3616867283951,0.0,67.462,18.4041589506173
8493,0.0,67.462,18.3616867283951,0.0,67.462,18.4041589506173
8494,0.0,67.206,18.4930169082126,0.0,67.206,18.5220483091787
8495,0.0,67.206,18.4930169082126,0.0,67.206,18.5220483091787
8496,0.0,67.206,18.4930169082126,0.0,67.206,18.5220483091787
8497,0.0,67.206,18.4930169082126,0.0,67.206,18.5220483091787
8498,0.0,67.206,18.4930169082126,0.0,67.206,18.5220483091787
8499,0.0,66.348,21.8170065710872,0.0,66.348,21.8825352449223
8500,0.0,66.348,21.8170065710872,0.0,66.348,21.8825352449223
8501,0.0,66.289,20.7279942528736,0.0,66.289,20.8618697318008
8502,0.0,66.289,20.7279942528736,0.0,66.289,20.8618697318008
8503,0.0,66.289,20.7279942528736,0.0,66.289,20.8618697318008
8504,0.0,66.289,20.7279942528736,0.0,66.289,20.8618697318008
8505,0.0,66.289,20.7279942528736,0.0,66.289,20.8618697318008
8506,0.0,66.289,20.7279942528736,0.0,66.289,20.8618697318008
8507,0.0,65.052,17.1507175925926,0.0,65.052,17.2571541005291
8508,0.0,61.673,17.8101481481481,0.0,61.673,17.9109814814815
8509,0.0,65.052,17.1507175925926,0.0,65.052,17.2571541005291
8510,0.0,65.052,17.1507175925926,0.0,65.052,17.2571541005291
8511,0.0,67.462,18.3616867283951,0.0,67.462,18.4041589506173
8512,0.0,67.462,18.3616867283951,0.0,67.462,18.4041589506173
8513,0.0,67.462,18.3616867283951,0.0,67.462,18.4041589506173
8514,0.0,67.462,18.3616867283951,0.0,67.462,18.4041589506173
8515,0.0,67.462,18.3616867283951,0.0,67.462,18.4041589506173
8516,0.0,67.206,18.4930169082126,0.0,67.206,18.5220483091787
8517,0.0,67.206,18.4930169082126,0.0,67.206,18.5220483091787
8518,0.0,66.348,21.8170065710872,0.0,66.348,21.8825352449223
8519,0.0,66.348,21.8170065710872,0.0,66.348,21.8825352449223
8520,0.0,66.348,21.8170065710872,0.0,66.348,21.8825352449223
8521,0.0,66.348,21.8170065710872,0.0,66.348,21.8825352449223
8522,0.0,66.348,21.8170065710872,0.0,66.348,21.8825352449223
8523,0.0,66.289,20.7279942528736,0.0,66.289,20.8618697318008
8524,0.0,66.289,20.7279942528736,0.0,66.289,20.8618697318008
8525,0.0,66.289,20.7279942528736,0.0,66.289,20.8618697318008
8526,0.0,66.289,20.7279942528736,0.0,66.289,20.8618697318008
8527,0.0,65.052,17.1507175925926,0.0,65.052,17.2571541005291
8528,0.0,65.052,17.1507175925926,0.0,65.052,17.2571541005291
8529,0.0,65.052,17.1507175925926,0.0,65.052,17.2571541005291
8530,0.0,65.052,17.1507175925926,0.0,65.052,17.2571541005291
8531,0.0,65.052,17.1507175925926,0.0,65.052,17.2571541005291
8532,0.0,67.462,18.3616867283951,0.0,67.462,18.4041589506173
8533,0.0,67.462,18.3616867283951,0.0,67.462,18.4041589506173
8534,0.0,67.462,18.3616867283951,0.0,67.462,18.4041589506173
8535,0.0,67.462,18.3616867283951,0.0,67.462,18.4041589506173
8536,0.0,67.462,18.3616867283951,0.0,67.462,18.4041589506173
8537,0.0,67.206,18.4930169082126,0.0,67.206,18.5220483091787
8538,0.0,67.164,25.1709236111111,0.0,67.164,25.1709236111111
8539,0.0,67.164,25.1709236111111,0.0,67.164,25.1709236111111
8540,0.0,66.348,21.8170065710872,0.0,66.348,21.8825352449223
8541,0.0,66.348,21.8170065710872,0.0,66.348,21.8825352449223
8542,0.0,66.348,21.8170065710872,0.0,66.348,21.8825352449223
8543,0.0,66.348,21.8170065710872,0.0,66.348,21.8825352449223
8544,0.0,66.348,21.8170065710872,0.0,66.348,21.8825352449223
8545,0.0,66.348,21.8170065710872,0.0,66.348,21.8825352449223
8546,0.0,66.289,20.7279942528736,0.0,66.289,20.8618697318008
8547,0.0,66.1,18.1828717948718,0.0,66.1,18.2101068376068
8548,0.0,62.604,18.0526296296296,0.0,62.604,18.1257407407407
8549,0.0,66.1,18.1828717948718,0.0,66.1,18.2101068376068
8550,0.0,60.044,15.7087037037037,0.0,60.044,15.8177592592593
8551,0.0,66.1,18.1828717948718,0.0,66.1,18.2101068376068
8552,0.0,66.1,18.1828717948718,0.0,66.1,18.2101068376068
8553,0.0,66.1,18.1828717948718,0.0,66.1,18.2101068376068
8554,0.0,66.1,18.1828717948718,0.0,66.1,18.2101068376068
8555,0.0,67.462,18.3616867283951,0.0,67.462,18.4041589506173
8556,0.0,67.462,18.3616867283951,0.0,67.462,18.4041589506173
8557,0.0,67.164,25.1709236111111,0.0,67.164,25.1709236111111
8558,0.0,67.164,25.1709236111111,0.0,67.164,25.1709236111111
8559,0.0,67.164,25.1709236111111,0.0,67.164,25.1709236111111
8560,0.0,66.348,21.8170065710872,0.0,66.348,21.8825352449223
8561,0.0,66.348,21.8170065710872,0.0,66.348,21.8825352449223
8562,0.0,66.348,21.8170065710872,0.0,66.348,21.8825352449223
8563,0.0,66.348,21.8170065710872,0.0,66.348,21.8825352449223
8564,0.0,66.348,21.8170065710872,0.0,66.348,21.8825352449223
8565,0.0,66.348,21.8170065710872,0.0,66.348,21.8825352449223
8566,0.0,66.348,21.8170065710872,0.0,66.348,21.8825352449223
8567,0.0,66.1,18.1828717948718,0.0,66.1,18.2101068376068
8568,0.0,66.1,18.1828717948718,0.0,66.1,18.2101068376068
8569,0.0,66.1,18.1828717948718,0.0,66.1,18.2101068376068
8570,0.0,66.1,18.1828717948718,0.0,66.1,18.2101068376068
8571,0.0,65.829,22.1749351851852,0.0,65.829,22.1749351851852
8572,0.0,65.829,22.1749351851852,0.0,65.829,22.1749351851852
8573,0.0,65.829,22.1749351851852,0.0,65.829,22.1749351851852
8574,0.0,67.462,18.3616867283951,0.0,67.462,18.4041589506173
8575,0.0,67.462,18.3616867283951,0.0,67.462,18.4041589506173
8576,0.0,67.164,25.1709236111111,0.0,67.164,25.1709236111111
8577,0.0,67.164,25.1709236111111,0.0,67.164,25.1709236111111
8578,0.0,67.164,25.1709236111111,0.0,67.164,25.1709236111111
8579,0.0,67.399,21.8864776234568,0.0,67.399,21.9014544753086
8580,0.0,67.399,21.8864776234568,0.0,67.399,21.9014544753086
8581,0.0,66.348,21.8170065710872,0.0,66.348,21.8825352449223
8582,0.0,66.348,21.8170065710872,0.0,66.348,21.8825352449223
8583,0.0,66.348,21.8170065710872,0.0,66.348,21.8825352449223
8584,0.0,66.348,21.8170065710872,0.0,66.348,21.8825352449223
8585,0.0,66.348,21.8170065710872,0.0,66.348,21.8825352449223
8586,0.0,66.56,22.1693618233618,0.0,66.56,22.180396011396
8587,0.0,66.56,22.1693618233618,0.0,66.56,22.180396011396
8588,0.0,66.56,22.1693618233618,0.0,66.56,22.180396011396
8589,0.0,66.1,18.1828717948718,0.0,66.1,18.2101068376068
8590,0.0,67.281,26.8542936507937,0.0,67.281,26.8542936507937
8591,0.0,65.829,22.1749351851852,0.0,65.829,22.1749351851852
8592,0.0,67.164,25.1709236111111,0.0,67.164,25.1709236111111
8593,0.0,67.164,25.1709236111111,0.0,67.164,25.1709236111111
8594,0.0,67.164,25.1709236111111,0.0,67.164,25.1709236111111
8595,0.0,67.399,21.8864776234568,0.0,67.399,21.9014544753086
8596,0.0,67.164,25.1709236111111,0.0,67.164,25.1709236111111
8597,0.0,67.399,21.8864776234568,0.0,67.399,21.9014544753086
8598,0.0,67.399,21.8864776234568,0.0,67.399,21.9014544753086
8599,0.0,66.348,21.8170065710872,0.0,66.348,21.8825352449223
8600,0.0,66.56,22.1693618233618,0.0,66.56,22.180396011396
8601,0.0,66.56,22.1693618233618,0.0,66.56,22.180396011396
8602,0.0,66.56,22.1693618233618,0.0,66.56,22.180396011396
8603,0.0,66.56,22.1693618233618,0.0,66.56,22.180396011396
8604,0.0,66.56,22.1693618233618,0.0,66.56,22.180396011396
8605,0.0,67.281,26.8542936507937,0.0,67.281,26.8542936507937
8606,0.0,67.281,26.8542936507937,0.0,67.281,26.8542936507937
8607,0.0,67.281,26.8542936507937,0.0,67.281,26.8542936507937
8608,0.0,67.164,25.1709236111111,0.0,67.164,25.1709236111111
8609,0.0,67.164,25.1709236111111,0.0,67.164,25.1709236111111
8610,0.0,67.164,25.1709236111111,0.0,67.164,25.1709236111111
8611,0.0,67.399,21.8864776234568,0.0,67.399,21.9014544753086
8612,0.0,67.399,21.8864776234568,0.0,67.399,21.9014544753086
8613,0.0,67.399,21.8864776234568,0.0,67.399,21.9014544753086
8614,0.0,67.399,21.8864776234568,0.0,67.399,21.9014544753086
8615,0.0,67.399,21.8864776234568,0.0,67.399,21.9014544753086
8616,0.0,66.56,22.1693618233618,0.0,66.56,22.180396011396
8617,0.0,66.56,22.1693618233618,0.0,66.56,22.180396011396
8618,0.0,66.56,22.1693618233618,0.0,66.56,22.180396011396
8619,0.0,60.95,21.5876481481481,0.0,60.95,21.5876481481481
8620,0.0,66.56,22.1693618233618,0.0,66.56,22.180396011396
8621,0.0,66.56,22.1693618233618,0.0,66.56,22.180396011396
8622,0.0,67.281,26.8542936507937,0.0,67.281,26.8542936507937
8623,0.0,67.859,26.6201161616162,0.0,67.859,26.6201161616162
8624,0.0,67.859,26.6201161616162,0.0,67.859,26.6201161616162
8625,0.0,67.859,26.6201161616162,0.0,67.859,26.6201161616162
8626,0.0,67.399,21.8864776234568,0.0,67.399,21.9014544753086
8627,0.0,67.399,21.8864776234568,0.0,67.399,21.9014544753086
8628,0.0,67.399,21.8864776234568,0.0,67.399,21.9014544753086
8629,0.0,67.399,21.8864776234568,0.0,67.399,21.9014544753086
8630,0.0,67.399,21.8864776234568,0.0,67.399,21.9014544753086
8631,0.0,66.56,22.1693618233618,0.0,66.56,22.180396011396
8632,0.0,66.56,22.1693618233618,0.0,66.56,22.180396011396
8633,0.0,66.56,22.1693618233618,0.0,66.56,22.180396011396
8634,0.0,66.56,22.1693618233618,0.0,66.56,22.180396011396
8635,0.0,66.56,22.1693618233618,0.0,66.56,22.180396011396
8636,0.0,66.56,22.1693618233618,0.0,66.56,22.180396011396
8637,0.0,67.859,26.6201161616162,0.0,67.859,26.6201161616162
8638,0.0,67.859,26.6201161616162,0.0,67.859,26.6201161616162
8639,0.0,67.859,26.6201161616162,0.0,67.859,26.6201161616162
8640,0.0,67.399,21.8864776234568,0.0,67.399,21.9014544753086
8641,0.0,67.399,21.8864776234568,0.0,67.399,21.9014544753086
8642,0.0,67.399,21.8864776234568,0.0,67.399,21.9014544753086
8643,0.0,67.399,21.8864776234568,0.0,67.399,21.9014544753086
8644,0.0,67.399,21.8864776234568,0.0,67.399,21.9014544753086
8645,0.0,66.56,22.1693618233618,0.0,66.56,22.180396011396
8646,0.0,66.56,22.1693618233618,0.0,66.56,22.180396011396
8647,0.0,66.56,22.1693618233618,0.0,66.56,22.180396011396
8648,0.0,67.859,26.6201161616162,0.0,67.859,26.6201161616162
8649,0.0,67.859,26.6201161616162,0.0,67.859,26.6201161616162
8650,0.0,67.859,26.6201161616162,0.0,67.859,26.6201161616162
8651,0.0,67.399,21.8864776234568,0.0,67.399,21.9014544753086
8652,0.0,67.399,21.8864776234568,0.0,67.399,21.9014544753086
8653,0.0,67.399,21.8864776234568,0.0,67.399,21.9014544753086
8654,0.0,67.399,21.8864776234568,0.0,67.399,21.9014544753086
8655,0.0,67.399,21.8864776234568,0.0,67.399,21.9014544753086
8656,0.0,67.859,26.6201161616162,0.0,67.859,26.6201161616162
8657,0.0,67.859,26.6201161616162,0.0,67.859,26.6201161616162
8658,0.0,67.859,26.6201161616162,0.0,67.859,26.6201161616162
8659,,,,,,
8660,0.0,67.399,21.8864776234568,0.0,67.399,21.9014544753086
8661,0.0,68.31,26.9811666666667,0.0,68.31,26.9811666666667
8662,0.0,68.31,26.9811666666667,0.0,68.31,26.9811666666667
8663,0.0,68.31,26.9811666666667,0.0,68.31,26.9811666666667
8664,0.0,67.859,26.6201161616162,0.0,67.859,26.6201161616162
8665,0.0,67.399,21.8864776234568,0.0,67.399,21.9014544753086
8666,0.0,68.31,26.9811666666667,0.0,68.31,26.9811666666667
8667,0.0,68.31,26.9811666666667,0.0,68.31,26.9811666666667
8668,0.0,68.31,26.9811666666667,0.0,68.31,26.9811666666667
8669,0.0,68.533,27.0285751028807,0.0,68.533,27.0285751028807
8670,0.0,68.533,27.0285751028807,0.0,68.533,27.0285751028807
8671,0.0,68.31,26.9811666666667,0.0,68.31,26.9811666666667
8672,0.0,68.533,27.0285751028807,0.0,68.533,27.0285751028807
8673,0.0,68.533,27.0285751028807,0.0,68.533,27.0285751028807
8674,0.0,68.533,27.0285751028807,0.0,68.533,27.0285751028807
8675,0.0,68.533,27.0285751028807,0.0,68.533,27.0285751028807
8676,0.0,68.533,27.0285751028807,0.0,68.533,27.0285751028807
8677,0.0,68.533,27.0285751028807,0.0,68.533,27.0285751028807
8678,0.0,68.533,27.0285751028807,0.0,68.533,27.0285751028807
8679,0.0,68.533,27.0285751028807,0.0,68.533,27.0285751028807
8680,0.0,68.533,27.0285751028807,0.0,68.533,27.0285751028807
8681,0.0,68.533,27.0285751028807,0.0,68.533,27.0285751028807
8682,0.0,68.533,27.0285751028807,0.0,68.533,27.0285751028807
8683,0.0,68.533,27.0285751028807,0.0,68.533,27.0285751028807
8684,0.0,68.533,27.0285751028807,0.0,68.533,27.0285751028807
8685,0.0,68.533,27.0285751028807,0.0,68.533,27.0285751028807
8686,0.0,68.533,27.0285751028807,0.0,68.533,27.0285751028807
8687,0.0,68.533,27.0285751028807,0.0,68.533,27.0285751028807
8688,0.0,68.533,27.0285751028807,0.0,68.533,27.0285751028807
8689,0.0,68.533,27.0285751028807,0.0,68.533,27.0285751028807
8690,0.0,68.533,27.0285751028807,0.0,68.533,27.0285751028807
8691,0.0,68.533,27.0285751028807,0.0,68.533,27.0285751028807
8692,0.0,68.533,27.0285751028807,0.0,68.533,27.0285751028807
8693,0.0,68.533,27.0285751028807,0.0,68.533,27.0285751028807
8694,0.0,68.533,27.0285751028807,0.0,68.533,27.0285751028807
8695,0.0,68.533,27.0285751028807,0.0,68.533,27.0285751028807
8696,0.0,62.547,32.1335324074074,0.0,62.547,32.1335324074074
8697,0.0,62.547,32.1335324074074,0.0,62.547,32.1335324074074
8698,0.0,62.547,32.1335324074074,0.0,62.547,32.1335324074074
8699,0.0,62.547,32.1335324074074,0.0,62.547,32.1335324074074
8700,0.0,62.731,28.443537037037,0.0,62.731,28.4719814814815
8701,0.0,62.731,28.443537037037,0.0,62.731,28.4719814814815
8702,0.0,62.731,28.443537037037,0.0,62.731,28.4719814814815
8703,0.0,66.104,18.5771287477954,0.0,66.104,18.652725308642
8704,0.0,65.331,25.4064675925926,0.0,65.331,25.4064675925926
8705,0.0,65.331,25.4064675925926,0.0,65.331,25.4064675925926
8706,0.0,65.331,25.4064675925926,0.0,65.331,25.4064675925926
8707,0.0,65.331,25.4064675925926,0.0,65.331,25.4064675925926
8708,0.0,65.331,25.4064675925926,0.0,65.331,25.4064675925926
8709,0.0,64.347,25.9449814814815,0.0,64.347,25.9449814814815
8710,0.0,64.347,25.9449814814815,0.0,64.347,25.9449814814815
8711,0.0,64.347,25.9449814814815,0.0,64.347,25.9449814814815
8712,0.0,64.347,25.9449814814815,0.0,64.347,25.9449814814815
8713,0.0,64.347,25.9449814814815,0.0,64.347,25.9449814814815
8714,0.0,64.347,25.9449814814815,0.0,64.347,25.9449814814815
8715,0.0,64.347,25.9449814814815,0.0,64.347,25.9449814814815
8716,0.0,64.347,25.9449814814815,0.0,64.347,25.9449814814815
8717,0.0,64.347,25.9449814814815,0.0,64.347,25.9449814814815
8718,0.0,64.347,25.9449814814815,0.0,64.347,25.9449814814815
8719,0.0,64.347,25.9449814814815,0.0,64.347,25.9449814814815
8720,0.0,65.613,23.7000427350427,0.0,65.613,23.7000512820513
8721,0.0,65.613,23.7000427350427,0.0,65.613,23.7000512820513
8722,0.0,58.915,21.7316666666667,0.0,58.915,21.7316666666667
8723,0.0,58.915,21.7316666666667,0.0,58.915,21.7316666666667
8724,0.0,58.915,21.7316666666667,0.0,58.915,21.7316666666667
8725,0.0,67.281,26.8542936507937,0.0,67.281,26.8542936507937
8726,0.0,68.533,27.0285751028807,0.0,68.533,27.0285751028807
