Code,x,AU2013_NAM,area_sqkm,proportionToHere,dens
500100,NA,Awanui,0.9882367,0,NA
500202,3,Karikari Peninsula-Maungataniwha,783.866258,0.000687529,0.003827183
500203,3.2,Taipa Bay-Mangonui,5.54481016,0.000733365,0.577116242
500204,0.1,Herekino,391.060528,2.29E-05,0.000255715
500205,0.7,Ahipara,7.99953394,0.000160424,0.087505098
500206,1.4,North Cape,625.55541,0.000320847,0.002238011
500207,2.1,Houhora,198.969735,0.000481271,0.010554369
500208,0.8,Motutangi-Kareponia,296.24247,0.000183341,0.002700491
500301,2.5,Kaitaia West,4.54683784,0.000572941,0.549832672
500302,1.7,Kaitaia East,3.93144381,0.0003896,0.432411115
500401,0.8,Kaeo,21.2426366,0.000183341,0.037660109
500402,1.3,Mangapa-Matauri Bay,620.970749,0.000297929,0.002093496
500500,0.3,Kohukohu,4.22977734,6.88E-05,0.070925719
500600,0.8,Rawene,2.14760542,0.000183341,0.372507907
500700,2.5,Omapere and Opononi,1.180697,0.000572941,2.11739337
500801,1.4,Hokianga North,815.98689,0.000320847,0.001715714
500802,2,Hokianga South,777.991347,0.000458353,0.002570723
500900,9.6,Kerikeri,34.714057,0.002200094,0.276545032
501000,2.9,Russell,4.38622111,0.000664612,0.66116138
501100,4.3,Paihia,4.63826026,0.000985459,0.927071738
501200,0.3,Haruru Falls,1.52791501,6.88E-05,0.196346
501300,0.1,Opua East,0.75770522,2.29E-05,0.131977446
501400,1.1,Kawakawa,2.26232689,0.000252094,0.486225048
501500,0.7,Moerewa,8.5343192,0.000160424,0.082021774
501612,0.2,Opua West,1.97381904,4.58E-05,0.101326411
501614,0.4,Kapiro,136.582554,9.17E-05,0.002928632
501615,1.4,Waitangi,69.1898977,0.000320847,0.020234168
501620,1.4,Pokere-Waihaha,658.986425,0.000320847,0.002124475
501631,0.7,Okaihau,46.2168201,0.000160424,0.015146001
501632,0.2,Ohaeawai,60.131515,4.58E-05,0.003326043
501633,1.7,Waihou Valley-Hupara,416.534362,0.0003896,0.004081296
501634,NA,Ngapuhi-Kaikou,658.924021,0,NA
501700,2.6,Kaikohe,6.62047962,0.000595859,0.392720792
501802,1,Opouteke-Tanekaha,796.975305,0.000229176,0.001254744
501806,4.95,Marsden Point-Ruakaka,24.9161236,0.001134423,0.198666537
501807,0.9,Ngunguru,17.57284,0.000206259,0.051215398
501809,0.8,Wharekohe-Oakleigh,287.707783,0.000183341,0.002780599
501810,0.4,Maungatapere,34.2948613,9.17E-05,0.011663555
501811,2.6,Waiotira-Springfield,341.913908,0.000595859,0.007604253
501814,4.9,Punaruku-Kiripaka,600.840928,0.001122965,0.008155237
501815,0.1,Bream Bay,168.533608,2.29E-05,0.000593353
501816,4.6,Waipu,67.404213,0.001054212,0.068244992
501817,1,Pataua-Whareora,111.11463,0.000229176,0.008999715
501818,1.8,Parua Bay,41.4030565,0.000412518,0.043475051
501819,0.7,Bream Head,64.2578381,0.000160424,0.010893613
502001,0.2,Springs Flat,19.8193513,4.58E-05,0.010091148
502002,NA,Three Mile Bush,11.0352135,0,NA
502003,NA,Te Hihi,10.4055806,0,NA
502004,NA,Abbey Caves,18.2769244,0,NA
502005,NA,Otaika-Portland,29.8803728,0,NA
502101,3.3,Kamo West,1.92906138,0.000756282,1.710676516
502102,4,Kamo East,2.2372798,0.000916706,1.787885449
502201,4.6,Tikipunga West,3.39310905,0.001054212,1.355688819
502202,0.8,Tikipunga East,2.42253767,0.000183341,0.330232223
502300,2,Whau Valley,1.30222204,0.000458353,1.535836392
502400,1.6,Otangarei,1.08258748,0.000366682,1.477940609
502500,NA,Western Hills,1.41402938,0,NA
502600,2.8,Kensington,0.95066908,0.000641694,2.945294066
502700,1,Mairtown,0.96928111,0.000229176,1.031692447
502800,1.9,Regent,1.13422673,0.000435435,1.675150082
502900,0.5,Woodhill,1.08343879,0.000114588,0.461493538
503000,2.1,Vinetown,0.76126243,0.000481271,2.758575647
503100,14.75,Whangarei Central,1.61831665,0.003380353,9.114409099
503200,1,Riverside,1.0444279,0.000229176,0.957461975
503300,2.3,Horahora,2.20677913,0.000527106,1.042242954
503400,0.5,Maunu,1.68292252,0.000114588,0.29710221
503500,1.8,Raumanga East,0.94058975,0.000412518,1.913692978
503600,2.2,Morningside,1.63408376,0.000504188,1.346320216
503700,0.3,Parahaki,2.61650192,6.88E-05,0.1146569
503800,0.7,Raumanga West,3.50680541,0.000160424,0.199611874
503900,1,Port-Limeburners,7.36662886,0.000229176,0.135747303
504000,0.7,Sherwood Rise,2.87913988,0.000160424,0.243128166
504100,3.2,Onerahi,2.20357045,0.000733365,1.452188651
504300,2,Hikurangi,5.3844231,0.000458353,0.371441836
504400,0.9,Te Kopuru,2.63044245,0.000206259,0.342147763
504501,1.8,Kaipara Coastal,1221.2507,0.000412518,0.001473899
504502,0.1,Maungaru,716.139033,2.29E-05,0.000139638
504600,8.3,Dargaville,12.5916178,0.001902165,0.659168673
504700,3.5,Maungaturoto,3.19110085,0.000802118,1.096800184
504800,3.1,Ruawai,3.20323585,0.000710447,0.967771387
504900,2,Kaiwaka,7.71875932,0.000458353,0.259108999
505010,3.15,Rehia-Oneriri,1103.20433,0.000721906,0.002855319
505021,2.3,Mangawhai,31.3067465,0.000527106,0.073466593
505022,1.7,Mangawhai Heads,5.9256612,0.0003896,0.286887816
505300,6.1,Wellsford,5.75280403,0.001397976,1.060352476
505400,1.8,Leigh,0.74765772,0.000412518,2.407518777
505500,8.4,Warkworth,7.44210484,0.001925082,1.128712935
505601,2.6,Waimauku,3.22931485,0.000595859,0.805124344
505602,6.4,Huapai,6.93394233,0.001466729,0.922995851
505603,1.3,Riverhead Urban,3.25195272,0.000297929,0.39975981
505604,2.6,Kumeu East,13.3109179,0.000595859,0.195328378
505605,0.95,Kumeu West,24.3887736,0.000217718,0.038952348
505700,0.1,Waipareira West,13.8510907,2.29E-05,0.007219648
505803,1.6,Waiwera,1.40696903,0.000366682,1.137196318
505804,NA,Hatfields Beach,0.90880978,0,NA
505805,15.7,Orewa,4.21874286,0.00359807,3.72148778
505806,4.8,Silverdale Central,6.96991126,0.001100047,0.688674478
505807,0.9,Red Beach West,1.47412523,0.000206259,0.610531576
505808,1.2,Red Beach East,1.59125192,0.000275012,0.754123206
505902,4.2,Manly,3.18830122,0.000962541,1.317315934
505904,0.7,Army Bay,8.90748485,0.000160424,0.078585595
505906,0.8,Vipond,1.50891329,0.000183341,0.530182884
505907,2.4,Stanmore Bay West,0.98628655,0.000550023,2.433369896
505908,1.2,Stanmore Bay East,1.3380759,0.000275012,0.896810114
505909,10.15,Wade Heads,3.69117148,0.002326141,2.749804515
505910,0.9,Gulf Harbour,3.84528489,0.000206259,0.234052879
506001,4.3,Weiti River,2.24222633,0.000985459,1.917736824
506002,NA,Stillwater,0.43763753,0,NA
506003,NA,Silverdale South,26.8482721,0,NA
506201,0.1,Silverdale North,28.9773456,2.29E-05,0.003450972
506202,NA,Orewa West,4.84760958,0,NA
506300,0.4,Dairy Flat-Redvale,27.4420506,9.17E-05,0.01457617
506400,NA,Paremoremo West,8.37660615,0,NA
506613,2.4,Tauhoa-Puhoi,469.215158,0.000550023,0.005114924
506614,1.4,Tahekeroa,164.534672,0.000320847,0.008508845
506616,NA,Matheson Bay,0.36825727,0,NA
506620,0.3,Kawau,20.1791172,6.88E-05,0.014866855
506631,5.2,Snells Beach,12.9057779,0.001191718,0.402920308
506633,NA,Algies Bay,3.45249842,0,NA
506634,0.1,Mahurangi,11.8418704,2.29E-05,0.008444612
506642,0.6,South Head,303.451934,0.000137506,0.001977249
506644,NA,Parakai Rural,16.9223605,0,NA
506645,1.3,Parakai Urban,1.9397997,0.000297929,0.670172286
506646,1.4,Kaukapakapa Rural,123.462791,0.000320847,0.011339449
506647,1.4,Kaukapakapa,3.23318009,0.000320847,0.433010213
506648,0.1,Helensville South,16.0501024,2.29E-05,0.00623049
506652,NA,Rewiti,77.8000702,0,NA
506653,2.05,Riverhead,123.331499,0.000469812,0.016621869
506654,0.2,Muriwai Beach,3.01222444,4.58E-05,0.066396115
506655,0.2,Muriwai Valley,32.6800682,4.58E-05,0.006119938
506656,NA,Waitakere West,20.1336118,0,NA
506657,1.05,Point Wells,0.53726678,0.000240635,1.954336354
506658,1.2,Omaha,4.85130017,0.000275012,0.24735637
506659,4.85,Matakana,0.88838324,0.001111506,5.459355582
506660,2.2,Cape Rodney,420.145563,0.000504188,0.00523628
506661,6.2,Cape Rodney South,182.463871,0.001420894,0.03397933
506800,5.95,Helensville,5.4876974,0.0013636,1.084243457
506901,0.9,Awaruku,1.33911698,0.000206259,0.672084675
506902,0.85,Glamorgan,1.02134286,0.0001948,0.832237668
506903,3,Torbay,1.6865823,0.000687529,1.778745099
507000,NA,Waiake,1.42949482,0,NA
507101,15,Browns Bay,1.66384782,0.003437647,9.01524756
507102,NA,Oaktree,1.4327258,0,NA
507200,1.8,Rothesay Bay,1.714529,0.000412518,1.049851009
507300,NA,Murrays Bay,1.64995868,0,NA
507400,4.55,Mairangi Bay,1.72659629,0.001042753,2.635242544
507500,0.25,Campbells Bay,1.70717449,5.73E-05,0.146440801
507710,0.9,Castor Bay,1.08152937,0.000206259,0.832154933
507720,1.75,Crown Hill,0.9303302,0.000401059,1.881052555
507800,10.3,Lake Pupuke,1.74809311,0.002360517,5.892134659
507900,13,Westlake,3.65961691,0.002979294,3.552284384
508010,19.05,Takapuna Central,2.29068779,0.004365811,8.31627954
508020,3.5,Hauraki,1.76159713,0.000802118,1.986833391
508110,5.8,Seacliffe,1.36427077,0.001329223,4.25135547
508120,0.8,Bayswater,0.97423461,0.000183341,0.821157442
508210,1.4,Kaipatiki,1.48982382,0.000320847,0.939708428
508220,NA,Windy Ridge,1.83025398,0,NA
508310,9.7,Glenfield Central,1.38326657,0.002223012,7.012386629
508320,8.45,Glenfield North,2.03080068,0.001936541,4.160920411
508411,1.9,Glendhu,2.11395965,0.000435435,0.898787259
508412,NA,Witheford,1.00979534,0,NA
508420,7.2,Target Road,2.42749332,0.00165007,2.96602258
508510,2.15,Forrest Hill,1.71978485,0.000492729,1.250156379
508520,4.8,Sunnynook,2.01758925,0.001100047,2.379076911
508610,2.4,Monarch Park,1.57411366,0.000550023,1.524667539
508620,5.25,Sunnybrae,1.33414541,0.001203176,3.935103296
508701,21.1,Albany,7.78445942,0.004835623,2.710528614
508703,0.3,Fairview,1.60200184,6.88E-05,0.187265703
508704,3.2,Northcross,1.29997579,0.000733365,2.461584304
508803,1.6,Unsworth Heights,1.80867053,0.000366682,0.884627672
508804,4.9,Pinehill,1.63411422,0.001122965,2.998566404
508805,10.6,Windsor Park,2.68602155,0.00242927,3.94635702
508806,0.2,North Harbour West,2.88130295,4.58E-05,0.069413041
508807,21.1,North Harbour East,5.16259853,0.004835623,4.087089065
508900,NA,Long Bay,10.4540824,0,NA
509000,0.8,Paremoremo East,13.7555118,0.000183341,0.058158505
509100,0.6,Greenhithe,9.12666844,0.000137506,0.065741404
509300,3.3,Narrow Neck,1.73300384,0.000756282,1.904208129
509400,13.65,Mt Victoria,1.84149925,0.003128259,7.412438533
509500,NA,Stanley Bay,1.05776008,0,NA
509701,2.2,Ocean View,1.38202231,0.000504188,1.591870105
509702,8.4,Tuff Crater,2.02721218,0.001925082,4.143621513
509800,2,Northcote South,1.76240916,0.000458353,1.134810262
510010,6,Beachhaven North,1.80836674,0.001375059,3.317911056
510020,1.6,Beachhaven South,1.86035497,0.000366682,0.860050918
510210,2.8,Birkdale North,1.0067602,0.000641694,2.781198542
510220,2,Birkdale South,1.38362038,0.000458353,1.44548319
510401,7.45,Kauri Park,1.89519795,0.001707365,3.930987789
510402,4.1,Chelsea,3.27585252,0.000939623,1.251582596
510500,7.6,Birkenhead East,1.62291411,0.001741741,4.682934207
510700,7.85,Henderson North,2.05829531,0.001799035,3.813835635
510800,20.1,Henderson South,3.12168554,0.004606447,6.438829197
511001,0.8,Tangutu,1.24476503,0.000183341,0.642691577
511002,4,Woodglen,1.42717983,0.000916706,2.802730193
511100,16.2,Glen Eden East,2.50777717,0.003712659,6.459904091
511301,3.8,New Lynn North,0.67068121,0.000870871,5.665881112
511302,0.7,New Lynn South,0.68927259,0.000160424,1.015563378
511303,21.5,Lynnmall,1.70548666,0.004927294,12.60637242
511401,4.9,Fruitvale,1.2961727,0.001122965,3.780360441
511402,2.8,Rewarewa,1.31758508,0.000641694,2.125099959
511601,4.6,Glendene North,1.46570318,0.001054212,3.138425339
511602,0.9,Glendene South,1.09854209,0.000206259,0.819267653
511700,3.8,Kelston Central,1.58018547,0.000870871,2.404781003
511800,2.55,Sunnyvale,2.66141045,0.0005844,0.958138569
511901,3.25,Kaurilands,1.50751952,0.000744823,2.155859315
511902,2.1,Crum Park,1.99287354,0.000481271,1.053754771
512000,2.3,Titirangi South,4.29506585,0.000527106,0.535498193
512100,3.45,Green Bay,2.1683843,0.000790659,1.591046384
512201,1.8,Matipo,1.10854004,0.000412518,1.623757316
512202,0.9,Durham Green,1.60775632,0.000206259,0.559786324
512300,6.2,Te Atatu Central,2.74463029,0.001420894,2.258956342
512401,1.8,Edmonton,1.06446821,0.000412518,1.69098521
512402,0.3,Wakeling,1.36289221,6.88E-05,0.220120122
512500,2.9,Mcleod,2.08022261,0.000664612,1.394081569
512600,0.2,Konini,1.97178174,4.58E-05,0.101431105
512700,1.5,Waima,3.49722017,0.000343765,0.428912086
512801,0.2,Laingholm,4.33396575,4.58E-05,0.046147111
512802,NA,Armour Bay,1.47866857,0,NA
512902,1.3,Otimai,16.8063931,0.000297929,0.077351517
512903,2.5,Parrs Park West,0.71246448,0.000572941,3.50894686
512904,NA,Parrs Park,0.58041013,0,NA
512905,0.4,Oratia West,0.7930335,9.17E-05,0.504392311
512906,1.4,Oratia,1.05996787,0.000320847,1.320794752
513011,1.2,Henderson West,0.73002975,0.000275012,1.643768627
513012,1,Palm Heights,1.33993848,0.000229176,0.74630292
513013,1.4,McLaren Park,0.77535837,0.000320847,1.805616672
513020,0.3,Opanuku,22.6048611,6.88E-05,0.013271482
513101,4.6,Swanson,2.52734164,0.001054212,1.820094255
513102,NA,Swanson South,8.58853692,0,NA
513211,1.9,Urlich,0.63365632,0.000435435,2.998470843
513212,0.9,Starling Park,0.7558127,0.000206259,1.190771206
513213,1.6,Ranui Domain,0.84949836,0.000366682,1.883464495
513214,2.4,Ranui South,0.98688831,0.000550023,2.431886137
513220,2.9,Sturges North,3.75850257,0.000664612,0.771583881
513301,10.25,Kingdale,2.71824251,0.002349059,3.770818815
513302,7.8,Fairdene,1.91612306,0.001787576,4.070719758
513410,4.3,Whenuapai West,17.5732606,0.000985459,0.244689935
513420,2.3,Herald,1.90935458,0.000527106,1.204595534
513431,4.05,Hobsonville East,5.85335185,0.000928165,0.691911251
513432,NA,Hobsonville South,0.85694262,0,NA
513511,4.25,Westgate,1.09555709,0.000974,3.879304911
513512,1,Royal Road West,0.89651517,0.000229176,1.115430094
513521,1.95,West Harbour,1.65139324,0.000446894,1.180821111
513522,1.5,Lucken Point,1.86885852,0.000343765,0.802628976
513530,3.3,Royal Heights,2.46776856,0.000756282,1.337240474
513610,2.4,Massey West,2.91711206,0.000550023,0.822731507
513621,NA,Birdwood West,5.11730948,0,NA
513622,NA,Birdwood East,1.74957793,0,NA
513631,NA,Waimumu North,1.72812018,0,NA
513632,0.7,Waimumu South,1.31648955,0.000160424,0.531717096
513701,0.4,Taupaki,14.4093157,9.17E-05,0.027759819
513702,1.4,Waitakere,13.9960937,0.000320847,0.10002791
513800,1.3,Karekare,184.012467,0.000297929,0.007064739
514000,13,Freemans Bay,1.00198276,0.002979294,12.97427513
514101,37.95,Auckland Harbourside,1.88795082,0.008697246,20.1011592
514102,73.3,Auckland Central West,1.16670155,0.016798634,62.82669291
514103,67.5,Auckland Central East,0.9256949,0.015469411,72.91819367
514200,16.6,Newton,0.43238516,0.003804329,38.39169688
514301,5.9,Grafton West,0.52821622,0.001352141,11.16966836
514302,7.85,Grafton East,0.39729157,0.001799035,19.75878824
514401,12.6,Roberton,1.45848404,0.002887623,8.63910722
514402,7,Glenavon,1.73392928,0.001604235,4.03707353
514500,2.6,New Windsor,1.81563394,0.000595859,1.432006718
514600,3.9,Avondale South,1.45430103,0.000893788,2.681700638
514700,3.7,Blockhouse Bay,2.45020346,0.000847953,1.510078677
514801,6.5,Rosebank,3.28030316,0.001489647,1.981524171
514802,0.9,Avondale West,1.59227585,0.000206259,0.565228695
514900,0.8,Waterview,1.11842554,0.000183341,0.715291248
515001,2.15,Point Chevalier West,1.2556831,0.000492729,1.712215447
515002,10.7,Point Chevalier East,1.46032296,0.002452188,7.327146318
515003,0.6,Point Chevalier South,1.28569581,0.000137506,0.466673373
515100,4.75,Westmere,2.11216779,0.001088588,2.248874366
515201,0.2,Herne Bay,0.81995893,4.58E-05,0.243914656
515202,1.1,St Marys,0.94093754,0.000252094,1.169046779
515301,4.4,Ponsonby West,0.70715548,0.001008376,6.222111154
515302,13.7,Ponsonby East,0.71636013,0.003139717,19.12445909
515410,5.8,Grey Lynn West,0.83141231,0.001329223,6.976081458
515420,11.45,Grey Lynn East,0.78480526,0.00262407,14.5896066
515431,7.5,Surrey Crescent,1.22261687,0.001718823,6.134382883
515432,NA,St Lukes North,0.20062894,0,NA
515500,1.3,Arch Hill,0.4987699,0.000297929,2.606412296
515600,5.75,Eden Terrace,0.46808753,0.001317765,12.28402731
515700,2.7,Epsom North,1.37378191,0.000618776,1.965377459
515801,2.5,Epsom Central,1.10585421,0.000572941,2.260695829
515802,1.9,Epsom South,0.95136673,0.000435435,1.997126807
515901,1.55,Parnell East,0.88320539,0.000355224,1.754971174
515902,16.5,Parnell West,2.10836312,0.003781411,7.825976391
516001,3,Mt Hobson,0.90348143,0.000687529,3.320488834
516002,9.85,Remuera South,1.12141735,0.002257388,8.783527382
516003,6.15,Abbotts Park,1.8792085,0.001409435,3.272654418
516101,0.9,Remuera West,0.91477147,0.000206259,0.983852284
516102,3.25,Waitaramoa,1.56202446,0.000744823,2.080633232
516201,3.35,Orakei South,1.3547385,0.000767741,2.472801947
516202,2.2,Waiata,1.37117997,0.000504188,1.60445751
516301,2.8,Meadowbank North,2.26644901,0.000641694,1.235412748
516302,0.9,Meadowbank South,2.50207381,0.000206259,0.359701619
516400,2,Orakei North,3.03295759,0.000458353,0.659422343
516500,6.4,Mission Bay,2.13064556,0.001466729,3.003784449
516601,2.3,Kohimarama West,1.07423751,0.000527106,2.141053518
516602,3.65,Kohimarama East,1.30684444,0.000836494,2.792987358
516700,4.65,St Heliers,1.82229146,0.001065671,2.551732312
516800,4.8,Glendowie,2.04095233,0.001100047,2.351843269
516900,3.2,Glen Innes North,2.47985033,0.000733365,1.290400457
517001,16.1,Glen Innes West,1.80097661,0.003689741,8.939594168
517002,2.3,Glen Innes East,1.13323698,0.000527106,2.029584315
517100,1.7,Point England,1.49260636,0.0003896,1.138947311
517201,2.5,St Johns,0.90143622,0.000572941,2.773352063
517202,2.1,Stonefields,1.06200736,0.000481271,1.977387426
517400,40.8,Newmarket,0.7287156,0.009350399,55.98892078
517500,12,Kingsland,1.26030976,0.002750117,9.521468754
517600,1.7,St Lukes,1.17931321,0.0003896,1.441516966
517701,7.4,Sandringham North,0.81960954,0.001695906,9.028689442
517702,6.2,Sandringham West,1.05581804,0.001420894,5.872223968
517703,6.1,Sandringham East,0.71528839,0.001397976,8.528028814
517800,6.7,Mt Albert Central,1.93587196,0.001535482,3.460972698
517901,7.5,Springleigh,1.06304109,0.001718823,7.055230574
517902,2.2,Owairaka West,0.81915219,0.000504188,2.685703618
517903,4.4,Owairaka East,1.19256363,0.001008376,3.689530596
518101,9.25,Mt Eden North,0.90383347,0.002119882,10.23418617
518102,2.6,Sherbourne,0.86078503,0.000595859,3.020498626
518201,14.75,Balmoral,1.39790227,0.003380353,10.55152446
518202,7.45,Mt Eden East,0.73855422,0.001707365,10.08727565
518301,6.8,Maungawhau,1.01103572,0.0015584,6.725776217
518302,3.1,Mt Eden South,1.10592293,0.000710447,2.803088638
518500,14.5,Three Kings,1.81483622,0.003323059,7.989701682
518600,7.25,Royal Oak,1.55815002,0.001661529,4.652953764
518701,7.4,Hillsborough West,2.03000624,0.001695906,3.645308992
518702,1.1,Hillsborough East,2.16219161,0.000252094,0.508743071
518801,5.75,Walmsley,1.14976183,0.001317765,5.001035736
518802,5.9,Wesley,1.18093826,0.001352141,4.996027481
518803,2.7,Akarana,2.1018123,0.000618776,1.284605671
518901,4.3,Lynfield North,2.06410301,0.000985459,2.083229364
518902,3.25,Lynfield South,1.72953683,0.000744823,1.879115809
519001,0.2,Waikowhai West,1.42599585,4.58E-05,0.140252863
519002,2.7,Waikowhai East,1.40809256,0.000618776,1.917487583
519200,6.25,Mt St John,1.31761327,0.001432353,4.743425209
519300,2.2,One Tree Hill Central,3.05794506,0.000504188,0.719437386
519400,1.7,One Tree Hill East,1.60442181,0.0003896,1.059571734
519500,5.85,Penrose,4.27609054,0.001340682,1.368072061
519710,4.65,Onehunga North West,0.80281577,0.001065671,5.792113426
519720,1.7,Onehunga North East,0.87094743,0.0003896,1.951897372
519810,2.9,Onehunga South West,1.69263717,0.000664612,1.713302798
519820,19.3,Onehunga South East,1.57018218,0.004423106,12.29156734
519900,3.4,Oranga,0.90873386,0.0007792,3.741469477
520000,5.5,Te Papapa,2.52482317,0.00126047,2.178370377
520201,6.95,Ellerslie North,1.71725169,0.001592776,4.047164455
520202,5.9,Ellerslie South,1.34919723,0.001352141,4.372970733
520301,8.7,Mt Wellington Domain,2.39334376,0.001993835,3.635081657
520302,6.6,Mt Wellington West,0.98032544,0.001512565,6.732458152
520303,3.8,Mt Wellington North,1.01809447,0.000870871,3.732463059
520401,2.7,Ferndale,1.64554212,0.000618776,1.640796651
520402,5.5,Hamlin,1.36497612,0.00126047,4.029374521
520500,17.95,Mt Wellington South,6.72669417,0.004113717,2.668472737
520601,7,Tamaki,1.50971839,0.001604235,4.636626305
520602,2.6,Panmure Basin,1.06720652,0.000595859,2.436266975
520801,14.1,Waiheke Island,91.9231859,0.003231388,0.153388939
520900,NA,Islands-Motutapu Rangitoto Rakino,38.4274249,0,NA
521000,6.6,Great Barrier Island,276.577455,0.001512565,0.023863116
521111,1.1,Paerata-Cape Hill,11.6689927,0.000252094,0.09426692
521112,NA,Eden Road-Hill Top,11.8122726,0,NA
521114,NA,Redoubt,8.31491152,0,NA
521115,NA,Opuawhanga,10.7412091,0,NA
521116,0.9,Buckland,0.76993441,0.000206259,1.16893074
521117,NA,Buckland South,19.8353316,0,NA
521121,3.3,Patumahoe,48.9649215,0.000756282,0.067395186
521122,2.8,Kingseat,151.474271,0.000641694,0.018484987
521131,2.6,Pokeno,53.6259219,0.000595859,0.048484015
521132,0.5,Hunua,171.823227,0.000114588,0.002909967
521134,NA,Paparata,22.4327509,0,NA
521135,0.8,Mangatawhiri,313.364434,0.000183341,0.002552938
521136,1.7,Kaiaua,81.332165,0.0003896,0.02090194
521151,1.8,Awhitu,221.324998,0.000412518,0.008132836
521152,0.2,Glenbrook,52.9534716,4.58E-05,0.003776901
521153,NA,Otaua,175.080721,0,NA
521160,0.7,Bombay,14.6256181,0.000160424,0.047861225
521201,1.1,Hingaia,7.43891394,0.000252094,0.147871048
521202,0.3,Whangapouri Creek,15.6445274,6.88E-05,0.019176035
521203,0.2,Bremner,6.64352868,4.58E-05,0.030104484
521301,3.6,Drury,53.0092086,0.000825035,0.067912729
521302,0.7,Runciman,7.68685838,0.000160424,0.091064511
521501,1.2,Mellons Bay,1.42818989,0.000275012,0.840224405
521502,1.1,Cockle Bay,1.9608949,0.000252094,0.560968362
521601,0.9,Howick West,0.78891543,0.000206259,1.14080669
521602,16.7,Howick Central,1.83327477,0.003827247,9.109381896
521801,2,Otahuhu North,0.66410225,0.000458353,3.011584436
521802,2,Fairburn,0.89968663,0.000458353,2.222996245
521803,NA,Otahuhu East,0.782939,0,NA
521901,21.7,Otahuhu West,2.43895312,0.004973129,8.897259985
521902,0.05,Middlemore,0.706865,1.15E-05,0.070734865
522100,2.6,Papatoetoe West,1.4336096,0.000595859,1.813603927
522201,12.7,Papatoetoe North,1.39375913,0.002910541,9.112047933
522202,7.1,Papatoetoe Central,1.42064237,0.001627153,4.997739157
522301,6.2,Dingwall,1.07865608,0.001420894,5.747893249
522302,6.8,Papatoetoe East,1.46545163,0.0015584,4.640207743
522400,2.9,Puhinui North,1.00156907,0.000664612,2.895456826
522601,2.3,Bucklands and Eastern Beaches,2.56452112,0.000527106,0.8968536
522603,NA,Bleakhouse,0.78494715,0,NA
522604,2.6,Bucklands Beach South,0.92113633,0.000595859,2.822600646
522711,0.8,Pigeon Mountain North,0.99351346,0.000183341,0.805223112
522712,0.9,Murvale,1.12044328,0.000206259,0.803253512
522721,1.7,Pigeon Mountain South,0.42949301,0.0003896,3.958155221
522722,10.1,Highland Park,1.3514165,0.002314682,7.473639696
522723,6,Elsmore Park,1.79096607,0.001375059,3.35014722
522730,0.2,Half Moon Bay,1.24882099,4.58E-05,0.160151056
522810,1.7,Pakuranga North,1.4509575,0.0003896,1.171640107
522820,0.9,Sunnyhills,1.62661903,0.000206259,0.553294892
522910,11.35,Pakuranga Central,1.25607493,0.002601153,9.036085132
522920,2.1,Edgewater,1.50569218,0.000481271,1.394707383
523000,3.2,Pakuranga East,1.49015974,0.000733365,2.147420786
523101,2.3,Howick South,1.52381786,0.000527106,1.509366743
523102,8.35,Meadowland,1.84230174,0.001913623,4.532373725
523105,0.3,Golfland,1.43192315,6.88E-05,0.20950845
523106,4.8,Millhouse,1.61671823,0.001100047,2.96897747
523107,9.6,Burswood,0.7834425,0.002200094,12.25361146
523109,8.65,Dannemora,1.42107707,0.001982376,6.086932358
523110,NA,Kilkenny,1.15567162,0,NA
523112,5.1,Highbrook,5.50467962,0.0011688,0.926484437
523113,7.3,Greenmount,3.8170539,0.001672988,1.912469719
523114,0.6,Point View,4.48854555,0.000137506,0.133673591
523115,3.25,Baverstock Oaks,1.7275668,0.000744823,1.881258658
523116,NA,Mission Heights,0.83161534,0,NA
523201,0.1,Shelly Park,0.99917562,2.29E-05,0.100082506
523202,0.8,Turanga,56.3851824,0.000183341,0.014188125
523300,5.75,Beachlands-Maraetai,15.62645,0.001317765,0.367965853
523402,1.6,Otara West,1.5407556,0.000366682,1.038451523
523403,0.9,Wymondley,0.35154059,0.000206259,2.560159554
523404,1.4,Grange,1.06251181,0.000320847,1.317632413
523501,8.6,Otara North,1.20986977,0.001970918,7.108203059
523502,1.8,Otara East,1.1811872,0.000412518,1.52389054
523601,2.6,Otara South,0.80197343,0.000595859,3.242002668
523602,5.6,Ferguson,0.98697973,0.001283388,5.67387539
523711,9.6,Rongomai,2.85467062,0.002200094,3.362909869
523712,5.9,Donegal Park,3.44792192,0.001352141,1.711175641
523713,NA,Ormiston,9.70751096,0,NA
523721,1.1,Clover Park,0.92206647,0.000252094,1.192972563
523722,0.7,Redoubt North,1.54708873,0.000160424,0.452462736
523813,0.5,Ardmore,25.7893513,0.000114588,0.019387847
523814,1.2,Totara Heights,2.68945839,0.000275012,0.44618649
523816,0.9,Randwick Park,0.94821404,0.000206259,0.949152788
523817,NA,Hyperion,0.50305046,0,NA
523818,NA,Redoubt East,5.97016644,0,NA
523819,NA,Mill Road,1.57448915,0,NA
523820,2,Redoubt South,3.91504662,0.000458353,0.5108496
523911,5.5,Takanini North,4.92564897,0.00126047,1.116604133
523912,9.4,Takanini South,5.08838436,0.002154259,1.847344724
523920,4.7,Takanini West,2.35377364,0.001077129,1.99679354
524001,1.1,Ambury,3.11182193,0.000252094,0.353490664
524002,9.45,Mangere Bridge,3.31467179,0.002165717,2.850961
524111,13.2,Mangere Central,0.98641778,0.003025129,13.38175393
524112,3,Mascot,1.24251827,0.000687529,2.414451419
524121,NA,Arahanga,0.71623431,0,NA
524122,2.4,Viscount,0.94250193,0.000550023,2.546413884
524200,10.2,Mangere South,28.2118873,0.0023376,0.361549722
524301,4.1,Mangere East,1.72805749,0.000939623,2.372606249
524302,1.6,Aorere,1.27487391,0.000366682,1.255026075
524303,1.6,Kohuora,1.85894158,0.000366682,0.860704832
524402,1.5,Mangere Station,1.86983767,0.000343765,0.802208675
524403,3,Favona West,0.85935988,0.000687529,3.490970512
524404,0.9,Favona North,1.10290939,0.000206259,0.816023518
524405,1,Favona South,0.63565015,0.000229176,1.573192424
524510,1.9,Harania North,0.94436821,0.000435435,2.011927106
524520,3.6,Harania West,1.11375596,0.000825035,3.232305935
524530,1.2,Harania East,1.05990152,0.000275012,1.132180658
524602,5.3,Wiri,3.4402944,0.001214635,1.540565831
524603,11.1,Puhinui South,1.65693235,0.002543859,6.699126853
524604,21.45,Manukau Central,16.3807529,0.004915835,1.309463621
524711,2.6,Burbank,0.64852832,0.000595859,4.009077044
524712,2,Homai West,0.47914831,0.000458353,4.17407295
524713,0.9,Rowandale,0.68954895,0.000206259,1.30520103
524720,6.1,Homai East,1.64768709,0.001397976,3.702159249
524811,NA,Weymouth West,1.22155754,0,NA
524812,2.2,Weymouth East,1.61044144,0.000504188,1.366085065
524821,0.2,Clendon North,0.74928243,4.58E-05,0.266922047
524822,6.5,Clendon South,1.05655484,0.001489647,6.15207063
524901,6,Hillpark,1.86222535,0.001375059,3.221951629
524902,2,Manurewa East,0.82854939,0.000458353,2.413857308
525001,16.7,Manurewa Central,1.2390125,0.003827247,13.4784758
525002,4.2,Beaumont,0.8990028,0.000962541,4.671843069
525101,2.8,Leabank,1.94638799,0.000641694,1.438562103
525102,2.1,Wattle Farm,3.14401602,0.000481271,0.667935528
525201,5.2,Clevedon,183.72329,0.001191718,0.028303434
525202,2.3,Kawakawa-Orere,105.215853,0.000527106,0.021859824
525410,7.05,Papakura Central,1.07204892,0.001615694,6.576192437
525420,7.7,Papakura North,1.15732587,0.001764659,6.653268712
525510,0.7,Papakura South,1.95685045,0.000160424,0.357717678
525520,1,Opaheke,1.10862174,0.000229176,0.902020918
525530,1.2,Rosehill,1.36019977,0.000275012,0.882223352
525540,1.1,Pahurehure,1.20728515,0.000252094,0.911135203
525610,5,Papakura East,1.64645372,0.001145882,3.036829969
525620,1.4,Massey Park,0.71119212,0.000320847,1.968525748
525630,2.7,Papakura North East,1.38059892,0.000618776,1.955672977
525700,NA,Red Hill,1.7287927,0,NA
525910,14.7,Pukekohe North,5.22202767,0.003368894,2.814998489
525921,3.6,Pukekohe West,4.42851374,0.000825035,0.812913815
525922,6.05,Bledisloe Park,9.64333555,0.001386518,0.627376282
526103,4.55,Waiuku West,2.19849432,0.001042753,2.069598251
526104,1.85,Waiuku East,3.15858384,0.000423976,0.585705523
526105,0.2,South Waiuku,2.24746871,4.58E-05,0.088989003
526106,NA,Pukeoware,7.71004424,0,NA
526200,6.05,Tuakau,4.65785846,0.001386518,1.298880172
526400,NA,Rotowaro,1.27074326,0,NA
526500,6.85,Raglan,3.20593927,0.001569859,2.136659314
526601,NA,Waikato Western Hills,503.558697,0,NA
526602,0.7,Te Uku,462.05059,0.000160424,0.001514986
526603,0.1,Te Pahu,158.151883,2.29E-05,0.000632304
526701,1.8,Onewhero,736.023352,0.000412518,0.002445575
526702,0.1,Te Akau,525.489542,2.29E-05,0.000190299
526900,2.6,Te Kauwhata,5.46962215,0.000595859,0.475352763
527004,0.9,Matangi,22.5542882,0.000206259,0.03990372
527005,NA,Sylvester,3.20844801,0,NA
527006,1.9,Flagstaff,2.00106107,0.000435435,0.949496259
527007,NA,Horsham Downs,4.02540519,0,NA
527008,1.8,Rototuna,1.48613851,0.000412518,1.211192623
527009,4.75,Huntington,3.73848894,0.001088588,1.270566819
527111,0.1,Whitikahu,304.392801,2.29E-05,0.000328523
527112,1,Taupiri Community,1.7310273,0.000229176,0.57769164
527122,0.4,Gordonton,42.8809816,9.17E-05,0.009328145
527123,0.2,Kainui,109.206997,4.58E-05,0.001831384
527124,0.1,Newstead,8.22565254,2.29E-05,0.01215709
527125,NA,Eureka,122.157054,0,NA
527131,0.5,Tamahere-Tauwhare,130.004352,0.000114588,0.003846025
527133,0.9,Hautapu,48.9409771,0.000206259,0.018389498
527134,NA,Swayne,1.26007544,0,NA
527210,0.3,Waerenga,458.014068,6.88E-05,0.000655002
527221,1,Maramarua,267.092421,0.000229176,0.003744022
527222,0.7,Meremere,0.56947246,0.000160424,1.229207818
527401,0.9,Huntly West,7.33442427,0.000206259,0.122709018
527402,7.6,Huntly East,39.8768872,0.001741741,0.190586591
527501,1.6,Cambridge North,1.81152856,0.000366682,0.883232004
527502,2.4,Cambridge West,2.39911543,0.000550023,1.000368707
527503,11.8,Cambridge Central,2.535572,0.002704282,4.653782263
527504,4.1,Leamington West,3.92630128,0.000939623,1.044239784
527505,1.4,Leamington East,2.89251788,0.000320847,0.48400738
527600,0.4,Ohaupo,1.88769137,9.17E-05,0.211899046
527700,3.3,Kihikihi,2.104412,0.000756282,1.568133997
527810,NA,Peacocke,7.5412718,0,NA
527820,0.7,Temple View,4.22159788,0.000160424,0.165813993
527912,0.7,Te Kowhai,34.1949476,0.000160424,0.02047086
527913,0.8,Whatawhata,58.1302698,0.000183341,0.013762193
527914,0.4,Ngahinapouri,132.917835,9.17E-05,0.003009378
527915,0.3,Lake Cameron,36.8420441,6.88E-05,0.008142871
527916,NA,Horotiu,14.1863192,0,NA
527917,NA,Te Rapa North,3.88346651,0,NA
527921,0.1,Te Rore,38.5777054,2.29E-05,0.002592171
527922,1.5,Pirongia,28.9631933,0.000343765,0.051789869
527923,NA,Pokuru,57.3615894,0,NA
527924,NA,Lake Ngaroto,38.1112556,0,NA
527925,NA,Tokanui,23.7045267,0,NA
527931,1,Pukerimu,19.4205202,0.000229176,0.051491927
527932,0.7,Kaipaki,52.6047473,0.000160424,0.013306784
527934,1.2,Rotoorangi,229.982291,0.000275012,0.005217793
527935,0.25,Te Rahu,37.5777511,5.73E-05,0.006652873
527936,0.7,Kihikihi Flat,18.3210219,0.000160424,0.038207476
527937,NA,Allen Road,11.6036731,0,NA
528000,0.4,Rotongata,211.525262,9.17E-05,0.001891027
528200,7.6,Ngaruawahia,7.59099844,0.001741741,1.00118582
528310,5.6,Bryant,2.89746683,0.001283388,1.932722729
528320,NA,Pukete,1.09168473,0,NA
528402,1,Pukete West,0.8393171,0.000229176,1.191444807
528403,17.35,Te Rapa,6.0026077,0.003976211,2.890410446
528405,NA,Burbush,6.37369522,0,NA
528406,NA,Rotokauri,4.32443217,0,NA
528501,5.8,Nawton,1.72613078,0.001329223,3.360116202
528503,NA,Crawshaw,0.836626,0,NA
528504,1.7,Grandview,0.91742432,0.0003896,1.853013881
528505,NA,Brymer,0.99754797,0,NA
528601,3.7,Dinsdale North,1.46412166,0.000847953,2.527112399
528602,3.3,Dinsdale South,1.56465885,0.000756282,2.109085952
528700,2.2,Beerescourt,1.41470128,0.000504188,1.555098614
528800,4.4,Maeroa,1.4141515,0.001008376,3.11140638
528900,13.75,Frankton Junction,3.1034499,0.003151176,4.430553237
529000,6,Swarbrick,1.55979289,0.001375059,3.84666454
529100,2.6,Hamilton Lake,3.58788353,0.000595859,0.724661204
529200,3.3,Melville,1.85268252,0.000756282,1.781201023
529300,2.6,Glenview,2.4335307,0.000595859,1.068406493
529401,1.1,Queenwood,1.85929392,0.000252094,0.591622437
529402,6.9,Chedworth,1.65948492,0.001581318,4.157916662
529501,3.7,Porritt,1.13134305,0.000847953,3.270449224
529502,NA,Insoll,0.76250574,0,NA
529503,0.9,Fairview Downs,1.15272125,0.000206259,0.780761177
529600,1.8,Chartwell,1.59448539,0.000412518,1.128890871
529700,32.65,Hamilton Central,2.69695404,0.007482611,12.10625006
529800,4.8,Clarkin,1.28548223,0.001100047,3.734007276
529900,1.9,Claudelands,1.23563395,0.000435435,1.537672221
530000,9.1,Enderley,1.57668901,0.002085506,5.7715884
530100,5.15,Peachgrove,1.4883987,0.001180259,3.460094395
530200,9.55,Hamilton East,1.58466227,0.002188635,6.026520717
530300,2.7,Naylor,2.35484943,0.000618776,1.146570123
530400,6.6,Bader,1.83296453,0.001512565,3.600724341
530500,6.8,University,1.83937784,0.0015584,3.696902209
530600,1.9,Silverdale,1.10665475,0.000435435,1.716885957
530700,4.8,Hillcrest West,1.13782774,0.001100047,4.218564754
530800,2.3,Riverlea,1.73958861,0.000527106,1.322151678
531001,NA,Te Awamutu West,0.99003846,0,NA
531002,6.7,Te Awamutu Central,2.23906782,0.001535482,2.992316687
531003,2.9,Te Awamutu East,3.50629338,0.000664612,0.827084241
531004,7.5,Te Awamutu South,1.8868546,0.001718823,3.974869076
531100,0.5,Kawhia Community,0.91837262,0.000114588,0.544441318
531200,3.3,Otorohanga,3.92684154,0.000756282,0.840370045
531301,NA,Otorohanga Rural West,734.626214,0,NA
531303,NA,Te Kawa,54.826041,0,NA
531304,0.3,Otorohanga Rural East,1204.02553,6.88E-05,0.000249164
531500,0.9,Piopio,1.68240402,0.000206259,0.534948793
531600,0.7,Taharoa,68.4500761,0.000160424,0.010226431
531710,0.2,Mahoenui,733.671951,4.58E-05,0.000272601
531720,0.6,Marokopa,1233.76461,0.000137506,0.000486316
531731,1,Waipa Valley,477.675782,0.000229176,0.00209347
531732,NA,Tiroa,182.329733,0,NA
531800,NA,Mokauiti,831.641607,0,NA
532000,6.25,Te Kuiti,5.57394145,0.001432353,1.121289137
532200,1,Omori,3.38921354,0.000229176,0.295053701
532300,0.3,Owhango,0.92611399,6.88E-05,0.323934206
532400,NA,Ohura,3.24524661,0,NA
532501,0.9,Ngapuke,1285.10534,0.000206259,0.000700332
532502,0.2,Kuratau,452.852571,4.58E-05,0.000441645
532601,3.8,Raurimu,1366.3632,0.000870871,0.002781105
532602,1.9,National Park,0.89185751,0.000435435,2.130385155
532700,0.1,Otangiwai-Heao,1345.66784,2.29E-05,7.43E-05
532901,0.9,Tarrangower,3.17140762,0.000206259,0.283785659
532902,6.6,Taumarunui Central,6.87860817,0.001512565,0.959496433
532903,NA,Sunshine-Hospital Hill,5.15093474,0,NA
532904,1.1,Manunui,5.03951142,0.000252094,0.218275128
533000,6.7,Whitianga,24.6769899,0.001535482,0.271507993
533100,2.9,Coromandel,19.5691815,0.000664612,0.148192197
533200,7.5,Te Rerenga,1079.32026,0.001718823,0.006948818
533300,6.3,Whangamata,7.81041066,0.001443812,0.806615718
533400,2.7,Tairua,5.02443768,0.000618776,0.537373567
533501,6.65,Moanataiari,6.94953938,0.001524023,0.956897952
533502,2.65,Parawai,9.53716907,0.000607318,0.277860231
533602,1.1,Pauanui Beach,5.70559654,0.000252094,0.192793162
533603,1.6,Hikuai,987.269,0.000366682,0.001620632
533604,NA,Te Puru-Thornton Bay,22.1617347,0,NA
533800,1,Ngatea,1.72668804,0.000229176,0.57914341
533901,0.8,Hauraki Plains,503.594177,0.000183341,0.001588581
533902,NA,Turua,90.7079842,0,NA
533903,NA,Kerepehi,7.80742026,0,NA
534100,3.35,Waihi Beach,39.1668958,0.000767741,0.085531415
534200,0.2,Ohinemuri,562.403754,4.58E-05,0.000355616
534300,3.1,Paeroa,12.3780308,0.000710447,0.250443714
534400,4.65,Waihi,10.0751036,0.001065671,0.461533716
534500,0.7,Tahuroa,321.089198,0.000160424,0.00218008
534602,NA,Waitoa,5.86997648,0,NA
534603,0.4,Springdale,434.497387,9.17E-05,0.000920604
534604,0.1,Waihou-Walton,516.058889,2.29E-05,0.000193776
534800,4.3,Te Aroha,11.5886238,0.000985459,0.37105355
534901,1.4,Morrinsville West,3.4580328,0.000320847,0.404854459
534902,2.15,Morrinsville East,4.32259631,0.000492729,0.497386257
535000,0.2,Waharoa,0.5282673,4.58E-05,0.378596214
535100,1.6,Tirau,0.8963875,0.000366682,1.784942338
535211,NA,Mangakaretu,10.2511432,0,NA
535212,NA,Kinleith,19.5517438,0,NA
535220,0.1,Okauia,209.026572,2.29E-05,0.000478408
535231,NA,Te Poi,127.920012,0,NA
535232,0.3,Tapapa,368.115338,6.88E-05,0.000814962
535241,0.6,Karapiro,298.146705,0.000137506,0.002012432
535242,0.9,Hinuera,114.806257,0.000206259,0.007839294
535250,0.2,Arapuni,312.848514,4.58E-05,0.000639287
535261,NA,Lichfield,327.8034,0,NA
535262,0.1,Wawa,762.070754,2.29E-05,0.000131221
535310,0.9,Paraonui,2.02293838,0.000206259,0.444897387
535320,NA,Parkdale,1.18589035,0,NA
535330,NA,Matarawa,1.96215724,0,NA
535340,1.6,Stanley Park,1.15471148,0.000366682,1.385627516
535350,6.8,Tokoroa Central,1.52772577,0.0015584,4.451060611
535360,0.8,Aotea,2.48105303,0.000183341,0.322443733
535370,2.7,Strathmore,1.51422012,0.000618776,1.783096106
535380,0.3,Amisfield,1.31517162,6.88E-05,0.228107112
535501,3.1,Matamata North,2.01398506,0.000710447,1.53923684
535502,1.1,Matamata South,4.27980677,0.000252094,0.25702095
535600,3.65,Putaruru,4.30083125,0.000836494,0.848673149
535700,NA,Athenree,1.87815418,0,NA
535800,6.75,Katikati Community,8.78668732,0.001546941,0.768207602
535900,1.1,Maketu Community,5.15313847,0.000252094,0.213462147
536000,1.2,Omokoroa,7.49500753,0.000275012,0.160106577
536201,2.8,Papamoa Beach East,1.85738542,0.000641694,1.507495413
536202,2.65,Palm Springs,14.9703245,0.000607318,0.177016871
536203,0.6,Doncaster,2.44301493,0.000137506,0.245598172
536400,0.7,Island View-Pios Beach,2.62425229,0.000160424,0.266742646
536503,2.1,Te Puna,17.1155475,0.000481271,0.122695462
536505,NA,Matapihi,3.87981619,0,NA
536508,NA,Inlet-Tauranga Harbour,0.03317995,0,NA
536510,NA,Motuopae Island,0.03496553,0,NA
536512,NA,Kairua,8.80904659,0,NA
536513,0.1,Bethlehem East,1.8146902,2.29E-05,0.055105825
536514,5.45,Bethlehem,16.8788722,0.001249012,0.322888872
536515,NA,Pacific View,1.52351483,0,NA
536516,2.2,Palm Beach,2.14342899,0.000504188,1.026392761
536517,3.5,Gravatt,2.8561654,0.000802118,1.225419228
536611,NA,Matakana Island,60.9751066,0,NA
536613,NA,Inlet-Tauranga Harbour North,0.69648316,0,NA
536614,0.2,Tahawai,82.1155764,4.58E-05,0.002435592
536615,1.3,Aongatete,165.44218,0.000297929,0.00785773
536620,2.3,Minden,197.975466,0.000527106,0.011617601
536630,2.7,Kaimai,527.799907,0.000618776,0.005115575
536641,NA,Ohauiti-Ngapeke,20.1595529,0,NA
536642,0.3,Upper Papamoa,180.171477,6.88E-05,0.00166508
536651,2.2,Paengaroa,12.8003699,0.000504188,0.171870033
536653,0.9,Rangiuru,209.842258,0.000206259,0.004288936
536654,1,Pongakawa,385.338928,0.000229176,0.002595118
536810,14.75,Mt Maunganui North,2.71586663,0.003380353,5.431047253
536821,12.15,Omanu,8.72997391,0.002784494,1.391756737
536831,8.3,Arataki,3.21314126,0.001902165,2.583141956
536832,1.4,Te Maunga,4.86440337,0.000320847,0.28780508
537000,0.9,Matua,2.44441894,0.000206259,0.36818566
537100,1.85,Bellevue,1.71526968,0.000423976,1.078547602
537201,3.25,Otumoetai North,1.72053714,0.000744823,1.888944984
537202,2.8,Otumoetai South,1.6001398,0.000641694,1.749847107
537301,1.95,Brookfield,2.3086431,0.000446894,0.844651995
537302,0.5,Te Reti,1.71860947,0.000114588,0.290932878
537400,2.5,Judea,1.20911094,0.000572941,2.067634919
537500,3.6,Gate Pa,1.87048894,0.000825035,1.924630466
537601,8.2,Greerton,4.32133885,0.001879247,1.897560058
537602,1.3,Pyes Pa,9.96657054,0.000297929,0.130436041
537700,2,Yatton Park,0.99259395,0.000458353,2.014922618
537800,0.4,Poike,1.29846408,9.17E-05,0.308056269
537900,1.7,Hairini,6.09710737,0.0003896,0.278820742
538000,2.5,Maungatapu,1.66167708,0.000572941,1.504504112
538101,2.75,Tauranga Hospital,1.65510742,0.000630235,1.661523577
538102,7.6,Tauranga South,2.37211168,0.001741741,3.20389637
538201,21.6,Tauranga Central,2.08903645,0.004950211,10.33969513
538202,2,Sulphur Point,1.22589675,0.000458353,1.631458767
538301,0.7,Kaitemako,3.74386253,0.000160424,0.186972677
538302,0.05,Welcome Bay West,1.93804024,1.15E-05,0.025799258
538303,1.4,Welcome Bay East,5.97529933,0.000320847,0.234297886
538501,0.95,Te Puke West,9.47754994,0.000217718,0.100236876
538502,9.9,Te Puke East,6.84598788,0.002268847,1.446102473
538601,2.3,Ngongotaha North,6.64115042,0.000527106,0.346325539
538602,NA,Ngongotaha South,8.01758503,0,NA
538721,NA,Poets Corner,0.09401909,0,NA
538722,2.8,Ngapuna,12.1734058,0.000641694,0.230009584
538731,1.1,Owhata South,0.23399159,0.000252094,4.701023656
538732,1.6,Lynmore,6.64571123,0.000366682,0.240756775
538741,2.8,Owhata West,5.50291175,0.000641694,0.508821534
538742,0.5,Owhata East,19.594408,0.000114588,0.025517484
538811,0.95,Hamurana,210.676513,0.000217718,0.004509283
538812,NA,Inland Water-Lake Rotorua,81.0437357,0,NA
538820,1.9,Tikitere,531.773588,0.000435435,0.003572949
538831,1.4,Kaingaroa Forest,11.2853074,0.000320847,0.124055105
538832,0.3,Tarawera,508.345628,6.88E-05,0.00059015
538841,1.3,Golden Springs,443.304499,0.000297929,0.002932522
538842,0.3,Reporoa,55.49477,6.88E-05,0.005405915
538850,0.1,Ngakuru,446.353634,2.29E-05,0.000224038
538861,NA,Arahiwi,62.8198585,0,NA
538863,NA,Waiwhero,174.685312,0,NA
538864,NA,Mamaku,2.68434445,0,NA
539000,1,Selwyn Heights,0.89658736,0.000229176,1.115340283
539100,1.7,Western Heights,2.23807026,0.0003896,0.759582945
539200,2.5,Fairy Springs,1.88216762,0.000572941,1.328255769
539310,NA,Pukehangi North,1.00183262,0,NA
539320,1.5,Pukehangi South,1.80497114,0.000343765,0.831038218
539400,0.8,Mangakakahi,2.43007181,0.000183341,0.329208378
539500,1.4,Sunnybrook,1.48412536,0.000320847,0.94331654
539600,0.7,Fordlands,0.77479882,0.000160424,0.903460333
539700,0.2,Utuhina,0.67137597,4.58E-05,0.297895678
539800,0.8,Pomare,1.36808747,0.000183341,0.584757932
539900,2.6,Hillcrest,0.77447931,0.000595859,3.3570942
540000,1.2,Springfield,3.46798543,0.000275012,0.346022215
540100,0.5,Kawaha Point,1.03150776,0.000114588,0.484727328
540200,2.5,Koutu,1.11003446,0.000572941,2.252182333
540300,0.2,Ohinemutu,0.19648994,4.58E-05,1.017863815
540410,12.6,Kuirau,2.48737171,0.002887623,5.065587885
540420,7.4,Victoria,1.6633862,0.001695906,4.448756398
540510,0.7,Glenholme East,0.86482081,0.000160424,0.80941623
540520,1.3,Glenholme West,0.85553226,0.000297929,1.519521894
540600,1.3,Fenton,1.35404297,0.000297929,0.960087699
540700,1.2,Whaka,2.01727965,0.000275012,0.594860509
540900,0.9,Mangakino,3.90152147,0.000206259,0.230679238
541000,4.8,Turangi,9.72034156,0.001100047,0.493809808
541311,0.4,Acacia Bay,7.15968303,9.17E-05,0.055868395
541312,0.8,Wairakei-Aratiatia,69.898876,0.000183341,0.011445105
541313,0.5,Maunganamu,19.4652246,0.000114588,0.025686834
541315,NA,Taupo East,7.28999206,0,NA
541316,NA,Wharewaka,3.20360361,0,NA
541317,0.1,Rangatira Park,2.04007853,2.29E-05,0.049017721
541318,NA,Rangatira,3.83102895,0,NA
541319,0.2,Lakewood,2.74779174,4.58E-05,0.07278572
541320,1.7,Marotiri,1004.32669,0.0003896,0.001692676
541333,0.8,Kinloch,5.60850597,0.000183341,0.142640483
541334,NA,Tatua,226.023093,0,NA
541335,0.4,Oruanui,448.958291,9.17E-05,0.000890951
541342,NA,Rangitaiki,996.24538,0,NA
541344,NA,Broadlands,637.84007,0,NA
541345,NA,Waitahanui,14.7177964,0,NA
541346,0.9,Tongariro,515.431496,0.000206259,0.00174611
541347,0.3,Motuoapa,3.33616652,6.88E-05,0.089923569
541348,NA,Tokaanu,34.2060712,0,NA
541501,NA,Rangipo,1027.67013,0,NA
541502,NA,Te More,47.9227816,0,NA
541503,0.1,Taharua,491.42312,2.29E-05,0.000203491
541710,0.3,Nukuhau,0.89168991,6.88E-05,0.336439828
541720,13.15,Taupo Central,2.93148132,0.00301367,4.485786728
541730,2.6,Tauhara,5.33735724,0.000595859,0.487132467
541740,1.15,Hilltop,3.13844581,0.000263553,0.366423405
541750,0.6,Waipahihi,2.55641573,0.000137506,0.23470361
541760,0.8,Richmond Heights,2.08132236,0.000183341,0.384371021
541900,1.85,Ohope,6.33231471,0.000423976,0.292152252
542000,1.9,Matata,0.7542934,0.000435435,2.518913728
542100,0.9,Taneatua,0.68621936,0.000206259,1.311533968
542200,3.9,Edgecumbe,1.86923056,0.000893788,2.086419987
542300,1.2,Te Teko,4.02231027,0.000275012,0.298336011
542410,10,Whakatane North,2.40172282,0.002291765,4.163677805
542421,NA,Coastlands,4.25694557,0,NA
542422,0.8,Whakatane West,1.8406555,0.000183341,0.434627773
542430,3.05,Trident,1.82995054,0.000698988,1.666711713
542440,2,Allandale-Mokorua,3.40680809,0.000458353,0.587059778
542511,0.7,Orini,10.7063177,0.000160424,0.065381957
542514,0.3,Maraetotara,27.6282878,6.88E-05,0.010858436
542520,0.1,Poroporo,18.90631,2.29E-05,0.005289239
542530,0.9,Otakiri,480.027021,0.000206259,0.001874894
542540,1,Rotoma,337.922064,0.000229176,0.002959262
542550,0.9,Matahina-Minginui,2039.30043,0.000206259,0.000441328
542561,0.2,Waimana,55.7830943,4.58E-05,0.003585316
542562,NA,Urewera,1445.25787,0,NA
542600,5.2,Kawerau,23.6313194,0.001191718,0.22004696
542700,2.5,Murupara,5.96878795,0.000572941,0.418845504
542800,6.25,Opotiki,4.97757241,0.001432353,1.255632161
542901,NA,Te Kaha,16.1736396,0,NA
542903,1.5,Cape Runaway,1552.34865,0.000343765,0.000966278
542904,NA,Oponae,1255.44974,0,NA
542906,NA,Waiotahi,259.388962,0,NA
543301,2.5,East Cape,2797.71313,0.000572941,0.000893587
543302,1.8,Ruatoria,21.5872631,0.000412518,0.083382502
543303,2.1,Tokomaru Bay,10.1140929,0.000481271,0.207631077
543601,0.2,Tarndale-Rakauroa,2652.87335,4.58E-05,7.54E-05
543602,1.1,Te Karaka,2.91357987,0.000252094,0.377542422
543800,0.1,Patutahi,5.44305053,2.29E-05,0.018372051
543901,0.3,Makaraka,20.2966053,6.88E-05,0.014780797
543902,NA,Matokitoki,23.1209392,0,NA
543903,0.6,Wainui,14.2542691,0.000137506,0.042092653
544001,0.3,Wharekaka,1292.63462,6.88E-05,0.000232084
544002,0.6,Tiniroto,1457.25559,0.000137506,0.000411733
544003,0.2,Manutuke,30.6281746,4.58E-05,0.006529935
544004,1.7,Tolaga Bay,28.9249215,0.0003896,0.058772847
544200,1.7,Mangapapa,3.1221464,0.0003896,0.544497209
544300,6,Te Hapara,2.69213329,0.001375059,2.2287158
544400,1.6,Gisborne Airport,5.2246033,0.000366682,0.306243347
544500,2.35,Whataupoko,3.33434429,0.000538565,0.704786247
544600,8.75,Gisborne Central,3.44881746,0.002005294,2.537101514
544701,0.8,Kaiti North,1.3280797,0.000183341,0.602373487
544702,0.7,Outer Kaiti,1.45396602,0.000160424,0.481441788
544801,3.2,Kaiti South,3.85200584,0.000733365,0.83073602
544802,1.6,Tamarau,1.12886063,0.000366682,1.417358315
544900,1.3,Riverdale,2.01568469,0.000297929,0.644942141
545201,NA,Tuai,28.9783543,0,NA
545202,NA,Frasertown,8.57883168,0,NA
545204,NA,Ruakituri-Morere,1551.84476,0,NA
545205,NA,Maungataniwha,1418.06271,0,NA
545206,NA,Inland Water-Lake Waikaremoana,53.1440067,0,NA
545301,0.2,Raupunga,633.852507,4.58E-05,0.000315531
545302,NA,Whakaki,180.462669,0,NA
545303,NA,Nuhaka,24.3709633,0,NA
545304,0.1,Mahia,222.665693,2.29E-05,0.000449104
545500,2.25,Wairoa,6.63051765,0.000515647,0.339340021
545611,1.6,Bay View,29.2340309,0.000366682,0.054730735
545621,0.6,Poraiti,18.580714,0.000137506,0.032291547
545631,0.65,Meeanee,21.0507122,0.000148965,0.030877815
545632,NA,Awatoto,3.50826606,0,NA
545710,5,Twyford,30.3349161,0.001145882,0.164826564
545721,0.95,Karamu,13.2948063,0.000217718,0.071456475
545722,1,Whakatu,10.7498536,0.000229176,0.093024523
545730,2.4,Clive,7.25553898,0.000550023,0.330781766
545740,1.8,Haumoana,25.0301974,0.000412518,0.071913136
545750,1,Brookvale,13.6135229,0.000229176,0.073456372
545761,3.1,Irongate,8.83953977,0.000710447,0.350696991
545762,0.3,Longlands South,10.5970311,6.88E-05,0.028309816
545811,0.2,Tangoio,310.452554,4.58E-05,0.000644221
545812,0.1,Eskdale,26.0814374,2.29E-05,0.003834145
545821,0.8,Sherenden-Puketapu,659.673082,0.000183341,0.001212722
545822,NA,Omahu,12.1950788,0,NA
545831,NA,Waiohiki,8.42236781,0,NA
545832,0.7,Pakowhai,25.5995994,0.000160424,0.027344178
545841,0.6,Maraekakaho,366.298745,0.000137506,0.001638007
545842,1.3,Bridge Pa,27.142901,0.000297929,0.047894659
545851,0.5,Poukawa,356.555101,0.000114588,0.001402308
545852,NA,Pakipaki,16.6089157,0,NA
545860,0.7,Waimarama,338.48224,0.000160424,0.002068055
545911,0.1,Tutira,1263.78461,2.29E-05,7.91E-05
545912,NA,Puketitiri,974.600991,0,NA
545913,NA,Whanawhana,672.322192,0,NA
546100,1.2,Westshore,1.04608826,0.000275012,1.14713074
546200,4,Ahuriri,1.09497843,0.000916706,3.653039996
546300,2.2,Onekawa Central,0.67691415,0.000504188,3.25004286
546400,5.75,Onekawa West,3.70347175,0.001317765,1.552597235
546500,0.9,Onekawa South,1.70750303,0.000206259,0.527085448
546600,3.15,Marewa,2.19483255,0.000721906,1.435189213
546700,2.3,Maraenui,1.0522528,0.000527106,2.185786533
546801,2,Hospital Hill,1.57178089,0.000458353,1.272441988
546802,5.7,Bluff Hill,1.99397908,0.001306306,2.858605718
546901,8.7,Nelson Park,1.40663197,0.001993835,6.184986681
546902,1,Mclean Park,1.07881371,0.000229176,0.926944097
547001,1.2,Tamatea North,0.96963882,0.000275012,1.237574213
547002,NA,Tamatea South,0.95492239,0,NA
547100,3.3,Greenmeadows,3.26413811,0.000756282,1.010986634
547200,5.5,Taradale North,2.31790931,0.00126047,2.372827952
547300,1.6,Taradale South,6.79224736,0.000366682,0.235562681
547400,2.6,Pirimai,1.29014663,0.000595859,2.015274806
547600,1.7,Mahora,1.54971726,0.0003896,1.096974296
547700,2.9,St Leonards,1.23244765,0.000664612,2.353041121
547800,1.7,Frimley,1.6338529,0.0003896,1.040485346
547900,1.8,Raureka,1.93642351,0.000412518,0.929548723
548000,3.15,Mayfair,1.59588011,0.000721906,1.973832483
548100,1.85,Parkvale,1.39082498,0.000423976,1.330145796
548200,12.2,Hastings Central,2.31409662,0.002795953,5.272035703
548300,1.2,Akina,1.74426724,0.000275012,0.687967974
548400,0.2,Woolwich,0.78404587,4.58E-05,0.255087116
548500,0.9,Camberley,1.10259277,0.000206259,0.816257846
548611,0.3,Kingsley-Chatham,2.16364938,6.88E-05,0.138654628
548612,1.1,Lochain,1.00216422,0.000252094,1.097624499
548620,2.7,Flaxmere East,1.65907541,0.000618776,1.627412463
548810,1,Anderson Park,0.67314638,0.000229176,1.485560986
548821,2.6,Iona,2.58555068,0.000595859,1.005588488
548822,0.2,Havelock Hills,13.6851541,4.58E-05,0.014614377
548831,3.9,Te Mata,2.0992135,0.000893788,1.857838662
548832,1.2,Havelock North Central,1.81762513,0.000275012,0.66020214
548833,0.2,Te Mata Hills,7.41132431,4.58E-05,0.02698573
549000,2.2,Takapau,2.83991938,0.000504188,0.774669878
549100,1.6,Waipawa,6.94430205,0.000366682,0.230404724
549200,0.5,Tikokino,1336.22958,0.000114588,0.000374187
549400,0.2,Otane,0.8541165,4.58E-05,0.234160094
549500,4.7,Waipukurau,7.82287421,0.001077129,0.600802195
549601,0.8,Porangahau,22.3864383,0.000183341,0.035735921
549602,0.8,Elsthorpe-Flemington,1955.98759,0.000183341,0.000409001
549800,1.6,Norsewood-Herbertville,1446.00409,0.000366682,0.001106498
549901,0.3,Owahanga,733.326196,6.88E-05,0.000409095
549902,NA,Mara,69.0931131,0,NA
550101,0.1,Dannevirke West,2.07408558,2.29E-05,0.048214018
550102,6.2,Dannevirke East,3.40348803,0.001420894,1.821660586
550200,NA,Papatawa,416.74799,0,NA
550500,3.5,Woodville,4.03974921,0.000802118,0.866390416
550600,1.8,Urenui,3.6547314,0.000412518,0.492512254
550700,0.2,Okoki-Okau,1098.28676,4.58E-05,0.000182102
550800,1,Oakura,1.5164964,0.000229176,0.659414688
550901,2.45,Bell Block,5.16909244,0.000561482,0.473971017
550902,NA,Paraite,4.58766396,0,NA
551012,2.7,Glen Avon,5.20431761,0.000618776,0.518800005
551013,0.4,Bowden,13.2575951,9.17E-05,0.030171385
551014,NA,Mangaoraka,16.6973649,0,NA
551021,NA,Carrington,12.2285175,0,NA
551022,0.1,Highlands Park,3.24272059,2.29E-05,0.030838303
551023,NA,Fernleigh,1.01965468,0,NA
551024,NA,Barrett,2.27783804,0,NA
551030,0.25,Omata,17.9023148,5.73E-05,0.013964675
551111,0.4,Lepperton,102.12099,9.17E-05,0.003916922
551112,0.1,Kaitake,358.154138,2.29E-05,0.000279209
551120,1.3,Okato,1.02471414,0.000297929,1.268646493
551301,5.55,Waitara West,3.66296818,0.001271929,1.515164677
551302,0.7,Waitara East,2.27444668,0.000160424,0.307767162
551400,3,Moturoa,4.59256995,0.000687529,0.653229027
551501,1.7,Lynmouth,1.13106842,0.0003896,1.503003682
551502,2.3,Spotswood,1.33153346,0.000527106,1.727331734
551503,0.9,Marfell,1.07127503,0.000206259,0.840120394
551600,NA,Upper Westown,0.83326364,0,NA
551700,3.4,Westown,1.95613193,0.0007792,1.738124074
551800,10.2,New Plymouth Central,1.04067481,0.0023376,9.801332656
551900,2.45,Kawaroa,0.90051111,0.000561482,2.72067715
552001,0.1,Mount Bryan,0.59465003,2.29E-05,0.16816614
552002,1,Marsland Hill,0.87453488,0.000229176,1.14346497
552100,5.7,Fitzroy,2.86470884,0.001306306,1.989731005
552200,1.8,Welbourn,1.91384602,0.000412518,0.940514535
552300,1.4,Merrilands,1.71117172,0.000320847,0.818152839
552400,1.6,Frankleigh,2.15410979,0.000366682,0.742766226
552500,2.2,Struan Park,2.8350794,0.000504188,0.775992376
552701,NA,Egmont Village,20.5977189,0,NA
552702,0.1,Kaimata,503.673508,2.29E-05,0.000198541
552800,2.6,Inglewood,2.94443523,0.000595859,0.883021631
552900,NA,Midhirst,1.5466173,0,NA
553001,NA,Whangamomona,689.591167,0,NA
553002,NA,Douglas,1051.42541,0,NA
553003,NA,Toko,187.478125,0,NA
553004,0.1,Pembroke,224.831023,2.29E-05,0.000444778
553101,7.4,Stratford West,4.09647938,0.001695906,1.806429208
553102,2.2,Stratford East,4.44135259,0.000504188,0.495344595
553200,3.9,Opunake,3.72923364,0.000893788,1.045791274
553301,1.6,Rahotu,27.8014284,0.000366682,0.057551
553302,NA,Kahui,612.879163,0,NA
553400,1.7,Kaponga,2.25660617,0.0003896,0.753343682
553500,0.1,Mangatoki-Moeroa,529.280762,2.29E-05,0.000188936
553601,2.1,Eltham,6.62403919,0.000481271,0.31702711
553700,0.2,Kapuni,213.851731,4.58E-05,0.000935227
553800,2.3,Manaia,2.10611558,0.000527106,1.092057825
553900,0.8,Normanby,1.06454596,0.000183341,0.751494092
554010,6.4,Hawera North,3.74512918,0.001466729,1.708886314
554020,3.15,Hawera South,3.00102819,0.000721906,1.049640257
554111,1.6,Ohawe Beach,34.7108663,0.000366682,0.046095075
554113,0.7,Tawhiti,37.1250792,0.000160424,0.018855179
554114,NA,Waingongoro,32.4653485,0,NA
554115,NA,Hawera West,2.53978195,0,NA
554120,0.2,Ohangai,331.781344,4.58E-05,0.000602807
554130,NA,Okaiawa,62.1592723,0,NA
554300,NA,Waitotara,0.24872131,0,NA
554400,0.4,Whenuakura,893.081575,9.17E-05,0.000447887
554500,0.1,Makakaho,766.219659,2.29E-05,0.000130511
554700,3.2,Patea,6.15344482,0.000733365,0.520033915
554800,2.1,Waverley,2.27584963,0.000481271,0.922732316
554900,0.9,Tangiwai,2693.57646,0.000206259,0.000334128
555000,5,Ohakune,8.47052397,0.001145882,0.590282256
555100,1.9,Raetihi,3.88253554,0.000435435,0.489370923
555200,NA,Otamatea,1.27007165,0,NA
555300,0.2,Blueskin,47.1311735,4.58E-05,0.004243476
555400,0.45,Maxwell,1044.80579,0.000103129,0.000430702
555700,NA,Castlecliff North,3.38328778,0,NA
555800,2.6,Castlecliff South,1.81722753,0.000595859,1.430750942
555900,NA,Mosston,2.05698829,0,NA
556000,0.3,Balgownie,3.30536607,6.88E-05,0.090761505
556100,0.9,Tawhero,1.06060161,0.000206259,0.848574989
556200,1.8,Gonville South,1.97376686,0.000412518,0.911961811
556300,0.7,Gonville East,0.85773024,0.000160424,0.816107405
556400,3.7,Gonville West,0.73838628,0.000847953,5.010927343
556500,1.8,Springvale West,0.56982837,0.000412518,3.158845882
556600,1.6,Springvale East,0.93326466,0.000366682,1.714411858
556700,0.7,Wanganui Collegiate,1.41402615,0.000160424,0.49504035
556800,4.5,Laird Park,1.2954553,0.001031294,3.473682187
556900,1.7,Wanganui Central,0.66343314,0.0003896,2.562428521
557000,0.6,Spriggens Park,0.98119876,0.000137506,0.6114969
557100,7.4,Cooks Gardens,1.27384214,0.001695906,5.809197049
557200,2.1,St Johns Hill,1.77394461,0.000481271,1.183802464
557300,3.1,Lower Aramoho,2.32702085,0.000710447,1.332175429
557400,0.7,Upper Aramoho,1.56163179,0.000160424,0.448249072
557500,0.8,Williams Domain,1.26073055,0.000183341,0.63455272
557600,0.2,Wembley Park,1.54692472,4.58E-05,0.129288774
557700,2.9,Kowhai Park,1.49489947,0.000664612,1.93992978
557800,NA,Bastia Hill,1.1730047,0,NA
557900,1.5,Durie Hill,1.38362187,0.000343765,1.084111225
558100,NA,Putiki,1.00379495,0,NA
558200,NA,Marybank-Gordon Park,20.6459191,0,NA
558300,0.3,Fordell-Kakatahi,1223.5265,6.88E-05,0.000245193
558500,1.4,Waiouru,5.78838973,0.000320847,0.241863466
558600,0.2,Mangaweka,3.9511636,4.58E-05,0.050618
558700,1.8,Hunterville,3.2188789,0.000412518,0.559200907
558800,NA,Ratana Community,0.21425031,0,NA
558900,2.3,Bulls,4.4755712,0.000527106,0.513900885
559000,NA,Ngamatea,611.66396,0,NA
559210,NA,Moawhango,1405.77213,0,NA
559220,0.5,Pohonui-Porewa,1826.83989,0.000114588,0.000273697
559230,1,Lake Alice,614.668311,0.000229176,0.001626894
559240,NA,Koitiata,0.21153864,0,NA
559400,3.65,Taihape,5.0854779,0.000836494,0.71772999
559500,3.8,Marton,7.68217564,0.000870871,0.494651539
559700,0.1,Kiwitea,783.835616,2.29E-05,0.000127578
560000,0.1,Pohangina,682.736709,2.29E-05,0.000146469
560200,3,Ashhurst,7.07024271,0.000687529,0.424313581
560301,0.4,Stoney Creek,24.6264779,9.17E-05,0.01624268
560302,NA,Whakarongo,27.3477982,0,NA
560411,NA,Oroua Bridge,10.6728382,0,NA
560412,NA,Maewa,15.2073032,0,NA
560421,NA,Halcombe,17.4300955,0,NA
560422,0.3,Tokorangi-Hiwinui,400.237026,6.88E-05,0.000749556
560710,1.4,Feilding North,2.58756704,0.000320847,0.541048784
560720,4.65,Feilding West,2.72356745,0.001065671,1.707319567
560730,0.7,Feilding Central,1.43428397,0.000160424,0.488048402
560740,0.2,Feilding East,2.28710651,4.58E-05,0.087446736
560900,0.4,Sanson,0.60439658,9.17E-05,0.661817114
561000,0.8,Rongotea,0.55131347,0.000183341,1.451080091
561100,NA,Tangimoana,0.38153543,0,NA
561200,0.7,Himatangi Beach,0.9542358,0.000160424,0.733571304
561300,3.9,Foxton Beach,9.86656834,0.000893788,0.395274209
561410,NA,Rakiraki,10.7680438,0,NA
561421,NA,Ohakea,4.94718156,0,NA
561422,0.2,Oroua Downs-Waitohi,474.629592,4.58E-05,0.000421381
561500,0.2,Moutoa,184.213565,4.58E-05,0.001085696
561700,4.9,Foxton,3.53355278,0.001122965,1.386706328
561811,NA,Kairanga,26.72696,0,NA
561812,0.8,Longburn,6.93035344,0.000183341,0.115434228
561813,0.2,Massey University,10.0765492,4.58E-05,0.019848065
561820,0.9,Linton Military Camp,8.81277044,0.000206259,0.102124526
561901,NA,Kauwhata,154.947278,0,NA
561902,0.7,Turitea,225.173086,0.000160424,0.00310872
562100,3.5,Milson,7.75958676,0.000802118,0.451054948
562200,1.6,Kelvin Grove,4.98136332,0.000366682,0.32119721
562310,5.2,Takaro,1.95120972,0.001191718,2.665013374
562320,0.9,Cloverlea,1.47968661,0.000206259,0.608236902
562401,0.9,Palmerston North Hospital,1.94620901,0.000206259,0.462437485
562402,5.1,Papaeoia,1.0703474,0.0011688,4.764808136
562500,2.3,Roslyn,3.44515148,0.000527106,0.667604897
562600,0.6,Terrace End,1.6138147,0.000137506,0.371789896
562710,3.1,Highbury,1.45241031,0.000710447,2.134383086
562720,1.6,Westbrook,4.14079383,0.000366682,0.386399339
562800,19.2,Palmerston North Central,2.12865896,0.004400188,9.019763316
562910,1.7,Awapuni North,1.23348848,0.0003896,1.378205008
562921,NA,Awapuni West,3.41348818,0,NA
562922,2.2,Awapuni South,1.70541948,0.000504188,1.290005202
563000,2.1,West End,2.52888586,0.000481271,0.830405213
563101,0.65,Hokowhitu West,1.47497526,0.000148965,0.440685358
563102,2.15,Hokowhitu Lagoon,1.57976226,0.000492729,1.360964276
563200,1.3,Hokowhitu East,2.17660089,0.000297929,0.59726154
563300,0.3,Aokautere,11.8595413,6.88E-05,0.025296088
563500,3.3,Shannon,3.65142123,0.000756282,0.903757686
563600,1.7,Waitarere,1.54317872,0.0003896,1.101622241
563701,1.7,Waikanae Beach,4.36529983,0.0003896,0.389434876
563703,0.8,Waikanae East,4.230168,0.000183341,0.189117784
563704,0.2,Peka Peka,5.17120225,4.58E-05,0.038675726
563705,0.9,Waikanae Park,7.36017212,0.000206259,0.122279749
563706,5.15,Waikanae West,4.67274171,0.001180259,1.102136673
563801,0.2,Tokomaru,6.51698803,4.58E-05,0.030689024
563802,0.3,Opiki,95.5120513,6.88E-05,0.003140965
563920,0.4,Kaitawa,78.1184296,9.17E-05,0.005120431
564011,0.3,Lake Horowhenua,51.6173083,6.88E-05,0.005812004
564012,1.3,Waiopehu,29.005808,0.000297929,0.04481861
564013,0.9,Kohitere,13.7534084,0.000206259,0.065438324
564021,2.2,Mangaore-Manakau,651.679139,0.000504188,0.003375894
564022,1.9,Otaki Forks,428.456152,0.000435435,0.004434526
564023,1.3,Te Horo,12.4044202,0.000297929,0.104801351
564210,4.3,Levin North,3.3824681,0.000985459,1.271261065
564220,7.95,Levin West,3.61334973,0.001821953,2.200174518
564231,3.3,Playford Park,1.85347314,0.000756282,1.780441232
564232,1.3,Levin South,2.11019909,0.000297929,0.616055616
564240,2.5,Levin East,2.13948844,0.000572941,1.168503626
564400,6.35,Otaki,16.032745,0.00145527,0.396064429
564510,0.95,Heretaunga,2.88313473,0.000217718,0.329502465
564520,NA,Trentham South,8.03417586,0,NA
564530,0.2,Pinehaven,5.92522343,4.58E-05,0.033754001
564601,NA,Moonshine Valley,23.9198217,0,NA
564602,NA,Riverstone Terraces,2.19586143,0,NA
564800,0.2,Glendale,5.43851596,4.58E-05,0.036774738
564900,6.4,Parkway,3.41008162,0.001466729,1.876787923
565000,0.9,Fernlea,2.9858142,0.000206259,0.30142532
565100,NA,Arakura,3.44572784,0,NA
565200,1.2,Homedale West,3.09040563,0.000275012,0.388298542
565300,2.4,Homedale East,6.24888189,0.000550023,0.384068709
565400,0.5,Pencarrow,241.290604,0.000114588,0.00207219
565601,1.9,Pauatahanui,67.6400642,0.000435435,0.028089861
565602,NA,Endeavour,2.64956956,0,NA
565603,NA,Resolution,5.22603811,0,NA
565604,1.8,Adventure,3.93959194,0.000412518,0.456900112
565700,NA,Paekakariki Hill,33.2562587,0,NA
565901,0.9,Paraparaumu Beach North,2.04145176,0.000206259,0.440862732
565902,0.1,Otaihanga,4.9751006,2.29E-05,0.020100096
565903,4.7,Paraparaumu Beach South,2.71060291,0.001077129,1.733931585
566000,12.55,Paraparaumu Central,10.0623639,0.002876165,1.247221838
566101,3.2,Raumati Beach,3.17385746,0.000733365,1.008236835
566102,3,Raumati South,5.64672114,0.000687529,0.53128177
566200,3.7,Paekakariki,5.81273166,0.000847953,0.63653377
566301,NA,Kapiti Island,19.1996952,0,NA
566302,0.5,Maungakotukutuku,116.943551,0.000114588,0.004275567
566500,NA,Te Marua,8.27011712,0,NA
566610,NA,Akatarawa,6.48816168,0,NA
566620,0.6,Emerald Hill,2.5421953,0.000137506,0.236016485
566700,NA,Maoribank,3.14070648,0,NA
566800,0.6,Clouston Park,2.31379814,0.000137506,0.259313892
566900,1.2,Totara Park,1.72545132,0.000275012,0.695470215
567000,1.4,Ebdentown,0.84862104,0.000320847,1.649735199
567100,7.6,Upper Hutt Central,0.43301415,0.001741741,17.55138949
567200,0.2,Maidstone,1.06312517,4.58E-05,0.188124602
567300,0.4,Wallaceville,0.69661877,9.17E-05,0.574202157
567400,0.9,Elderslea,1.54906323,0.000206259,0.580996297
567500,1.1,Poets Block,1.09696758,0.000252094,1.002764366
567600,NA,Brentwood,0.98266677,0,NA
567700,1.95,Trentham North,1.02397337,0.000446894,1.904346399
567800,1.95,Heretaunga-Silverstream,2.78060095,0.000446894,0.701287252
567901,1.1,Cloustonville,310.100539,0.000252094,0.003547237
567902,0.2,Mangaroa,151.839631,4.58E-05,0.001317179
568101,1.7,Tawhai,6.2761536,0.0003896,0.270866538
568102,2.9,Holborn,1.48834502,0.000664612,1.948472942
568103,0.2,Delaney,1.87135479,4.58E-05,0.106874443
568104,0.9,Manuka,4.11570948,0.000206259,0.218674327
568201,1,Taita North,1.43624428,0.000229176,0.696260388
568202,5.2,Taita South,3.10860776,0.001191718,1.672774567
568301,1.7,Avalon East,0.81387847,0.0003896,2.08876394
568302,4.3,Naenae North,7.05282165,0.000985459,0.609685061
568303,1.1,Naenae South,2.84242991,0.000252094,0.386992832
568401,1.7,Avalon West,1.21081442,0.0003896,1.404013672
568402,2.15,Boulcott,1.58254695,0.000492729,1.358569488
568501,2.6,Epuni West,0.98689217,0.000595859,2.634533011
568502,2.9,Epuni East,1.45965237,0.000664612,1.986774426
568601,0.8,Waterloo West,0.29488105,0.000183341,2.712958327
568602,4.75,Waterloo East,2.10205605,0.001088588,2.259692362
568701,1.5,Waiwhetu North,0.97492722,0.000343765,1.538576387
568702,0.8,Waiwhetu South,1.68682906,0.000183341,0.474262638
568800,0.6,Gracefield,3.92991406,0.000137506,0.152675094
568900,1.4,Moera,0.62368205,0.000320847,2.244733514
569001,0.1,Woburn North,0.46809302,2.29E-05,0.213632752
569002,NA,Woburn South,0.15672616,0,NA
569100,27.55,Hutt Central,2.36502779,0.006313811,11.64891174
569201,0.9,Melling,0.39277618,0.000206259,2.291381315
569202,3.25,Alicetown,0.82309083,0.000744823,3.948531415
569301,0.5,Normandale,2.65225543,0.000114588,0.188518796
569302,2.7,Maungaraki,5.15861001,0.000618776,0.523396805
569401,NA,Tirohanga,1.4135488,0,NA
569402,0.1,Belmont,20.6130057,2.29E-05,0.004851306
569500,1.4,Kelson,8.3312056,0.000320847,0.168042906
569600,NA,Haywards-Manor Park,5.07711591,0,NA
569800,0.1,Korokoro,2.40491882,2.29E-05,0.041581445
569900,8.8,Petone Central,1.02788204,0.002016753,8.561293668
570000,7.05,Esplanade,0.97431951,0.001615694,7.235819387
570100,4.2,Wilford,1.65086875,0.000962541,2.54411503
570300,6.4,Eastbourne,12.8397681,0.001466729,0.49845137
570400,2.7,Titahi Bay North,2.00967987,0.000618776,1.343497559
570500,NA,Onepoto,2.24132006,0,NA
570600,1.8,Titahi Bay South,3.54261801,0.000412518,0.508098811
570700,4.35,Elsdon-Takapuwahia,10.8665109,0.000996918,0.400312487
570800,11.85,Porirua Central,6.15677521,0.002715741,1.924708893
570900,2.9,Porirua East,1.19716077,0.000664612,2.422398121
571000,NA,Ranui Heights,2.35272334,0,NA
571100,3.9,Cannons Creek North,1.11443735,0.000893788,3.499523773
571200,0.7,Cannons Creek South,1.40798088,0.000160424,0.497165842
571300,1.8,Cannons Creek East,1.46718322,0.000412518,1.22684064
571400,2,Waitangirua,3.14514352,0.000458353,0.635901029
571501,0.7,Papakowhai North,1.43034773,0.000160424,0.489391485
571502,NA,Papakowhai South,2.62472377,0,NA
571600,0.25,Ascot Park,1.13957445,5.73E-05,0.219380138
571800,NA,Pukerua Bay,8.25500732,0,NA
571900,2.3,Plimmerton,6.41353018,0.000527106,0.358616851
572000,2.1,Mana-Camborne,1.86985088,0.000481271,1.123084211
572100,NA,Paremata-Postgate,1.4880892,0,NA
572200,0.2,Discovery,1.25104161,4.58E-05,0.159866785
572300,NA,Mana Island,2.11357495,0,NA
572500,2.3,Tawa South,2.47758849,0.000527106,0.928322039
572600,4.9,Tawa Central,2.63665456,0.001122965,1.858415613
572701,1,Linden,1.50988398,0.000229176,0.662302543
572702,NA,Greenacres,1.28758417,0,NA
572900,7.7,Thorndon-Tinakori Road,2.80759698,0.001764659,2.74255887
573000,32.1,Lambton,0.98514032,0.007356564,32.58419065
573101,44.55,Willis Street-Cambridge Terrace,1.03115281,0.010209811,43.20407176
573200,5,Aro Street-Nairn Street,0.83462187,0.001145882,5.990736859
573300,2.2,Mt Cook-Wallace Street,0.87186053,0.000504188,2.523339369
573400,4.9,Mt Victoria West,1.29311872,0.001122965,3.789288581
573511,0.2,Glenside North,2.45904147,4.58E-05,0.081332504
573513,0.7,Churton Park North,2.25137078,0.000160424,0.310921687
573514,NA,Churton Park South,1.31491551,0,NA
573522,1.1,Grenada North,3.64249502,0.000252094,0.301990804
573523,NA,Grenada Village,1.51061054,0,NA
573524,NA,Newlands East,0.97605175,0,NA
573525,1,Takapu,11.5959731,0.000229176,0.086236833
573526,NA,Horokiwi,8.49984563,0,NA
573600,0.7,Johnsonville North,0.61713413,0.000160424,1.134275299
573700,9.3,Johnsonville Central,1.21247999,0.002131341,7.670229675
573801,0.7,Paparangi West,0.4778832,0.000160424,1.464793071
573802,NA,Johnsonville East,0.40616711,0,NA
573901,NA,Paparangi,0.85215732,0,NA
573902,NA,Woodridge,1.0026545,0,NA
573903,2.6,Newlands North,0.8041073,0.000595859,3.233399324
574001,NA,Newlands South,2.56850361,0,NA
574002,0.3,Ngauranga East,1.20295198,6.88E-05,0.249386513
574100,NA,Raroa,1.52819776,0,NA
574200,0.9,Khandallah Park-Broadmeadows,3.00532407,0.000206259,0.299468536
574302,2.5,Te Kainga,1.68651798,0.000572941,1.482344114
574303,0.8,Ngauranga West,1.06273961,0.000183341,0.752771415
574304,0.6,Rangoon Heights,1.00985015,0.000137506,0.594147557
574401,0.1,Awarua,1.89248456,2.29E-05,0.05284059
574402,2.2,Ngaio South,1.41471058,0.000504188,1.555088391
574500,0.3,Kaiwharawhara,0.62872599,6.88E-05,0.477155398
574600,1.1,Wadestown,1.41933411,0.000252094,0.775011319
574701,0.9,Crofton Downs,2.61632594,0.000206259,0.343993837
574702,1.2,Wilton,1.63942921,0.000275012,0.731962071
574703,NA,Northland North,0.48999611,0,NA
574800,3.45,Karori North,1.88938628,0.000790659,1.82598976
574900,2.7,Karori Park,3.13030932,0.000618776,0.862534569
575000,1,Karori East,3.64611063,0.000229176,0.274264854
575100,0.3,Karori South,2.4149974,6.88E-05,0.124223736
575200,1.8,Northland,0.79587155,0.000412518,2.261671497
575300,2.75,Kelburn,1.23601933,0.000630235,2.224884299
575400,NA,Taitville,0.1532902,0,NA
575500,NA,Mitchelltown,0.51047592,0,NA
575600,1.9,Brooklyn,1.60826748,0.000435435,1.181395523
575701,0.7,Vogeltown West,0.35087188,0.000160424,1.995030209
575702,0.7,Vogeltown,0.27001934,0.000160424,2.592406899
575800,0.2,Kingston-Mornington,0.90823524,4.58E-05,0.220207267
575901,NA,Brooklyn South,1.17883108,0,NA
575902,NA,Happy Valley-Owhiro Bay,2.93952487,0,NA
576001,3.2,Island Bay West,1.28071781,0.000733365,2.498598813
576002,2.4,Island Bay East,1.01643481,0.000550023,2.361194222
576100,NA,Melrose-Houghton Bay-Southgate,2.02443833,0,NA
576200,1,Berhampore West,0.96621662,0.000229176,1.034964602
576301,4.4,Newtown West,0.66090956,0.001008376,6.657491836
576302,NA,Berhampore East,0.39250248,0,NA
576400,6.9,Newtown East,1.43739991,0.001581318,4.800334237
576500,2.6,Adelaide,0.55054873,0.000595859,4.722561071
576600,0.5,Oriental Bay,0.16439931,0.000114588,3.041375295
576700,0.2,Roseneath,0.54704457,4.58E-05,0.365600924
576800,5.5,Hataitai North,1.29468243,0.00126047,4.248146011
576901,7.45,Kilbirnie East,1.05054872,0.001707365,7.091532128
576903,1.6,Kilbirnie West-Hataitai South,0.91887753,0.000366682,1.741254898
577000,6.2,Lyall Bay-Airport-Moa Point,2.57996028,0.001420894,2.403137772
577101,NA,Seatoun Tunnel West,0.19535232,0,NA
577102,1.9,Strathmore Park,1.48302608,0.000435435,1.281164253
577200,1.4,Miramar South,1.03278631,0.000320847,1.355556311
577301,1.7,Miramar North,1.03759438,0.0003896,1.638405173
577302,3.65,Miramar,0.6658861,0.000836494,5.481417918
577400,0.2,Karaka Bay-Worser Bay,0.74607936,4.58E-05,0.268067997
577500,2.9,Seatoun,1.32687931,0.000664612,2.185579335
577601,0.2,Maupuia,1.67335901,4.58E-05,0.119520078
577602,0.4,Miramar West,0.14685829,9.17E-05,2.723714133
577700,0.5,Makara-Ohariu,170.274646,0.000114588,0.002936432
577900,0.4,Mangatainoka,767.383774,9.17E-05,0.000521252
578000,4.1,Pahiatua,4.3253273,0.000939623,0.947905145
578100,1.7,Eketahuna,4.15464109,0.0003896,0.409180953
578200,NA,Nireaha-Tiraumea,913.718262,0,NA
578301,0.3,Homebush-Te Ore Ore,36.0356095,6.88E-05,0.008325099
578302,1.3,Opaki-Fernridge,46.6677519,0.000297929,0.027856495
578401,0.5,Kopuaranga,534.43912,0.000114588,0.00093556
578402,1.3,Whareama,1665.03415,0.000297929,0.000780765
578600,18.75,Masterton Central,0.99864983,0.004297059,18.77534991
578700,1.6,Masterton West,2.03188267,0.000366682,0.787447043
578800,1.2,Masterton East,2.3876175,0.000275012,0.502593066
578901,0.5,Solway North,2.32482657,0.000114588,0.215069806
578902,2.2,Solway South,4.13928955,0.000504188,0.531492174
579000,0.1,Ngaumutawa,0.85335343,2.29E-05,0.11718474
579100,0.7,Masterton Railway,1.16175366,0.000160424,0.602537374
579200,2.3,Lansdowne,4.06153859,0.000527106,0.566287861
579400,NA,Waingawa,38.2596143,0,NA
579501,NA,Mt Holdsworth,418.855494,0,NA
579502,0.4,Te Wharau,717.754517,9.17E-05,0.000557294
579700,3.55,Carterton,5.11942279,0.000813576,0.693437551
579802,NA,Tuturumuri,1128.75144,0,NA
579803,4.6,Kahutara,1252.83021,0.001054212,0.003671687
579804,0.5,Inland Water-Lake Wairarapa,63.4698171,0.000114588,0.00787776
579900,5.3,Greytown,5.17677054,0.001214635,1.023804312
580000,4.5,Featherston,3.17855485,0.001031294,1.415737721
580100,6.05,Martinborough,4.4988284,0.001386518,1.344794569
580200,2,Havelock,1.09239917,0.000458353,1.830832588
580300,2.3,Renwick,1.69345764,0.000527106,1.358168014
580410,0.4,Woodbourne,3.79197301,9.17E-05,0.105485983
580420,1.8,Omaka,31.2706716,0.000412518,0.057561923
580431,2.4,Spring Creek-Grovetown,34.3319321,0.000550023,0.069905766
580432,1.9,Riverlands,15.9057942,0.000435435,0.119453325
580442,1,Waikawa,29.1007917,0.000229176,0.034363326
580446,3.1,Marlborough Sounds Terrestrial,2305.81858,0.000710447,0.001344425
580447,NA,Wairau North,665.891646,0,NA
580448,0.1,Tuamarina,129.134203,2.29E-05,0.000774388
580449,9.2,Rapaura,87.377073,0.002108423,0.105290778
580450,3.8,Wairau South,2292.46355,0.000870871,0.001657605
580451,0.4,Weld Pass,117.038672,9.17E-05,0.003417674
580452,0.4,Fairhall,20.2720902,9.17E-05,0.019731562
580600,0.2,Severn,1332.72718,4.58E-05,0.000150068
580801,0.5,Ward,3104.56554,0.000114588,0.000161053
580802,1.2,Seddon,8.78930336,0.000275012,0.136529592
580900,NA,Lake Tennyson,534.987236,0,NA
581100,7.3,Picton,4.69160971,0.001672988,1.555969156
581210,3.2,Springlands,2.35476286,0.000733365,1.358947881
581220,1.6,Mayfield,2.37730791,0.000366682,0.673030192
581230,14.15,Blenheim Central,2.21601758,0.003242847,6.385328405
581240,1,Whitney,2.1700525,0.000229176,0.460818344
581250,3,Redwoodtown,2.3170161,0.000687529,1.294768733
581260,0.4,Witherlea,5.46398595,9.17E-05,0.07320663
581400,9.15,Kaikoura Township,6.78411569,0.002096965,1.348738792
581500,2.8,Kaikoura Rural,2039.97285,0.000641694,0.001372567
581601,2,Golden Bay,2575.01589,0.000458353,0.000776694
581602,1.75,Takaka,12.3390513,0.000401059,0.141826139
581713,NA,Glenduan,10.9926772,0,NA
581715,NA,Ngawhatu,6.23333717,0,NA
581717,0.3,Aniseed Hill,14.274364,6.88E-05,0.021016698
581720,1.2,Hope,8.11721656,0.000275012,0.147833927
581721,NA,Saxton Island,0.07714452,0,NA
581723,2.1,Saxton,1.9063792,0.000481271,1.101564683
581724,NA,Best Island,1.33078976,0,NA
581725,NA,Bell Island,1.56863206,0,NA
581726,0.4,Ranzau,21.2866171,9.17E-05,0.018791149
581811,NA,Richmond Hill,43.5149941,0,NA
581812,0.8,Whangamoa,338.772829,0.000183341,0.002361464
581822,2.3,Brightwater,5.36108505,0.000527106,0.42901763
581823,1.5,Wakefield,6.96071585,0.000343765,0.215495077
581825,2.9,Mapua,8.88334837,0.000664612,0.326453481
581832,0.9,Kaiteriteri,132.65897,0.000206259,0.006784313
581833,1.6,Motueka Outer,553.178858,0.000366682,0.002892374
581834,NA,Rabbit Island,11.3674963,0,NA
581836,4.5,Wai-Iti,978.900436,0.001031294,0.004596995
581841,0.4,Golden Downs,1490.06055,9.17E-05,0.000268445
581842,0.3,Lake Rotoroa,3693.86827,6.88E-05,8.12E-05
581843,1.1,Murchison,25.4066762,0.000252094,0.043295707
581844,0.9,Tapawera,12.0444236,0.000206259,0.074723377
581850,0.8,Riwaka,9.90966377,0.000183341,0.080729278
582000,NA,Clifton,9.47825959,0,NA
582100,1.15,Atawhai,7.42971068,0.000263553,0.154783955
582200,1.2,Port Nelson,1.1581735,0.000275012,1.036114192
582300,2.7,The Wood,1.25688499,0.000618776,2.148167908
582401,0.7,Britannia,0.8170591,0.000160424,0.856731172
582402,0.5,Washington,1.23934039,0.000114588,0.403440414
582500,27.8,Trafalgar,0.92780642,0.006371105,29.96314684
582600,0.1,Maitai,2.34186129,2.29E-05,0.042701077
582700,0.7,Kirks,0.43905719,0.000160424,1.594325332
582800,2.5,Bronte,0.93214677,0.000572941,2.681981079
582900,NA,Atmore,6.04672731,0,NA
583000,3.5,Tahunanui,1.66313782,0.000802118,2.104455781
583100,1.1,Tahuna Hills,2.05422072,0.000252094,0.535482867
583201,1.2,Toi Toi,1.82243793,0.000275012,0.65845864
583202,0.7,Broads,0.62990061,0.000160424,1.11128643
583300,0.3,Grampians,4.63686998,6.88E-05,0.064698817
583400,NA,The Brook,6.40614538,0,NA
583500,1.5,Nelson Airport,3.27912006,0.000343765,0.457439793
583600,NA,Nayland,0.46651607,0,NA
583700,0.4,Enner Glynn,5.48358086,9.17E-05,0.072945035
583800,NA,Maitlands,1.06225816,0,NA
583900,6.05,Isel Park,5.47314927,0.001386518,1.105396491
584000,0.5,Langbein,1.27285312,0.000114588,0.392818301
584201,6.45,Richmond East,6.65383304,0.001478188,0.969366072
584202,5.25,Richmond West,7.0385888,0.001203176,0.745888153
584301,4,Motueka West,18.1948707,0.000916706,0.219842178
584303,3.95,Motueka East,7.64135438,0.000905247,0.516924069
584305,NA,Jackett Island,0.65739217,0,NA
584402,1,Karamea,64.6560021,0.000229176,0.015466468
584403,0.2,Hector-Ngakawau,2.53257155,4.58E-05,0.078971115
584404,0.3,Granity,4.70052667,6.88E-05,0.063822635
584405,NA,Orowaiti,4.43224088,0,NA
584407,0.1,Little Wanganui,2130.62472,2.29E-05,4.69E-05
584408,0.3,Mokihinui,932.633139,6.88E-05,0.00032167
584409,0.9,Buller Coalfields,492.382698,0.000206259,0.001827847
584410,1,Westport Rural,545.337813,0.000229176,0.001833726
584411,0.7,Charleston,560.820665,0.000160424,0.001248171
584412,NA,Inangahua Junction,412.431399,0,NA
584500,6.3,Westport Urban,4.51346824,0.001443812,1.395822384
584600,2.9,Reefton,2.0135686,0.000664612,1.440229054
584701,NA,Inangahua Valley,1029.28051,0,NA
584702,NA,Mawheraiti,678.540821,0,NA
584703,0.7,Maruia,1076.0696,0.000160424,0.000650516
584800,0.1,Karoro,2.80871332,2.29E-05,0.035603491
584911,0.5,Kaiata,14.6711936,0.000114588,0.03408039
584912,0.4,South Beach-Camerons,11.7169807,9.17E-05,0.034138488
584922,NA,Blackball,18.6092147,0,NA
584923,NA,Point Elizabeth,15.4103051,0,NA
584930,0.8,Dobson,23.3127519,0.000183341,0.034315983
584931,0.3,Barrytown,195.389688,6.88E-05,0.001535393
584932,NA,Coal Creek,79.1769343,0,NA
584933,NA,Atarau,410.591346,0,NA
584934,NA,Greymouth Rural,52.4989939,0,NA
584935,0.1,Marsden-Hohonu,404.490205,2.29E-05,0.000247225
584936,NA,Arnold Valley,132.033389,0,NA
584937,NA,Nelson Creek-Ngahere,507.671519,0,NA
584938,0.1,Ahaura,456.078348,2.29E-05,0.000219261
584939,0.2,Lake Brunner,622.053023,4.58E-05,0.000321516
584940,NA,Haupiri,547.668293,0,NA
585000,1.2,Runanga-Rapahoe,7.76370952,0.000275012,0.154565288
585110,0.9,Cobden,4.01790449,0.000206259,0.22399736
585120,0.7,Blaketown,1.57096434,0.000160424,0.445586181
585130,6.55,Greymouth Central,2.62139805,0.001501106,2.498666694
585140,2.6,Greymouth South,5.2967466,0.000595859,0.490867356
585306,0.2,Kumara,3.53372173,4.58E-05,0.056597552
585307,0.7,Kaniere,2.94909893,0.000160424,0.237360637
585309,0.3,Ross,8.70918362,6.88E-05,0.034446397
585311,0.7,Harihari,145.651096,0.000160424,0.004806006
585312,1.4,Franz Josef,42.7111582,0.000320847,0.03277832
585313,0.5,Fox Glacier,55.4355412,0.000114588,0.009019484
585314,NA,Taramakau,378.734293,0,NA
585315,NA,Otira,458.081147,0,NA
585316,0.1,Waimea-Arahura,182.148132,2.29E-05,0.000549004
585317,0.4,Hokitika Rural,151.428362,9.17E-05,0.002641513
585318,NA,Hokitika Valley,869.116384,0,NA
585319,NA,Totara River,317.579954,0,NA
585320,0.2,Waitaha,1173.66665,4.58E-05,0.000170406
585321,NA,Whataroa,987.361547,0,NA
585322,NA,Waiho,483.043151,0,NA
585323,NA,Karangarua,1186.23398,0,NA
585324,NA,Bruce Bay-Paringa,1306.16982,0,NA
585325,NA,Haast,4102.7746,0,NA
585400,3.9,Hokitika Urban,3.90985628,0.000893788,0.99747912
585502,3.2,Hanmer Springs,4.23076035,0.000733365,0.756365224
585504,2.3,Culverden,22.6902063,0.000527106,0.101365319
585505,2.5,Waiau,0.97252161,0.000572941,2.570636965
585506,0.3,Amuri,4172.60393,6.88E-05,7.19E-05
585601,1.2,Parnassus,992.300644,0.000275012,0.001209311
585602,2.2,Cheviot,2.22945254,0.000504188,0.98678934
585700,4.5,Hurunui,2465.16499,0.001031294,0.001825436
585802,3.25,Amberley,3.05761494,0.000744823,1.062919976
585803,1.4,Leithfield,456.238506,0.000320847,0.00306857
585805,0.1,Sefton,34.4156004,2.29E-05,0.002905659
585806,0.1,Okuku,545.25424,2.29E-05,0.000183401
585807,0.8,Loburn,94.5693205,0.000183341,0.008459403
585808,NA,Ashley,47.3470422,0,NA
586001,NA,Camside,6.73621404,0,NA
586002,NA,Pines-Kairaki Beach,1.47448957,0,NA
586112,0.7,Waikuku,1.29863958,0.000160424,0.539025616
586114,0.3,Cust,19.4797909,6.88E-05,0.015400576
586115,NA,Mairaki,59.103729,0,NA
586120,0.7,Woodend,2.52183854,0.000160424,0.277575265
586121,0.1,Fernside,72.8194065,2.29E-05,0.00137326
586122,0.3,Lehmans,3.17880304,6.88E-05,0.094375146
586124,NA,Pegasus,8.95927318,0,NA
586126,NA,Woodend Beach,11.4780518,0,NA
586127,0.2,Coldstream,26.0443331,4.58E-05,0.007679214
586128,NA,Ravenswood,1.60186485,0,NA
586129,NA,Tuahiwi,27.799639,0,NA
586130,NA,Woodend West,0.96505113,0,NA
586303,4.4,Rangiora East,3.3287345,0.001008376,1.321823654
586304,1.1,Southbrook,3.11615889,0.000252094,0.352998688
586305,NA,Kingsbury,2.37468591,0,NA
586306,2.65,Rangiora North,2.89432615,0.000607318,0.915584444
586307,0.7,Rangiora West,1.0501982,0.000160424,0.666540849
586308,0.2,Rangiora Central,0.88681418,4.58E-05,0.225526389
586403,2.6,Kaiapoi South,1.32091341,0.000595859,1.968334927
586404,NA,Mansfield,0.87517493,0,NA
586405,NA,Courtenay,0.76770805,0,NA
586407,0.8,Kaiapoi East,0.99850437,0.000183341,0.801198296
586408,0.1,Kaiapoi North West,3.05922627,2.29E-05,0.032688004
586409,NA,Kaiapoi North East,4.20841899,0,NA
586501,0.7,Clarkville,24.4570947,0.000160424,0.028621552
586503,0.8,Kaiapoi West,0.42544123,0.000183341,1.880400731
586504,NA,Silverstream,0.97070451,0,NA
586603,0.2,Mandeville,87.5596004,4.58E-05,0.002284158
586604,0.9,Ohoka,24.2892591,0.000206259,0.037053415
586605,NA,West Eyreton,98.2314041,0,NA
586606,NA,Eyrewell,183.104111,0,NA
586801,0.2,Ashley Gorge,797.546908,4.58E-05,0.000250769
586802,2.9,Oxford,10.9124215,0.000664612,0.265752198
586900,4.7,Darfield,3.37219391,0.001077129,1.393751405
587010,0.2,Kirwee,465.459263,4.58E-05,0.000429683
587020,1.4,Burnham Military Camp,1.49366939,0.000320847,0.937289074
587100,5,Malvern,4579.12278,0.001145882,0.001091912
587302,2.9,Halswell South,1.28471225,0.000664612,2.257314819
587303,0.5,Oaklands West,1.6638649,0.000114588,0.300505167
587304,0.25,Oaklands East,1.32593647,5.73E-05,0.188545987
587400,6.6,Hornby North,2.94602361,0.001512565,2.240307911
587500,5.4,Hornby South,1.96257,0.001237553,2.751494214
587701,6,Sockburn,2.7410151,0.001375059,2.188970064
587702,1.8,Wigram,7.12841701,0.000412518,0.25251048
587811,3.9,Yaldhurst,21.2663713,0.000893788,0.183388127
587812,0.1,Broomfield,2.46103791,2.29E-05,0.040633263
587821,0.05,Paparua,23.3801661,1.15E-05,0.002138565
587822,1,Templeton,0.89860753,0.000229176,1.112832874
587830,2.3,Islington,9.22009672,0.000527106,0.249455084
587842,0.2,Halswell West,8.36640147,4.58E-05,0.02390514
587844,0.5,Westmorland,1.84262957,0.000114588,0.271351338
587845,NA,Aidanfield,1.68225644,0,NA
587846,0.7,Halswell Domain,0.98365876,0.000160424,0.711628899
587847,0.1,Hendersons Basin,5.97735238,2.29E-05,0.016729815
587848,1.8,Prebbleton,1.96620571,0.000412518,0.915468809
587849,0.3,Trents-Ladbrooks,31.7658795,6.88E-05,0.009444096
587902,NA,Mcleans Island,60.1390577,0,NA
587903,NA,Kennedys Bush,14.9467683,0,NA
587904,3.1,West Melton,256.641423,0.000710447,0.01207911
587905,0.3,Taitapu,7.68751053,6.88E-05,0.039024337
588101,2.1,Redwood North,1.5162639,0.000481271,1.384983181
588102,0.4,Redwood South,2.11842784,9.17E-05,0.188819271
588200,0.2,Styx Mill,1.33904118,4.58E-05,0.149360604
588300,0.9,Casebrook,1.03832531,0.000206259,0.866780373
588401,0.7,Belfast South,2.20126631,0.000160424,0.31799878
588402,0.3,Sawyers Arms,9.20215514,6.88E-05,0.032601059
588500,1.5,Bishopdale North,4.01019622,0.000343765,0.374046535
588600,1,Harewood,2.32055149,0.000229176,0.430932045
588700,4.8,Bishopdale,0.95247079,0.001100047,5.039524624
588800,2,Russley,2.53184397,0.000458353,0.789938094
588900,NA,Burnside,1.12807918,0,NA
589000,1,Wairarapa,0.79869297,0.000229176,1.252045576
589100,1.4,Jellie Park,0.94876222,0.000320847,1.475606817
589200,1.4,Bryndwr,1.2077146,0.000320847,1.159214271
589300,0.95,Holmwood,1.09346899,0.000217718,0.868794642
589400,3.2,Fendalton,1.64518266,0.000733365,1.945072774
589500,0.5,Deans Bush,0.92526971,0.000114588,0.540382977
589601,NA,Hawthornden,2.29857274,0,NA
589602,1.55,Merrin,0.53770489,0.000355224,2.882622102
589700,1.35,Westburn,1.01171233,0.000309388,1.334371402
589800,0.9,Avonhead West,0.99921353,0.000206259,0.90070838
589900,1.4,Avonhead,1.16559571,0.000320847,1.201102568
590000,0.7,Ilam,1.45622336,0.000160424,0.480695489
590100,8.05,Upper Riccarton,0.9649048,0.00184487,8.342791952
590200,1.85,Wharenui,0.83899853,0.000423976,2.205009823
590300,5.1,Middleton,4.7869882,0.0011688,1.065388045
590400,2.8,Belfast,23.5183314,0.000641694,0.119056065
590501,1,Travis Wetland,3.51919862,0.000229176,0.284155601
590504,2.5,Mairehau North,1.83198915,0.000572941,1.364636903
590505,NA,Westhaven,1.03551666,0,NA
590506,NA,Highfield Park,6.08649949,0,NA
590507,1,Prestons,5.86710457,0.000229176,0.170441823
590602,0.3,Parklands,1.56408294,6.88E-05,0.191805685
590603,1.8,Waimairi Beach,1.76841048,0.000412518,1.017863228
590604,1,Styx,39.4395461,0.000229176,0.025355261
590701,2.5,Mona Vale,0.93598431,0.000572941,2.670984944
590702,2.1,Riccarton West,0.6225224,0.000481271,3.373372589
590800,9.6,Riccarton,1.08951202,0.002200094,8.811284156
590900,3.35,Riccarton South,0.79759766,0.000767741,4.200112623
591101,2.2,Cashmere West,8.68950805,0.000504188,0.25317889
591102,0.4,Cashmere East,6.41673462,9.17E-05,0.062337002
591200,1.5,Rapaki Track,9.41021993,0.000343765,0.159401163
591300,1.35,Heathcote Valley,7.36813997,0.000309388,0.183221275
591500,29.3,Cathedral Square,2.20504241,0.00671487,13.28772629
591600,5.1,Hagley Park,2.71155367,0.0011688,1.880840515
591700,6.6,Avon Loop,1.42297775,0.001512565,4.638161068
591800,5.7,Northcote,1.15272814,0.001306306,4.944791232
591900,2.55,Papanui,1.36354135,0.0005844,1.870130304
592000,3.2,Aorangi,1.8892417,0.000733365,1.693801275
592100,1.55,Strowan,1.59656719,0.000355224,0.970832928
592200,3.55,Merivale,0.97898891,0.000813576,3.626190209
592300,3,Rutland,1.8133197,0.000687529,1.654424203
592401,0.75,St Albans West,0.68128544,0.000171882,1.100860162
592402,4.2,St Albans East,1.31266281,0.000962541,3.199603103
592500,2,Mairehau,0.94650112,0.000458353,2.113045571
592600,1.95,Edgeware,1.01454,0.000446894,1.922053344
592701,2.9,Shirley West,1.52748102,0.000664612,1.898550595
592702,5.75,Shirley East,1.61539949,0.001317765,3.559491033
592811,0.2,Burwood,1.5889946,4.58E-05,0.125865752
592812,NA,Dallington,1.32539235,0,NA
592820,3.2,Travis,1.37634077,0.000733365,2.325005602
592900,0.8,Avondale,1.96281037,0.000183341,0.407578853
593000,3.1,Wainoni,1.50410393,0.000710447,2.061027791
593100,0.8,Aranui,1.62805661,0.000183341,0.491383405
593200,1.5,Richmond North,1.18685415,0.000343765,1.263845267
593300,6.5,Richmond South,0.78246147,0.001489647,8.307118304
593400,1.1,Avonside,1.34088844,0.000252094,0.820351617
593501,5.4,Linwood,1.07775852,0.001237553,5.010398804
593502,3.1,Phillipstown,1.28428938,0.000710447,2.413786214
593600,1.4,Linwood North,0.85756964,0.000320847,1.63252048
593700,2.5,Linwood East,0.89645454,0.000572941,2.788763834
593800,0.9,Bexley,2.77542629,0.000206259,0.32427451
593900,2.8,Bromley,7.4872606,0.000641694,0.373968551
594010,2,Woolston West,1.29539287,0.000458353,1.543933154
594020,7.2,Ferrymead,2.05624688,0.00165007,3.50152507
594100,1.9,Woolston South,1.69705236,0.000435435,1.11958832
594200,2,Ensors,1.36819008,0.000458353,1.461785193
594300,3.4,Opawa,1.99141211,0.0007792,1.707331186
594400,2.1,St Martins,1.87174384,0.000481271,1.121948397
594500,2.8,Waltham,0.86107017,0.000641694,3.251767507
594600,16.45,Sydenham,2.79294374,0.003769953,5.889842951
594700,3.9,Addington,1.06272519,0.000893788,3.669810443
594800,2.8,Barrington North,1.84760515,0.000641694,1.515475317
594900,0.2,Barrington South,1.16978594,4.58E-05,0.170971451
595000,3.75,Spreydon,1.19865211,0.000859412,3.128514077
595100,1.3,Hoon Hay,1.04753211,0.000297929,1.241012077
595200,2.05,Hoon Hay South,0.70823453,0.000469812,2.894521395
595300,2.3,Hillmorton,1.66352455,0.000527106,1.382606587
595400,1.7,Somerfield,1.22932022,0.0003896,1.382878092
595500,NA,Beckenham,0.87672547,0,NA
595600,1.8,North Beach,2.16020513,0.000412518,0.833254201
595700,7.8,Rawhiti,2.67557044,0.001787576,2.915266174
595800,4.95,New Brighton,1.39825599,0.001134423,3.540124294
595900,0.6,South Brighton,2.80619488,0.000137506,0.213812663
596000,0.55,Mt Pleasant,4.38886803,0.000126047,0.125317051
596102,1.35,Moncks Bay,6.19073571,0.000309388,0.218067781
596200,3.75,Sumner,9.31494606,0.000859412,0.402578821
596400,4,Lyttelton,14.4243452,0.000916706,0.277308948
596502,0.2,Diamond Harbour,44.2158477,4.58E-05,0.004523265
596503,0.3,Governors Bay,25.0969269,6.88E-05,0.011953655
596504,NA,Quail Island,0.80389759,0,NA
596600,NA,Port Levy,78.9013876,0,NA
596800,2.5,Akaroa,1.7635459,0.000572941,1.417598487
596901,0.3,Akaroa Harbour,162.447723,6.88E-05,0.001846748
596902,0.2,Banks Peninsula Eastern Bays,273.554088,4.58E-05,0.000731117
597000,NA,Chatham Islands,740.333332,0,NA
597101,1,Little River,377.854853,0.000229176,0.002646519
597102,NA,Inland Water-Lake Ellesmere South,63.3048888,0,NA
597200,3.7,Lincoln,13.2767862,0.000847953,0.2786819
597300,1.9,Leeston,1.90039657,0.000435435,0.999791323
597400,1.7,Southbridge,2.21948602,0.0003896,0.765943099
597503,0.3,Dunsandel,9.57736479,6.88E-05,0.031323856
597505,NA,Inland Water-Lake Ellesmere North,135.032693,0,NA
597506,NA,Selwyn-Rakaia,829.221705,0,NA
597507,1,Rolleston North West,1.50587962,0.000229176,0.664063705
597508,1.3,Rolleston Central,1.60282218,0.000297929,0.811069385
597509,1.95,Rolleston North East,1.16237858,0.000446894,1.677594575
597510,0.3,Rolleston South West,1.85662376,6.88E-05,0.161583626
597512,1.1,Springston,194.153877,0.000252094,0.005665609
597513,0.3,Rolleston South East,13.5192485,6.88E-05,0.022190583
597600,2.5,Methven,4.03799597,0.000572941,0.619118993
597712,NA,Plains Railway,28.6857778,0,NA
597713,NA,Ashburton North,7.23327404,0,NA
597714,NA,Fairton,15.2488941,0,NA
597715,NA,Ashburton East,7.86774725,0,NA
597720,1,Mt Somers,4008.35107,0.000229176,0.000249479
597730,0.9,Hinds,1311.4453,0.000206259,0.000686266
597741,NA,Chertsey,785.898935,0,NA
597742,2.7,Rakaia,7.12957288,0.000618776,0.378704313
597811,0.05,Allenton West,2.92631649,1.15E-05,0.017086327
597812,1.7,Allenton East,2.17332135,0.0003896,0.782212902
597820,1.3,Ashburton Central West,2.13150538,0.000297929,0.609897593
597830,0.7,Netherby,1.09324641,0.000160424,0.640294808
597840,1.75,Ashburton Central East,1.43855357,0.000401059,1.216499709
597850,NA,Hampstead,1.44099683,0,NA
597860,0.8,Tinwald,2.42604162,0.000183341,0.329755266
598000,1,Winchester,0.67906891,0.000229176,1.472604599
598201,0.2,Fairview-Scarborough,21.633788,4.58E-05,0.009244798
598202,NA,Otipua Creek-Washdyke Flat,28.1275042,0,NA
598311,NA,Ben Mcleod,821.687933,0,NA
598312,1.8,Orari,1196.88969,0.000412518,0.001503898
598313,0.3,Levels,623.816026,6.88E-05,0.000480911
598314,0.2,Pareora,4.32898966,4.58E-05,0.046200157
598320,2.6,Pleasant Point,3.64643456,0.000595859,0.713025274
598500,4.4,Geraldine,3.03181853,0.001008376,1.451274196
598600,4.05,Temuka,4.67388161,0.000928165,0.866517455
598700,1.8,Washdyke,5.48124901,0.000412518,0.328392306
598800,3.6,Waimataitai,1.03330006,0.000825035,3.483983152
598900,1.1,Marchwiel,2.17054018,0.000252094,0.506786288
599000,0.1,Maori Park,0.55636067,2.29E-05,0.17973952
599100,1,Highfield,2.24228832,0.000229176,0.445972978
599200,1.8,Glenwood,1.04971107,0.000412518,1.714757567
599300,NA,Gleniti,1.99049168,0,NA
599400,0.4,Fraser Park,1.33471211,9.17E-05,0.299690096
599500,9.6,Seaview,2.29782249,0.002200094,4.177868413
599600,1.6,Watlington,1.20712687,0.000366682,1.325461341
599700,3.6,Parkside,1.57352042,0.000825035,2.287863541
599800,0.3,Timaru Gardens,1.76957303,6.88E-05,0.169532421
599900,NA,Redruth,1.35314901,0,NA
600100,2.5,Twizel Community,12.2270693,0.000572941,0.204464368
600200,3,Fairlie,1.2102137,0.000687529,2.47890104
600312,0.3,Mt Cook,4.35775484,6.88E-05,0.06884279
600320,2.2,Lake Tekapo,4.68152923,0.000504188,0.469931916
600321,NA,Inland Water-Lake Alexandrina,6.53632275,0,NA
600322,NA,Inland Water-Lake Tekapo,93.8648271,0,NA
600323,1.4,Mackenzie,7318.87769,0.000320847,0.000191286
600410,0.2,Waihao,3579.2967,4.58E-05,5.59E-05
600420,0.4,St Andrews,0.58931279,9.17E-05,0.678756692
600500,1.9,Waimate,3.30083115,0.000435435,0.5756126
600600,1.1,Weston,0.92909098,0.000252094,1.183952943
600811,0.3,Pukeuri,15.2289875,6.88E-05,0.019699274
600812,NA,Ardgowan,14.828574,0,NA
600813,NA,Cape Wanbrow,9.08360845,0,NA
600822,0.3,Duntroon,11.0275909,6.88E-05,0.027204491
600824,1,Kurow,3.71245015,0.000229176,0.269363886
600826,1.3,Maheno,1747.94739,0.000297929,0.000743729
600827,NA,Omarama,41.4077493,0,NA
600828,NA,Kakanui,6.92186854,0,NA
600830,0.2,Otematata,5.50078856,4.58E-05,0.036358423
600831,0.4,Aviemore,4182.48639,9.17E-05,9.56E-05
600832,NA,Inland Water-Lake Ohau,59.8161036,0,NA
600840,1.6,Hampden,2.55139903,0.000366682,0.627106925
601010,2.6,Oamaru North,4.22283498,0.000595859,0.615700119
601020,1.1,Orana Park,2.40726211,0.000252094,0.456950656
601030,8.35,Oamaru Central,3.01338641,0.001913623,2.770968891
601040,0.8,Oamaru South,3.30136727,0.000183341,0.242323842
601200,2.5,Palmerston,3.68075656,0.000572941,0.67920819
601301,NA,Waihemo,766.545674,0,NA
601302,0.1,Hyde,278.479404,2.29E-05,0.000359093
601400,0.5,Waikouaiti,7.32615446,0.000114588,0.068248629
601500,NA,Aramoana,6.17770165,0,NA
601602,0.4,Waitati,2.84972097,9.17E-05,0.14036462
601603,NA,Evansdale,522.687962,0,NA
601604,0.2,Karitane,1.90589164,4.58E-05,0.10493776
601605,NA,Warrington,7.38923266,0,NA
601700,NA,Nenthorn,331.78583,0,NA
601900,0.4,Fairfield,1.80959105,9.17E-05,0.221044418
602000,0.2,Brighton,2.61341663,4.58E-05,0.076528173
602100,NA,Waldronville,0.25130164,0,NA
602200,1.2,Outram,0.79825409,0.000275012,1.503280741
602300,1,Middlemarch,1.0546335,0.000229176,0.948196696
602411,NA,Wyllies Crossing,11.2916473,0,NA
602412,NA,Wingatui,9.24080851,0,NA
602421,NA,Kaikorai Hill,18.171783,0,NA
602422,NA,Saddle Hill,23.7627673,0,NA
602500,0.1,Taieri,647.992774,2.29E-05,0.000154323
602600,0.3,Strath Taieri,1559.66487,6.88E-05,0.000192349
602800,0.45,Harbourside,1.75690786,0.000103129,0.256131816
602900,3.4,Fernhill,1.24072664,0.0007792,2.740329651
603000,7.85,High St-Stuart St,1.13320592,0.001799035,6.927249374
603100,11.8,Stuart St-Frederick St,0.93739524,0.002704282,12.58807331
603210,0.1,Opoho,2.55856666,2.29E-05,0.039084383
603220,0.1,Forrester Park,4.33687695,2.29E-05,0.023058067
603300,3.7,North East Valley,2.0433634,0.000847953,1.810740077
603400,0.7,Pine Hill,8.23698995,0.000160424,0.0849825
603500,NA,Woodhaugh,0.79380895,0,NA
603601,3.9,North Dunedin,1.20816268,0.000893788,3.228042104
603602,5.15,Otago University,1.63654565,0.001180259,3.146872194
603710,0.6,Maori Hill,0.74713233,0.000137506,0.803070589
603720,NA,Balmacewen,0.84799795,0,NA
603810,0.1,Glenleith,2.77824893,2.29E-05,0.035993895
603820,NA,Helensburgh,2.0797774,0,NA
603910,0.9,Wakari,1.41412733,0.000206259,0.63643491
603920,0.3,Halfway Bush,1.86644572,6.88E-05,0.160733311
603930,2.2,Brockville,2.72970621,0.000504188,0.805947538
604010,1,Roslyn North,0.82003186,0.000229176,1.219464814
604020,1.8,Roslyn South,1.08644016,0.000412518,1.656787061
604110,2.2,Mornington,1.17355966,0.000504188,1.874638397
604120,2.35,Belleknowes,0.91482255,0.000538565,2.56880419
604130,0.3,Kenmure,1.55797125,6.88E-05,0.19255811
604210,3.9,Caversham,2.47263097,0.000893788,1.577267311
604221,NA,Corstorphine West,0.31748594,0,NA
604222,NA,Corstorphine East,0.34313814,0,NA
604300,1.2,Caledonian,0.17421411,0.000275012,6.888075828
604410,4.6,South Dunedin,0.95581912,0.001054212,4.812626054
604420,0.9,Forbury,0.43519634,0.000206259,2.068032098
604500,1.25,St Clair,2.82652793,0.000286471,0.442238687
604611,0.75,Musselburgh,1.74981645,0.000171882,0.428616384
604612,0.8,Andersons Bay,1.2062067,0.000183341,0.663236243
604620,1,Vauxhall,2.4278399,0.000229176,0.411888774
604710,NA,St Leonards-Blanket Bay,6.06118823,0,NA
604720,0.9,Ravensbourne,3.43065207,0.000206259,0.262340798
604810,0.5,Inner Peninsula,8.7231283,0.000114588,0.057318886
604821,0.1,Company Bay,2.19538128,2.29E-05,0.045550174
604822,0.4,Macandrew Bay,2.79542317,9.17E-05,0.143091037
604830,0.3,Broad Bay-Portobello,7.25674424,6.88E-05,0.041340853
604901,0.4,Taiaroa-Cape Saunders,42.7819489,9.17E-05,0.009349738
604902,NA,Sandymount,29.3661949,0,NA
605100,0.7,Sawyers Bay,2.66651722,0.000160424,0.262514712
605200,1.3,Port Chalmers,1.79107023,0.000297929,0.725823018
605400,1.1,St Kilda West,0.79438441,0.000252094,1.384720025
605500,2.3,St Kilda Central,0.72250769,0.000527106,3.183357121
605600,1.1,St Kilda East,1.14612925,0.000252094,0.95975214
605800,3.4,Green Island,2.92777871,0.0007792,1.161289953
605910,NA,Abbotsford,2.03691068,0,NA
605920,0.2,Concord,3.35233217,4.58E-05,0.059659959
606100,0.2,Mosgiel East,3.36358494,4.58E-05,0.059460368
606210,2.15,Mosgiel South,1.27497566,0.000492729,1.686306702
606220,0.7,East Taieri,2.34830417,0.000160424,0.298087449
606300,2,Bush Road,1.11123681,0.000458353,1.799796391
606500,NA,Benhar,0.7114763,0,NA
606600,NA,Stirling,0.57566181,0,NA
606700,0.7,Bruce,1357.86935,0.000160424,0.000515514
606800,NA,Milton,2.0194875,0,NA
606900,NA,Kaitangata,2.53444263,0,NA
607000,NA,Clinton,0.71831123,0,NA
607100,NA,Kaka Point,0.3610218,0,NA
607200,NA,Owaka,0.75973928,0,NA
607300,NA,Clutha,2660.39933,0,NA
607400,NA,Balclutha,6.25103307,0,NA
607501,NA,Teviot,1312.81793,0,NA
607502,NA,Tuapeka,2325.49833,0,NA
607600,NA,Tapanui,1.9187439,0,NA
607700,NA,Lawrence,2.46876146,0,NA
607800,NA,Roxburgh,2.05863997,0,NA
607900,3.2,Ranfurly,3.87005575,0.000733365,0.826861474
608000,0.4,Maniototo,3548.48919,9.17E-05,0.000112724
608100,0.4,Naseby,0.86032915,9.17E-05,0.464938332
608302,NA,Dunstan,5079.80351,0,NA
608303,NA,Clyde,3.21482165,0,NA
608304,NA,Hawea,2309.90328,0,NA
608305,NA,Inland Water-Lake Hawea,157.216312,0,NA
608500,NA,Alexandra,9.76074033,0,NA
608600,NA,Cromwell,7.61450421,0,NA
608700,NA,Frankton,2.09671158,0,NA
608800,NA,Wanaka,28.6096257,0,NA
609011,NA,Milford,2726.61688,0,NA
609013,NA,Glenorchy,1461.41662,0,NA
609014,NA,Kingston South,1012.36614,0,NA
609022,NA,Kelvin Heights,9.27577916,0,NA
609023,NA,Sunshine Bay,1.87544747,0,NA
609027,NA,Inland Water-Lake Wakatipu,297.620482,0,NA
609028,NA,Lake Hayes,9.07956636,0,NA
609029,NA,Matukituki,1882.50191,0,NA
609030,NA,Inland Water-Lake Wanaka,200.992072,0,NA
609031,NA,Outer Wakatipu,1792.69426,0,NA
609032,NA,Wakatipu Basin,53.9691072,0,NA
609033,NA,Frankton East,25.6478677,0,NA
609034,NA,Lake Hayes South,4.93840503,0,NA
609035,NA,Jacks Point,106.391003,0,NA
609200,NA,Arrowtown,2.36365223,0,NA
609302,NA,Queenstown Hill,3.87821792,0,NA
609303,NA,Arthurs Point,5.35729827,0,NA
609304,NA,Queenstown Bay,3.06964666,0,NA
609400,NA,Balfour Community,0.4846811,0,NA
609500,NA,Riversdale Community,0.79274459,0,NA
609600,NA,Lumsden Community,0.88241358,0,NA
609700,NA,Edendale Community,2.91824171,0,NA
609800,NA,Wyndham,1.7777062,0,NA
609911,NA,Makarewa North,12.8127995,0,NA
609912,NA,Makarewa,20.7734573,0,NA
609913,NA,Bay Road West,6.29811984,0,NA
609914,NA,Mill Road-Woodend,24.2553861,0,NA
609921,NA,Bushy Point,7.20857741,0,NA
609922,NA,Otatara,8.19357848,0,NA
610010,NA,Charlton,58.7020511,0,NA
610020,NA,Waikaia,3901.63592,0,NA
610031,NA,Kaweku,478.108724,0,NA
610032,NA,Chatton,681.163839,0,NA
610033,NA,Kaiwera,498.357262,0,NA
610040,NA,Hokonui,1130.39271,0,NA
610051,NA,Waianiwa,393.860056,0,NA
610052,NA,Oreti Beach,69.5570012,0,NA
610061,NA,Dacre,430.963691,0,NA
610062,NA,Myross Bush,13.3723215,0,NA
610072,NA,Waituna,577.461745,0,NA
610073,NA,Woodlands,24.0110575,0,NA
610074,NA,Greenhills,156.355132,0,NA
610075,NA,Tiwai Point,23.7163159,0,NA
610080,NA,Toetoes,1380.49647,0,NA
610090,NA,Wallacetown,0.77258779,0,NA
610210,NA,North Gore,1.62225325,0,NA
610220,NA,East Gore,4.30347678,0,NA
610230,NA,Central Gore,0.90008991,0,NA
610240,NA,West Gore,2.12119794,0,NA
610250,NA,South Gore,1.32045608,0,NA
610400,NA,Mataura,5.32696572,0,NA
610500,NA,Winton,2.75167198,0,NA
610601,NA,Grasmere,2.75907526,0,NA
610602,NA,Waikiwi,3.05004183,0,NA
610700,NA,Rosedale,2.22214485,0,NA
610800,NA,Gladstone-Avenal,3.2734885,0,NA
610900,NA,Windsor,1.24511128,0,NA
611001,NA,Waverley-Glengarry,1.37034102,0,NA
611002,NA,Hawthorndale,1.77931342,0,NA
611100,NA,Richmond,1.43134044,0,NA
611210,NA,Otakaro Park,1.25211916,0,NA
611220,NA,Crinan,1.11755538,0,NA
611300,NA,West Invercargill,11.2467559,0,NA
611400,NA,Georgetown,1.20440485,0,NA
611500,NA,Newfield-Rockdale,3.45048738,0,NA
611601,NA,Heidelberg,1.93363005,0,NA
611602,NA,Strathern,1.17649285,0,NA
611700,NA,Appleby-Kew,2.03030147,0,NA
611800,NA,Kingswell-Clifton,4.62515957,0,NA
611900,NA,Tisbury,3.50873747,0,NA
612100,NA,Bluff,8.94231574,0,NA
612200,NA,Nightcaps,1.9454797,0,NA
612300,NA,Ohai,1.10024754,0,NA
612400,NA,Te Anau,4.59637544,0,NA
612500,NA,Tuatapere,1.99628384,0,NA
612600,NA,Otautau,1.98373038,0,NA
612712,NA,Manapouri,6.84218957,0,NA
612713,NA,Mossburn,22.3641632,0,NA
612714,NA,Mararoa River,4511.79001,0,NA
612715,NA,Inland Water-Lake Te Anau,344.431372,0,NA
612720,NA,Wairio,1463.12856,0,NA
612730,NA,Te Waewae,2304.05606,0,NA
612740,NA,Fairfax,678.238063,0,NA
612801,NA,Riverton East,1.40041739,0,NA
612802,NA,Riverton West,3.57573896,0,NA
612901,NA,Fiordland,7265.62008,0,NA
612902,NA,Inland Water-Lake Manapouri,138.847578,0,NA
612903,NA,Inland Water-Lake Hauroko,71.1074595,0,NA
613000,NA,Stewart Island,1681.78646,0,NA
615800,NA,Mokohinau Island,0.76046625,0,NA
615900,NA,Little Barrier Island,30.6939317,0,NA
616001,NA,Kaikoura and Rangiahua Islands,5.25462727,0,NA
616200,NA,Rakitu Island,3.29155048,0,NA
616300,NA,Browns Island,0.59532588,0,NA
616400,NA,Aiguilles Island,0.60303366,0,NA
618300,NA,Te Motu Island,0.13549455,0,NA
618400,NA,Motiti Island,6.80704583,0,NA
618500,NA,Mayor Island,13.0752046,0,NA
619302,NA,Islands-Thames-Coromandel District,2.86175142,0,NA
619701,NA,Moutohora Island,1.71979638,0,NA
619900,NA,White Island,3.16065187,0,NA
620000,NA,Inland Water-Lake Taupo,615.082562,0,NA
620904,NA,Bare Island,0.131651,0,NA
626500,NA,Dog Island,0.19602636,0,NA
626700,NA,Centre Island,1.02840357,0,NA
626801,NA,Inlet-Bluff Harbour,0.41623552,0,NA
