Code,proportionToHere,SA22020_V1_00_NAME,SA22020_V1_00_NAME_ASCII,erp96,erp01,erp06,erp13,erp18,a0014,a1539,a4064,a6500,median_age,Eurother,Maori,Pacific,Asian,MELAA,p0014,p1539,p4064,p6500,sex_ratio,pEurother,pMaori,pPacific,pAsian,pMELAA,SHAPE_Length
100100,0.000338742,North Cape,North Cape,1710,1520,1380,1470,1660,320,400,600,340,47.2,900,980,90,20,10,19.5,23.9,36,20.5,102,54.3,58.9,5.4,1.5,0.3,415962.2761
100200,0.000491789,Rangaunu Harbour,Rangaunu Harbour,2050,2100,2070,2200,2410,590,660,780,370,37.4,1590,1480,120,50,0,24.6,27.3,32,15.6,104,66,61.3,4.9,2.2,0.2,149155.4201
100400,0.00026528,Karikari Peninsula,Karikari Peninsula,860,1040,970,1280,1300,230,240,490,330,51.6,910,590,70,20,0,18,18.3,38,25.6,101,70,45.2,5.6,1.7,0.3,140012.3704
100500,0.000240793,Tangonge,Tangonge,940,1010,1090,1240,1180,270,310,410,190,41.6,750,710,50,10,10,22.8,26,35,16.4,103,63.8,60.1,4.2,1,0.9,101331.8216
102100,0.00026324,Hokianga South,Hokianga South,1190,1180,1090,1370,1290,280,290,440,280,45.8,670,830,90,20,10,21.8,22.4,34,22,98,51.8,64,6.7,1.4,0.4,145583.915
102200,0.000448936,Lake Manuwai-Kapiro,Lake Manuwai-Kapiro,960,1360,1690,2040,2200,420,510,870,400,47,2030,370,60,70,10,19.2,23.3,40,18,101,92.1,16.9,2.8,3.2,0.3,59539.76896
102300,0.00026324,Ōkaihau,Okaihau,980,1050,1110,1220,1290,270,370,480,160,40.2,980,480,70,20,0,21.2,28.6,38,12.6,108,75.9,37.6,5.1,1.2,0.2,88056.98427
102400,0.000316296,Rangitane-Purerua,Rangitane-Purerua,1020,1120,1190,1260,1550,310,340,600,290,46.6,1220,480,30,20,10,19.9,22,39,19,101,79,31.1,2.1,1.3,0.8,168925.8635
102500,0.000183655,Waipapa,Waipapa,390,500,560,780,900,210,280,290,120,36.7,780,220,30,40,10,23.4,30.8,33,13.1,96,86,24.2,2.9,4.7,1.3,24124.17286
102600,0.000359148,Puketotara,Puketotara,800,1060,1300,1490,1760,330,410,690,330,46.3,1590,300,50,40,20,18.9,23.2,39,18.8,101,90.3,17.2,2.8,2.4,1,59201.36678
102700,0.000234671,Waimā Forest,Waima Forest,1040,1150,1050,970,1150,300,340,370,140,33.5,370,950,100,30,0,26.2,29.6,32,12,116,31.7,82.9,9,2.6,0.2,96017.27888
102800,0.000444854,Riverview,Riverview,1230,1450,1790,1920,2180,390,450,770,570,49.2,2000,320,50,70,20,17.9,20.7,35,26.2,98,91.6,14.9,2.2,3.2,1,20639.88723
102900,0.000257118,Waipoua Forest,Waipoua Forest,1300,1360,1150,1130,1260,230,270,440,320,50.2,740,730,50,30,10,18.4,21.1,35,25.7,92,58.6,58.2,3.9,2.2,0.4,105049.1821
103800,0.000159168,Russell,Russell,800,810,810,760,780,70,140,300,280,57.9,680,160,10,20,0,9.1,17.5,38,35.3,97,86.9,20.2,1.1,2.6,0.1,12456.88665
104000,0.000108153,Mataraua Forest,Mataraua Forest,580,590,570,520,530,130,160,190,60,36,240,370,30,10,0,24.5,29.3,35,11.1,96,45.4,70.6,5.1,2.1,0.2,101486.9923
104100,0.000293849,Matawaia-Taumarere,Matawaia-Taumarere,1400,1290,1260,1230,1440,340,360,510,220,41.2,700,940,70,20,0,23.6,25,36,15.7,108,49,65.3,4.6,1.5,0.3,175262.7965
104700,0.00016529,Maromaku,Maromaku,810,670,730,730,810,220,200,280,110,38.6,610,370,40,20,20,27.2,24.7,35,13.2,93,75.2,45.6,4.5,2,2.3,91911.96279
104800,0.000408123,Mangakahia-Hūkerenui,Mangakahia-Hukerenui,1810,1770,1720,1760,2000,450,640,680,230,36.2,1430,830,60,30,10,22.4,32,34,11.7,109,71.7,41.4,3,1.7,0.5,194591.9987
104900,0.00052852,Whangaruru,Whangaruru,1910,2010,2130,2280,2590,530,670,940,450,44,2010,940,80,30,10,20.6,25.8,36,17.2,112,77.7,36.2,3.2,1,0.5,293153.6701
105100,0.000626469,Matarau,Matarau,1470,1740,2300,2780,3070,660,800,1150,460,42,2830,490,60,90,10,21.6,26,38,15,108,92.1,16,1.9,2.9,0.4,83839.88244
105300,0.000367311,Kauri,Kauri,820,1020,1400,1610,1800,370,390,700,340,45.9,1670,310,40,40,10,20.7,21.8,39,18.7,101,92.5,17.3,2.1,2.2,0.5,57381.87125
105400,0.0007285,Maungatapere,Maungatapere,2130,2340,2820,3230,3570,750,910,1320,590,43.6,3220,680,50,100,20,21.1,25.4,37,16.4,104,90.2,19.1,1.3,2.9,0.5,93316.28271
105600,0.000355067,Matapouri-Tutukaka,Matapouri-Tutukaka,1130,1090,1230,1460,1740,300,370,700,380,48.9,1580,310,50,30,10,17.1,21,40,21.9,100,90.5,18,2.8,1.8,0.8,86785.32352
106000,0.000355067,Kamo Central,Kamo Central,1580,1540,1580,1620,1740,400,570,500,260,35.1,1400,560,90,80,0,23.3,32.7,29,15,94,80.7,32.3,5.3,4.7,0.1,5205.092442
106700,0.000277524,Abbey Caves-Glenbervie,Abbey Caves-Glenbervie,760,830,1020,1220,1360,260,320,530,240,45.2,1260,220,20,40,0,19.3,23.9,39,17.4,100,92.7,16,1.5,3.3,0.2,39070.46009
107700,0.000283646,Otaika-Portland,Otaika-Portland,930,1080,1140,1240,1390,270,400,500,210,41.2,1170,430,60,30,10,19.7,29.1,36,14.9,109,84.3,30.9,4.1,2,0.4,60201.39713
106800,0.000522398,Mairtown,Mairtown,2190,2240,2260,2460,2560,410,700,710,740,47.1,1990,700,90,180,20,16.2,27.3,28,28.8,81,77.6,27.3,3.7,7.1,0.6,4981.221458
107000,0.000608104,Woodhill-Vinetown,Woodhill-Vinetown,2500,2460,2560,2670,2980,560,1120,820,480,35,1920,950,170,460,20,18.8,37.6,27,16.1,96,64.4,31.9,5.6,15.5,0.7,8040.818459
107400,0.000422408,Tarewa,Tarewa,1830,1710,1820,1820,2070,560,770,560,170,29.8,1050,1300,160,130,20,27.2,37.4,27,8.4,112,50.9,62.9,7.6,6.1,0.8,4788.50656
107600,0.000246915,Ngunguru,Ngunguru,700,810,900,990,1210,270,270,430,250,44,1080,220,30,30,20,22.2,21.9,35,20.6,94,89.2,17.9,2.7,2.7,1.2,17798.92723
107800,0.000485667,Oakleigh-Mangapai,Oakleigh-Mangapai,1570,1710,2040,2370,2380,460,600,970,350,44.1,2180,450,60,40,0,19.1,25.3,41,14.7,101,91.4,19.1,2.3,1.6,0.1,144718.5814
108000,0.00033262,Pataua,Pataua,810,930,1160,1390,1630,360,370,680,210,43.8,1500,270,30,20,10,22.1,22.8,42,13.1,102,92.1,16.3,1.9,1.2,0.6,129135.601
108500,0.000516276,Parua Bay,Parua Bay,1580,1720,1980,2170,2530,480,500,930,630,49.8,2300,390,50,70,10,18.8,19.8,37,24.8,100,91,15.3,2,2.8,0.5,55697.84122
108600,0.000436692,Bream Bay,Bream Bay,1300,1370,1550,1770,2140,450,530,810,350,44.7,1890,460,70,50,10,21.1,24.6,38,16.3,110,88.4,21.5,3.2,2.5,0.3,138896.336
108800,0.000542804,Ruakākā,Ruakaka,1730,1720,1980,2190,2660,540,720,840,570,43,2070,910,130,100,10,20.1,27.1,32,21.2,99,77.7,34.2,4.9,3.6,0.3,22745.58154
108900,0.000293849,Bream Head,Bream Head,1140,1110,1090,1200,1440,240,280,560,350,51.5,1360,180,30,30,10,16.8,19.4,39,24.6,101,94.5,12.8,2.1,2.3,0.7,81353.93319
109000,0.000569332,Waipu,Waipu,1430,1520,1850,2230,2790,420,580,980,820,53.1,2590,410,50,70,20,14.9,20.6,35,29.4,100,93.1,14.6,1.8,2.7,0.6,76248.3106
109700,0.000455057,Kaiwaka,Kaiwaka,1260,1350,1490,1750,2230,460,600,790,380,42.3,1790,590,80,80,20,20.8,26.9,35,16.9,103,80.2,26.5,3.6,3.7,0.8,204783.048
109800,0.000444854,Mangawhai Rural,Mangawhai Rural,520,690,1030,1510,2180,390,450,890,450,50.3,2070,260,60,40,20,17.8,20.7,41,20.6,101,94.9,12,3,1.8,0.8,89663.64717
109900,0.000428529,Mangawhai Heads,Mangawhai Heads,750,770,950,1330,2100,310,430,650,700,54.4,1930,240,50,80,10,15,20.6,31,33.2,102,91.9,11.6,2.6,3.9,0.6,14769.93016
110200,0.000314255,Okahukura Peninsula,Okahukura Peninsula,1250,1340,1400,1420,1540,310,430,580,220,41.8,1360,320,40,50,0,20.2,27.9,37,14.4,108,88.6,20.7,2.9,3.3,0.3,202686.3618
110400,0.000744825,Cape Rodney,Cape Rodney,2580,2740,2860,3220,3650,700,920,1350,680,45,3400,570,130,70,30,19.1,25.1,37,18.7,105,93.1,15.6,3.6,2,1,162705.8888
111800,0.000195899,Barrier Islands,Barrier Islands,1210,1070,910,950,960,140,190,400,230,52.2,880,200,20,10,0,14.3,19.8,42,23.8,119,92.1,21.2,2.6,1.5,0.3,371185.7396
111900,0.000248955,Algies Bay-Scotts Landing,Algies Bay-Scotts Landing,640,800,930,1080,1220,140,190,400,480,60.2,1150,80,20,60,0,11.6,15.8,33,39.6,93,94.3,6.2,2,4.8,0.2,44993.37586
112100,0.000355067,Wainui-Waiwera,Wainui-Waiwera,940,1060,1360,1480,1740,290,460,680,300,45.7,1610,160,30,70,10,17,26.3,39,17.3,100,93.1,9.2,1.8,3.8,0.8,67273.89817
116300,0.000212224,Paremoremo West,Paremoremo West,480,480,700,840,1040,170,310,430,130,42.9,840,90,40,120,10,16.4,30.1,41,12.1,118,81.1,8.9,4.1,11.7,0.8,19221.69266
116400,0.000342824,Taupaki,Taupaki,1300,1410,1490,1570,1680,290,480,610,290,43.1,1510,150,60,130,10,17.5,28.8,36,17.2,92,89.8,8.8,3.7,7.8,0.7,27019.06332
116600,0.000504032,Paremoremo East,Paremoremo East,1970,2050,2120,2550,2470,430,860,930,250,37.9,1900,380,130,270,30,17.3,35,38,10,129,76.9,15.5,5.3,10.8,1.3,25710.88403
202300,0.000487707,Thornton-Awakeri,Thornton-Awakeri,2100,2120,2080,2200,2390,490,680,870,360,41.2,1840,830,40,60,20,20.4,28.3,36,15.1,104,77,34.6,1.7,2.5,0.8,62114.50773
221400,0.000367311,Normanby-Tawhiti,Normanby-Tawhiti,1500,1430,1390,1540,1800,460,570,570,190,35.1,1450,570,60,10,10,25.8,31.9,32,10.3,107,80.8,31.6,3.3,0.4,0.5,61591.02171
112200,0.000234671,Parakai,Parakai,660,720,850,1060,1150,260,370,330,190,37.1,920,280,80,80,10,22.7,31.9,29,16.3,102,80.2,24.7,6.9,6.9,0.5,7121.779869
112300,0.000322417,Helensville Rural,Helensville Rural,810,910,1250,1400,1580,310,440,630,190,42.1,1480,190,50,50,10,19.9,28,40,12.2,103,93.9,11.9,3.1,3,0.6,79317.23028
112400,0.000593819,Helensville,Helensville,2140,2300,2620,2760,2910,650,910,920,430,36.5,2460,610,230,130,10,22.4,31.4,32,14.7,103,84.6,20.8,7.8,4.3,0.4,16088.927
112600,0.000367311,Waikoukou Valley,Waikoukou Valley,940,1100,1450,1590,1800,390,460,740,210,42.2,1710,160,40,60,10,21.6,25.4,41,11.9,95,95.1,8.9,2.4,3.1,0.7,42405.4187
112800,0.000326499,Hatfields Beach,Hatfields Beach,1170,1160,1240,1450,1600,300,480,580,230,40.5,1500,200,40,60,10,18.9,30.1,36,14.6,99,94.2,12.2,2.8,3.6,0.4,4314.585524
118700,0.000634632,Browns Bay South East,Browns Bay South East,2000,2110,2540,2890,3110,590,1070,1090,360,38,1950,140,50,1050,100,19.1,34.4,35,11.6,100,62.6,4.5,1.6,33.8,3.2,4406.861332
132700,0.000555048,Hobson Ridge North,Hobson Ridge North,460,770,1970,2430,2720,140,2030,440,110,29.6,820,80,80,1640,230,5.1,74.8,16,3.9,120,30,2.9,3.1,60.3,8.6,2058.547251
222800,0.000222427,National Park,National Park,1300,1220,1160,1100,1090,230,300,410,150,41.7,950,220,10,30,10,21.2,27.3,37,14,104,87,20.3,1.2,3.1,0.8,251135.2011
113000,0.000650957,Orewa Central,Orewa Central,2430,2420,2750,3020,3190,340,660,950,1240,57.9,2760,270,120,340,30,10.8,20.6,30,38.8,81,86.7,8.4,3.7,10.6,0.8,6968.135211
113200,0.000312214,Waipatukahu,Waipatukahu,1090,1210,1220,1290,1530,340,430,600,160,39.6,1390,250,60,30,10,22.2,28.3,39,10.4,101,91,16.7,3.7,2,0.5,52792.15938
113700,0,Riverhead Forest,Riverhead Forest,0,0,0,10,0,0,0,0,0,0,0,0,0,0,0,-999,-999,-999,-999,-999,-999,-999,-999,-999,-999,43764.852
114300,2.24E-05,Gulf Islands,Gulf Islands,220,190,160,120,110,0,10,50,40,61.1,100,10,0,0,0,3.6,10.6,48,38.1,106,94.5,8.2,0.9,0,1,152786.733
116800,0.000942765,Awaruku,Awaruku,3420,4190,4350,4390,4620,900,1590,1600,530,37.1,3650,220,90,870,80,19.5,34.3,35,11.5,100,78.9,4.8,2.1,18.8,1.8,6352.529955
117000,0.000842775,Whenuapai,Whenuapai,3820,3710,3800,3930,4130,700,1670,1340,420,34.6,3370,530,250,510,50,16.9,40.4,32,10.3,113,81.5,12.8,6.1,12.2,1.2,44526.80907
117100,0.000269361,Waitakere Ranges North,Waitakere Ranges North,960,990,1110,1190,1320,250,400,510,160,40.7,1220,140,60,60,0,19,30.3,39,12.1,103,92.2,10.3,4.4,4.5,0.3,61060.06634
133200,0.00049791,Queen Street,Queen Street,300,580,1160,1760,2440,80,1800,450,110,29.5,1220,80,60,970,220,3.2,73.8,18,4.6,124,50.2,3.3,2.4,39.5,9.2,1960.102078
114400,0.000616266,Vipond,Vipond,1770,1960,2560,2890,3020,560,930,910,630,40.6,2730,320,90,180,60,18.5,30.7,30,20.7,94,90.2,10.5,2.9,5.9,1.9,6351.996898
114700,0.000346905,Kumeu Rural West,Kumeu Rural West,1260,1380,1530,1600,1700,270,530,620,280,43.6,1530,160,70,110,20,16.2,31.2,36,16.3,100,89.9,9.7,4.3,6.6,1.2,34112.63943
114800,0.000285686,Okura Bush,Okura Bush,880,1010,1180,1340,1400,240,460,510,180,40,1180,80,20,210,10,17.2,32.8,37,13.1,106,84.3,5.9,1.7,15,0.4,37449.43382
115300,0.000236712,Muriwai Valley-Bethells Beach,Muriwai Valley-Bethells Beach,720,800,850,980,1160,250,350,440,130,39.3,1120,120,30,20,10,21.2,29.9,38,10.8,105,97.1,10.3,2.9,1.5,0.5,45433.59266
115500,0.00049587,Coatesville,Coatesville,1390,1690,2050,2340,2430,450,680,990,310,42.9,2160,110,50,260,10,18.6,28.1,41,12.6,99,89,4.6,2,10.6,0.4,26169.73297
115600,0.000346905,Dairy Flat South,Dairy Flat South,800,900,1180,1590,1700,270,550,700,180,41.7,1440,80,20,240,20,15.7,32.5,41,10.8,101,84.8,4.5,1.4,14.3,1.2,19028.17938
116000,0.000334661,Army Bay,Army Bay,990,1130,1330,1480,1640,310,430,600,300,43.4,1500,130,50,90,20,18.8,26.3,36,18.5,97,91.9,8.2,3.3,5.4,1.2,15701.87717
116100,0.000432611,Kumeu Rural East,Kumeu Rural East,1220,1350,1630,1860,2120,370,630,750,370,42.8,1710,280,80,290,10,17.3,30,35,17.3,106,80.6,13.2,4,13.7,0.6,24961.05517
117300,0.000120396,Albany Central,Albany Central,80,90,210,290,590,50,370,140,30,28.6,310,40,20,250,20,8,63.2,23,5.6,86,52.7,7.2,2.8,42.5,4.1,9298.195528
117900,0.000824409,Waiake,Waiake,3590,3610,3790,3890,4040,740,1340,1370,580,38.9,3300,200,80,620,80,18.4,33.1,34,14.4,98,81.8,5,2,15.5,2,5809.287127
136700,0.000848896,Titirangi South,Titirangi South,3640,3660,3770,3950,4160,790,1090,1660,620,43.1,3800,290,140,310,60,19,26.3,40,14.9,99,91.3,6.9,3.3,7.4,1.5,17012.59023
222900,0.000271402,Tangiwai,Tangiwai,1520,1300,1410,1290,1330,280,390,510,150,39.8,1040,450,40,40,10,21.2,29.1,38,11.3,113,78.8,33.9,2.6,2.7,0.6,424676.5358
336700,0.000308133,Cairnbrae,Cairnbrae,1300,1310,1270,1460,1510,360,500,520,120,35,1260,80,20,220,10,24.1,33.2,35,8,117,83.5,5.2,1.4,14.6,0.5,133236.9899
119200,0.000250996,Hobsonville,Hobsonville,510,740,810,810,1230,210,450,400,170,37.1,850,70,60,350,20,16.8,36.6,32,14.1,97,69.2,5.7,4.7,28.5,1.5,10031.10744
120200,0.000820328,Hobsonville Point,Hobsonville Point,1290,1030,880,850,4020,880,1620,990,530,34.7,2800,210,90,1180,90,21.9,40.3,24,13.2,92,69.7,5.2,2.3,29.3,2.3,11979.22639
120900,0.000648916,Massey Royal Road West,Massey Royal Road West,2100,2530,2790,3000,3180,730,1350,860,250,31.4,1610,640,660,820,100,22.8,42.5,27,7.7,105,50.5,20,20.8,25.6,3.2,4351.704554
121300,0.000622388,Sunnynook North,Sunnynook North,2160,2420,2790,2840,3050,640,1220,960,230,33.6,1470,180,100,1480,90,21,40.1,31,7.6,100,48.2,6,3.2,48.4,3.1,3924.54746
121500,0.000691769,Totara Vale North,Totara Vale North,2600,2820,3070,3110,3390,600,1520,990,280,33,1380,200,170,1730,170,17.7,44.9,29,8.2,97,40.7,5.8,4.9,51,5.1,4153.525046
131200,0.000714216,Ponsonby East,Ponsonby East,3230,3450,3420,3480,3500,470,1570,1130,330,34.9,2970,290,270,300,90,13.3,44.8,32,9.5,94,85,8.4,7.7,8.4,2.6,3718.069799
122600,0.000536682,Forrest Hill North,Forrest Hill North,2040,2110,2280,2460,2630,520,1020,840,260,35.5,1270,110,40,1290,70,19.9,38.6,32,9.8,96,48.3,4.3,1.7,49.1,2.6,3742.610728
123000,0.000873384,Rānui North,Ranui North,3720,3880,3940,4080,4280,1150,1660,1130,340,29.4,1780,1100,1540,700,80,26.9,38.8,26,8,102,41.7,25.8,36,16.4,1.8,5259.785246
123400,0.000865221,Forrest Hill West,Forrest Hill West,3250,3380,3610,4030,4240,700,1710,1270,570,35.4,1790,210,130,2240,130,16.4,40.2,30,13.4,97,42.3,5,3.1,52.7,3.2,5766.652844
123600,0.000755028,Forrest Hill East,Forrest Hill East,3010,3090,3290,3560,3700,710,1370,1230,390,35.8,2050,160,110,1500,80,19.1,37,33,10.7,96,55.3,4.4,3,40.7,2.2,4209.044588
132400,0.00046322,Victoria Park,Victoria Park,90,560,1120,1460,2270,150,1710,330,80,29,720,70,60,1370,160,6.8,75.2,14,3.7,115,31.9,3.1,2.9,60.2,7.2,3346.684498
123700,0.000957049,Castor Bay,Castor Bay,4050,4090,4310,4530,4690,820,1390,1740,730,41.9,3570,190,60,1040,100,17.6,29.6,37,15.6,94,76,4.1,1.3,22.2,2.2,5357.810003
124600,0.000504032,Glenfield East,Glenfield East,1840,1970,2100,2220,2470,430,1040,770,240,34.5,820,170,100,1490,50,17.3,42.1,31,9.6,105,33.3,7.1,4.1,60.3,2,3412.459786
124700,0.000304052,Henderson Valley,Henderson Valley,1340,1350,1390,1420,1490,280,450,580,180,40.3,1330,200,80,90,10,19,30.4,39,11.8,104,89.3,13.8,5.5,6,0.5,25791.79105
125000,0.000634632,Rānui South East,Ranui South East,830,1220,1850,2110,3110,750,1240,880,240,31.6,1000,430,570,1450,100,24.1,40,28,7.8,96,32,13.8,18.2,46.8,3.2,6305.90074
131600,0.000655038,Grey Lynn North,Grey Lynn North,2950,3120,3090,3230,3210,500,1400,1100,210,34.5,2610,330,370,260,70,15.6,43.6,34,6.7,99,81.3,10.4,11.6,8.2,2.2,4170.559036
152300,7.14E-05,East Tamaki,East Tamaki,130,80,200,220,350,30,140,160,20,41,180,20,30,140,10,8.4,38.5,46,6.9,158,51.5,5.6,9,39.6,3.1,24836.68741
125200,0.000989699,Birkenhead West,Birkenhead West,3580,3820,4120,4240,4850,840,1800,1370,830,37.1,3640,360,170,1030,130,17.4,37.2,28,17.1,91,75.2,7.5,3.5,21.3,2.6,9396.283458
126400,0.000801962,Te Atatū South-Edmonton,Te Atatu South-Edmonton,2920,3060,3350,3650,3930,830,1550,1160,390,33.6,2000,700,860,1120,90,21.2,39.4,30,9.8,97,50.9,17.7,21.9,28.5,2.3,5539.7652
126700,0.000816247,Henderson North,Henderson North,2490,2760,3210,3570,4000,780,1530,1220,470,34.7,1710,550,790,1430,120,19.5,38.3,30,11.7,96,42.6,13.8,19.8,35.9,2.9,6951.634389
127200,0.000253036,Akoranga,Akoranga,1100,1070,1190,1260,1240,110,480,230,410,43.3,770,150,140,260,40,9.1,38.7,19,33.4,69,62.1,11.9,11.6,20.6,3,5677.980715
127600,0.000457098,Waiatarua,Waiatarua,1930,1990,2090,2150,2240,380,630,910,320,43.4,1980,270,120,160,30,17.1,27.9,41,14.3,103,88.4,11.9,5.2,7,1.4,24995.12466
127900,0.000571373,Henderson North East,Henderson North East,2330,2430,2470,2520,2800,510,960,790,550,38,1380,370,510,880,70,18.1,34.3,28,19.6,91,49.5,13.2,18.1,31.4,2.5,5218.373455
128700,8.16E-06,Rosebank Peninsula,Rosebank Peninsula,30,30,30,20,40,0,20,20,10,44.7,30,0,0,10,0,3,40.8,42,13.7,443,70.1,3.1,4.8,32.5,0,18099.22664
129000,0.000555048,Sunnyvale West-Parrs Park,Sunnyvale West-Parrs Park,1020,1050,1780,2470,2720,690,1170,690,170,29.2,930,480,890,840,120,25.3,43.2,25,6.1,99,34.2,17.6,32.7,30.9,4.4,4172.09587
336800,0.000469342,Ashburton Forks,Ashburton Forks,1670,1680,1720,2100,2300,510,920,670,190,32.9,1920,130,30,250,100,22.2,40.1,29,8.4,120,83.7,5.5,1.3,10.9,4.3,144787.8308
337000,0.00033262,Ealing-Lowcliffe,Ealing-Lowcliffe,1030,1070,1230,1450,1630,420,710,420,90,30.3,1220,130,40,290,80,25.6,43.6,25,5.4,121,74.3,8.2,2.2,18,4.8,91560.11487
129300,0.000640754,Belmont (Auckland),Belmont (Auckland),2740,2760,3010,3110,3140,650,1110,960,420,35.4,2360,280,130,610,90,20.8,35.4,31,13.2,97,75.2,9.1,4.3,19.4,2.9,5531.491319
130000,0.000450976,Oratia,Oratia,1740,1850,1900,2130,2210,440,590,930,250,42.5,2070,180,70,120,40,20.1,26.7,42,11.3,106,93.5,7.9,3.2,5.4,1.6,26994.28514
130400,0.000485667,Ponsonby West,Ponsonby West,2380,2320,2370,2400,2380,500,820,860,200,36.7,1940,230,250,260,50,21,34.6,36,8.2,96,81.6,9.6,10.3,10.9,2,4129.239887
131800,0.000936643,Freemans Bay,Freemans Bay,3730,3660,4040,4410,4590,410,2090,1550,540,37.4,3670,370,250,560,170,8.9,45.4,34,11.9,99,80,8.1,5.4,12.3,3.7,4939.594369
342300,0.000144884,Lyalldale,Lyalldale,610,580,600,660,710,140,180,280,110,43.1,690,70,10,20,0,20.3,25.6,39,15.1,118,96.5,9.9,0.7,2.6,0,49327.12949
130600,0.000932562,Avondale Rosebank,Avondale Rosebank,3640,3750,4150,4150,4570,960,1800,1320,490,32.8,1860,660,1570,1190,170,21,39.3,29,10.6,101,40.7,14.5,34.3,26,3.7,6311.139476
130800,0.000516276,Glen Eden North,Glen Eden North,1750,1900,2200,2480,2530,530,1040,720,230,32.3,1160,380,610,740,60,20.9,41.3,28,9.3,102,45.9,14.9,24.2,29.3,2.5,4106.601657
130900,0.000908074,Glen Eden Woodglen,Glen Eden Woodglen,3480,3640,3890,4260,4450,1010,1700,1380,360,33.9,2830,690,880,810,90,22.6,38.2,31,8.1,97,63.7,15.4,19.8,18.2,2.1,5801.119518
131000,0.00056117,Kelston South,Kelston South,1930,2110,2360,2490,2750,590,1220,730,200,30.6,770,430,960,1020,100,21.5,44.5,27,7.4,106,27.9,15.6,35,37.2,3.5,4672.415287
133700,0.000353027,Shortland Street,Shortland Street,290,650,900,1820,1730,50,1120,430,130,32.5,870,60,30,720,130,2.8,64.8,25,7.6,108,50.3,3.5,1.7,41.8,7.7,2082.022008
133800,0.000440773,Hobson Ridge South,Hobson Ridge South,90,520,1020,1680,2160,90,1710,300,60,28.3,480,50,40,1480,190,4,79.2,14,2.9,111,22.2,2.3,2,68.7,8.6,2035.061278
134100,0.000361189,Queen Street South West,Queen Street South West,630,760,1280,1570,1770,70,1180,400,120,30.4,690,130,60,850,160,3.9,66.7,23,6.6,116,39,7.1,3.2,48.1,8.9,2155.959637
134500,0.000616266,Anzac Avenue,Anzac Avenue,720,1340,2320,2690,3020,100,2100,630,190,30.8,1350,130,70,1390,230,3.3,69.7,21,6.1,109,44.9,4.4,2.4,46.2,7.7,1500.052822
134700,0.000671363,Kaurilands,Kaurilands,2800,2970,3100,3200,3290,730,1030,1190,340,37.9,2720,390,200,420,70,22.2,31.3,36,10.2,97,82.7,11.7,6.1,12.8,2.2,5997.530605
134800,2.45E-05,Auckland-University,Auckland-University,10,100,110,120,120,10,80,20,10,29.3,30,10,0,70,10,5,73.2,15,6.8,109,30.3,7.6,2.8,61.4,10.4,2559.630302
135900,0.000450976,Symonds Street East,Symonds Street East,400,670,1270,2390,2210,40,1960,170,40,23.9,760,120,70,1260,160,1.9,88.8,8,1.7,86,34.5,5.3,3.3,57,7.1,1576.713609
136800,0.000442814,Ōwairaka East,Owairaka East,1830,1910,1970,2080,2170,470,900,620,180,32.5,960,190,380,820,120,21.5,41.5,29,8.4,100,44.1,8.8,17.6,37.8,5.4,3102.809052
137300,0.000377514,Green Bay North,Green Bay North,1640,1700,1750,1740,1850,380,520,570,380,40.8,1270,170,190,450,40,20.8,28.1,31,20.6,92,68.7,9.2,10.1,24.2,2.2,5246.066979
137900,0.000746866,Wesley West,Wesley West,2980,3230,3340,3440,3660,830,1670,900,270,28.5,650,290,1420,1350,330,22.7,45.6,24,7.3,109,17.8,7.8,38.9,36.9,9,4212.847397
139300,0.000644835,Maungawhau,Maungawhau,2690,2770,2820,3000,3160,610,1260,1050,240,32.7,2170,180,140,900,60,19.4,39.8,33,7.8,96,68.6,5.7,4.5,28.6,1.9,3939.128272
140200,0.000846856,Epsom Central-North,Epsom Central-North,3210,3480,3800,4060,4150,610,1590,1410,540,36.9,1520,120,90,2550,90,14.7,38.4,34,13.1,88,36.6,2.9,2.2,61.5,2.1,4365.09217
140300,0.000765231,Mount St John,Mount St John,3000,3290,3300,3970,3750,470,1470,1220,580,38.3,1750,190,130,1860,90,12.6,39.3,32,15.6,88,46.8,5,3.5,49.7,2.5,5301.764194
152600,0.000381595,Massey Road South,Massey Road South,1700,1640,1770,1910,1870,500,740,480,140,28.5,170,340,1280,310,0,26.6,39.8,26,7.7,89,9.1,18.2,68.3,16.6,0.2,2392.282368
152800,0.000812165,Māngere South East,Mangere South East,1100,1240,3070,3460,3980,940,1650,1140,250,28.7,520,550,2010,1360,30,23.5,41.5,29,6.4,97,13,13.7,50.4,34,0.7,18931.72185
140400,0.000724419,Mount Roskill Central North,Mount Roskill Central North,2470,2830,3140,3290,3550,580,1610,1010,360,31.7,740,220,550,2180,120,16.2,45.4,28,10,101,20.7,6.3,15.4,61.4,3.5,4083.041086
140800,0.000842775,Epsom Central-South,Epsom Central-South,3570,3690,3920,4150,4130,690,1580,1430,440,35.4,1860,150,130,2140,120,16.6,38.2,35,10.6,92,45.1,3.6,3.1,51.7,2.9,4405.416849
141200,0.000293849,Three Kings East,Three Kings East,840,870,1350,1350,1440,200,600,480,170,36.9,860,80,80,520,20,13.8,41.3,33,11.4,88,59.4,5.5,5.6,35.7,1.7,3721.425008
142100,0.000775434,Hillsborough West (Auckland),Hillsborough West (Auckland),2580,2850,3210,3560,3800,570,1710,1160,360,32.8,1000,160,330,2500,80,15.1,44.9,30,9.5,105,26.2,4.2,8.6,65.8,2.2,4108.626565
143400,0.000612185,Royal Oak East (Auckland),Royal Oak East (Auckland),2190,2370,2570,2710,3000,430,1170,890,510,37.7,1380,170,270,1390,50,14.2,38.9,30,17.1,90,45.9,5.7,8.9,46.3,1.8,3919.825983
144100,0.000816247,Onehunga West,Onehunga West,3250,3360,3530,3670,4000,700,1590,1300,420,35.8,2450,420,580,1020,120,17.5,39.7,32,10.4,99,61.2,10.4,14.4,25.5,3,4859.329176
145000,0.000697891,Onehunga Central,Onehunga Central,2720,3000,3180,3390,3420,570,1340,1130,380,36.8,1810,410,630,980,100,16.6,39.2,33,11.2,101,52.9,12,18.5,28.7,2.9,3941.593076
145300,0.000667282,Mount Wellington North West,Mount Wellington North West,1400,2060,2180,3050,3270,400,1260,720,880,39.5,1940,200,220,1100,90,12.4,38.4,22,27.1,84,59.4,6.1,6.6,33.6,2.9,5254.569591
145400,7.35E-05,Panmure Glen Innes Industrial,Panmure Glen Innes Industrial,140,150,270,260,360,30,200,110,20,33.7,130,80,70,110,10,7.4,54.5,32,6.2,148,35.6,22.3,20.3,29.4,4.1,7615.722246
146000,0.000442814,Mount Wellington North East,Mount Wellington North East,1500,1690,1910,2140,2170,390,940,620,220,33.9,1060,160,150,950,50,17.9,43.3,28,10.3,101,49,7.5,6.8,43.9,2.3,5118.669902
146100,0.000736663,Māngere Bridge Ambury,Mangere Bridge Ambury,3250,3310,3420,3480,3610,760,1100,1190,560,38.9,2510,650,860,360,30,21.2,30.4,33,15.6,94,69.5,18.2,23.8,10,0.7,13737.02729
146200,0.000906034,Mount Wellington Ferndale,Mount Wellington Ferndale,3340,3410,3660,3870,4440,830,2140,1150,320,32.2,1710,440,840,1900,90,18.6,48.2,26,7.3,101,38.4,10,18.9,42.8,2,4722.089979
173800,0.000373433,Tahuroa,Tahuroa,1620,1610,1620,1770,1830,400,570,630,230,37.2,1610,230,30,80,10,21.8,31.3,34,12.6,104,88,12.3,1.7,4.4,0.5,86243.12218
174500,0.000269361,Richmond Downs-Wardville,Richmond Downs-Wardville,1360,1290,1340,1290,1320,280,470,420,150,34.7,1100,210,10,60,10,21,35.5,32,11.5,108,83.8,16.1,1.1,4.3,0.8,115373.3906
174600,0.000320377,Waharoa-Peria,Waharoa-Peria,1310,1290,1360,1330,1570,360,510,550,160,36.1,1060,580,40,70,10,22.7,32.1,35,10.1,103,67.1,37,2.8,4.3,0.5,57218.43939
174700,0.000220387,Okauia,Okauia,910,930,910,1020,1080,230,350,370,140,38.1,950,150,20,60,10,20.9,31.9,34,13,106,87.4,13.5,1.9,5.4,0.8,59903.9379
146700,5.31E-05,Panmure West,Panmure West,130,160,230,210,260,30,120,80,30,33.6,70,30,30,140,10,12,47.8,30,10.5,132,27.6,11.8,10.1,54.2,2.8,6058.298482
146900,0.000269361,Oneroa East-Palm Beach,Oneroa East-Palm Beach,1070,1130,1170,1220,1320,200,320,500,300,46.8,1190,150,60,40,50,15.1,24.2,38,22.7,97,90.7,11.1,4.4,3.1,3.5,17341.01678
147400,2.86E-05,Sylvia Park,Sylvia Park,50,50,100,140,140,20,80,40,0,31.4,30,10,20,100,0,13.3,55.2,28,3,98,19.8,4.3,13.9,67.7,0.7,4547.926881
147600,0.000434651,Surfdale,Surfdale,1440,1630,1770,1950,2130,380,600,780,370,43.1,1850,240,70,120,110,17.7,28,37,17.6,98,87.1,11.2,3.5,5.6,5,14417.38564
147900,0.000134681,Auckland Airport,Auckland Airport,710,610,870,600,660,140,240,230,50,35.3,210,330,130,130,0,20.8,36.8,35,7,111,31.3,50.1,19.8,19.3,0.4,46766.43335
148700,0.000399961,Ostend,Ostend,1260,1600,1700,1800,1960,280,550,700,420,45.3,1720,240,80,100,80,14.5,27.9,36,21.7,101,87.6,12.2,4,5,4.3,15750.36726
148800,0.000461179,Half Moon Bay North East,Half Moon Bay North East,2000,1970,2100,2240,2260,440,670,870,280,41,880,60,40,1310,50,19.3,29.7,39,12.3,104,38.9,2.5,1.6,58.1,2.4,3263.549126
149000,0.000940724,Pakuranga West,Pakuranga West,3390,3630,3900,4350,4610,880,1770,1270,690,35,2060,580,650,1870,120,19.1,38.4,28,14.9,95,44.7,12.6,14.1,40.6,2.5,10606.56923
149900,0.000612185,Āwhitu,Awhitu,2230,2410,2610,2610,3000,530,680,1280,510,47.6,2720,390,100,120,10,17.8,22.5,43,17,103,90.6,13,3.2,4,0.3,141987.6914
150000,0.000818287,Harania North,Harania North,4050,4050,4000,3850,4010,1180,1580,970,280,25.3,310,560,3380,280,30,29.5,39.4,24,7,100,7.7,14,84.4,6.9,0.8,4995.258453
174800,0.000240793,Hinuera,Hinuera,1130,1120,1130,1150,1180,240,360,410,180,39.9,1090,120,10,40,10,20,30.1,34,15.4,104,92.5,10.4,0.6,3.5,1.1,74836.17085
342400,0.000214265,Makikihi-Willowbridge,Makikihi-Willowbridge,1000,980,1010,1030,1050,170,280,400,200,46.5,950,70,20,60,0,16.4,26.2,38,19.2,116,90.8,7,1.8,5.4,0.2,108520.9383
150800,0.000824409,Sutton Park,Sutton Park,3580,3500,3790,3720,4040,1120,1620,1000,300,26.9,440,630,3170,400,20,27.7,40.1,25,7.3,101,11,15.6,78.5,9.9,0.5,4244.089202
151000,0.000769312,Māngere South,Mangere South,1170,1480,3280,3530,3770,1020,1580,980,200,26.6,340,460,2240,1160,30,27,41.9,26,5.2,95,9.1,12.3,59.4,30.8,0.8,5184.610043
151700,0.000224468,Waiheke East,Waiheke East,660,800,860,940,1100,170,220,480,230,50.2,1000,130,60,30,20,15.3,19.9,44,20.7,97,91.4,11.8,5.8,2.8,1.6,146672.3175
152100,0.000689728,Massey Road North,Massey Road North,2320,2470,2740,2810,3380,850,1390,910,230,29.6,520,510,1830,1020,30,25,41.2,27,6.8,99,15.3,15.2,54,30.2,0.7,5076.649068
152200,0.000608104,Botany Downs West,Botany Downs West,2590,2770,2850,2830,2980,520,1000,1030,440,39.4,1700,150,90,1200,50,17.6,33.4,34,14.6,94,56.9,5.1,2.9,40.3,1.8,4366.770396
152900,0.000491789,Botany Downs East,Botany Downs East,2060,2090,2180,2300,2410,460,760,790,400,39.6,1570,120,90,770,40,19.2,31.5,33,16.7,95,65.1,5,3.8,31.9,1.9,3456.87213
153200,0.00036527,Aorere North,Aorere North,1630,1560,1670,1750,1790,460,730,460,140,27.7,200,300,1200,360,10,25.9,40.6,26,7.6,104,11.3,17,66.7,20.1,0.7,3272.324678
154100,0.000734622,Dingwall,Dingwall,2130,2410,2880,3270,3600,720,1540,1030,310,31.3,740,410,610,2200,70,20,42.7,29,8.6,107,20.6,11.5,17.1,61,1.8,6197.477858
155500,0.000171412,Manukau Central,Manukau Central,580,500,740,850,840,100,390,280,80,35.2,270,140,220,310,20,11.4,46.2,33,9.4,102,32.1,16.7,25.7,36.9,2.9,39859.41486
156400,0.000642794,Te Puru,Te Puru,500,500,670,1660,3150,740,860,1200,360,39.5,2830,240,60,270,40,23.4,27.2,38,11.3,100,89.9,7.7,1.9,8.5,1.3,20094.27469
157000,0.000581576,Puhinui East,Puhinui East,1830,1930,2150,2480,2850,510,1280,760,300,31.8,500,240,660,1680,70,17.7,45,27,10.4,106,17.4,8.3,23,58.8,2.5,4096.643441
157100,0.000638713,Turanga,Turanga,2050,2390,2600,2940,3130,560,880,1240,450,43.8,2610,230,70,450,40,17.9,28.2,40,14.4,100,83.4,7.5,2.2,14.5,1.2,84627.66508
157200,0.000493829,Rongomai East,Rongomai East,2050,2250,2260,2250,2420,700,1020,580,110,26.4,280,390,1580,530,20,29,42.4,24,4.6,102,11.5,16.2,65.3,21.7,1,3343.761103
175700,0.000477504,Pukete West,Pukete West,2050,2160,2180,2140,2340,570,850,700,220,32.5,1730,570,150,270,30,24.4,36.2,30,9.5,100,73.9,24.4,6.4,11.6,1.1,4599.368704
157300,0.000477504,Ormiston North,Ormiston North,40,30,490,1720,2340,530,930,710,160,34.1,490,60,150,1690,90,22.6,40,30,6.9,94,20.9,2.6,6.3,72.2,3.8,7390.581057
157500,0.000738703,Chapel Downs,Chapel Downs,80,1990,3080,3330,3620,800,1550,1030,240,30.8,490,410,980,1990,110,22,42.9,28,6.5,105,13.6,11.4,27.1,54.9,3.1,4399.987609
157600,0.000250996,Wiri West,Wiri West,230,170,240,390,1230,80,660,440,50,35.3,390,520,290,240,20,6.4,53.7,36,4.2,184,32,42.2,23.7,19.8,1.8,17690.55362
158800,0.0008591,Burbank,Burbank,3060,3250,3380,3550,4210,1290,1710,970,230,24.9,650,1470,2370,560,30,30.8,40.7,23,5.6,101,15.4,35,56.3,13.2,0.7,3288.801831
159600,0.000522398,Hillpark North,Hillpark North,1980,2030,2160,2310,2560,520,1030,740,270,33.5,1230,390,500,800,60,20.4,40.1,29,10.7,104,47.9,15.4,19.7,31.4,2.5,3832.03035
160100,0.000797881,Manurewa Central,Manurewa Central,2540,2680,2870,3370,3910,850,1730,970,360,29.6,980,720,1200,1500,110,21.9,44.2,25,9.2,104,25.1,18.4,30.7,38.3,2.8,5628.468749
160600,0.000932562,Leabank,Leabank,3420,3510,3680,3930,4570,1140,1890,1160,370,28,1150,1430,1960,970,60,25,41.4,26,8.1,107,25.1,31.4,42.9,21.2,1.3,5836.862728
176800,0.000697891,Crawshaw,Crawshaw,2730,3090,3050,3080,3420,980,1440,790,200,27.2,1760,1730,410,300,80,28.7,42.2,23,5.9,97,51.6,50.5,11.9,8.6,2.3,3935.662075
161000,0.000548926,Randwick Park East,Randwick Park East,730,1220,2270,2400,2690,640,1110,750,190,31,660,460,540,1280,140,23.9,41.3,28,7,108,24.7,17.3,20,47.5,5.2,4878.412343
161400,0.000612185,Kingseat-Karaka,Kingseat-Karaka,2040,2190,2570,2670,3000,600,840,1170,400,41.4,2580,420,120,230,20,19.9,27.9,39,13.4,107,86,14.1,4.2,7.5,0.6,80947.69888
161900,0.000479545,Conifer Grove East,Conifer Grove East,2180,1960,2100,2200,2350,560,880,650,250,32.6,1130,660,540,490,40,23.9,37.5,28,10.8,91,47.9,28.2,23,20.7,1.5,4509.242807
162000,0.00063055,Takanini West,Takanini West,1570,1700,2000,2600,3090,730,1450,680,230,28.7,740,840,660,1330,40,23.5,47,22,7.5,111,24.1,27.2,21.4,42.9,1.4,4577.208393
162300,0.000293849,Ardmore,Ardmore,1100,1160,1230,1350,1440,280,430,530,200,40.6,1210,270,80,120,20,19.7,29.7,37,14,107,83.9,18.7,5.5,8.2,1.6,46421.08928
162400,0.000461179,Glenbrook,Glenbrook,1780,1910,2030,2120,2260,410,630,890,330,44.1,1950,250,90,200,10,18,27.8,40,14.6,104,86.3,10.8,4.1,9,0.6,68749.6422
162500,0.000467301,Hingaia,Hingaia,480,540,490,1120,2290,420,650,700,510,43,1530,190,80,660,20,18.5,28.3,31,22.5,90,66.7,8.2,3.6,28.8,1,15791.32391
162600,0.000316296,Takanini South East,Takanini South East,860,860,940,1070,1550,380,750,360,60,29.4,660,520,310,420,30,24.3,48.2,23,4,107,42.5,33.9,20.2,27.1,1.8,5756.458973
162700,0.000416286,Kawakawa Bay-Orere,Kawakawa Bay-Orere,1830,1730,1830,1810,2040,350,490,830,370,47.4,1850,340,80,60,20,17.2,24.1,40,18.2,99,90.4,16.8,3.9,2.9,0.9,112976.0955
185200,0.000204062,Pirongia Forest,Pirongia Forest,1280,1140,920,870,1000,190,200,370,250,50.2,640,480,30,20,0,19,19.6,37,24.7,104,64,47.5,3.1,1.8,0,276492.5329
185300,0.000336702,Honikiwi,Honikiwi,1060,1090,1200,1410,1650,390,500,550,220,36.9,1450,320,30,50,10,23.5,30.2,33,13.1,107,87.6,19.6,1.8,2.7,0.4,120047.4597
185400,0.000257118,Te Kawa,Te Kawa,1070,1030,1100,1140,1260,340,420,360,130,33.1,1110,250,30,50,10,26.9,33.6,29,10.6,105,88.7,19.8,2.2,3.9,0.6,75399.2792
185600,0.000385677,Maihiihi,Maihiihi,1910,1830,1820,1930,1890,480,610,590,210,33.1,1660,410,20,70,10,25.5,32.1,31,11.3,111,87.5,21.6,1.1,3.9,0.3,136694.0313
185700,0.000316296,Puniu,Puniu,1870,1710,1540,1460,1550,310,640,490,110,33.2,1190,430,40,70,10,19.9,41,32,7.3,170,76.6,27.8,2.8,4.6,0.5,177316.4935
185800,0.000487707,Tīrau,Tirau,2240,2160,2250,2210,2390,560,730,770,330,36.4,2100,480,40,70,10,23.5,30.6,32,13.6,101,87.6,20.1,1.7,3,0.2,114988.0837
162800,0.000381595,Papakura West,Papakura West,1450,1450,1560,1730,1870,330,580,540,420,41,1130,420,240,340,30,17.4,31.2,29,22.7,89,60.3,22.6,12.6,18.1,1.6,4442.072571
163600,0.000620347,Papakura Massey Park,Papakura Massey Park,2360,2410,2540,2710,3040,820,1240,760,220,28.2,1210,1210,780,490,50,27,40.8,25,7.1,106,39.7,39.8,25.5,16.2,1.6,4551.607963
163700,0.000873384,Rosehill,Rosehill,3280,3260,3440,3470,4280,1030,1680,1190,370,30.6,2010,1330,750,990,60,24.1,39.3,28,8.7,99,47,31.1,17.6,23.2,1.3,6855.457466
164300,0.000257118,Drury,Drury,1060,1130,1280,1160,1260,260,430,420,150,35.6,930,300,130,150,0,20.5,33.9,33,12.2,99,73.8,23.6,10.1,12.2,0.3,28546.17523
164800,0.000385677,Waiuku East,Waiuku East,980,1150,1490,1710,1890,450,650,560,220,34.3,1580,440,80,100,10,24,34.4,30,11.8,105,84,23.1,4.4,5.5,0.4,4474.114631
165700,0.000436692,Rosa Birch Park,Rosa Birch Park,1330,1520,1600,2060,2140,370,640,580,550,42.7,1630,310,90,330,10,17.5,29.7,27,25.8,85,76.1,14.5,4.4,15.3,0.4,3691.54601
185900,0.000499951,Putāruru Rural,Putaruru Rural,2310,2320,2290,2340,2450,560,790,810,280,35.3,2180,460,60,70,20,23,32.1,33,11.6,98,89.3,18.9,2.4,2.8,1,165941.3036
166200,0.000246915,Buckland,Buckland,780,840,990,1090,1210,250,350,430,180,40.5,990,200,50,120,10,20.7,28.9,36,14.8,101,82.4,16.4,4.1,10,0.6,22243.80312
166500,0.000310174,Colville,Colville,1380,1410,1410,1350,1520,240,310,600,380,51.9,1160,580,50,20,10,16,20.1,39,24.9,105,76,38.3,3.1,1,0.4,286702.4677
167200,0.00036323,Thames Coast,Thames Coast,1890,1810,1740,1600,1780,210,280,660,630,58,1610,340,30,40,10,11.6,15.9,37,35.3,98,90.4,19.1,1.7,2.1,0.5,71381.36921
167300,9.59E-05,Cooks Beach-Ferry Landing,Cooks Beach-Ferry Landing,270,340,330,360,470,60,80,160,170,58.9,450,30,10,10,0,12,17.9,33,36.7,94,96.6,5.9,2.2,1.8,0.9,15206.83748
169000,0.000326499,Hauraki Plains South,Hauraki Plains South,1490,1500,1570,1460,1600,410,510,500,180,33.4,1310,410,50,70,10,25.8,31.7,31,11.3,105,81.9,25.9,3.1,4.6,0.6,92610.29682
169100,0.000387717,Paeroa Rural,Paeroa Rural,1910,1760,1790,1750,1900,360,470,760,320,45,1690,410,50,50,10,18.7,24.7,40,16.6,106,88.8,21.6,2.7,2.5,0.5,124912.5504
169300,0.000450976,Waihi Rural,Waihi Rural,1800,1770,1830,1890,2210,420,500,860,440,47.4,2050,360,40,50,10,18.8,22.6,39,20,99,92.6,16.1,1.8,2.2,0.6,158108.7091
170600,0.000310174,Pukekawa,Pukekawa,1060,1080,1280,1280,1520,310,390,640,180,43.6,1370,260,40,40,0,20.4,25.9,42,11.7,103,90,17.3,2.6,2.9,0.2,65628.30739
170700,0.000375473,Maramarua,Maramarua,1340,1270,1460,1550,1840,450,550,620,220,36.4,1370,530,120,100,20,24.4,29.7,34,12,106,74.6,28.8,6.3,5.4,1.1,105784.454
170801,0.000281605,Rangiriri,Rangiriri,760,700,740,1550,1380,190,570,490,130,37.4,950,420,110,70,10,14,41,35,9.5,220,68.7,30.1,8.1,4.7,0.9,110045.7238
170900,0.000412205,Te Ākau,Te Akau,1560,1650,1810,1840,2020,410,520,810,270,43.2,1800,440,50,30,10,20.4,26,40,13.6,114,89,21.6,2.5,1.7,0.3,239878.709
171200,0.000461179,Huntly Rural,Huntly Rural,2040,1980,2130,2110,2260,490,650,810,300,39.2,1830,660,90,70,0,21.5,29,36,13.5,110,81.2,29.3,4.1,3.3,0.2,144402.5077
171300,0.000189777,Waerenga,Waerenga,860,860,900,900,930,190,250,360,120,42,850,140,20,30,0,20.9,26.7,39,13.2,104,91.3,15.4,1.8,2.9,0,79556.5435
171600,0.000691769,Raglan,Raglan,2680,2730,2700,2830,3390,690,1040,1140,510,39.3,2820,910,100,90,50,20.4,30.7,34,15.2,97,83.3,26.9,3.1,2.6,1.6,25408.88284
171700,0.000418326,Whitikahu,Whitikahu,1740,1800,1860,1980,2050,500,700,660,170,33.6,1690,280,30,260,20,24.7,34.4,32,8.5,102,82.4,13.5,1.4,12.5,0.9,79351.08113
171801,0.000361189,Te Uku,Te Uku,1140,1190,1320,1530,1770,400,480,700,190,40.1,1610,330,40,30,10,22.9,27,40,10.6,103,91.2,18.5,2,1.7,0.3,214503.4989
171802,0.000216305,Whale Bay,Whale Bay,590,720,790,860,1060,230,310,410,100,39.7,920,270,40,20,10,21.5,29.4,39,9.9,102,86.9,25.5,3.6,2.2,1.2,51337.66954
186100,0.000306092,Kinleith,Kinleith,1190,1130,1150,1540,1500,330,510,490,170,33.6,1260,290,40,130,10,22.3,34.2,32,11.1,121,84.1,19.7,3,8.8,0.6,177272.4319
187500,0.000255077,Waipa Valley,Waipa Valley,1350,1350,1300,1310,1250,270,370,450,160,39.4,960,370,50,40,10,21.8,29.2,36,12.9,112,76.6,29.4,3.7,3.4,0.6,203592.1915
189500,3.67E-05,Kaimanawa,Kaimanawa,180,150,80,10,180,0,60,90,30,47,110,90,10,0,0,0.6,32.9,51,15.7,8087,59.6,49.4,5.2,1.2,0,274894.5733
189800,2.86E-05,Rangataiki,Rangataiki,210,190,170,140,140,30,60,40,10,31.2,120,20,0,10,0,19.4,47.1,30,3.8,113,88.8,16.9,2.3,8.1,0,178164.1446
172300,0.000367311,Kainui-Gordonton,Kainui-Gordonton,1200,1360,1550,1710,1800,440,550,620,180,35.8,1490,260,60,160,10,24.6,30.7,34,10.2,100,82.7,14.6,3.3,9.1,0.6,51059.92262
172900,0.000216305,Rotokauri,Rotokauri,350,490,760,960,1060,210,310,400,130,40.9,940,130,10,70,0,20.1,29.2,38,12.5,109,89.3,12.1,1.4,6.4,0.2,27618.05299
173200,0.000871343,Tamahere North,Tamahere North,1640,1880,2570,3330,4270,910,1010,1570,780,44.1,3700,370,50,460,30,21.3,23.6,37,18.3,94,86.8,8.8,1.3,10.7,0.8,22885.45701
173500,0.000328539,Tahuna-Mangateparu,Tahuna-Mangateparu,1450,1440,1450,1550,1610,390,470,560,190,37.2,1450,220,30,60,20,24.2,29,35,12.1,109,90,13.5,1.9,3.6,1,76421.88416
173600,0.000281605,Mangaiti,Mangaiti,1430,1460,1410,1340,1380,300,440,460,180,35.9,1240,210,20,50,20,21.6,31.7,33,13.2,103,89.5,14.9,1.1,3.4,1.2,91032.11395
173700,0.000289768,Tatuanui,Tatuanui,1520,1450,1510,1410,1420,340,470,450,160,35,1250,210,30,60,10,24.2,33.1,32,11.2,106,88.4,14.7,2,4.2,1,75659.30121
177200,0.00089379,Nawton East,Nawton East,3750,3800,3810,4180,4380,1060,1790,1080,470,30,2640,1770,420,480,40,24.1,40.7,25,10.6,90,60.3,40.4,9.6,10.8,1,5233.897525
177800,0.000567291,Porritt,Porritt,2180,2280,2370,2500,2780,630,1090,690,360,30.2,1510,890,280,410,130,22.9,39.3,25,13,99,54.4,32.1,10,14.8,4.6,5522.81795
179700,0.00069381,Hamilton East Village,Hamilton East Village,2840,2780,2910,3190,3400,470,1710,880,340,30.8,1960,620,180,970,70,13.8,50.4,26,9.9,101,57.8,18.1,5.2,28.4,2.2,6164.649941
180400,0.000455057,Deanwell,Deanwell,1670,1800,2090,2130,2230,620,870,540,200,29.5,1230,720,150,480,40,27.6,39,24,9.2,95,55.1,32.2,6.6,21.3,2,4525.397211
181000,0.000518317,Resthill,Resthill,1970,2030,2050,2160,2540,510,930,740,370,34.8,1710,520,130,560,50,20,36.6,29,14.5,95,67.3,20.4,5,22,2,5150.153663
189900,1.22E-05,Taharua,Taharua,50,90,80,60,60,10,30,20,10,34.8,30,20,0,20,0,13.9,44.6,32,9.9,137,53.5,25.5,1.7,31,0,222344.5106
190100,7.14E-05,Waiau,Waiau,200,260,290,340,350,60,90,130,80,48,290,100,20,0,0,15.7,24.6,38,21.6,108,83.5,29.3,5.6,0,0,46681.05513
181300,7.35E-05,Peacockes,Peacockes,280,310,310,340,360,60,100,110,80,45.2,320,50,10,30,0,17.5,28.2,31,23.4,92,90,13.1,1.8,7.9,0.6,13703.00685
181700,0.000244874,Lake Ngaroto,Lake Ngaroto,920,1000,1070,1120,1200,250,380,430,140,38.3,1120,120,10,40,0,20.7,32,36,11.4,108,93.1,9.9,0.5,3.4,0.3,60407.40173
181800,0.00033262,Kaipaki,Kaipaki,1130,1150,1240,1390,1630,350,470,540,270,39.9,1520,180,10,40,10,21.4,28.8,33,16.4,99,93.4,11,0.8,2.4,0.3,36662.0285
182000,0.000146924,Hautapu Rural,Hautapu Rural,540,550,570,670,720,120,230,280,110,42.7,680,60,30,20,0,16.1,31.1,38,14.8,97,94.1,8.3,4,2.6,0.4,24118.09418
182100,0.000299971,Pokuru,Pokuru,1090,1150,1190,1320,1470,340,440,490,200,37.9,1370,190,20,30,10,22.9,29.9,33,13.9,101,92.8,13.1,1,1.8,0.4,60709.35439
191100,0.000157127,Omokoroa Rural,Omokoroa Rural,570,610,720,670,770,130,180,300,160,48.3,720,90,10,10,0,17.3,23.1,39,20.5,94,94.6,11.2,1.6,1.2,0,21549.17812
191200,0.000483626,Te Puna,Te Puna,1840,1960,2050,2110,2370,440,610,950,370,45.1,1750,780,40,60,10,18.6,25.8,40,15.5,106,73.9,32.8,1.9,2.6,0.3,33044.61668
191300,0.000453017,Minden,Minden,1360,1510,1650,1810,2220,460,540,880,340,44.1,2070,280,40,60,10,20.6,24.5,40,15.4,101,93.3,12.5,1.6,2.9,0.3,55027.34693
192500,0.000652997,Pongakawa,Pongakawa,2420,2580,2760,2790,3200,760,1010,1070,370,36.5,2690,750,70,150,30,23.7,31.5,33,11.4,110,84.2,23.6,2.1,4.6,0.8,98537.27754
182400,0.000102031,Hautapu,Hautapu,360,400,450,580,500,100,180,160,60,34.4,460,50,0,40,0,19.9,36.2,32,11.7,106,91.8,9.4,0.9,7.1,0.4,16646.18922
182600,0.000373433,Cambridge North,Cambridge North,110,110,240,1530,1830,410,510,710,200,39.8,1650,120,10,160,10,22.5,27.7,39,11.1,93,90.5,6.4,0.6,8.6,0.6,6327.400244
184400,0.000412205,Sherwin Park,Sherwin Park,1580,1570,1620,1640,2020,420,600,490,520,39.8,1610,600,90,60,10,20.8,29.4,24,25.5,86,79.5,29.4,4.5,2.8,0.3,8104.714243
184600,0.000355067,Rotoorangi,Rotoorangi,1510,1380,1430,1600,1740,400,530,600,210,37.8,1610,210,20,50,10,22.9,30.6,35,11.8,107,92.3,12.1,0.9,3,0.3,90912.63322
184800,0.000489748,Kihikihi Central,Kihikihi Central,1950,2060,2070,2110,2400,500,770,780,340,37,1830,810,70,70,10,21,32.3,32,14.3,101,76.3,33.8,3,3.1,0.3,8116.630556
193100,0.000806043,Bellevue,Bellevue,3120,3470,3500,3700,3950,940,1370,1260,380,33.5,3280,810,120,330,40,23.7,34.7,32,9.7,96,83,20.5,3.1,8.3,1.1,6788.446878
193600,0.000599941,Brookfield East,Brookfield East,2330,2450,2650,2690,2940,680,1020,840,410,34.7,2400,670,110,190,20,22.9,34.6,29,13.9,97,81.5,22.8,3.9,6.6,0.6,7031.798378
194600,0.0008591,Gate Pa,Gate Pa,3370,3680,3700,3800,4210,930,1700,1090,480,31.2,2860,1260,350,480,20,22.1,40.4,26,11.5,104,67.9,29.9,8.2,11.3,0.5,7407.862618
200300,0.000459139,Victoria,Victoria,2000,1740,1700,1840,2250,330,1060,590,280,32.5,830,590,120,960,20,14.7,46.8,26,12.3,98,36.9,26.2,5.4,42.7,0.8,3789.421654
194700,0.000146924,Greerton South,Greerton South,520,590,640,610,720,120,230,220,150,41.1,530,160,10,90,0,16.8,31.7,30,20.9,93,73.6,21.7,1.2,12.3,0.6,12468.25089
195800,0.000683607,Te Maunga North,Te Maunga North,2500,2780,3070,3130,3350,510,1000,770,1060,44.1,2690,850,150,160,50,15.1,30,23,31.8,79,80.5,25.3,4.4,4.7,1.6,5753.070016
196200,0.000873384,Te Maunga South,Te Maunga South,1380,2250,2710,2970,4280,650,950,1340,1340,50.7,3800,500,90,210,50,15.2,22.2,31,31.4,90,88.8,11.8,2.2,5,1.1,7320.191121
208800,0.000575454,Flaxmere West,Flaxmere West,2540,2310,2240,2350,2820,920,1060,670,170,24.4,770,1610,940,40,10,32.7,37.5,24,6,101,27.4,56.9,33.5,1.4,0.2,5470.007479
196400,0.000689728,Ohauiti,Ohauiti,340,930,2170,2810,3380,560,860,1200,760,46.6,3070,340,40,220,20,16.6,25.4,35,22.6,97,90.8,10,1.1,6.6,0.6,9892.337993
196700,0.000540763,Welcome Bay East,Welcome Bay East,1790,2200,2330,2410,2650,610,800,810,420,37.3,2010,730,90,180,20,23.2,30.1,31,15.9,98,76,27.6,3.4,6.8,0.9,14047.38383
197100,0.000787678,Palm Beach South-Gravatt,Palm Beach South-Gravatt,640,2040,3240,3530,3860,600,770,1340,1160,51.7,3480,440,40,230,30,15.4,20.1,35,29.9,96,90.1,11.4,1.1,6,0.8,7256.046778
201400,0.000655038,Ōwhata East,Owhata East,2600,2660,2800,2850,3210,750,970,950,540,37,2070,1390,180,230,20,23.5,30.1,30,16.8,92,64.5,43.3,5.5,7.3,0.7,7774.429996
197400,0.000575454,Papamoa Beach South,Papamoa Beach South,1260,1680,1920,2450,2820,600,840,960,410,38.8,2450,480,100,140,40,21.4,29.9,34,14.6,100,86.9,16.9,3.5,5,1.4,7435.64051
197700,0.000340783,Tui Ridge,Tui Ridge,1190,1400,1480,1590,1670,310,470,660,220,43,1490,280,20,50,0,18.4,28.4,40,13.5,102,89.7,17.1,0.9,3.1,0.2,81165.83132
197800,3.26E-05,Arahiwi,Arahiwi,130,130,150,180,160,40,60,50,10,31.3,130,40,10,10,0,24.8,35.9,34,5.6,110,84.7,25.8,3.8,4.4,0,44795.88424
197900,0.00033262,Ngongotahā Valley,Ngongotaha Valley,1310,1400,1510,1480,1630,370,460,590,220,39.4,1350,510,40,50,0,22.6,27.9,36,13.2,101,82.4,31.4,2.3,2.8,0.1,80534.69006
198700,0.000416286,Rotoiti-Rotoehu,Rotoiti-Rotoehu,2210,2170,2000,1730,2040,390,570,740,350,43.1,1170,1140,70,70,10,19,27.8,36,17.1,105,57.4,56.2,3.5,3.2,0.5,121506.6131
199500,0.000453017,Mangakakahi West,Mangakakahi West,2140,2020,2060,2070,2220,600,830,600,190,29.8,1290,1230,190,150,10,26.9,37.5,27,8.4,99,58,55.5,8.7,6.9,0.4,6644.950573
201600,0.000373433,Ngakuru,Ngakuru,1510,1600,1750,1770,1830,400,580,670,180,36.3,1630,380,30,50,10,21.8,31.7,37,9.9,105,89.2,20.6,1.9,2.7,0.6,116991.6149
202600,0.000712175,Whakatāne West,Whakatane West,3180,3180,3200,3210,3490,950,1120,970,440,32.2,2020,1950,130,110,20,27.4,32.2,28,12.7,93,58,56,3.8,3.3,0.5,5847.971182
203100,0.000320377,Wainui,Wainui,1340,1200,1400,1420,1570,420,480,510,160,33.5,690,1060,60,20,0,26.6,30.5,33,10.2,100,43.9,67.2,3.5,1.1,0.1,94069.19571
203700,0.000669322,Monika Reserve,Monika Reserve,3660,3310,3100,2960,3280,700,880,970,730,41.7,1950,1870,130,70,10,21.2,26.9,30,22.2,98,59.4,57.1,4.1,2,0.2,17638.27411
204100,0.000324458,Waiotahi,Waiotahi,1390,1500,1400,1430,1590,270,380,590,350,48.3,1190,650,30,50,10,17.1,23.8,37,22,101,74.9,40.9,1.9,3,0.7,103364.8803
204200,0.000308133,Cape Runaway,Cape Runaway,1960,1850,1730,1600,1510,300,360,550,300,45.7,400,1310,50,10,0,20,23.8,36,19.6,95,26.5,86.2,3.5,0.3,0.2,271826.8708
204500,0.000246915,Otara-Tirohanga,Otara-Tirohanga,1210,1220,1230,1210,1210,220,330,410,250,46.1,780,630,40,30,10,18.3,27.3,34,20.4,103,64.2,52.3,3.2,2.1,0.7,76863.92083
204600,6.94E-05,Oponae,Oponae,400,370,310,310,340,90,100,120,40,34.3,170,200,10,0,0,25.5,28.9,34,11.2,99,50.4,60,2.9,0.7,0.1,247336.8363
204700,0.000295889,East Cape,East Cape,1760,1600,1610,1540,1450,370,370,500,220,39,330,1330,30,10,10,25.3,25.5,34,15,113,22.5,91.8,2.1,0.8,0.5,194246.2208
216000,0.000393839,Waipukurau East,Waipukurau East,1590,1650,1670,1680,1930,360,520,530,530,45.5,1540,600,50,90,10,18.5,26.7,27,27.4,90,79.5,31.2,2.6,4.9,0.5,7378.899988
206500,0.000338742,Centennial Crescent,Centennial Crescent,1570,1560,1500,1490,1660,410,580,440,220,33,770,1040,80,40,20,24.7,35,27,13.4,100,46.3,62.9,4.8,2.6,0.9,6061.666831
207100,0.000550966,Outer Kaiti,Outer Kaiti,2800,2540,2720,2440,2700,850,970,660,210,25.9,740,2250,250,40,20,31.5,36,25,8,91,27.5,83.4,9.1,1.6,0.7,5789.678578
207200,0.000510154,Tamarau,Tamarau,2460,2400,2360,2450,2500,710,900,650,240,29,880,1950,160,30,20,28.6,36.1,26,9.5,89,35.4,78.3,6.4,1.1,0.7,6251.770095
207300,0.00036323,Wainui-Okitu,Wainui-Okitu,1300,1300,1380,1580,1780,430,430,680,240,41.2,1610,410,20,40,20,24.3,24,38,13.6,99,90.3,22.9,1.3,2.4,1.4,21406.07919
207400,0.000250996,Maungataniwha-Raupunga,Maungataniwha-Raupunga,1600,1380,1280,1220,1230,320,360,390,160,34.6,610,790,50,10,0,25.9,29.4,32,12.7,110,49.9,64.1,4.5,0.8,0,330935.1424
207600,0.000183655,Frasertown-Ruakituri,Frasertown-Ruakituri,1090,990,960,900,900,200,260,280,160,38.6,620,420,10,0,0,22.6,28.6,32,17.3,106,69.2,46.5,1.2,0.1,0.1,264788.1211
207700,0.000144884,Whakaki,Whakaki,830,810,740,700,710,130,190,260,130,45.1,290,510,0,10,0,19,26.3,37,18.1,110,41.6,71.6,0.6,1.1,0,96403.7402
207900,0.000236712,Mahia,Mahia,1480,1430,1300,1150,1160,210,260,430,260,49.1,570,760,10,10,0,18.5,22.3,37,22.1,98,49.1,65.3,1.1,0.8,0.4,172744.7126
208000,0.000387717,Puketitiri-Tutira,Puketitiri-Tutira,1720,1810,1800,1830,1900,400,550,750,200,40.3,1630,440,50,30,10,20.8,28.8,40,10.7,113,85.6,22.9,2.6,1.8,0.3,362606.4846
208100,0.000275483,Sherenden-Crownthorpe,Sherenden-Crownthorpe,930,1030,1040,1260,1350,280,340,580,150,42.9,1290,150,20,20,0,20.8,25.2,43,10.8,103,95.6,11.4,1.2,1.2,0.2,198075.3413
208200,0.000289768,Maraekakaho,Maraekakaho,1040,1160,1240,1380,1420,320,340,590,170,42.6,1330,190,20,20,0,22.3,24.2,41,12.2,106,93.5,13.6,1.2,1.5,0,192626.4031
208300,0.00056117,Puketapu-Eskdale,Puketapu-Eskdale,1710,1970,2110,2280,2750,480,680,1200,400,45.5,2440,390,150,30,10,17.5,24.7,43,14.4,110,88.7,14,5.5,1.2,0.3,131347.6308
208400,0.000304052,Omahu-Pakowhai,Omahu-Pakowhai,1130,1180,1200,1140,1490,280,480,520,220,39.4,930,570,140,20,10,18.6,32.1,35,14.4,119,62.2,38.4,9.3,1.2,0.5,55894.85669
208700,0.000287727,Poukawa,Poukawa,1370,1240,1340,1320,1410,300,320,560,230,44.9,1210,340,30,10,10,21.1,22.4,40,16.5,108,85.8,24.1,1.9,0.9,0.7,107441.8304
216100,0.000399961,Taurekaitai,Taurekaitai,1900,1800,1800,1740,1960,440,440,720,370,44.2,1710,390,50,10,0,22.2,22.5,37,18.7,106,87.2,19.8,2.7,0.5,0.1,210118.6956
216200,2.04E-06,Port Taranaki,Port Taranaki,90,20,20,10,10,0,0,10,0,54.5,10,0,0,0,0,0,0,78,21.8,799,100,22.4,0,0,0,15462.94825
216400,0.000195899,Omata,Omata,680,690,790,870,960,180,220,430,140,46.2,920,80,10,20,10,18.6,22.6,44,14.4,100,95.6,7.9,1,2.2,0.6,47391.18019
216700,0.000406083,Kaitake,Kaitake,1450,1560,1620,1700,1990,470,530,750,230,39.5,1890,280,10,30,10,23.8,26.8,38,11.6,100,95.1,13.8,0.7,1.4,0.6,79811.47262
209300,7.35E-05,Irongate,Irongate,250,280,320,340,360,60,130,120,40,36.9,270,70,40,30,10,17.4,36.5,34,12.1,127,76.3,18.3,11.8,7,2.9,16918.18279
209400,0.000604022,Frimley,Frimley,1660,1630,1760,2570,2960,550,850,890,660,42.3,2150,420,150,490,10,18.5,28.9,30,22.4,91,72.8,14.1,5,16.5,0.5,5870.53874
210600,0.00052852,Tomoana Crossing,Tomoana Crossing,2230,2270,2410,2360,2590,560,810,800,410,37.9,2000,690,130,180,10,21.7,31.4,31,15.9,97,76.9,26.5,5.1,7,0.2,5311.523743
211600,9.39E-05,Havelock North-Central,Havelock North-Central,440,450,410,430,460,60,110,130,150,54.8,410,50,20,20,10,13.3,24.2,29,33.2,75,90.1,11.2,3.5,4,1.2,4007.877186
220400,0.000371392,Stratford South,Stratford South,1710,1590,1710,1730,1820,400,560,500,360,37.6,1640,380,40,40,0,21.9,30.6,28,20,105,89.7,20.9,2.4,2.2,0.2,9027.131751
220500,0.000432611,Cape Egmont,Cape Egmont,2460,2340,2160,2170,2120,560,670,710,170,34,1770,600,30,50,10,26.5,31.6,34,8.2,114,83.4,28.4,1.6,2.4,0.6,100178.9357
212100,0.000318336,Havelock Hills,Havelock Hills,1090,1250,1430,1470,1560,280,300,610,370,49.6,1490,90,10,40,20,17.6,19.4,39,23.9,88,95.3,6.1,0.6,2.8,1.1,9348.394738
212200,0.00029793,Kahuranaki,Kahuranaki,890,950,1130,1230,1460,290,360,610,210,44.4,1290,310,20,10,10,20,24.3,42,14.2,100,88,21.2,1.4,0.7,0.4,108339.716
212300,0.000469342,Bay View,Bay View,1760,1810,1820,2010,2300,450,520,930,400,46,2100,390,30,60,10,19.5,22.4,41,17.4,102,91.4,17,1.1,2.5,0.2,35284.18702
213000,0.000385677,Taradale West,Taradale West,1300,1390,1460,1760,1890,370,440,720,370,45.4,1760,180,30,90,10,19.3,23,38,19.5,94,93.1,9.3,1.4,4.9,0.7,6223.904789
214900,0.00063055,Tareha Reserve,Tareha Reserve,2370,2500,3020,3040,3090,560,880,960,690,43.5,2600,540,60,240,20,18,28.6,31,22.5,88,84.2,17.5,2,7.7,0.7,6356.044517
215800,0.00053056,Waipukurau West,Waipukurau West,2700,2560,2590,2370,2600,520,630,870,590,45.9,2060,780,90,70,0,19.9,24.1,33,22.7,93,79.4,30,3.6,2.5,0.1,13671.48609
215900,0.000508113,Mangarara,Mangarara,1980,1980,2040,2150,2490,530,580,950,430,44.2,2160,530,50,30,10,21.3,23.3,38,17.2,100,86.9,21.1,1.9,1.1,0.4,177483.5954
218200,0.000155087,Ferndale,Ferndale,620,720,710,720,760,180,240,250,90,37.2,710,80,10,30,10,23.2,31.7,33,11.8,99,94.2,11.2,1.5,3.6,1.4,7837.001752
218900,0.000614226,Waitara East,Waitara East,2870,2770,2780,2920,3010,640,870,940,560,39.8,2170,1360,120,50,10,21.2,28.9,31,18.5,94,72,45.3,3.9,1.7,0.3,9079.199791
219000,0.00036323,Lepperton-Brixton,Lepperton-Brixton,1240,1260,1340,1580,1780,420,460,660,250,40.6,1620,320,30,50,20,23.3,25.7,37,13.8,105,90.8,18,1.4,2.9,0.9,40267.88422
219100,0.000416286,Mangorei,Mangorei,1070,1190,1300,1750,2040,440,500,870,210,41.8,1980,160,10,30,10,21.8,24.8,43,10.6,108,97.1,7.8,0.5,1.5,0.7,87650.72019
219200,0.000179574,Mount Messenger,Mount Messenger,800,800,790,850,880,220,210,340,110,41.6,800,200,10,20,0,25.1,24.1,38,12.5,104,90.4,23.1,0.8,1.7,0,225750.7055
219300,0.000379555,Mangaoraka,Mangaoraka,1210,1210,1290,1600,1860,430,510,710,220,39.6,1790,190,30,20,10,23.3,27.2,38,11.5,106,96,10.3,1.4,1.1,0.3,53884.42255
219400,0.000399961,Tikorangi,Tikorangi,1590,1590,1640,1840,1960,350,510,720,370,45.7,1800,370,20,20,10,18.1,26,37,19.1,110,91.7,18.8,1,1,0.4,82384.00365
219500,0.000459139,Everett Park,Everett Park,1750,1700,1900,2120,2250,500,630,880,240,39.7,2160,240,10,20,10,22.3,28,39,10.6,110,96.2,10.8,0.7,0.9,0.4,105687.3037
219700,0.000120396,Tarata,Tarata,690,610,630,610,590,150,180,210,50,35.4,570,80,0,0,10,25.4,31,35,8.4,121,97.5,14.2,0.5,0.2,0.9,131426.9573
220300,0.000432611,Stratford Central,Stratford Central,2100,1950,1890,1970,2120,420,610,640,440,41.5,1870,350,20,120,10,19.7,28.9,30,21,94,88.5,16.3,0.8,5.6,0.2,7139.991215
220600,0.000281605,Taungatara,Taungatara,1750,1550,1480,1440,1380,360,470,450,100,32.6,1240,250,10,40,0,26,34.1,33,7.2,110,90,18.3,1,3,0.3,101726.6715
221100,0.000246915,Okaiawa,Okaiawa,1350,1280,1200,1170,1210,280,340,440,140,39.1,1060,260,10,20,10,23.1,28.3,37,11.9,110,87.2,21.7,1.2,1.7,0.5,51057.16623
221200,0.000163249,Te Roti-Moeroa,Te Roti-Moeroa,880,840,810,840,800,180,240,270,120,38.8,740,100,0,10,10,22.5,29.6,33,14.6,111,92.2,13,0,1.4,1,158603.4097
223200,0.000163249,Waiouru,Waiouru,2510,1860,1430,810,800,200,340,220,40,28.3,560,340,50,40,10,25.3,42.5,27,5.3,133,69.6,42.2,6.2,4.8,0.7,11981.88744
223300,0.000244874,Upper Whanganui,Upper Whanganui,1450,1300,1250,1190,1200,250,320,440,190,42.3,880,480,30,10,0,20.8,26.7,36,16.1,109,74,40.5,2.7,0.5,0,390605.3386
223400,0.000271402,Mowhanau,Mowhanau,1120,1140,1200,1350,1330,270,320,530,210,45,1240,190,10,30,0,20.6,24,39,15.9,106,93.4,14.2,0.9,2.1,0.2,67018.49584
223500,0.000287727,Brunswick-Papaiti,Brunswick-Papaiti,1000,1150,1140,1320,1410,270,260,620,250,48,1350,130,20,20,0,19.1,18.8,44,18.1,102,96,9.3,1.4,1.4,0.3,50132.81714
223700,0.000359148,Otamatea (Whanganui District),Otamatea (Whanganui District),1180,1240,1360,1610,1760,230,340,550,630,54.7,1570,120,20,130,20,13.2,19.5,31,36,94,89.4,7.1,0.9,7.6,1.2,9609.242109
224500,0.000304052,Springvale East,Springvale East,1540,1420,1390,1430,1490,260,400,460,380,45.4,1290,220,30,100,20,17.2,26.9,31,25.2,82,86.8,15,2,6.7,1.3,3298.572624
224800,0.000475464,Laird Park,Laird Park,2330,2340,2210,2160,2330,490,730,710,410,38.2,1640,770,150,130,30,20.9,31.3,30,17.4,94,70.1,33.2,6.6,5.8,1.2,4683.075282
225600,0.000371392,Kaitoke-Fordell,Kaitoke-Fordell,1610,1630,1440,1830,1820,290,540,730,260,44.2,1600,340,50,20,0,16.1,29.5,40,14.1,138,87.8,18.5,3,1.1,0.1,104250.5192
229300,0.00063055,Milson South,Milson South,3000,3000,2890,2930,3090,630,1200,820,440,33.3,2340,730,170,390,30,20.4,38.8,26,14.3,96,75.9,23.6,5.5,12.6,0.8,6304.691572
329800,0.000538723,Bexley,Bexley,2790,2690,2670,2330,2640,530,950,840,320,35.4,2010,670,350,140,10,20.2,35.8,32,12.3,105,76,25.4,13.4,5.2,0.3,4036.38132
225900,0.000448936,Bastia-Durie Hill,Bastia-Durie Hill,2390,2310,2200,2190,2200,380,560,800,470,46.2,1980,390,40,80,10,17.3,25.3,36,21.2,96,89.8,17.7,1.8,3.7,0.7,7615.827779
227600,0.000259158,Pohangina-Apiti,Pohangina-Apiti,1100,1070,1090,1130,1270,280,320,520,160,43.4,1240,100,20,10,0,21.8,24.9,41,12.5,101,98.1,8.1,1.5,0.6,0.3,167030.4974
227700,0.000118356,Mount Taylor,Mount Taylor,80,100,100,280,580,160,160,200,60,36.4,550,80,10,10,0,27.9,28,34,10.1,93,94.6,13.4,2.3,2.3,0.6,9626.319485
227800,0.000271402,Taikorea,Taikorea,1290,1180,1190,1240,1330,340,360,430,190,38,1260,170,20,20,10,25.7,27.2,33,14.6,100,95.1,12.9,1.6,1.3,0.4,62898.26204
227900,0.000644835,Makino,Makino,2680,2560,2570,2800,3160,790,1080,850,440,32.7,2680,770,110,110,20,25,34.1,27,14,96,84.9,24.5,3.3,3.6,0.5,6205.473407
228600,0.000412205,Kauwhata,Kauwhata,1670,1780,1930,1990,2020,420,550,780,280,41.5,1880,260,20,50,0,20.7,27.1,39,13.7,105,93,12.7,1.2,2.5,0.1,84071.57785
228700,0.000334661,Taonui,Taonui,1060,1140,1270,1490,1640,350,410,650,220,43.4,1580,150,30,20,10,21.5,24.9,40,13.6,106,96.4,9.1,1.6,1.4,0.4,68520.1634
229100,0.000399961,Cloverlea (Palmerston North City),Cloverlea (Palmerston North City),2140,2140,2070,1930,1960,400,730,550,280,34,1640,470,120,90,20,20.2,37.4,28,14.3,92,83.7,23.7,6.3,4.7,1,5002.258294
334200,0.000359148,Bankside,Bankside,1030,1210,1410,1680,1760,400,720,500,150,32.9,1450,110,30,230,50,22.8,40.8,28,8.4,113,82.4,6.4,1.5,12.8,2.8,99669.754
335000,0.000455057,Springston,Springston,1450,1560,1740,2120,2230,460,630,840,290,40.7,2090,150,40,90,10,20.9,28.3,38,13.1,98,93.8,6.6,1.7,4,0.4,73698.92242
229600,0.000704013,Takaro North,Takaro North,3400,3470,3420,3250,3450,630,1510,900,410,31.7,2650,780,230,360,30,18.3,43.8,26,11.8,96,76.7,22.5,6.6,10.5,1,5321.911254
230500,0.00053056,Papaioea North,Papaioea North,2500,2330,2570,2360,2600,410,980,660,550,37,1910,480,100,440,40,15.6,37.6,26,21.3,87,73.5,18.3,3.7,16.9,1.4,4816.357995
231500,0.000573413,Ruamahanga,Ruamahanga,2750,2690,2700,2670,2810,620,1040,780,370,34.2,2320,510,150,240,50,22,37.1,28,13.3,94,82.6,18.2,5.4,8.5,1.8,5362.840697
231600,0.000453017,Esplanade,Esplanade,2090,1900,2000,2090,2220,340,1080,560,240,29.5,1480,290,100,600,40,15.5,48.7,25,10.7,81,66.3,12.9,4.3,27.1,1.8,4904.349687
232000,0.00033262,Ruahine,Ruahine,1600,1630,1610,1570,1630,200,480,570,380,48,1350,120,20,230,20,12.4,29.3,35,23.3,92,82.6,7.4,1.4,14.1,1.2,5068.605586
240800,0.000944805,Waitangirua,Waitangirua,4330,4490,4290,4190,4630,1360,1750,1160,370,26.7,1010,1320,3070,400,60,29.3,37.8,25,7.9,94,21.9,28.6,66.2,8.5,1.4,6232.973197
232400,0.000161209,Aokautere,Aokautere,410,480,590,700,790,190,200,290,110,40.6,710,70,10,40,10,23.7,25.6,37,13.6,101,90,8.9,1.6,5.5,0.9,13492.18401
232600,0.000144884,Aokautere Rural,Aokautere Rural,310,360,560,670,710,150,180,300,90,43.3,670,60,10,30,10,20.6,25.1,42,12,94,94.4,8.6,0.9,3.7,0.8,53793.18281
232800,0.000336702,Norsewood,Norsewood,1700,1560,1580,1600,1650,340,400,630,280,44.1,1510,330,20,10,0,20.5,24.4,38,16.8,111,91.3,20,1.5,0.8,0,131289.7633
232900,0.000273443,Papatawa,Papatawa,1420,1310,1330,1370,1340,280,330,510,230,43.9,1160,310,10,30,0,20.9,24.3,38,16.9,107,86.2,23.3,0.6,1.9,0.2,111753.9667
233000,0.000367311,Mangatainoka,Mangatainoka,2050,1810,1790,1810,1800,360,480,690,260,42.3,1670,270,20,30,0,20.2,26.6,39,14.6,104,92.9,14.8,1.1,1.8,0.1,158766.2235
233100,0.000324458,Woodville,Woodville,1610,1520,1430,1440,1590,310,400,550,320,44.4,1310,420,50,60,0,19.8,25.2,35,20.2,102,82.5,26.7,3,3.6,0.2,8636.255708
233200,0.000448936,Dannevirke West,Dannevirke West,2370,2280,2330,2170,2200,410,600,700,490,45,1770,600,40,60,10,18.8,27.2,32,22.2,90,80.3,27.2,1.7,2.9,0.4,12105.14978
233400,0.000126518,Waitahora,Waitahora,670,580,610,600,620,160,180,230,60,37.4,560,110,0,10,0,25.5,28.2,36,10,104,90.6,18.2,0.3,1.7,0.3,163062.1279
233500,0.000130599,Kaitawa,Kaitawa,700,680,640,630,640,140,200,240,60,37.7,590,80,10,30,0,22,31.8,37,9.1,113,91.7,11.9,1.5,5,0,129434.2531
233700,0.000328539,Nireaha-Eketahuna,Nireaha-Eketahuna,1920,1750,1540,1500,1610,380,480,540,210,37.3,1460,370,20,30,0,23.4,29.9,34,13,110,90.8,23,1.2,1.6,0.1,193333.1865
233800,0.000157127,Owhanga,Owhanga,960,890,850,750,770,180,190,280,120,42.1,720,160,10,10,0,22.8,25,37,15.7,117,93.4,21.2,1.1,1,0,190807.8195
241200,0.000134681,Akatarawa,Akatarawa,490,540,570,620,660,100,180,300,80,45.4,630,60,0,10,0,15.2,27.8,45,11.8,109,95.7,9,0.6,1.8,0.3,123342.6852
241700,0.000473423,Brentwood (Upper Hutt City),Brentwood (Upper Hutt City),2160,2070,2180,2170,2320,510,800,740,270,35.1,1650,520,230,280,20,22.1,34.6,32,11.4,99,71.1,22.5,9.9,11.9,0.9,4086.940414
242300,0.000424448,Mangaroa,Mangaroa,1210,1430,1670,1930,2080,380,560,930,210,43.6,2010,150,20,40,10,18.2,26.7,45,10.3,104,96.9,7,1,2,0.3,71919.35239
234300,0.000373433,Foxton South,Foxton South,1670,1680,1590,1650,1830,360,470,570,420,44.4,1460,660,60,50,10,19.9,25.8,31,23.3,96,80.1,35.9,3.2,2.9,0.4,18398.39966
234600,0.000381595,Miranui,Miranui,1670,1610,1580,1650,1870,480,580,610,190,34.4,1670,370,70,70,10,25.7,31.3,33,10.3,105,89.1,20,3.5,4,0.5,109420.2608
234700,0.000248955,Donnelly Park,Donnelly Park,950,960,1020,1120,1220,220,310,370,320,46.8,970,320,60,70,10,17.8,25.4,30,26.5,97,79.3,26.5,5,5.7,0.9,6508.598962
235700,0.000306092,Fairfield (Horowhenua District),Fairfield (Horowhenua District),1250,1260,1350,1350,1500,250,380,410,470,49,1240,290,80,100,10,16.5,25.2,27,31.1,80,82.6,19.6,5.6,6.8,0.7,5928.872536
236700,0.000212224,Waitohu,Waitohu,760,830,840,950,1040,180,270,310,280,45.9,800,310,30,60,10,17.5,25.9,30,26.6,89,77.3,29.5,3.2,5.7,0.5,4230.777395
237900,0.000281605,Maungakotukutuku,Maungakotukutuku,610,820,1090,1270,1380,190,310,610,270,50.3,1320,100,20,40,10,13.9,22.5,44,19.7,101,95.6,7.2,1.5,2.7,0.4,79799.75871
238200,0,Tararua Forest Park,Tararua Forest Park,0,0,0,0,0,0,0,0,0,0,0,0,0,0,0,-999,-999,-999,-999,-999,-999,-999,-999,-999,-999,158465.0373
238900,7.75E-05,Paekākāriki Hill,Paekakariki Hill,310,320,350,380,380,70,90,160,60,45.5,360,40,10,10,0,19.3,22.8,42,15.9,105,95.1,10.5,1.5,3.5,0.3,36476.15828
239400,0.000202021,Pāuatahanui,Pauatahanui,540,700,800,950,990,190,250,440,100,44.3,950,70,20,10,10,18.9,25.8,45,10.5,105,96.7,7,2,0.8,0.8,60175.23046
240000,0.000479545,Papakōwhai,Papakowhai,2140,2240,2370,2360,2350,410,680,850,400,42.6,1970,330,160,210,10,17.6,29,36,17.1,93,83.8,13.9,7,9,0.6,5516.56865
243100,6.94E-05,Belmont Park,Belmont Park,330,360,400,350,340,70,70,160,30,45.4,330,20,0,20,10,21,21.7,47,10,99,97.2,6.5,0.9,5.3,1.9,44079.38713
243800,0.000269361,Tirohanga,Tirohanga,930,1090,1230,1210,1320,250,410,490,160,39.6,1010,80,40,280,20,19.2,31.2,37,12.3,97,76.3,6.1,2.9,21.5,1.2,6047.032463
244500,0.000446895,Stokes Valley Central,Stokes Valley Central,2120,2100,2060,2130,2190,460,830,650,240,33.8,1540,540,340,180,20,21.1,38,30,11.1,101,70.1,24.8,15.6,8.3,0.7,5303.835117
245700,3.06E-05,Gracefield,Gracefield,60,90,80,100,150,20,50,70,10,46,130,30,10,0,0,11.6,30.8,49,8.4,219,87.1,20.2,4.3,0.7,1.4,15928.52774
246100,0.000652997,Waterloo East,Waterloo East,2990,2980,3080,3090,3200,640,940,1160,460,40.3,2380,350,190,580,40,20.1,29.5,36,14.3,92,74.2,11,6,18.2,1.2,5283.759066
246400,0.000583616,Naenae South,Naenae South,2560,2650,2630,2630,2860,730,1120,790,220,30.6,1570,890,680,280,100,25.4,39.3,28,7.6,101,54.9,31.2,23.8,9.9,3.6,7738.266214
246600,0.000589738,Arakura,Arakura,2810,2630,2570,2510,2890,690,1100,820,270,31.9,1820,1030,470,250,30,24,38.1,28,9.5,100,62.8,35.5,16.1,8.7,1,9439.234204
246800,0.000136721,Pencarrow,Pencarrow,540,510,590,600,670,120,180,290,90,46.2,600,90,20,30,10,18.1,26.3,43,13,90,89.5,13.4,3.7,5.1,0.8,126939.0604
246900,0.000755028,Wainuiomata West,Wainuiomata West,3530,3500,3480,3530,3700,760,1370,1140,430,34.9,2440,840,650,480,30,20.6,37,31,11.7,96,65.8,22.6,17.7,13,0.9,8896.98382
247500,0.00019998,Mākara-Ohariu,Makara-Ohariu,710,740,800,880,980,160,290,410,120,43,910,100,20,30,10,16.9,29.4,42,11.9,104,93.7,10.2,1.9,3,0.7,96512.92564
247600,0.000679525,Tawa North,Tawa North,3010,3060,3190,3100,3330,700,1190,1100,340,34.9,2270,390,370,660,90,20.9,35.8,33,10.3,95,68.2,11.5,11.1,19.7,2.6,5947.156813
253900,0.000275483,Melrose,Melrose,1200,1160,1240,1250,1350,210,580,460,100,35.3,1170,120,80,100,40,15.6,43,34,7.1,104,86.3,9.2,5.8,7.3,2.9,3641.124165
249400,0.000965212,Karori Park,Karori Park,4210,4130,4320,4490,4730,980,1700,1540,500,35.9,3210,330,270,1210,160,20.8,36,32,10.6,97,67.9,7.1,5.7,25.6,3.3,7674.13631
249800,0.000342824,Woodridge,Woodridge,350,720,1020,1320,1680,390,630,570,90,35.4,800,100,70,810,60,23,37.6,34,5.6,99,47.6,5.8,4,48.3,3.9,4540.333254
249900,0.000546885,Karori North,Karori North,2340,2310,2580,2650,2680,540,780,980,370,40.4,2270,100,40,410,40,20.2,29.3,36,14,96,84.8,3.6,1.7,15.3,1.5,6242.944339
250500,0.000383636,Onslow,Onslow,1290,1310,1420,1750,1880,370,620,670,220,38.1,1440,150,60,350,60,19.9,33.2,36,11.5,94,76.9,8.2,3.2,18.4,3.4,4741.458599
254100,0.000283646,Miramar North,Miramar North,1320,1320,1350,1340,1390,300,470,430,180,36.6,830,130,170,290,140,21.5,34,31,13.2,88,59.9,9.3,12.6,20.8,9.9,3484.103912
250600,0.000744825,Karori East,Karori East,3500,3530,3650,3660,3650,680,1040,1360,570,42.4,3190,170,70,430,40,18.5,28.6,37,15.7,96,87.3,4.5,1.8,11.9,1.2,6088.981523
252300,0.000302011,Oriental Bay,Oriental Bay,1410,1410,1490,1430,1480,70,560,430,420,48.7,1290,70,20,160,30,4.7,37.9,29,28.6,90,86.9,4.9,1.5,11,2.2,3943.366545
253600,0.000779515,Newtown South,Newtown South,3350,3280,3410,3340,3820,550,1890,1040,340,32,2230,370,400,690,500,14.4,49.4,27,8.9,94,58.5,9.8,10.5,18.1,13.1,5439.370937
301000,0.000355067,Lower Moutere,Lower Moutere,1370,1320,1400,1560,1740,300,490,690,270,43.7,1550,180,100,50,10,17.3,27.9,40,15.2,109,89,10.2,5.5,2.9,0.3,55552.33124
302100,0.000238752,Waimea West,Waimea West,860,950,1060,1130,1170,200,280,510,190,47.5,1140,70,10,10,0,16.7,24.1,43,15.8,106,97.2,6.2,0.6,1.3,0.4,42573.80064
302500,0.00026324,Wakefield Rural,Wakefield Rural,1020,1080,1190,1220,1290,210,320,560,200,47.4,1270,80,10,20,0,16.2,24.4,44,15.8,111,98.1,6.3,0.8,1.2,0.3,155656.2445
254800,0.00062851,Miramar East,Miramar East,2840,2750,2970,2960,3080,640,950,1140,350,39.1,2570,200,140,400,60,20.7,31,37,11.3,104,83.4,6.4,4.5,12.9,2,6799.763832
254900,0.000742784,Miramar South,Miramar South,3000,3160,3490,3580,3640,650,1270,1200,520,38.2,2150,370,440,950,180,17.8,34.9,33,14.3,97,59.1,10,12,26.2,4.9,4302.677329
255300,0.000193859,Kopuaranga,Kopuaranga,770,770,800,880,950,180,230,380,160,45.3,890,100,10,20,10,19,23.9,40,17.2,105,93.9,10,1.4,2.5,0.6,145101.9836
255400,0.000257118,Upper Plain,Upper Plain,960,1040,1060,1120,1260,250,270,490,260,47,1200,150,30,20,0,20,21.4,38,20.2,109,95.2,12.1,2.4,1.7,0.1,54754.42833
256500,0.00029793,Whareama,Whareama,1490,1420,1330,1320,1460,290,380,590,200,43.6,1370,260,30,10,0,20.1,25.8,40,13.7,110,94.1,17.8,1.8,0.5,0.1,258941.8044
256600,0.000222427,Homebush-Te Ore Ore,Homebush-Te Ore Ore,860,880,990,970,1090,180,230,420,250,49.2,1010,160,10,20,0,16.8,21.6,38,23.2,92,93.2,15.2,0.6,1.5,0,77071.8004
256800,0.000379555,Mount Holdsworth,Mount Holdsworth,1140,1260,1340,1580,1860,360,450,770,290,45.7,1780,200,30,20,10,19.2,24.3,41,15.4,102,95.8,10.8,1.6,1.2,0.5,128075.1624
257000,0.000255077,Kokotau,Kokotau,860,850,930,1200,1250,260,330,440,220,42.1,1210,120,10,10,0,20.5,26.7,36,17.3,110,97,9.7,1.1,0.9,0.1,53772.49192
257500,0.000524438,Featherston,Featherston,2490,2390,2400,2320,2570,470,680,920,500,43.8,2310,510,70,80,10,18.4,26.4,36,19.5,101,89.8,19.8,2.9,3.2,0.6,9398.527992
300600,0.000312214,Pōhara-Abel Tasman,Pohara-Abel Tasman,1200,1280,1470,1500,1530,240,300,660,340,50.2,1450,110,10,30,10,15.6,19.5,43,22.1,92,95.1,7.3,0.9,2,0.9,151766.7701
300700,0.000250996,Takaka Hills,Takaka Hills,1090,1260,1170,1130,1230,200,290,520,220,46.6,1130,120,20,40,10,16.1,23.7,42,17.8,108,91.9,10.1,1.9,3.2,0.6,112341.9967
300800,0.000373433,Kaiteriteri-Riwaka,Kaiteriteri-Riwaka,1390,1600,1500,1590,1830,300,500,710,310,44.2,1660,190,100,30,20,16.5,27.6,39,17.2,110,90.8,10.5,5.4,1.5,1,57189.24729
300900,0.000412205,Upper Moutere,Upper Moutere,1440,1560,1730,1900,2020,400,450,840,320,46.5,1950,150,20,30,10,20,22.3,42,15.8,104,96.3,7.6,1,1.4,0.5,136627.1698
302800,0.000389758,Richmond Central (Tasman District),Richmond Central (Tasman District),1660,1960,1870,1850,1910,410,560,590,360,38.8,1690,170,50,140,10,21.4,29.4,31,18.6,96,88.2,9.1,2.4,7.2,0.6,4986.783386
303300,0.000581576,Easby Park,Easby Park,2500,2580,2600,2690,2850,600,860,940,450,38.9,2630,290,40,120,10,21.1,30.2,33,15.8,95,92.3,10.2,1.5,4.3,0.3,5533.766545
303400,0.000340783,Fairose,Fairose,700,910,950,1040,1670,210,310,560,580,55.2,1590,60,10,70,10,12.6,18.7,34,34.8,90,95.1,3.5,0.9,3.9,0.3,6671.593945
303500,0.000102031,Aniseed Valley,Aniseed Valley,300,300,380,410,500,120,130,190,70,40.3,480,30,10,20,10,23.8,25.8,37,13.3,108,95.7,6.3,1.3,3,1.4,46775.34363
303600,0.000402001,Nelson Rural,Nelson Rural,1130,1340,1590,1800,1970,350,460,870,300,46.1,1870,170,30,30,20,17.6,23.2,44,15.1,109,95,8.6,1.5,1.6,0.8,158468.974
304200,0.000375473,Britannia,Britannia,1770,1830,1620,1730,1840,300,550,650,340,44.4,1600,190,70,110,20,16.4,29.7,35,18.5,91,86.8,10.2,3.9,6.1,1.2,5509.485448
335700,0.000955008,Prebbleton,Prebbleton,970,1050,2080,2910,4680,1080,1220,1880,510,40.5,4320,250,40,330,20,23,26.1,40,10.8,99,92.4,5.3,0.8,7,0.4,11683.77022
306100,0.000179574,Daelyn,Daelyn,90,100,100,490,880,180,210,290,210,44,830,50,10,40,10,20.3,23.4,33,23.4,89,94.2,5.2,0.6,4.5,1.2,6908.956942
306200,0.000420367,The Brook,The Brook,1700,1720,1660,1950,2060,470,620,730,230,37.5,1900,170,40,130,20,23,30.3,36,11.1,95,92.4,8.3,1.7,6.3,0.8,14570.7566
306300,0.000414245,Marlborough Sounds West,Marlborough Sounds West,1900,1890,1940,1850,2030,350,440,770,470,48.1,1870,270,40,60,10,17.3,21.7,38,23.3,106,92,13.5,2,2.8,0.6,829292.2476
306500,0.000404042,Marlborough Sounds East,Marlborough Sounds East,1890,1900,2090,2000,1980,240,340,810,590,55.1,1880,210,20,30,20,12,17.4,41,29.7,105,95.1,10.6,1.1,1.4,0.8,1071731.466
306800,0.000634632,Waitohi (Marlborough District),Waitohi (Marlborough District),3130,3080,3010,2820,3110,410,650,1140,900,53.9,2750,630,70,90,10,13.1,21.1,37,29.1,105,88.5,20.2,2.2,2.8,0.4,20871.56103
306900,0.000261199,Tuamarina,Tuamarina,860,920,1110,1210,1280,250,290,530,220,46.4,1200,170,20,20,10,19.3,22.7,41,16.8,101,93.9,13.1,1.8,1.4,0.7,76064.58459
307000,0.000340783,Awatere,Awatere,1590,1560,1650,1670,1670,340,420,650,260,42.6,1500,220,90,30,10,20.1,25.4,39,15.4,115,90.1,13.4,5.5,1.8,0.3,493108.046
309500,0.000191818,Buller Coalfields,Buller Coalfields,1260,1070,960,1010,940,140,160,430,210,54.3,870,120,10,20,10,14.7,16.8,46,22.5,116,92.5,12.6,1.3,1.9,0.8,109767.8474
309600,0.000110193,Charleston (Buller District),Charleston (Buller District),500,550,550,670,540,80,130,230,100,48.6,510,50,0,20,0,14.8,23.9,43,18.1,102,93.9,8.4,0.4,2.9,0.8,201850.45
309700,0.000181615,Inangahua,Inangahua,1080,1000,1010,1030,890,160,250,350,130,42.5,830,80,0,30,10,18.5,28.5,39,14.1,117,92.7,9.5,0.5,3.2,0.8,350261.5648
309800,0.000191818,Reefton,Reefton,1100,1030,1000,1070,940,130,200,390,230,52,870,130,10,30,0,13.5,21.4,41,24,105,92.1,13.3,1.1,3.2,0.2,9893.308623
309900,0.00019794,Barrytown,Barrytown,980,900,950,940,970,150,210,460,150,48.8,930,100,20,20,0,15.3,21.6,48,15.6,110,95.6,9.9,1.9,2.1,0.1,197415.686
336300,0.000246915,Tai Tapu,Tai Tapu,690,740,780,990,1210,290,250,500,170,43.1,1190,90,10,10,0,24,20.8,41,14.1,108,97.9,7.5,0.4,0.9,0.3,35681.56834
336400,0.000128559,Motukarara,Motukarara,550,560,600,720,630,100,180,280,80,45.2,600,40,0,30,10,16.1,28.2,44,12.1,102,94.6,6,0.3,4.3,1,50658.59732
310600,0.000214265,Karoro,Karoro,1090,1030,1020,1090,1050,170,250,390,230,47.4,980,80,10,30,10,16.5,23.9,37,22.2,101,93.8,7.2,0.9,2.8,0.7,12808.06385
310900,0.000171412,Dobson,Dobson,860,860,820,820,840,140,240,320,150,44.8,810,100,0,20,0,16.8,28,38,17.6,124,95.5,11.4,0.3,2.2,0.3,76284.69362
312800,0.000491789,Balcairn,Balcairn,1550,1830,1920,2270,2410,420,550,950,490,47.3,2330,190,30,40,10,17.4,23,39,20.4,100,96.6,8.1,1.3,1.5,0.4,70244.04319
313000,0.000151006,Okuku,Okuku,370,440,510,680,740,150,190,330,70,42.7,730,30,10,10,0,20.4,25.8,44,9.3,100,97.7,3.4,1.9,0.9,0,174971.1867
313100,0.000238752,Ashley Gorge,Ashley Gorge,640,630,720,1050,1170,230,330,460,150,41.7,1130,60,10,20,10,19.3,28.7,39,12.6,108,96.9,5.1,1.1,2,0.8,110717.4387
315400,0.000565251,Pegasus,Pegasus,30,20,20,1080,2770,660,760,950,400,39.2,2560,220,40,130,30,23.9,27.6,34,14.3,97,92.3,7.9,1.6,4.6,1,11461.31817
323600,0.000287727,Wigram South,Wigram South,0,0,0,0,1410,280,730,320,80,31.1,520,70,20,820,30,20.2,51.7,22,5.7,98,37,5,1.3,58.5,2.3,2959.892936
313200,0.000465261,Oxford,Oxford,1530,1640,1780,2010,2280,470,550,710,550,44.5,2200,150,20,40,10,20.7,24.1,31,24.1,94,96.5,6.7,1.1,1.7,0.4,19093.22779
313400,0.000455057,Loburn,Loburn,860,990,1370,2040,2230,420,520,1000,280,45.5,2170,140,30,30,0,18.7,23.4,45,12.8,103,97.4,6.3,1.4,1.4,0.1,52719.01929
313500,0.000381595,Eyrewell,Eyrewell,460,580,940,1590,1870,400,580,730,160,38.3,1730,170,30,100,20,21.6,30.8,39,8.5,100,92.5,9.3,1.4,5.2,1.1,73137.51668
314200,0.000381595,Rangiora North East,Rangiora North East,1760,1760,1820,1860,1870,290,610,560,420,42.3,1690,190,20,120,10,15.6,32.5,30,22.2,90,90.1,10,1.1,6.3,0.3,8702.634713
323300,0.000726459,Riccarton West,Riccarton West,2110,2370,2780,3030,3560,410,2320,640,190,25.7,1800,350,200,1420,100,11.5,65.2,18,5.3,120,50.5,9.9,5.7,39.8,2.9,3164.754642
328600,0.00089379,Aranui,Aranui,4480,4330,4450,3930,4380,1150,1590,1280,360,29.8,2910,1340,790,170,20,26.3,36.3,29,8.3,101,66.5,30.6,18,3.9,0.5,4670.030816
316100,0.000453017,Kaiapoi Central,Kaiapoi Central,1750,2350,2590,2340,2220,370,690,670,490,42.2,2000,300,40,100,0,16.8,31,30,22.1,92,90.3,13.4,2,4.7,0.2,6648.243359
316400,4.29E-05,McLeans Island,McLeans Island,180,180,210,240,210,30,60,70,40,46.1,190,10,0,20,0,13.7,30.5,36,20.1,119,90.7,3.5,0,7.8,1,58220.69329
317100,0.000155087,Brooklands-Spencerville,Brooklands-Spencerville,1000,1270,1790,1180,760,150,240,300,70,39.1,690,90,20,40,0,19.4,31.5,40,8.9,102,91.1,12.1,2.8,5.2,0.4,25407.59038
317200,0.000226508,Styx,Styx,920,930,980,1180,1110,180,310,480,150,44.6,1030,130,20,20,10,15.8,27.8,43,13.4,114,93.1,11.5,1.8,1.9,1,33381.01365
317800,0.000887668,Bishopdale North,Bishopdale North,4260,4240,4180,4340,4350,830,1450,1330,750,38.5,3540,410,140,590,70,19,33.4,30,17.1,95,81.4,9.4,3.2,13.6,1.6,4931.784369
318500,0.000299971,Avonhead North,Avonhead North,1410,1360,1470,1420,1470,230,450,480,310,44.3,1100,100,40,330,30,15.8,30.6,33,21,102,74.7,6.5,2.4,22.7,2.2,3201.725154
318700,0.000546885,Broomfield,Broomfield,1920,1930,1910,2140,2680,540,960,730,440,35.8,1740,360,210,640,40,20.1,36,27,16.5,91,65,13.4,7.9,24,1.3,4250.643532
318800,0.00046322,Redwood West,Redwood West,2230,2340,2380,2270,2270,460,820,670,310,34.8,1750,360,130,280,30,20.2,36.4,30,13.9,98,77.3,15.8,5.6,12.2,1.2,4282.076259
320300,0.00052852,Hornby West,Hornby West,2230,2240,2320,2420,2590,450,980,730,430,36.4,1840,360,160,510,10,17.4,37.8,28,16.6,109,71.3,13.8,6.4,19.7,0.5,4137.332826
324200,1.02E-05,Riccarton Central,Riccarton Central,30,30,30,20,50,10,30,20,0,31.6,30,10,0,20,0,10.5,56.1,30,3.9,126,67.1,12.3,0,30.9,0,5023.390098
324600,0.00056117,Shirley East,Shirley East,1640,1990,2670,2710,2750,430,820,850,650,44,2350,260,100,220,50,15.8,29.8,31,23.5,89,85.6,9.5,3.5,8.1,1.7,6398.192261
324700,0.000122437,Broken Run,Broken Run,20,30,20,400,600,110,240,170,80,35.2,360,10,10,240,0,18.5,40.4,28,12.9,94,59.9,2.3,2,39.7,0.7,3132.501208
325500,2.45E-05,Tower Junction,Tower Junction,10,30,30,40,120,0,30,10,80,78.9,100,0,0,20,0,2.7,22.4,7,68.1,60,79,3.4,3.4,15.9,0,5547.560296
326200,2.24E-05,Ōtakaro-Avon River Corridor,Otakaro-Avon River Corridor,9110,9910,10750,1320,110,20,40,30,10,34.3,90,30,0,10,0,19.9,40.6,26,13.9,93,80.6,26,4,11.8,1.9,25196.26894
326600,2.24E-05,Christchurch Central,Christchurch Central,220,440,410,30,110,0,70,30,10,31.9,70,10,0,30,0,1,67.2,25,6.5,171,66.9,11.7,1.1,26.3,2,4683.536158
328500,0.000577494,Linwood North,Linwood North,2490,2470,2650,2510,2830,490,1090,910,340,35.9,2180,520,210,310,60,17.3,38.5,32,12.2,105,77.2,18.3,7.5,11.1,2.1,4298.385632
336600,2.04E-05,Ashburton Lakes,Ashburton Lakes,80,60,90,110,100,20,40,40,0,32,100,0,0,0,0,19.3,40.2,36,4.1,108,99.9,3.2,0,0,0,292155.7559
330100,0.000722378,Woolston North,Woolston North,3220,3360,3460,3530,3540,670,1300,1120,460,36,2620,620,290,480,30,18.8,36.6,32,13.1,104,74,17.6,8.1,13.5,1,4534.364392
330200,0.000704013,New Brighton,New Brighton,3470,3380,3480,3390,3450,620,1130,1240,460,39.5,3130,490,110,110,40,17.9,32.7,36,13.4,99,90.9,14.3,3.2,3.2,1.1,7595.24151
331600,1.43E-05,Port Hills,Port Hills,50,70,90,100,70,10,20,30,10,47.5,70,0,0,0,0,20.8,22.8,48,8.4,115,98.5,0,0,5.6,0,74265.42165
331800,0.000226508,Brookhaven-Ferrymead,Brookhaven-Ferrymead,150,790,1110,1060,1110,200,350,360,200,40.2,930,140,70,90,0,17.9,31.8,32,18,106,84,12.8,6.2,8.1,0.4,7811.568998
332800,4.90E-05,Teddington,Teddington,170,200,190,200,240,40,60,90,40,46.3,230,10,10,0,0,15.9,25.5,40,18.4,104,97.7,5.2,3.5,0.5,0.5,62275.02555
332900,0.000312214,Diamond Harbour,Diamond Harbour,1000,1160,1260,1350,1530,270,280,640,340,48.8,1470,100,20,30,0,17.4,18.1,42,22.4,97,96,6.7,1.6,1.7,0.2,15081.66261
333100,0.000246915,Banks Peninsula South,Banks Peninsula South,880,980,1060,1150,1210,210,230,570,190,48.4,1140,120,10,30,10,17.7,19.2,47,15.9,101,94.4,10.2,1,2.4,0.8,181238.8366
333200,0.000130599,Eastern Bays-Banks Peninsula,Eastern Bays-Banks Peninsula,590,600,630,670,640,110,110,300,130,50.9,610,80,10,0,0,16.7,16.6,46,20.5,97,95.5,12.3,1.5,0.5,0.2,212487.6409
333300,0.000151006,Akaroa Harbour,Akaroa Harbour,640,670,730,780,740,80,130,280,260,57.6,710,50,10,20,0,10.6,16.9,38,34.6,102,95.2,6.9,1.4,2.7,0.3,149770.5098
333600,3.47E-05,Craigieburn,Craigieburn,240,200,200,230,170,20,50,70,30,45.8,150,10,0,10,0,11,32.1,40,17,138,92,8.6,0.7,5.1,2.1,326127.7768
333700,0.000246915,Torlesse,Torlesse,890,930,930,1060,1210,260,330,460,160,41.1,1130,120,10,50,10,21.4,27.4,38,13.1,116,93.9,10.1,0.4,4.1,1.2,119941.4347
333800,0.000255077,Glenroy-Hororata,Glenroy-Hororata,890,930,1020,1130,1250,290,410,400,140,36.6,1090,80,0,120,20,23.5,32.7,32,11.6,121,87.8,6.4,0.3,9.3,1.4,139438.3731
333900,0.000250996,Glentunnel,Glentunnel,780,840,910,1160,1230,220,340,470,200,44.5,1190,80,20,10,0,17.9,27.6,38,16.1,98,97.2,6.2,1.3,0.7,0.4,72702.34395
338500,0.000616266,Hampstead,Hampstead,2480,2380,2540,2860,3020,670,990,880,470,35.4,2310,360,390,210,20,22.3,32.7,29,15.7,108,76.5,12,12.8,7.1,0.6,5440.268318
339200,0.000291808,Pleasant Point,Pleasant Point,1270,1200,1220,1340,1430,280,360,500,280,44.6,1350,160,10,20,0,19.9,25.3,35,19.8,105,94.7,11,0.8,1.4,0.2,11261.91223
339300,0.000453017,Temuka West,Temuka West,2020,2040,2090,2080,2220,350,530,730,600,48.8,2000,260,30,90,10,15.7,24.1,33,27.2,98,90,11.7,1.6,4.2,0.3,9648.478968
339600,0.000485667,Temuka East,Temuka East,2210,2210,2240,2320,2380,460,650,780,490,43.4,2180,320,40,80,0,19.1,27.3,33,20.6,100,91.7,13.4,1.9,3.2,0.1,11118.92668
339900,0.000340783,Fairview,Fairview,1580,1570,1620,1630,1670,280,430,680,290,45.7,1570,170,40,40,10,17,25.4,40,17.2,107,93.6,10,2.2,2.4,0.4,50821.02079
341500,0.000255077,Mackenzie Lakes,Mackenzie Lakes,850,780,800,920,1250,160,640,340,110,31.8,910,60,30,250,60,13,51.5,27,8.4,100,72.5,4.5,2.3,20.4,5.1,548701.2598
342100,0.000177534,Hakataramea,Hakataramea,840,760,750,790,870,180,230,320,140,41.9,830,40,10,30,0,21,26.4,37,15.8,105,94.5,4.2,0.9,3.4,0.2,252285.3291
342200,0.000157127,Maungati,Maungati,810,710,690,760,770,180,240,280,70,37.4,710,50,10,20,20,23.6,30.9,36,9.7,113,92.3,6.1,1.3,3.2,3,159197.4543
342800,0.000340783,Waimate East,Waimate East,1600,1490,1540,1570,1670,220,350,510,600,54.8,1580,130,20,40,0,13.1,20.9,30,35.8,89,94.6,8,1.3,2.3,0.3,9447.219095
343000,0.000140803,Chatham Islands,Chatham Islands,760,750,650,600,690,110,220,260,90,41.3,510,450,10,10,0,16.4,32.4,38,12.7,118,75.1,66.2,1.5,0.9,0,454711.4702
343100,0.000163249,Aviemore,Aviemore,930,720,680,740,800,100,240,280,170,45.8,700,50,10,70,0,12.6,29.9,36,21.8,115,88.3,6,0.8,9.1,0.5,426333.4464
343300,0.000206102,Danseys Pass,Danseys Pass,990,880,880,950,1010,190,260,340,220,44.1,880,100,0,90,10,18.6,26.1,33,21.9,105,87.3,9.6,0.1,9.3,1.2,150717.1833
343400,0.000383636,Ngapara,Ngapara,1610,1540,1560,1670,1880,440,660,620,160,34,1600,130,10,240,20,23.5,35,33,8.3,112,85.2,7.1,0.4,12.9,1,190948.8202
343600,0.000279564,Waihemo,Waihemo,1420,1270,1300,1370,1370,240,300,540,290,49.6,1270,130,10,40,0,17.1,22.2,40,21,107,92.5,9.6,0.8,3.1,0.2,278644.0838
344800,0.000506073,Lindis-Nevis Valleys,Lindis-Nevis Valleys,740,810,1180,1750,2480,380,660,980,450,46.5,2390,140,50,50,20,15.5,26.6,40,18.2,105,96.4,5.6,1.9,1.9,0.8,406913.4034
345100,0.000234671,Manuherikia-Ida Valleys,Manuherikia-Ida Valleys,1040,960,990,1060,1150,220,290,430,210,43.6,1080,100,10,20,10,19.5,24.9,37,18.4,118,94.1,8.6,0.6,1.7,1.1,303915.3187
345200,0.000148965,Earnscleugh,Earnscleugh,590,530,590,630,730,110,190,290,140,47,660,40,60,20,0,14.6,26.4,40,18.9,117,90.3,5.9,7.7,2.4,0.5,104173.9335
345300,0.000355067,Dunstan-Galloway,Dunstan-Galloway,930,1040,1260,1370,1740,300,350,790,300,48.8,1670,100,30,20,10,17.1,20.1,45,17.5,106,96.4,5.6,1.7,1.1,0.5,121024.1622
345700,0.000338742,Maniototo,Maniototo,1680,1520,1600,1600,1660,270,410,580,400,48,1510,160,10,90,10,16.4,24.4,35,24.2,107,90.8,9.7,0.7,5.2,0.4,296237.0623
345800,0.000371392,Teviot Valley,Teviot Valley,1940,1730,1730,1610,1820,250,440,670,460,49.8,1590,190,150,40,0,13.5,24.3,37,25.2,112,87.5,10.2,8.5,2.5,0.2,215872.2584
346800,0.000375473,Wanaka West,Wanaka West,470,720,1040,1380,1840,230,600,580,430,44.5,1750,60,10,60,30,12.5,32.6,32,23.4,94,95.2,3.3,0.4,3.2,1.5,11629.65547
347200,0.000267321,Upper Clutha Valley,Upper Clutha Valley,380,430,690,920,1310,320,400,480,110,37.5,1250,110,0,40,10,24.6,30.7,37,8.1,102,94.8,8.1,0.2,3.4,0.5,72858.30515
347700,0.000348945,Warren Park,Warren Park,1090,1090,1180,1190,1710,100,1360,210,40,28.9,1120,50,10,350,250,6,79.2,12,2.5,104,65.2,2.7,0.8,20.2,14.4,6542.098695
348200,0.000326499,Queenstown East,Queenstown East,1150,1200,1240,1420,1600,80,1080,310,130,30.3,1190,40,10,310,120,4.9,67.6,20,8,103,74.5,2.7,0.4,19.1,7.3,6198.257036
348500,7.75E-05,Lake Hayes,Lake Hayes,180,200,260,340,380,60,80,170,70,49.8,360,20,0,10,0,15.9,20.2,44,19.4,105,94.8,5.5,0.3,2.9,1,16243.97223
354600,0.000279564,Forbury,Forbury,1310,1290,1340,1330,1370,270,460,390,260,37.9,1100,190,110,110,30,19.4,33.3,29,18.7,92,80.6,14,8,8.3,1.9,3257.267981
355100,0.000242833,Broad Bay-Portobello,Broad Bay-Portobello,1130,1080,1100,1110,1190,210,260,480,240,47.7,1130,120,30,40,10,17.6,21.8,40,20.4,104,95,10.1,2.2,3.1,1.1,19152.9233
348700,0.000481585,Shotover Country,Shotover Country,10,20,60,40,2360,560,1290,460,40,30.2,1790,150,60,350,180,23.9,54.8,20,1.8,107,75.7,6.2,2.4,15,7.5,7735.408068
348800,0.000465261,Lake Hayes Estate,Lake Hayes Estate,40,50,590,1690,2280,580,870,740,90,32.1,1900,150,40,290,80,25.5,38.2,33,3.7,103,83.3,6.4,1.9,12.8,3.6,6667.911285
349000,0.000140803,Strath Taieri,Strath Taieri,810,730,740,730,690,140,180,280,90,42.8,660,70,0,0,0,20.3,26.7,40,12.5,124,96.6,10.2,0.3,0,0.2,315575.0006
349100,0.000310174,Bucklands Crossing,Bucklands Crossing,1330,1290,1260,1470,1520,260,310,630,310,48.2,1430,180,10,20,0,17.3,20.6,41,20.8,102,94.4,11.6,0.8,1.1,0.3,135184.6224
349300,0.000485667,Momona,Momona,2060,2060,2200,2270,2380,500,610,930,340,43.2,2310,200,0,40,10,20.9,25.7,39,14.5,109,97,8.5,0.2,1.5,0.3,97036.11828
350200,0.000255077,Saddle Hill-Chain Hills,Saddle Hill-Chain Hills,840,960,1150,1220,1250,190,330,570,160,46,1190,60,10,20,10,14.9,26.2,46,13,100,95.4,5,0.7,1.8,0.9,58697.0378
352000,0.000550966,North East Valley Knox,North East Valley Knox,2240,2280,2250,2470,2700,170,2000,370,150,22.6,2060,240,120,450,90,6.4,74.3,14,5.7,97,76.5,8.9,4.5,16.8,3.2,3455.991737
352400,0.000383636,Campus West,Campus West,1530,1640,1600,1740,1880,20,1750,80,40,20.9,1290,150,80,470,60,1.1,92.8,4,1.9,65,68.8,8,4.3,25.1,3.2,2748.879106
353900,0.000179574,Otago Peninsula,Otago Peninsula,810,840,820,800,880,120,160,390,200,52.7,800,150,10,10,10,13.6,18.5,45,23.4,107,91.7,17.2,1,1.6,0.7,100280.7832
360500,0.000334661,West Plains-Makarewa,West Plains-Makarewa,1520,1380,1420,1560,1640,300,400,710,240,45.5,1560,200,40,30,0,18,24.2,43,14.6,113,95.3,12,2.2,1.6,0.1,78319.92595
355200,0.000624429,St Kilda South,St Kilda South,2890,2790,2910,2910,3060,590,1090,870,510,36.6,2620,430,180,210,30,19.4,35.6,28,16.6,91,85.7,14.1,5.9,6.9,1.1,5076.258346
355800,0.000475464,West Otago,West Otago,2630,2510,2290,2210,2330,510,660,790,380,39.9,2150,240,20,70,10,21.9,28.2,34,16.1,109,92.3,10.4,0.7,3.1,0.6,282659.7443
357000,2.45E-05,Fiordland,Fiordland,190,190,150,130,120,0,90,30,0,28.4,90,10,0,30,0,2.6,74.4,22,1.4,85,72.4,8.1,0.9,28.1,0,2405926.246
358200,0.000279564,Lumsden-Balfour,Lumsden-Balfour,1410,1260,1260,1290,1370,310,430,430,200,37.2,1230,120,10,90,0,22.3,31.5,32,14.6,117,90.1,8.9,0.8,6.4,0.2,171089.5248
358300,0.000440773,Oreti River,Oreti River,1900,1850,1970,2230,2160,490,650,740,290,38.2,1950,170,20,170,10,22.4,30.1,34,13.4,110,90.1,8.1,0.7,7.7,0.4,149109.6507
358400,0.000593819,Otautau,Otautau,3070,2840,2860,2870,2910,660,970,910,370,35.1,2560,330,30,210,30,22.7,33.2,31,12.6,114,88.1,11.5,0.9,7.2,1.1,155174.9371
358500,0.000244874,Hedgehope,Hedgehope,1080,1060,1080,1140,1200,300,370,410,120,35.7,1080,120,0,80,10,25.1,30.8,34,10.3,105,90.1,9.8,0.2,6.6,1.1,158452.3313
358600,0.000489748,Winton,Winton,2240,2150,2140,2270,2400,460,640,680,630,44,2200,270,50,70,10,19,26.6,28,26.2,91,91.8,11.3,1.9,2.8,0.5,10101.03179
358700,0.000248955,Waianiwa,Waianiwa,1160,1160,1060,1180,1220,280,400,440,100,36.1,1030,110,10,150,10,23,32.8,36,8,107,85.1,9,0.8,12.4,0.8,79588.47281
358800,0.000342824,Riverton,Riverton,1890,1720,1580,1490,1680,260,340,600,480,52.2,1520,360,20,20,0,15.6,20.1,36,28.4,95,90.5,21.6,1.3,1.5,0.3,22302.91451
359700,0.000273443,Waimumu-Kaiwera,Waimumu-Kaiwera,1320,1300,1260,1320,1340,290,360,510,170,41.4,1290,70,20,30,0,21.7,27,38,12.8,116,96.6,5.5,1.2,1.9,0.1,204665.34
359800,0.000359148,Gore North,Gore North,1730,1620,1610,1600,1760,280,470,600,420,46.3,1650,170,20,30,10,16.1,26.4,34,23.6,93,93.4,9.9,1.1,2,0.5,7287.477303
359900,0.000567291,Gore West,Gore West,2910,2810,2810,2800,2780,520,790,910,560,42.8,2550,310,20,80,10,18.5,28.5,33,20.3,95,91.7,11.1,0.9,2.8,0.2,7519.910167
360400,0.000346905,Mataura,Mataura,1990,1790,1610,1560,1700,360,510,570,270,39.4,1290,560,50,40,10,21.2,29.9,33,15.7,100,75.6,32.9,2.7,2.2,0.3,16466.17455
360700,0.000512195,Donovan Park,Donovan Park,1750,1890,2070,2410,2510,390,590,680,850,51.1,2300,250,60,110,20,15.4,23.5,27,33.9,84,91.6,9.8,2.3,4.5,0.6,8514.692965
362000,0.000371392,Crinan,Crinan,1620,1460,1490,1640,1820,290,830,500,200,32.6,1190,400,60,390,10,15.8,45.7,28,10.8,112,65.6,22,3.3,21.2,0.7,3933.352849
362800,0.000269361,Moulson,Moulson,1280,1140,1180,1350,1320,320,450,380,170,34.8,1080,340,70,70,0,24.6,34.1,29,12.6,93,81.7,25.7,5.4,5.3,0.1,5280.684304
362900,0.000467301,Kingswell,Kingswell,2290,2100,2100,2150,2290,460,760,740,330,37.2,1920,490,150,70,10,19.9,33.3,32,14.6,96,83.7,21.2,6.5,3.2,0.4,5999.650403
363000,0.000316296,Clifton,Clifton,1710,1650,1490,1500,1550,340,550,470,190,34.8,1250,430,90,50,0,22.3,35.5,30,12.1,106,80.5,28,6,3.3,0.3,8855.149087
363100,0.000124478,Woodend-Greenhills,Woodend-Greenhills,710,590,630,620,610,120,150,250,90,43.4,540,100,10,40,10,19.1,25.2,40,15.4,105,88.5,16.3,1.5,5.9,0.9,166663.6274
363300,0.000375473,Bluff,Bluff,2140,2000,1850,1860,1840,330,430,700,380,47.1,1430,860,120,30,10,17.9,23.4,38,20.7,106,77.9,46.8,6.3,1.4,0.4,24968.77378
188100,0,Inland water Lake Taupo,Inland water Lake Taupo,,,,,,,,,,,,,,,,,,,,,,,,,,169233.6299
258100,0,Three Kings Islands,Three Kings Islands,,,,,,,,,,,,,,,,,,,,,,,,,,34486.44102
101200,0.000206102,Herekino-Takahue,Herekino-Takahue,1110,1080,1000,1020,1010,230,240,370,170,43.2,640,530,40,10,10,22.7,23.7,36,17.2,117,64,53.2,3.9,1,0.6,159366.6923
101300,0.00023263,Peria,Peria,1060,1160,1040,1030,1140,230,260,460,190,46.7,870,470,30,30,0,20.1,23.1,40,16.3,114,75.9,41,3,2.7,0.3,98720.14735
101400,0.000183655,Taemaro-Oruaiti,Taemaro-Oruaiti,620,670,740,710,900,160,190,370,170,48.8,690,360,20,30,0,18.2,21.7,41,18.9,111,76.6,39.9,2.1,3.4,0.1,97653.82107
101500,0.000157127,Whakapaku,Whakapaku,810,810,720,770,770,160,150,290,170,48.3,590,360,20,10,0,21,19.6,37,22.2,101,76.3,47.1,2.4,1.4,0,130513.8856
101600,0.000169371,Hokianga North,Hokianga North,1090,970,840,830,830,210,190,260,160,41.6,210,720,70,10,0,25.4,23.1,32,19.7,100,25.5,85.8,7.8,0.8,0,176113.0725
101700,0.000155087,Kohukohu-Broadwood,Kohukohu-Broadwood,980,770,780,680,760,140,140,290,180,50.7,470,410,60,30,0,18.8,18.8,39,23.6,108,62.5,53.7,7.9,3.5,0.3,98915.05987
101800,0.000283646,Whakarara,Whakarara,1220,1270,1160,1130,1390,280,350,490,280,44.8,810,830,60,30,0,19.8,24.9,35,20.4,99,57.8,59.3,4,1.8,0.2,165636.6474
100700,0.000510154,Kaitaia East,Kaitaia East,2380,2270,2220,2130,2500,680,820,670,320,31.2,1210,1690,170,150,10,27.1,33,27,12.9,93,48.5,67.6,6.9,6.1,0.5,12760.69176
101100,0.000465261,Taumarumaru,Taumarumaru,1610,1750,1720,1970,2280,370,460,730,720,53.1,1810,710,100,80,10,16.3,20,32,31.5,93,79.1,31.2,4.5,3.4,0.5,30406.14447
333000,0,Inland water Lake Ellesmere/Te Waihora South,Inland water Lake Ellesmere/Te Waihora South,,,,,,,,,,,,,,,,,,,,,,,,,,75227.81303
101900,0.000253036,Kaeo,Kaeo,1060,1080,1110,1100,1240,280,310,440,200,41.5,810,640,60,10,0,22.9,25.1,36,16.1,110,65.7,51.3,4.4,0.6,0.1,100821.3033
102000,0.000224468,Omahuta Forest-Horeke,Omahuta Forest-Horeke,1160,1030,1060,950,1100,270,280,370,170,39.7,560,720,40,20,0,24.7,25.6,34,15.7,99,50.5,65.7,3.5,1.8,0.2,213722.7069
103300,0.000281605,Puketona-Waitangi,Puketona-Waitangi,770,1020,1140,1230,1380,240,320,520,300,48.1,1190,350,10,30,0,17.3,23.2,38,21.9,111,86.3,25.1,1,2.4,0.3,145448.8006
103400,0.000379555,Ngapuhi,Ngapuhi,1350,1320,1550,1500,1860,370,640,650,210,36.1,820,1330,130,50,10,19.8,34.2,35,11,146,43.7,71.4,7.2,2.4,0.3,102058.9217
104600,0.000314255,Kawakawa,Kawakawa,1510,1460,1400,1340,1540,420,500,450,160,31.2,630,1140,130,80,0,27.5,32.8,30,10.3,101,41.2,74,8.5,4.9,0.1,8879.063703
100600,0.000259158,Ahipara,Ahipara,930,1050,1120,1130,1270,280,340,450,200,40.9,770,780,80,30,20,22,26.6,36,15.7,94,60.4,61.6,5.9,2.1,1.4,15776.17345
100800,0.000738703,Kaitaia West,Kaitaia West,3080,3070,3180,3160,3620,970,1110,940,600,32.4,1830,2380,320,180,10,26.7,30.7,26,16.6,93,50.6,65.8,8.9,5,0.4,12457.04331
100900,0.00019794,Rangitihi,Rangitihi,800,850,830,890,970,200,260,350,160,42.7,660,480,30,20,0,20.6,26.5,36,16.6,102,68.4,49.7,3.6,2.3,0.1,60638.45792
101000,0.000181615,Oruru-Parapara,Oruru-Parapara,540,660,710,750,890,170,210,370,140,46.8,660,370,30,20,10,18.8,23.3,42,15.8,102,74.9,41.8,3.7,2.2,0.8,67019.31281
108100,0.000334661,Onerahi Park,Onerahi Park,1090,1160,1290,1540,1640,300,450,470,410,43.6,1360,310,50,120,10,18.5,27.6,29,25,92,82.9,18.7,3.3,7.3,0.5,8571.444485
103700,0.000226508,Haruru,Haruru,610,700,800,940,1110,220,270,380,240,44.9,880,290,60,50,20,19.9,24.3,34,21.8,98,78.8,26.3,5,4.2,1.8,8067.418649
103000,0.000532601,Kerikeri Central,Kerikeri Central,1650,1890,2110,2310,2610,440,700,630,840,47.4,2020,620,140,210,30,16.9,26.7,24,32.2,84,77.5,23.6,5.3,8,1.3,11392.97555
103100,0.000538723,Kerikeri South,Kerikeri South,1140,1320,1700,2270,2640,420,590,920,720,50.5,2400,380,60,110,20,15.9,22.4,35,27.1,97,90.9,14.4,2.3,4.2,0.9,28123.27662
103200,0.000242833,Ōhaeawai-Waimate North,Ohaeawai-Waimate North,800,890,890,1010,1190,230,300,420,230,44.7,860,500,30,20,0,19.6,25.4,36,19.6,95,72.7,42.5,2.8,1.6,0.3,50800.28879
103500,0.000950927,Kaikohe,Kaikohe,4200,4160,4190,4280,4660,1400,1510,1200,540,29,1580,3660,400,190,10,30.1,32.4,26,11.6,98,33.8,78.6,8.5,4.2,0.2,14225.54944
103600,0.000138762,Pakaraka,Pakaraka,410,440,520,600,680,150,190,260,90,40.6,550,240,10,0,0,21.5,27.3,38,13.7,101,80.6,35.2,0.9,0.5,0.2,59896.36792
110900,0.000322417,Dome Valley-Matakana,Dome Valley-Matakana,800,960,1170,1330,1580,310,330,620,320,46.6,1490,130,30,70,10,19.9,20.7,39,20.1,100,94.2,8.5,1.8,4.2,0.7,70021.96297
111100,0.000524438,Warkworth West,Warkworth West,1110,1280,1500,1860,2570,440,630,700,800,47.6,2320,250,150,100,10,17.1,24.7,27,31.1,92,90.1,9.8,5.7,3.8,0.5,22617.95868
104500,0.000350986,Moerewa,Moerewa,1630,1620,1470,1480,1720,500,570,490,170,29.3,380,1560,110,30,0,29.1,33,28,9.6,100,22.2,90.4,6.6,1.5,0.2,10465.70331
111200,0.000777475,Puhoi Valley,Puhoi Valley,1910,2320,2820,3290,3810,730,970,1540,570,44.6,3610,270,100,110,30,19.1,25.5,40,15,98,94.6,7.1,2.6,2.9,0.7,142266.5147
105200,0.000350986,Hikurangi,Hikurangi,1480,1470,1460,1550,1720,470,550,500,200,31.4,1180,860,90,60,10,27.5,32.1,29,11.6,92,68.3,49.9,5.3,3.5,0.3,12220.70405
106900,0.000697891,Maunu-Horahora,Maunu-Horahora,2750,2880,3020,3250,3420,680,1020,960,760,40.3,2490,700,80,560,20,20,29.7,28,22.2,95,73,20.4,2.4,16.4,0.7,11385.61138
103900,0.000324458,Paihia,Paihia,1490,1440,1330,1390,1590,220,520,490,360,44.6,1100,570,60,110,20,13.8,32.6,31,22.8,102,69,35.7,3.7,6.9,1.1,10595.09141
104200,0.000126518,Russell Peninsula,Russell Peninsula,470,480,510,560,620,60,90,260,210,58.5,570,90,0,20,10,9,14.9,42,34.3,107,91.4,13.7,0.2,3.3,1.1,76034.34219
104300,0.000240793,Opua (Far North District),Opua (Far North District),960,1040,1140,1080,1180,130,220,460,370,56.1,1020,210,40,40,10,11,18.3,39,31.6,95,86.2,18,3.3,3.7,1.1,19773.74333
104400,0.000146924,Russell Forest-Rawhiti,Russell Forest-Rawhiti,790,740,660,710,720,130,170,260,160,47.9,340,480,40,10,0,18.2,23.7,36,22.5,88,47.4,67.1,5.6,0.8,0.4,284684.9143
117800,0.000418326,Oteha West,Oteha West,30,220,760,1570,2050,410,970,540,140,32.5,440,20,30,1550,80,19.9,47.2,26,6.8,93,21.4,0.9,1.3,75.5,3.7,3493.335056
105500,0.000461179,Kamo West,Kamo West,1610,1730,1790,2140,2260,480,590,690,490,42.3,1890,590,80,100,30,21.5,26.3,30,21.8,94,83.6,26.1,3.6,4.3,1.3,14570.12698
105700,0.000210183,Kiripaka,Kiripaka,540,600,730,960,1030,230,230,420,150,43.9,880,240,30,20,0,22,22.5,41,14.5,100,85.5,23,3.4,2.1,0.1,75963.81012
121200,0.000575454,Sunnynook South,Sunnynook South,2160,2280,2530,2600,2820,520,1230,820,250,33.1,1200,160,120,1490,80,18.3,43.6,29,8.8,102,42.5,5.6,4.4,52.9,2.7,4179.818264
107500,0.000499951,Morningside (Whangarei District),Morningside (Whangarei District),2100,2110,2200,2250,2450,520,880,760,300,33.8,1610,1080,140,200,10,21.1,35.7,31,12.4,99,65.7,44.2,5.6,8.3,0.2,5656.769001
105800,0.000610144,Kamo East,Kamo East,1470,1850,1970,2500,2990,820,1080,750,340,30.3,1950,1330,180,230,20,27.4,36.1,25,11.5,100,65.4,44.7,6.1,7.7,0.7,8019.275617
105900,0.000644835,Granfield Reserve,Granfield Reserve,1920,2040,2320,3080,3160,530,770,850,1010,49,2550,670,70,280,10,16.7,24.5,27,32.1,84,80.8,21.1,2.3,8.8,0.4,8484.261022
106100,0.000589738,Whau Valley,Whau Valley,2490,2540,2650,2760,2890,520,790,910,670,44.1,2250,770,110,220,30,17.9,27.4,31,23.3,90,77.9,26.7,3.8,7.5,1,15109.05078
106300,0.00043057,Pukenui,Pukenui,970,970,1340,1790,2110,390,490,820,410,46.7,1870,240,30,150,20,18.6,23,39,19.3,91,89,11.3,1.2,7.3,1,24141.06003
106200,0.000634632,Tikipunga North,Tikipunga North,2200,2340,2410,2270,3110,770,910,710,720,35.8,2060,1400,230,110,20,24.8,29.2,23,23.1,86,66.1,44.8,7.4,3.6,0.6,9672.467526
106400,0.000450976,Otangarei,Otangarei,2220,2020,2220,1800,2210,650,740,620,200,28.8,650,1750,250,40,10,29.4,33.4,28,9.1,103,29.5,79,11.2,1.7,0.3,5126.757352
106500,0.000822368,Tikipunga South,Tikipunga South,3250,3220,3530,3710,4030,950,1280,1060,750,35.3,2940,1630,230,140,20,23.5,31.7,26,18.6,90,72.9,40.5,5.8,3.4,0.5,8780.585602
106600,0.000683607,Kensington (Whangarei District),Kensington (Whangarei District),3260,3140,3300,3250,3350,480,960,1150,760,46.1,2540,920,150,280,20,14.4,28.6,34,22.7,91,75.7,27.6,4.5,8.4,0.5,10756.66201
107100,0.000204062,Whangārei Central,Whangarei Central,960,900,910,820,1000,140,310,380,170,44.4,610,290,60,160,10,13.8,30.8,38,17.3,101,61.6,28.6,6.2,16.4,1,11177.891
111300,0.0006632,Warkworth East,Warkworth East,1570,1790,2070,2610,3250,600,950,920,770,41.9,2720,310,260,250,40,18.5,29.4,28,23.7,97,83.7,9.5,8.1,7.8,1.1,10996.81637
107200,0.000440773,Riverside,Riverside,1940,1910,2000,1930,2160,370,670,730,390,42.8,1790,610,90,80,10,16.9,31,34,18.2,100,82.8,28.3,4.2,3.6,0.7,13195.86338
107300,0.000712175,Raumanga,Raumanga,3060,2930,3110,3140,3490,960,1290,900,340,28.9,1810,2050,240,170,20,27.6,36.9,26,9.8,102,51.9,58.7,6.9,4.8,0.5,8400.616989
111400,0.000204062,Sandspit,Sandspit,590,670,830,920,1000,130,180,380,310,54.2,970,40,30,20,0,13.1,17.8,38,31.4,98,96.7,3.6,2.5,1.6,0.4,36256.84828
107900,2.04E-05,Port-Limeburners,Port-Limeburners,30,60,50,40,100,10,30,50,20,48.7,70,30,0,20,0,8,28.1,45,18.9,223,67.2,25.3,1.3,15.5,0,14611.73511
128400,0.000614226,Henderson East,Henderson East,2470,2130,2330,2760,3010,600,1130,900,380,34.5,1320,440,640,1020,70,20,37.4,30,12.6,96,44,14.6,21.4,33.9,2.3,3711.747256
108200,0.000518317,Sherwood Rise,Sherwood Rise,2420,2340,2400,2430,2540,540,800,730,460,37.1,1910,850,90,90,20,21.4,31.6,29,18.2,90,75.1,33.6,3.7,3.6,0.8,5510.245586
108300,0.000516276,Onerahi,Onerahi,2240,2150,2260,2330,2530,530,720,770,510,40.3,1870,880,140,80,10,21.1,28.5,30,20,89,74.1,34.9,5.7,3.3,0.3,7711.773415
145200,0.000685647,Oranga,Oranga,2780,2830,2990,3130,3360,820,1350,890,310,29.7,1090,560,1700,520,80,24.3,40.2,26,9.1,100,32.3,16.8,50.6,15.6,2.2,3769.27608
111500,0.000414245,Tawharanui Peninsula,Tawharanui Peninsula,1110,1290,1410,1700,2030,280,340,800,600,55,1930,140,40,40,10,13.8,16.9,40,29.7,99,95.5,6.7,2.2,1.7,0.5,77981.6529
111600,0.000524438,Te Kuru,Te Kuru,1100,1330,1740,2100,2570,580,760,980,260,38.7,2430,290,60,70,20,22.3,29.7,38,10,100,94.6,11.3,2.5,2.7,0.8,73008.30826
111700,0.000722378,Snells Beach,Snells Beach,2360,2700,2810,3050,3540,620,860,1050,1000,47.4,3220,380,180,120,30,17.5,24.3,30,28.4,96,91,10.8,5.2,3.4,0.9,13976.59054
115100,0.000581576,Stanmore Bay East,Stanmore Bay East,1930,2210,2460,2680,2850,520,990,920,420,37,2530,380,80,200,40,18.4,34.6,32,14.6,99,88.9,13.5,2.9,6.9,1.4,4882.590355
108700,0.000469342,Marsden Bay,Marsden Bay,970,920,1000,1610,2300,430,510,750,610,47.7,2010,450,70,100,10,18.8,22.2,33,26.4,95,87.3,19.5,3.2,4.3,0.6,8586.816004
109100,0.000781556,Kaipara Coastal,Kaipara Coastal,3800,3630,3530,3710,3830,750,990,1400,690,44.3,3070,1170,120,120,10,19.6,25.9,36,18,110,80.2,30.7,3.2,3.1,0.3,320510.0505
109200,0.000375473,Maungaru,Maungaru,1710,1700,1760,1820,1840,390,470,680,310,43.4,1700,390,50,30,0,20.9,25.6,37,16.6,103,92.2,21.4,2.8,1.7,0.1,174417.6848
119000,0.000616266,Rothesay Bay,Rothesay Bay,2430,2520,2760,2860,3020,570,960,1080,410,39.5,2400,140,60,570,60,18.8,31.9,36,13.5,97,79.4,4.7,1.9,18.8,1.9,5248.594837
109300,0.001008065,Dargaville,Dargaville,4580,4670,4570,4610,4940,960,1350,1390,1240,43.6,3490,1810,370,220,20,19.5,27.2,28,25.2,96,70.7,36.6,7.4,4.4,0.3,21534.24355
109400,0.000516276,Ruawai-Matakohe,Ruawai-Matakohe,2540,2480,2300,2470,2530,460,600,980,490,47.1,2190,670,60,30,10,18.2,23.6,39,19.6,112,86.6,26.5,2.5,1.1,0.5,248614.6258
109500,0.00036323,Otamatea (Kaipara District),Otamatea (Kaipara District),1300,1320,1430,1590,1780,360,410,610,400,46.8,1620,300,40,30,0,20,23,35,22.4,106,91.2,17.1,2.4,1.4,0.2,205263.0982
109600,0.000269361,Maungaturoto,Maungaturoto,1050,980,1150,1170,1320,300,410,380,240,36.6,1130,320,40,30,0,22.5,30.9,29,17.9,102,86.2,24.1,3.1,2.4,0,29265.17428
110100,0.000206102,Mangawhai,Mangawhai,290,350,360,540,1010,170,200,290,350,54.6,940,140,20,30,10,17.2,19.5,29,34.7,88,93.4,14.2,2.2,3.1,0.9,8934.137173
110500,0.000414245,Wellsford,Wellsford,1700,1810,1720,1790,2030,470,700,530,330,33.9,1600,520,110,130,10,23,34.5,26,16.4,105,79,25.5,5.5,6.5,0.6,11565.1051
110700,0.000550966,South Head,South Head,1420,1710,1950,2120,2700,550,730,1020,400,42,2380,510,110,80,20,20.4,27,38,14.9,104,88.3,19.1,3.9,3,0.8,208091.4886
110800,0.000416286,Kaipara Hills,Kaipara Hills,1060,1180,1530,1750,2040,470,530,820,210,40.9,1800,380,40,60,0,23,26.2,40,10.5,105,88.4,18.9,1.9,2.9,0.2,126644.1995
113300,0.00049587,Millwater South,Millwater South,70,80,60,140,2430,690,920,670,150,33.1,1450,100,20,950,50,28.3,37.7,28,6.2,100,59.5,4.2,0.6,39.3,2,9534.328529
113400,0.000381595,Dairy Flat North,Dairy Flat North,1140,1240,1480,1700,1870,330,630,700,210,38.8,1510,130,20,330,10,17.4,33.7,38,11.3,100,80.7,6.7,1.1,17.6,0.5,29606.65413
112500,0.000326499,Waitoki,Waitoki,900,1050,1330,1370,1600,310,450,650,180,42.4,1520,130,20,50,10,19.5,28,41,11.6,100,95,8,1.2,3.2,0.5,32611.5512
112700,0.000863181,Orewa North,Orewa North,660,1030,1940,2890,4230,600,950,1180,1510,51.7,3540,200,90,610,50,14.1,22.4,28,35.8,87,83.6,4.6,2,14.4,1.2,6884.758879
186500,0.000473423,Stanley Park,Stanley Park,2620,2360,2120,2140,2320,570,670,750,340,36.4,1280,1050,490,120,10,24.4,29,32,14.5,101,55.1,45.2,21,5,0.6,5048.916247
112900,0.000634632,Orewa South,Orewa South,1850,2370,2900,2980,3110,390,560,820,1350,59.4,2770,200,90,290,10,12.4,17.9,26,43.5,80,89,6.3,2.9,9.5,0.4,11654.22697
113100,0.000783597,Millwater North,Millwater North,20,30,40,780,3840,980,1210,1270,380,36.4,2760,200,40,1050,50,25.5,31.5,33,10,98,71.8,5.2,1.1,27.3,1.4,7907.163653
119600,0.000381595,Westgate South,Westgate South,690,920,1360,1640,1870,320,680,560,300,37.4,970,320,260,590,40,17.1,36.6,30,16.2,94,51.9,16.9,13.8,31.7,2.1,6899.486173
113500,0.000306092,Dairy Flat West,Dairy Flat West,960,1090,1200,1350,1500,270,430,610,200,43.4,1370,110,30,110,10,17.9,28.5,40,13.1,98,91.1,7.5,2,7.6,0.8,30847.69924
113600,0.00046322,Kingsway,Kingsway,810,910,1300,1930,2270,490,730,800,260,37.6,1920,150,70,290,30,21.5,31.9,35,11.5,97,84.3,6.6,2.9,12.7,1.3,5632.984708
119700,0.00036323,Windsor Park,Windsor Park,800,1100,1580,1710,1780,270,570,480,450,42.8,890,60,30,860,30,15.3,32.3,27,25.3,82,50,3.1,1.7,48.5,1.6,4403.735747
113800,6.33E-05,Silverdale Central (Auckland),Silverdale Central (Auckland),250,250,260,290,310,30,130,120,30,38.6,210,40,10,80,0,10.8,41.1,39,9.1,191,67,12.1,3.2,24.8,0.3,12556.39704
142300,0.000738703,Waikowhai North,Waikowhai North,2840,3070,3400,3410,3620,810,1600,920,280,30.1,710,290,1130,1680,150,22.4,44.3,25,7.9,100,19.7,8.1,31.2,46.6,4.1,4741.934977
113900,0.000444854,Red Beach West,Red Beach West,1380,1470,1610,2000,2180,350,530,550,750,49.2,1950,150,60,190,20,15.9,24.3,25,34.5,86,89.1,6.9,2.9,8.9,0.9,9352.857599
115700,0.00062851,Gulf Harbour North,Gulf Harbour North,410,1240,2040,2590,3080,720,890,1040,430,38.3,2640,220,70,390,60,23.4,28.9,34,13.9,102,85.6,7.2,2.3,12.6,1.9,6842.197617
114000,0.000844815,Red Beach East,Red Beach East,3180,3540,3710,3960,4140,730,1100,1400,910,44.8,3840,360,100,200,40,17.6,26.6,34,22,91,92.7,8.6,2.3,4.8,1,6924.577408
114100,0.000422408,Silverdale South (Auckland),Silverdale South (Auckland),1060,1220,1600,1900,2070,380,600,860,220,42.1,1880,160,20,150,20,18.6,29.1,42,10.7,103,90.7,7.5,1.2,7.4,0.8,33307.03463
211100,0.000453017,Parkvale,Parkvale,1790,1870,1960,2130,2220,370,570,630,650,46.9,1920,340,80,160,10,16.7,25.6,28,29.2,87,86.6,15.3,3.7,7.1,0.3,5042.985393
114200,0.000281605,Waimauku,Waimauku,570,750,1050,1230,1380,300,380,530,170,40.5,1300,160,40,60,0,21.7,27.6,38,12.3,100,94.8,11.3,3,4.4,0.2,16817.5494
115200,0.000499951,Manly West,Manly West,1970,2060,2260,2400,2450,410,650,890,510,45.8,2250,220,80,130,20,16.6,26.5,36,20.8,92,91.7,8.9,3.4,5.4,0.9,6337.030745
214700,0.000473423,Pirimai East,Pirimai East,2150,2100,2210,2200,2320,570,840,630,280,32.7,1840,640,100,140,10,24.4,36.2,27,12.3,104,79.3,27.8,4.2,5.9,0.6,3907.131953
114500,0.00026528,Muriwai,Muriwai,850,1060,1080,1190,1300,290,360,530,120,39.9,1240,140,30,50,20,22.4,27.8,41,9,104,95.8,10.9,2.6,3.8,1.4,11909.54602
114600,0.000575454,Stanmore Bay West,Stanmore Bay West,1970,2540,2710,2690,2820,670,940,910,290,35,2500,320,100,220,40,23.7,33.4,32,10.4,99,88.8,11.3,3.7,7.9,1.3,4684.725036
198900,0.000381595,Fairy Springs,Fairy Springs,1730,1690,1690,1650,1870,440,660,520,240,33.6,1080,970,140,160,10,23.5,35.5,28,12.9,92,58.1,52.1,7.5,8.4,0.4,5389.570383
114900,0.000799922,Whangaparāoa Central,Whangaparaoa Central,1930,2410,2780,3370,3920,740,1260,1410,520,39.1,3480,330,90,370,40,18.8,32.2,36,13.2,100,88.6,8.4,2.3,9.4,0.9,9263.246951
116500,0.00029793,Long Bay,Long Bay,160,160,150,190,1460,300,540,490,130,35.4,680,30,20,750,40,20.8,37.2,33,8.8,99,46.4,2.1,1.3,51.4,2.5,10832.40044
115000,0.000730541,Kumeu-Huapai,Kumeu-Huapai,1230,1350,1440,1470,3580,850,1280,1080,370,34.9,2940,310,130,550,60,23.7,35.7,30,10.4,98,82.2,8.7,3.7,15.3,1.7,16722.25759
153600,0.000442814,Aorere Central,Aorere Central,1870,1910,2020,2080,2170,510,870,600,190,30.1,360,370,1160,640,10,23.6,40,28,8.8,99,16.8,17.2,53.4,29.4,0.5,3874.235909
116700,0.00069381,Albany Heights,Albany Heights,440,600,1760,2400,3400,590,1590,1000,220,32.5,1720,120,50,1580,110,17.4,46.9,29,6.4,100,50.7,3.4,1.4,46.6,3.3,10337.39924
195500,0.000614226,Arataki South,Arataki South,2640,2730,2830,2870,3010,660,1130,820,400,33.7,2310,840,110,190,60,21.9,37.5,27,13.3,94,76.7,28,3.6,6.4,2.1,5056.801611
118100,0.000740744,Albany South,Albany South,810,2850,3490,3450,3630,590,1360,1150,530,37.4,1840,120,60,1640,150,16.2,37.4,32,14.5,96,50.7,3.3,1.6,45.2,4,7474.816112
214800,0.000348945,Onekawa East,Onekawa East,1480,1440,1590,1520,1710,410,520,450,320,36,1130,670,170,60,20,24.2,30.7,26,18.8,93,66.3,39.5,9.8,3.7,0.9,3537.356657
115400,0.000418326,Tindalls-Matakatia,Tindalls-Matakatia,1210,1360,1590,1840,2050,310,530,760,450,48.1,1910,120,40,120,10,15.1,25.8,37,22.1,100,93,6.1,2,5.9,0.5,10452.52694
116900,0.0008591,Fairview Heights,Fairview Heights,460,520,1170,3100,4210,730,1900,1040,540,33.8,1600,120,60,2470,140,17.2,45.2,25,12.8,95,38.1,2.8,1.4,58.6,3.3,5385.401213
115800,0.000750947,Manly East,Manly East,2650,2990,3160,3520,3680,670,1000,1170,830,43.9,3450,380,110,130,20,18.2,27.3,32,22.6,92,93.9,10.2,3,3.5,0.6,6400.186919
117500,0.000697891,Glamorgan,Glamorgan,3030,2970,3170,3250,3420,680,1230,1150,360,36,2760,280,90,560,60,20,35.9,34,10.5,99,80.8,8,2.5,16.3,1.8,4929.2999
115900,0.00059586,Riverhead,Riverhead,1060,1220,1350,1440,2920,720,1020,960,220,35.3,2540,300,100,270,30,24.7,34.8,33,7.6,105,87,10.2,3.4,9.3,1.1,12654.62
117600,0.000699931,Oteha East,Oteha East,580,1660,2450,3240,3430,660,1360,980,430,35.6,1610,110,60,1720,110,19.4,39.6,29,12.5,92,46.7,3.2,1.7,50,3.3,4511.977422
116200,0.000575454,Gulf Harbour South,Gulf Harbour South,170,520,1360,1920,2820,520,790,990,520,42.7,2270,110,70,510,60,18.4,28.1,35,18.4,100,80.4,3.8,2.4,18.1,2,11997.96957
154800,0.001030511,Papatoetoe West,Papatoetoe West,3370,3550,4090,4530,5050,1180,2240,1270,360,29.3,950,630,1660,2430,70,23.3,44.3,25,7.2,107,18.7,12.5,32.9,48,1.4,5677.059847
117200,0.000912156,Torbay,Torbay,3570,3860,4140,4240,4470,800,1360,1580,730,41.6,3860,230,120,530,40,17.9,30.4,35,16.3,98,86.4,5.1,2.6,11.8,1,7485.324347
117700,0.000704013,Northcross,Northcross,2850,3050,3290,3370,3450,610,1280,1160,400,37,2380,180,60,1000,70,17.7,37.1,34,11.7,100,69,5.2,1.6,29.1,1.9,5329.656837
257100,0.000593819,Carterton South,Carterton South,2200,2240,2240,2570,2910,550,710,960,690,45.4,2590,520,70,90,0,19,24.3,33,23.6,90,89,17.8,2.6,3.2,0.1,7275.9853
117400,0.000610144,Albany West,Albany West,230,1430,2180,2550,2990,510,1050,790,640,38.6,1600,110,40,1290,90,17.1,35,26,21.5,94,53.5,3.6,1.4,43.1,3,10002.12052
257200,0.000183655,Gladstone (Carterton District),Gladstone (Carterton District),650,670,740,850,900,200,210,360,130,42.9,860,130,10,0,0,22,23.8,40,14.2,106,95.6,14.2,1.3,0.5,0.1,204361.063
257300,0.000285686,Tauherenikau,Tauherenikau,930,900,1010,1260,1400,260,280,620,240,47.2,1320,110,20,40,10,18.3,20,44,17.3,101,94.2,7.9,1.4,2.6,0.5,135533.1562
118000,0.000408123,Waitakere,Waitakere,1510,1640,1830,1880,2000,390,620,780,210,39.4,1850,290,130,80,20,19.4,31.3,39,10.4,101,92.6,14.7,6.5,4.2,0.8,23634.58517
119900,0.000501992,Unsworth Heights West,Unsworth Heights West,710,1680,2200,2450,2460,370,910,810,370,38.6,1080,80,60,1130,250,15,36.8,33,15.2,93,43.9,3.2,2.4,45.9,10.1,4938.460606
257400,0.000216305,Kahutara,Kahutara,980,980,950,1010,1060,210,310,420,120,41.1,1000,130,20,20,10,19.6,29.1,40,11.7,114,94,11.9,1.8,2.3,0.5,194617.1812
118200,0.000906034,Browns Bay South West,Browns Bay South West,3470,3850,4110,4210,4440,860,1680,1440,470,35.8,2900,240,90,1430,130,19.4,37.8,32,10.5,100,65.3,5.3,2.1,32.1,3,5077.473678
118300,0.000604022,Browns Bay Central,Browns Bay Central,2260,2400,2570,2800,2960,430,900,1000,630,43.7,2320,140,50,560,70,14.6,30.4,34,21.3,95,78.2,4.9,1.8,19,2.3,5815.760547
118600,0.000179574,North Harbour,North Harbour,120,290,470,600,880,90,370,240,190,38.8,570,50,10,270,30,10.2,41.9,27,21.3,114,64.2,5.9,1.3,30.5,3.5,13568.4009
118400,0.000865221,Schnapper Rock,Schnapper Rock,240,250,1510,3960,4240,900,1670,1430,240,33.7,1850,120,50,2280,140,21.2,39.3,34,5.8,95,43.6,2.8,1.2,53.7,3.4,8266.870937
118500,0.000944805,Pinehill,Pinehill,900,1500,2850,4230,4630,780,2050,1430,380,33.8,1320,120,50,3220,100,16.8,44.2,31,8.2,92,28.4,2.5,1.1,69.6,2.3,5341.314501
118800,8.16E-06,Westgate Central,Westgate Central,80,100,90,80,40,10,20,20,0,37.7,20,10,0,10,0,18.7,37.4,35,9.1,127,52.8,26.8,2.1,28.3,0,6191.681044
118900,0.000742784,Greenhithe West,Greenhithe West,2330,2780,3140,3640,3640,690,1070,1510,370,41.6,3090,180,70,510,60,18.9,29.4,42,10.2,101,84.9,5,1.8,14.1,1.6,10683.40958
120000,0.000455057,Murrays Bay East,Murrays Bay East,2120,2080,2160,2240,2230,370,670,830,350,42.7,1770,90,20,400,60,16.8,30.2,37,15.7,94,79.5,3.9,0.8,17.9,2.6,4367.806433
121400,0.000508113,Bayview West,Bayview West,2250,2240,2280,2400,2490,530,1030,720,210,33.6,1550,210,150,760,100,21.1,41.4,29,8.5,99,62.1,8.3,6.1,30.6,4.2,3779.411106
119100,0.000665241,Greenhithe East,Greenhithe East,310,500,1940,2970,3260,750,1180,1100,230,34.8,1940,120,70,1220,110,22.9,36.3,34,7.1,97,59.4,3.8,2.1,37.5,3.3,7895.9842
119800,0.000924399,West Harbour West,West Harbour West,4300,4330,4300,4330,4530,1170,1850,1240,270,30.7,2510,920,990,920,120,25.9,40.7,27,5.9,103,55.4,20.3,21.8,20.3,2.6,6740.650497
158300,0.000744825,Hilltop (Auckland),Hilltop (Auckland),910,1580,1910,2480,3650,760,1670,930,290,31.5,820,380,700,2070,120,20.7,45.8,26,7.9,105,22.3,10.4,19.1,56.7,3.4,5537.406676
119400,0.000428529,Greenhithe South,Greenhithe South,790,990,1120,1480,2100,410,740,740,210,36.9,1370,110,50,710,10,19.5,35.4,35,9.9,101,65.2,5.2,2.5,34.1,0.7,13106.07061
119500,0.000565251,Murrays Bay West,Murrays Bay West,2260,2390,2650,2710,2770,510,950,1020,300,37.6,1790,130,30,930,70,18.3,34.2,37,10.8,97,64.5,4.8,1.2,33.7,2.4,4533.518861
120100,0.000128559,Birdwood West,Birdwood West,540,520,540,590,630,110,210,230,90,40.4,530,120,40,60,10,16.7,32.9,36,14,98,83.7,18.6,5.8,10.1,2.1,13929.30463
120500,0.000626469,Mairangi Bay North,Mairangi Bay North,2670,2560,2830,2850,3070,570,890,1130,480,41.9,2060,150,50,930,60,18.5,29,37,15.6,96,67.2,4.8,1.8,30.2,2,4958.496499
158400,0.00089379,Wiri East,Wiri East,3360,3630,3840,3750,4380,1280,1710,940,440,27.3,740,1210,2380,780,70,29.2,39.2,22,10.1,97,17,27.6,54.5,17.9,1.5,5977.487193
120300,0.000930521,West Harbour Clearwater Cove,West Harbour Clearwater Cove,3300,3890,4260,4310,4560,830,1390,1620,730,41.1,2860,300,200,1550,90,18.2,30.4,36,15.9,97,62.7,6.5,4.4,33.9,1.9,9190.555825
120400,0.000771353,Unsworth Heights East,Unsworth Heights East,2890,3310,3350,3370,3780,620,1550,1100,510,35.1,1790,230,180,1610,260,16.5,41,29,13.4,100,47.4,6.2,4.7,42.7,6.8,4975.538636
120600,0.000726459,Massey Central,Massey Central,2420,2830,3030,3170,3560,890,1470,950,250,30,1670,710,1030,770,100,25.1,41.3,27,6.9,102,46.9,19.9,28.8,21.5,2.9,5214.152733
120700,0.000577494,West Harbour Luckens Point,West Harbour Luckens Point,1860,2490,2790,2840,2830,500,990,1020,330,38,1700,190,90,1070,40,17.6,35,36,11.5,97,59.9,6.8,3.3,37.7,1.5,5476.580488
120800,0.000587698,Mairangi Bay South,Mairangi Bay South,2440,2430,2710,2780,2880,520,860,1040,470,41.7,2090,150,60,760,30,17.9,29.9,36,16.3,90,72.5,5.2,1.9,26.3,1.2,4814.65513
121000,0.000781556,Bayview East,Bayview East,2720,2810,3150,3400,3830,780,1670,1110,280,32.7,1940,340,280,1540,160,20.3,43.6,29,7.2,103,50.6,8.9,7.4,40.2,4.1,6067.694635
121100,0.00049587,Swanson Rural,Swanson Rural,2040,2250,2120,2230,2430,410,780,940,300,40.8,2130,350,120,180,40,16.7,32.2,39,12.3,106,87.5,14.3,5,7.2,1.5,22552.46841
121600,0.000748906,Royal Heights North,Royal Heights North,2820,2880,3460,3540,3670,760,1420,1110,380,33,2220,570,700,760,100,20.7,38.7,30,10.3,98,60.5,15.6,19,20.6,2.8,6735.074183
316000,0.000261199,Kaiapoi West,Kaiapoi West,1290,1350,1290,1320,1280,230,430,360,260,38.4,1160,210,10,30,10,17.9,33.8,28,20.2,104,90.8,16.4,1.1,2.3,0.6,2871.871075
121700,0.000310174,Massey West,Massey West,560,580,610,1180,1520,320,680,400,130,31.5,630,220,230,620,30,21.1,44.5,26,8.4,105,41.5,14.6,14.9,41,1.9,7602.289026
121800,0.0007285,Beach Haven West,Beach Haven West,2980,3030,3280,3440,3570,770,1300,1110,380,35.5,2810,460,290,480,100,21.5,36.5,31,10.8,100,78.8,13,8.2,13.3,2.8,6340.606182
121900,0.000838693,Totara Vale South,Totara Vale South,3190,3260,3610,3790,4110,700,1910,1150,350,33.3,1700,310,200,2080,180,16.9,46.6,28,8.5,106,41.4,7.4,4.9,50.7,4.3,5397.328029
122000,0.000477504,Swanson,Swanson,1240,1390,1440,1720,2340,520,950,690,180,32.8,1450,360,270,610,30,22.1,40.6,30,7.6,97,62.1,15.2,11.4,25.9,1.3,10271.91646
199000,0.000499951,Western Heights (Rotorua District),Western Heights (Rotorua District),2160,2090,2230,2090,2450,720,920,630,190,27.4,1140,1650,290,100,0,29.3,37.4,26,7.7,96,46.7,67.2,12,3.9,0.1,4976.09461
126100,0.000548926,Summerland North,Summerland North,270,1190,2370,2520,2690,520,930,890,360,37.6,1220,170,180,1280,70,19.2,34.4,33,13.3,97,45.2,6.4,6.5,47.7,2.8,4669.18861
122100,0.00066116,Bayview South,Bayview South,2300,2530,2910,3050,3240,600,1490,900,240,32.6,1640,220,150,1370,110,18.7,46.2,28,7.4,105,50.7,6.9,4.6,42.2,3.5,6040.261121
122200,0.000614226,Campbells Bay,Campbells Bay,2580,2700,2820,2970,3010,560,820,1150,470,43.1,2420,120,20,560,60,18.7,27.4,38,15.6,97,80.5,4.1,0.6,18.8,2.1,5829.731771
215000,0.000714216,Marewa East,Marewa East,3150,3020,3120,3140,3500,860,1200,1030,410,33,2350,1480,210,130,60,24.5,34.4,29,11.8,92,67.2,42.2,6,3.8,1.8,5110.525162
122300,0.000808084,Royal Heights South,Royal Heights South,3030,3100,3320,3590,3960,950,1570,1050,390,31.1,1900,770,980,920,150,24,39.6,27,9.8,101,48,19.4,24.9,23.3,3.8,5549.875167
122400,0.000844815,Beach Haven East,Beach Haven East,3740,3720,4000,4000,4140,980,1670,1180,310,31.9,2590,860,820,620,120,23.7,40.3,29,7.5,94,62.5,20.9,19.7,14.9,2.8,6664.385121
215100,0.000675444,Onekawa South,Onekawa South,2830,2890,2940,3060,3310,900,1200,850,360,29.6,2170,1410,220,150,40,27.1,36.3,26,11,96,65.5,42.4,6.5,4.5,1.1,4765.3369
122500,0.000765231,Massey East,Massey East,2380,2460,3140,3480,3750,880,1600,1000,270,29.9,1490,730,1160,970,110,23.5,42.6,27,7.2,102,39.7,19.4,31,25.8,2.9,5572.499851
122700,0.000726459,Glenfield North,Glenfield North,2610,2940,3060,3240,3560,630,1640,970,330,32.7,1390,210,160,1980,110,17.7,45.9,27,9.2,103,38.9,6,4.6,55.5,3.2,4471.68295
123100,0.000665241,Glenfield West,Glenfield West,2460,2600,2710,2910,3260,520,1420,860,460,34.6,1500,240,180,1540,130,16,43.5,26,14,96,45.8,7.3,5.5,47.2,4,4604.828104
210700,0.000491789,Akina Park,Akina Park,2070,2190,2160,2300,2410,450,860,760,350,37.1,1590,640,100,390,30,18.5,35.7,31,14.4,95,66,26.7,4.1,16.3,1.4,4685.585536
122800,0.000891749,Birkdale North,Birkdale North,3810,3840,4000,4200,4370,950,1840,1170,410,32.9,2780,670,480,1020,130,21.6,42.1,27,9.4,97,63.5,15.4,11.1,23.4,2.9,6325.832713
122900,0.000977455,Massey South,Massey South,4110,4110,4210,4440,4790,1150,2040,1250,350,30.9,2460,1010,1190,1040,90,24,42.6,26,7.2,107,51.3,21.2,24.9,21.8,1.8,7292.867259
123200,0.00069585,Te Atatū Peninsula North West,Te Atatu Peninsula North West,2750,2850,2920,3180,3410,820,1210,1050,330,34.5,2360,730,540,460,80,24,35.6,31,9.7,99,69.2,21.3,15.8,13.6,2.3,6836.521991
123300,0.000873384,Glenfield South West,Glenfield South West,2990,3300,3450,3820,4280,800,1890,1260,330,33.4,2160,340,290,1790,170,18.8,44.1,29,7.7,101,50.6,8,6.8,41.9,4,5368.18913
123500,4.49E-05,Wairau Valley,Wairau Valley,100,110,110,180,220,30,80,100,20,43.3,130,10,20,70,0,11.4,34.2,45,9.2,159,60.5,6.7,6.9,32.5,1.7,11512.29515
123800,0.00076115,Rānui Domain,Ranui Domain,1990,2430,3370,3460,3730,950,1440,1030,320,31.1,1330,870,1070,1030,120,25.5,38.5,28,8.6,97,35.6,23.4,28.7,27.7,3.2,4713.470161
124200,0.000567291,Rānui South West,Ranui South West,930,1140,1700,2290,2780,680,1130,770,190,30.4,1250,540,640,740,70,24.5,40.8,28,6.8,101,44.9,19.4,22.9,26.8,2.6,3667.49729
124300,0.000906034,Henderson Larnoch,Henderson Larnoch,3250,3530,3680,4040,4440,1080,1720,1230,410,32,1540,950,1290,1330,110,24.3,38.7,28,9.1,102,34.7,21.4,29,30.1,2.6,5035.596876
123900,0.000671363,Beach Haven South,Beach Haven South,2880,2850,3090,3190,3290,630,1090,1130,440,38.6,2680,290,150,480,60,19,33.1,34,13.4,102,81.5,8.8,4.6,14.6,1.7,7335.747047
124000,0.000887668,Glenfield Central,Glenfield Central,3390,3730,3910,4100,4350,670,1930,1190,550,34.2,1870,240,120,2230,160,15.5,44.5,27,12.7,94,43.1,5.5,2.7,51.4,3.6,4699.452676
124100,0.000208143,Piha,Piha,690,790,850,890,1020,190,250,440,140,43.7,970,140,30,30,10,18.5,24.6,43,13.7,104,95.6,13.6,3.4,3.3,0.8,18497.03691
124400,0.001006024,Birkdale South,Birkdale South,3810,3880,4330,4560,4930,1050,2090,1400,380,33.1,3300,550,440,1110,200,21.4,42.4,28,7.7,101,67.1,11.2,8.9,22.6,4.1,6545.956166
124500,0.000712175,Te Atatū Peninsula Central,Te Atatu Peninsula Central,2810,2890,3000,3100,3490,840,1170,1090,400,35.7,2230,770,660,530,50,24.2,33.4,31,11.3,97,63.7,22.1,18.8,15.3,1.4,5673.220447
125400,0.000659119,Milford West,Milford West,2570,2700,2950,3010,3230,520,990,1110,610,41.7,2090,150,50,1040,90,16.2,30.7,34,18.9,89,64.6,4.6,1.5,32.3,2.6,4374.714138
210800,0.000414245,Queens Square,Queens Square,1930,1890,1820,1920,2030,390,720,610,320,36.2,1470,470,160,260,10,19.1,35.2,30,15.6,92,72.3,23.4,7.7,12.8,0.7,3394.356198
124800,0.000801962,Te Atatū Peninsula West,Te Atatu Peninsula West,3240,3410,3370,3790,3930,970,1420,1190,350,34,2580,820,600,660,80,24.7,36.1,30,9,98,65.6,20.9,15.3,16.9,2.1,8233.651147
124900,0.000697891,Henderson Lincoln West,Henderson Lincoln West,2340,2820,2930,3140,3420,800,1350,940,320,31.9,1180,610,880,1260,110,23.4,39.6,28,9.3,98,34.5,17.7,25.9,37,3.1,6787.968362
125100,3.06E-05,Henderson Lincoln East,Henderson Lincoln East,350,400,330,320,150,20,60,60,10,35.6,90,10,10,50,0,14.5,41.1,39,5.4,135,61.5,8.9,9.4,33.3,0.8,9279.997679
125500,0.000636672,Westlake,Westlake,2340,2400,2650,2950,3120,530,1120,880,590,38,1710,100,70,1350,80,17,35.8,28,19,82,54.8,3.3,2.2,43.1,2.5,3775.969067
125300,0.000622388,Te Atatū Peninsula East,Te Atatu Peninsula East,1180,1610,2930,3060,3050,570,950,1050,480,40.1,1830,420,310,910,70,18.6,31.2,34,15.9,92,60,13.6,10,30,2.3,9444.037395
125600,0.000732581,Hillcrest North (Auckland),Hillcrest North (Auckland),2640,2860,3170,3400,3590,570,1420,1140,460,36.3,1620,230,120,1800,90,16,39.5,32,12.8,93,45,6.4,3.2,50,2.4,5838.434759
125700,0.000550966,Henderson Lincoln South,Henderson Lincoln South,1610,2200,2270,2410,2700,550,1030,830,300,34.9,1000,410,470,1140,80,20.4,38,31,11.1,99,36.9,15.3,17.2,42.4,3.1,6855.516543
125800,0.00069381,Hillcrest West (Auckland),Hillcrest West (Auckland),2910,2930,3070,3100,3400,630,1350,1050,360,35.2,2120,210,90,1180,70,18.7,39.8,31,10.7,96,62.5,6.2,2.8,34.7,2.1,4453.035638
125900,0.000410164,Milford Central,Milford Central,1930,1960,2050,2000,2010,220,480,690,630,53.3,1670,60,20,300,50,10.7,23.7,34,31.3,91,83.2,3,1,14.9,2.5,4399.910319
126000,0.000687688,Summerland South,Summerland South,150,660,2400,3280,3370,640,1200,1070,460,36.7,1540,260,310,1510,120,19,35.6,32,13.6,97,45.9,7.8,9.2,44.9,3.4,5568.647858
126200,0.000842775,Hillcrest East (Auckland),Hillcrest East (Auckland),3510,3710,3840,3850,4130,780,1650,1210,500,35.1,2320,300,150,1630,110,18.8,40,29,12.1,91,56.1,7.2,3.6,39.5,2.6,4282.509174
126900,0.000963171,Western Heights (Auckland),Western Heights (Auckland),2080,2700,3550,4080,4720,910,1810,1530,470,34.8,2280,500,520,1930,130,19.3,38.3,32,10,100,48.3,10.5,11.1,40.9,2.7,6825.765415
136100,0.000367311,Grafton,Grafton,1830,1740,1840,1980,1800,120,1150,390,150,29.4,1070,130,70,650,80,6.9,63.6,21,8.1,102,59.1,7.3,4.1,35.9,4.4,5182.680205
126300,0.000755028,Chatswood,Chatswood,3490,3450,3620,3620,3700,640,1300,1190,580,38.5,2200,170,60,1420,90,17.2,35.1,32,15.5,97,59.5,4.6,1.7,38.4,2.5,9344.646931
126500,0.000614226,Birkenhead North,Birkenhead North,2150,2440,2740,2900,3010,480,1220,900,410,36,1910,180,80,980,100,16,40.5,30,13.5,90,63.7,6.1,2.8,32.7,3.2,5868.291693
126600,0.000967252,Takapuna West,Takapuna West,3220,3290,3590,4290,4740,710,1730,1280,1010,39,2940,200,110,1570,220,15.1,36.5,27,21.4,90,62.1,4.2,2.3,33.1,4.6,11462.56882
132900,0.000634632,Fruitvale,Fruitvale,2310,2510,2830,2880,3110,570,1280,920,340,33.9,1560,380,440,1130,100,18.4,41,30,11,98,50.1,12.1,14.2,36.1,3.3,4862.531647
126800,0.000510154,Takapuna Central,Takapuna Central,1750,1930,2120,2350,2500,210,690,870,730,53.1,2060,100,30,380,90,8.4,27.7,35,29.3,89,82.1,4,1.1,15,3.6,7927.334716
134000,0.000422408,Cheltenham,Cheltenham,2230,2150,2180,2190,2070,350,480,790,450,47.6,1960,100,50,100,20,16.8,23.2,38,21.9,96,94.7,5.1,2.6,4.6,1,4482.750906
127000,0.000918277,Te Atatū South-Central,Te Atatu South-Central,3570,3790,3940,4080,4500,850,1710,1460,480,35.5,2500,610,670,1360,80,18.9,38,33,10.6,99,55.5,13.7,14.9,30.2,1.9,6828.851126
127100,0.000512195,Northcote Central (Auckland),Northcote Central (Auckland),2310,2480,2570,2530,2510,450,1070,620,380,32.9,960,350,530,850,100,17.9,42.6,25,15,98,38.2,14.1,21.1,34,4.1,3534.390714
127300,0.000538723,Northcote South (Auckland),Northcote South (Auckland),2100,2210,2450,2480,2640,430,1120,790,300,35.3,1590,180,90,930,60,16.2,42.3,30,11.5,94,60.2,6.9,3.5,35.2,2.3,5617.783451
155300,0.000410164,Botany East,Botany East,30,1730,1940,1970,2010,340,610,750,310,42.4,800,60,50,1130,80,16.9,30.4,37,15.5,94,39.8,2.8,2.7,55.9,3.8,4124.747107
127400,0.000640754,Birkenhead South,Birkenhead South,2540,2820,2950,3030,3140,570,970,1140,470,40.7,2720,190,70,320,80,18.2,30.8,36,14.8,94,86.7,6.2,2.4,10.3,2.7,6117.847299
129100,0.00102643,Sunnyvale East,Sunnyvale East,3260,3730,3900,4170,5030,1110,1970,1420,520,32.5,2530,820,1110,1340,170,22.2,39.2,28,10.3,91,50.3,16.3,22.1,26.7,3.4,7141.112114
127500,0.000267321,Henderson Central,Henderson Central,390,510,780,1170,1310,140,390,290,490,49.8,840,140,150,300,20,10.8,29.4,22,37.6,85,64,10.5,11.2,22.5,1.6,10091.33376
128100,0.000475464,Northcote Tuff Crater,Northcote Tuff Crater,1830,1910,2100,2210,2330,320,1000,700,310,35.7,1420,130,90,820,70,13.7,43,30,13.2,98,60.7,5.5,3.8,35.3,3.1,5885.59525
127700,0.000718297,Te Atatū South-McLeod North,Te Atatu South-McLeod North,1980,2150,2490,3240,3520,740,1480,980,320,33,1640,580,570,1220,150,20.9,42.1,28,9.1,99,46.6,16.3,16.1,34.7,4.1,8028.538806
127800,0.000412205,Henderson Valley Park,Henderson Valley Park,1510,1630,1800,1890,2020,510,820,540,160,30.2,800,450,770,350,80,25.4,40.4,27,7.7,97,39.6,22.3,38.3,17.2,4.1,4698.255385
128000,0.00023059,Waitakere Ranges South,Waitakere Ranges South,1020,950,1010,1060,1130,200,300,470,150,43.8,1060,170,50,30,10,17.7,26.9,42,13.7,103,94.3,15,4.3,2.7,0.7,62679.20928
128200,0.000685647,Northcote Point (Auckland),Northcote Point (Auckland),2970,2990,3050,3160,3360,630,1130,1080,520,38.2,2800,280,130,450,60,18.8,33.8,32,15.4,89,83.3,8.2,3.8,13.5,1.8,6545.307878
128300,0.000936643,McLaren Park,McLaren Park,3730,4010,4080,4280,4590,1090,1840,1230,420,31.4,2010,810,1530,1040,120,23.8,40.1,27,9.1,95,43.7,17.6,33.3,22.7,2.6,4957.562154
155400,0.000622388,Botany South,Botany South,10,2350,2990,2930,3050,540,1060,1060,390,38.1,1200,120,100,1670,140,17.6,34.8,35,12.9,95,39.3,3.9,3.3,54.8,4.7,3657.235846
128500,0.000818287,Te Atatū South-McLeod South,Te Atatu South-McLeod South,2890,3110,3250,3590,4010,830,1470,1180,530,35.2,2140,580,770,1120,100,20.8,36.6,30,13.2,96,53.4,14.6,19.3,28,2.4,5694.878143
128600,0.000310174,Takapuna South,Takapuna South,1530,1460,1510,1510,1520,210,440,530,340,47.1,1290,80,20,200,40,13.6,29,35,22.2,89,84.8,5.6,1.6,13.2,2.4,4159.03855
155600,0.000944805,Papatoetoe East,Papatoetoe East,3140,3470,3800,4090,4630,960,2050,1240,390,30.6,870,590,1260,2440,70,20.7,44.2,27,8.4,109,18.7,12.7,27.1,52.6,1.6,5277.150695
128800,0.000879506,Hauraki,Hauraki,3600,3750,4000,4190,4310,860,1490,1410,540,37.1,3150,260,110,1010,110,20,34.7,33,12.5,94,73.1,6,2.5,23.5,2.6,5116.369257
128900,0.001006024,Glendene North,Glendene North,3810,3960,4240,4460,4930,1040,1880,1470,540,33.8,2110,700,1300,1460,140,21.2,38.1,30,10.9,100,42.8,14.2,26.4,29.6,2.7,6523.443889
157700,0.001010105,Clover Park North,Clover Park North,4920,4710,4630,4410,4950,1400,2000,1150,390,27.1,580,1010,3490,790,20,28.4,40.5,23,7.8,98,11.7,20.3,70.5,16,0.5,4284.739346
129200,0.000808084,Point Chevalier West,Point Chevalier West,3380,3590,3680,3920,3960,720,1050,1300,890,43.7,3290,370,340,420,80,18.3,26.5,33,22.4,87,83.1,9.2,8.5,10.5,2,8914.688281
134200,0.000779515,Mount Albert Central,Mount Albert Central,3230,3400,3580,3560,3820,740,1410,1260,410,35.1,2650,350,270,940,90,19.4,36.8,33,10.8,102,69.5,9.2,7.1,24.6,2.4,5778.485044
129400,0.000604022,Bayswater,Bayswater,2820,2780,2810,2980,2960,570,1020,1010,360,37.1,2410,350,190,320,60,19.1,34.6,34,12.3,93,81.2,11.7,6.4,10.8,2.2,7257.963448
130200,0.000471382,Saint Marys Bay,Saint Marys Bay,2430,2240,2260,2380,2310,210,820,850,430,44.3,2010,160,70,220,40,8.9,35.6,37,18.7,98,87.1,6.9,3.1,9.6,1.7,5913.218201
129500,0.000620347,Glendene South,Glendene South,2430,2600,2720,2860,3040,640,1150,950,290,33.9,1240,420,790,980,90,21,38,31,9.6,104,40.8,14,26.2,32.4,3,6508.034419
129600,0.000812165,Glen Eden West,Glen Eden West,2800,3260,3620,3760,3980,940,1540,1080,420,31.6,2230,650,1080,740,50,23.7,38.6,27,10.6,96,56,16.4,27,18.6,1.3,5879.480177
134300,0.000506073,Karangahape,Karangahape,470,940,1520,1890,2480,110,1520,660,190,33,1510,140,80,770,170,4.6,61.3,26,7.7,122,60.8,5.5,3.4,31,7,2602.342281
129700,0.000636672,Herne Bay,Herne Bay,3140,3160,3120,3080,3120,520,880,1220,490,44,2890,190,60,200,60,16.7,28.3,39,15.8,95,92.5,6,2.1,6.4,1.9,5056.251164
129800,0.000489748,Westmere North,Westmere North,1990,2150,2260,2410,2400,490,690,950,270,40.5,2070,190,120,230,40,20.4,28.9,40,11.1,98,86.4,8.1,5.2,9.5,1.5,4034.742061
129900,0.000971333,Point Chevalier East,Point Chevalier East,4020,4160,4330,4640,4760,1040,1490,1780,450,37.8,3900,430,440,520,100,21.9,31.3,38,9.4,89,82,9.1,9.3,10.9,2.1,8040.577238
130100,0.000757069,Glen Eden Rosier,Glen Eden Rosier,2870,2950,3100,3300,3710,850,1450,1090,320,33,2030,560,810,880,100,22.9,39,30,8.6,100,54.8,15.2,21.9,23.8,2.6,6840.377987
134400,0.000730541,Kingsland,Kingsland,3070,2950,3140,3360,3580,430,2020,960,160,31.5,2710,390,500,400,90,12.2,56.6,27,4.5,100,75.7,10.9,13.9,11.3,2.5,5084.643544
130300,0.000650957,Westmere South-Western Springs,Westmere South-Western Springs,2620,2810,2940,3200,3190,660,1050,1250,240,37.8,2690,380,300,210,70,20.7,32.8,39,7.4,92,84.3,11.8,9.5,6.7,2.3,9873.493841
131700,0.000873384,Avondale West (Auckland),Avondale West (Auckland),2930,3580,4040,4050,4280,860,1870,1210,340,31.4,1140,520,1540,1540,170,20.1,43.7,28,7.9,104,26.7,12.2,36,36.1,3.9,4558.070677
130500,0.000597901,Kelston North,Kelston North,2320,2460,2560,2710,2930,630,1180,860,270,32.5,910,470,1090,940,60,21.4,40,29,9.1,98,31,16.1,37.3,32,1.9,4616.067802
131400,0.000426489,Stanley Point,Stanley Point,2290,2300,2250,2180,2090,390,700,740,260,37.7,1940,160,50,80,30,18.6,33.5,35,12.5,109,92.6,7.5,2.4,4.1,1.3,7919.392435
130700,0.00086114,Narrow Neck,Narrow Neck,4210,3970,4110,4190,4220,850,1210,1550,610,40.8,3650,290,80,440,100,20.1,28.8,37,14.4,92,86.6,6.8,2,10.5,2.3,8059.87077
131500,0.000773394,Glen Eden Central,Glen Eden Central,2780,2890,3320,3460,3790,810,1500,1110,370,33.9,2260,530,500,1040,110,21.4,39.6,29,9.8,98,59.5,13.9,13.2,27.5,2.9,6763.291355
131100,0.000726459,Waterview,Waterview,3040,3250,3550,3460,3560,620,1600,1030,320,32.8,1950,380,740,800,190,17.4,44.8,29,8.9,94,54.6,10.7,20.7,22.4,5.3,5366.484888
131300,0.000226508,Wynyard-Viaduct,Wynyard-Viaduct,50,240,750,1020,1110,40,410,500,150,45.1,850,40,20,210,50,3.9,37.4,45,13.8,108,76.6,3.6,1.7,19.3,4.3,6944.609861
131900,0.000575454,Mount Albert West,Mount Albert West,2290,2380,2660,2730,2820,540,1160,830,290,33.9,1550,270,270,990,120,19,41.4,29,10.2,106,55.1,9.5,9.5,35,4.1,6808.137274
132600,0.000677485,New Lynn North West,New Lynn North West,2270,2470,2590,2900,3320,590,1390,990,360,34.5,1060,340,590,1660,60,17.6,41.9,30,10.8,100,32,10.2,17.8,50,1.8,3497.225845
132800,0.000757069,Grey Lynn Central,Grey Lynn Central,3540,3460,3520,3490,3710,530,1790,1180,210,32.9,3030,300,490,330,80,14.3,48.2,32,5.7,91,81.6,8.1,13.1,8.8,2.2,4908.005507
132000,0.000967252,Avondale North (Auckland),Avondale North (Auckland),3330,3550,4010,4240,4740,830,2080,1400,420,33.6,2310,510,820,1610,180,17.6,43.9,30,8.9,100,48.8,10.8,17.3,33.9,3.8,6892.550304
132100,0.000667282,Grey Lynn West,Grey Lynn West,2940,2730,2760,2930,3270,530,1440,1010,290,33.9,2320,390,520,380,120,16.3,44,31,8.8,102,71.1,11.9,16,11.5,3.6,4948.514465
132200,0.000863181,Mount Albert North,Mount Albert North,3580,3920,4090,4140,4230,910,1650,1360,310,33.6,2600,380,420,1210,150,21.5,38.9,32,7.4,97,61.5,8.9,9.9,28.6,3.6,5256.487912
132300,0.000718297,New Lynn North,New Lynn North,2620,2850,2900,3130,3520,680,1520,1000,330,33.3,1250,420,800,1430,90,19.2,43.1,28,9.3,105,35.4,12,22.8,40.7,2.6,6407.290093
132500,0.000752987,Konini,Konini,3350,3420,3530,3680,3690,800,1150,1340,410,38,3120,400,290,390,60,21.7,31.1,36,11,98,84.4,10.7,7.7,10.7,1.6,7847.358196
337900,0.000246915,Tinwald North,Tinwald North,870,930,1030,1110,1210,200,360,400,260,43.4,1110,100,10,50,0,16.7,29.3,33,21.1,100,91.3,8.5,0.7,4.2,0.1,6532.752265
133000,0.000706053,Devonport,Devonport,3550,3450,3600,3580,3460,600,880,1330,650,45.4,3210,190,80,160,60,17.5,25.5,38,18.6,91,92.7,5.4,2.4,4.5,1.7,5451.612272
133100,0.000652997,Avondale Central (Auckland),Avondale Central (Auckland),1880,2150,2520,2710,3200,480,1460,830,440,33.3,1180,290,570,1400,110,14.9,45.6,26,13.7,99,36.8,9.1,17.7,43.7,3.3,6543.584949
135400,0.000671363,West Lynn,West Lynn,2610,2720,2870,3020,3290,690,1080,1160,370,37.4,2460,310,270,640,60,20.8,32.9,35,11.1,101,74.8,9.4,8.2,19.6,1.7,6189.260709
133300,0.000506073,Quay Street-Customs Street,Quay Street-Customs Street,130,820,1170,2400,2480,210,1510,610,150,32.1,970,110,80,1260,180,8.4,60.7,25,6.2,112,39,4.5,3.4,50.9,7.3,12243.71876
133400,0.000855018,Hobson Ridge Central,Hobson Ridge Central,260,270,1870,3390,4190,260,3320,530,70,27.6,730,150,120,3060,300,6.2,79.4,13,1.8,123,17.3,3.7,2.9,73,7.3,1021.311531
133500,0.000408123,Grey Lynn East,Grey Lynn East,1200,1410,1450,1740,2000,170,1200,560,80,32,1590,180,160,270,70,8.5,59.7,28,3.8,105,79.6,9,8.2,13.6,3.4,4293.629836
133600,0.000855018,Morningside (Auckland),Morningside (Auckland),3250,3380,3820,4010,4190,510,2230,1220,240,32.5,2860,390,440,950,120,12.1,53.2,29,5.7,102,68.2,9.2,10.5,22.7,2.8,5024.27482
133900,0.000122437,New Lynn Central,New Lynn Central,100,160,240,160,600,60,310,160,60,35.1,210,60,50,310,10,10.1,52.2,27,10.6,129,35.6,9.5,8.6,52.5,1.9,8773.278374
136000,0.000871343,Eden Terrace,Eden Terrace,1010,1830,3090,3910,4270,220,3000,920,130,31,2280,240,140,1650,280,5.1,70.3,22,3.1,113,53.3,5.7,3.2,38.6,6.5,4188.23915
134600,0.000559129,Waima-Woodlands Park,Waima-Woodlands Park,2430,2500,2560,2670,2740,670,760,1100,220,39,2480,210,80,260,50,24.3,27.6,40,8.1,96,90.3,7.7,2.8,9.4,1.7,9961.146848
134900,0.000622388,New Lynn Seabrook,New Lynn Seabrook,2240,2290,2540,2770,3050,600,1170,920,360,35.1,1330,270,490,1190,130,19.8,38.3,30,11.7,94,43.7,8.8,16.1,38.9,4.4,3578.488675
138400,0.000697891,Mount Eden West,Mount Eden West,3140,3250,3340,3410,3420,600,1340,1210,270,35.1,2530,170,140,800,60,17.5,39.2,35,7.9,94,73.8,4.8,4,23.4,1.9,4823.631863
135000,0.00092848,Avondale South (Auckland),Avondale South (Auckland),2710,3450,3990,4180,4550,760,2110,1290,400,32.5,1390,400,960,2240,140,16.6,46.3,28,8.9,103,30.6,8.8,21,49.2,3,7159.767363
135100,0.00066116,Symonds Street North West,Symonds Street North West,450,1270,2280,2810,3240,90,2820,290,50,25,850,130,80,2110,250,2.6,87.1,9,1.4,95,26.2,4.1,2.3,64.9,7.6,1610.2116
135200,0.000512195,Mount Albert South,Mount Albert South,2180,2350,2410,2440,2510,370,960,860,320,36.7,1780,190,160,630,50,14.6,38.3,34,12.8,104,70.8,7.4,6.5,25.2,2,3707.03102
135300,0.000646875,Symonds Street West,Symonds Street West,170,210,1400,2450,3170,110,2630,350,80,26.7,690,130,110,2120,260,3.5,82.9,11,2.4,118,21.9,4.2,3.5,67.1,8.1,1993.174715
135500,0.000704013,Ōwairaka West,Owairaka West,2950,3130,3300,3160,3450,630,1660,890,270,31.6,1270,310,660,1430,180,18.3,48.1,26,7.7,114,36.8,8.9,19.1,41.4,5.3,5560.342494
135600,0.000608104,New Lynn Central South,New Lynn Central South,1380,2380,2880,3010,2980,490,1290,820,380,34.7,880,240,380,1720,60,16.4,43.2,28,12.8,99,29.5,8.2,12.6,57.5,2.2,4812.303881
135700,0.00029793,The Strand,The Strand,150,530,1250,1570,1460,70,1130,200,60,28.2,660,50,40,600,190,4.6,77.5,14,3.8,109,45.4,3.7,2.8,41.2,13.3,2688.138215
135800,0.000522398,St Lukes,St Lukes,1010,1060,1750,2390,2560,390,1370,590,210,31.5,960,150,190,1400,140,15.4,53.4,23,8.1,100,37.7,5.9,7.6,54.5,5.3,4242.362842
136200,0.00036323,Eden Park,Eden Park,1610,1700,1730,1750,1780,280,850,560,100,32.7,1370,160,150,290,30,15.5,47.7,31,5.5,104,77,8.7,8.5,16.3,1.9,4108.720932
136300,0.000846856,Sandringham North,Sandringham North,3360,3450,3760,3830,4150,770,1810,1230,330,33,2670,250,360,1200,80,18.7,43.7,30,7.9,100,64.4,6.1,8.8,28.9,1.9,4392.812322
136400,0.000899912,Parnell West,Parnell West,2600,3110,3440,3830,4410,330,2330,1260,480,33.7,3220,220,90,1040,180,7.6,52.8,29,10.9,94,73,5.1,2.1,23.6,4.2,6033.968588
157800,0.000742784,Mission Heights North,Mission Heights North,100,120,110,3300,3640,800,1360,1140,340,35.2,760,170,170,2690,120,22.1,37.3,31,9.3,98,20.9,4.8,4.6,73.8,3.3,4900.680031
136500,0.001001943,New Lynn South,New Lynn South,3700,3900,4170,4400,4910,1020,1900,1490,510,34.1,2190,530,740,1980,140,20.8,38.7,30,10.3,102,44.5,10.8,15,40.3,2.8,6863.219181
136600,0.000706053,New Windsor North,New Windsor North,2740,2850,3160,3220,3460,600,1500,1010,350,33.3,1150,260,550,1750,110,17.4,43.4,29,10.2,104,33.2,7.5,16,50.6,3.1,5437.381592
136900,0.000479545,Eden Valley,Eden Valley,2080,2150,2170,2130,2350,310,1100,730,220,33.6,1590,200,90,630,60,13,46.7,31,9.2,114,67.9,8.4,3.8,26.9,2.5,4862.544947
137000,0.000520357,Sandringham Central,Sandringham Central,1950,2080,2210,2340,2550,450,1140,690,260,33.4,1060,180,320,1180,60,17.8,44.9,27,10.3,99,41.6,7.1,12.5,46.5,2.4,3852.636344
320900,0.00049791,Papanui East,Papanui East,1900,2200,2310,2480,2440,380,700,720,640,45.3,2020,130,60,340,20,15.6,28.6,30,26.2,82,82.7,5.4,2.4,14,0.9,3846.989827
155700,0.000812165,Ōtara South,Otara South,3550,3570,3810,3500,3980,1150,1550,970,320,26.1,400,750,3230,200,10,28.8,38.9,24,8,96,10.1,18.8,81.1,5,0.2,5458.848501
137100,0.000634632,Glenavon,Glenavon,2080,2260,2470,2950,3110,660,1340,860,250,31.3,650,300,840,1480,170,21.3,43,28,7.9,111,20.8,9.8,27.2,47.6,5.6,3996.67242
137200,0.000836653,Blockhouse Bay North,Blockhouse Bay North,2400,2870,3350,3590,4100,770,1560,1200,550,35.3,1210,230,590,2320,140,18.9,38.2,29,13.5,100,29.5,5.7,14.3,56.6,3.5,4467.660141
142600,0.000534642,Royal Oak West (Auckland),Royal Oak West (Auckland),2070,2280,2450,2500,2620,370,950,800,500,39.8,1330,150,210,1080,40,13.9,36.2,31,19.2,90,50.8,5.6,8.1,41.2,1.5,5047.06876
137400,0.000724419,Parnell East,Parnell East,3350,3200,3410,3650,3550,450,1230,1220,650,43,2890,170,80,580,100,12.7,34.6,34,18.3,92,81.4,4.7,2.2,16.3,2.9,7300.685075
137500,0.000501992,Laingholm,Laingholm,2290,2360,2420,2370,2460,560,660,1010,230,40.2,2310,240,60,120,30,22.8,26.9,41,9.4,100,93.9,9.9,2.6,4.8,1.2,11082.65788
137600,0.000499951,Sandringham West,Sandringham West,2030,2100,2160,2260,2450,470,1090,710,180,32.8,1160,170,250,1070,60,19.2,44.6,29,7.3,103,47.5,6.9,10.4,43.5,2.5,3525.071031
137700,0.000238752,Mount Eden North East,Mount Eden North East,640,680,1380,1090,1170,60,770,300,40,32.3,560,300,180,260,50,4.8,65.9,26,3.4,281,47.8,25.5,15.7,21.7,4,2889.870567
137800,0.000744825,Mount Eden North,Mount Eden North,3350,3230,3320,3330,3650,420,1790,1010,440,33.1,2530,230,160,980,110,11.6,48.9,28,11.9,98,69.1,6.3,4.3,26.7,3,4647.307027
138000,0.000634632,Green Bay South,Green Bay South,2300,2450,2790,3040,3110,520,830,930,840,45.5,2430,240,200,540,50,16.5,26.6,30,27,90,78.1,7.7,6.4,17.3,1.7,7611.425808
138100,0.000685647,Balmoral,Balmoral,2890,2920,3180,3240,3360,630,1370,1090,270,33.9,2270,190,260,850,100,18.6,40.8,32,8.1,103,67.4,5.7,7.6,25.3,3.1,4652.71566
138200,0.000742784,Sandringham East,Sandringham East,3120,3360,3470,3450,3640,680,1550,1100,320,33.3,1800,300,370,1400,130,18.6,42.5,30,8.8,102,49.4,8.3,10.1,38.3,3.7,4466.554399
138300,0.000979496,New Windsor South,New Windsor South,3780,4040,4410,4560,4800,950,2070,1270,500,32,1340,350,880,2560,210,19.8,43.1,26,10.5,106,28,7.2,18.4,53.3,4.4,5732.318356
328700,0.000277524,Sydenham West,Sydenham West,1060,1060,1120,1200,1360,110,540,400,310,42.2,1130,110,40,140,40,8,39.5,30,22.8,102,83.3,8,3.2,10.1,2.8,3276.723682
138500,0.000877465,Newmarket,Newmarket,1260,1970,2380,3910,4300,420,1990,1190,700,35.5,2070,130,60,2140,120,9.7,46.2,28,16.2,88,48.1,3.1,1.5,49.8,2.8,4935.432094
138600,0.000475464,Blockhouse Bay North East,Blockhouse Bay North East,1710,1930,2130,2200,2330,410,900,750,270,35.8,720,160,250,1360,60,17.4,38.7,32,11.5,99,31,6.8,10.8,58.4,2.5,3791.201972
138700,0.000740744,Epsom North,Epsom North,3240,3300,3390,3550,3630,450,1550,1190,440,34.8,1650,170,110,1860,90,12.5,42.8,33,12.1,101,45.5,4.8,3.1,51.2,2.4,5712.724004
138800,1.43E-05,Wesley South,Wesley South,60,50,50,50,70,10,20,30,0,36.3,10,0,10,50,0,22.1,33.6,42,2.7,189,15.9,5,12.7,78.4,5.7,5520.400795
157900,0.000916237,Clover Park South,Clover Park South,3630,3750,3920,3960,4490,1120,1850,1180,350,29.7,840,680,1840,1820,70,25,41.1,26,7.7,99,18.6,15.1,40.9,40.4,1.5,4791.432843
138900,0.000901952,Blockhouse Bay South,Blockhouse Bay South,3270,3620,3840,4120,4420,740,1530,1370,770,39,2130,270,330,2040,100,16.8,34.7,31,17.5,97,48.1,6.1,7.5,46,2.3,6084.721102
139000,0.000618307,Mount Eden East,Mount Eden East,2890,2900,2980,2910,3030,490,1210,1040,300,35,2050,170,110,860,90,16.1,39.9,34,9.7,100,67.5,5.6,3.5,28.5,2.8,4017.777772
139100,0.000469342,Wesley East,Wesley East,1830,1980,2100,2210,2300,520,910,600,270,31.6,470,240,870,900,100,22.5,39.6,26,11.6,100,20.5,10.3,38,39.2,4.3,3326.556039
139500,0.000548926,Blockhouse Bay East,Blockhouse Bay East,1910,2140,2330,2330,2690,390,940,800,560,40.6,1020,130,210,1470,40,14.4,35,30,21,98,37.9,4.7,7.8,54.7,1.4,4741.54548
158000,0.000579535,Donegal Park,Donegal Park,30,360,1650,2520,2840,530,1140,700,460,34.5,690,150,440,1680,100,18.8,40.3,25,16.2,97,24.4,5.2,15.6,59.1,3.4,3789.481112
139200,0.000589738,Orakei West,Orakei West,2480,2680,2860,2850,2890,420,930,1020,510,42.8,2250,230,130,490,80,14.7,32.1,35,17.8,97,77.6,7.9,4.4,16.9,2.8,8309.693456
139400,0.000593819,Remuera West,Remuera West,2560,2540,2630,2700,2910,450,1060,960,440,37.9,2070,100,70,820,50,15.4,36.5,33,15,96,71.1,3.6,2.3,28.3,1.6,4513.01319
142700,0.000740744,Saint Heliers West,Saint Heliers West,3240,3210,3440,3570,3630,630,900,1320,780,46.1,3160,160,40,440,60,17.5,24.7,36,21.4,91,87.2,4.4,1.2,12.1,1.6,6188.587705
139600,0.0006632,Lynfield North,Lynfield North,2260,2440,2720,2910,3250,540,1360,1000,360,34.2,790,160,230,2250,80,16.6,41.8,31,10.9,101,24.1,5,7.2,69.1,2.4,5537.544865
139700,0.00082849,Mount Roskill North,Mount Roskill North,3230,3400,3760,3830,4060,620,1790,1230,410,34.1,1820,270,430,1790,140,15.3,44.2,30,10.2,97,44.8,6.6,10.7,44.1,3.5,3953.942844
139800,0.00099378,Mount Roskill White Swan,Mount Roskill White Swan,3500,3940,4170,4380,4870,760,2180,1390,540,32.9,1100,180,600,3180,150,15.6,44.8,28,11.1,108,22.7,3.8,12.4,65.3,3.1,5256.364509
139900,0.000842775,Mount Eden South,Mount Eden South,3280,3630,3900,4030,4130,660,1680,1330,450,34.4,2660,190,90,1390,110,16.1,40.8,32,10.9,96,64.4,4.6,2.3,33.7,2.6,4646.835258
142800,0.000963171,One Tree Hill,One Tree Hill,3950,4140,4300,4380,4720,850,1950,1470,460,34.6,3080,410,520,1160,130,18,41.3,31,9.7,94,65.1,8.7,11,24.5,2.7,9302.934513
140000,0.000840734,Remuera Waitaramoa,Remuera Waitaramoa,4060,3900,4080,4150,4120,740,1220,1520,640,42.7,3050,190,50,1030,80,18,29.5,37,15.6,94,74,4.6,1.2,25,1.8,7226.393679
140100,0.000608104,Orakei East,Orakei East,2410,2480,2790,2840,2980,530,1050,930,470,37.7,1870,890,290,350,90,17.8,35.1,31,15.9,88,62.9,29.8,9.8,11.8,2.9,7010.045693
142900,0.000520357,Hillsborough East (Auckland),Hillsborough East (Auckland),1610,1770,1950,2120,2550,480,1080,750,230,33.2,870,150,220,1450,80,19,42.5,30,9,98,34.1,5.8,8.5,56.8,3.3,4401.12268
140500,0.000757069,Remuera North,Remuera North,3290,3430,3600,3650,3710,660,1150,1410,480,41,2700,120,60,1000,60,17.9,31.1,38,13,94,72.9,3.3,1.7,27,1.6,8208.052023
140600,0.000489748,Three Kings West,Three Kings West,2000,2080,2120,2160,2400,570,950,670,210,31.2,990,250,680,640,140,23.7,39.6,28,8.6,93,41.4,10.5,28.6,26.6,5.9,3899.508358
140700,0.000524438,Mount Roskill Central South,Mount Roskill Central South,2190,2380,2420,2650,2570,550,1130,650,240,29.3,410,220,1020,1010,190,21.6,44,25,9.3,106,15.8,8.4,39.7,39.2,7.3,4778.453353
140900,0.00096113,Lynfield South,Lynfield South,3970,4050,4250,4340,4710,760,1810,1520,630,36.8,1680,190,310,2720,140,16.1,38.3,32,13.5,100,35.5,4.1,6.6,57.6,2.9,5854.973329
141000,0.000838693,Remuera South,Remuera South,3640,3710,4100,4160,4110,640,1460,1430,590,39.1,2280,140,120,1730,100,15.5,35.4,35,14.3,91,55.4,3.3,3,42.2,2.4,5844.737101
141800,0.000920318,Kohimarama,Kohimarama,3770,4010,4230,4350,4510,770,1200,1630,910,44.5,3800,140,70,630,140,17.1,26.5,36,20.2,91,84.3,3.2,1.5,14,3.1,6929.413945
141100,0.000918277,Mission Bay,Mission Bay,3970,4160,4350,4400,4500,620,1450,1580,850,43.1,3510,200,80,830,180,13.8,32.2,35,18.8,89,78,4.4,1.8,18.6,3.9,6574.563558
141300,0.000677485,Mount Roskill South,Mount Roskill South,2540,2650,2830,3020,3320,480,1270,950,620,38,1250,120,260,1810,110,14.4,38.2,29,18.8,99,37.8,3.7,7.8,54.5,3.3,4688.572999
141500,0.000512195,Epsom East,Epsom East,2170,2320,2450,2580,2510,330,940,810,440,39.6,1420,100,80,990,60,13,37.3,32,17.7,85,56.4,3.9,3.4,39.3,2.5,5956.943484
141600,0.000593819,Remuera Waiata,Remuera Waiata,2680,2750,2840,2950,2910,470,790,1090,560,45.9,2230,110,40,660,40,16.3,27.3,37,19.1,95,76.5,3.7,1.3,22.6,1.5,4449.329236
141700,0.000473423,Epsom South,Epsom South,2070,2170,2230,2280,2320,330,860,780,350,38.9,1420,150,70,810,60,14,37.2,34,15,92,61,6.3,3,35,2.6,3522.326364
141900,0.000577494,Meadowbank West,Meadowbank West,2350,2420,2540,2690,2830,680,850,910,390,37.8,2200,220,160,440,80,24.2,29.9,32,13.9,89,77.6,7.7,5.5,15.5,2.8,4653.137489
142000,0.000808084,Hillsborough North (Auckland),Hillsborough North (Auckland),2670,3060,3440,3520,3960,520,1550,1020,860,38.1,1550,180,310,2050,130,13.1,39.3,26,21.8,96,39.2,4.5,7.8,51.8,3.3,5908.161923
142200,0.000946846,Greenlane North,Greenlane North,3610,3810,4220,4490,4640,730,1920,1500,490,34.5,2280,210,150,2250,100,15.8,41.4,32,10.5,89,49.2,4.5,3.2,48.5,2.2,5208.159669
158100,0.001238654,Ormiston South,Ormiston South,50,40,60,1150,6070,1320,2800,1600,350,31.2,700,230,330,5010,150,21.8,46.1,26,5.8,100,11.6,3.7,5.4,82.6,2.5,5866.534443
142400,0.000579535,Remuera East,Remuera East,2640,2860,2920,3070,2840,550,830,1000,460,41.2,2380,130,40,440,50,19.5,29.2,35,16.1,90,83.8,4.6,1.2,15.4,1.6,4827.598983
142500,0.000440773,Waikowhai South,Waikowhai South,1420,1590,1740,1860,2160,320,900,700,230,35.6,920,100,140,1100,50,15,41.7,32,10.8,100,42.6,4.5,6.6,51,2.5,8675.456509
143000,0.000832572,Saint Heliers North,Saint Heliers North,3520,3560,3810,3890,4080,690,930,1510,940,47.6,3530,150,40,450,120,17,22.9,37,23.1,95,86.7,3.7,1.1,11.1,2.9,5234.582102
143100,0.000810125,Remuera Abbotts Park,Remuera Abbotts Park,3380,3450,3650,3900,3970,680,1560,1190,530,35.8,2660,210,110,1210,120,17.2,39.4,30,13.3,91,67,5.3,2.8,30.4,3.1,5388.446827
143200,0.000548926,Meadowbank East,Meadowbank East,2140,2160,2420,2610,2690,530,920,930,310,37.7,2010,140,110,540,100,19.7,34.3,34,11.6,90,74.9,5.2,4.1,20.1,3.7,4155.24935
143300,0.000699931,Ellerslie Central,Ellerslie Central,2500,2830,3020,3250,3430,530,1340,1040,510,37,2290,260,200,940,90,15.5,39.2,30,15,94,67,7.7,5.9,27.5,2.7,6281.459199
143500,0.0008591,Saint Heliers South,Saint Heliers South,3130,3350,3840,4110,4210,790,1160,1490,770,42.7,3290,190,90,830,110,18.7,27.5,36,18.2,89,78.2,4.4,2.2,19.6,2.7,7199.384266
143600,0.000589738,Hillsborough South (Auckland),Hillsborough South (Auckland),2340,2410,2570,2620,2890,480,1080,930,390,37,1580,210,230,1090,80,16.7,37.4,32,13.7,91,54.8,7.4,7.9,37.7,2.8,6069.283954
144400,0.000671363,Ellerslie East,Ellerslie East,2740,2710,3010,3250,3290,710,1280,1000,300,34.9,2120,220,210,960,100,21.5,38.9,30,9.3,98,64.6,6.6,6.3,29.2,3,5028.473647
143700,0.000650957,Saint Johns West,Saint Johns West,2700,2940,2970,3040,3190,520,990,1070,610,42,1790,120,80,1300,90,16.2,31.2,34,19,90,56.2,3.6,2.5,40.7,2.9,8541.941618
143800,0.000777475,Greenlane South,Greenlane South,2850,3210,3260,3500,3810,660,1640,1140,380,33.6,2270,280,380,1210,110,17.2,42.9,30,9.9,97,59.5,7.3,9.9,31.8,2.8,5187.732576
143900,0.000504032,Remuera Waiatarua,Remuera Waiatarua,1990,2210,2210,2320,2470,430,920,770,350,37,1450,110,80,910,90,17.3,37.4,31,14.3,93,58.8,4.4,3.4,37,3.6,8615.325395
144500,0.000614226,Saint Johns East,Saint Johns East,2600,2450,2670,2710,3010,550,1260,890,310,34.4,1540,260,250,1160,120,18.3,41.9,30,10.2,101,51.1,8.7,8.3,38.6,3.9,3641.544252
144000,0.000924399,Glendowie North,Glendowie North,3790,3990,4240,4520,4530,1050,1160,1770,540,41,3990,190,60,510,110,23.3,25.6,39,12,103,88,4.2,1.3,11.3,2.3,6754.659376
144200,3.47E-05,Ellerslie West,Ellerslie West,90,140,130,150,170,20,80,50,20,34.3,100,10,10,60,0,13.2,48.3,27,11.3,115,57.5,5.1,6.9,35,2.3,4450.719256
144300,0.000816247,Onehunga North,Onehunga North,3200,3370,3460,3720,4000,790,1610,1200,390,34.5,2240,370,680,1160,90,19.8,40.3,30,9.9,97,55.9,9.4,17.1,29,2.2,5129.93674
144600,0.000304052,Oneroa West,Oneroa West,1220,1240,1350,1480,1490,200,370,570,340,48,1360,150,50,60,40,13.5,25.1,38,23.1,99,91.3,10.2,3.1,4.2,2.9,25882.01149
144700,0.000948887,Glen Innes West,Glen Innes West,3610,3910,4050,3760,4650,1130,1890,1270,360,29.4,1820,970,1870,620,130,24.3,40.6,27,7.7,92,39,20.9,40.3,13.3,2.8,6453.67981
144800,0.000555048,Ellerslie South,Ellerslie South,1910,2100,2350,2540,2720,490,1220,800,210,34.3,1680,190,170,880,70,17.9,44.9,29,7.9,96,62,6.8,6.2,32.6,2.6,4843.062954
144900,0.000418326,Stonefields West,Stonefields West,0,0,0,1570,2050,400,730,680,250,37.3,1260,80,40,780,40,19.4,35.5,33,12.1,91,61.4,3.8,1.9,38.2,1.9,3966.724117
145100,0.000942765,Glendowie South,Glendowie South,3660,3450,4090,4330,4620,880,1270,1580,880,42.7,3420,260,290,930,130,19.1,27.6,34,19.1,94,74.1,5.6,6.2,20.1,2.8,8117.351434
145500,0.000189777,Onehunga-Te Papapa Industrial,Onehunga-Te Papapa Industrial,130,480,660,880,930,130,420,270,110,35.3,490,130,130,270,40,13.6,45.6,29,11.9,103,53.1,14.1,13.8,29.4,4.8,12309.89615
145600,0.00069381,Te Papapa,Te Papapa,2780,3000,3060,3220,3400,690,1380,1040,280,34.3,1810,410,860,720,90,20.5,40.7,31,8.3,97,53.3,12.2,25.3,21.2,2.7,3968.590231
145700,0.000385677,Stonefields East,Stonefields East,0,0,0,600,1890,360,670,600,260,37.4,1270,70,30,600,40,19.2,35.6,32,13.7,90,66.9,3.6,1.7,31.8,2,3488.740416
145800,0.000736663,Glen Innes East-Wai O Taiki Bay,Glen Innes East-Wai O Taiki Bay,3730,3840,4110,3680,3610,910,1410,1020,260,29.2,1420,790,1680,370,60,25.3,39.1,28,7.2,102,39.3,21.9,46.4,10.3,1.8,5457.875498
145900,0.000189777,Penrose,Penrose,630,640,740,680,930,140,400,210,160,34.5,380,90,150,370,20,15.6,43.6,23,17.7,106,41.3,9.6,15.7,40,2.1,16546.36904
146300,0.001050917,Point England,Point England,4040,4480,4490,4480,5150,1360,1960,1300,530,29.2,1380,1360,2720,710,100,26.4,38,25,10.4,94,26.7,26.5,52.8,13.8,1.9,6988.699159
147500,0.000801962,Māngere Mountain View,Mangere Mountain View,2810,3210,3140,3570,3930,940,1430,1200,360,32.7,1520,770,1740,610,50,23.9,36.4,30,9.2,101,38.7,19.6,44.4,15.5,1.3,6675.672873
158200,0.000618307,Mission Heights South,Mission Heights South,50,50,50,2030,3030,690,1280,880,190,32.7,500,100,170,2350,90,22.7,42,29,6.3,105,16.4,3.4,5.5,77.5,3,3915.838968
146400,0.000638713,Bucklands Beach North,Bucklands Beach North,2760,2840,3020,3110,3130,530,850,1190,560,44.5,2120,110,70,950,40,16.9,27,38,18,101,67.8,3.4,2.2,30.5,1.4,8204.389792
146500,0.000579535,Mount Wellington East,Mount Wellington East,2260,2310,2480,2690,2840,540,1360,670,270,31.6,880,260,640,1290,70,19.2,47.8,24,9.5,105,31.2,9.2,22.7,45.5,2.3,4813.075865
146600,0.000640754,Mount Wellington West,Mount Wellington West,2390,2540,2770,3040,3140,620,1450,840,230,31.8,1330,430,680,1120,40,19.8,46.1,27,7.3,109,42.3,13.8,21.8,35.6,1.1,3752.74901
146800,0.000642794,Māngere Bridge,Mangere Bridge,2290,2530,2700,2720,3150,690,1030,950,480,37,1820,630,900,450,30,21.9,32.9,30,15.1,95,58,19.9,28.6,14.5,0.9,8075.592491
147000,0.000922359,Tamaki,Tamaki,3770,3980,4180,4140,4520,1070,1850,1200,400,30.5,1380,1150,1930,860,80,23.6,41,26,8.8,99,30.5,25.4,42.8,19.1,1.8,6066.220521
148300,0.00039792,Bucklands Beach Central,Bucklands Beach Central,1620,1680,1880,1990,1950,330,580,750,290,43.3,870,40,20,1060,40,16.8,29.6,39,14.9,99,44.8,1.9,1.3,54.2,2,3238.192157
147100,0.000744825,Panmure East,Panmure East,2490,2510,2880,3190,3650,590,1500,1030,540,35.2,1520,500,780,1280,90,16.1,41.1,28,14.7,100,41.8,13.6,21.5,35.2,2.5,8187.318569
147200,0.001046836,Mount Wellington Central,Mount Wellington Central,3710,3880,4220,4520,5130,850,2290,1410,580,33.7,1880,620,870,2260,140,16.6,44.7,28,11.3,101,36.6,12.1,17,44.1,2.8,7970.571477
147700,6.12E-06,Mount Wellington Industrial,Mount Wellington Industrial,10,10,10,10,30,0,10,10,0,46.4,20,0,10,0,0,0,40.1,45,15.1,545,59.4,10.6,23.7,13.1,0,14284.44035
149700,0.000906034,Bucklands Beach South,Bucklands Beach South,3710,3900,4110,4290,4440,830,1540,1610,460,37.4,1870,170,120,2420,100,18.6,34.6,36,10.5,95,42,3.8,2.8,54.5,2.2,4855.915663
147800,0.000604022,Half Moon Bay West,Half Moon Bay West,2790,2680,2750,2950,2960,500,850,1090,520,43.3,2020,120,80,870,60,17,28.6,37,17.5,100,68.4,4,2.6,29.3,2,7127.281052
148000,0.000465261,Eastern Beach,Eastern Beach,1850,2120,2280,2260,2280,360,630,880,410,44.9,1330,90,50,890,40,15.9,27.8,38,17.8,93,58.3,4,2.3,39,1.8,5178.320552
149800,0.000734622,Pakuranga Central,Pakuranga Central,2790,2910,3020,3300,3600,740,1500,970,390,33.3,1550,380,460,1620,80,20.6,41.6,27,10.8,100,43.2,10.6,12.7,45.1,2.2,4878.530804
148100,0.000738703,Sunnyhills West-Pakuranga North,Sunnyhills West-Pakuranga North,3010,3070,3430,3560,3620,660,1140,1250,570,40.1,2100,260,180,1360,60,18.2,31.6,34,15.7,94,58.1,7.2,4.9,37.6,1.6,9894.232422
151800,0.000812165,Massey Road West,Massey Road West,2870,3250,3480,3760,3980,1100,1550,980,350,28.3,520,680,2630,680,30,27.8,38.9,24,8.8,101,13,17.1,66.3,17.2,0.7,5038.224811
148200,0.000589738,Favona North,Favona North,2260,2260,2440,2690,2890,700,1090,760,340,31,460,520,1900,460,20,24.1,37.7,26,11.8,104,16.1,18,65.8,15.8,0.8,7017.070825
321000,0.000863181,Sockburn North,Sockburn North,3320,3540,3700,3990,4230,550,1650,1140,890,38.6,2600,260,190,1360,80,13.1,39,27,21,100,61.4,6.1,4.4,32.2,1.8,5027.505666
148400,0.000550966,Farm Cove,Farm Cove,2540,2500,2590,2650,2700,500,740,980,470,43.4,1800,130,70,870,40,18.6,27.5,36,17.4,90,66.7,4.8,2.7,32.1,1.6,5887.263615
148500,0.000506073,Māngere North,Mangere North,1900,2020,2100,2180,2480,740,1000,560,170,24.7,300,450,1870,180,30,29.8,40.5,23,6.9,93,12,18.2,75.7,7.2,1.1,4025.616502
148600,0.000669322,Favona West,Favona West,1890,2000,2300,2870,3280,930,1350,800,200,27,370,440,2270,620,30,28.2,41.2,24,6.1,96,11.3,13.5,69.1,18.8,0.9,4105.886199
148900,0.00092848,Māngere West,Mangere West,4300,4060,4180,4250,4550,1340,1760,1090,350,25.2,560,870,3530,310,10,29.5,38.8,24,7.7,98,12.3,19.1,77.5,6.9,0.2,4281.83841
149100,0.000522398,Mount Wellington South West,Mount Wellington South West,1840,1980,2230,2280,2560,500,1240,620,210,30.6,860,380,790,910,50,19.4,48.4,24,8.1,109,33.8,14.8,30.8,35.4,1.9,4234.527424
149200,0.000730541,Sunnyhills East,Sunnyhills East,2920,2960,3230,3460,3580,670,1090,1050,770,40.5,1840,200,100,1620,90,18.8,30.3,29,21.5,87,51.4,5.5,2.8,45.4,2.4,4058.984678
149300,0.000681566,Half Moon Bay South East,Half Moon Bay South East,2610,2600,2940,3120,3340,720,1190,1080,340,35.6,1420,250,210,1690,70,21.5,35.8,32,10.3,99,42.6,7.6,6.2,50.8,2,3864.882111
149400,0.000830531,Favona East,Favona East,810,2070,3220,3510,4070,1050,1620,1150,240,28.2,430,490,2470,1120,50,25.9,39.8,28,6,104,10.6,12.1,60.7,27.6,1.3,4089.088701
149500,0.000614226,Mount Wellington South East,Mount Wellington South East,2890,2910,2930,2830,3010,720,1270,770,240,29.2,640,590,1550,640,30,24,42.3,26,8,102,21.3,19.5,51.6,21.3,1,4519.624253
149600,1.84E-05,Ōtāhuhu Industrial,Otahuhu Industrial,100,70,60,30,90,30,30,20,0,23.1,10,0,10,30,40,38.1,35.1,26,1.2,105,13.7,4.4,9.6,31.3,50.1,8785.030745
150100,0.000299971,Ōtāhuhu Central,Otahuhu Central,800,850,1080,1180,1470,230,590,520,120,35.2,280,230,570,550,10,15.5,40.3,36,8.5,133,19.2,15.7,38.6,37.8,0.8,7859.074205
150200,0.000777475,Māngere Central,Mangere Central,3570,3790,3670,3530,3810,1090,1420,940,350,27.9,460,650,2810,500,10,28.6,37.3,25,9.3,96,12,17.1,73.7,13,0.2,5300.369091
150300,0.000838693,Ōtāhuhu North,Otahuhu North,3380,3340,3560,3760,4110,1070,1670,1060,300,29.5,600,550,2070,1410,40,26,40.7,26,7.4,100,14.7,13.3,50.4,34.3,1,5341.178997
150400,0.000869303,Howick West,Howick West,3560,3670,3930,4010,4260,820,1460,1480,500,37.4,2610,270,170,1480,80,19.3,34.2,35,11.7,98,61.2,6.3,4.1,34.7,1.9,5524.057083
150500,0.000604022,Pakuranga Heights North West,Pakuranga Heights North West,2400,2620,2710,2840,2960,640,1160,840,320,34.1,1390,350,300,1290,50,21.6,39.1,28,10.9,103,46.9,11.8,10.2,43.5,1.6,4095.509517
150600,0.000848896,Mellons Bay,Mellons Bay,3510,3530,3730,3880,4160,720,1160,1600,680,43.8,3060,190,60,1090,60,17.3,27.9,38,16.3,98,73.5,4.5,1.3,26.3,1.5,7060.58884
150700,0.000673403,Pakuranga Heights East,Pakuranga Heights East,2660,2700,2970,3150,3300,750,1220,980,350,34.7,1530,370,320,1390,80,22.7,37.1,30,10.6,103,46.3,11.4,9.8,42.1,2.4,7652.286891
154900,0.001112136,Papatoetoe Central,Papatoetoe Central,3310,3540,4060,4580,5450,910,2340,1440,760,33.1,1350,550,890,3160,80,16.6,43.1,26,13.9,100,24.9,10.2,16.4,58,1.4,6307.200053
150900,0.000499951,Ōtāhuhu East,Otahuhu East,1720,1750,2020,2220,2450,590,1030,640,190,29.7,630,370,1220,540,40,24.1,42.2,26,7.6,105,25.9,15,49.8,22.2,1.6,8482.612663
151100,0.000273443,Onetangi,Onetangi,930,1080,1230,1170,1340,230,330,510,270,46.6,1200,160,50,50,50,16.9,24.7,38,20,102,90,12.2,4,3.6,3.7,14453.08901
151200,0.0007285,Harania South,Harania South,2990,3180,3220,3250,3570,1000,1390,850,330,27.1,420,650,2490,470,30,28,39,24,9.2,92,11.7,18.1,69.9,13.1,0.8,4395.196631
151300,0.000971333,Highland Park (Auckland),Highland Park (Auckland),4010,4150,4390,4530,4760,740,1640,1490,890,39.9,2270,210,200,2230,120,15.6,34.5,31,18.7,91,47.7,4.4,4.2,46.8,2.6,5919.365945
151400,0.000838693,Ōtāhuhu South West,Otahuhu South West,3510,3570,3670,3540,4110,980,1710,1150,280,29.6,980,750,2010,1000,30,23.7,41.6,28,6.7,115,23.9,18.2,48.9,24.4,0.7,6507.441063
153700,0.000626469,Northpark North,Northpark North,2300,2920,3030,3060,3070,570,980,1040,480,39.7,1480,110,50,1510,90,18.6,31.9,34,15.8,96,48.1,3.6,1.7,49.3,3.1,4225.20024
151500,0.000738703,Pakuranga Heights South West,Pakuranga Heights South West,2990,3120,3330,3340,3620,760,1460,1020,370,33.8,1680,400,430,1490,80,20.9,40.5,28,10.3,106,46.4,11,11.8,41.3,2.3,6139.516388
151600,0.00079584,Māngere Mascot,Mangere Mascot,3440,3500,3630,3560,3900,1060,1470,970,390,28.4,460,640,2880,460,20,27.3,37.6,25,10.1,96,11.8,16.5,74,11.9,0.5,4053.516371
230200,0.000508113,Roslyn (Palmerston North City),Roslyn (Palmerston North City),2290,2210,2250,2320,2490,540,1000,640,310,31.1,1690,590,210,400,30,21.6,40.2,26,12.6,101,67.7,23.8,8.6,16.2,1.1,4958.532434
151900,0.000791759,Ōtāhuhu South,Otahuhu South,3350,3380,3480,3660,3880,920,1540,1060,360,30.9,760,540,1870,1150,50,23.6,39.7,27,9.3,98,19.6,13.8,48.3,29.8,1.2,6509.043504
152000,0.000720338,Howick Central,Howick Central,2460,2650,3080,3450,3530,730,1150,1090,570,37.9,2450,200,140,920,80,20.6,32.4,31,16.2,89,69.5,5.7,4,26,2.2,4240.682958
152400,0.000769312,Howick East,Howick East,2680,2950,3240,3570,3770,710,1280,1170,610,38.3,2780,260,130,870,70,18.9,34,31,16.1,93,73.7,6.8,3.5,23,1.9,5207.0682
152500,0.000367311,Burswood,Burswood,980,1750,1840,1730,1800,330,670,590,210,36.5,720,110,130,940,70,18.3,37.2,33,11.6,98,39.8,6.1,7.4,52.2,3.7,5164.837706
153800,0.000965212,Somerville,Somerville,4000,4440,4760,4610,4730,820,1460,1670,770,41.4,2210,160,110,2400,80,17.5,31,35,16.2,97,46.7,3.5,2.4,50.7,1.7,5226.607499
153900,0.000467301,Northpark South,Northpark South,1750,2190,2290,2240,2290,360,750,810,370,41.3,1000,70,60,1230,60,15.7,32.9,35,16.1,98,43.6,3.2,2.7,53.7,2.6,3592.237477
152700,6.12E-06,Middlemore,Middlemore,90,80,280,110,30,0,10,10,10,45.8,20,10,10,10,0,12.7,28.6,28,30.4,112,61.8,17.7,34.1,17.2,3.2,4139.182797
153100,0.00052852,Golflands,Golflands,1300,2270,2500,2520,2590,410,790,910,480,43.1,1410,120,90,1090,70,15.9,30.4,35,18.6,94,54.3,4.4,3.5,42.2,2.8,6282.084062
153000,0.000475464,Grange,Grange,2020,1980,1890,1950,2330,640,970,580,140,26.6,330,390,1500,440,20,27.3,41.6,25,6.2,104,14.4,16.8,64.5,18.9,0.8,10330.43936
153300,0.000846856,Māngere East,Mangere East,2540,2830,3110,3500,4150,960,1810,1070,310,29.5,710,550,1790,1700,40,23.1,43.7,26,7.5,110,17.1,13.3,43.1,41,1,4354.489217
153400,0.000891749,Cockle Bay,Cockle Bay,3720,3970,4290,4270,4370,780,1200,1620,770,43.5,3620,240,90,650,50,17.9,27.4,37,17.6,100,83,5.4,2.1,15,1.1,7465.225023
153500,0.0007285,Ōtara West,Otara West,3230,3290,3450,3220,3570,1120,1400,840,200,24.2,370,940,2760,140,20,31.5,39.4,24,5.6,96,10.4,26.2,77.4,3.9,0.5,7532.677702
154000,0.001044796,Papatoetoe North,Papatoetoe North,3100,3640,3890,4350,5120,1000,2380,1280,460,30.2,1060,600,1520,2620,40,19.5,46.6,25,8.9,101,20.8,11.6,29.7,51.2,0.7,5937.700939
154200,0.001069283,Aorere South,Aorere South,3630,3880,4200,4680,5240,1290,2270,1320,360,28.9,930,880,2380,2010,20,24.7,43.3,25,6.9,104,17.8,16.7,45.4,38.3,0.3,4949.224674
154300,0.000604022,Shelly Park,Shelly Park,2650,2790,2890,2950,2960,560,890,1080,420,40.8,2330,140,70,560,30,18.9,30.2,36,14.3,95,78.7,4.8,2.4,18.8,1,6092.203574
154400,0.000589738,Ōtara Central,Otara Central,2630,2560,2800,2710,2890,770,1220,660,230,26.4,310,640,2240,210,10,26.8,42.3,23,8,101,10.7,22.1,77.7,7.1,0.4,6509.894655
154500,0.000408123,Huntington Park,Huntington Park,20,640,1940,2100,2000,290,680,590,440,41.5,960,60,50,930,90,14.3,33.9,30,22.1,86,47.8,3.2,2.3,46.8,4.7,3399.092088
154600,2.04E-06,Botany Central,Botany Central,0,0,0,0,10,0,0,0,0,31.4,0,0,0,0,0,19.3,61.7,19,0,62,19,0,0,80.9,0,3580.530381
154700,0.000546885,Botany North,Botany North,680,2010,2160,2250,2680,400,650,840,800,49.6,1290,70,60,1350,50,14.7,24.4,31,29.7,87,48.1,2.5,2.4,50.3,2,4042.789882
155000,0.000679525,Sunkist Bay,Sunkist Bay,2240,2460,2890,3130,3330,820,920,1230,370,38.7,3160,310,110,90,10,24.5,27.7,37,11,104,94.9,9.4,3.3,2.8,0.4,6538.495324
155100,0.00086114,Ōtara East,Otara East,3760,3760,3950,3770,4220,1230,1670,1030,300,26,390,940,3370,200,10,29,39.5,24,7,95,9.3,22.2,79.9,4.8,0.3,4605.133046
155200,0.000534642,Redcastle,Redcastle,10,10,2640,2670,2620,500,1030,860,230,35.3,930,170,190,1380,170,19,39.3,33,8.8,101,35.4,6.3,7.1,52.6,6.5,3611.77036
155800,0.000952968,Ferguson,Ferguson,4420,4280,4670,4270,4670,1420,1880,1070,300,24.5,490,1080,3740,220,10,30.4,40.3,23,6.4,98,10.4,23,80,4.8,0.3,4493.919206
155900,0.000812165,Papatoetoe South West,Papatoetoe South West,2520,2680,2950,3500,3980,950,1730,1010,290,29,700,640,1450,1820,40,24,43.5,25,7.2,104,17.7,16,36.4,45.8,1.1,4377.781933
156000,4.08E-05,Botany Junction,Botany Junction,20,20,110,170,200,30,100,60,10,33.2,50,10,20,120,10,14.7,50.2,31,3.7,125,23.4,7.3,10.5,61.8,3,6859.901477
156100,0.000532601,Dannemora North,Dannemora North,30,80,2360,2430,2610,500,1000,870,230,35.2,690,100,140,1700,170,19.1,38.6,33,8.9,95,26.3,4,5.3,65.4,6.6,3272.882397
156200,0.000873384,Papatoetoe South,Papatoetoe South,2750,2870,3400,3770,4280,750,1840,1250,430,32.5,820,420,800,2570,120,17.5,43.1,29,10.1,102,19.3,9.9,18.8,60.2,2.9,3709.256594
156300,0.000593819,East Tamaki Heights,East Tamaki Heights,210,1640,2310,2720,2910,500,970,1100,350,39.6,1190,110,90,1600,120,17.2,33.2,38,11.9,93,40.8,3.6,3,55,4,5008.546382
156500,0.000836653,Puhinui North,Puhinui North,2370,2650,2980,3440,4100,820,1830,1080,380,31.7,880,390,810,2430,50,20,44.5,26,9.3,104,21.5,9.5,19.7,59.2,1.3,4159.873166
156600,0.000587698,Dannemora South,Dannemora South,40,30,2570,2860,2880,600,1040,960,270,36,720,100,140,2000,100,20.8,36.3,34,9.4,109,25,3.4,4.8,69.5,3.4,3987.186826
156700,0.000544845,Puhinui South,Puhinui South,1770,1840,2020,2400,2670,540,1220,700,210,30.1,490,360,710,1470,30,20.4,45.7,26,7.7,104,18.4,13.4,26.4,55,1.3,3755.032095
156800,0.00052852,Rongomai West,Rongomai West,2480,2350,2480,2310,2590,790,1000,610,190,25.2,220,580,2090,90,10,30.4,38.5,24,7.4,96,8.4,22.5,80.7,3.6,0.3,4752.624757
156900,0.000883587,Baverstock,Baverstock,170,210,2110,4000,4330,850,1770,1360,360,34,1060,240,260,2950,130,19.6,40.8,31,8.2,96,24.5,5.5,6,68.1,3,5343.784811
158500,0.000950927,Goodwood Heights,Goodwood Heights,2010,3340,4050,4280,4660,880,1830,1490,470,34.6,1170,540,900,2590,90,18.8,39.3,32,10,103,25.2,11.5,19.3,55.6,2,5263.28009
158600,0.00019794,Ormiston East,Ormiston East,120,140,160,270,970,240,430,240,60,31.2,180,40,50,760,20,24.7,44.1,25,6.2,96,18.6,4.5,5.3,77.6,1.8,9737.869686
157400,0.00049791,Maraetai,Maraetai,1490,1590,1940,2300,2440,500,640,960,340,42.3,2310,230,80,70,20,20.4,26.1,39,14.1,101,94.8,9.4,3.3,2.9,0.6,15451.15053
158700,0.000724419,Clendon Park North,Clendon Park North,2950,2870,3190,3000,3550,1070,1420,900,160,26.3,640,1140,2030,440,40,30.1,40.1,26,4.4,94,18,32.1,57.1,12.4,1,4622.381445
159300,0.000834612,The Gardens (Auckland),The Gardens (Auckland),1230,1910,3220,3650,4090,780,1360,1450,500,38.1,2120,380,450,1600,100,19.1,33.3,36,12.2,96,51.7,9.2,11,39,2.6,10876.56773
159500,0.000704013,Clendon Park West,Clendon Park West,1380,2020,3190,3060,3450,1040,1410,850,150,25.9,600,990,1830,680,50,30.1,40.9,25,4.3,102,17.5,28.6,53.1,19.8,1.4,3830.455719
158900,0.000310174,Tuscany Heights,Tuscany Heights,380,570,880,1210,1520,250,480,610,190,42.1,780,80,60,700,20,16.3,31.3,40,12.2,105,51.4,5.1,3.8,46.1,1.2,21078.33617
159000,0.000589738,Totara Heights,Totara Heights,2170,2310,2530,2480,2890,580,1160,860,300,34.2,1090,400,680,1130,80,20.1,40,30,10.3,103,37.6,13.9,23.7,38.9,2.7,3966.877137
159100,0.000736663,Homai East,Homai East,2270,2430,2710,2950,3610,890,1630,850,230,28.5,770,670,1180,1440,130,24.8,45.1,24,6.5,112,21.4,18.6,32.7,39.9,3.5,4228.708721
159200,0.000985618,Homai West,Homai West,3650,3800,3920,3970,4830,1340,2020,1200,290,27.1,1020,1560,2230,930,90,27.6,41.7,25,5.9,102,21.2,32.3,46.1,19.2,1.9,4605.190292
160300,0.000689728,Hillpark South,Hillpark South,2450,2470,2650,2980,3380,680,1440,910,350,31.8,1470,580,670,1220,50,20.2,42.4,27,10.5,103,43.5,17.2,19.8,35.9,1.3,4581.545744
159400,0.000304052,Clarks Beach,Clarks Beach,1130,1270,1400,1410,1490,260,380,560,290,45.2,1370,230,70,70,10,17.6,25.8,37,19.2,99,91.9,15.4,4.6,5,0.8,9500.011285
160400,0.000808084,Alfriston,Alfriston,550,1510,2630,3680,3960,740,1440,1160,620,36,1570,390,570,1700,170,18.7,36.4,29,15.7,96,39.7,10,14.3,42.9,4.4,9202.764606
159700,0.000491789,Clendon Park East,Clendon Park East,1120,1900,2080,2180,2410,760,990,560,110,25.4,320,620,1390,450,20,31.5,40.8,23,4.6,96,13.5,25.8,57.8,18.6,0.8,3370.752268
159800,0.000324458,Karaka Creek,Karaka Creek,970,1160,1310,1380,1590,310,410,650,220,44.3,1450,150,50,100,10,19.5,25.6,41,13.6,108,91.4,9.2,3,6.1,0.4,57633.29139
159900,0.000752987,Rowandale West,Rowandale West,3030,3110,3200,3310,3690,1140,1500,880,170,25.4,700,1330,2070,410,50,30.9,40.7,24,4.6,104,18.9,36.2,56,11,1.2,3322.410062
160000,0.000824409,Rowandale East,Rowandale East,2960,3140,3420,3560,4040,1120,1640,1010,260,27.2,940,1310,1810,770,90,27.7,40.6,25,6.5,101,23.2,32.4,44.9,19.2,2.1,3783.74476
160200,0.00105908,Weymouth North,Weymouth North,2320,2870,3450,3560,5190,1560,2110,1280,240,27.1,1280,1630,2330,1100,80,30,40.7,25,4.7,100,24.6,31.5,45,21.2,1.6,4669.756883
164100,4.49E-05,Papakura Industrial,Papakura Industrial,150,170,210,200,220,60,70,70,10,32.5,100,70,60,40,0,26.6,34,33,6.4,103,47.5,31.4,26.3,18.6,0,5864.330162
160500,0.000801962,Weymouth East,Weymouth East,1280,1770,3320,3510,3930,1160,1530,990,250,26.9,810,1110,1710,950,160,29.4,38.9,25,6.4,98,20.7,28.2,43.4,24.3,4.2,5534.420836
161200,0.00052852,Wattle Downs North,Wattle Downs North,2250,2270,2290,2290,2590,800,1040,600,150,26.5,600,1070,1190,300,30,31,40.1,23,5.9,96,23.2,41.4,46,11.6,1.2,4061.982392
161300,0.000789719,Randwick Park West,Randwick Park West,2860,3350,3620,3710,3870,1210,1650,900,100,25.1,710,1330,1940,620,40,31.3,42.7,23,2.6,95,18.5,34.3,50.3,16.1,0.9,4706.118839
160700,0.000757069,Weymouth South,Weymouth South,2510,2650,3050,3220,3710,890,1390,1090,350,31.6,1490,1190,1450,530,80,23.9,37.4,29,9.4,96,40.3,31.9,39,14.3,2.3,5309.565667
160800,0.000624429,Manurewa East,Manurewa East,2290,2380,2440,2650,3060,720,1240,850,260,30.3,750,920,1120,850,60,23.4,40.3,28,8.5,109,24.5,29.9,36.5,27.7,2.1,3942.262652
160900,0.000848896,Manurewa South,Manurewa South,2920,2980,3310,3670,4160,1080,1750,1040,290,28.5,1130,1400,1410,1160,60,26,42,25,7,107,27.2,33.6,33.9,27.8,1.3,5673.249369
161100,0.000804003,Wattle Downs West,Wattle Downs West,1490,1600,2750,3440,3940,840,1240,1190,670,37.7,2510,640,480,870,80,21.3,31.5,30,17,94,63.9,16.3,12.3,22.1,2,8936.876881
161500,0.000471382,Wattle Downs East,Wattle Downs East,1090,1890,2140,2140,2310,410,690,760,440,42,1540,500,390,340,40,18,29.9,33,19.3,91,66.9,21.5,16.8,14.6,1.6,5607.298982
161600,0.000538723,Takanini North,Takanini North,1240,1640,1960,2090,2640,630,1140,650,220,30.2,890,720,510,920,40,23.8,43.3,24,8.4,108,33.7,27.4,19.2,34.7,1.5,10348.76674
161700,1.02E-05,Takanini Industrial,Takanini Industrial,70,60,50,70,50,10,20,10,0,36.6,30,20,0,10,0,23.3,37,33,6.7,224,66.1,38.1,5.8,14.7,0,4519.859349
165400,0.000512195,Anselmi Ridge,Anselmi Ridge,310,300,450,1350,2510,480,580,720,730,45.5,2210,190,80,230,30,19.1,23.2,29,29.1,90,87.9,7.4,3,9.2,1.3,15411.44266
161800,0.000514235,Conifer Grove West,Conifer Grove West,2680,2740,2620,2670,2520,400,760,940,420,44.2,1940,340,120,420,50,16,30,38,16.5,101,77,13.3,4.9,16.7,2,7393.641385
162100,0.000973374,Takanini South,Takanini South,220,250,620,1590,4770,1040,2440,1080,210,30,1360,600,590,2690,90,21.9,51.1,23,4.4,104,28.6,12.6,12.5,56.4,2,6690.959711
165500,0.001071324,Pukekohe West,Pukekohe West,3250,3550,4230,4580,5250,1340,1940,1420,560,31.1,2990,1670,720,650,80,25.4,36.9,27,10.7,99,56.9,31.8,13.7,12.4,1.5,7266.412831
162200,0.000250996,Takanini Central,Takanini Central,60,510,1180,1130,1230,170,360,350,330,45.8,660,160,120,440,10,14.2,29.6,29,27.3,90,53.6,13,9.7,35.7,0.7,7124.067571
163100,0.00069585,Pahurehure,Pahurehure,3010,3070,3130,3210,3410,650,1170,1100,490,37,2390,560,330,630,60,19.1,34.3,32,14.3,98,70.2,16.4,9.6,18.4,1.9,6197.744576
165600,0.00033058,Cape Hill,Cape Hill,290,420,880,1240,1620,410,530,540,130,34.8,1330,200,90,180,30,25.4,32.8,34,8.2,92,82.4,12.1,5.4,11.3,1.7,3569.522355
162900,0.000318336,Clevedon,Clevedon,1110,1220,1390,1520,1560,300,430,620,210,42.9,1450,110,30,80,10,19.1,27.3,40,13.6,101,92.9,7.2,1.9,5.4,0.7,41154.63898
163000,0.000908074,Papakura North,Papakura North,3040,3230,3430,4040,4450,1120,1810,1130,390,30.5,2340,1420,750,840,70,25.1,40.7,25,8.8,98,52.5,31.9,16.9,18.9,1.6,5509.465154
166600,2.04E-06,Islands Thames-Coromandel District,Islands Thames-Coromandel District,20,30,20,10,10,0,10,10,0,47,10,0,0,0,0,6.6,36,43,14.4,137,100,6.2,0,0,0,187075.3325
163200,0.000687688,Papakura Central,Papakura Central,2560,2490,2560,2790,3370,680,1240,950,500,35,1850,900,500,630,60,20.2,36.7,28,14.9,92,54.8,26.7,14.9,18.7,1.8,6783.943969
163300,0.000542804,Papakura North East,Papakura North East,1650,1680,1980,2100,2660,650,1090,690,230,30.6,1380,810,520,560,50,24.5,41,26,8.6,108,51.9,30.4,19.6,21,1.7,7067.991503
163400,0.000469342,Karaka Lakes,Karaka Lakes,180,170,170,660,2300,560,760,750,220,36.4,1140,160,100,1060,60,24.5,33.2,33,9.6,99,49.7,6.8,4.4,46.3,2.5,13543.34632
163500,0.000983577,Papakura Kelvin,Papakura Kelvin,3940,3860,4100,4100,4820,1470,1920,1130,300,26.7,1630,2470,1430,480,40,30.6,39.7,24,6.2,98,33.7,51.3,29.6,10,0.9,4081.647736
163900,0.000699931,Papakura East,Papakura East,1020,1120,1930,2600,3430,910,1400,900,230,30.2,1280,850,970,890,90,26.4,40.7,26,6.7,97,37.3,24.8,28.3,25.8,2.7,8273.623677
166700,0.00036527,Coromandel,Coromandel,1610,1540,1540,1590,1790,260,390,610,520,52.7,1490,540,40,60,10,14.7,22,34,29.2,97,83.4,30.2,2.1,3.4,0.3,33805.75009
166900,0.000338742,Mercury Bay North,Mercury Bay North,910,1010,1300,1380,1660,240,320,640,460,53.2,1580,190,20,30,10,14.7,19,39,27.7,101,94.9,11.7,1,1.6,0.4,187365.5339
163800,0.000493829,Patumahoe,Patumahoe,1450,1500,1630,1800,2420,530,700,880,310,39.2,2230,260,80,120,20,22.1,28.9,36,12.7,102,92.2,10.8,3.2,5.1,1,31292.42854
164000,0.000610144,Ōpaheke,Opaheke,2690,2640,2640,2730,2990,640,1110,950,290,33.6,2100,740,300,360,60,21.5,37.1,32,9.8,96,70.4,24.8,10,12,1.9,5338.377077
164200,0.000604022,Red Hill,Red Hill,2600,2460,2690,2620,2960,830,1050,820,260,29.4,1470,1170,770,260,30,27.9,35.6,28,8.8,104,49.8,39.4,26.1,8.8,1.1,7821.059133
164900,0.000222427,Kendallvale,Kendallvale,530,650,850,1090,1090,200,280,470,140,44.7,980,100,30,50,10,18.2,25.5,43,13.2,107,90.6,9.1,2.9,4.5,0.5,8918.472999
165800,0.000546885,Rooseville Park,Rooseville Park,1570,2070,2460,2530,2680,620,890,860,310,35.6,2150,420,170,290,40,23.3,33.2,32,11.5,97,80.4,15.5,6.5,10.9,1.6,6011.520225
164400,0.000522398,Tamakae,Tamakae,1650,2070,2180,2430,2560,470,720,830,530,42.7,2160,480,150,180,20,18.4,28.3,33,20.7,97,84.6,18.8,5.9,7.1,0.7,6637.620654
164700,0.000277524,Waiuku Central,Waiuku Central,560,640,820,1090,1360,330,460,410,170,34.8,1110,230,50,130,10,24.2,33.4,30,12.5,99,81.2,17.2,3.9,9.5,0.9,7478.254502
164500,0.000532601,Hamilton Estate,Hamilton Estate,2290,2180,2350,2360,2610,570,820,800,420,37.7,2070,660,130,180,20,21.7,31.5,31,16.1,98,79.4,25.1,4.8,7,0.6,10157.11635
164600,0.000589738,Drury Rural,Drury Rural,2080,2200,2560,2780,2890,470,800,1160,450,45.3,2300,380,140,430,30,16.4,27.8,40,15.6,107,79.7,13.1,5,14.8,1.1,36148.37471
165000,0.000336702,Puni,Puni,1480,1400,1510,1600,1650,320,490,600,250,40.8,1260,220,90,250,10,19.6,29.5,36,14.8,110,76.4,13.2,5.6,15.3,0.5,39390.96821
165300,0.001003983,Pukekohe North West,Pukekohe North West,2940,3210,3810,4400,4920,1220,1730,1330,640,31.7,2800,1420,870,660,30,24.7,35.1,27,13.1,95,56.9,28.9,17.7,13.5,0.7,12607.36253
165100,0.000420367,Ramarama,Ramarama,1910,1840,1980,2030,2060,350,560,840,300,45.5,1780,250,110,150,10,17.1,27.3,41,14.7,106,86.6,12,5.2,7.1,0.5,35189.61984
165200,0.000283646,Hunua,Hunua,1030,1010,1140,1210,1390,270,370,580,160,42.6,1320,140,30,40,10,19.5,26.9,42,11.8,100,95.1,10,2.3,2.6,0.7,51605.81718
165900,0.000508113,Cloverlea (Auckland),Cloverlea (Auckland),1410,1760,1930,2350,2490,460,710,790,530,42.4,1980,310,120,360,10,18.5,28.6,32,21.3,90,79.4,12.3,4.7,14.6,0.5,8347.389866
166000,8.16E-05,Pukekohe Central,Pukekohe Central,340,320,300,320,400,70,140,130,50,36.7,230,90,60,60,10,17.7,35.5,33,13.6,121,58.4,21.9,14.7,15.3,2.3,9220.189894
166100,0.000346905,Pukekohe Hospital,Pukekohe Hospital,830,880,1240,1590,1700,310,530,540,320,40.5,1350,200,90,280,20,18.1,31.3,31,19.1,97,79,12,5,16.2,0.9,4931.732894
175800,0.000801962,Flagstaff East,Flagstaff East,1810,3470,3680,3710,3930,770,1090,1160,900,42.1,3010,380,80,730,70,19.6,27.9,30,22.9,87,76.7,9.5,2,18.5,1.9,5735.449196
175900,0.001014186,Rototuna Central,Rototuna Central,130,790,2600,4380,4970,1290,1660,1520,510,34.9,3220,540,110,1470,150,25.9,33.4,31,10.2,96,64.8,10.8,2.2,29.6,3,5685.921692
166300,0.000420367,Bombay Hills,Bombay Hills,1450,1580,1710,1700,2060,390,500,830,350,45.4,1780,210,80,190,40,18.7,24.1,40,16.8,95,86.2,10.3,3.9,9.4,1.9,37345.82986
166400,0.000444854,Ararimu,Ararimu,1270,1520,1760,1920,2180,480,540,930,230,42.2,2060,180,40,60,10,22.1,24.9,43,10.4,105,94.6,8.4,2.1,2.9,0.6,58867.41745
167000,0.000312214,Whitianga North,Whitianga North,780,830,1040,1110,1530,240,300,560,420,52.6,1430,180,30,50,10,15.6,19.7,37,27.8,97,93.8,11.6,2.2,3.2,0.3,25978.54679
179900,0.000838693,Greensboro,Greensboro,2270,2370,2540,3120,4110,510,3050,470,80,22.4,1970,870,450,1160,230,12.5,74.1,12,1.9,101,48,21.2,11,28.3,5.6,3361.818449
167100,0.000836653,Whitianga South,Whitianga South,2320,2370,2870,3480,4100,660,940,1320,1190,50.8,3690,650,80,180,10,16,22.9,32,29,97,90,15.9,2.1,4.4,0.3,11496.94826
167400,0.000255077,Mercury Bay South,Mercury Bay South,910,1000,1200,1150,1250,200,290,480,290,49.5,1190,130,20,20,10,15.7,22.9,38,23.2,101,95.1,10.8,1.9,1.7,0.6,135825.7667
167500,0.000124478,Kauaeranga,Kauaeranga,510,520,550,590,610,110,130,240,140,48.5,540,120,10,10,0,17.4,20.6,40,22.4,104,89.1,19.7,1.4,1,0.7,79811.87901
180000,0.000440773,Hamilton East Cook,Hamilton East Cook,1870,1830,2060,2160,2160,450,1030,520,160,27.1,1280,600,210,380,100,20.7,47.8,24,7.6,95,59.1,27.8,9.5,17.4,4.5,3571.575925
167600,0.000412205,Thames North,Thames North,2090,2080,2080,2070,2020,250,360,650,750,58,1770,370,50,130,10,12.5,18,32,37.2,84,87.5,18.5,2.6,6.6,0.4,13925.73036
169200,0.000897871,Paeroa,Paeroa,4110,3920,3990,3980,4400,740,1080,1300,1270,49,3340,1390,180,190,10,16.9,24.5,30,29,91,75.8,31.6,4,4.4,0.3,13511.66799
167700,0.000220387,Thames Central,Thames Central,940,920,870,960,1080,120,250,320,390,54.6,820,240,30,90,10,11.1,23.2,30,36.2,91,76.2,22.7,3,8.7,0.6,8248.591319
167800,0.000708094,Thames South,Thames South,3420,3360,3450,3410,3470,630,800,1070,980,48.2,2800,890,100,210,30,18,22.9,31,28.3,91,80.8,25.6,2.9,6.1,0.9,10294.32635
167900,4.90E-05,Hikuai,Hikuai,230,250,230,230,240,40,60,100,40,47,230,50,10,0,0,17.5,24,40,18,97,96.2,20,3.5,0,1.3,140225.7461
168000,0.000183655,Totora-Kopu,Totora-Kopu,600,640,710,810,900,160,220,290,230,47.6,770,170,10,50,0,17.4,24.2,33,25.5,101,85.5,19,1.6,6.1,0.2,17684.02442
168100,0.000306092,Tairua,Tairua,1460,1490,1300,1280,1500,220,260,500,530,56.4,1370,180,30,80,10,14.7,17.2,33,35.2,103,91.2,11.8,2.3,5,0.5,20383.15845
168200,0.000212224,Pauanui,Pauanui,690,750,830,850,1040,100,140,330,470,62.8,1000,60,10,30,10,9.6,13.2,32,45,96,95.5,5.8,0.7,2.4,1.4,27251.85752
168300,0.000220387,Matatoki-Puriri,Matatoki-Puriri,1070,1040,1090,1040,1080,200,260,440,180,45.5,1010,190,10,10,0,18.6,23.9,40,17.1,105,93.9,17.4,1.2,0.8,0,78375.33763
168400,9.18E-05,Whangamatā Rural,Whangamata Rural,390,370,410,370,450,70,70,170,130,56.2,390,100,10,10,0,15.2,16.7,38,30.2,99,88.2,21.6,1.4,1.2,0.9,101806.803
168500,0.000852978,Whangamatā,Whangamata,3860,4070,3650,3680,4180,570,760,1290,1550,57.5,3830,670,80,80,10,13.6,18.3,31,37.2,98,91.7,16,2,1.9,0.3,28827.79171
168600,0.000177534,Miranda-Pūkorokoro,Miranda-Pukorokoro,770,730,690,820,870,120,160,340,250,53.5,750,250,20,20,0,13.5,18.7,40,28.2,111,85.8,28.8,2.1,2,0.1,59708.74234
168700,0.000242833,Hauraki Plains North,Hauraki Plains North,1120,1060,1130,1140,1190,240,350,410,190,40.5,1080,210,40,40,10,19.8,29.7,34,16.1,110,90.5,17.7,3.7,3,0.5,80656.23094
168800,0.000285686,Hauraki Plains East,Hauraki Plains East,1340,1350,1370,1380,1400,300,400,510,200,40.3,1290,230,10,40,0,21.5,28.1,36,14.4,100,91.8,16.7,1,2.5,0.3,47470.02385
168900,0.000306092,Ngatea,Ngatea,1040,1110,1210,1320,1500,290,370,450,390,45.9,1350,250,20,50,0,19.2,24.9,30,25.7,93,90.3,16.8,1.6,3.2,0,11590.56759
169400,0.00036527,Waihi North,Waihi North,1460,1360,1460,1580,1790,300,380,540,570,51.4,1460,440,90,80,10,16.5,21.5,30,31.9,85,81.7,24.3,5,4.6,0.7,9147.265009
169500,0.000291808,Waihi East,Waihi East,1410,1390,1270,1280,1430,260,320,490,360,48.6,1270,310,50,40,0,18,22.6,34,24.8,96,88.6,21.3,3.5,3,0.1,15985.53034
170100,0.000336702,Onewhero,Onewhero,1320,1410,1520,1620,1650,360,450,650,200,40.6,1390,360,60,70,0,21.9,27,39,11.9,102,84.3,21.7,3.8,4.4,0.2,79960.04337
170200,0.000324458,Pōkeno Rural,Pokeno Rural,970,1000,1200,1330,1590,330,450,610,210,41.2,1390,240,60,90,10,20.6,28.1,38,12.9,105,87,15.1,3.9,5.7,0.8,72247.31504
169600,0.000479545,Waihi South,Waihi South,2090,2010,2000,2010,2350,400,540,770,640,49,1890,560,80,150,10,17,22.9,33,27.2,100,80.3,24,3.2,6.6,0.6,9212.199996
169700,0.000646875,Aka Aka,Aka Aka,2370,2390,2640,2750,3170,650,880,1230,420,42.1,2950,380,80,140,10,20.4,27.7,39,13.3,104,93.1,12.1,2.4,4.4,0.3,81708.60669
169800,0.000228549,Mangatangi,Mangatangi,820,900,880,970,1120,280,360,370,110,34.4,900,210,90,40,20,25,31.8,33,9.8,119,80.8,18.8,8.1,3.5,1.4,138353.9249
169900,0.000334661,Tuakau Rural,Tuakau Rural,1140,1280,1400,1530,1640,310,430,660,230,43.9,1390,240,60,140,10,19.1,26.5,40,14.1,109,85,14.4,3.5,8.8,0.4,57174.96396
170000,0.000667282,Tuakau North,Tuakau North,1540,1630,2090,2720,3270,830,1170,900,360,32.5,2380,980,240,320,10,25.3,35.9,28,11.1,98,72.7,30.1,7.4,9.7,0.3,9212.011627
170300,0.00039588,Tuakau South,Tuakau South,1370,1440,1650,1780,1940,500,670,550,220,31.5,1230,730,210,130,0,25.6,34.7,28,11.5,97,63.4,37.5,10.7,6.9,0.1,11575.32319
170400,0.000163249,Port Waikato-Waikaretu,Port Waikato-Waikaretu,850,790,750,760,800,150,210,310,130,45.9,560,330,30,10,10,18.3,26.4,39,16.6,98,69.6,41.3,4,1.9,0.7,93048.99087
170500,0.000571373,Pōkeno,Pokeno,450,530,680,730,2800,650,1020,890,230,34.1,1960,430,120,590,50,23.1,36.6,32,8.4,102,70,15.4,4.5,21.1,1.9,15900.66574
170802,0.000102031,Te Kauwhata West,Te Kauwhata West,200,240,300,380,500,100,120,180,100,43.5,440,80,20,30,0,20.2,24.6,36,19.6,94,88.1,15.4,3.6,5.1,0.5,15808.53187
171100,0.000342824,Te Kauwhata,Te Kauwhata,860,900,960,1190,1680,360,470,430,410,40,1310,390,60,130,10,21.7,28.3,26,24.2,94,78.2,23.4,3.5,8,0.6,6686.616078
172000,0.000461179,Ngāruawāhia North,Ngaruawahia North,1700,1540,1730,1780,2260,620,800,610,220,29.2,1070,1430,100,70,10,27.7,35.4,27,9.8,98,47.3,63.5,4.6,3,0.3,8815.868236
183000,0.000302011,Oaklands-St Kilda,Oaklands-St Kilda,140,200,640,680,1480,320,340,470,350,43.4,1380,70,20,80,10,21.8,22.9,32,23.4,90,93.6,5,1.2,5.6,0.5,6732.192168
171400,0.000677485,Huntly West,Huntly West,3180,3030,3040,2970,3320,980,1130,880,330,28.6,1140,2510,310,110,20,29.4,34,27,9.9,100,34.4,75.6,9.5,3.2,0.5,16523.08814
171500,0.001016227,Huntly East,Huntly East,4110,4080,4080,4310,4980,1150,1520,1530,770,36.7,3070,1960,550,430,30,23.2,30.4,31,15.6,98,61.6,39.5,11,8.7,0.6,21482.31335
171900,0.000391798,Taupiri-Lake Kainui,Taupiri-Lake Kainui,1330,1270,1520,1690,1920,410,590,710,210,38.3,1500,570,60,50,20,21.4,30.5,37,11.1,102,78.1,29.8,3.3,2.8,1,46797.58102
183100,0.000189777,Pukerimu,Pukerimu,680,740,760,900,930,200,280,340,110,38.7,890,70,20,30,0,21,30.4,37,11.8,107,96.1,7.7,1.8,2.8,0.5,56253.53392
172100,0.000614226,Ngāruawāhia Central,Ngaruawahia Central,2670,2630,2680,2570,3010,820,1100,820,280,30.7,1750,1710,230,100,10,27.1,36.4,27,9.3,99,58.2,56.7,7.5,3.4,0.3,13164.4262
172200,0.000416286,Ngāruawāhia South,Ngaruawahia South,1450,1420,1420,1690,2040,610,700,550,180,29.9,1220,1070,110,80,10,29.9,34.2,27,9,97,59.9,52.6,5.5,3.9,0.6,12556.71079
172600,0.00013264,Horotiu,Horotiu,530,520,540,530,650,150,220,210,50,34.3,510,220,30,40,0,23.9,34.7,33,8.3,107,79.3,34.4,4.2,6.7,0,11466.86146
172400,0.000432611,Te Kowhai,Te Kowhai,1090,1250,1540,1820,2120,500,520,770,320,41.2,1960,270,20,50,10,23.8,24.6,36,15.2,96,92.6,12.8,0.8,2.4,0.4,33478.86007
174000,0.000620347,Morrinsville West,Morrinsville West,2610,2740,2760,2840,3040,640,1030,830,540,36.1,2390,780,70,230,0,21.2,33.8,27,17.9,94,78.8,25.6,2.3,7.4,0.2,9823.108255
172500,0.000108153,Whatawhata West,Whatawhata West,300,350,380,430,530,140,130,210,60,39.8,490,100,0,10,0,25.5,24.7,39,10.8,114,92.4,18.7,0,1.7,0.8,47017.91074
172700,0.000148965,Horsham Downs,Horsham Downs,400,440,560,720,730,160,190,300,90,42.2,610,60,10,110,10,21.8,25.5,40,12.3,97,83.1,7.6,2,15.5,0.7,24967.94636
173100,0.000444854,Eureka-Tauwhare,Eureka-Tauwhare,1250,1410,1580,2020,2180,530,620,800,220,37.4,1980,210,30,120,10,24.4,28.5,37,10.2,104,90.9,9.7,1.5,5.4,0.3,65998.2386
172800,0.000579535,Whatawhata East,Whatawhata East,1490,1660,1920,2320,2840,630,820,1070,320,39.1,2380,610,70,70,30,22.3,28.7,38,11.3,104,83.8,21.6,2.4,2.6,1,43865.04911
184000,0.000369352,Te Awamutu Stadium,Te Awamutu Stadium,1330,1360,1460,1600,1810,340,530,550,380,41.7,1600,290,20,110,10,19,29.6,30,20.9,86,88.5,15.9,1.2,6.3,0.8,4830.201105
173000,0.000336702,Hamilton Park,Hamilton Park,880,990,1100,1390,1650,400,500,570,170,36.3,1490,190,30,110,10,24.5,30.3,35,10.6,110,90.3,11.3,1.8,6.7,0.5,36516.82083
184100,8.37E-05,Te Awamutu Central,Te Awamutu Central,390,380,380,380,410,70,120,110,120,45.6,360,80,10,20,0,16.5,28.9,27,28,85,85.7,18.1,3.2,5,1,5001.774699
173300,0.000504032,Pukemoremore,Pukemoremore,1560,1680,1930,2200,2470,570,690,930,280,39.3,2020,530,40,110,10,23.1,27.9,38,11.5,102,81.5,21.2,1.6,4.5,0.3,42310.04704
173400,0.000414245,Tamahere South,Tamahere South,1170,1240,1570,1870,2030,400,520,810,300,44.2,1900,180,10,100,0,19.6,25.4,40,15,98,93.6,8.6,0.6,4.7,0.1,28204.2772
173900,0.001008065,Morrinsville East,Morrinsville East,3450,3630,4010,4460,4940,920,1410,1490,1120,42.6,4280,690,90,360,20,18.5,28.7,30,22.6,92,86.8,14.1,1.8,7.2,0.3,10099.53504
174100,0.00052852,Te Aroha East,Te Aroha East,2500,2310,2310,2300,2590,500,610,820,670,47.1,2140,580,140,140,30,19.2,23.5,32,25.7,97,82.4,22.4,5.5,5.2,1.3,16250.249
174900,0.000665241,Matamata North,Matamata North,2590,2650,2680,3030,3260,540,910,880,940,46.2,2730,500,40,230,20,16.5,27.9,27,28.7,92,83.8,15.4,1.2,7.1,0.7,8622.305656
175000,0.000969293,Matamata South,Matamata South,3420,3620,3740,4340,4750,830,1300,1350,1270,45.3,4050,790,110,270,20,17.5,27.3,28,26.8,93,85.2,16.7,2.2,5.8,0.5,9578.372855
175100,0.000175493,Te Poi,Te Poi,910,810,840,840,860,220,270,290,80,33.8,720,160,20,50,10,25.3,31.5,33,9.7,114,84.6,18.4,2.5,6.1,1.5,79582.45482
174200,0.000420367,Te Aroha West,Te Aroha West,1440,1500,1580,1860,2060,370,480,640,570,48.9,1830,260,50,180,0,17.7,23.5,31,27.8,94,88.8,12.8,2.4,8.6,0.2,16581.54732
175200,3.88E-05,Te Rapa North,Te Rapa North,580,420,270,200,190,40,50,60,40,41,170,40,0,10,0,20,27.8,31,21.2,136,88.9,19,0,5.6,1.1,16995.60222
230300,0.000557088,Kelvin Grove West,Kelvin Grove West,2420,2470,2640,2780,2730,650,1100,700,280,30.5,2060,630,190,320,40,23.9,40.3,26,10.3,91,75.6,23.2,6.9,11.6,1.4,3615.757942
174300,0.000253036,Waihou-Manawaru,Waihou-Manawaru,1250,1170,1200,1180,1240,270,350,430,190,39.9,1100,160,40,80,10,21.5,28.6,34,15.4,109,88.7,12.9,2.8,6.4,0.5,67283.36285
174400,0.000246915,Waitoa-Ngarua,Waitoa-Ngarua,1420,1260,1320,1200,1210,260,420,390,140,35.4,950,160,40,130,30,21.2,34.7,33,11.3,110,78.9,13.2,3.3,10.5,2.8,65403.7799
175300,0.000685647,Flagstaff North,Flagstaff North,10,60,260,850,3360,890,1320,920,220,32.6,1990,270,50,1240,80,26.6,39.4,28,6.6,92,59.4,8,1.4,36.9,2.2,6460.204163
175400,0.000116315,Rotokauri-Waiwhakareke,Rotokauri-Waiwhakareke,340,350,370,350,570,110,180,200,80,38.8,430,80,10,100,10,20,30.8,35,14.4,97,76.1,14.6,1.7,16.7,1.5,17031.17596
175500,0.000599941,Flagstaff South,Flagstaff South,70,100,140,1690,2940,760,1000,960,220,34.5,1930,280,40,930,50,25.8,33.9,33,7.6,96,65.5,9.5,1.4,31.6,1.6,6280.60157
175600,0.00019794,Rototuna North,Rototuna North,70,90,90,800,970,280,360,260,80,31.6,450,140,40,420,40,28.3,37,26,8.4,104,46.5,14.3,3.9,43.2,4.4,7010.330262
176000,0.000499951,Pukete East,Pukete East,2480,2490,2490,2420,2450,520,850,800,280,35.2,1990,370,80,280,30,21,34.9,32,11.5,102,81.4,15.2,3.4,11.3,1.1,4909.51388
176100,0.000787678,Te Manatu,Te Manatu,90,90,690,2970,3860,930,1570,1060,300,31.7,2210,450,110,1340,150,24.1,40.7,27,7.8,95,57.2,11.6,2.9,34.6,3.8,5162.662952
176200,0.000934602,Rototuna South,Rototuna South,340,2160,4030,4440,4580,960,1330,1480,810,40,3260,470,110,1070,110,21,29,32,17.6,92,71.1,10.2,2.5,23.3,2.5,6189.350229
176300,2.45E-05,Te Rapa South,Te Rapa South,120,100,100,120,120,20,50,40,10,34.7,80,30,10,20,0,13,41.6,37,8.3,154,69,27.6,7.5,14,0,12841.80338
176400,0.000610144,Saint Andrews West,Saint Andrews West,2600,2850,2890,2890,2990,720,1150,800,320,31.7,2020,900,190,370,40,24,38.6,27,10.8,98,67.6,30.2,6.5,12.4,1.3,6574.630904
176500,0.000522398,Saint Andrews East,Saint Andrews East,2400,2290,2440,2380,2560,440,770,780,560,42,2050,420,90,280,30,17.2,30.1,31,22.1,86,80.2,16.3,3.5,10.9,1.1,5880.297419
176600,0.000501992,Queenwood (Hamilton City),Queenwood (Hamilton City),2440,2340,2320,2390,2460,460,740,840,420,40.8,2030,320,80,310,20,18.6,30.2,34,17.2,92,82.4,13,3.1,12.8,0.9,5592.154918
176700,0.000410164,St James,St James,50,50,1070,1820,2010,510,630,680,190,35.4,1420,210,40,510,40,25.2,31.5,34,9.6,98,71,10.3,2,25.5,1.9,4835.455561
176900,0.000548926,Huntington,Huntington,20,600,1620,2610,2690,520,730,1000,440,42.5,1930,230,40,660,40,19.4,27.1,37,16.3,92,71.8,8.4,1.5,24.6,1.5,5906.776734
177000,0.000620347,Western Heights (Hamilton City),Western Heights (Hamilton City),770,1940,2340,2710,3040,550,960,1080,440,40.3,2180,470,130,620,70,18.2,31.5,36,14.6,94,71.8,15.5,4.3,20.5,2.3,7444.923552
177100,0.000777475,Nawton West,Nawton West,2070,3060,3700,3750,3810,870,1450,1030,460,32.7,2340,1070,300,710,60,22.7,38.1,27,12.1,92,61.4,28.1,7.9,18.6,1.5,6293.877398
177300,0.000542804,Chartwell,Chartwell,2400,2350,2490,2490,2660,660,980,650,370,31.5,1400,920,240,450,120,24.7,36.9,24,13.9,88,52.5,34.5,9.1,16.9,4.3,4168.400702
177400,0.000526479,Forest Lake (Hamilton City),Forest Lake (Hamilton City),1940,2130,2200,2420,2580,530,900,660,500,36.1,1910,590,130,290,40,20.4,35,25,19.2,87,73.9,22.9,4.9,11.4,1.7,5396.68052
177500,0.000387717,Chedworth,Chedworth,1770,1800,1780,1810,1900,400,580,590,320,38.7,1430,240,70,320,30,20.9,30.8,31,17,93,75.4,12.5,3.6,17.1,1.8,4894.930667
186600,0.000508113,Strathmore (South Waikato District),Strathmore (South Waikato District),2860,2680,2520,2340,2490,610,760,730,400,34.5,1330,1160,660,70,10,24.6,30.4,29,15.8,96,53.2,46.5,26.4,2.8,0.3,4816.085668
178800,0.000740744,Kahikatea,Kahikatea,2710,2930,3010,3020,3630,940,1590,880,220,28.6,2090,1430,390,470,40,25.8,43.7,24,6.2,100,57.5,39.5,10.7,13.1,1.2,7454.230613
177600,0.000469342,Beerescourt,Beerescourt,2050,2050,2110,2250,2300,440,780,690,390,37.4,1800,370,110,300,30,19.2,33.8,30,17.1,92,78.3,16,4.7,12.9,1.3,5313.327443
177700,0.000673403,Miropiko,Miropiko,3160,3030,3080,3350,3300,600,1070,1130,500,39.2,2730,480,150,280,60,18.2,32.5,34,15.2,94,82.8,14.6,4.4,8.6,1.7,8421.601737
177900,0.00092848,Dinsdale North,Dinsdale North,4170,4160,4200,4360,4550,1020,1710,1290,530,32.8,3250,1450,290,440,50,22.4,37.5,28,11.7,98,71.5,31.9,6.3,9.6,1,7196.718957
206300,0.000412205,Mangapapa South,Mangapapa South,1840,1790,1930,1880,2020,530,720,550,220,30.9,1200,1150,110,70,10,26.2,35.6,27,11.1,95,59.2,56.8,5.2,3.7,0.6,4195.350394
178000,0.0007938,Maeroa,Maeroa,3250,3110,3420,3520,3890,820,1660,1030,370,31.6,2590,1120,260,500,70,21.1,42.6,27,9.6,98,66.6,28.8,6.7,12.8,1.9,6511.601525
178100,0.000842775,Dinsdale South,Dinsdale South,3730,3610,3630,3850,4130,860,1530,1200,540,33.9,3090,1120,220,410,50,20.7,37.2,29,13.1,99,74.9,27.2,5.4,9.8,1.1,6385.537674
178200,0.000940724,Fairfield (Hamilton City),Fairfield (Hamilton City),3850,3950,4140,4210,4610,1220,1820,1150,420,28.8,2510,1980,520,370,150,26.6,39.4,25,9,95,54.5,43,11.2,8.1,3.2,5114.546596
199100,0.000575454,Pukehangi North,Pukehangi North,2680,2530,2700,2640,2820,850,1030,720,230,28,1610,1700,230,90,10,29.9,36.6,25,8.1,92,57.1,60.3,8.2,3.3,0.2,5160.81932
178300,0.000555048,Whitiora,Whitiora,1770,1560,1890,2170,2720,300,1520,670,230,31.3,1270,520,130,980,100,11,55.9,25,8.3,102,46.8,19.2,4.8,36.1,3.7,5773.465283
178400,0.000540763,Enderley North,Enderley North,2350,2320,2310,2370,2650,700,1010,650,300,29,1090,1310,390,240,90,26.5,38,24,11.2,107,41.1,49.3,14.7,9.1,3.3,3688.953616
178500,0.000683607,Fairview Downs,Fairview Downs,2300,2890,3130,3170,3350,790,1360,890,300,30.5,2050,1030,250,440,110,23.7,40.8,27,8.9,99,61.1,30.8,7.5,13.1,3.3,6699.964582
178600,0.000255077,Temple View,Temple View,1410,1410,1400,1270,1250,340,430,300,170,29,700,840,270,90,10,27.6,34.6,24,13.9,96,56.3,67.1,21.9,7.1,0.8,11327.38968
178700,0.000524438,Swarbrick,Swarbrick,1280,1330,1460,2000,2570,510,1250,540,270,29.5,1240,880,230,630,70,19.9,48.9,21,10.3,88,48.2,34.3,9.1,24.6,2.8,3183.500926
178900,0.000140803,Frankton Junction,Frankton Junction,690,530,530,470,690,110,320,210,40,31.6,380,150,70,170,10,16.6,47,31,5.6,132,54.9,22.4,10.6,25.1,0.9,14148.92277
179000,5.92E-05,Kirikiriroa,Kirikiriroa,140,130,130,160,290,30,170,90,10,30.9,120,80,20,110,10,10.1,58.4,29,2.4,125,41.2,26.9,5.9,37.7,1.8,2869.117036
179100,0.000589738,Enderley South,Enderley South,2290,2370,2320,2600,2890,680,1170,720,320,30.4,1250,1310,340,410,70,23.6,40.3,25,11.2,90,43.2,45.2,11.8,14.3,2.3,4925.700176
179400,0.000179574,Hamilton Central,Hamilton Central,340,440,690,710,880,50,520,240,80,31.6,500,150,40,250,40,5.4,59,27,8.7,117,57.2,17,4.5,28.6,4.2,6220.25871
179200,0.000250996,Ruakura,Ruakura,1110,770,800,970,1230,140,860,180,50,21.1,750,170,70,340,40,11.2,70,15,4.1,91,61,13.8,5.6,27.6,3.6,21578.68114
179300,0.000657078,Claudelands,Claudelands,3050,2850,2890,3020,3220,540,1420,1000,260,32.4,1960,680,170,760,80,16.6,44.2,31,8,109,61,21.2,5.2,23.5,2.5,6187.110237
179500,0.000744825,Hamilton Lake,Hamilton Lake,3130,3010,3200,3410,3650,510,1590,1090,460,34,2400,690,170,810,70,13.9,43.5,30,12.6,99,65.8,18.9,4.6,22.1,2,7984.080288
179600,0.000775434,Peachgrove,Peachgrove,1990,1960,3360,3640,3800,640,1490,960,720,34.5,2460,770,230,750,120,16.8,39.2,25,18.8,99,64.8,20.4,6,19.7,3.1,7618.243446
179800,0.00036323,Hamilton West,Hamilton West,1260,1420,1460,1580,1780,220,870,440,250,32.9,1050,330,80,510,30,12.4,48.9,25,14,93,59.2,18.5,4.4,28.5,1.8,5874.478991
180100,0.000604022,Melville North,Melville North,1990,2020,2210,2560,2960,540,1500,720,200,30.1,1360,740,200,1060,50,18.3,50.6,24,6.6,97,45.8,24.8,6.7,35.9,1.7,5261.724751
180200,0.000842775,Hamilton East,Hamilton East,3680,3480,3680,3860,4130,850,1610,1180,480,33.1,3090,780,190,520,120,20.6,39.1,29,11.7,90,74.8,19,4.7,12.6,3,6511.997468
180300,0.000526479,Melville South,Melville South,2290,2190,2300,2330,2580,630,1070,630,250,29.8,1410,840,230,530,70,24.4,41.6,24,9.6,93,54.6,32.5,8.8,20.7,2.7,6521.045286
183200,0.000181615,Cambridge Central,Cambridge Central,800,820,900,820,890,90,190,240,360,57.1,800,70,10,60,0,10.3,21.9,28,40.2,89,90.5,7.4,1.6,6.5,0,10110.66762
180500,0.000548926,Bader,Bader,2310,2230,2320,2340,2690,710,1130,630,210,27.7,1300,1380,290,280,30,26.6,42.2,24,7.7,95,48.2,51.3,10.8,10.6,1.1,4852.541361
180600,0.000581576,Hillcrest West (Hamilton City),Hillcrest West (Hamilton City),2090,2200,2460,2650,2850,500,1350,760,230,27.3,1760,510,180,730,60,17.7,47.5,27,8.2,102,62,17.9,6.4,25.7,2.2,4772.702455
180700,0.000669322,Hillcrest East (Hamilton City),Hillcrest East (Hamilton City),2660,2710,2940,3090,3280,570,1650,820,240,27,1890,530,200,950,110,17.4,50.3,25,7.4,98,57.7,16.3,6.2,28.9,3.5,4431.511668
182900,0.00026324,Cambridge Park-River Garden,Cambridge Park-River Garden,120,130,150,430,1290,310,360,420,200,38.7,1170,110,20,110,10,24,27.6,33,15.7,94,90.8,8.2,1.7,8.2,0.6,7670.134827
180800,0.000446895,Silverdale (Hamilton City),Silverdale (Hamilton City),1830,1870,2010,2060,2190,410,990,540,250,27.9,1310,470,140,530,50,18.9,45.4,24,11.2,90,60,21.6,6.4,24.2,2.1,5029.045249
180900,0.000487707,Glenview,Glenview,2100,2170,2180,2270,2390,590,1000,560,240,30.2,1650,660,130,370,50,24.6,41.8,24,10.1,95,68.9,27.5,5.5,15.5,2.2,4969.622956
181100,0.000597901,Fitzroy,Fitzroy,1910,1970,1940,1980,2930,520,980,790,630,38.7,2060,490,160,550,30,17.8,33.6,27,21.6,86,70.3,16.9,5.5,18.9,1.2,7326.778699
181900,0.000255077,Pirongia,Pirongia,830,900,1080,1180,1250,290,300,470,190,41.7,1160,180,20,10,0,23.5,24.1,37,15.2,94,92.9,14.3,1.2,1,0.1,9420.519605
181200,0.000587698,Riverlea,Riverlea,2520,2570,2630,2740,2880,560,930,960,430,38.7,2120,310,60,610,60,19.6,32.2,33,14.9,93,73.5,10.8,2,21.2,1.9,7221.604702
181400,0.000302011,Te Pahu,Te Pahu,1000,1150,1220,1330,1480,330,440,550,160,39.1,1390,150,20,40,10,22,29.7,38,10.8,109,94.1,10.1,1.3,2.7,0.6,73304.53687
181500,0.000350986,Ngahinapouri,Ngahinapouri,1000,1210,1360,1530,1720,380,490,630,230,39.8,1580,200,40,60,20,21.9,28.3,37,13.2,103,91.8,11.4,2.2,3.7,1.1,48349.22587
182700,0.000520357,Cambridge West,Cambridge West,2170,2250,2270,2460,2550,430,620,830,670,47,2370,210,40,100,10,16.9,24.2,32,26.5,88,93,8.2,1.4,4,0.6,7782.758269
181600,0.000312214,Lake Cameron,Lake Cameron,960,1040,1210,1330,1530,300,540,520,180,35.8,1320,160,20,140,10,19.5,35.1,34,11.7,119,86.5,10.4,1.1,8.9,0.9,46182.45271
182800,0.000591779,Cambridge East,Cambridge East,2620,2670,2690,2830,2900,580,870,890,560,39.9,2670,310,50,160,10,20,30.1,31,19.3,92,91.8,10.8,1.7,5.7,0.3,5624.150569
230400,0.000473423,Kelvin Grove North,Kelvin Grove North,370,620,1410,2190,2320,550,710,800,270,37,1860,260,60,330,60,23.5,30.5,35,11.4,102,79.8,11,2.4,14.3,2.6,6764.73284
182200,0.000248955,Te Rahu,Te Rahu,710,730,920,1020,1220,250,360,430,180,39.7,1120,140,10,70,0,20.7,29.6,35,14.4,110,91.8,11.3,0.5,5.9,0.3,38847.52429
182300,0.000151006,Fencourt,Fencourt,420,510,580,700,740,160,190,290,100,42.9,720,60,10,10,0,21.1,25.3,40,13.9,95,97.1,8.1,1,1.9,0,28541.10634
231100,0.00049587,Royal Oak (Palmerston North City),Royal Oak (Palmerston North City),340,440,940,2120,2430,550,680,820,380,39.5,1890,290,70,430,40,22.8,27.9,34,15.5,99,77.6,11.7,2.9,17.7,1.8,6819.785494
182500,0.000491789,Karapiro,Karapiro,1320,1550,1850,2040,2410,540,670,920,280,39.9,2310,200,40,70,20,22.2,27.9,38,11.8,105,95.6,8.2,1.6,2.8,0.7,78608.14806
183300,0.00023059,Te Awamutu North,Te Awamutu North,1140,890,960,1060,1130,230,360,350,190,39,960,230,40,50,20,20.6,31.4,31,16.8,95,84.9,20,3.6,4.5,1.5,13996.10467
183400,0.000279564,Te Awamutu West,Te Awamutu West,1160,1130,1210,1340,1370,270,460,410,230,37.3,1120,330,30,50,10,19.6,33.7,30,16.9,98,82.4,24,2.4,3.5,0.4,4284.931292
183500,0.000310174,Leamington West,Leamington West,1170,1200,1210,1440,1520,240,370,460,450,48.9,1380,210,30,50,10,15.6,24.5,30,29.7,91,90.9,13.9,1.8,3.3,0.9,6096.112474
183600,0.000379555,Goodfellow Park,Goodfellow Park,1560,1430,1630,1660,1860,390,590,500,380,37.2,1460,510,60,110,10,20.8,31.7,27,20.3,84,78.3,27.6,3.4,6,0.7,5577.202942
183700,0.000371392,Leamington South,Leamington South,1070,1350,1540,1760,1820,350,510,620,340,42.1,1680,260,30,50,10,19.5,28,34,18.5,104,92.4,14.1,1.6,2.8,0.5,8114.274865
183800,0.000510154,Leamington Central,Leamington Central,2030,2130,2290,2290,2500,550,880,690,380,33.9,2130,440,60,190,10,21.8,35.2,28,15.2,99,85,17.7,2.3,7.6,0.5,5984.994129
183900,0.000418326,Leamington East,Leamington East,1580,1750,1900,1930,2050,400,570,650,430,42.6,1880,200,40,80,10,19.4,28.1,32,20.9,88,91.9,9.8,1.7,3.8,0.4,5703.33349
194200,0.000228549,Bethlehem South,Bethlehem South,480,750,1030,1050,1120,220,270,470,160,45,1010,90,20,70,0,19.5,24,42,14.1,107,90.3,8.3,1.7,6.5,0.2,11179.71263
184200,0.000514235,Pekerau,Pekerau,1550,1680,1830,2040,2520,510,780,740,490,39,1940,680,70,150,10,20.2,31.1,29,19.5,100,77,27.1,2.8,5.8,0.4,9697.046402
184300,0.000295889,Fraser Street,Fraser Street,1200,1330,1360,1380,1450,240,380,460,360,47,1260,280,20,50,10,16.6,26.3,32,25,88,86.8,19.3,1.2,3.4,0.5,5888.932065
189100,0.000575454,Hilltop (Taupo District),Hilltop (Taupo District),2400,2720,2620,2650,2820,590,740,860,620,42.2,2360,680,100,120,20,21,26.4,31,22,94,83.7,24,3.7,4.1,0.5,7013.20964
184500,0.000102031,St Leger,St Leger,200,240,370,470,500,90,110,190,100,46.5,470,70,0,0,0,18.9,22.1,39,19.9,89,94.3,13.6,0.4,0,0,18284.54213
184700,9.18E-05,Tokanui,Tokanui,580,410,450,460,450,110,160,150,40,31.8,290,250,10,10,0,23.8,35,33,8,114,65.2,55.7,2.8,2.7,0.6,28838.80308
190200,0.000524438,Waihi Beach-Bowentown,Waihi Beach-Bowentown,2330,2330,2110,2240,2570,340,540,900,790,54.6,2330,380,30,70,10,13.4,20.8,35,30.6,99,90.7,14.8,1.1,2.6,0.4,24427.87312
190300,0.000387717,Tahawai,Tahawai,1460,1600,1780,1780,1900,240,370,770,530,54.5,1740,200,40,70,0,12.5,19.3,40,27.9,106,91.2,10.8,2,3.8,0.1,64701.22889
184900,0.000173452,Maungatautari,Maungatautari,610,620,740,790,850,170,250,320,110,40.1,770,100,10,30,10,20.2,29.7,37,12.9,102,90.1,11.8,1.2,3,0.8,58926.67587
185000,0.000175493,Rotongata,Rotongata,870,850,850,860,860,230,280,280,60,33.9,670,170,10,80,10,26.9,33,33,7.5,102,77.6,20.2,1.5,9.3,0.6,90148.61733
185500,0.000642794,Otorohanga,Otorohanga,2770,2780,2730,2770,3150,660,1030,860,610,37.1,2140,1290,100,180,10,20.8,32.7,27,19.2,94,67.9,40.9,3.1,5.7,0.3,13240.73565
186300,0.000177534,Parkdale,Parkdale,940,890,810,790,870,160,260,320,140,41.8,590,350,140,40,0,18.7,29.7,36,15.6,108,68,39.7,15.5,4.6,0.2,7986.151758
191400,0.00043057,Kaimai,Kaimai,1220,1520,1740,1820,2110,430,600,840,240,41,2010,260,20,30,20,20.4,28.3,40,11.6,102,95.4,12.5,1,1.5,0.8,107279.1747
186000,0.000908074,Putāruru,Putaruru,4380,4040,4000,4110,4450,910,1200,1330,1010,43,3290,1570,150,220,20,20.4,27,30,22.7,94,73.8,35.2,3.3,5,0.5,21636.37034
186200,0.000383636,Paraonui,Paraonui,2090,1890,1840,1820,1880,400,530,610,340,40.9,1310,570,260,140,10,21.4,28,32,18.3,96,69.6,30.5,14,7.6,0.7,6727.00088
186400,0.000455057,Matarawa,Matarawa,2410,2300,2080,1980,2230,540,660,640,390,36.6,1330,970,390,100,10,24.2,29.5,29,17.6,93,59.7,43.5,17.6,4.7,0.6,6303.416689
186700,0.000218346,Tokoroa Central,Tokoroa Central,1270,1150,1000,920,1070,210,290,390,190,43.7,600,500,250,30,0,19.3,27,36,17.6,110,55.7,47,23.3,2.9,0,14464.71397
186800,0.000644835,Moananui,Moananui,3520,3330,3180,2980,3160,810,1010,900,440,32.5,1900,1450,750,110,0,25.7,31.9,28,14,101,60.1,45.7,23.7,3.4,0.1,6737.489795
187000,0.000210183,Herangi,Herangi,1360,1310,1200,1110,1030,200,270,390,170,43.7,760,400,20,10,0,19.8,25.8,38,16.6,108,73.7,39.3,1.6,0.7,0,313571.3711
187100,0.000253036,Hangatiki,Hangatiki,1040,1030,1070,1140,1240,240,360,440,200,41.2,920,450,10,20,0,19.5,29.3,35,16.1,107,74.2,36.2,1.2,1.9,0.3,111514.1293
187200,0.000269361,Aria,Aria,1400,1430,1400,1260,1320,330,410,410,170,35.8,1000,490,20,20,0,24.9,31.2,31,12.9,108,76.3,37.4,1.3,1.4,0.1,145675.7516
187300,0.000548926,Te Kuiti West,Te Kuiti West,2720,2580,2600,2470,2690,580,830,770,500,37.7,1510,1350,160,190,10,21.7,31,29,18.6,94,56.3,50.2,6,7,0.6,12106.52536
187400,0.000420367,Te Kuiti East,Te Kuiti East,2070,2010,2020,2000,2060,470,670,620,290,34.9,950,1290,100,90,0,23,32.8,30,13.9,104,46.1,62.8,5.1,4.6,0.2,15169.45164
187600,1.02E-05,Tiroa,Tiroa,80,70,80,50,50,10,30,10,0,27.2,30,20,0,0,0,16.7,53.2,28,2.1,155,53,46.1,4.6,6.7,0,68477.48404
187700,0.000506073,Marotiri,Marotiri,2890,2640,2390,2350,2480,600,820,780,280,34.7,1760,1010,80,150,10,24.2,33,32,11.3,107,71.2,40.9,3.3,6,0.4,146011.0957
187800,0.000387717,Ohakuri,Ohakuri,1090,1320,1480,1760,1900,390,580,740,190,39.2,1570,410,50,110,10,20.7,30.5,39,10,111,82.4,21.7,2.6,5.5,0.3,123709.4516
187900,0.000328539,Lake Taupo Bays,Lake Taupo Bays,1740,1600,1670,1670,1610,270,320,570,450,52.5,1120,670,40,40,10,16.8,19.7,35,28,107,69.4,41.5,2.6,2.2,0.6,335168.4028
188000,0.000408123,Mapara,Mapara,650,780,1080,1450,2000,370,440,840,350,47,1940,180,10,30,10,18.4,21.8,42,17.6,98,96.8,9.2,0.4,1.6,0.3,79055.69416
188200,0.00026324,Wairakei-Broadlands,Wairakei-Broadlands,1150,1060,1130,1210,1290,320,450,410,110,31.9,970,480,60,50,10,24.8,35.3,32,8.4,112,75.1,37.4,4.5,3.7,0.6,127366.2424
191500,0.000244874,Kopurererua,Kopurererua,760,960,1010,1080,1200,210,290,500,200,47.2,1140,160,10,20,0,17.3,23.9,42,16.9,103,94.5,13.1,0.9,1.7,0.2,33837.22799
191600,0.000373433,Kaitemako (Western Bay of Plenty District),Kaitemako (Western Bay of Plenty District),980,1130,1380,1530,1830,350,490,760,240,43.7,1570,380,30,60,0,18.9,26.5,42,13.1,105,85.7,20.5,1.5,3.1,0.3,52549.66208
188300,0.000346905,Acacia Bay,Acacia Bay,980,1130,1270,1510,1700,260,340,650,450,51.2,1630,170,10,30,10,15.4,20,38,26.5,100,96.2,10,0.6,1.9,0.4,17567.57047
188400,0.000399961,Brentwood (Taupo District),Brentwood (Taupo District),450,930,1420,1710,1960,320,450,650,540,48.3,1680,290,20,160,20,16.6,22.9,33,27.6,93,85.7,14.6,1.2,8.2,0.8,9209.911714
191700,0.00053056,Waiorohi,Waiorohi,1530,1870,2010,2300,2600,490,750,1050,310,41.9,2390,400,30,50,10,18.9,29,40,11.8,100,92,15.4,1,2.1,0.3,77502.614
191800,0.000408123,Otawa,Otawa,1400,1550,1700,1790,2000,370,540,800,300,43.6,1760,280,40,80,30,18.3,27,40,14.9,105,88.3,13.8,2.1,4.2,1.3,80519.67876
188500,0.000516276,Nukuhau-Rangatira Park,Nukuhau-Rangatira Park,1600,1810,2120,2190,2530,490,670,780,590,44.3,2050,570,70,180,20,19.5,26.3,31,23.3,99,81,22.3,2.6,7.2,1,11015.09469
188600,8.57E-05,Taupō Central West,Taupo Central West,460,410,360,420,420,50,190,130,50,32.3,270,80,10,110,10,12.9,45.5,30,11.8,113,63.5,19.9,2.3,25.9,2.2,6468.556432
231200,0.000612185,West End,West End,2770,2640,2820,2820,3000,520,1380,770,330,30.3,2120,570,170,490,80,17.5,46,26,10.9,98,70.9,19,5.8,16.3,2.7,4868.498228
188700,0.000383636,Tauhara,Tauhara,1700,1650,1620,1640,1880,450,720,530,180,30.9,1250,920,140,80,10,24,38.3,28,9.6,105,66.7,49.2,7.2,4.2,0.3,20078.60102
188800,0.000518317,Taupō Central East,Taupo Central East,2260,2340,2320,2360,2540,500,880,720,440,36.1,1600,970,180,290,50,19.8,34.6,28,17.4,91,62.8,38,7.1,11.4,1.9,5689.694601
188900,0.000555048,Mountview,Mountview,2600,2730,2880,2760,2720,600,930,810,370,34.8,1980,960,120,170,20,22.2,34.4,30,13.7,94,72.8,35.3,4.4,6.1,0.6,4768.338798
189000,0.000471382,Bird Area,Bird Area,2210,2150,2160,2100,2310,450,610,760,490,43.3,1970,370,50,150,10,19.7,26.3,33,21.2,90,85.4,16,2.3,6.5,0.5,4965.517544
189200,0.000457098,Waipahihi,Waipahihi,1760,1890,1800,1980,2240,400,570,710,560,46.2,1980,370,50,70,10,17.8,25.4,32,25.2,99,88.6,16.8,2.4,3,0.7,7516.558974
189300,0.000491789,Richmond Heights,Richmond Heights,2320,2300,2210,2220,2410,540,760,730,380,37.4,1990,620,70,90,20,22.5,31.5,30,15.6,103,82.5,25.6,2.8,3.7,0.7,7083.274016
191900,0.000759109,Te Puke West,Te Puke West,2750,2800,2910,3010,3720,830,1410,1000,470,31.8,2060,1190,160,820,40,22.4,38,27,12.8,106,55.5,31.9,4.4,22.1,1.1,17371.9965
189400,0.00019794,Wharewaka,Wharewaka,270,320,500,750,970,130,170,290,380,57.1,910,80,10,40,0,13.6,17.4,30,38.9,87,93.1,8.2,1.2,4.1,0.1,12587.00962
192000,0.000575454,Rangiuru,Rangiuru,2240,2330,2450,2530,2820,570,950,960,340,36.1,1950,950,110,250,20,20,33.7,34,12.2,104,68.9,33.5,3.9,8.9,0.7,109596.2721
192100,0.001116217,Te Puke East,Te Puke East,3820,4060,4290,4680,5470,1050,1800,1500,1130,37.9,3570,1240,290,1080,50,19.1,32.8,27,20.7,100,65.2,22.7,5.3,19.7,0.9,12174.28934
192300,0.000257118,Maketu,Maketu,1020,1040,1220,1100,1260,240,380,410,230,40.7,600,840,100,10,0,19,30.4,32,18.1,100,47.6,67,8,1,0.2,13610.22375
189600,0.000171412,Waitahanui,Waitahanui,760,760,700,680,840,170,230,290,140,42,490,430,30,10,0,20.4,27.5,35,16.9,98,58.3,51.1,3.3,1.1,0,58711.37913
189700,0.000730541,Tūrangi,Turangi,3890,3580,3370,3140,3580,820,1000,1060,710,39.3,1850,2260,160,110,10,22.8,27.9,30,19.8,99,51.7,63.1,4.4,3.1,0.3,16630.62508
190400,0.000171412,Athenree,Athenree,510,530,630,700,840,130,160,280,260,54.7,780,120,10,20,0,15.8,19.1,34,31.2,90,93,13.8,1,1.9,0,7397.797288
190500,0.000689728,Aongatete,Aongatete,2010,2310,2630,2920,3380,520,650,1390,820,51,3060,390,60,110,10,15.4,19.1,41,24.3,101,90.6,11.6,1.8,3.2,0.2,89325.19075
190600,0.00105908,Katikati,Katikati,2750,3020,3730,4230,5190,830,1210,1210,1940,52.3,4070,620,320,620,10,15.9,23.3,23,37.5,93,78.4,12,6.2,12,0.1,20028.86675
190800,3.88E-05,Matakana Island,Matakana Island,240,300,240,270,190,40,60,60,40,40.7,30,180,0,0,0,18.7,30.7,32,19.2,93,13.2,95.2,2.2,1.1,0,88272.84977
190900,0.000675444,Pahoia,Pahoia,1850,2260,2720,2790,3310,650,750,1410,500,45.8,3140,390,50,50,20,19.8,22.6,42,15.2,105,94.8,11.9,1.5,1.4,0.7,66257.05437
196600,0.000593819,Welcome Bay West,Welcome Bay West,2170,2610,2790,2810,2910,720,1040,880,270,32.4,2330,770,130,160,50,24.7,35.8,30,9.2,101,80.1,26.6,4.6,5.4,1.6,4582.974602
191000,0.000677485,Omokoroa,Omokoroa,1630,1790,1990,2410,3320,520,490,1010,1310,57.5,3170,240,30,70,20,15.6,14.7,30,39.4,93,95.6,7.3,1,2.1,0.6,13889.47636
192400,0.000169371,Pukehina Beach,Pukehina Beach,750,660,1000,640,830,130,200,360,130,47.7,720,210,10,30,10,16,24.6,43,16.2,105,86.9,25.8,1.5,3,0.9,15008.70603
192600,0.000599941,Matua North,Matua North,2730,2750,2860,2900,2940,540,630,1060,710,47.6,2740,190,50,120,30,18.3,21.3,36,24.3,92,93.4,6.4,1.6,4.2,1.1,5213.874444
192800,0.000710135,Mount Maunganui North,Mount Maunganui North,2280,2300,2640,2970,3480,340,1270,1110,750,44,3140,430,60,130,70,9.9,36.6,32,21.6,97,90.2,12.3,1.7,3.8,2.1,11074.4934
196800,0.000638713,Pacific View,Pacific View,610,1320,2500,2880,3130,680,860,1020,560,40.4,2700,480,70,220,30,21.8,27.6,33,17.9,95,86.2,15.5,2.3,7,1.1,5043.370831
192900,0.00053056,Matua South,Matua South,2240,2270,2330,2460,2600,430,670,810,700,47.5,2340,300,50,140,30,16.3,25.6,31,26.8,88,89.7,11.5,1.9,5.4,1.1,8299.964704
193000,0.000712175,Bethlehem North,Bethlehem North,790,860,1250,2490,3490,530,610,860,1500,57.3,2950,590,50,190,10,15.2,17.4,24,42.9,82,84.5,16.9,1.5,5.5,0.3,10436.60605
193200,0.000895831,Otūmoetai North,Otumoetai North,3750,3750,3820,3890,4390,750,1130,1330,1160,45.9,3870,540,60,310,50,17.2,25.8,30,26.5,90,88.1,12.3,1.4,7,1.1,7169.376287
193300,0.000797881,Otūmoetai South,Otumoetai South,3380,3410,3450,3560,3910,830,1060,1320,690,41.1,3490,440,70,270,60,21.3,27.2,34,17.7,92,89.3,11.4,1.9,6.8,1.5,8114.358772
193400,0.000624429,Brookfield West,Brookfield West,1890,2120,2460,2700,3060,700,1080,840,440,34,2360,640,90,340,30,22.7,35.3,27,14.5,96,77,20.9,3.1,11.2,1.1,4786.178377
193500,0.000867262,Bethlehem Central,Bethlehem Central,620,2450,3440,3830,4250,720,930,1500,1100,48.3,3670,290,60,510,20,17,21.9,35,25.9,90,86.4,6.7,1.4,12.1,0.5,11237.68298
193700,0.000618307,Mount Maunganui South,Mount Maunganui South,2490,2640,2700,2840,3030,570,1040,1060,370,37.9,2800,390,40,80,90,18.7,34.4,35,12.1,102,92.3,13,1.3,2.7,2.9,4596.207673
194100,0.000393839,Te Reti,Te Reti,1560,1700,1660,1730,1930,440,640,570,280,36.2,1510,490,50,140,30,22.8,33.1,30,14.6,91,78.2,25.6,2.7,7.1,1.6,7038.574562
199200,0.000542804,Pukehangi South,Pukehangi South,1640,2150,2410,2490,2660,550,790,860,470,39.8,1980,770,100,240,20,20.6,29.6,32,17.6,90,74.3,29,3.8,9.1,0.8,5435.847489
193800,0.000567291,Tauranga Central,Tauranga Central,2100,2020,2330,2400,2780,250,840,840,850,50.5,2120,290,70,460,50,9,30.3,30,30.5,97,76.5,10.6,2.4,16.5,1.7,15969.87501
206400,0.000422408,Te Hapara East,Te Hapara East,1940,1960,1880,1980,2070,440,660,630,330,36.8,1250,980,130,170,10,21.5,32.1,30,16,90,60.4,47.2,6.3,8.1,0.3,4969.193352
193900,7.35E-05,Mount Maunganui Central,Mount Maunganui Central,150,160,150,260,360,30,140,140,50,42.6,290,90,0,10,10,7.8,38.8,39,14.2,137,79.6,25.4,1.3,3.2,3.4,14450.70443
194000,0.000550966,Judea,Judea,2090,2130,2310,2440,2700,490,950,790,470,37.6,2100,620,110,250,40,18.3,35,29,17.5,89,77.8,23.1,3.9,9.3,1.3,5424.189272
194300,0.000622388,Omanu Beach,Omanu Beach,2340,2450,2640,2730,3050,590,930,980,550,40.2,2810,330,50,110,80,19.4,30.3,32,18.2,88,91.9,10.9,1.8,3.5,2.7,5006.593706
194400,0.000440773,Tauranga Hospital,Tauranga Hospital,1740,1890,2020,2000,2160,400,710,600,450,38.5,1450,550,150,290,20,18.6,32.8,28,20.7,97,67,25.5,6.8,13.5,1,7207.342344
196900,0.0007285,Welcome Bay South,Welcome Bay South,350,770,1230,2370,3570,860,1160,1130,420,35.4,2980,600,90,300,50,24.2,32.5,32,11.7,97,83.5,16.8,2.5,8.4,1.4,8969.5079
202200,0.000348945,Edgecumbe,Edgecumbe,1820,1730,1680,1720,1710,410,560,480,260,34.3,1150,790,60,90,0,24.2,32.5,28,15.4,111,67.3,46.4,3.4,5.3,0.2,9490.90047
194500,3.88E-05,Tauriko,Tauriko,190,200,190,220,190,30,60,80,10,38.8,170,30,0,0,0,18,33.4,44,4.4,126,89.7,18.3,2.3,2.6,0,13751.06191
195100,0.000744825,Pyes Pa West,Pyes Pa West,90,140,140,740,3650,840,1170,1080,550,36.6,3030,380,70,530,30,23.1,32.2,30,15.2,90,83,10.3,1.8,14.4,0.8,13564.49455
194800,0.001018268,Tauranga South,Tauranga South,4440,4320,4410,4540,4990,810,1480,1690,1010,43.7,3700,860,160,780,50,16.3,29.6,34,20.3,95,74,17.3,3.1,15.6,0.9,9070.383425
194900,0.000652997,Arataki North,Arataki North,2850,2870,2890,3000,3200,550,910,980,760,44.1,2730,570,80,150,40,17.2,28.4,31,23.8,88,85.2,17.7,2.6,4.8,1.4,8774.9469
361700,0.000553007,Glengarry,Glengarry,2610,2320,2370,2440,2710,600,890,650,570,36.1,2260,580,120,130,30,22,32.7,24,21.2,93,83.4,21.3,4.6,4.7,0.9,6305.13147
195000,0.000155087,Matapihi,Matapihi,610,640,710,710,760,170,250,260,80,36.3,280,600,10,10,10,22.7,32.4,34,11.1,106,36.6,77.9,1.7,0.7,1,14060.30617
195200,0.000732581,Greerton North,Greerton North,2930,3000,3130,3260,3590,670,1190,910,820,38.4,2810,730,130,430,20,18.7,33.2,25,22.7,89,78.2,20.3,3.7,11.9,0.5,7849.956352
195300,0.000565251,Yatton Park,Yatton Park,2030,2130,2350,2340,2770,760,1030,710,270,29.2,1530,1160,370,260,20,27.3,37.3,26,9.8,105,55.3,41.9,13.5,9.5,0.7,4203.722111
195400,0.000981537,Pyes Pa North,Pyes Pa North,310,1500,2110,3820,4810,950,1220,1310,1330,44.3,3670,520,130,880,40,19.7,25.4,27,27.7,90,76.2,10.8,2.6,18.3,0.8,8057.595486
195600,0.000302011,Pyes Pa South,Pyes Pa South,80,210,620,1370,1480,320,380,580,200,41.8,1280,150,30,160,10,21.5,25.6,39,13.6,100,86.1,9.8,1.9,10.5,1,7163.376006
195700,0.000167331,Poike,Poike,800,740,830,770,820,200,360,200,60,28.7,620,260,30,40,0,24.5,43.8,24,7.5,92,74.8,32.2,3.4,5.2,0.2,7111.407832
197000,0.000681566,Palm Beach North,Palm Beach North,1780,2660,2900,3190,3340,800,1280,910,350,32.8,2680,870,120,230,40,23.8,38.4,27,10.4,101,80.4,26.1,3.5,6.9,1.3,5522.857283
195900,0.000610144,Maungatapu,Maungatapu,2580,2610,2700,2780,2990,560,850,960,620,42.9,2360,760,90,160,10,18.8,28.3,32,20.7,93,78.9,25.4,3,5.5,0.4,9595.273995
197200,0.000591779,Papamoa Beach North,Papamoa Beach North,1810,2460,2580,2730,2900,680,1000,910,310,34.3,2460,670,150,140,30,23.6,34.4,31,10.7,98,84.9,23.2,5.3,4.8,1.1,5850.833299
196000,0.000701972,Hairini,Hairini,2490,2940,3040,3070,3440,700,1080,960,700,38.6,2680,960,90,190,30,20.4,31.3,28,20.5,95,78,27.9,2.7,5.5,0.8,8782.952807
197300,0.000673403,Doncaster,Doncaster,590,950,1440,2400,3300,810,1020,960,500,36.2,2530,640,110,470,30,24.6,31,29,15.2,92,76.6,19.4,3.4,14.4,1,8096.942963
201300,0.000163249,Tihiotonga-Whakarewarewa,Tihiotonga-Whakarewarewa,840,810,840,710,800,120,260,290,140,42.9,480,300,10,110,10,14.9,32.4,36,17,104,59.4,37.7,1.8,13.7,0.7,10070.27842
196100,0.000138762,Pyes Pa East,Pyes Pa East,180,280,460,550,680,150,190,250,100,40.7,510,180,10,30,0,21.8,27.3,37,14.2,101,75.6,25.9,0.8,4.7,0.5,9314.727719
197500,0.000697891,Motiti,Motiti,940,1100,2070,2930,3420,880,830,1230,480,40.1,3130,540,80,100,30,25.6,24.2,36,14.2,96,91.4,15.9,2.3,3.1,1,5963.836947
201500,0.000697891,Lynmore,Lynmore,2900,3200,3210,3440,3420,700,930,1270,530,41.5,2780,570,100,430,40,20.4,27.1,37,15.5,95,81.2,16.7,2.8,12.6,1.1,7348.483732
196300,0.000320377,Kaitemako (Tauranga City),Kaitemako (Tauranga City),920,1120,1420,1490,1570,340,450,520,250,39.2,1300,350,40,90,10,21.9,28.9,33,15.8,102,82.5,22.2,2.8,5.7,0.8,10963.27116
198500,0.000240793,Selwyn Heights,Selwyn Heights,1240,1250,1180,1100,1180,310,470,280,120,29.7,650,680,100,60,0,26.1,39.6,24,10.2,92,55.5,57.8,8.9,5.4,0.2,4928.826934
201700,0.00039792,Kaingaroa-Whakarewarewa,Kaingaroa-Whakarewarewa,2320,2220,1970,1980,1950,410,510,760,270,42.1,1490,640,50,40,10,21,26.3,39,13.8,108,76.7,32.8,2.5,2.1,0.3,122051.2006
201800,0.000373433,Golden Springs,Golden Springs,1940,1830,1830,1880,1830,480,650,580,130,31.8,1460,550,50,100,10,26.3,35.3,31,7,114,79.8,30,3,5.5,0.4,120511.1542
201900,0.000210183,Manawahe,Manawahe,640,700,860,930,1030,160,240,450,170,48.6,890,230,20,20,0,15.7,23.7,44,16.7,100,86.5,22.1,1.5,2.1,0,75088.51287
196500,0.000126518,Baypark-Kairua,Baypark-Kairua,420,460,520,490,620,150,200,200,70,33.6,310,380,20,10,0,23.7,32.8,32,11.9,104,50.1,60.4,3.3,2.4,0.7,24463.88794
202000,0.000367311,Matatā-Otakiri,Matata-Otakiri,1710,1730,1670,1750,1800,390,500,620,290,40.5,1350,640,30,80,10,21.7,27.8,34,16,99,74.8,35.7,1.6,4.6,0.4,50529.98514
197600,0.000710135,Wairakei,Wairakei,20,30,50,130,3480,900,1060,860,660,36.1,3090,460,100,220,50,25.8,30.5,25,19,90,88.8,13.4,2.8,6.2,1.5,24001.52906
198600,0.000436692,Pleasant Heights,Pleasant Heights,2100,2000,2030,1910,2140,570,740,600,230,30.6,1090,1240,180,100,10,26.8,34.5,28,10.6,96,51.1,58.1,8.3,4.6,0.6,7118.324404
202100,0.000259158,Onepu Spring,Onepu Spring,1100,1090,1160,1130,1270,240,350,490,180,43.7,950,530,20,30,0,19.2,27.8,39,14.1,103,74.6,42.1,1.4,2.6,0.3,77908.589
198000,0.000216305,Hamurana,Hamurana,790,870,990,1060,1060,160,210,490,190,49.5,970,180,10,30,10,15.5,20.1,46,18.2,102,91.8,16.9,1.3,3,0.7,17859.51737
202900,0.000532601,Allandale,Allandale,2540,2560,2540,2420,2610,480,760,750,620,42.5,1750,1000,100,190,10,18.5,28.9,29,23.7,85,66.9,38.2,3.8,7.2,0.4,7386.559944
198100,0.000408123,Ngongotahā East,Ngongotaha East,1750,1710,1640,1720,2000,410,600,650,340,39.4,1230,980,130,90,10,20.3,30.2,32,17.2,102,61.5,49.3,6.7,4.5,0.3,11606.07131
200200,0.000408123,Hillcrest (Rotorua District),Hillcrest (Rotorua District),1890,1760,1770,1710,2000,500,750,570,180,29.6,1160,840,160,260,20,25.3,37.4,28,9,98,58.1,42.3,7.8,12.9,0.8,4579.568368
198200,0.000320377,Ngongotahā West,Ngongotaha West,1240,1290,1310,1390,1570,370,480,470,250,36.9,1170,580,70,70,10,23.6,30.5,30,16.1,92,74.4,36.5,4.4,4.7,1,7445.089071
198800,0.000402001,Kawaha,Kawaha,1520,1710,1700,1870,1970,420,600,640,320,38.9,1310,670,150,210,30,21.1,30.3,33,16,98,66.1,33.7,7.5,10.9,1.6,4709.125468
198400,0.00029793,Ngongotahā South,Ngongotaha South,1230,1240,1230,1350,1460,270,390,490,310,43.6,1040,580,70,60,10,18.4,27,33,21.3,98,71.3,39.5,5,4.3,1,16821.80917
200400,0.000216305,Waiohewa,Waiohewa,630,760,940,1010,1060,210,270,420,160,44,850,320,30,50,10,20.3,25.2,39,15.2,108,80.3,30.4,2.6,4.8,0.5,59206.9339
199300,2.24E-05,Mangakakahi Central,Mangakakahi Central,90,120,120,90,110,20,30,50,10,41.6,80,50,0,0,0,18.4,28.1,42,11.1,111,72.5,43.8,3.6,3.3,0,8035.077078
199400,0.000448936,Koutu,Koutu,2140,2100,1920,1920,2200,560,790,620,230,30.1,890,1590,190,130,0,25.5,36,28,10.5,100,40.3,72.1,8.9,6,0,4803.30843
199600,0.000436692,Sunnybrook,Sunnybrook,2030,1940,2000,1960,2140,500,680,680,280,35.3,1580,700,70,190,10,23.2,31.7,32,13.2,92,73.7,32.5,3.4,8.6,0.5,7297.687582
199700,0.000524438,Fordlands,Fordlands,2590,2490,2410,2230,2570,720,950,690,210,28.4,890,1750,360,160,0,28,36.9,27,8.3,91,34.7,68.2,14,6.1,0.1,6205.745297
200500,0.000567291,Glenholme North,Glenholme North,2330,2380,2370,2500,2780,510,1010,760,510,36.1,1290,1050,200,680,20,18.2,36.2,28,18.2,89,46.2,37.8,7.3,24.3,0.6,4178.669531
200600,0.000420367,Springfield South,Springfield South,1860,1980,2000,1950,2060,430,520,760,360,42.7,1720,430,30,160,20,20.8,25.2,37,17.3,92,83.2,20.8,1.6,7.8,1.2,5434.653834
199800,0.00023263,Kuirau,Kuirau,1050,1000,960,960,1140,220,430,350,140,33.4,410,700,70,190,10,19,38.2,30,12.3,108,36.4,61.9,6.3,16.7,1.1,6498.757351
199900,0.000314255,Utuhina,Utuhina,1410,1390,1450,1450,1540,310,530,490,210,35.8,880,570,120,290,10,20.1,34.4,32,13.4,94,56.9,37,7.7,18.6,0.4,4271.394274
200000,0.000361189,Pomare,Pomare,1460,1510,1540,1660,1770,370,510,590,310,40.6,1330,540,80,140,10,20.6,28.6,33,17.6,99,75.1,30.2,4.6,7.8,0.5,8248.431803
205900,0.000302011,Mangapapa North,Mangapapa North,1400,1420,1280,1380,1480,370,510,410,180,32.1,910,780,70,50,10,25,34.8,28,12.5,102,61.4,52.5,5,3.1,0.4,4578.101717
200100,0.000118356,Rotorua Central,Rotorua Central,490,490,490,560,580,40,310,150,80,34,230,150,20,240,10,7.2,53.1,26,13.1,106,39,25.1,3.3,41.2,1.4,9207.314464
206000,0.000553007,Elgin,Elgin,2510,2380,2400,2480,2710,680,940,770,320,30.9,1080,1890,250,60,20,25.1,34.6,28,12,101,39.7,69.7,9.2,2.1,0.6,5069.618355
200700,0.000373433,Springfield North,Springfield North,1820,1790,1810,1760,1830,290,530,570,440,44.8,1370,380,60,290,20,15.8,28.9,31,24.3,91,74.5,20.7,3.3,15.6,0.9,6587.017008
200800,0.000424448,Glenholme South,Glenholme South,2060,2000,2010,1980,2080,320,520,720,520,47.7,1550,420,60,320,20,15.5,25.1,35,24.8,91,74.7,20.1,2.7,15.2,0.9,4575.550327
200900,0.0006632,Ōwhata West,Owhata West,2380,2420,2830,2880,3250,860,1090,900,400,32.6,1920,1610,170,250,20,26.5,33.4,28,12.4,94,59,49.6,5.2,7.7,0.5,8928.16358
201000,0.00026324,Holdens Bay-Rotokawa,Holdens Bay-Rotokawa,1310,1260,1290,1210,1290,280,410,430,160,36.4,870,590,100,70,10,22,32.1,34,12.2,97,67.4,46,7.8,5.3,0.5,13428.34405
201100,7.75E-05,Ngapuna,Ngapuna,430,390,350,290,380,90,120,120,50,34.5,90,330,10,20,0,22.9,32.9,32,12,123,24.2,86.6,3.4,4.6,0,10357.14074
201200,0.000367311,Fenton Park,Fenton Park,1400,1400,1430,1520,1800,240,700,430,420,38.1,800,560,70,560,10,13.5,38.8,24,23.5,92,44.4,31.1,3.9,31.2,0.3,4968.514789
202400,0.000375473,Te Teko Lakes,Te Teko Lakes,1720,1760,1770,1520,1840,450,600,610,190,33,650,1450,70,40,0,24.4,32.4,33,10.3,100,35.4,78.8,3.6,2.4,0.2,47009.20799
206100,0.000465261,Te Hapara South,Te Hapara South,2070,2090,2050,2140,2280,550,800,620,310,33,1240,1290,140,100,0,24.1,35.1,27,13.6,91,54.4,56.6,6.2,4.3,0.2,5521.846658
203000,0.000289768,Mokorua Bush,Mokorua Bush,1150,1250,1370,1380,1420,240,290,560,330,49.7,1290,270,20,50,0,17,20.5,39,23.4,96,90.6,18.8,1.6,3.3,0,6774.161675
203200,0.000669322,Ōhope,Ohope,2760,2820,2930,2980,3280,510,710,1170,900,51.3,2970,490,40,110,30,15.5,21.6,36,27.3,97,90.5,15,1.1,3.5,1.1,29239.6939
203400,0.000295889,Galatea,Galatea,1800,1630,1490,1370,1450,390,440,480,150,33.7,770,880,60,20,10,26.5,30.2,33,10.2,104,52.7,60.6,3.9,1.2,0.4,325504.506
203500,0.000499951,Waingarara-Waimana,Waingarara-Waimana,2390,2340,2290,2370,2450,720,770,710,260,30.5,890,1850,120,20,0,29.4,31.2,29,10.4,102,36.3,75.5,5,0.8,0.2,234259.9195
202500,0.000375473,Coastlands,Coastlands,1210,1310,1520,1570,1840,430,480,690,240,40.3,1260,790,70,50,10,23.5,26.1,37,13.1,99,68.3,43,3.9,2.6,0.4,20253.47248
202700,0.000714216,Whakatāne Central,Whakatane Central,3310,3350,3290,3190,3500,610,970,1100,820,44,2340,1460,140,240,10,17.6,27.7,32,23.3,94,66.7,41.6,3.9,6.7,0.3,12000.81813
202800,0.000720338,Trident,Trident,3130,3190,3270,3220,3530,780,1010,950,800,39.2,2230,1560,130,210,20,22,28.7,27,22.5,86,63.2,44.2,3.7,6.1,0.7,6922.589648
203600,0.000389758,Murupara,Murupara,2320,2080,1950,1750,1910,540,620,570,190,29.2,390,1740,70,20,0,28.1,32.3,30,10,98,20.4,91,3.4,0.9,0.1,12364.43463
203800,6.12E-06,Kawerau Industrial,Kawerau Industrial,130,50,60,50,30,0,0,20,0,52.2,10,20,0,0,0,9.5,6.8,74,9.3,248,30.1,72.6,6.2,12.8,0,13368.79545
206600,0.000381595,Whataupoko East,Whataupoko East,1690,1700,1790,1880,1870,390,490,660,340,42.6,1620,430,20,70,10,20.9,26,35,18.1,97,86.5,22.8,1.3,4,0.4,10216.8623
203900,0.000846856,Tarawera Park,Tarawera Park,4330,3930,3980,3640,4150,1060,1250,1100,740,34.1,1940,2720,220,160,20,25.5,30.2,26,17.9,98,46.7,65.7,5.2,4,0.4,12578.36582
204300,0.000220387,Woodlands,Woodlands,900,920,900,950,1080,220,260,330,270,45.4,780,460,20,50,10,20.4,24.3,30,24.7,98,72.3,42.4,2.3,4.9,0.8,11874.24332
204400,0.000801962,Ōpōtiki,Opotiki,3760,3640,3640,3280,3930,1030,1290,1120,480,31.6,1530,2970,190,150,20,26.2,32.9,29,12.3,94,38.9,75.5,4.7,3.9,0.5,12795.32962
204800,0.000414245,Waipaoa,Waipaoa,2530,2240,2190,2060,2030,470,600,700,250,37.2,1250,1070,30,20,0,23.2,29.5,35,12.6,106,61.5,52.7,1.5,1.1,0.1,321291.6787
204900,0.00026528,Ruatoria-Raukumara,Ruatoria-Raukumara,1580,1500,1340,1320,1300,350,380,410,160,32.2,290,1230,40,20,10,27.1,29.5,31,12.3,118,22.1,94.2,3,1.3,0.4,153234.9864
205000,0.000204062,Tokomaru,Tokomaru,1270,1130,1100,1010,1000,210,270,340,180,42.2,350,820,60,10,0,21.3,27,34,17.8,112,34.6,82.4,5.7,1.2,0,205217.3545
205100,0.000322417,Hangaroa,Hangaroa,1660,1610,1580,1560,1580,380,480,560,170,36.6,1190,620,30,20,0,23.7,30.2,35,11,119,75,39.1,2,1,0,334743.9237
205200,0.000393839,Wharekaka,Wharekaka,2090,2020,1970,1860,1930,480,550,670,240,37.6,970,1240,60,20,10,24.9,28.2,35,12.2,105,50.2,64.3,3.1,0.8,0.4,237867.8736
205300,0.000236712,Te Arai,Te Arai,1360,1240,1220,1130,1160,240,340,410,180,40.9,630,700,20,0,10,20.5,28.9,35,15.5,104,54.5,59.8,2.1,0.2,0.5,57154.45025
205400,0.000618307,Hexton,Hexton,2350,2490,2590,2860,3030,610,740,1180,500,44.1,2630,670,50,60,10,20.1,24.6,39,16.4,106,86.8,22.3,1.6,2,0.2,101734.7635
205500,0.000283646,Lytton,Lytton,190,320,570,1050,1390,140,230,310,710,65.9,1160,270,20,40,10,9.9,16.5,23,51,76,83.1,19.2,1.8,3,0.6,5417.538082
206200,0.000250996,Mangapapa East,Mangapapa East,1200,1200,1190,1280,1230,260,380,420,170,38.3,890,490,50,60,10,21.5,30.7,34,13.5,89,72.6,39.7,4,5.3,0.7,6564.825874
205600,0.000204062,Makaraka-Awapuni,Makaraka-Awapuni,970,860,890,870,1000,180,290,350,190,43.9,750,390,40,40,10,17.6,28.5,35,18.9,112,74.4,39,3.9,3.8,1,17906.10298
205700,0.000269361,Riverdale,Riverdale,1040,980,1120,1250,1320,250,370,420,270,42.9,980,500,30,40,0,18.9,28.4,32,20.4,89,74.7,37.8,2.3,3.1,0.2,5532.589661
205800,0.000426489,Te Hapara North,Te Hapara North,1930,1870,1910,2090,2090,460,610,610,410,38.7,1430,830,110,120,10,21.9,29.2,29,19.6,96,68.7,39.6,5.5,5.6,0.4,5643.344832
322200,0.000612185,Rutland,Rutland,3170,3160,3190,3170,3000,520,870,1030,590,43.4,2750,180,40,190,40,17.2,28.8,34,19.6,97,91.6,6,1.3,6.2,1.3,4071.888586
206700,0.000432611,Whataupoko West,Whataupoko West,2040,2050,2010,2050,2120,450,560,720,390,41.4,1650,710,70,90,20,21.1,26.5,34,18.4,89,78,33.5,3.5,4.5,0.8,4874.975601
206800,6.53E-05,Gisborne Central,Gisborne Central,310,250,270,330,320,30,110,120,60,44.5,180,130,10,40,0,8.7,35.7,38,17.6,108,56.7,41,4.1,11,0.4,9511.546312
206900,0.00046322,Kaiti North,Kaiti North,2140,2110,2100,2120,2270,480,650,670,470,40.5,1580,1030,70,80,20,21,28.5,30,20.8,90,69.8,45.3,3,3.7,0.9,6971.466643
210100,6.53E-05,Tomoana,Tomoana,240,260,290,250,320,80,100,100,30,34.6,160,170,40,10,0,24.9,32.3,33,10.2,93,50.5,54.2,11.5,2.1,0,11101.40858
207000,0.00066116,Kaiti South,Kaiti South,3160,2900,2990,2910,3240,890,1110,920,320,30.1,1200,2320,320,100,10,27.5,34.2,28,10,99,37.1,71.7,10,3.1,0.2,8407.196301
209100,0.00056117,Flaxmere Park,Flaxmere Park,2390,2420,2480,2430,2750,760,990,690,310,29,1150,1680,540,60,10,27.8,36.1,25,11.1,97,41.8,61.1,19.7,2.3,0.2,5644.411543
209200,0.000599941,Flaxmere South,Flaxmere South,2720,2610,2600,2400,2940,910,980,690,360,27.3,1060,1850,630,60,10,30.9,33.4,24,12.1,91,35.9,62.9,21.5,1.9,0.3,3966.879773
209500,0.000477504,Camberley,Camberley,2210,2150,2140,2020,2340,620,820,620,270,29.4,930,1240,500,120,0,26.7,34.9,27,11.7,94,39.9,53,21.3,5.3,0.2,6008.053271
210000,0.000648916,Cornwall Park,Cornwall Park,2750,2730,2840,2910,3180,660,990,950,580,38.3,2200,890,250,340,30,20.7,31.1,30,18.4,87,69.3,27.8,7.8,10.8,0.8,4817.627785
207800,0.000965212,Wairoa,Wairoa,5230,4640,4440,4320,4730,1150,1410,1370,790,36.2,2020,3310,220,170,10,24.4,29.9,29,16.7,97,42.7,70,4.6,3.7,0.3,12642.49297
208500,0.000242833,Bridge Pa,Bridge Pa,990,1030,1070,1140,1190,200,470,400,130,35.8,580,690,80,20,0,16.8,39.3,33,10.7,182,48.4,58,6.7,1.7,0.3,27944.28912
208600,0.000169371,Twyford,Twyford,830,820,800,790,830,140,250,300,140,43.6,710,160,40,10,0,17.4,29.7,36,16.8,122,85.4,19.8,5.1,1.6,0.4,23859.76682
208900,3.67E-05,Omahu Strip,Omahu Strip,160,140,150,170,180,30,70,60,30,39.1,110,20,10,50,0,15.1,37.1,31,16.6,110,60.2,12.8,3.8,28.8,0,12237.26915
209000,0.000636672,Lochain Park,Lochain Park,2700,2700,2900,2740,3120,940,1180,790,210,26.2,1130,1870,800,40,10,30.1,37.9,25,6.6,97,36.3,59.9,25.7,1.3,0.2,5472.410055
209600,0.000471382,Clive,Clive,1710,1710,1920,2180,2310,450,580,860,430,44.4,1990,460,70,80,10,19.3,25.2,37,18.4,100,86,20.1,3.2,3.7,0.3,18353.72311
209700,0.000567291,St Leonards,St Leonards,2290,2310,2320,2370,2780,500,1050,850,380,35.6,1780,720,330,350,20,18,37.7,31,13.6,100,64.1,25.7,12,12.5,0.8,4382.406735
209800,0.000538723,Mahora,Mahora,1920,1980,2050,2260,2640,580,820,820,420,37.5,1840,590,250,290,10,22,30.9,31,15.9,94,69.7,22.2,9.6,11.1,0.5,4025.916182
209900,0.000650957,Raureka,Raureka,2730,2970,2950,2850,3190,720,1130,890,450,33.7,1960,1040,330,320,20,22.5,35.4,28,14.2,99,61.4,32.6,10.3,10.1,0.8,4784.731293
210200,0.000404042,Longlands-Pukahu,Longlands-Pukahu,1670,1710,1800,1800,1980,360,490,760,360,45.8,1670,420,100,40,0,18.4,25,38,18.3,108,84.3,21.1,5,2.1,0.2,30891.02396
210300,0.000408123,Raceway Park,Raceway Park,1700,1680,1790,1910,2000,370,700,590,350,37,1440,480,190,140,10,18.3,35.1,29,17.3,94,71.9,24.2,9.3,7,0.3,4784.044364
210900,0.000626469,Mayfair,Mayfair,2580,2660,2720,2820,3070,740,1050,880,390,32.4,1940,1270,270,260,30,24.2,34.2,29,12.9,98,63.1,41.5,8.8,8.3,0.9,5683.590342
211000,0.000612185,Parkhaven,Parkhaven,2550,2590,2640,2750,3000,750,1080,820,350,32.7,2110,830,210,330,40,24.9,36,27,11.7,95,70.3,27.7,6.9,11.1,1.4,4533.459635
210400,0.000275483,Karamu,Karamu,1190,1250,1220,1280,1350,270,410,500,170,39.5,950,500,90,30,0,20.1,30.6,37,12.3,109,70.3,37.3,6.9,2.3,0.2,24600.33975
210500,9.59E-05,Hastings Central,Hastings Central,510,520,480,390,470,60,220,140,50,34.7,290,100,20,110,10,11.8,47.3,30,11,120,60.6,20.4,3.6,23.6,2.5,7377.983855
211200,0.000240793,Mangateretere,Mangateretere,920,940,1010,1100,1180,200,300,460,210,46.2,1090,130,30,20,0,17.4,25.6,39,17.8,111,92.1,10.7,2.6,1.4,0,35293.22466
211500,0.000402001,Karanema-St Hill,Karanema-St Hill,1330,1430,1650,1900,1970,270,400,510,800,56.2,1850,160,20,70,10,13.6,20.1,26,40.5,70,93.9,8.2,1.2,3.8,0.5,6814.609389
214400,0.000432611,Greenmeadows South,Greenmeadows South,2170,2170,2170,2090,2120,380,660,640,440,41.1,1790,410,50,120,0,17.8,31.1,30,21,90,84.3,19.2,2.3,5.6,0.1,4499.201754
211300,0.000408123,Haumoana-Te Awanga,Haumoana-Te Awanga,1940,1970,1980,2000,2000,360,540,780,320,44.5,1780,390,40,50,10,17.9,27.2,39,15.8,102,89.3,19.3,2.1,2.4,0.5,20898.74105
211400,0.000310174,Lucknow,Lucknow,1400,1370,1400,1400,1520,410,530,390,190,31.3,1070,530,80,100,20,26.8,34.8,26,12.8,99,70,35,5,6.3,1.1,3257.783321
214500,0.000461179,Nelson Park,Nelson Park,2150,2070,2080,2220,2260,460,660,790,350,40.2,1900,460,70,110,40,20.5,29.2,35,15.4,91,84.1,20.2,3.2,5,1.9,3562.0475
211700,0.000510154,Brookvale,Brookvale,410,560,1710,2060,2500,450,410,870,770,51.2,2380,140,10,80,20,18,16.4,35,30.6,91,95.1,5.6,0.2,3.4,0.9,8136.269441
211800,0.000559129,Iona,Iona,2380,2380,2530,2610,2740,580,660,870,620,43.7,2540,270,40,90,10,21.2,24,32,22.8,82,93,9.9,1.6,3.4,0.4,6392.272453
211900,0.000601982,Hereworth,Hereworth,2680,2750,2770,2940,2950,550,610,1060,730,47.6,2790,170,20,130,20,18.6,20.7,36,24.8,88,94.4,5.9,0.8,4.3,0.6,7556.467884
214300,9.39E-05,Napier Central,Napier Central,470,480,430,420,460,50,230,150,40,31.9,320,100,20,60,20,10.4,50,31,8.3,131,69.7,22.4,4.2,13.4,3.5,5097.265991
212000,0.000204062,Te Mata Hills,Te Mata Hills,400,450,640,920,1000,190,170,420,220,49,980,70,10,10,0,18.9,16.7,42,22.2,96,97.2,6.9,0.8,1.4,0.4,28051.93791
213100,0.000418326,Greenmeadows West,Greenmeadows West,1300,1350,1640,2010,2050,230,340,680,800,58.5,1940,130,10,80,10,11.5,16.5,33,39.1,85,94.6,6.1,0.5,3.8,0.6,5689.277401
214000,0.000308133,Greenmeadows Central,Greenmeadows Central,1290,1330,1470,1510,1510,240,360,510,410,48.9,1350,160,30,110,10,15.7,23.8,34,27,77,89.9,10.4,2.2,7.5,0.4,4703.469331
212400,0.000153046,Poraiti Hills,Poraiti Hills,610,580,670,690,750,120,180,300,150,48.4,710,50,0,30,10,16.2,24.1,39,20.3,105,93.9,6.6,0.6,3.3,0.8,17895.53447
213200,0.000555048,Taradale South,Taradale South,2440,2400,2460,2590,2720,420,620,860,820,49.9,2380,290,30,200,20,15.5,22.8,31,30.3,88,87.3,10.6,1.2,7.4,0.6,10219.78607
214100,0.000318336,Onekawa Central,Onekawa Central,1290,1290,1280,1380,1560,310,470,470,300,39.8,1250,320,50,130,10,20.1,30.1,30,19.5,86,80.5,20.5,3.4,8.6,0.8,3555.493534
212500,0.000267321,Poraiti Flat,Poraiti Flat,10,10,10,830,1310,190,250,520,360,51.3,1160,100,20,130,0,14.1,19,40,27.2,90,88.6,7.6,1.6,9.8,0.4,16058.3389
213600,0.000355067,Tamatea North,Tamatea North,1730,1690,1650,1640,1740,400,610,470,260,34.7,1330,580,80,90,10,22.9,35.1,27,14.8,88,76.7,33.7,4.4,5.1,0.8,3585.71943
213700,0.000540763,Taradale Central,Taradale Central,1980,2570,2530,2610,2650,390,530,750,990,54.4,2360,290,40,150,10,14.5,19.8,28,37.3,80,89,11,1.4,5.8,0.2,5257.63379
212600,0.000240793,Westshore,Westshore,1170,1130,1090,1100,1180,170,290,420,300,50,1040,180,20,50,20,14.5,24.2,36,25.7,93,87.7,15.3,2.1,4,1.7,10624.95748
213800,0.000367311,Tamatea East,Tamatea East,1830,1700,1720,1700,1800,380,590,510,320,35.8,1390,540,60,100,10,21.4,32.6,28,17.9,98,77.1,29.8,3.5,5.8,0.5,3184.417982
213900,0.00036323,Marewa West,Marewa West,1500,1530,1620,1740,1780,300,510,600,360,43.2,1570,290,40,90,10,17.1,28.9,34,20.5,89,88.3,16.5,2.2,5,0.3,3870.307848
212800,5.92E-05,Onekawa West,Onekawa West,70,130,110,260,290,20,70,150,50,51.4,250,40,0,10,0,5.3,24.9,51,19,152,87.9,13.7,1.5,4.1,1.4,11774.16597
212900,0.000240793,Ahuriri,Ahuriri,740,760,880,1120,1180,110,230,360,480,58.5,1100,130,10,30,10,9.3,19.5,31,40.6,84,92.9,10.6,0.8,2.8,0.7,6279.947868
214200,0.000338742,Pirimai West,Pirimai West,1570,1540,1570,1550,1660,320,570,480,280,37,1400,400,60,60,10,19.6,34.2,29,17,96,84.5,24.3,3.6,3.9,0.3,3685.821065
213300,0.000555048,Bluff Hill,Bluff Hill,2860,2710,2680,2720,2720,420,690,1110,500,46.7,2450,330,30,130,20,15.5,25.4,41,18.4,93,90.1,12.3,1.2,5,0.6,9732.02939
213400,0.000608104,Hospital Hill,Hospital Hill,2970,2920,2850,2740,2980,480,810,1130,560,45.2,2710,350,50,160,20,16.2,27.2,38,18.8,98,90.8,11.7,1.7,5.4,0.7,5763.029671
213500,0.000420367,Tamatea West,Tamatea West,2100,2050,1890,1910,2060,480,590,590,400,38.3,1680,500,90,100,10,23.2,28.6,29,19.4,95,81.8,24.5,4.5,4.9,0.5,3520.582409
214600,0.000487707,Bledisloe Park,Bledisloe Park,1970,2070,2100,2260,2390,470,680,770,470,41.3,2100,380,60,170,10,19.8,28.5,32,19.6,85,87.7,15.8,2.4,7,0.5,3925.682795
215200,0.000540763,McLean Park,McLean Park,2540,2510,2550,2510,2650,510,880,860,400,38.1,2200,610,90,140,20,19.4,33.2,32,15,91,83.2,22.9,3.2,5.5,0.8,6929.648252
215300,0.000752987,Maraenui,Maraenui,3720,3630,3670,3250,3690,1080,1340,970,290,26.8,1630,2180,550,100,20,29.3,36.5,26,7.9,100,44.1,59,14.8,2.8,0.5,4486.664618
216500,0.000324458,Ōakura,Oakura,1300,1290,1420,1500,1590,390,380,610,210,41.5,1510,170,20,20,20,24.4,23.9,38,13.2,100,95.1,10.6,1.4,1.5,1.3,8314.291716
215400,0.000534642,Meeanee-Awatoto,Meeanee-Awatoto,1370,1430,1520,2020,2620,480,690,990,460,43.8,2320,380,80,120,30,18.2,26.4,38,17.5,104,88.4,14.6,3.2,4.7,1,21244.66039
215500,0.000202021,Mangaonuku,Mangaonuku,930,940,890,870,990,200,290,380,110,40.3,870,180,30,10,0,20.6,28.9,39,11.5,120,88.3,18,3.3,1.2,0.5,147391.948
215600,0.000518317,Makaretu,Makaretu,2280,2330,2280,2400,2540,550,680,930,390,41.6,2110,510,70,150,10,21.5,26.6,36,15.4,108,83.2,20.2,2.7,5.8,0.3,163222.9398
215700,0.000440773,Waipawa,Waipawa,1950,1930,1970,2060,2160,460,550,710,440,42.9,1820,550,90,40,10,21.4,25.4,33,20.4,91,84.3,25.7,4,1.9,0.4,14672.01487
216300,0.000769312,Spotswood,Spotswood,3600,3440,3570,3580,3770,770,1220,1170,610,37.8,3030,990,170,190,40,20.5,32.3,31,16.2,98,80.3,26.3,4.5,5,1.2,12236.2395
217100,0.000353027,Marfell,Marfell,1710,1660,1670,1590,1730,470,660,440,160,29.6,1260,680,90,60,10,27.2,37.9,26,9.4,101,73.1,39.5,4.9,3.5,0.6,4203.166653
216600,0.000385677,Moturoa,Moturoa,1820,1690,1890,1780,1890,300,570,600,420,43.4,1590,320,60,120,10,15.9,30.2,32,22.1,90,84,17.1,3,6.4,0.5,6664.787474
216800,0.000532601,Blagdon-Lynmouth,Blagdon-Lynmouth,2520,2390,2490,2510,2610,580,920,740,370,34.1,2170,580,90,200,10,22.3,35.1,28,14.1,95,83.1,22.2,3.5,7.5,0.3,6898.491077
216900,0.00049791,Kawaroa,Kawaroa,2410,2390,2320,2390,2440,350,790,750,550,43.2,2000,370,20,260,30,14.2,32.6,31,22.4,90,82.1,15.1,0.9,10.6,1.1,6652.280426
217000,0.000236712,New Plymouth Central,New Plymouth Central,1290,1150,1200,1200,1160,140,400,410,220,44.1,910,180,10,170,20,12,34.3,35,18.6,108,78,15.7,0.5,15,1.7,6652.976529
217200,0.000475464,Whalers Gate,Whalers Gate,1060,1140,1370,1920,2330,350,510,720,750,51.4,2080,190,20,190,20,15.1,22,31,32,91,89.1,8.2,1,8.4,1,7098.848734
217300,0.00053056,Strandon,Strandon,2670,2570,2550,2600,2600,370,720,930,570,46.4,2310,310,30,180,10,14.2,27.9,36,22.1,92,89,11.8,1.2,7.1,0.4,8901.589554
317000,0.000291808,Harewood,Harewood,700,780,1490,1480,1430,190,370,560,300,49.4,1190,50,20,210,30,13.2,26,40,21.3,103,83.3,3.6,1.5,14.8,2,9353.706491
217400,0.000930521,Westown,Westown,4400,4270,4350,4430,4560,910,1520,1260,860,37.3,3780,890,120,330,20,20,33.3,28,19,97,83,19.5,2.7,7.3,0.4,8269.053131
217500,0.000901952,Bell Block West,Bell Block West,3000,3000,3130,3820,4420,860,1510,1260,800,36.8,3400,850,180,570,40,19.4,34,28,18.1,96,76.9,19.1,4.2,12.8,0.9,8551.969428
223900,7.14E-05,Springvale North,Springvale North,240,220,230,300,350,50,70,110,120,52.8,330,30,10,10,0,15.3,19.7,32,32.9,100,93.9,9.6,2.1,2,0,5352.942665
217600,0.000591779,Bell Block East,Bell Block East,1360,1430,1570,2280,2900,670,960,840,440,36.5,2440,520,110,260,30,23,32.9,29,15.2,93,83.9,17.8,3.8,8.8,1,14131.00075
218500,0.000844815,Waitara West,Waitara West,3820,3680,3750,3810,4140,920,1230,1230,750,38.1,3030,1790,150,60,10,22.3,29.7,30,18.2,98,73.2,43.3,3.6,1.5,0.2,8591.341891
217700,2.24E-05,Waiwhakaiho-Bell Block South,Waiwhakaiho-Bell Block South,180,170,150,120,110,20,30,50,0,39.1,90,20,0,10,0,21.2,30.5,46,2.7,142,83.8,18.8,0,8.6,0.9,20427.1966
223100,0.000259158,Ohakune,Ohakune,1430,1340,1130,1030,1270,240,460,400,170,35.7,910,450,30,100,20,19.1,36.2,32,13,107,71.6,35.3,2.5,7.9,1.3,14879.33695
217800,0.000599941,Lower Vogeltown,Lower Vogeltown,2750,2790,2810,2980,2940,540,930,940,540,40.2,2620,410,90,150,20,18.3,31.5,32,18.4,88,89.1,14.1,2.9,5.1,0.8,7066.484495
217900,0.000469342,Hurdon,Hurdon,1800,1750,1910,2170,2300,450,660,760,430,41.8,2080,280,30,110,10,19.4,28.7,33,18.7,94,90.3,12.2,1.5,4.9,0.5,11093.48159
223600,0.000336702,Castlecliff West,Castlecliff West,1690,1660,1550,1360,1650,350,470,560,270,40.3,1240,610,60,30,10,21.1,28.6,34,16.2,100,75.2,36.9,3.4,2,0.5,7687.521799
226600,0.000208143,Marton Rural,Marton Rural,1000,950,960,1000,1020,200,250,370,200,45,960,90,30,10,0,19.3,24.7,37,19.5,108,94.2,8.9,2.9,0.8,0,106700.8589
218000,0.00063055,Frankleigh Park,Frankleigh Park,2730,2710,2970,2950,3090,680,950,1000,450,37.6,2760,470,60,160,20,22.1,30.9,32,14.7,99,89.3,15.3,2.1,5.3,0.7,12748.56982
218100,0.000616266,Merrilands,Merrilands,2850,2800,2870,2930,3020,560,870,940,650,42.6,2550,450,70,230,20,18.5,28.7,31,21.6,93,84.3,14.9,2.3,7.7,0.7,6872.725883
218700,0.000689728,Highlands Park (New Plymouth District),Highlands Park (New Plymouth District),2350,2430,2560,3130,3380,610,690,1230,850,48.9,3020,250,30,250,70,18,20.5,36,25.2,92,89.5,7.5,0.9,7.4,2.1,9987.784468
218300,0.000687688,Welbourn,Welbourn,3100,2910,2890,3120,3370,660,1030,1070,620,40.1,2870,500,90,280,10,19.4,30.4,32,18.5,110,85.2,14.8,2.5,8.4,0.4,18126.96789
219800,0.000322417,Pembroke,Pembroke,1610,1510,1460,1500,1580,330,490,560,200,38,1530,160,20,20,0,20.8,31.2,36,12.5,106,96.6,10.4,1.2,1.1,0.1,78816.66184
219900,0.000140803,Douglas,Douglas,800,780,710,660,690,190,200,240,70,34.1,670,80,10,0,0,27.6,28.7,34,9.5,109,96.8,10.9,0.9,0.3,0.6,307378.0093
220000,0.000283646,Toko,Toko,1340,1280,1300,1300,1390,310,430,500,150,37.6,1350,100,20,20,0,22,31.2,36,10.7,108,97,7.4,1.1,1.4,0.2,104969.4015
228200,0.000312214,Warwick,Warwick,1440,1440,1420,1530,1530,260,370,410,480,50,1370,270,30,40,10,17.1,24.3,27,31.6,81,89.9,17.5,2.2,2.3,0.5,5716.933609
218400,0.000738703,Fitzroy-Glen Avon,Fitzroy-Glen Avon,3020,2980,2960,3400,3620,740,1010,1240,630,41.2,3240,550,100,190,30,20.4,27.8,34,17.4,94,89.5,15.2,2.6,5.3,0.8,24281.29004
218600,0.000573413,Upper Vogeltown,Upper Vogeltown,2150,2110,2160,2200,2810,580,810,850,580,40.7,2490,350,50,130,40,20.6,28.7,30,20.5,93,88.5,12.6,1.8,4.7,1.3,11906.89375
220100,0.000404042,Stratford North,Stratford North,1970,1820,1890,1900,1980,410,560,580,430,41.1,1790,300,30,60,0,20.5,28.4,29,21.7,88,90.7,15.1,1.7,2.9,0.2,10087.53815
220200,2.65E-05,Whangamomona,Whangamomona,210,180,180,150,130,20,30,60,20,48.4,120,20,0,0,0,17.5,23.3,46,13.1,127,92.9,15.9,0,0,0.9,209188.5292
218800,0.000159168,Paraite,Paraite,490,550,580,730,780,140,210,310,130,45.1,720,110,20,10,10,17.5,26.4,39,16.8,104,92,14.2,1.9,1.5,1,18517.26417
219600,0.000742784,Inglewood,Inglewood,3270,3020,3190,3360,3640,760,1140,1080,660,38.2,3340,540,90,100,10,20.9,31.2,30,18.1,94,91.8,14.7,2.4,2.7,0.3,8700.353445
220700,0.000293849,Ōpunake,Opunake,1630,1550,1400,1380,1440,290,360,490,300,43.8,1110,560,40,50,0,19.8,25.3,34,20.8,96,76.7,38.7,2.5,3.6,0.2,12744.69168
220800,0.000271402,Kaponga-Mangatoki,Kaponga-Mangatoki,1530,1380,1410,1320,1330,330,460,420,120,34.1,1200,190,30,60,0,24.8,34.6,32,9,117,89.9,14.2,2.4,4.7,0.1,95079.62256
220900,0.000324458,Manaia-Kapuni,Manaia-Kapuni,1920,1730,1670,1700,1590,380,460,520,230,38.3,1280,580,30,20,0,23.7,28.9,33,14.4,106,80.5,36.5,2,1.4,0.2,55166.13061
221000,0.000408123,Eltham,Eltham,1970,2080,1950,1910,2000,440,580,660,330,39.2,1610,610,70,70,10,21.9,28.9,33,16.3,105,80.4,30.7,3.4,3.7,0.3,11581.29027
221300,0.000361189,Egmont Showgrounds,Egmont Showgrounds,1400,1420,1440,1600,1770,350,510,540,380,42.4,1530,340,20,90,20,19.5,28.5,31,21.4,96,86,19.2,1.3,5.2,0.9,10962.63395
221500,0.000114275,Ohangai,Ohangai,660,590,610,590,560,120,160,210,60,38.4,500,100,10,10,0,21.6,29.5,38,10.7,102,89.8,18.2,1,1.4,0,128598.8147
221700,0.000316296,King Edward Park,King Edward Park,1460,1490,1450,1460,1550,310,470,430,340,39.8,1210,450,20,120,10,19.8,30.5,28,22.2,93,78.1,28.7,1.6,7.4,0.7,5367.586435
221600,0.000402001,Turuturu,Turuturu,1850,1830,1800,1830,1970,420,650,650,260,36,1620,570,30,70,10,21.1,33,33,12.9,104,81.9,28.9,1.5,3.3,0.7,14319.30287
221800,0.000428529,Ramanui,Ramanui,2130,1930,1920,1980,2100,460,630,660,360,38.3,1650,650,60,80,20,21.8,29.7,31,17.2,96,78.3,31.1,2.9,4,0.9,17552.54337
221900,0.000548926,Hawera Central,Hawera Central,2630,2510,2430,2570,2690,540,780,760,600,41,2030,820,60,160,10,20.2,29.1,28,22.3,93,75.4,30.7,2.4,6,0.5,6584.391051
222000,0.000153046,Mangawhio,Mangawhio,860,860,740,780,750,180,220,260,90,36.9,670,110,20,30,0,23.5,29.8,35,11.7,125,89.2,14.3,2.2,4.3,0,215668.3464
222100,0.000418326,Manutahi-Waitotora,Manutahi-Waitotora,2380,2210,2140,2050,2050,410,570,700,360,41.9,1670,570,60,60,0,20,27.9,34,17.8,110,81.4,27.8,2.9,3,0.2,131013.4429
222200,0.000250996,Pātea,Patea,1450,1350,1180,1140,1230,220,290,430,270,46.5,740,610,60,40,0,18.3,23.8,36,22.3,106,60,49.7,5.2,3,0.1,13044.68071
222300,0.000214265,Otangiwai-Ohura,Otangiwai-Ohura,1710,1460,1270,1130,1050,210,290,400,150,43,880,320,20,20,0,19.9,28,38,13.9,115,84.4,30.8,1.4,1.7,0.1,361828.6734
222400,0.00026528,Ngapuke,Ngapuke,1650,1450,1400,1350,1300,260,370,460,220,42.1,960,540,30,30,10,20,28.2,35,16.8,101,73.9,41.5,2.2,2.4,0.5,213461.7777
223800,0.000408123,Castlecliff East,Castlecliff East,2130,1940,1830,1820,2000,510,640,610,240,32.6,1330,980,120,70,0,25.6,32,30,12.2,104,66.4,48.8,5.9,3.6,0.1,7653.841424
222500,0.000350986,Taumarunui North,Taumarunui North,2150,1850,1840,1640,1720,360,500,470,390,40,1130,800,50,90,10,20.8,29.2,27,22.8,98,65.5,46.3,2.9,5.2,0.5,11851.71583
222600,0.000314255,Taumarunui Central,Taumarunui Central,1930,1710,1650,1520,1540,310,360,560,310,45.6,990,750,60,60,0,20,23.6,36,20.2,88,64.2,49.1,3.8,3.8,0.1,14058.67538
222700,0.000324458,Taumarunui East,Taumarunui East,1890,1710,1670,1500,1590,390,470,470,260,36.2,820,1010,60,20,0,24.6,29.3,30,16.6,105,51.7,63.3,3.7,1.4,0.2,14324.46666
223000,0.000216305,Raetihi,Raetihi,1210,1110,1080,1060,1060,300,310,330,120,33.4,580,720,30,20,0,27.9,29.1,31,11.7,104,54.9,67.4,3.1,2.1,0.1,11623.37842
228300,0.000536682,Kimbolton West,Kimbolton West,2450,2380,2430,2410,2630,530,800,750,560,39.5,2240,600,90,120,10,20.1,30.4,28,21.2,91,85.2,22.7,3.3,4.6,0.4,4991.462699
224000,0.000399961,Lower Aramoho,Lower Aramoho,2020,1810,1880,1760,1960,460,600,600,300,36.3,1450,680,90,80,10,23.2,30.8,31,15.2,92,73.8,34.7,4.4,4.2,0.4,7402.273134
224100,0.000240793,St Johns Hill East,St Johns Hill East,1030,1000,950,1080,1180,150,210,330,480,58.4,1060,100,10,60,20,12.9,17.7,28,41,70,89.8,8.1,1,5,1.6,5158.976976
224200,0.000461179,St Johns Hill West,St Johns Hill West,2150,2170,2180,2140,2260,380,500,800,590,49.4,2000,250,40,130,20,16.7,22.2,35,26,88,88.3,11.3,1.8,6,1,4106.200215
224300,0.000620347,Titoki,Titoki,2950,2800,2830,2660,3040,650,920,890,580,38.1,2070,1110,230,160,0,21.3,30.2,29,19.2,97,67.9,36.4,7.4,5.2,0.1,7528.97333
224400,0.00033058,Springvale West,Springvale West,1410,1400,1460,1490,1620,270,420,490,430,46.5,1320,270,60,140,10,16.7,26.1,30,26.7,88,81.7,16.9,3.8,8.6,0.7,4284.791475
224600,0.000440773,Upper Aramoho,Upper Aramoho,2350,2200,2200,2040,2160,420,640,670,430,41.1,1730,650,70,50,10,19.2,29.7,31,20.1,95,80.1,30,3.1,2.1,0.2,6995.587703
224700,2.45E-05,Balgownie,Balgownie,230,180,130,130,120,30,20,50,20,47.6,90,30,10,0,0,21.6,17,44,17.4,131,75,27.9,8.5,2.6,0,10384.67413
224900,0.000359148,Wembley Park,Wembley Park,1920,1800,1820,1650,1760,400,530,570,260,38,1220,810,70,30,0,22.6,30,32,14.9,97,69.2,46.2,3.8,1.7,0.2,9181.671911
225000,0.000271402,College Estate,College Estate,1160,1200,1140,1180,1330,260,420,380,270,38.8,1090,260,30,120,10,19.6,31.8,28,20.3,93,82.1,19.3,2,9,1,6031.423252
225100,0.000475464,Whanganui East-Williams Domain,Whanganui East-Williams Domain,2150,2210,2190,2220,2330,500,620,610,590,41.8,1900,650,60,70,10,21.5,26.8,26,25.4,80,81.4,27.8,2.8,3,0.2,7983.521286
225200,0.000361189,Gonville West,Gonville West,1820,1750,1730,1610,1770,410,520,560,280,37,1090,800,130,50,10,23.2,29.6,31,15.9,97,61.9,45.1,7.3,3.1,0.3,4176.027929
225300,0.000540763,Gonville North,Gonville North,2620,2520,2480,2470,2650,610,920,720,400,33.9,2060,810,150,160,10,22.9,34.8,27,15.2,94,77.5,30.6,5.6,5.9,0.3,5921.055208
225400,0.000285686,Cornmarket,Cornmarket,1620,1490,1400,1230,1400,160,420,460,360,48.3,1050,290,60,140,10,11.2,30.3,33,25.6,83,75.2,21,4.3,10.2,0.6,3354.587368
225500,0.000457098,Whanganui East-Riverlands,Whanganui East-Riverlands,2440,2250,2200,2130,2240,450,630,690,480,42,1940,530,50,70,10,20.1,28,31,21.3,85,86.7,23.5,2.4,3.2,0.3,7603.23956
225700,0.000130599,Whanganui Central,Whanganui Central,750,700,640,510,640,90,240,210,90,38.6,470,190,20,60,0,14.2,37.9,33,14.9,94,74.2,29.8,3.1,9.9,0.7,8763.062711
225800,0.000424448,Gonville South,Gonville South,2150,2060,2110,2080,2080,440,640,670,330,38.4,1690,530,100,100,10,21,30.9,32,15.7,99,81,25.3,4.8,4.7,0.3,6183.166771
226000,0.000138762,Putiki,Putiki,580,560,610,600,680,110,150,270,150,50.1,520,240,20,10,0,16.2,21.9,40,21.8,101,76,34.9,2.2,1.1,0.3,11137.3502
226100,0.000359148,Mokai Patea,Mokai Patea,2140,1990,1970,1830,1760,350,520,640,260,40.7,1560,390,20,10,0,19.8,29.3,36,14.8,116,88.5,22.3,1.3,0.5,0,452593.6355
226200,4.08E-06,Ngamatea,Ngamatea,30,30,40,30,20,0,10,10,0,25,20,0,0,0,0,10.9,53.8,35,0,174,85.5,16.9,0,0,0,202250.2476
226300,0.000267321,Turakina,Turakina,1460,1420,1300,1280,1310,270,360,490,190,41.7,880,530,30,20,0,20.7,27.5,37,14.6,103,67.3,40.7,2.1,1.2,0.2,139710.4849
226400,0.000267321,Otairi,Otairi,1460,1380,1320,1270,1310,250,370,430,250,42.9,1160,250,10,30,10,19.5,28.3,33,19.1,106,88.5,19.2,1,1.9,1.1,182681.2199
226500,0.000359148,Taihape,Taihape,2110,1910,1900,1640,1760,370,510,560,320,40.1,1210,860,80,70,0,20.9,29,32,18.1,99,69,49,4.7,3.8,0.1,16308.6976
226700,0.00063055,Marton North,Marton North,3050,2870,2860,2800,3090,530,750,950,860,49.6,2510,580,260,80,10,17,24.3,31,27.9,92,81,18.9,8.3,2.7,0.2,20905.46598
226800,0.000179574,Parewanui,Parewanui,870,840,800,880,880,200,240,330,110,40.2,830,130,10,10,0,22.4,27.4,38,12.3,101,94.3,15.2,1.6,1.1,0.1,90726.96807
226900,0.000467301,Marton South,Marton South,2650,2270,2200,2160,2290,520,670,710,390,37.8,1600,710,290,60,10,22.8,29.4,31,16.9,104,69.9,31.1,12.7,2.7,0.3,14311.83828
227000,0.000408123,Bulls,Bulls,1980,1860,1790,1650,2000,490,710,530,280,32.1,1590,560,160,60,10,24.4,35.4,26,13.8,103,79.4,28,7.9,3.1,0.4,14428.38288
227100,0.000320377,Kiwitea,Kiwitea,1570,1450,1450,1490,1570,360,410,590,210,40.5,1470,210,20,20,10,23,26,38,13.3,107,93.8,13.2,1.4,1.6,0.4,197192.3475
227200,0.00043057,Tokorangi,Tokorangi,1620,1680,1740,1930,2110,430,530,840,310,43.2,1950,320,30,40,0,20.2,25.3,40,14.9,100,92.2,14.9,1.2,1.7,0.2,91274.38734
227300,0.000287727,Ohakea-Sanson,Ohakea-Sanson,1330,1260,1170,1290,1410,260,550,450,150,34.5,1280,250,30,60,10,18.2,39,32,10.9,137,90.5,18,2.1,4,0.8,47559.20226
228400,0.000212224,Feilding Central,Feilding Central,1020,960,980,1020,1040,180,330,350,190,41.2,870,230,30,60,10,17.1,31.4,33,18.2,106,83.5,22.1,2.6,6.1,1.4,15682.66968
227400,0.00026324,Oroua Downs,Oroua Downs,1300,1280,1200,1090,1290,200,330,500,260,47.7,1170,210,20,40,0,15.9,25.4,39,20.1,106,90.5,16.4,1.8,2.9,0.1,55452.36546
227500,0.000414245,Awahuri,Awahuri,1710,1640,1730,1830,2030,410,560,730,320,41.6,1890,310,20,40,10,20.5,27.7,36,16,102,93.2,15.2,1,1.8,0.7,62430.91582
228000,0.000453017,Sandon,Sandon,1860,1850,1990,2090,2220,390,580,740,520,45.5,2040,300,30,40,10,17.4,26,33,23.2,93,91.5,13.4,1.4,1.9,0.3,12635.3238
228100,0.000638713,Kimbolton North,Kimbolton North,2430,2410,2430,2790,3130,570,890,900,770,43.3,2800,570,50,110,10,18.4,28.4,29,24.5,95,89.4,18.1,1.5,3.4,0.3,9858.56489
228500,0.000444854,Kimbolton South,Kimbolton South,2140,2070,2080,2090,2180,460,670,670,380,37.8,1900,450,80,70,0,21,30.9,31,17.4,100,87.3,20.5,3.5,3.1,0.1,5823.463476
228800,0.000402001,Newbury,Newbury,1580,1650,1830,1970,1970,400,600,720,260,39.5,1770,360,50,70,10,20.1,30.6,36,13.1,102,89.8,18.3,2.6,3.3,0.4,50537.07743
230000,0.000402001,Park West,Park West,1870,1990,2010,1880,1970,320,560,560,540,47.3,1540,390,130,170,10,16,28.2,28,27.5,83,77.8,20,6.8,8.4,0.6,4149.403678
228900,6.73E-05,Palmerston North Airport,Palmerston North Airport,230,330,340,300,330,60,100,120,60,42.8,290,50,0,30,0,18.5,28.9,36,17.1,110,87.3,14.4,0.9,8.3,0.8,15483.73869
229000,0.000516276,Milson North,Milson North,2040,2140,2300,2530,2530,420,720,750,640,44.5,2120,370,90,220,20,16.6,28.5,30,25.4,89,83.9,14.4,3.5,8.9,0.7,5623.515245
229200,1.00E-04,Tremaine,Tremaine,390,400,440,420,490,90,230,130,30,28.2,320,140,50,50,20,18.5,47.2,28,6.8,144,66.1,28.8,11,11.3,3.6,22816.23876
229400,0.000342824,Whakarongo,Whakarongo,1070,1070,1210,1460,1680,320,440,660,260,43.5,1540,160,20,70,10,19.2,26.1,39,15.3,104,91.7,9.5,0.9,4.2,0.3,50643.22815
230100,0.000526479,Takaro South,Takaro South,2520,2460,2410,2540,2580,510,1150,640,280,29.9,1940,600,210,240,30,19.8,44.5,25,10.7,103,75.1,23.2,8.2,9.1,1.2,4595.229504
229500,0.000636672,Westbrook,Westbrook,3130,3000,2910,2890,3120,770,1210,770,370,30.4,2110,1040,420,210,40,24.5,38.7,25,12,97,67.5,33.4,13.5,6.8,1.1,5651.464669
229700,5.51E-05,Pioneer West,Pioneer West,230,230,250,240,270,50,90,90,40,39.1,250,30,10,10,0,18.2,34,32,15.3,96,94.1,9.5,2.7,4.3,1.5,9002.078092
229800,0.000544845,Palmerston North Hospital,Palmerston North Hospital,2750,2630,2530,2490,2670,510,930,850,380,36.6,2110,410,90,350,30,19.1,34.8,32,14.2,100,78.9,15.2,3.2,13.2,1.2,4259.633635
229900,0.000634632,Highbury East,Highbury East,2860,2830,2770,2660,3110,860,1130,770,350,29.5,1750,1230,490,330,30,27.6,36.4,25,11.3,95,56.4,39.6,15.7,10.5,1.1,4802.722914
230600,0.000248955,Palmerston North Central,Palmerston North Central,1280,1240,1400,1270,1220,140,720,280,80,27.8,770,230,100,250,20,11.2,58.9,23,6.7,109,63.3,18.9,8.2,20.9,1.9,9873.335732
230700,0.000746866,Awapuni North,Awapuni North,3620,3540,3550,3440,3660,840,1480,880,450,30.6,2590,940,340,410,70,23.1,40.6,24,12.3,93,70.9,25.6,9.2,11.3,1.9,4765.680055
230800,0.000740744,Terrace End,Terrace End,3330,3230,3300,3470,3630,770,1410,990,460,32.3,2500,890,240,570,70,21.3,38.9,27,12.6,95,68.8,24.5,6.6,15.7,2,4597.025182
230900,0.000302011,Maraetarata,Maraetarata,1320,1330,1360,1370,1480,270,470,470,270,40.2,1250,220,70,120,20,18.1,31.8,32,18.3,92,84.1,14.6,4.8,8.2,1.6,7662.047764
231000,0.000416286,Papaioea South,Papaioea South,1920,1890,1950,1950,2040,240,950,530,310,32.6,1410,260,80,450,50,11.8,46.8,26,15.4,90,69.4,12.7,3.7,22.1,2.4,4016.338622
231300,0.000710135,Awapuni South,Awapuni South,3460,3430,3340,3350,3480,740,1160,1030,550,36.6,2780,620,130,430,60,21.3,33.3,30,15.9,92,80,17.8,3.7,12.4,1.6,5312.080103
231400,0.000418326,Milverton,Milverton,2130,2070,1920,1950,2050,250,1190,460,160,25.3,1450,300,70,450,50,12,57.9,22,7.8,94,70.7,14.5,3.6,22.1,2.3,4194.742922
231700,0.00049791,Hokowhitu Central,Hokowhitu Central,2270,2300,2290,2370,2440,370,740,890,440,44.1,1980,220,50,350,50,15,30.3,36,18.1,92,81.2,8.9,2.1,14.5,2.1,4790.850101
231800,0.00066116,Hokowhitu East,Hokowhitu East,3100,3130,3160,3170,3240,610,1130,1000,490,36.9,2590,400,90,460,60,18.9,35.1,31,15.1,92,79.9,12.3,2.6,14.4,1.8,5048.367725
233600,0.00056321,Pahiatua,Pahiatua,2760,2660,2610,2480,2760,600,780,810,560,39.8,2440,660,70,70,20,21.9,28.4,29,20.4,91,88.6,23.8,2.5,2.6,0.6,10578.2285
233900,0,Mara,Mara,10,10,0,10,0,0,0,0,0,0,0,0,0,0,0,-999,-999,-999,-999,-999,-999,-999,-999,-999,-999,63078.32433
234000,0.000191818,Kere Kere,Kere Kere,810,770,810,880,940,190,280,330,140,40.2,840,160,20,40,0,19.9,29.9,35,14.8,113,88.9,16.8,2.2,4.3,0.2,112608.8801
231900,9.59E-05,Turitea,Turitea,1070,830,720,740,470,20,420,20,10,19.8,320,30,20,120,20,4,89.6,5,1.3,55,67,6.2,4.7,26,5,16330.70117
232700,0.000710135,Poutoa,Poutoa,1450,1880,2820,3060,3480,530,1190,1170,600,40.8,2560,200,50,830,70,15.1,34,34,17.2,90,73.5,5.8,1.5,23.8,2,14355.23353
232100,0.00036323,Linton Camp,Linton Camp,1840,1840,1920,1570,1780,330,1270,170,20,24.3,1350,730,190,60,20,18.3,71.3,10,0.8,230,76,41,10.5,3.3,1,12879.25792
232200,0.000618307,Ashhurst,Ashhurst,2530,2520,2510,2750,3030,740,940,940,410,36.1,2730,570,100,90,10,24.5,31.1,31,13.5,96,89.9,18.8,3.2,2.8,0.4,11921.63484
232300,0.000420367,Hokowhitu South,Hokowhitu South,1910,1940,1970,2010,2060,430,790,520,310,32.9,1550,330,120,300,60,21.1,38.5,25,15.2,94,75.2,16,5.7,14.6,2.7,4088.743865
232500,0.000259158,Pihauatua,Pihauatua,830,900,1130,1230,1270,270,370,480,150,38.9,1150,150,20,60,20,21.3,29.4,38,11.5,112,90.4,12.1,1.6,4.8,1.3,65839.03218
233300,0.000708094,Dannevirke East,Dannevirke East,3360,3280,3370,3070,3470,750,990,980,760,39.9,2510,1310,100,170,10,21.6,28.5,28,21.8,93,72.4,37.8,2.9,4.9,0.2,16679.05835
235000,0.000299971,Makomako,Makomako,1370,1390,1320,1420,1470,290,420,460,310,42.2,1120,420,150,80,0,19.5,28.3,31,20.9,93,76.3,28.7,10.4,5.6,0.3,4376.254329
234100,0.00039792,Foxton Beach,Foxton Beach,1890,1930,1730,1670,1950,240,310,710,700,57.8,1770,340,30,20,0,12.2,15.8,36,35.7,95,91,17.4,1.4,1.2,0,9587.041134
234200,0.000293849,Foxton North,Foxton North,1480,1390,1450,1340,1440,280,400,440,320,42.6,1120,510,60,40,0,19.5,28.1,30,22.2,96,78.1,35.2,4.1,3.1,0.1,14172.68992
235100,0.000373433,Kawiu North,Kawiu North,1580,1560,1600,1710,1830,320,450,590,470,47.4,1590,270,50,140,20,17.4,24.5,32,25.7,98,86.9,14.9,2.7,7.7,0.8,6870.043651
235200,0.000224468,Levin Central,Levin Central,1050,990,960,1000,1100,140,270,330,360,52.7,820,250,110,80,0,13,24.6,30,32.6,90,74.4,23.2,9.9,7.6,0.2,6005.242414
238100,0.00049791,Waikanae East,Waikanae East,1660,1800,1990,2210,2440,420,470,800,740,50.6,2200,270,70,130,20,17.3,19.2,33,30.5,89,90.2,11.1,2.8,5.5,1,11428.67075
234400,0.000450976,Waitarere,Waitarere,1840,1840,1930,1940,2210,310,440,890,570,53,1970,410,40,40,0,14.1,19.9,40,25.8,100,88.8,18.6,2,2,0.2,46463.375
234500,0.000159168,Waikawa (Horowhenua District),Waikawa (Horowhenua District),710,720,770,760,780,90,180,340,160,51.6,660,180,30,10,0,11.3,23.1,44,21.1,104,85.4,23.5,3.3,1.8,0.1,43466.62278
234800,0.000455057,Ōhau-Manakau,Ohau-Manakau,1970,1940,1820,1860,2230,330,500,800,600,51.2,1890,400,70,120,0,14.6,22.6,36,26.8,103,84.9,18,3.1,5.3,0.1,45566.97946
234900,0.000512195,Kawiu South,Kawiu South,2330,2320,2320,2380,2510,500,670,760,580,44.1,2070,650,150,90,10,19.9,26.8,30,23,86,82.6,26.1,5.8,3.5,0.3,4454.906844
235300,0.000248955,Tararua,Tararua,740,830,890,930,1220,200,310,460,250,47.4,960,310,110,60,10,16.1,25.5,38,20.3,105,78.4,25.5,9.4,4.5,0.6,24834.15211
235400,0.000299971,Shannon,Shannon,1480,1440,1390,1280,1470,310,430,520,220,40,1160,640,40,30,0,20.9,29.1,35,14.8,97,78.8,43.4,2.8,1.8,0.1,8266.529332
235500,0.000438733,Queenwood (Horowhenua District),Queenwood (Horowhenua District),2010,2030,2000,2000,2150,390,540,560,660,47.3,1680,480,190,140,10,18.1,25.2,26,30.8,87,78.4,22.3,8.8,6.7,0.6,3851.985461
235600,0.000385677,Playford Park,Playford Park,1790,1760,1670,1750,1890,360,530,500,500,43.8,1400,500,190,100,20,18.9,28.1,27,26.3,91,74.3,26.5,10.1,5.5,0.9,3818.828782
235800,0.000404042,Taitoko,Taitoko,2000,1930,1890,1800,1980,490,580,470,440,34.1,1220,840,350,40,20,25,29.2,24,22,93,61.7,42.3,17.7,1.8,0.8,4696.655336
235900,0.000304052,Waiopehu,Waiopehu,1230,1220,1310,1340,1490,310,420,390,370,41.3,1100,420,150,80,0,20.6,28.2,26,25.1,95,74.3,28.4,10.3,5.7,0.1,3546.770944
236000,0.000202021,Makahika,Makahika,690,750,820,890,990,150,220,430,200,50.5,930,120,20,30,10,14.9,21.8,44,19.6,111,93.3,12,2.4,2.6,0.7,77410.15918
236100,9.39E-05,Kimberley,Kimberley,290,290,330,420,460,100,90,170,100,45.8,430,70,10,10,0,21.5,19.8,37,21.9,102,93.1,16.2,1.6,1.1,0,63098.71821
326000,0.000273443,Waimairi Beach,Waimairi Beach,310,830,1080,1320,1340,280,300,560,210,43.9,1300,120,30,20,0,20.5,22.2,42,15.4,92,96.9,8.7,2.5,1.6,0,3931.742757
236300,0.000383636,Ōtaki Beach,Otaki Beach,1830,1860,1750,1670,1880,320,450,640,470,47.5,1400,710,70,40,10,16.9,24.2,34,24.8,88,74.7,37.7,3.7,2.2,0.3,11427.79272
236400,0.000138762,Forest Lakes (Kapiti Coast District),Forest Lakes (Kapiti Coast District),550,670,600,640,680,100,140,270,160,52.1,620,110,10,20,0,14.6,21.2,40,24.3,92,91.4,16.7,2,3.3,0.2,42963.79194
237000,0.000852978,Paraparaumu Beach North,Paraparaumu Beach North,3210,3460,3560,3900,4180,840,1140,1430,770,42.1,3850,600,120,140,30,20.1,27.2,34,18.5,95,92.1,14.3,2.8,3.4,0.8,6928.500057
238300,0.000493829,Raumati Beach East,Raumati Beach East,1690,1890,2040,2190,2420,430,560,760,660,47,2220,300,70,110,10,17.8,23.3,32,27.4,82,91.4,12.2,2.9,4.5,0.6,5350.186788
236500,0.000736663,Ōtaki,Otaki,3050,3030,2950,3200,3610,770,960,1040,850,42.3,2440,1520,230,230,20,21.3,26.6,29,23.4,90,67.4,42.1,6.5,6.3,0.5,16441.25147
247100,0.000379555,Wainuiomata Central,Wainuiomata Central,1710,1700,1690,1720,1860,390,620,580,270,36.4,1260,530,280,200,10,21.2,33.3,31,14.4,92,67.8,28.3,14.9,10.7,0.7,5817.753028
236600,0.000295889,Te Horo,Te Horo,990,1060,1160,1330,1450,220,270,670,290,50.3,1380,160,20,20,0,15.4,18.7,46,20,103,95.3,11.1,1.5,1.3,0.2,25268.66277
237100,0.000499951,Paraparaumu Beach West,Paraparaumu Beach West,1970,2120,2110,2370,2450,360,560,890,640,50.3,2210,270,60,130,20,14.5,22.8,36,26.3,90,90.3,11,2.6,5.2,1,6943.754146
236800,0.000685647,Waikanae Beach,Waikanae Beach,2060,2520,2970,3160,3360,540,750,1210,870,49.5,3100,380,80,110,20,16.1,22.3,36,25.8,96,92.3,11.3,2.3,3.3,0.5,13124.7952
236900,0.000128559,Peka Peka,Peka Peka,220,300,350,530,630,100,110,260,150,53.1,600,40,10,20,10,15.8,17.8,42,24.4,100,95.5,7,1.6,3.7,0.8,15620.38219
361900,0.000373433,Turnbull Thompson Park,Turnbull Thompson Park,1930,1780,1770,1790,1830,340,680,580,230,35.2,1570,320,60,130,10,18.8,37.2,32,12.3,89,85.9,17.5,3.3,7,0.5,7666.280468
237200,0.00043057,Waikanae Park,Waikanae Park,1740,1850,1930,1990,2110,280,380,580,860,57.6,1980,170,60,70,10,13.4,18.2,28,40.8,80,93.6,8,2.7,3.5,0.6,14547.73015
237300,0.000555048,Paraparaumu Beach East,Paraparaumu Beach East,1400,1770,2560,2560,2720,460,600,790,870,49.4,2440,260,80,170,20,17.1,22,29,31.9,85,89.8,9.5,3,6.2,0.7,4543.136138
237600,0.000910115,Waikanae West,Waikanae West,3150,3370,3540,3530,4460,580,760,1080,2030,61.1,4050,380,80,260,20,13,17.1,24,45.6,80,90.8,8.5,1.8,5.8,0.4,11086.26925
238400,0.000477504,Paraparaumu East,Paraparaumu East,1910,1960,2150,2290,2340,410,730,750,440,41,1980,440,110,160,10,17.6,31.4,32,19,98,84.5,18.9,4.9,6.6,0.5,7672.163526
237400,0.000169371,Otaihanga,Otaihanga,560,700,770,770,830,130,210,370,120,46.2,800,110,10,10,0,16.1,25.6,44,14,98,96.3,13,1.3,1.2,0.4,14529.13785
237500,0.000744825,Paraparaumu North,Paraparaumu North,1480,2250,2780,3240,3650,560,850,1200,1040,49.4,3250,400,90,280,30,15.3,23.4,33,28.5,88,89,10.8,2.5,7.7,0.8,10671.73643
237700,0.000161209,Ōtaki Forks,Otaki Forks,650,710,680,740,790,120,160,330,180,50,750,70,10,20,10,15.6,19.9,42,22.3,105,94.1,8.6,1.5,2.1,1,40669.32897
237800,0.000838693,Paraparaumu Central,Paraparaumu Central,2730,3060,3780,3840,4110,670,1210,1120,1110,44.4,3510,620,190,330,30,16.3,29.4,27,27,88,85.3,15.1,4.7,8.1,0.7,10099.60346
238000,0.000601982,Raumati Beach West,Raumati Beach West,2230,2380,2560,2810,2950,570,700,1040,630,45.6,2740,310,60,120,20,19.5,23.7,35,21.5,91,93,10.7,1.9,4.2,0.8,7314.510963
238500,0.000789719,Raumati South,Raumati South,3230,3420,3640,3720,3870,850,950,1550,520,42.6,3590,470,140,130,30,22,24.5,40,13.5,96,92.7,12.1,3.7,3.3,0.7,12575.93165
240200,0.000583616,Postgate,Postgate,2530,2470,2500,2590,2860,620,1090,870,290,34.2,2250,430,400,250,10,21.7,37.9,30,10,101,78.6,15.2,14,8.6,0.5,7644.367902
314600,0.000622388,Lilybrook,Lilybrook,2820,2790,3000,3050,3050,550,930,860,710,41.3,2770,340,60,130,10,18.1,30.4,28,23.3,90,91,11.2,2,4.4,0.4,5636.770185
238600,0.000367311,Paekākāriki,Paekakariki,1720,1800,1660,1740,1800,340,410,780,270,44.8,1620,320,50,50,30,18.7,22.9,43,15.1,92,90,17.5,3,2.6,1.9,16467.13601
240300,0.000612185,Ascot Park,Ascot Park,2780,2920,2790,2720,3000,740,1110,870,280,32.1,1350,880,1290,380,50,24.6,36.9,29,9.4,95,44.9,29.4,42.9,12.5,1.5,5231.592046
242100,0.000610144,Totara Park,Totara Park,3120,2970,2940,2970,2990,630,1010,950,400,36.9,2640,460,130,160,20,20.9,33.9,32,13.3,96,88.5,15.5,4.4,5.3,0.6,5845.05296
238800,0.000416286,Pukerua Bay,Pukerua Bay,1700,1750,1770,1970,2040,420,570,810,250,41.1,1900,290,80,50,30,20.8,27.7,39,12.1,100,92.7,13.9,3.7,2.2,1.3,14740.60749
240900,0.000279564,Ranui Heights,Ranui Heights,1250,1320,1410,1400,1370,250,470,470,180,38.3,860,330,370,140,20,18.1,34.5,34,13,95,62.7,24.2,26.7,10.2,1.5,8288.675856
239000,0.000448936,Plimmerton,Plimmerton,2090,2120,2120,2180,2200,400,580,840,390,43.8,2000,300,70,70,20,18.1,26.2,38,17.8,101,90.7,13.6,3.2,3.3,0.8,12976.13993
241000,0.000832572,Cannons Creek East,Cannons Creek East,4240,4110,3960,3750,4080,1130,1540,1060,350,27.6,800,980,2790,300,90,27.7,37.7,26,8.6,96,19.7,24,68.4,7.2,2.2,5444.401987
239100,0.000571373,Titahi Bay North,Titahi Bay North,2400,2470,2540,2560,2800,630,990,870,310,34.5,1970,1020,480,230,20,22.5,35.3,31,11,97,70.3,36.4,17.2,8.1,0.7,7663.555344
241100,0.000342824,Cannons Creek South,Cannons Creek South,1660,1730,1640,1600,1680,460,650,460,120,28.4,450,490,1010,140,40,27.1,38.4,27,7.3,98,26.6,28.9,59.7,8.2,2.5,7494.884624
239200,0.000797881,Titahi Bay South,Titahi Bay South,3390,3250,3400,3700,3910,930,1320,1180,480,34,2580,1410,850,330,70,23.9,33.7,30,12.4,91,66,36.1,21.6,8.5,1.8,10739.91713
241300,0.000377514,Riverstone Terraces,Riverstone Terraces,0,80,680,1450,1850,390,610,730,120,37.5,1350,180,110,390,30,21.1,33.1,39,6.6,101,73.2,10,6.1,21.2,1.5,7945.194558
239300,0.000514235,Elsdon-Takapuwahia,Elsdon-Takapuwahia,2400,2340,2340,2240,2520,610,970,690,250,30.8,1200,1330,730,260,20,24.4,38.5,27,9.9,99,47.7,52.7,28.9,10.5,0.8,17916.09217
241400,0.000522398,Heretaunga,Heretaunga,2290,2290,2300,2240,2560,480,760,790,540,41.3,2090,330,160,270,20,18.6,29.7,31,21,100,81.7,12.9,6.3,10.5,0.8,8396.44851
239500,0.000402001,Onepoto,Onepoto,1970,1940,1920,1870,1970,470,640,620,230,35.2,1390,640,360,90,30,23.9,32.7,32,11.6,96,70.6,32.6,18.3,4.6,1.4,7553.374958
239600,0.000422408,Camborne,Camborne,1560,1660,1710,1980,2070,440,580,790,260,40.6,1890,200,60,140,20,21,28.2,38,12.5,94,91.6,9.7,2.9,6.7,1.2,4525.850745
318000,0.000608104,Bishopdale West,Bishopdale West,3010,2940,2900,2910,2980,590,1020,920,450,37.2,2350,290,190,380,30,19.8,34.1,31,15.1,100,79,9.6,6.5,12.7,1,4331.341971
239800,0.000520357,Paremata,Paremata,2340,2340,2370,2450,2550,410,670,970,490,46.3,2300,310,150,110,20,16.3,26.3,38,19.3,94,90.4,12,5.9,4.5,0.9,10535.90847
241800,0.000740744,Silverstream (Upper Hutt City),Silverstream (Upper Hutt City),3310,3440,3420,3360,3630,700,1010,1330,590,42.3,3260,310,130,240,30,19.4,27.7,37,16.4,98,89.8,8.5,3.6,6.6,0.8,8144.745907
239900,5.71E-05,Porirua Central,Porirua Central,430,290,380,450,280,10,130,120,20,39.7,160,80,40,40,10,3.5,46.9,42,7.1,243,57,27.5,13.4,13.6,2.1,15374.74251
240100,0.000669322,Aotea,Aotea,10,0,120,2380,3280,790,940,1080,480,38.7,2330,260,230,740,40,24,28.7,33,14.5,93,71.1,8.1,7.1,22.4,1.4,7832.518638
318100,0.000375473,Templeton,Templeton,1550,1630,1630,1860,1840,320,590,670,250,40.3,1650,250,40,100,20,17.7,32,37,13.7,92,89.7,13.8,2.2,5.6,0.9,4502.67566
240400,0.000634632,Whitby,Whitby,2850,2970,3020,3020,3110,640,870,1110,480,41.1,2730,330,200,220,30,20.7,28.1,36,15.5,96,88,10.6,6.3,7.1,1,9653.018349
240500,0.000485667,Porirua East,Porirua East,2180,2190,2250,2170,2380,560,970,640,210,29.7,910,730,1070,300,30,23.4,40.9,27,8.9,98,38.4,30.9,45.2,12.8,1.3,6495.49775
241900,0.000716256,Elderslea,Elderslea,3260,3220,3290,3300,3510,670,1090,1060,680,39.7,2720,660,240,380,50,19.2,31.2,30,19.4,95,77.3,18.7,6.8,10.9,1.5,4697.155292
240600,0.000969293,Endeavour,Endeavour,1890,2600,3130,3580,4750,1050,1340,1790,580,39.9,4130,350,150,480,60,22,28.1,38,12.2,97,87,7.4,3.1,10.2,1.3,11029.56777
240700,0.000744825,Cannons Creek North,Cannons Creek North,3180,3300,3440,3210,3650,1080,1440,880,260,27.2,1020,1060,2140,380,120,29.5,39.3,24,7.2,95,27.8,28.9,58.5,10.4,3.2,6104.015278
242000,0.000650957,Trentham North,Trentham North,2590,2750,2860,3010,3190,540,1110,980,560,38.3,2390,590,240,410,40,17,34.9,31,17.5,93,74.9,18.4,7.6,12.8,1.2,5166.602436
241500,0.000740744,Birchville-Brown Owl,Birchville-Brown Owl,3030,3290,3450,3420,3630,710,1170,1280,460,38.3,3220,510,190,190,30,19.6,32.3,35,12.8,98,88.8,14.2,5.3,5.3,0.7,17787.52364
241600,0.000524438,Poets Block,Poets Block,2320,2380,2310,2320,2570,520,890,820,330,35.8,1990,460,150,300,70,20.4,34.8,32,12.8,99,77.6,17.8,5.7,11.6,2.8,5331.865797
242200,0.000379555,Trentham South,Trentham South,1050,790,1210,1310,1860,140,760,480,480,41.1,1270,550,110,130,20,7.4,41.1,26,25.9,219,68.3,29.5,6,7.1,0.9,14046.19782
242400,0.000524438,Ebdentown,Ebdentown,2510,2440,2430,2410,2570,490,750,840,500,41.4,2040,440,150,310,20,19,29.1,33,19.3,98,79.4,17.2,5.8,11.9,0.8,4750.792807
242500,0.000504032,Wallaceville,Wallaceville,2250,2210,2310,2310,2470,460,850,810,350,37.8,1960,400,170,310,30,18.6,34.4,33,14.3,94,79.4,16.3,6.7,12.5,1.1,3752.406224
242600,0.000699931,Maoribank,Maoribank,2600,2510,2650,2920,3430,750,1200,1160,320,34.6,2700,830,250,250,40,22,34.9,34,9.4,104,78.6,24.3,7.3,7.3,1.1,10701.99418
245900,0.000553007,Delaney,Delaney,2440,2480,2520,2520,2710,700,980,790,230,31.2,1570,860,570,220,20,25.8,36.2,29,8.6,102,57.9,31.9,21,8,0.9,8166.476549
242700,0.000206102,Te Marua,Te Marua,870,870,950,990,1010,190,280,420,120,42.3,910,160,50,20,10,19.2,27.6,42,11.5,112,89.5,16.2,4.5,1.7,0.5,17040.06321
242800,0.000416286,Pinehaven,Pinehaven,2020,1920,1890,1940,2040,470,570,780,220,39.5,1930,140,70,80,20,23.1,27.9,38,10.8,102,94.4,7,3.5,3.7,1.1,11445.24654
362100,0.000432611,Georgetown,Georgetown,2170,1980,1940,1990,2120,400,820,630,270,34.6,1720,480,150,150,20,18.9,38.4,30,12.9,98,81.3,22.6,7,7,0.7,4592.611691
242900,0.000483626,Clouston Park,Clouston Park,2170,2080,2160,2140,2370,450,820,700,400,36.8,1910,450,230,160,10,19,34.5,30,16.8,103,80.7,18.8,9.8,6.7,0.6,4617.759261
243000,0.000130599,Upper Hutt Central,Upper Hutt Central,430,390,420,530,640,110,230,240,70,39.3,510,60,40,90,10,16.7,35.4,37,10.5,110,80.2,10.1,6.3,14,1.2,9388.152992
243200,0.000842775,Maungaraki,Maungaraki,3570,3530,3680,3900,4130,870,1370,1370,520,37.6,3110,420,180,870,40,21.1,33.2,33,12.5,98,75.4,10.2,4.4,21.1,0.9,8082.853903
257700,0.000516276,Greytown,Greytown,2030,2110,2150,2300,2530,430,480,870,740,51.4,2380,240,50,60,10,17,19.1,35,29.3,91,94.2,9.5,2.1,2.3,0.4,14359.21164
190000,0,Te More,Te More,,,,,,,,,,,,,,,,,,,,,,,,,,33420.01112
243300,0.000314255,Korokoro,Korokoro,1300,1310,1320,1370,1540,320,520,540,160,37.9,1340,170,30,170,20,20.7,33.8,35,10.2,102,86.8,10.9,2.2,11.2,1.3,7485.802616
243400,0.00059586,Kelson,Kelson,2730,2700,2720,2790,2920,620,1040,990,280,36.2,2260,280,150,500,40,21.3,35.5,34,9.5,98,77.3,9.6,5.1,17.2,1.5,11641.20027
257800,0.000312214,Aorangi Forest,Aorangi Forest,1220,1180,1240,1410,1530,280,350,570,330,46.3,1430,240,20,10,0,18.2,22.9,37,21.6,107,93.3,15.8,1.1,0.9,0.1,244257.2472
198300,0,Inland water Lake Rotorua,Inland water Lake Rotorua,,,,,,,,,,,,,,,,,,,,,,,,,,48116.80252
207500,0,Inland water Lake Waikaremoana,Inland water Lake Waikaremoana,,,,,,,,,,,,,,,,,,,,,,,,,,103565.3693
236200,0,Kapiti Island,Kapiti Island,,,,,,,,,,,,,,,,,,,,,,,,,,28519.57083
243500,0.000422408,Normandale,Normandale,2010,1990,2000,2000,2070,410,670,770,220,38.8,1820,150,70,240,20,19.8,32.3,37,10.7,100,87.8,7.1,3.2,11.3,1.1,6145.335297
243600,0.000569332,Belmont (Lower Hutt City),Belmont (Lower Hutt City),2140,2260,2430,2550,2790,500,950,980,350,38.7,2280,280,100,400,30,18.1,34.2,35,12.4,99,81.8,10,3.7,14.4,1.2,12191.47726
243700,0.000204062,Petone Central,Petone Central,940,880,920,940,1000,180,430,310,70,34.5,690,190,90,180,10,18.4,42.8,31,7.5,114,69.1,19,8.9,18.4,1.3,9604.345666
243900,8.77E-05,Manor Park,Manor Park,260,380,390,400,430,60,120,140,100,44.8,350,50,20,60,0,13.8,29.2,34,23.3,115,81.4,12.4,4.7,13.8,0.7,8743.98714
322800,0.000308133,Wigram West,Wigram West,10,10,50,400,1510,270,670,430,140,35.1,600,60,10,880,50,18,43.9,29,9.5,97,39.3,4,0.6,57.8,3,3132.0191
244000,0.000599941,Alicetown-Melling,Alicetown-Melling,2610,2590,2650,2780,2940,540,1160,970,270,35.4,1970,340,200,690,40,18.4,39.6,33,9.1,105,67.1,11.6,6.9,23.6,1.3,7211.281108
244100,0.00066116,Taita North,Taita North,2760,2980,3150,2660,3240,760,1270,840,370,31.5,1240,770,1120,580,120,23.4,39.3,26,11.3,98,38.3,23.8,34.5,17.9,3.8,5984.931441
244200,0.000550966,Boulcott,Boulcott,2620,2490,2520,2560,2700,450,900,900,460,40.2,1930,240,150,620,40,16.7,33.1,33,17,91,71.6,9,5.5,22.9,1.4,5823.117646
244300,0.000208143,Hutt Central North,Hutt Central North,730,710,780,920,1020,150,420,340,100,36.5,580,100,60,330,40,15,41.1,34,10.2,96,56.8,10,5.9,32.8,3.9,6011.555572
244400,0.000555048,Avalon West,Avalon West,2160,2370,2440,2520,2720,410,710,830,770,46.6,1720,270,250,740,60,15.1,26.3,30,28.1,87,63.3,9.8,9.2,27.1,2.1,4739.364826
244600,0.000655038,Taita South,Taita South,2920,2890,3170,3030,3210,740,1220,900,350,32.6,1580,900,800,460,70,23.1,37.9,28,10.9,94,49.1,28,24.9,14.4,2.3,9197.506801
244700,0.00082645,Petone East,Petone East,3430,3550,3410,3380,4050,580,1520,1150,800,38.8,2940,540,300,730,60,14.3,37.6,28,19.8,98,72.7,13.2,7.5,17.9,1.4,5858.134624
244800,0.000677485,Hutt Central South,Hutt Central South,2950,3000,3060,3140,3320,510,900,1110,810,46.7,2430,230,90,790,20,15.4,27,33,24.3,93,73,6.9,2.6,23.9,0.6,7038.19647
244900,0.000724419,Stokes Valley North,Stokes Valley North,3270,3240,3290,3430,3550,710,1270,1070,490,36.1,2770,690,360,350,40,20.1,35.7,30,13.8,98,78.1,19.4,10.2,10,1.2,11254.61401
245000,0.00056117,Petone Esplanade,Petone Esplanade,2540,2530,2450,2550,2750,430,1120,890,310,35.7,1950,490,260,420,40,15.7,40.6,32,11.3,104,70.7,17.8,9.4,15.1,1.3,6152.384844
245100,0.000657078,Epuni West,Epuni West,3130,3040,3190,3110,3220,590,1060,1060,510,39.1,1940,360,200,950,90,18.2,33,33,16,98,60.4,11.3,6.2,29.5,2.7,5480.168021
245200,0.00053056,Avalon East,Avalon East,2270,2320,2380,2400,2600,530,920,730,420,36.1,1340,500,450,620,110,20.3,35.3,28,16.2,95,51.5,19.1,17.3,23.7,4.1,4675.8783
245300,0.000373433,Woburn,Woburn,1800,1790,1790,1740,1830,280,580,660,320,42.9,1310,160,50,460,20,15.3,31.6,36,17.4,92,71.6,8.5,2.7,25.1,1.1,4126.274752
245400,0.0007285,Naenae Central,Naenae Central,3140,3260,3430,3300,3570,790,1320,1090,370,33.3,1870,1000,870,480,100,22.1,37.1,30,10.3,99,52.6,28.1,24.4,13.6,2.8,5943.939177
245500,0.000483626,Waterloo West,Waterloo West,2200,2240,2230,2200,2370,450,760,800,360,39.4,1550,220,100,710,30,18.8,32.2,34,15.1,96,65.2,9.2,4.1,29.9,1.3,3963.292648
245600,0.000626469,Epuni East,Epuni East,3120,3050,3080,2970,3070,600,1060,1020,400,37,2070,480,330,560,80,19.5,34.6,33,12.9,98,67.3,15.8,10.6,18.2,2.6,5264.530287
245800,0.000346905,Moera,Moera,1680,1740,1680,1580,1700,320,630,550,200,36.2,830,450,270,380,70,18.8,37.2,32,11.5,103,49.1,26.5,15.7,22.1,4,4121.523668
246000,0.000918277,Waiwhetu,Waiwhetu,3700,3720,4100,4080,4500,880,1690,1380,540,35.4,2640,910,430,1030,140,19.5,37.6,31,12.1,96,58.7,20.2,9.6,22.8,3.1,7107.018467
246200,0.000538723,Naenae North,Naenae North,2470,2430,2560,2510,2640,590,1000,770,270,32.8,1420,760,720,250,80,22.4,38.1,29,10.3,92,54,28.7,27.2,9.5,2.9,8850.222629
246300,0.00036323,Manuka,Manuka,1690,1720,1700,1720,1780,340,550,640,260,40.1,1460,300,140,160,10,19.1,30.8,36,14.5,95,81.9,16.8,7.9,9.2,0.5,6000.866143
247000,0.000855018,Glendale,Glendale,3990,3690,3790,3920,4190,1030,1580,1220,370,31.7,2670,1560,710,320,50,24.5,37.6,29,8.8,100,63.7,37.1,16.9,7.6,1.3,11185.11436
324100,0.000169371,Wigram East,Wigram East,0,0,0,0,830,130,430,210,50,31.5,340,40,10,480,10,15.8,52,26,6.2,102,41.4,5.1,1,57.5,1.1,2524.302752
246700,0.000434651,Eastern Bays,Eastern Bays,2090,2050,2080,2010,2130,330,460,880,460,49.6,2020,140,20,90,20,15.5,21.7,41,21.5,97,94.8,6.4,1.1,4.3,1.1,18023.20829
247200,0.000569332,Eastbourne,Eastbourne,2790,2770,2780,2800,2790,530,590,1120,550,46.3,2680,160,40,80,30,19.1,21.3,40,19.6,94,96.2,5.6,1.5,2.9,0.9,11217.25988
247300,0.000642794,Homedale East,Homedale East,3170,3170,3210,2990,3150,670,1150,960,370,33.9,2300,930,450,190,10,21.2,36.5,31,11.7,101,73,29.5,14.2,6.2,0.3,11418.08346
257900,0.000373433,Martinborough,Martinborough,1490,1380,1360,1510,1830,290,410,680,450,49,1570,340,70,80,10,15.9,22.3,37,24.6,95,85.5,18.5,3.6,4.2,0.4,10196.70209
258900,6.12E-06,Islands Bay of Plenty Region,Islands Bay of Plenty Region,60,50,30,30,30,0,10,10,10,47.4,10,20,0,0,0,7.8,23.4,39,30.2,101,34.2,73.4,0,0,0,58960.5117
247400,0.000557088,Homedale West,Homedale West,2580,2570,2570,2510,2730,570,1000,820,330,34.1,1960,790,450,180,10,21,36.6,30,12.2,98,71.7,28.8,16.4,6.5,0.5,8093.886757
247700,0.000687688,Linden,Linden,2820,3010,2950,3150,3370,690,1330,990,360,34,2020,520,430,830,80,20.5,39.6,29,10.6,99,60,15.5,12.7,24.7,2.3,5407.065225
247800,0.000716256,Tawa South,Tawa South,3460,3420,3490,3410,3510,640,1170,1210,500,39.1,2820,310,210,540,30,18.1,33.2,35,14.1,91,80.2,8.9,6,15.3,0.9,9138.077353
248700,0.000610144,Paparangi,Paparangi,2610,2810,2780,2850,2990,630,1090,920,350,35.6,1900,310,200,840,60,21,36.4,31,11.7,96,63.6,10.3,6.6,28.3,2.1,5674.792726
247900,0.000559129,Tawa Central,Tawa Central,2330,2400,2550,2680,2740,500,920,880,440,38.6,2010,250,210,550,40,18.2,33.6,32,16.2,94,73.5,9.1,7.5,20.1,1.3,6950.879998
248000,0.000481585,Grenada North,Grenada North,1520,1780,2090,2240,2360,470,780,850,260,37.8,1790,270,190,380,30,19.7,33,36,11.2,100,75.9,11.6,7.9,16.1,1.3,15417.51066
248100,0.000818287,Churton Park North,Churton Park North,1280,1840,2950,3390,4010,890,1260,1450,410,37.6,2290,170,80,1670,60,22.1,31.4,36,10.3,96,57.1,4.2,2.1,41.6,1.6,10690.25924
300300,0.000512195,Golden Bay/Mohua,Golden Bay/Mohua,2350,2410,2320,2390,2510,430,550,980,550,49.1,2400,180,30,60,20,17.3,21.9,39,21.8,104,95.8,7.2,1,2.2,0.7,468978.6404
248200,5.71E-05,Takapu-Horokiwi,Takapu-Horokiwi,200,250,270,260,280,60,70,120,30,44.6,260,20,0,10,10,20.5,25.3,44,10,114,93,8,0,4,2.6,30153.87993
248300,0.000718297,Churton Park South,Churton Park South,2590,2770,3170,3420,3520,720,1170,1240,380,37.4,2200,210,110,1230,50,20.6,33.4,35,10.9,94,62.5,6,3.1,34.9,1.4,6474.624619
251500,0.000467301,Brooklyn North,Brooklyn North,1650,1980,2130,2190,2290,340,940,820,190,35.4,1860,120,60,380,40,15,40.9,36,8.4,93,81.1,5.5,2.8,16.7,2,6852.876979
248400,0.000716256,Johnsonville West,Johnsonville West,2440,2760,2950,3300,3510,730,1230,1170,370,36.5,2060,260,190,1250,100,20.9,35.1,33,10.5,97,58.7,7.5,5.4,35.8,2.8,6504.971497
248500,0.000359148,Grenada Village,Grenada Village,1010,970,1030,1300,1760,410,650,600,100,35.1,1080,160,90,560,80,23.3,36.8,34,5.9,99,61.5,8.9,4.9,31.7,4.3,6571.510898
248600,0.000685647,Johnsonville North,Johnsonville North,2650,2790,2930,3110,3360,700,1280,1050,330,34.7,2270,310,160,910,90,20.7,38.1,31,9.8,98,67.8,9.1,4.9,27.2,2.6,5829.788915
248800,0.000534642,Ngaio North,Ngaio North,2300,2390,2390,2540,2620,570,800,980,270,38.6,2310,200,50,280,30,21.9,30.6,37,10.1,95,88.1,7.5,2.1,10.5,1.2,6628.535292
248900,0.000593819,Johnsonville Central,Johnsonville Central,1990,2040,2280,2490,2910,560,1210,840,310,34.5,1530,400,240,980,80,19.2,41.4,29,10.5,99,52.7,13.8,8.3,33.7,2.9,5356.610716
249000,0.000344864,Broadmeadows,Broadmeadows,1260,1470,1550,1580,1690,320,600,580,200,37.3,1120,130,60,530,40,18.9,35.2,34,11.8,101,66,7.5,3.3,31.6,2.1,3755.690335
251600,0.000920318,Dixon Street,Dixon Street,1680,2480,2880,3750,4510,100,3650,610,150,26.1,3250,410,120,1020,150,2.3,80.9,14,3.2,94,72.1,9.1,2.7,22.7,3.3,2573.611038
249100,0.000342824,Crofton Downs,Crofton Downs,1390,1360,1470,1600,1680,330,520,620,210,39.7,1390,110,60,240,40,19.6,30.9,37,12.8,92,82.8,6.8,3.4,14,2.2,6029.772484
249200,0.000350986,Johnsonville South,Johnsonville South,1150,1370,1520,1700,1720,290,660,420,350,37,1190,150,100,420,20,16.9,38.5,24,20.1,82,69,8.8,5.6,24.2,1.3,5166.544211
249300,0.000428529,Khandallah Reserve,Khandallah Reserve,2050,2060,2160,2130,2100,400,560,860,290,43.8,1820,110,40,280,20,18.8,26.7,41,13.7,87,86.5,5.3,2,13.1,0.9,7045.220931
249500,0.000816247,Newlands North,Newlands North,3670,3580,3590,3840,4000,850,1570,1210,370,34.7,2490,490,330,1120,110,21.3,39.2,30,9.3,97,62.2,12.2,8.2,28,2.9,7463.152946
249600,0.000640754,Ngaio South,Ngaio South,2850,2960,3100,3180,3140,690,880,1260,310,40,2920,170,40,190,30,21.8,28.2,40,10,97,92.9,5.5,1.3,6,1,6495.098451
249700,0.000842775,Newlands South,Newlands South,2950,3080,3510,3720,4130,800,1720,1290,320,34.2,2470,450,320,1270,140,19.5,41.6,31,7.7,101,59.8,11,7.9,30.6,3.4,15447.05951
250000,0.000569332,Khandallah North,Khandallah North,2470,2500,2670,2720,2790,590,750,1060,390,41.8,2440,140,60,320,40,21.1,26.9,38,14,92,87.6,5.1,2.2,11.4,1.3,4911.578554
250800,0.000757069,Northland (Wellington City),Northland (Wellington City),3240,3200,3410,3470,3710,580,1710,1150,280,31.6,3280,240,90,360,50,15.6,45.9,31,7.6,96,88.3,6.5,2.4,9.6,1.2,6276.405736
250100,0.000461179,Wilton,Wilton,2010,1940,2120,2110,2260,390,800,790,280,38.2,1920,220,120,210,50,17.4,35.4,35,12.4,93,84.7,9.9,5.1,9.4,2.3,7467.521705
250200,0.000416286,Khandallah South,Khandallah South,1800,1890,1930,1950,2040,400,560,790,300,42.1,1790,120,30,210,60,19.6,27.2,38,14.6,94,87.9,5.8,1.5,10.2,2.7,4505.985088
251700,0.000767272,Vivian West,Vivian West,1300,1980,2320,2920,3760,100,3080,470,110,25.9,2800,300,70,860,100,2.7,81.9,12,2.9,89,74.4,8,2,22.8,2.6,2793.37164
250300,0.000789719,Wadestown,Wadestown,3450,3480,3700,3670,3870,720,1310,1410,430,38,3550,230,50,330,60,18.7,33.9,36,11.1,97,91.6,6,1.2,8.5,1.6,6292.278306
250400,0.000950927,Karori South,Karori South,3840,3810,4080,4420,4660,930,1600,1640,500,37,3350,300,170,1130,130,19.9,34.3,35,10.8,97,71.8,6.5,3.6,24.2,2.9,7338.248357
317300,0.000489748,Belfast East,Belfast East,1860,1940,2000,2120,2400,420,860,740,380,37.2,2060,320,80,170,30,17.7,35.8,31,15.8,98,86,13.5,3.5,7.2,1.2,9079.653061
250700,0.000206102,Pipitea-Kaiwharawhara,Pipitea-Kaiwharawhara,160,270,620,880,1010,80,550,300,80,32.2,790,100,30,170,20,8.1,54.4,29,8.3,99,78.1,10.3,2.7,17.3,2.3,17684.09953
251800,0.000389758,Courtenay,Courtenay,450,760,880,1570,1910,80,1200,440,200,31.5,1430,130,50,410,60,4,62.8,23,10.2,108,75.2,6.7,2.5,21.6,3,2982.302207
250900,0.000871343,Thorndon,Thorndon,2730,3100,3630,3810,4270,320,2340,1170,450,33.2,3370,290,110,770,110,7.4,54.8,27,10.5,92,78.8,6.9,2.6,18.1,2.5,6504.120223
251000,0.000246915,Wellington Botanic Gardens,Wellington Botanic Gardens,1100,1060,1160,1150,1210,50,890,200,80,22.1,1030,90,40,140,30,3.9,73.4,16,6.5,78,85.4,7.3,3,11.6,2.6,3485.036647
251100,0.00046322,Kelburn,Kelburn,1980,2050,2100,2030,2270,240,1210,560,250,27.5,2050,140,30,180,30,10.7,53.4,25,10.9,93,90.4,6.4,1.4,8.1,1.2,3976.264789
252400,0.000575454,Mount Cook East,Mount Cook East,1160,1510,2420,2520,2820,100,2230,400,80,24.8,2170,290,120,500,90,3.7,79.1,14,2.9,101,77.2,10.1,4.1,17.6,3.1,2898.242675
251200,0.000812165,Aro Valley,Aro Valley,3300,3340,3590,3730,3980,310,2510,890,280,27.9,3400,380,130,430,100,7.7,63,22,7,102,85.4,9.5,3.1,10.8,2.5,7250.359679
251300,0.000328539,Wellington University,Wellington University,1040,1080,1230,1550,1610,100,1140,240,120,22.9,1410,150,40,150,40,6.2,71.1,15,7.7,95,87.7,9.1,2.3,9.6,2.6,3353.17306
251400,0.000667282,Wellington Central,Wellington Central,770,1170,2120,2990,3270,80,2460,510,220,26.1,2290,220,80,890,80,2.4,75.2,16,6.9,92,70,6.8,2.6,27.2,2.4,4415.904849
253000,0.000738703,Newtown West,Newtown West,2650,2680,2820,3230,3620,340,2260,740,280,29.1,2590,390,190,740,140,9.3,62.4,20,7.9,89,71.5,10.7,5.1,20.3,3.8,3925.138677
251900,0.000575454,Brooklyn East,Brooklyn East,2510,2590,2720,2810,2820,460,1150,970,230,35.2,2450,210,70,280,90,16.5,40.7,34,8.3,92,86.7,7.6,2.4,9.9,3.1,5726.291508
252000,0.000924399,Mount Cook West,Mount Cook West,3330,3550,4440,4270,4530,270,3050,910,300,27.8,3250,470,190,840,270,6,67.4,20,6.5,91,71.6,10.4,4.1,18.4,5.9,4366.163493
252100,0.000520357,Vivian East,Vivian East,430,700,1630,2300,2550,130,1660,580,180,30.8,1780,190,60,650,80,5.1,65.2,23,7.1,104,70.1,7.3,2.5,25.5,3.2,2434.655861
252200,0.000379555,Brooklyn South,Brooklyn South,1450,1480,1560,1740,1860,310,850,570,120,33.1,1410,170,110,330,60,16.8,45.8,31,6.6,104,75.8,9.3,6.1,17.5,3.3,8470.252543
252500,0.000973374,Mount Victoria,Mount Victoria,4180,4420,4520,4530,4770,350,2840,1190,380,31,3940,350,120,650,180,7.4,59.5,25,8,95,82.7,7.4,2.4,13.7,3.7,5333.954293
252600,0.000379555,Roseneath,Roseneath,1700,1610,1760,1790,1860,200,770,610,280,38.5,1660,90,20,150,50,10.5,41.5,33,15,96,89.7,5,1,7.9,2.7,4196.872326
253100,0.000857059,Hataitai North,Hataitai North,3620,3770,4000,3990,4200,660,2020,1220,290,31.8,3600,340,160,440,130,15.7,48.2,29,6.9,102,85.7,8,3.8,10.4,3.2,4951.047267
252700,0.000422408,Ōwhiro Bay,Owhiro Bay,1460,1640,1910,1950,2070,400,690,760,210,38.2,1550,250,140,360,60,19.4,33.5,37,10.3,99,74.7,12.1,7,17.4,2.8,14817.30053
252800,0.000665241,Kingston-Mornington-Vogeltown,Kingston-Mornington-Vogeltown,2910,2920,3030,3020,3260,600,1300,1060,290,35.3,2520,260,150,590,90,18.4,40,33,9,100,77.3,8,4.7,18,2.6,6521.157268
252900,0.000450976,Newtown North,Newtown North,1890,1860,2010,2070,2210,210,1240,470,280,30.6,1540,220,200,440,80,9.6,56.4,21,12.6,84,69.7,10,8.9,19.9,3.7,4086.492595
253200,0.000236712,Evans Bay,Evans Bay,700,690,960,1080,1160,150,520,390,100,34.4,950,130,40,130,50,13.1,44.9,33,8.9,101,82.2,10.8,3.8,11,4.1,7399.419193
253300,0.000818287,Berhampore,Berhampore,3420,3530,3760,3690,4010,630,1740,1100,540,34.8,2740,440,340,650,300,15.7,43.5,27,13.4,89,68.5,10.9,8.6,16.1,7.4,6170.667369
253400,0.000308133,Hataitai South,Hataitai South,1490,1420,1410,1430,1510,210,680,480,130,34.4,1310,140,70,130,30,14.1,45,32,8.9,97,86.6,9.2,4.6,8.4,2.2,3373.676223
253500,0.000334661,Maupuia,Maupuia,1670,1530,1610,1650,1640,280,620,540,210,36.6,940,160,170,430,130,16.8,37.8,33,12.6,101,57.2,9.8,10.4,26.2,7.7,11555.65747
253700,0.000567291,Kilbirnie Central,Kilbirnie Central,2130,2160,2750,2690,2780,340,1190,780,470,36.7,1910,340,210,510,140,12.1,42.7,28,17.1,98,68.8,12.3,7.7,18.4,4.9,7090.387481
253800,0.000708094,Island Bay West,Island Bay West,3070,3050,3290,3270,3470,720,1210,1210,330,36.7,2940,330,200,380,70,20.7,35,35,9.5,91,84.9,9.5,5.8,10.9,2,7995.687029
302700,0.000193859,Hope,Hope,790,810,910,920,950,150,270,390,140,43.9,900,100,30,10,0,15.6,28.4,41,15,107,94.9,10.2,3.5,1.5,0.4,17293.52693
254000,0.000740744,Island Bay East,Island Bay East,3270,3310,3410,3550,3630,700,1180,1330,430,38.8,3120,330,210,320,70,19.2,32.5,36,11.7,97,86,9.2,5.7,8.8,1.9,7322.629039
254200,0.000459139,Kilbirnie East,Kilbirnie East,2370,2340,2370,2260,2250,410,900,700,240,34.9,1160,300,330,630,200,18.2,40,31,10.6,93,51.3,13.3,14.8,27.8,8.8,3929.380554
254300,0.00056321,Lyall Bay,Lyall Bay,2540,2600,2710,2680,2760,480,1060,940,270,36.5,1990,360,240,480,80,17.6,38.4,34,9.9,92,72.1,13.1,8.5,17.2,2.8,4108.069981
302900,0.00049791,Ben Cooper Park,Ben Cooper Park,1670,1880,2310,2380,2440,450,740,750,510,41.1,2310,210,20,60,20,18.5,30.2,31,20.7,93,94.6,8.6,1,2.4,1,3798.479899
254400,0.000416286,Miramar Central,Miramar Central,1640,1760,1860,1900,2040,320,710,650,360,39.7,1250,200,210,500,110,15.9,34.6,32,17.5,99,61.3,10.1,10.3,24.5,5.6,4049.278434
254500,0.000244874,Southgate,Southgate,1170,1190,1210,1220,1200,210,380,470,140,40.6,970,120,90,150,30,17.3,31.8,39,12,90,80.9,10.1,7.4,12.3,2.8,5115.591403
255100,0.000804003,Strathmore (Wellington City),Strathmore (Wellington City),3650,3810,3960,3830,3940,830,1340,1380,390,36.3,2420,650,680,460,320,21,34.1,35,9.9,98,61.4,16.5,17.3,11.6,8,6556.078079
303000,0.000128559,Richmond South (Tasman District),Richmond South (Tasman District),380,450,550,600,630,120,170,240,110,44.7,620,30,0,0,0,19.4,26.4,37,16.8,102,98.5,4.4,0.7,0.2,0,7596.61874
254600,0.000314255,Karaka Bay-Worser Bay,Karaka Bay-Worser Bay,1460,1370,1480,1480,1540,270,390,620,250,44.6,1420,100,30,110,20,17.8,25.6,40,16.4,99,92.3,6.3,2.1,7.4,1,7220.702753
255700,0.000493829,Solway North,Solway North,2050,2000,2030,2210,2420,480,730,680,530,39.9,2050,540,100,100,0,19.9,30.2,28,21.7,94,84.7,22.3,4.1,4.3,0.2,6903.67651
303100,0.000481585,Wilkes Park,Wilkes Park,1760,1970,2000,2240,2360,370,550,890,550,47.7,2230,150,40,80,10,15.7,23.3,38,23.3,92,94.4,6.5,1.7,3.3,0.5,3907.16324
254700,0.000350986,Houghton Bay,Houghton Bay,1390,1410,1550,1600,1720,340,620,610,160,36.4,1530,150,70,120,40,19.5,36.1,35,9.1,94,88.7,8.7,4.3,6.8,2.4,7991.624893
303200,0.000416286,Templemore,Templemore,200,850,1550,1830,2040,350,410,730,540,49.6,1960,90,20,60,10,17.3,20.3,36,26.6,92,96,4.3,1,3,0.5,5463.222917
255000,1.02E-05,Rongotai,Rongotai,60,70,60,60,50,0,20,20,10,45.1,40,0,0,10,0,6.1,36.9,42,14.8,114,83.3,6.5,0,14.6,2.2,12926.84773
303800,0.000224468,Marybank,Marybank,960,970,930,1060,1100,170,220,430,280,50.9,1050,60,10,40,10,15.5,20,39,25.2,90,95.6,5.8,0.8,3.6,0.6,5069.946293
255200,0.000491789,Seatoun,Seatoun,2050,2070,2230,2300,2410,490,570,1030,320,44.2,2110,150,30,270,30,20.4,23.5,43,13.1,100,87.6,6.3,1.3,11.3,1.2,9498.146576
255800,0.000338742,Lansdowne West,Lansdowne West,1440,1470,1450,1430,1660,300,470,530,370,44.2,1420,320,60,100,10,18,28.2,32,22.1,88,85.6,19,3.4,6,0.6,8051.215882
305400,0.000457098,Maitlands,Maitlands,1790,2040,2000,2120,2240,400,670,790,380,41.5,2050,240,40,130,20,17.8,30.1,35,16.9,91,91.8,10.5,1.6,5.7,0.8,4694.732436
255500,0.000240793,Opaki,Opaki,680,790,870,1050,1180,200,240,500,250,49.6,1150,100,10,10,0,16.7,20.3,42,21.1,96,97.3,8.2,1,1.2,0.3,34618.00592
255600,0.000312214,Ngaumutawa,Ngaumutawa,1370,1320,1420,1420,1530,270,390,450,420,46.4,1350,310,50,50,10,17.7,25.6,29,27.3,85,87.9,20.4,3.2,3,0.4,4092.911606
255900,0.000151006,Masterton Central,Masterton Central,790,780,700,630,740,130,240,230,140,40.4,580,210,20,60,10,17.3,32.2,32,18.7,95,78.5,28.6,2.6,8.1,1.1,12621.54283
256000,0.000346905,Kuripuni,Kuripuni,1610,1640,1620,1680,1700,310,440,550,410,45.4,1510,320,50,60,10,18.1,25.7,32,23.8,92,88.5,18.7,3.2,3.7,0.5,5949.786668
256100,0.000422408,Douglas Park,Douglas Park,2150,2010,1920,1960,2070,410,550,640,480,44.4,1820,360,100,60,10,19.9,26.4,31,23,85,87.9,17.4,4.9,3.1,0.6,5592.404509
256700,0.000348945,McJorrow Park,McJorrow Park,1680,1610,1660,1650,1710,440,630,460,190,29.9,1050,880,210,40,10,25.8,36.6,27,10.8,101,61.5,51.6,12.2,2.2,0.5,4917.64767
256900,0.00052852,Carterton North,Carterton North,2080,1990,2000,2290,2590,420,540,820,810,50.8,2380,340,50,80,10,16.2,21,32,31.4,93,91.9,13,1.9,3,0.2,6889.517369
256200,0.000734622,Solway South,Solway South,3000,2930,3010,3100,3600,720,1190,1120,580,37.4,3010,830,170,230,10,20,33,31,16,98,83.5,22.9,4.6,6.4,0.2,12457.16323
256300,0.000569332,Lansdowne East,Lansdowne East,2520,2560,2510,2600,2790,470,760,780,780,46.4,2340,590,120,140,10,16.9,27.1,28,28,95,83.8,21,4.5,5.1,0.3,10620.21228
256400,0.000455057,Cameron and Soldiers Park,Cameron and Soldiers Park,1940,1990,1840,2030,2230,390,670,690,480,42.8,1800,580,100,140,10,17.3,30.2,31,21.8,91,80.9,25.9,4.4,6.2,0.2,6448.97373
300500,0.000281605,Takaka,Takaka,1250,1220,1170,1280,1380,220,340,500,310,46.9,1320,150,20,30,10,16.2,24.5,37,22.7,97,95.6,10.6,1.2,2,1.1,21226.86974
301100,0.000524438,Motueka North,Motueka North,1860,1950,2010,2240,2570,420,700,780,670,45.8,2200,380,60,180,10,16.4,27,30,26.2,93,85.6,14.9,2.3,7.2,0.4,8876.676643
301200,0.000534642,Motueka West,Motueka West,2120,2180,2160,2220,2620,520,820,800,470,39.1,2180,490,90,190,20,19.8,31.4,31,18.1,101,83.5,18.9,3.3,7.2,0.8,13049.63473
363800,0,Oceanic Canterbury Region,Oceanic Canterbury Region,,,,,,,,,,,,,,,,,,,,,,,,,,733.7724118
301300,0.00062851,Motueka East,Motueka East,2270,2410,2650,2850,3080,420,720,900,1040,52.2,2750,370,70,140,20,13.6,23.3,29,33.8,91,89.2,12,2.3,4.7,0.8,13315.89966
301500,0.000385677,Golden Downs,Golden Downs,1600,1740,1790,1770,1890,340,500,750,290,44.4,1790,210,10,30,0,18.2,26.6,40,15.3,110,94.9,11,0.8,1.6,0.1,258561.4626
301600,0.000673403,Moutere Hills,Moutere Hills,2160,2050,2260,2720,3300,570,630,1480,630,49.3,3220,180,20,60,10,17.3,18.9,45,19.1,101,97.4,5.5,0.6,1.8,0.2,75474.68713
301700,0.000540763,Ruby Bay-Māpua,Ruby Bay-Mapua,1350,1720,2010,2200,2650,470,450,1070,660,50.4,2560,160,30,40,10,17.7,16.8,40,25,97,96.6,5.9,1.1,1.4,0.4,19472.1151
301800,0.000271402,Murchison-Nelson Lakes,Murchison-Nelson Lakes,1210,1250,1210,1230,1330,220,320,520,270,47.6,1270,110,10,30,0,16.3,24.2,39,20.2,100,95.9,8.6,1,2.5,0.2,345691.1146
302000,2.04E-05,Islands Tasman District,Islands Tasman District,130,100,90,100,100,20,20,50,10,44.3,100,0,0,0,0,22.8,20.6,45,11.8,112,94.4,1,2.2,3.3,0.1,45566.54321
305500,0.000289768,Maitai,Maitai,1480,1410,1370,1390,1420,240,360,570,250,46.1,1270,100,20,110,10,17.1,25.4,40,17.6,87,89.6,7.4,1.4,7.7,1.1,5144.143377
302200,0.00016529,Appleby,Appleby,720,760,760,810,810,150,230,310,120,43.8,730,100,40,20,0,18.6,28.6,38,14.6,111,90,11.9,5,2.5,0,28081.75728
304300,0.000585657,Atawhai,Atawhai,2000,2220,2270,2680,2870,490,600,1170,610,48.7,2680,220,40,110,20,16.9,20.9,41,21.3,92,93.5,7.8,1.5,3.7,0.8,13637.92499
302300,0.000512195,Wakefield,Wakefield,1470,1620,2050,2390,2510,560,650,900,390,41.6,2450,190,20,30,10,22.3,26,36,15.7,101,97.7,7.6,1,1.1,0.3,18051.35062
302400,0.000189777,Richmond West (Tasman District),Richmond West (Tasman District),590,740,770,760,930,110,200,290,330,55.4,870,60,10,30,0,11.9,21,32,35.5,94,93.7,6.1,1.4,3.7,0,12617.05781
302600,0.000446895,Brightwater,Brightwater,1310,1510,1880,1860,2190,530,600,760,310,38.8,2110,200,40,30,0,24,27.4,34,14.1,103,96.4,9.1,1.8,1.2,0.2,12007.92554
303900,1.02E-05,Port Nelson,Port Nelson,40,90,100,80,50,0,20,20,10,45.4,40,10,0,10,0,0.1,46.3,42,12,336,79.9,15.1,0.8,10.3,0.2,13345.62318
304500,0.000610144,Washington,Washington,2510,2450,2610,2590,2990,590,1180,910,310,33.3,2250,430,120,470,50,19.6,39.6,30,10.4,103,75.3,14.2,3.9,15.6,1.7,4905.998357
305600,0.000514235,Grampians,Grampians,1910,2000,2010,2350,2520,490,850,870,320,38,1970,400,100,310,30,19.3,33.7,34,12.5,103,78.3,16.1,3.8,12.5,1.1,8947.476724
304000,2.04E-05,Nelson Airport,Nelson Airport,80,90,100,110,100,20,40,40,10,36.2,80,10,10,10,0,15.5,40,37,7.2,156,77.9,9,14.5,7.8,1.2,11703.44954
304100,0.000579535,Tāhunanui,Tahunanui,2570,2580,2570,2720,2840,460,910,930,530,41.4,2480,460,70,150,20,16.4,32.2,33,18.6,100,87.1,16,2.3,5.2,0.7,6470.34694
304900,0.000355067,Toi Toi,Toi Toi,1630,1690,1600,1620,1740,410,650,540,140,33.7,1280,260,80,320,20,23.3,37.5,31,8.1,110,73.2,14.6,4.6,18.2,0.9,4784.494736
304400,0.00049791,Broadgreen-Monaco,Broadgreen-Monaco,2160,2190,2370,2410,2440,440,690,830,490,43.7,2200,270,70,90,20,17.9,28.1,34,20.1,90,90.2,10.9,2.7,3.8,0.9,13130.78554
306600,0.000404042,Upper Wairau,Upper Wairau,1280,1450,1740,1800,1980,390,440,840,310,46.3,1920,130,20,20,10,19.5,22.3,43,15.7,108,96.7,6.7,1.1,1.1,0.4,418968.2083
304600,0.000601982,Tahuna Hills,Tahuna Hills,2350,2410,2510,2790,2950,440,780,1140,580,46.9,2690,280,60,130,20,15,26.5,39,19.8,108,91.3,9.7,1.9,4.3,0.7,9181.006046
304700,0.000148965,Nelson Central-Trafalgar,Nelson Central-Trafalgar,630,580,500,610,730,70,330,240,90,35.4,500,90,10,170,10,10.2,45.6,32,12,124,68.9,12.3,1.8,22.9,1.8,7350.888733
304800,0.000614226,The Wood,The Wood,2670,2750,2860,2940,3010,370,830,970,840,49.3,2580,280,50,280,50,12.3,27.6,32,28,89,85.7,9.2,1.8,9.3,1.8,5268.23125
305000,0.000399961,Nayland,Nayland,1600,1630,1690,1810,1960,400,620,640,300,38.2,1770,250,80,90,20,20.4,31.7,32,15.5,90,90.1,12.8,3.9,4.7,0.9,4739.045415
305100,0.0006632,Aldinga,Aldinga,1880,2250,2490,2690,3250,510,750,970,1030,50.5,2940,280,70,160,10,15.6,22.9,30,31.7,89,90.5,8.5,2.2,5,0.3,5196.576276
305200,0.000342824,Victory,Victory,1550,1600,1620,1600,1680,390,600,520,170,33.6,1220,250,60,340,30,23,35.9,31,10.2,100,72.5,14.8,3.8,20.1,2,4101.680249
305300,0.000544845,Rutherford,Rutherford,2730,2630,2560,2630,2670,480,790,970,430,42,2290,230,60,290,20,18,29.4,36,16.1,92,85.8,8.7,2.4,10.8,0.7,6122.479512
305700,1.22E-05,Saxton,Saxton,10,20,40,60,60,10,30,30,10,39.6,50,10,10,0,0,9.4,41.8,40,8.7,143,81.6,14.3,11.6,0,0.1,14106.40721
305800,0.00056321,Suffolk,Suffolk,1160,1490,1900,2700,2760,370,610,840,940,52.4,2580,250,40,100,10,13.3,22.2,30,34.1,85,93.5,9.1,1.6,3.5,0.4,7067.205154
305900,0.000712175,Omaio,Omaio,2310,2250,2390,2840,3490,630,980,1070,800,43.5,3010,440,100,180,50,18.2,28.2,31,22.9,95,86.3,12.6,2.9,5.3,1.4,11423.22871
306000,0.000614226,Enner Glynn,Enner Glynn,2360,2430,2790,2910,3010,540,900,1150,420,41.7,2770,310,50,130,20,17.9,29.9,38,14.1,101,92.3,10.4,1.8,4.2,0.6,14104.73988
306700,0.000314255,Waikawa (Marlborough District),Waikawa (Marlborough District),860,1010,1150,1310,1540,180,230,610,510,57.3,1360,240,30,50,10,11.9,15.1,40,33.2,96,88.3,15.7,1.7,3.1,0.6,15852.99053
307100,0.000506073,Renwick,Renwick,1800,1890,2020,2320,2480,560,700,830,400,39.4,2340,280,40,50,20,22.5,28.2,33,16,104,94.1,11.4,1.5,2.1,0.8,7457.493774
307200,0.000253036,Lower Wairau,Lower Wairau,1110,1150,1170,1200,1240,220,260,510,240,48.2,1140,130,30,30,10,17.6,21.1,42,19.7,112,92,10.5,2.1,2.8,0.9,118807.3719
307300,0.000446895,Woodbourne,Woodbourne,1960,1820,1970,1710,2190,430,670,700,390,39.6,2060,270,40,60,0,19.7,30.6,32,17.6,107,93.7,12.5,2,2.6,0.2,74103.80426
307400,0.000222427,Spring Creek-Grovetown,Spring Creek-Grovetown,930,990,1020,1000,1090,200,280,430,180,44.2,1000,180,10,30,10,18.4,25.6,39,16.8,119,91.4,16.4,0.7,3.1,0.5,17535.30829
307500,0.00069381,Springlands,Springlands,2460,2600,2840,3140,3400,550,810,1090,950,48.1,3030,370,100,210,30,16.2,23.8,32,28.1,89,89.1,10.8,2.9,6.2,0.9,5621.19303
308400,0.000573413,Redwoodtown East,Redwoodtown East,2300,2340,2530,2680,2810,500,840,800,670,42.1,2500,400,120,110,10,17.6,30,28,23.8,101,89,14.3,4.4,3.8,0.4,5421.764381
307600,0.000544845,Yelverton,Yelverton,1920,2070,2280,2360,2670,400,730,840,700,46.4,2240,300,170,170,30,15.1,27.3,31,26.2,90,83.8,11.3,6.5,6.2,1.2,9578.115183
307700,0.000355067,Mayfield,Mayfield,1400,1480,1490,1580,1740,340,580,530,290,38.5,1350,370,70,180,20,19.4,33.3,31,16.6,105,77.7,21,4,10.4,1.1,5718.018028
307800,0.000559129,Whitney West,Whitney West,2450,2500,2600,2570,2740,500,840,860,540,41.2,2290,400,100,200,50,18.1,30.6,32,19.7,100,83.8,14.5,3.6,7.3,1.7,6644.101076
307900,0.000242833,Blenheim Central,Blenheim Central,1100,1100,1140,1100,1190,170,470,350,190,37.1,970,210,60,80,30,14.7,39.3,30,16.1,113,81.8,17.6,4.9,6.5,2.2,7950.672003
310800,0.000144884,Greymouth Rural,Greymouth Rural,500,520,580,680,710,120,160,320,110,47.2,680,70,0,10,0,16.2,22.5,46,15.5,108,95.7,10.2,0.4,0.9,0.3,98426.72067
311000,0.000140803,Nelson Creek,Nelson Creek,720,720,730,730,690,130,180,270,120,45.1,660,80,10,10,10,18.2,26.5,39,16.6,128,95.3,11.4,1.6,1.1,0.9,173086.2951
311100,0.000222427,Lake Brunner,Lake Brunner,760,700,780,970,1090,450,330,230,80,21,1060,50,10,20,10,40.9,30.4,21,7.7,99,97,4.3,1,1.5,0.5,242635.0083
308000,0.000491789,Riversdale-Islington,Riversdale-Islington,2080,2160,2220,2140,2410,420,840,730,410,37.9,1950,510,140,160,40,17.5,35,30,17.2,106,81,21.1,5.8,6.6,1.5,4712.80881
308100,0.000504032,Whitney East,Whitney East,1760,1840,2000,2230,2470,410,720,830,510,43.8,2030,390,160,160,30,16.6,29.1,34,20.6,96,82.1,15.7,6.6,6.6,1.2,6153.282376
308200,0.000546885,Redwoodtown West,Redwoodtown West,2290,2500,2480,2520,2680,470,790,730,690,43.2,2320,360,120,150,30,17.7,29.6,27,25.6,86,86.7,13.4,4.4,5.7,1.3,4261.88126
308300,0.000542804,Witherlea West,Witherlea West,1050,1420,1930,2250,2660,480,640,910,630,46.3,2460,250,30,100,20,17.9,24,34,23.8,96,92.7,9.3,1.3,3.9,0.9,9313.926055
308500,1.00E-04,Riverlands,Riverlands,250,260,400,420,490,90,130,180,80,41.8,420,50,50,0,10,19.1,27.4,38,15.5,135,85.8,10.5,11.2,0.6,1.3,19638.10361
308600,0.000585657,Witherlea East,Witherlea East,2720,2710,2740,2730,2870,520,770,930,660,44,2600,320,90,130,40,18.1,26.6,32,22.8,96,90.3,11.2,3.1,4.5,1.2,5523.953636
308800,0.000357108,Kaikōura Ranges,Kaikoura Ranges,1300,1380,1460,1580,1750,320,450,710,260,44.6,1600,300,10,50,10,18.5,25.7,41,15.1,112,90.9,17.3,0.8,3.1,0.3,307265.6027
308900,0.000469342,Kaikōura,Kaikoura,2290,2190,2270,2050,2300,320,650,740,590,46.9,1940,450,20,120,30,14,28.3,32,25.6,102,84.1,19.4,1,5.3,1.5,32169.154
309000,0.000151006,Karamea,Karamea,940,830,820,780,740,100,130,320,180,53.1,700,80,20,10,0,13.3,17.7,44,25.1,121,94.8,11.2,2.9,1,0,373488.5507
309200,0.00039792,Westport North,Westport North,2150,2010,2050,2080,1950,330,480,620,510,47.7,1810,240,40,50,10,17.2,24.9,32,26.1,99,93,12.6,1.8,2.7,0.6,25261.92682
309300,0.00026324,Westport Rural,Westport Rural,880,860,980,1250,1290,260,220,510,300,49.6,1230,120,10,20,10,19.9,17.1,40,23.4,100,95.2,9.2,0.8,1.7,0.4,66620.25186
309400,0.000524438,Westport South,Westport South,2830,2520,2570,2780,2570,410,670,900,600,47,2370,320,40,80,10,16,25.9,35,23.3,107,92.2,12.5,1.6,3.3,0.2,8206.359789
311200,5.51E-05,Haast,Haast,300,320,310,250,270,20,70,120,60,51.7,230,30,10,10,0,8.8,24.5,45,22,105,87.9,12.3,4.3,4.7,0.8,425697.8914
311300,0.000228549,Westland Glaciers-Bruce Bay,Westland Glaciers-Bruce Bay,680,780,980,920,1120,110,670,280,60,31.5,780,80,50,200,50,10.3,59.7,25,5.2,106,69.8,7.6,4.9,18,4.9,312865.5493
311400,0.000257118,Arahura-Kumara,Arahura-Kumara,910,900,980,1200,1260,180,270,590,220,49.9,1150,170,10,40,10,14.2,21.5,47,17.5,110,91.5,13.8,1,3.2,0.4,89316.53961
310000,0.000248955,Runanga,Runanga,1430,1340,1260,1270,1220,200,340,460,220,45.1,1140,150,10,20,0,16.7,27.6,37,18.2,110,93.5,12.3,1.1,1.9,0,17127.64446
310100,0.000326499,Cobden,Cobden,1880,1730,1760,1690,1600,300,500,560,250,40.2,1460,250,30,30,0,18.8,30.9,35,15.7,100,91,15.7,2,1.9,0.3,9290.845315
310200,0.000171412,Blaketown,Blaketown,940,860,890,850,840,140,270,290,140,42,790,90,10,20,10,16.2,31.6,35,17.1,105,93.9,11.2,1.6,2.7,0.6,4704.083721
310300,0.000204062,Greymouth Central,Greymouth Central,1400,1270,1240,1070,1000,120,260,280,340,52,890,90,20,70,10,11.9,26.3,28,34.1,84,89.2,9.3,1.7,6.7,1.4,10150.46946
310400,0.000224468,King Park,King Park,1200,1140,1190,1110,1100,160,330,350,250,44.7,970,110,20,90,10,14.9,30.1,32,23,95,88.2,9.7,1.7,7.8,0.5,6725.548507
310500,0.000259158,Marsden,Marsden,1220,1140,1220,1270,1270,270,390,400,210,38.2,1170,150,20,60,10,21.1,30.6,32,16.6,96,92.1,11.9,1.4,4.5,0.6,8513.916165
310700,0.000277524,Rutherglen-Camerons,Rutherglen-Camerons,1020,980,1100,1250,1360,250,320,560,230,46.4,1310,120,10,30,0,18.7,23.2,41,17.2,105,95.9,8.5,1.1,2.2,0.3,24909.8454
311500,0.000604022,Hokitika,Hokitika,3420,3170,3150,3060,2960,470,800,990,700,47.1,2560,610,50,150,10,15.9,27.1,34,23.6,91,86.6,20.5,1.6,5.2,0.2,8387.324159
311700,0.00029793,Hokitika Rural,Hokitika Rural,1200,1070,1320,1400,1460,270,330,600,250,46.2,1390,170,10,20,0,18.5,23,41,17.5,106,95.3,11.4,0.4,1.5,0.1,65924.45919
311800,9.39E-05,Waitaha,Waitaha,550,450,450,480,460,70,80,210,100,51.9,430,70,0,10,0,15.6,17.3,44,22.6,121,93.8,15.1,0.9,2.3,0,208659.3702
311900,0.000134681,Whataroa-Harihari,Whataroa-Harihari,760,690,770,630,660,150,180,220,110,40.2,590,90,40,20,0,22.3,27.4,34,16.1,119,89,13.4,5.8,2.7,0.3,286838.5918
312000,0.00013264,Hokitika Valley-Otira,Hokitika Valley-Otira,620,600,660,630,650,180,180,220,80,36.9,610,80,10,20,0,27.2,26.9,33,12.5,106,93.6,12.2,0.8,3.8,0.5,313239.4397
312100,5.71E-05,Hanmer Range,Hanmer Range,190,200,220,260,280,50,70,100,50,45.7,260,20,0,10,0,18.5,26.3,36,18.6,113,94.9,6.4,0.4,3,0,431881.986
312200,0.000471382,Amuri,Amuri,1870,1880,2070,2190,2310,520,830,700,250,34.3,1920,250,20,280,60,22.6,35.9,30,11,112,82.9,10.9,1,11.9,2.4,349227.3202
312300,0.000210183,Hanmer Springs,Hanmer Springs,600,700,750,890,1030,160,330,390,160,41.9,900,60,10,100,30,15.4,31.7,38,15.2,97,86.9,5.7,0.6,9.4,2.8,10978.83912
312400,0.000308133,Upper Hurunui,Upper Hurunui,1280,1380,1400,1480,1510,290,370,550,300,44.9,1430,110,30,40,10,19.2,24.3,37,19.9,102,94.5,7.1,1.7,2.4,0.4,205700.3672
312500,0.000273443,Parnassus,Parnassus,1440,1330,1300,1360,1340,270,290,490,290,46.5,1270,160,20,20,10,20.4,21.8,36,21.5,101,94.8,12.1,1.8,1.3,0.4,197785.1621
312600,0.000140803,Ashley Forest,Ashley Forest,380,450,540,670,690,140,170,270,110,44.7,670,60,0,10,0,19.8,25.2,40,15.4,109,97.6,8.1,0.6,1.1,0,120924.5619
312700,0.000261199,Omihi,Omihi,1260,1210,1220,1240,1280,230,330,510,210,45.4,1240,120,10,10,0,18.2,25.4,40,16.7,116,96.4,9.3,0.7,1.1,0.2,149889.2438
314400,8.16E-06,Rangiora Central,Rangiora Central,40,30,40,40,40,0,20,10,0,37.1,40,0,0,0,0,2.5,54.8,33,10,235,92.8,8.1,0,5.2,0,4406.693089
312900,0.00043057,Amberley,Amberley,1050,1160,1340,1620,2110,370,460,610,670,49.1,2020,160,20,60,0,17.7,21.6,29,31.7,95,95.6,7.4,1.2,2.9,0.2,11350.19914
313800,0.000277524,Fernside,Fernside,700,750,950,1280,1360,260,330,570,200,44.9,1310,130,10,20,0,19.2,24,42,14.9,98,96.5,9.2,0.6,1.3,0.2,39239.51894
313300,0.000467301,Starvation Hill-Cust,Starvation Hill-Cust,1040,1120,1420,2040,2290,460,490,930,410,46.2,2210,110,10,40,10,20.1,21.3,41,18,97,96.9,4.6,0.4,1.6,0.4,69339.44756
313900,0.000444854,Rangiora North West,Rangiora North West,90,110,300,1410,2180,350,410,610,820,54,2070,110,20,70,10,15.9,18.7,28,37.5,88,94.8,4.8,0.7,3.3,0.6,7507.37152
313600,0.000306092,West Eyreton,West Eyreton,590,800,1130,1450,1500,300,360,640,210,45,1440,80,10,60,0,19.7,23.9,43,13.7,107,95.9,5.6,0.8,3.7,0.2,65064.53994
314500,0.000491789,Rangiora South West,Rangiora South West,1660,1960,2370,2470,2410,470,750,730,450,39.4,2250,150,40,80,20,19.5,31.2,30,18.8,93,93.5,6.2,1.6,3.2,0.9,4842.067134
313700,0.000448936,Ashley-Sefton,Ashley-Sefton,1410,1520,1760,2060,2200,450,510,890,350,45.1,2120,150,20,40,10,20.3,23.2,41,15.9,100,96.4,6.7,0.9,1.8,0.3,45214.31719
314000,0.000581576,Kingsbury,Kingsbury,1140,1610,1880,2200,2850,460,600,900,890,50.3,2760,170,20,40,10,16.3,21,32,31.2,83,96.9,5.9,0.6,1.4,0.4,8263.285328
314100,0.000324458,Ashgrove,Ashgrove,1450,1440,1480,1540,1590,330,540,450,260,36,1470,130,20,80,10,21,33.9,28,16.6,98,92.6,8.5,1.2,4.9,0.8,3748.510202
314300,0.000277524,Oxford Estate,Oxford Estate,170,240,270,920,1360,300,390,420,250,39.6,1310,80,10,30,0,22.2,28.3,31,18.7,97,96.3,5.7,0.6,2.5,0.3,2918.924774
314700,0.000342824,Waikuku,Waikuku,1170,1300,1450,1520,1680,320,450,680,240,42.8,1600,200,20,40,0,18.9,26.8,40,14.2,104,95.3,11.6,1.4,2.3,0,29055.97207
314800,0.000679525,Mandeville-Ohoka,Mandeville-Ohoka,980,1380,1880,2570,3330,750,760,1360,450,43.6,3210,230,20,90,10,22.6,23,41,13.5,105,96.4,6.9,0.6,2.7,0.3,28460.80752
314900,0.000455057,Rangiora South East,Rangiora South East,540,590,580,1380,2230,420,640,680,500,41.9,2120,190,40,70,10,18.6,28.7,30,22.2,90,94.9,8.3,1.9,3.3,0.4,7265.332486
315000,0.000163249,Southbrook,Southbrook,450,660,760,840,800,160,270,220,150,36.9,750,70,20,30,0,19.8,33.9,28,18.6,99,94.4,8.4,2.3,3.8,0.6,9378.45932
315100,0.000202021,Swannanoa-Eyreton,Swannanoa-Eyreton,360,560,730,950,990,180,290,410,110,42.8,950,60,10,30,0,17.9,29.3,41,11.4,99,96.3,6,0.8,2.5,0.1,38637.90074
315200,0.00019998,Tuahiwi,Tuahiwi,640,750,900,1010,980,160,290,390,140,44,840,230,20,20,10,16.6,29.3,40,13.9,106,86,23.5,1.9,2,0.8,22223.76611
315300,0.000583616,Woodend,Woodend,1640,2360,2740,2850,2860,530,830,1050,460,42.3,2710,290,50,50,10,18.4,28.9,37,16,103,94.8,10,1.6,1.7,0.5,9105.210452
318200,0.000206102,Islington,Islington,870,860,850,940,1010,170,380,340,130,37.7,740,170,70,150,10,16.4,37,33,13.2,106,73,17,7,15.2,0.9,6309.017597
315500,0.000293849,Clarkville,Clarkville,900,980,1160,1380,1440,270,360,580,240,46.1,1360,120,20,50,0,18.5,25.1,40,16.6,106,93.9,8.2,1.3,3.2,0.3,29337.43829
315700,0.000436692,Kaiapoi North West,Kaiapoi North West,2500,2490,2550,2270,2140,430,620,670,420,40.7,1890,310,90,70,10,19.9,29.1,31,19.7,92,88.2,14.3,4.1,3.3,0.5,12503.54967
315600,0.000220387,Pegasus Bay,Pegasus Bay,1090,1110,1200,1110,1080,180,280,440,180,46.5,980,150,20,20,0,17,25.7,41,16.7,118,91.1,13.6,1.5,1.5,0.4,25578.97246
315800,0.000175493,Silverstream (Waimakariri District),Silverstream (Waimakariri District),30,40,50,40,860,90,300,260,200,45.9,780,50,10,70,10,10.6,34.8,31,23.8,92,90.2,5.8,1,8,0.6,4378.744031
315900,0.000720338,Sovereign Palms,Sovereign Palms,170,170,740,1470,3530,650,1050,1280,550,41.4,3230,370,70,120,10,18.5,29.9,36,15.5,100,91.5,10.5,1.9,3.4,0.3,8391.785843
316200,0.000383636,Kaiapoi South,Kaiapoi South,1640,2020,2040,1930,1880,270,500,670,440,47.1,1770,170,40,60,10,14.4,26.8,36,23.2,96,94.2,8.9,2.2,3.2,0.5,4666.059975
316300,5.71E-05,Kaiapoi East,Kaiapoi East,1160,1410,1650,510,280,30,40,90,120,62.2,250,20,20,0,0,9.5,13.9,33,43.5,126,88.1,5.8,8.4,0.7,0,13391.12317
319800,0.000255077,Riccarton Racecourse,Riccarton Racecourse,1160,1260,1220,1260,1250,180,470,380,210,38.1,880,110,70,270,20,14.6,37.8,31,16.8,106,70.7,8.8,5.8,21.7,1.7,5538.648666
316500,0.000208143,Paparua,Paparua,1350,1070,940,830,1020,60,530,370,60,35.7,770,280,60,40,10,6.1,51.5,36,6.1,335,74.9,27.9,5.6,4.3,0.5,21771.7575
316600,0.000338742,Yaldhurst,Yaldhurst,670,630,710,1490,1660,260,580,590,230,39.5,1280,100,30,320,30,15.7,35.2,35,13.8,101,76.9,5.7,1.9,19.1,1.8,24118.44322
317400,0.000755028,Northwood,Northwood,180,200,2560,3700,3700,590,860,1400,850,48.3,3020,170,30,600,60,16,23.2,38,22.9,95,81.8,4.7,0.9,16.3,1.5,5715.756609
316700,3.67E-05,Christchurch Airport,Christchurch Airport,210,200,180,170,180,20,60,80,30,53.1,150,30,0,10,0,10.7,30.8,41,17.6,148,83.4,17.1,0.7,7.9,1.3,20915.81372
317500,0.000206102,Russley,Russley,840,820,900,950,1010,140,280,290,300,49.5,780,50,30,210,10,14.2,27.4,28,29.9,88,77.6,5.4,3.1,20.4,0.5,6862.361534
317600,0.000244874,Regents Park,Regents Park,210,440,1020,1050,1200,180,350,490,170,45.4,1100,70,20,70,10,15.2,29.4,41,14.1,100,92.2,6,1.6,6.1,0.5,6470.538299
317700,0.00053056,Hawthornden,Hawthornden,2340,2430,2540,2620,2600,470,920,760,440,37.3,1960,220,90,530,40,18.2,35.4,29,17,96,75.4,8.3,3.5,20.4,1.6,7465.107531
317900,0.0008591,Casebrook,Casebrook,3730,3940,4060,4150,4210,750,1410,1330,710,38.7,3580,380,120,510,40,17.9,33.5,32,16.9,93,85.1,9.1,2.9,12.1,0.9,6927.103846
316800,0.000148965,Clearwater,Clearwater,290,380,510,650,730,100,150,330,150,51.1,680,30,0,40,0,14,20.1,45,20.6,113,93.3,4.5,0.6,5.4,0.3,16125.30446
316900,0.000402001,Belfast West,Belfast West,1490,1580,1810,1940,1970,360,600,670,340,41.1,1760,190,30,120,40,18.1,30.5,34,17.5,102,89.2,9.7,1.4,6.3,2,9097.85365
318300,0.000689728,Burnside Park,Burnside Park,2820,2890,3100,3220,3380,640,1180,1110,450,36.9,2380,220,70,890,50,19,34.9,33,13.3,97,70.6,6.4,2.2,26.4,1.5,6455.094926
318400,0.000167331,Marshland,Marshland,730,770,820,790,820,140,260,300,110,40.6,710,110,10,70,10,17.4,32.1,37,13.6,107,87,12.9,1.8,8.1,0.8,18323.21996
319900,0.000722378,Bryndwr North,Bryndwr North,3210,3220,3320,3570,3540,730,1430,1070,310,32.6,2450,410,180,810,70,20.6,40.4,30,8.8,107,69.3,11.7,5.2,22.9,2,4514.99946
318600,0.000583616,Redwood North,Redwood North,2250,2200,2940,2930,2860,550,890,1000,420,39.8,2550,260,40,210,30,19.2,31,35,14.8,93,89.3,9.2,1.3,7.3,0.9,4916.455487
318900,0.000387717,Avonhead West,Avonhead West,1990,1970,1930,1870,1900,280,540,660,420,46.3,1240,70,40,600,30,14.9,28.2,35,22.1,93,65.4,3.7,2.1,31.4,1.8,3555.245878
319000,0.000475464,Bishopdale South,Bishopdale South,2250,2150,2200,2180,2330,410,890,600,430,36.1,1850,170,90,380,30,17.4,38.3,26,18.3,97,79.6,7.5,3.9,16.4,1.3,3748.879751
319100,7.35E-05,Islington-Hornby Industrial,Islington-Hornby Industrial,350,380,460,390,360,30,100,160,60,49.9,280,40,30,30,0,9.4,29.3,44,16.9,123,78.7,11.9,8.1,8,0.1,14675.5943
320000,2.65E-05,Northlands (Christchurch City),Northlands (Christchurch City),120,130,120,130,130,20,40,40,30,40.4,100,10,0,30,0,15.9,33.7,31,19.7,81,74.8,8,3.3,24,2.6,5083.302124
319200,0.000744825,Burnside,Burnside,3380,3370,3480,3530,3650,710,1340,1120,480,35.9,2510,310,130,970,60,19.5,36.6,31,13.3,104,68.7,8.6,3.6,26.5,1.6,5620.102045
319300,0.000738703,Hei Hei,Hei Hei,2430,2700,3240,3550,3620,720,1420,1090,380,34.2,2480,530,360,680,60,19.8,39.3,30,10.6,108,68.6,14.8,10.1,18.9,1.7,5164.49048
319400,0.000416286,Papanui North,Papanui North,1890,1830,2000,2060,2040,330,710,550,450,39.1,1400,280,140,400,60,16.2,34.8,27,22.2,80,68.9,13.7,6.7,19.6,2.9,4342.793095
319500,0.000593819,Avonhead East,Avonhead East,2660,2710,2710,2760,2910,530,1050,900,430,36.5,1840,170,80,960,60,18.3,36.1,31,14.6,101,63.2,6,2.8,33,2,3686.340036
319600,0.000675444,Redwood East,Redwood East,3310,3310,3340,3270,3310,600,1110,1040,560,38.6,2770,410,110,310,40,18.2,33.6,31,16.8,99,83.7,12.3,3.3,9.5,1.2,4384.335015
319700,0.000687688,Avonhead South,Avonhead South,3130,3120,3190,3150,3370,600,1240,1000,530,36.9,2220,170,120,950,120,17.7,36.8,30,15.7,103,66,5,3.4,28.1,3.6,4308.143086
320100,0.000614226,Papanui West,Papanui West,2700,2840,2900,2960,3010,500,980,930,610,40.7,2420,200,60,480,30,16.6,32.5,31,20.2,93,80.6,6.7,2,15.9,1.1,4674.216067
320200,0.00079584,Ilam North,Ilam North,3340,3370,3550,3660,3900,570,1740,1100,490,30.1,2690,210,110,1120,60,14.6,44.7,28,12.7,101,68.9,5.3,2.9,28.7,1.6,7276.053219
320800,0.000612185,Bryndwr South,Bryndwr South,2760,2790,2970,2830,3000,530,920,940,620,41.9,2360,270,120,490,60,17.7,30.5,31,20.7,93,78.7,9,4.1,16.3,2,5168.196566
320400,2.86E-05,Hornby Central,Hornby Central,190,160,160,120,140,20,50,70,10,43.2,100,20,10,30,0,12,34.8,46,7.6,122,66,14.8,8.2,20.9,2.8,8146.933395
320500,0.000557088,Northcote (Christchurch City),Northcote (Christchurch City),2510,2520,2660,2640,2730,440,950,870,470,39.5,2000,260,60,580,50,16.2,34.7,32,17,97,73.1,9.4,2.4,21.2,1.8,6919.446535
320600,0.000640754,Jellie Park,Jellie Park,2600,2850,3050,3130,3140,470,990,1110,560,42.9,2350,150,40,730,50,15,31.7,35,17.9,102,75,4.7,1.4,23.3,1.7,5380.982159
320700,0.000691769,Ilam South,Ilam South,2940,3040,3020,3120,3390,450,1640,840,460,29.9,2150,210,70,1110,70,13.2,48.3,25,13.7,110,63.5,6.3,2,32.8,2.2,5496.516304
321100,0.000946846,Hornby South,Hornby South,4370,4250,4220,4470,4640,800,1850,1380,610,34.8,3150,590,290,1050,60,17.2,39.9,30,13.1,104,67.8,12.8,6.2,22.6,1.3,5541.603725
321200,0.000544845,Ilam University,Ilam University,1870,2150,2310,2730,2670,100,2200,230,140,20.7,1900,160,50,690,80,3.6,82.5,9,5.1,130,71.4,6.1,1.8,25.8,3.1,5392.311777
321300,0.000638713,Prestons,Prestons,200,180,160,250,3130,620,940,1030,540,40.1,2790,260,60,280,30,19.8,30.1,33,17.2,96,89.1,8.2,1.9,9.1,0.8,10465.57315
321400,0.000734622,Strowan,Strowan,3650,3590,3780,3560,3600,680,1000,1320,590,42.8,3300,250,50,220,30,19,27.8,37,16.4,95,91.7,7,1.4,6.1,0.9,4825.404799
321500,0.000420367,Fendalton,Fendalton,2170,2170,2140,2160,2060,350,540,730,440,46.3,1820,90,30,220,10,16.9,26.2,36,21.4,90,88.3,4.3,1.2,10.6,0.6,4473.451908
321600,0.000569332,Waitikiri,Waitikiri,210,300,1760,2560,2790,580,740,1120,360,42.1,2630,240,40,110,10,20.6,26.4,40,13,102,94,8.7,1.4,4.1,0.4,8476.790858
321700,0.000657078,Mairehau North,Mairehau North,2090,2040,2180,2860,3220,530,1000,860,830,41.9,2730,290,90,300,70,16.5,31,27,25.7,89,84.9,9.1,2.8,9.3,2.2,6866.309833
321800,0.000671363,Bush Inn,Bush Inn,2270,2250,2510,2790,3290,280,1860,530,620,27.9,1960,150,90,1180,90,8.5,56.5,16,18.8,105,59.6,4.5,2.8,35.9,2.8,4553.65109
321900,0.000536682,Awatea North,Awatea North,970,1240,2030,2530,2630,410,1080,830,310,36.4,1540,230,90,920,50,15.6,41.2,31,11.8,111,58.7,8.7,3.4,35.2,1.9,5902.886703
322000,0.000373433,Upper Riccarton,Upper Riccarton,1370,1360,1430,1750,1830,250,940,490,150,29.7,910,230,110,700,70,13.9,51.3,27,8,122,49.7,12.4,6.3,38.5,3.6,2894.554011
322100,0.000546885,Malvern,Malvern,2500,2530,2700,2750,2680,600,950,880,260,34.5,2410,230,70,210,20,22.3,35.3,33,9.6,100,89.9,8.7,2.6,7.9,0.7,4605.843498
322300,8.16E-05,Sockburn South,Sockburn South,330,380,370,360,400,60,190,120,30,34.4,240,70,20,100,10,14.1,47,31,7.9,132,59.7,17.3,3.8,25.5,3.1,8017.62644
322400,0.00053056,Deans Bush,Deans Bush,2640,2620,2750,2640,2600,320,860,870,550,45.5,2120,100,30,450,30,12.4,33,34,21,102,81.6,3.8,1.2,17.4,1.1,4723.727908
322500,0.000134681,Wigram North,Wigram North,0,0,0,50,660,80,280,140,160,36.4,350,30,0,310,0,12.7,42,22,23.5,91,53.2,4.3,0.3,47,0.4,4448.514422
322600,0.000448936,Holmwood,Holmwood,2500,2400,2410,2190,2200,370,560,820,450,46.9,2010,80,20,180,20,16.8,25.3,37,20.4,92,91.4,3.8,0.9,8,0.9,4727.126309
322700,0.00059586,Wharenui,Wharenui,2300,2450,2500,2700,2920,370,1490,650,420,30.4,1630,250,150,1030,70,12.5,51,22,14.2,124,55.6,8.4,5.3,35.4,2.3,3683.405478
322900,0.000222427,Awatea South,Awatea South,60,70,60,60,1090,160,470,200,270,35.6,580,50,10,470,30,14.7,42.7,18,24.6,76,53.1,4.6,1.1,43.5,2.5,5345.726305
323000,0.000618307,Merivale,Merivale,3430,3350,3330,3060,3030,420,1060,990,560,41.7,2540,170,40,390,80,13.8,34.9,33,18.6,77,83.8,5.7,1.5,12.8,2.7,4632.615165
323100,0.0007938,Mairehau South,Mairehau South,3690,3720,3840,3940,3890,830,1510,1160,390,33.6,3310,450,200,340,40,21.3,38.9,30,10,100,85.2,11.6,5.2,8.7,1.1,5019.494785
323200,0.000287727,Mona Vale,Mona Vale,1180,1460,1490,1430,1410,190,590,430,200,34.5,1020,80,10,360,30,13.6,41.9,31,13.8,105,72.1,5.9,0.7,25.8,2.4,4314.193804
326100,0.000518317,Addington West,Addington West,1510,1600,2020,2540,2540,290,1190,770,290,35.6,1460,250,110,870,50,11.6,46.8,30,11.3,126,57.6,9.7,4.4,34.5,2.1,4337.959831
323400,0.000879506,Shirley West,Shirley West,3560,3510,4160,4140,4310,900,1620,1290,500,34,3320,680,270,560,60,20.9,37.7,30,11.6,95,77,15.8,6.2,13,1.4,6080.177712
323500,4.08E-05,Middleton,Middleton,140,220,180,220,200,20,120,50,20,27.7,110,10,30,60,0,7.3,59.6,25,8.1,203,54.8,4.8,12.6,31.2,1.9,6750.676438
323700,0.000730541,Queenspark,Queenspark,3510,3690,3740,3580,3580,790,1100,1260,430,37.6,3220,480,140,140,20,22.1,30.8,35,12,99,89.9,13.5,4,4,0.7,4304.326397
323800,0.000455057,St Albans North,St Albans North,2040,2170,2320,2240,2230,340,870,750,270,37,1810,190,80,310,40,15.4,38.8,34,12,100,81.1,8.5,3.4,13.8,1.8,3263.484648
323900,0.000544845,St Albans West,St Albans West,2730,2530,2620,2530,2670,310,1130,880,350,37.2,2160,170,40,410,60,11.7,42.2,33,13.2,101,81,6.3,1.7,15.4,2.2,3396.6772
324000,0.000499951,Travis Wetlands,Travis Wetlands,1900,2090,2400,2480,2450,460,800,820,370,38.6,2190,290,100,110,30,18.7,32.8,34,15,106,89.3,11.9,4.2,4.6,1.1,7890.668659
324300,0.00053056,Oaklands West,Oaklands West,2140,2630,2590,2530,2600,440,810,900,450,41.6,2180,200,40,370,10,16.8,31.2,35,17.2,99,83.8,7.6,1.4,14.2,0.5,7400.025261
324400,0.000763191,Riccarton South,Riccarton South,2340,2520,2970,3260,3740,480,2290,770,200,28.5,1700,240,110,1840,140,12.8,61.3,20,5.3,111,45.6,6.3,2.9,49.2,3.7,3573.159966
324500,0.000767272,Halswell West,Halswell West,230,300,390,400,3760,760,1710,990,300,32.6,2620,210,100,1040,80,20.1,45.6,26,7.9,96,69.6,5.7,2.6,27.7,2.1,12013.58336
324800,0.000640754,St Albans East,St Albans East,2630,2570,2640,2660,3140,330,1640,840,330,32.8,2260,200,50,750,80,10.6,52.2,27,10.6,100,72,6.4,1.7,23.9,2.6,3295.437184
325900,0.000487707,Richmond North (Christchurch City),Richmond North (Christchurch City),2880,2930,2980,2340,2390,410,990,690,300,34,2000,330,70,250,40,17.1,41.4,29,12.4,101,83.6,13.8,3.1,10.5,1.5,4723.023323
324900,1.02E-05,Hagley Park,Hagley Park,130,140,240,150,50,10,20,10,0,19.4,40,0,0,0,0,25.6,48.2,24,2.2,183,85.5,8.3,2.3,10.4,0,6220.209213
325000,0.00059586,Hillmorton,Hillmorton,2270,2260,2260,2760,2920,490,1060,900,470,38,2260,260,120,490,60,16.9,36.2,31,16.1,96,77.5,9.1,3.9,16.9,1.9,7779.082934
325100,0.000846856,Parklands,Parklands,2830,3320,3910,4080,4150,870,1370,1350,570,37.2,3680,610,180,210,30,20.9,32.9,32,13.7,96,88.8,14.8,4.3,5.1,0.6,5670.283
325200,0.000236712,Riccarton East,Riccarton East,840,920,1000,1040,1160,90,670,250,150,29.6,760,80,20,340,50,7.6,57.9,21,13.2,106,65.8,6.7,2.1,28.9,4.5,2160.748713
325300,0.000891749,Edgeware,Edgeware,3500,3430,3840,4150,4370,500,2430,1090,350,31.3,3020,390,120,1060,140,11.4,55.6,25,8.1,106,69.2,8.9,2.7,24.3,3.3,4242.784695
325400,0.00082645,Aidanfield,Aidanfield,200,90,1350,3030,4050,760,1400,1200,690,37.7,2570,160,50,1400,60,18.9,34.5,30,17.1,90,63.5,3.9,1.1,34.6,1.4,6271.885524
325600,0.000685647,Burwood,Burwood,3310,3380,3490,3400,3360,650,1130,1050,530,37.7,2950,460,100,220,30,19.4,33.5,31,15.9,96,87.9,13.6,3.1,6.5,0.8,6084.688808
325700,0.000206102,Christchurch Central-West,Christchurch Central-West,1670,1770,1920,1010,1010,70,500,280,170,36,810,50,10,160,30,6.5,49.4,28,16.6,113,80.2,5.4,1,16,3.2,4616.264703
325800,0.000514235,Christchurch Central-North,Christchurch Central-North,2250,2500,2570,1900,2520,190,1410,570,350,32.8,1880,160,60,500,110,7.5,55.8,23,13.9,104,74.6,6.2,2.4,19.8,4.4,4667.659324
326300,0.000704013,Oaklands East,Oaklands East,3470,3390,3330,3400,3450,710,1290,940,510,34,2980,360,110,330,40,20.5,37.4,27,14.9,97,86.5,10.5,3.3,9.5,1.1,5487.54962
326400,2.04E-06,Addington North,Addington North,30,50,20,60,10,0,10,0,0,33,10,0,0,10,0,7.3,64,29,0,78,63.1,0,0,36.9,0,4223.268056
326500,0.00049587,Dallington,Dallington,2660,2770,2820,2330,2430,470,860,700,400,36.3,2000,350,150,200,40,19.3,35.5,29,16.5,101,82.2,14.3,6.2,8.3,1.6,4789.793488
326700,0.000683607,Hoon Hay West,Hoon Hay West,3280,3240,3230,3290,3350,740,1300,920,380,32.4,2220,540,630,390,70,22.2,39,27,11.4,106,66.4,16.2,18.9,11.6,2,4673.140096
326800,0.00043057,Richmond South (Christchurch City),Richmond South (Christchurch City),2500,2540,2630,2160,2110,230,1100,590,180,32.5,1420,260,110,500,40,11.1,52.2,28,8.7,115,67.1,12.3,5.3,23.8,2.1,3962.286283
326900,0.000652997,Spreydon West,Spreydon West,2920,2880,2990,3090,3200,530,1300,930,430,34.8,2560,380,140,410,60,16.6,40.8,29,13.5,96,80.2,11.8,4.5,12.8,2,4031.236896
327000,0.000422408,Christchurch Central-East,Christchurch Central-East,1960,2150,2240,1490,2070,190,1320,450,110,30,1360,160,80,530,90,9.2,64.1,22,5.1,129,65.7,7.6,3.7,25.9,4.6,3980.075848
327100,0.000122437,Christchurch Central-South,Christchurch Central-South,560,540,600,570,600,20,460,100,20,25.7,440,60,20,130,10,3.8,76.9,16,3,115,72.7,10,3.1,22.2,1.3,6785.795205
327200,0.0008591,North Beach,North Beach,4120,4180,4240,4160,4210,850,1360,1440,550,37.9,3780,670,160,110,20,20.2,32.4,34,13.2,99,89.8,15.8,3.9,2.7,0.5,5907.049584
327300,0.00043057,Halswell North,Halswell North,260,400,1510,1860,2110,440,600,740,330,40.7,1800,120,50,260,20,20.8,28.5,35,15.5,95,85.4,5.8,2.3,12.1,1,6641.22617
327400,0.000624429,Addington East,Addington East,2200,2200,2420,2710,3060,430,1570,760,300,31.7,1900,350,150,870,90,14.1,51.2,25,9.8,104,62,11.4,4.8,28.4,3,3922.534683
327500,0.000499951,Avondale (Christchurch City),Avondale (Christchurch City),2870,2870,2790,2440,2450,470,870,770,350,36.6,2080,400,140,140,20,19.3,35.3,31,14.1,96,84.9,16.1,5.5,5.5,0.8,5727.861084
327600,0.000804003,Spreydon North,Spreydon North,3300,3320,3580,3710,3940,710,1640,1200,390,33.8,3180,530,180,460,50,18.1,41.6,30,9.9,103,80.7,13.4,4.5,11.7,1.2,4684.428846
327700,0.000677485,Hoon Hay East,Hoon Hay East,3220,3190,3140,3230,3320,690,1230,960,450,34.7,2850,310,140,290,50,20.6,37.1,29,13.4,99,85.7,9.3,4.3,8.7,1.4,5936.658745
327800,0.000355067,Avonside,Avonside,1870,1940,1980,1770,1740,330,630,580,200,36.2,1350,340,140,130,30,18.8,36.4,33,11.6,101,78,19.6,8.2,7.4,1.6,4962.337436
327900,0.001071324,Linwood West,Linwood West,4410,4290,4780,4480,5250,700,2640,1430,490,32.5,2900,720,290,1710,150,13.3,50.2,27,9.2,112,55.2,13.7,5.5,32.6,3,4630.010523
328000,0.000524438,Halswell South,Halswell South,2150,2130,2400,2390,2570,520,770,820,450,39.8,2280,140,30,230,30,20.2,30.1,32,17.6,96,88.8,5.4,1.1,9.1,1.3,8873.077461
328100,3.06E-05,Sydenham Central,Sydenham Central,120,130,130,120,150,20,90,40,10,31.7,100,20,0,30,0,10.4,59.9,26,3.6,140,68.5,13.2,2.3,22.3,2.1,4677.31302
328200,0.00049587,Spreydon South,Spreydon South,2060,2200,2260,2290,2430,430,840,740,420,38.7,2000,290,100,270,20,17.6,34.4,31,17.4,89,82.5,11.9,4,11,0.8,3528.277951
328300,0.000583616,Rawhiti,Rawhiti,3120,3300,3340,2780,2860,540,1000,890,440,37.4,2520,420,150,130,20,18.8,34.7,31,15.4,98,87.9,14.5,5.1,4.4,0.6,7695.408122
328400,0.000591779,Wainoni,Wainoni,2890,2980,2980,2800,2900,560,1040,940,360,35.7,2260,590,290,240,40,19.4,35.8,32,12.5,103,78.1,20.3,9.8,8.2,1.3,6018.815953
328800,5.31E-05,Lancaster Park,Lancaster Park,260,250,260,230,260,20,140,90,10,35,140,30,20,80,10,9.1,51.7,34,5,185,54.8,12.9,7.5,31.8,3.2,6188.550432
328900,0.000865221,Phillipstown,Phillipstown,3380,3100,3470,3770,4240,660,2030,1230,330,32.1,2610,680,360,1030,110,15.5,47.8,29,7.7,112,61.7,16.1,8.4,24.3,2.5,4191.837768
329200,0.000638713,Somerfield West,Somerfield West,2920,3040,3070,3230,3130,500,950,990,690,42.8,2860,230,60,200,30,16,30.2,32,22.1,89,91.1,7.3,2,6.4,0.8,5008.81088
329300,0.000450976,Linwood East,Linwood East,1900,1840,1960,2010,2210,470,810,650,270,34.5,1540,510,240,280,20,21.5,36.8,29,12.2,103,69.7,23.1,11.1,12.8,1,5088.607709
329400,0.00043057,Sydenham North,Sydenham North,1740,1710,1860,1960,2110,320,1080,570,140,31.5,1430,230,120,490,40,15.3,51.1,27,6.5,114,67.7,10.9,5.5,23.1,2.1,3439.055299
329000,0.000187737,Kennedys Bush,Kennedys Bush,550,580,720,890,920,130,220,410,170,50.3,890,30,10,30,10,14.4,23.3,44,17.9,100,96.6,2.8,1.5,3.1,0.6,28505.93763
329100,0.000781556,Somerfield East,Somerfield East,3550,3440,3680,3820,3830,800,1220,1320,490,38.3,3420,340,70,290,70,20.9,31.9,34,12.8,94,89.3,8.8,1.9,7.5,1.9,4500.792616
329500,0.000457098,Hoon Hay South,Hoon Hay South,1980,2050,2160,2210,2240,460,690,720,370,39,2040,180,70,140,20,20.4,30.9,32,16.6,95,90.9,7.9,3,6.3,0.9,4793.67261
329600,0.000302011,Charleston (Christchurch City),Charleston (Christchurch City),1340,1260,1350,1460,1480,180,740,440,110,32.3,960,240,100,320,30,12.5,50.2,30,7.7,112,65.3,16,6.7,21.5,2.3,2754.245023
329700,0.000591779,Sydenham South,Sydenham South,2200,2220,2390,2630,2900,410,1300,720,460,33.8,2170,240,120,540,50,14.3,45,25,15.9,92,74.9,8.4,4.3,18.8,1.7,3096.465132
329900,0.000414245,Waltham,Waltham,1410,1530,1670,1690,2030,310,930,580,210,32.4,1490,250,130,350,60,15.4,45.9,29,10.1,104,73.5,12.5,6.2,17.1,2.8,3457.107458
330400,0.000618307,Bromley South,Bromley South,2900,2950,3060,3070,3030,640,1070,980,340,34.8,2300,600,380,230,40,21,35.4,32,11.4,103,75.7,19.7,12.5,7.7,1.3,5577.731041
330500,0.000487707,Ensors,Ensors,2140,2220,2290,2340,2390,440,920,770,260,35.9,1980,310,160,190,50,18.6,38.4,32,11,103,82.9,13,6.8,8.1,2,4022.589598
330000,0.000459139,Westmorland,Westmorland,1370,1610,1710,2020,2250,380,550,920,400,46.9,2070,120,20,160,20,17.1,24.2,41,17.9,100,92.1,5.2,0.7,7,0.7,16940.38446
330300,0.000642794,Cashmere West,Cashmere West,3070,3060,3110,3060,3150,550,830,1220,560,44.5,2930,150,40,170,30,17.6,26.2,38,17.7,98,92.9,4.8,1.2,5.5,0.9,10143.35537
330600,0.000506073,Beckenham,Beckenham,2440,2410,2530,2540,2480,500,690,920,370,41.3,2350,160,20,90,40,20,27.9,37,15,90,94.6,6.4,0.9,3.6,1.4,4330.720725
330700,1.22E-05,Bromley North,Bromley North,130,50,50,70,60,10,20,30,10,46,50,10,0,0,0,13.3,28.3,50,8.1,168,79.7,18.6,0,5.1,0,11760.90565
330800,0.000571373,St Martins,St Martins,2730,2740,2830,2770,2800,550,910,880,460,38.6,2540,210,70,140,50,19.7,32.6,31,16.3,84,90.7,7.4,2.5,4.9,1.7,5748.033666
330900,0.000283646,Opawa,Opawa,1430,1460,1470,1350,1390,220,340,500,330,46.8,1270,100,20,70,10,15.8,24.5,36,23.9,90,91.1,6.8,1.4,5.3,0.8,4023.530074
331000,0.000257118,Woolston West,Woolston West,1270,1240,1310,1210,1260,250,470,420,120,35.5,1070,210,70,80,10,19.6,37.6,33,9.5,103,84.8,16.7,5.8,6,0.9,3713.166465
331100,0.000679525,Woolston East,Woolston East,2550,2670,2820,3120,3330,560,1140,990,640,39.2,2510,470,320,390,30,16.9,34.3,30,19,104,75.3,14.2,9.6,11.8,1,5175.309535
331200,0.000473423,Huntsbury,Huntsbury,1730,1930,2230,2130,2320,370,630,930,380,45.8,2190,110,20,90,30,16.1,27.2,40,16.5,100,94.7,4.7,0.7,4,1.2,6406.793756
334800,8.16E-06,Rolleston Izone,Rolleston Izone,40,60,60,50,40,10,20,20,0,36.5,30,10,0,0,0,13.1,42.3,39,5.2,101,77,22.5,0,9,0,7322.514579
331300,0.000712175,Cashmere East,Cashmere East,2980,3220,3410,3370,3490,650,930,1300,620,43.5,3260,140,20,200,40,18.5,26.6,37,17.8,100,93.3,4,0.5,5.6,1.2,8115.600965
331400,0.000499951,Hillsborough (Christchurch City),Hillsborough (Christchurch City),2580,2540,2620,2320,2450,460,780,830,380,39.6,2240,220,50,120,20,18.9,31.6,34,15.5,104,91.3,9.2,2.2,5,0.9,9170.743369
331500,0.000108153,Woolston South,Woolston South,530,520,500,540,530,80,190,190,70,39.6,390,80,30,50,20,14.4,36.6,35,13.7,131,73.9,14.4,5.3,9.3,2.9,7710.641847
334900,0.000812165,Rolleston North West,Rolleston North West,490,510,600,1880,3980,1060,1640,1040,240,31,3340,440,120,480,50,26.6,41.3,26,6,104,83.8,11.1,3,12.2,1.2,6314.207614
331700,0.000679525,South New Brighton,South New Brighton,3900,3880,3780,3360,3330,700,1000,1160,470,39.3,3110,440,110,90,30,20.9,30.1,35,14,97,93.5,13.3,3.2,2.6,0.8,12012.03477
331900,0.000467301,Heathcote Valley,Heathcote Valley,1650,1930,2260,2210,2290,410,590,870,410,44.7,2170,150,40,60,20,18,26,38,18.1,95,95.1,6.8,1.7,2.5,0.7,14075.82419
335100,0.00069585,Rolleston Central,Rolleston Central,580,850,2410,3110,3410,840,1120,1160,290,35.7,3020,330,100,270,20,24.7,32.8,34,8.4,99,88.7,9.5,3,8,0.7,5647.407307
332000,0.000748906,Mount Pleasant,Mount Pleasant,3840,3940,4110,3170,3670,560,860,1450,800,48.5,3480,190,30,140,30,15.3,23.4,40,21.8,96,95,5.1,0.7,3.7,0.8,10892.22969
332100,0.000412205,Redcliffs,Redcliffs,1860,1910,2160,1860,2020,280,480,800,460,49.1,1890,150,20,90,40,13.7,24,40,22.6,91,93.6,7.4,0.8,4.4,1.8,7237.599015
335200,0.000975415,Rolleston North East,Rolleston North East,70,760,1190,2340,4780,1190,1710,1530,350,34.1,4220,420,100,430,40,25,35.7,32,7.4,96,88.2,8.8,2.1,9,0.8,7216.716587
335300,0.000606063,Rolleston South West,Rolleston South West,180,340,580,2200,2970,810,790,1160,230,37.4,2730,270,70,180,10,27.1,26.4,39,7.6,100,91.9,9.1,2.2,6,0.2,9522.955092
335400,0.00052852,Southbridge,Southbridge,1860,2050,2230,2530,2590,560,770,930,340,39,2310,240,60,170,50,21.4,29.6,36,13.2,106,88.9,9.1,2.5,6.5,1.8,88687.93331
332200,0.000185696,Governors Bay,Governors Bay,670,760,860,850,910,150,180,420,160,48.4,880,40,10,20,10,16.8,20.1,46,17.3,99,96.9,4.1,1.5,2.6,1.6,14690.4811
332400,0.000346905,Clifton Hill,Clifton Hill,1830,1890,1910,1550,1700,270,430,650,350,47.6,1650,70,10,50,10,16,25.4,38,20.4,99,97,4.1,0.5,2.9,0.5,7549.68892
332500,0.000632591,Lyttelton,Lyttelton,3070,3040,3090,2900,3100,490,800,1370,440,45,2890,320,30,100,30,15.9,25.7,44,14,98,93.3,10.4,1.1,3.3,0.9,23058.01601
332700,0.000748906,Sumner,Sumner,3610,3710,3890,3620,3670,710,980,1420,560,42.9,3540,180,20,90,50,19.5,26.7,39,15.2,100,96.4,4.8,0.6,2.4,1.2,11550.5428
335500,0.000657078,Rolleston South East,Rolleston South East,190,310,370,470,3220,780,1320,900,220,32.1,2700,310,100,370,50,24.3,41.1,28,6.7,97,84,9.6,3,11.6,1.6,13653.12821
337400,0.000536682,Allenton North,Allenton North,1800,1750,1930,2260,2630,450,630,800,740,47,2330,170,100,140,30,17.3,24.1,30,28.1,92,88.9,6.5,3.9,5.4,1.1,6501.587705
333500,0.000157127,Akaroa,Akaroa,680,610,620,670,770,70,200,260,240,54.6,640,50,10,100,10,8.6,26.2,34,31.1,100,83.1,6.3,0.9,12.4,1.1,11499.90083
335600,0.000404042,Trents,Trents,1100,1170,1530,1930,1980,350,510,820,300,45.4,1840,150,20,120,0,17.9,25.6,41,15.1,110,92.7,7.6,1.1,5.8,0.2,32328.75563
335800,0.000269361,Irwell,Irwell,1060,1180,1210,1330,1320,230,350,540,210,44.3,1240,130,20,40,0,17.3,26.1,41,15.8,114,94,9.9,1.3,2.8,0.1,83406.22749
335900,0.00036323,Ladbrooks,Ladbrooks,920,1080,1350,1640,1780,310,490,690,290,44.8,1740,90,10,40,10,17.7,27.3,39,16.2,105,97.4,5,0.6,2.3,0.3,48622.82045
334000,0.000577494,Darfield,Darfield,1520,1830,2050,2500,2830,520,800,940,570,43.5,2730,190,40,50,20,18.4,28.1,33,20.2,97,96.3,6.8,1.5,1.9,0.9,20447.83598
334100,0.000269361,Kirwee,Kirwee,720,770,960,1160,1320,270,360,510,190,42.1,1290,70,10,20,0,20.2,26.9,39,14.1,106,98.1,5.1,0.6,1.4,0.2,47208.37184
336900,0.000379555,Methven,Methven,1130,1210,1440,1780,1860,360,580,650,280,39.8,1730,160,20,70,20,19.2,31.1,35,14.9,103,92.6,8.4,1.2,3.9,0.9,11651.57131
334300,0.000187737,Charing Cross,Charing Cross,580,680,720,880,920,170,300,350,100,39.2,840,60,10,40,20,18.8,32.2,38,11.3,100,91.3,6.8,0.8,4.9,2.3,59933.73034
337100,0.000524438,Eiffelton,Eiffelton,1510,1590,1870,2330,2570,570,780,890,330,37.8,2280,140,20,210,50,22.1,30.3,35,12.9,111,88.5,5.3,0.8,8.1,1.9,104095.3737
337200,0.000344864,Chertsey,Chertsey,1280,1290,1460,1670,1690,390,620,510,170,34.6,1400,120,20,240,20,23,36.7,30,9.9,116,82.7,7.2,1,14.1,1.1,117555.2969
337300,0.000326499,Winchmore-Wakanui,Winchmore-Wakanui,1140,1210,1320,1490,1600,320,460,550,260,40.8,1400,70,20,150,30,20.2,28.6,35,16.5,117,87.3,4.3,1.4,9.1,1.8,116812.9891
334400,0.000346905,Halkett,Halkett,960,1130,1330,1620,1700,290,390,750,270,46.4,1620,100,40,40,10,17.2,23.2,44,15.8,106,95.2,6.1,2.6,2.2,0.5,42983.59411
334500,0.000712175,Newtons Road,Newtons Road,2220,2360,2710,3340,3490,620,900,1510,460,45.1,3240,300,40,110,20,17.7,25.8,43,13.2,112,92.9,8.7,1,3.2,0.6,67878.59791
334600,0.000450976,West Melton,West Melton,230,300,330,820,2210,570,520,870,230,40.1,2090,130,20,130,10,26.1,23.8,40,10.5,96,94.8,5.7,1,6.1,0.7,14287.86136
334700,0.000261199,Burnham Camp,Burnham Camp,1530,1200,1350,1250,1280,210,960,100,10,24.6,1050,340,130,60,10,16.7,74.6,8,0.7,200,81.8,26.4,10,4.5,1,5113.876204
336000,0.000638713,Lincoln West,Lincoln West,1880,1760,2170,2480,3130,550,1250,910,410,33.3,2440,190,50,570,70,17.7,40,29,13.1,95,78.2,6.2,1.4,18.2,2.2,11130.75969
336100,0.000757069,Lincoln East,Lincoln East,540,680,750,1570,3710,850,1130,1290,450,37.4,3340,190,30,320,60,22.8,30.4,35,12.1,96,89.9,5.2,0.8,8.5,1.6,13178.54769
336200,0.000467301,Leeston,Leeston,1300,1270,1370,1600,2290,520,650,720,400,39,2160,230,20,50,10,22.7,28.4,32,17.3,97,94.3,10.1,0.8,2.1,0.6,10922.68088
337500,0.000450976,Allenton South,Allenton South,1870,1870,1900,2130,2210,480,740,630,360,35.5,1850,210,140,140,30,21.8,33.5,28,16.3,104,84.1,9.7,6.2,6.4,1.4,7128.661298
337600,0.000302011,Rakaia,Rakaia,900,970,1090,1310,1480,310,410,500,260,42.2,1300,200,80,50,0,20.7,27.6,34,17.8,101,87.7,13.3,5.5,3.6,0.2,15304.17773
337700,0.000218346,Ashburton North,Ashburton North,730,840,970,1040,1070,190,230,410,240,48.5,1020,70,20,10,10,17.4,21.1,39,22.9,99,95.7,7,1.7,1.3,0.5,28102.92202
337800,0.000444854,Allenton East,Allenton East,1700,1830,1980,2190,2180,360,630,630,560,44.3,1770,150,210,170,10,16.6,28.8,29,25.8,96,81.2,6.7,9.5,7.9,0.7,4840.515508
338000,3.06E-05,Ashburton Central,Ashburton Central,260,180,170,160,150,10,40,50,50,51.9,120,10,20,10,0,10.1,27.4,31,31.2,122,82.3,5.3,14.8,7.2,0.8,12664.98737
338100,0.00019794,Ashburton West,Ashburton West,940,940,930,950,970,130,210,240,400,56.9,830,60,50,70,10,12.9,21.5,24,41.2,75,85.2,5.8,5.2,7.6,0.7,3190.826203
338200,0.000493829,Tinwald South,Tinwald South,1870,1940,2020,2260,2420,470,740,720,480,39.8,2090,230,160,120,20,19.5,30.7,30,20,101,86.3,9.5,6.5,4.8,0.6,11071.47814
338300,0.000369352,Ashburton East,Ashburton East,1520,1450,1560,1750,1810,290,540,510,470,44.5,1380,190,200,150,30,16.2,29.9,28,26,94,76,10.3,11,8.5,1.5,5233.83384
338400,0.000450976,Netherby,Netherby,1590,1490,1530,1910,2210,450,770,660,340,35.9,1640,300,310,170,10,20.3,34.7,30,15.2,108,74.3,13.6,14.1,7.5,0.6,4309.806699
338600,2.86E-05,Ben McLeod,Ben McLeod,170,130,110,170,140,20,60,50,20,34.7,140,10,0,0,0,12.3,41.4,33,12.9,127,98.3,6.3,0,0.9,0,238700.271
338700,0.000291808,Arundel,Arundel,1030,1030,1150,1350,1430,290,360,550,230,43.4,1370,40,10,30,10,20.3,25.4,39,15.8,106,96,3,0.5,2.2,1,145829.8911
338800,0.000218346,Levels Valley,Levels Valley,960,920,970,1050,1070,230,230,450,160,45.1,1030,80,10,30,0,21.4,21.5,42,14.9,120,95.6,7.2,0.5,2.5,0.3,112161.3453
338900,0.00056117,Geraldine,Geraldine,2330,2310,2380,2470,2750,500,620,850,790,48.3,2630,200,30,70,20,18,22.4,31,28.6,88,95.3,7.4,1,2.4,0.7,12553.40253
339000,0.000344864,Rangitata,Rangitata,1150,1140,1310,1550,1690,300,340,550,490,50.4,1560,90,20,110,20,17.9,20.4,33,28.9,105,92.2,5.6,1.4,6.6,1,96547.02162
339100,0.000369352,Waitohi (Timaru District),Waitohi (Timaru District),1570,1590,1630,1820,1810,360,570,620,250,38.6,1560,230,20,120,40,20.1,31.5,34,13.9,112,86.3,12.5,1.2,6.7,2.4,125378.7289
339700,0.000310174,Gleniti North,Gleniti North,890,1000,1110,1260,1520,240,320,540,420,50.2,1450,60,30,40,10,16,20.8,36,27.5,98,95.3,3.6,2.1,2.8,0.7,16701.85924
339400,0.000299971,Hadlow,Hadlow,920,1030,1220,1310,1470,280,310,610,270,47.3,1450,70,0,20,0,19.1,21,42,18.3,93,98.6,5,0.2,1.1,0,69608.36426
339500,0.000255077,Levels,Levels,1060,1000,1150,1180,1250,220,290,530,210,46.2,1160,110,20,20,10,18,23,43,16.5,119,93.3,8.9,1.7,1.7,0.8,41917.40656
341100,8.77E-05,Timaru Central,Timaru Central,470,440,430,440,430,50,180,140,50,36.3,320,60,40,50,0,10.8,43.4,34,12.2,108,75.6,13.7,9.5,11.8,0.8,4375.919665
339800,0.000214265,Washdyke,Washdyke,1120,1040,1070,980,1050,180,300,360,210,44,950,100,30,50,10,17.2,28.3,35,19.8,107,90.8,9.9,2.8,4.7,0.7,16495.596
340000,0.000506073,Gleniti South,Gleniti South,1910,2020,2150,2360,2480,380,550,770,780,50.4,2320,130,20,120,10,15.4,22.1,31,31.4,87,93.7,5.2,0.6,4.9,0.5,6694.150583
341400,0.000308133,Kensington (Timaru District),Kensington (Timaru District),1580,1520,1480,1460,1510,250,530,480,250,38.2,1350,180,50,80,10,16.8,34.8,32,16.7,103,89.2,11.7,3.3,5.3,0.5,4269.234611
340100,0.000377514,Glenwood,Glenwood,1760,1730,1690,1810,1850,350,520,580,400,42.3,1590,210,40,150,10,18.8,28.3,31,21.7,96,86.1,11.2,2.3,8.3,0.5,5383.927398
340200,0.000322417,Marchwiel West,Marchwiel West,1490,1510,1520,1520,1580,310,500,410,370,39.5,1400,180,70,80,0,19.5,31.4,26,23.4,95,88.8,11.1,4.3,4.9,0.2,4759.109166
340300,0.000414245,Marchwiel East,Marchwiel East,1880,1850,1800,1860,2030,420,670,580,370,36.9,1800,240,50,90,10,20.5,32.8,29,18.1,104,88.8,11.7,2.6,4.5,0.3,4206.429016
340400,0.000487707,Highfield North,Highfield North,2400,2360,2300,2290,2390,350,550,800,680,50.5,2200,140,50,110,20,14.8,23.2,33,28.6,80,92.3,5.9,2,4.7,0.8,6029.160164
340500,0.00026324,Highfield South,Highfield South,1210,1230,1310,1250,1290,250,400,420,230,39.9,1190,110,10,60,10,19.3,30.8,32,17.7,96,92.3,8.3,0.7,4.6,0.5,4671.088545
340600,0.000428529,Waimataitai-Maori Hill,Waimataitai-Maori Hill,2070,2040,1930,1970,2100,330,600,680,490,45.8,1870,190,50,140,10,15.6,28.5,32,23.5,92,89.1,9.1,2.2,6.7,0.6,7068.205573
340700,0.000579535,Fraser Park,Fraser Park,2840,2720,2740,2780,2840,480,870,890,590,42.5,2580,280,80,140,10,16.9,30.7,32,20.9,96,90.6,9.7,2.7,5.1,0.5,4933.4965
340800,0.000442814,Seaview,Seaview,2230,2130,2230,2100,2170,330,740,660,440,40.7,1870,260,70,160,10,15.3,34.1,30,20.2,99,86,12,3.4,7.2,0.6,3970.489665
341000,0.000473423,Watlington,Watlington,2370,2310,2300,2370,2320,450,730,750,390,39.1,2090,250,60,110,10,19.4,31.5,32,16.8,101,90.3,10.7,2.6,4.9,0.3,5420.770962
341200,6.33E-05,Timaru East,Timaru East,390,350,310,270,310,50,100,100,60,40,230,40,20,50,0,17.9,32.1,31,18.8,137,75.9,14.2,7.9,15.3,0.8,21779.16295
341300,0.000499951,Parkside,Parkside,2430,2320,2350,2450,2450,430,810,760,450,39.5,2160,300,70,140,10,17.6,33,31,18.5,100,88.1,12.2,3,5.7,0.6,4819.944422
341800,0.000312214,Twizel,Twizel,1220,1040,1070,1190,1530,230,440,540,330,46.2,1370,150,10,120,20,14.8,28.6,35,21.3,112,89.3,9.6,0.9,8.1,1.4,29408.65539
341900,0.000287727,Opua (Mackenzie District),Opua (Mackenzie District),1100,1110,1130,1310,1410,310,400,540,160,39.3,1360,80,20,30,10,22.1,28.5,38,11.3,120,96.6,5.9,1.3,1.9,0.4,324968.951
342000,0.000187737,Fairlie,Fairlie,1000,870,890,890,920,140,240,290,240,46.9,820,70,10,60,10,15.8,26.3,32,26.1,99,89.4,7.7,0.6,6.4,1.1,14091.11495
342500,0.000106112,Waimate North,Waimate North,530,490,460,520,520,50,90,210,170,56.5,510,20,0,0,0,9.4,18,40,32.2,97,98.6,4.5,0.7,0.1,0,14125.97065
342600,0.00023263,Morven-Glenavy-Ikawai,Morven-Glenavy-Ikawai,980,910,970,1180,1140,230,420,360,130,36.3,860,100,10,220,20,20,36.5,32,11.5,120,75.7,8.6,1.1,19.6,1.7,102585.4756
342700,0.000281605,Waimate West,Waimate West,1410,1320,1370,1300,1380,210,310,450,400,51.4,1310,120,20,30,0,15.2,22.7,33,29.3,91,94.6,8.8,1.1,2,0.2,5659.946583
343500,0.000289768,Lower Waitaki,Lower Waitaki,1100,1020,1100,1300,1420,310,410,490,220,39.8,1280,110,20,90,20,21.8,28.5,34,15.2,105,90.1,7.6,1.1,6.3,1.1,77823.54987
343700,0.000410164,Maheno,Maheno,1910,1800,1920,1880,2010,340,400,830,440,49.9,1920,140,20,60,0,17.1,19.7,41,21.9,101,95.5,6.7,0.9,2.8,0.1,129969.6918
343800,0.000218346,Weston,Weston,850,850,910,1010,1070,210,260,370,230,45.5,1030,80,10,30,0,19.8,24,35,21.4,105,96,7.3,0.8,2.4,0.3,12168.52338
344200,0.000342824,Glen Warren,Glen Warren,1770,1670,1570,1550,1680,290,480,450,460,44.8,1390,140,160,110,20,17.2,28.5,27,27.6,83,82.9,8.1,9.8,6.3,1.1,7101.003307
343900,0.00052852,Oamaru North Milner Park,Oamaru North Milner Park,2250,2290,2220,2370,2590,420,670,750,750,47.4,2290,240,140,130,10,16.1,26,29,28.9,93,88.2,9.1,5.4,5.1,0.4,12393.35347
344000,0.000608104,Oamaru North Orana Park,Oamaru North Orana Park,2990,2750,2710,2720,2980,600,830,950,590,41.5,2460,250,310,190,10,20.3,28,32,19.8,92,82.6,8.3,10.4,6.4,0.3,7009.345379
344100,0.000246915,Oamaru Gardens,Oamaru Gardens,1070,980,1010,1110,1210,210,300,390,320,46.9,1090,100,40,50,10,17.2,24.6,32,26.3,95,90.2,8.2,3.5,3.8,0.6,6690.595378
346000,0.000102031,Glenorchy,Glenorchy,230,280,290,380,500,60,190,210,50,40.8,460,30,10,30,10,11.2,37.8,41,9.6,88,91.7,5.5,1.5,5.3,2.3,259049.879
344300,0.000279564,Holmes Hill,Holmes Hill,1370,1240,1280,1320,1370,190,300,460,420,54.1,1280,100,30,50,10,13.6,21.7,34,31,88,93.2,7,2.4,3.6,0.5,9481.509673
344400,6.12E-05,Oamaru Central,Oamaru Central,310,270,280,280,300,40,60,80,120,57.2,240,30,30,30,0,13.5,21.1,26,39.1,101,78.3,9.9,9.8,10.3,0,9018.578637
344500,0.000459139,South Hill,South Hill,2410,2280,2280,2260,2250,420,590,760,480,45.6,1990,220,110,110,10,18.6,26.2,34,21.3,97,88.5,9.6,5,4.9,0.6,6765.195961
346200,0.000175493,Outer Wakatipu,Outer Wakatipu,300,410,570,690,860,150,250,390,70,42.7,820,50,10,20,10,17.2,28.8,46,8.3,104,95.5,6.2,1,2.8,1.2,301638.3793
346400,0.000136721,Cardrona,Cardrona,260,330,440,530,670,100,180,260,130,45.4,650,30,10,10,10,15.4,26.6,39,19,114,97.1,5.1,1.5,1.3,0.8,202288.1366
344700,0.00019998,Palmerston,Palmerston,1010,920,930,920,980,160,220,320,290,50.5,900,160,20,20,10,15.9,22,32,29.7,96,91.7,16,1.5,2,1,13999.50378
344900,0.000646875,Cromwell West,Cromwell West,1210,1260,1900,2300,3170,610,1030,970,560,38.9,2870,310,80,130,50,19.2,32.6,31,17.6,112,90.5,9.8,2.4,4,1.6,18010.62095
345000,0.000542804,Cromwell East,Cromwell East,1560,1580,1950,2200,2660,460,840,850,510,41.3,2420,230,50,120,30,17.2,31.4,32,19.3,104,90.7,8.7,1.8,4.6,1,9728.526646
345400,0.000240793,Clyde,Clyde,850,830,930,1040,1180,160,230,450,340,55.2,1130,70,20,30,0,13.4,19.5,38,28.8,104,95.3,6.2,2.1,2.8,0.2,6821.304221
345500,0.00059586,Alexandra North,Alexandra North,2420,2290,2430,2500,2920,500,780,910,740,45.3,2730,330,50,80,10,17,26.8,31,25.2,94,93.3,11.4,1.6,2.7,0.4,12503.91826
345600,0.000553007,Alexandra South,Alexandra South,2270,2200,2510,2420,2710,420,600,830,860,51.8,2540,230,40,70,10,15.5,22.3,31,31.6,99,93.9,8.6,1.6,2.7,0.3,13649.55818
345900,8.37E-05,Outer Wanaka,Outer Wanaka,230,290,360,400,410,70,110,200,40,45.1,400,40,0,0,0,17.7,25.5,47,9.4,111,97.1,10,0,0.2,0.1,610446.768
346600,0.00046322,Wanaka Waterfront,Wanaka Waterfront,850,980,1290,1450,2270,340,760,710,450,41.3,2100,100,20,150,30,15.2,33.4,32,19.9,98,92.6,4.3,0.7,6.7,1.1,12453.79962
346700,0.000534642,Wanaka North,Wanaka North,390,640,1360,1700,2620,500,1040,830,250,34.9,2420,150,20,110,70,18.9,39.7,32,9.7,97,92.4,5.7,0.6,4.1,2.6,13079.78045
349900,0.000540763,Mosgiel Central,Mosgiel Central,2540,2520,2620,2640,2650,360,630,800,870,52.1,2520,150,30,80,0,13.4,23.7,30,32.9,80,95.1,5.7,1.3,3.2,0.2,6081.197486
346900,0.000436692,Albert Town,Albert Town,270,400,740,1360,2140,490,710,740,210,37,2070,150,10,40,30,22.6,33.1,34,9.9,102,96.3,7.1,0.7,2,1.2,12015.65355
347000,0.000279564,Wanaka Central,Wanaka Central,620,710,860,920,1370,140,510,310,410,43.2,1200,70,0,130,20,10.4,36.9,23,29.9,101,87.7,5.3,0.3,9.7,1.6,12774.07342
347100,0.000259158,Lake Hawea,Lake Hawea,270,340,570,840,1270,280,380,450,160,38.6,1210,110,0,40,10,22.1,30,35,12.7,111,95.7,8.5,0.3,2.8,1.1,6993.226438
347300,7.35E-05,Kingston,Kingston,140,140,210,250,360,60,150,120,30,35.1,340,20,10,10,0,16.1,41.9,35,7.5,113,93.5,5.6,1.8,4,1.2,231741.5102
347400,0.000246915,Arthurs Point,Arthurs Point,250,300,430,860,1210,240,520,410,40,34.3,1100,70,20,80,40,20.1,42.7,34,3.4,93,90.8,6.1,1.3,6.3,2.9,16196.37494
347500,0.00029793,Wakatipu Basin,Wakatipu Basin,740,930,1070,1220,1460,270,350,610,230,45.4,1380,50,0,40,40,18.4,24,42,15.8,106,94.4,3.6,0.2,3,2.6,62066.93892
347600,0,Queenstown Hill,Queenstown Hill,0,0,0,0,0,0,0,0,0,0,0,0,0,0,0,-999,-999,-999,-999,-999,-999,-999,-999,-999,-999,21189.57419
347800,0.000669322,Sunshine Bay-Fernhill,Sunshine Bay-Fernhill,1630,1970,2380,2480,3280,320,2300,580,90,29.6,2410,180,40,530,320,9.6,70.2,18,2.7,112,73.2,5.6,1.2,16.2,9.7,5328.734734
347900,0.000606063,Arrowtown,Arrowtown,1470,1770,2260,2580,2970,590,970,1050,350,38.2,2710,180,40,160,70,19.9,32.6,36,12,103,91.3,6,1.5,5.3,2.4,7705.948095
348000,0.000157127,Quail Rise,Quail Rise,70,120,360,570,770,160,210,290,110,41.6,680,30,10,80,20,20.3,27.8,38,14.1,109,88.9,4.3,1.1,9.8,2.6,14197.39758
348100,0.000240793,Queenstown Central,Queenstown Central,830,830,1140,1100,1180,60,880,180,50,29.8,680,30,10,320,170,5.5,75,15,4.4,106,57.9,2.8,0.9,27,14.8,6483.408244
348300,0.000446895,Frankton Arm,Frankton Arm,680,870,1390,1650,2190,180,1400,490,120,31.2,1550,110,30,430,220,8.1,64.1,22,5.5,116,70.8,5,1.2,19.7,9.9,7030.231469
348400,0.000648916,Frankton,Frankton,1550,1970,2270,2420,3180,350,1740,770,310,32.5,2160,140,70,670,300,11.1,54.8,24,9.7,114,68.2,4.5,2,21.2,9.5,15872.96987
348600,0.000250996,Kelvin Heights,Kelvin Heights,720,820,1010,1080,1230,170,400,420,240,42.3,1090,70,20,90,40,14.1,32.6,34,19.3,105,88.9,5.9,1.2,7.3,3.3,16529.54989
350000,0.000597901,Seddon Park,Seddon Park,2680,2650,2700,2680,2930,530,700,820,880,47.8,2710,270,70,80,70,18,24,28,30.1,83,92.4,9.3,2.4,2.7,2.2,6606.68141
348900,0.000212224,Jacks Point,Jacks Point,20,30,60,250,1040,280,330,360,60,35.5,950,40,10,60,20,27.1,31.6,35,6.1,110,91.5,3.6,1.4,6,2.3,19611.44128
350500,0.000248955,Helensburgh,Helensburgh,1140,1120,1110,1200,1220,240,380,420,190,39.4,1110,90,20,100,10,19.4,31,34,15.6,94,91.2,7.2,1.7,8,0.6,6262.821335
349200,0.000250996,Waikouaiti,Waikouaiti,1190,1120,1120,1150,1230,170,230,450,380,53.4,1180,120,20,30,0,13.6,18.4,37,31.2,90,95.7,9.5,2,2.3,0.3,19230.64579
349400,0.000314255,Taieri,Taieri,960,1050,1230,1450,1540,280,330,620,310,46.8,1500,80,20,20,0,18,21.5,41,19.9,101,97.8,5.5,1.2,1.2,0.1,79536.76392
349600,0.000422408,Mount Cargill,Mount Cargill,1670,1690,1800,1820,2070,390,450,910,310,46.8,1960,160,20,50,10,18.8,21.7,44,15.2,107,95.1,8,1,2.3,0.7,91299.32387
349700,0.000491789,Bush Road,Bush Road,2260,2300,2340,2390,2410,390,560,730,720,48.8,2320,150,30,40,10,16.4,23.4,30,29.9,94,96.3,6.1,1.2,1.5,0.5,4079.203057
349800,0.000565251,Mosgiel East,Mosgiel East,1400,1570,1840,2010,2770,370,510,840,1050,56.4,2660,160,30,90,10,13.5,18.4,30,38,81,95.7,5.7,1.1,3.3,0.2,9793.749408
350100,0.000185696,Wingatui,Wingatui,630,650,700,790,910,160,250,370,130,43.8,860,80,10,20,10,17.6,27.1,41,14.7,99,94.2,9.2,1.4,1.9,1,12410.66931
350300,0.000457098,East Taieri,East Taieri,1530,1510,1700,1990,2240,430,560,890,360,44.7,2130,150,30,70,20,19.3,25,40,16.2,103,94.9,6.8,1.3,3.1,0.8,11489.9213
350400,0.000383636,Halfway Bush,Halfway Bush,2150,1890,1880,1780,1880,350,690,560,270,36.1,1690,170,100,100,30,18.8,36.6,30,14.6,96,89.8,8.9,5.2,5.4,1.6,7121.354187
350600,0.00026324,Glenleith,Glenleith,1050,1150,1190,1150,1290,220,480,390,190,36.3,1110,120,50,120,30,17.2,37.3,30,15,105,86.5,9.5,4.2,9,2.1,8869.797527
350700,0.000526479,Fairfield (Dunedin City),Fairfield (Dunedin City),2190,2130,2340,2480,2580,460,720,980,430,44.2,2420,180,30,110,20,17.6,27.8,38,16.8,101,93.7,6.9,1.2,4.2,0.7,13050.76914
352300,0.000408123,Kenmure,Kenmure,2020,1940,1980,1920,2000,390,690,650,270,37.2,1790,160,50,160,20,19.5,34.4,32,13.7,93,89.5,8.2,2.5,7.8,1.2,5821.428668
350900,0.000508113,Brockville,Brockville,2580,2520,2520,2350,2490,540,840,770,340,35.8,1990,350,170,160,110,21.6,33.6,31,13.7,96,80.2,14.1,6.9,6.5,4.2,5563.744448
351000,0.000869303,Wakari,Wakari,3970,3890,3810,3940,4260,790,1490,1360,610,37.3,3660,410,120,390,80,18.6,34.9,32,14.4,90,86,9.7,2.9,9.3,1.9,6664.257338
351100,0.000591779,Abbotsford,Abbotsford,2350,2370,2470,2560,2900,560,950,980,420,38.8,2750,260,50,80,10,19.2,32.7,34,14.5,100,94.9,9.1,1.7,2.7,0.2,9567.773853
353200,0.000450976,Campus South,Campus South,1870,2000,2310,2120,2210,10,2150,40,10,21,1520,260,110,560,40,0.5,97.3,2,0.4,73,68.5,11.9,5.1,25.4,1.9,2944.176456
351200,0.000310174,Brighton,Brighton,1560,1520,1520,1480,1520,270,400,620,230,44.4,1450,160,20,50,10,17.8,26,41,15.4,106,95.2,10.5,1.5,3.2,0.5,18173.53283
351300,0.000487707,Pine Hill-Dalmore,Pine Hill-Dalmore,2340,2210,2420,2290,2390,440,990,660,300,33,2060,250,110,220,60,18.4,41.4,28,12.4,98,86.1,10.4,4.8,9,2.7,5857.696637
352100,0.000469342,Belleknowes,Belleknowes,2330,2310,2340,2300,2300,440,680,810,370,41.3,1980,150,50,250,60,18.9,29.7,35,16,97,86.1,6.5,2.1,10.9,2.8,5535.181473
351400,0.000250996,Kaikorai-Bradford,Kaikorai-Bradford,1110,1170,1150,1210,1230,220,430,400,180,37.9,1060,130,60,90,20,18,34.7,32,15,100,85.9,10.3,4.8,7.5,1.7,14615.81741
351500,0.000516276,Maori Hill,Maori Hill,2530,2470,2390,2440,2530,430,740,880,480,44.4,2230,160,40,290,20,17.1,29.3,35,18.8,89,88.1,6.3,1.4,11.4,0.7,5654.195044
351600,0.000646875,Roslyn (Dunedin City),Roslyn (Dunedin City),3120,2950,3030,3120,3170,470,1030,1030,640,42.5,2770,140,50,350,40,14.8,32.4,32,20.3,88,87.4,4.6,1.6,10.9,1.1,6346.699082
351700,0.000353027,North East Valley Chingford,North East Valley Chingford,1740,1680,1660,1610,1730,270,780,510,170,31.6,1460,210,70,130,40,15.4,45.2,29,9.9,102,84.2,12.3,3.9,7.7,2.3,4618.58542
351800,0.000306092,Roseneath-Sawyers Bay,Roseneath-Sawyers Bay,1500,1420,1420,1350,1500,290,390,560,260,44.2,1430,160,30,40,10,19.5,25.9,37,17.1,98,95.2,11,2,2.5,0.7,14969.11572
351900,0.000299971,Normanby,Normanby,1440,1410,1420,1410,1470,230,450,480,310,43.3,1320,130,30,90,20,15.5,31,32,21,101,90.2,9.1,2.2,6.4,1.7,7552.521688
352200,0.00082645,Gardens (Dunedin City),Gardens (Dunedin City),2870,3260,3380,3420,4050,40,3780,110,120,20.7,3270,440,120,610,90,0.9,93.4,3,2.9,77,80.8,10.8,3,15,2.3,6125.830795
352500,0.000273443,Waldronville,Waldronville,790,790,870,1160,1340,310,400,510,130,38.4,1250,110,10,70,10,22.8,29.7,38,9.9,104,93.4,7.9,0.8,5.5,0.4,20761.45086
354200,0.000475464,Caversham,Caversham,2390,2250,2310,2220,2330,320,790,670,550,42.5,1900,360,180,140,30,13.7,33.7,29,23.7,89,81.6,15.4,7.5,6.2,1.3,4155.271537
352600,0.000487707,Green Island,Green Island,2340,2280,2340,2290,2390,440,810,780,360,38.5,2210,250,60,80,40,18.5,33.7,33,15.1,101,92.3,10.6,2.5,3.3,1.6,11219.5649
352700,0.00029793,Port Chalmers,Port Chalmers,1590,1450,1420,1460,1460,250,370,560,290,45.5,1400,180,30,40,20,16.9,25.4,38,19.5,96,95.4,12,1.8,2.5,1.2,17360.89914
352800,0.000377514,Royal Terrace,Royal Terrace,1360,1610,1610,1670,1850,50,1500,210,90,22.9,1270,160,50,510,50,2.6,80.9,12,4.9,91,68.6,8.7,2.7,27.8,2.5,2871.819675
352900,0.000324458,Arthur Street,Arthur Street,1450,1380,1370,1400,1590,140,980,360,110,27.3,1210,130,70,270,60,8.6,61.7,23,6.9,103,76.4,8.4,4.3,16.8,3.5,4294.322469
353000,0.00026324,Opoho,Opoho,1310,1290,1270,1230,1290,220,450,440,180,38.5,1160,100,20,90,30,17.4,34.6,34,14.1,94,90.1,7.7,1.8,7.1,2.1,9726.875157
353100,0.00056117,Campus North,Campus North,2400,2400,2630,2730,2750,30,2690,20,10,19.9,2120,260,120,500,50,1.1,97.7,1,0.4,63,76.9,9.6,4.4,18.3,1.9,3698.371293
353300,0.00059586,Mornington,Mornington,3010,2930,2900,2780,2920,470,1150,950,340,35.1,2490,360,130,260,50,16.2,39.6,33,11.6,98,85.3,12.2,4.3,9,1.6,6044.792707
353400,0.000434651,Dunedin Central,Dunedin Central,1540,1580,1980,1970,2130,70,1610,380,70,25,1490,190,70,540,60,3.1,75.8,18,3.1,120,70.1,8.7,3.2,25.6,2.9,6451.30398
353500,0.000483626,Maryhill,Maryhill,2370,2320,2310,2190,2370,470,860,770,270,35.8,2030,240,140,210,50,19.8,36.3,32,11.5,95,85.9,10.2,5.8,8.9,2.1,5672.191021
353600,0.00039792,Ravensbourne-St Leonards,Ravensbourne-St Leonards,2040,1940,1950,1960,1950,310,560,780,290,44.3,1800,180,50,90,20,16.1,28.5,40,15.1,99,92.6,9.3,2.5,4.6,1.2,12533.19343
353700,1.02E-05,Harbourside,Harbourside,80,70,60,50,50,0,30,20,0,31.1,40,10,0,10,0,4.3,51.7,36,7.9,192,81.3,16.7,0,16.5,0,17043.89422
353800,0.000348945,Fernhill,Fernhill,1710,1540,1610,1430,1710,140,890,480,200,32.9,1170,160,110,360,60,8.3,51.8,28,11.7,128,68.3,9.2,6.2,21,3.6,4483.50346
354000,0.000318336,Concord,Concord,1670,1570,1530,1500,1560,320,550,490,200,35.6,1380,190,90,50,50,20.3,35.5,31,12.8,105,88.4,12.1,5.9,3.1,3,5290.969948
354100,0.000314255,Calton Hill,Calton Hill,1650,1550,1580,1470,1540,360,610,460,110,32.1,1330,210,120,70,40,23.1,39.6,30,7.2,97,86.1,13.6,8.1,4.4,2.9,3545.677859
354300,2.04E-05,Hillside-Portsmouth Drive,Hillside-Portsmouth Drive,140,120,110,80,100,10,50,30,10,38.9,70,20,10,20,10,8.7,44.6,33,13.7,192,65.6,17.2,7.2,19.7,5.3,8007.596196
354400,0.00036527,Kew (Dunedin City),Kew (Dunedin City),1760,1750,1710,1790,1790,330,530,530,400,41.4,1570,170,80,130,20,18.3,29.8,29,22.4,85,87.6,9.2,4.7,7.3,1.2,4145.379286
354500,0.00039792,Corstorphine,Corstorphine,1860,1770,1750,1830,1950,410,630,660,260,37.3,1630,230,140,160,30,21,32.1,34,13.4,97,83.5,12,7,8.1,1.7,4924.221423
354700,0.000510154,Bathgate Park,Bathgate Park,2400,2460,2430,2360,2500,330,690,810,670,48.6,1980,330,170,240,30,13.2,27.5,32,27,86,79.2,13,6.6,9.5,1.1,4492.821308
354800,0.00049791,St Clair,St Clair,2580,2480,2400,2420,2440,420,650,920,450,44.6,2240,240,80,120,30,17.1,26.7,38,18.4,94,92,9.9,3.4,5,1.1,9413.139875
354900,0.000559129,Waverley,Waverley,2810,2800,2720,2660,2740,430,740,1060,510,46.1,2430,190,50,240,50,15.6,27,39,18.6,95,88.5,6.8,1.9,8.7,1.7,10884.58846
355000,0.00033058,Macandrew Bay-Company Bay,Macandrew Bay-Company Bay,1490,1460,1520,1560,1620,330,330,660,300,46.7,1530,110,40,70,20,20.2,20.5,41,18.6,98,94.2,7,2.4,4.2,1.3,16605.92304
356600,0.00033058,Balclutha North,Balclutha North,1630,1620,1630,1560,1620,240,470,520,380,46.4,1460,160,60,50,0,15,29,32,23.6,92,90.6,10.2,3.5,3,0,8312.012543
355300,0.000322417,Musselburgh,Musselburgh,1630,1590,1570,1620,1580,290,510,520,260,39.5,1390,150,60,100,30,18.3,32.5,33,16.3,91,88.2,9.3,3.9,6.5,1.8,3763.498237
355400,0.000359148,Shiel Hill,Shiel Hill,1610,1510,1590,1650,1760,360,510,630,260,40.5,1450,120,40,270,40,20.3,29,36,14.7,98,82.4,6.9,2.2,15.5,2.1,5626.703678
355500,0.000532601,St Kilda North,St Kilda North,2600,2500,2490,2520,2610,410,820,760,620,42.4,2220,260,140,210,30,15.7,31.6,29,23.6,87,84.9,10,5.2,8,1.3,4757.81105
355600,0.000499951,Andersons Bay,Andersons Bay,2390,2440,2450,2410,2450,480,740,880,360,40.4,2270,200,60,140,40,19.4,30,36,14.6,96,92.6,8.3,2.3,5.6,1.5,6205.564952
355700,0.000416286,Tainui,Tainui,2040,2010,2020,2040,2040,390,730,720,200,37.3,1900,180,70,90,10,19.1,35.5,35,9.9,91,92.8,9,3.5,4.3,0.7,9278.000437
355900,0.000240793,Tuapeka,Tuapeka,1390,1210,1210,1100,1180,220,270,460,220,46.7,1100,180,10,20,0,19,22.7,39,19,101,93,15.4,0.6,1.8,0.3,248785.157
356000,0.000259158,Clinton,Clinton,1290,1260,1200,1240,1270,290,440,410,130,34.2,1130,150,20,70,20,22.9,34.8,32,10.2,114,88.6,11.8,1.9,5.5,1.7,213065.2414
356100,0.000338742,Clutha Valley,Clutha Valley,1640,1560,1600,1570,1660,380,540,570,170,36.5,1410,150,30,140,30,22.8,32.4,35,10.1,122,85.2,9,2.1,8.4,1.8,184851.2508
356200,0.000467301,Bruce,Bruce,1610,1550,1600,2090,2290,390,650,900,350,43.1,2100,310,30,40,10,17.1,28.2,39,15.3,142,91.4,13.4,1.3,1.9,0.4,169607.9389
356300,0.000269361,Catlins,Catlins,1580,1440,1360,1280,1320,210,280,560,270,50.1,1270,110,10,20,0,15.9,20.9,42,20.7,111,96.2,8.6,0.8,1.1,0.1,264277.1319
356700,9.79E-05,Benhar-Stirling,Benhar-Stirling,510,490,480,470,480,90,150,180,70,40.7,420,60,30,10,0,18.7,30.9,37,13.7,116,87.6,13.3,5.5,3.1,0,14845.30638
356800,0.000228549,Kaitangata-Matau,Kaitangata-Matau,1270,1160,1160,1130,1120,210,350,430,130,40.1,1010,170,20,50,0,18.8,31,39,11.5,109,89.9,14.9,1.8,4.3,0.1,86722.63704
357300,0.00016529,Mararoa,Mararoa,750,750,800,730,810,140,220,330,110,44.4,770,70,0,10,0,17.3,27.4,41,14.2,108,95.8,9.1,0.2,1,0.6,372597.4489
356400,0.000448936,Milton,Milton,2230,2130,2110,2110,2200,430,580,730,460,42.9,1940,400,40,50,10,19.7,26.5,33,20.8,103,88.2,18.2,1.7,2.1,0.5,13697.25815
356500,0.000524438,Balclutha South,Balclutha South,2650,2630,2580,2480,2570,430,710,860,580,44.8,2200,320,90,170,10,16.6,27.5,34,22.4,101,85.4,12.4,3.5,6.7,0.6,10644.1991
357500,0.000536682,Te Anau,Te Anau,1870,1960,1990,2040,2630,460,900,850,440,39.3,2200,230,30,320,60,17.3,34,32,16.6,100,83.6,8.7,1,12.3,2.3,12347.33311
357600,0.000128559,Whitestone,Whitestone,250,320,390,560,630,100,150,260,120,48.4,620,60,0,10,0,16.5,22.9,41,19.7,102,97.2,10.2,0,2.1,0.5,61781.69122
357700,0.000257118,Mossburn,Mossburn,1250,1130,1140,1220,1260,290,420,420,130,35.1,1060,90,10,140,20,23.1,33.1,33,10.4,118,83.9,7.3,1.2,11,1.5,297577.9931
357900,0.000420367,Longwood Forest,Longwood Forest,2410,2130,2000,2050,2060,430,580,760,290,41.1,1870,270,30,100,20,20.8,28.2,37,14.3,119,90.8,12.9,1.6,4.7,0.7,333355.4941
358000,0.000310174,Ohai-Nightcaps,Ohai-Nightcaps,1820,1630,1580,1540,1520,320,490,520,190,37.5,1250,290,20,120,10,21.1,32.3,34,12.6,124,82.2,18.9,1.5,7.8,0.8,174165.197
358100,0.000289768,Riversdale-Piano Flat,Riversdale-Piano Flat,1310,1260,1330,1380,1420,310,460,430,220,36.2,1310,150,20,60,10,21.6,32.3,31,15.5,114,92.1,10.4,1.3,4.1,0.7,297339.4884
360200,0.000259158,Gore Main,Gore Main,1240,1250,1240,1210,1270,160,230,370,500,57.5,1160,110,20,50,10,13,18.4,29,39.2,77,91.4,8.4,1.2,4.1,0.4,4010.667318
360800,0.000236712,Myross Bush,Myross Bush,780,810,980,1080,1160,240,260,500,160,44.8,1130,90,10,10,0,21,22.3,43,13.6,103,97,7.3,0.8,0.6,0.1,25028.50387
358900,0.000246915,Wallacetown,Wallacetown,1200,1090,1080,1190,1210,250,370,450,140,39.3,1110,140,20,50,10,20.6,30.3,38,11.6,107,91.6,11.4,1.9,4.3,0.5,45894.30637
359000,0.000244874,Grove Bush,Grove Bush,970,950,1020,1090,1200,270,340,450,140,39,1100,70,10,60,0,22.2,28.8,38,11.5,102,92.5,6,0.4,4.9,0.2,72623.92075
359100,0.000477504,Edendale-Woodlands,Edendale-Woodlands,2380,2280,2180,2250,2340,530,770,780,260,36.5,2030,250,40,210,10,22.6,32.7,33,11.3,118,86.7,10.6,1.7,9,0.6,102182.6188
359300,8.57E-05,Stewart Island,Stewart Island,420,390,420,390,420,60,110,160,100,49,390,80,10,0,0,13.1,27.2,37,22.8,111,93.8,19.9,1.2,0.8,1.1,1056311.424
359400,0.000216305,Awarua Plains,Awarua Plains,1070,980,990,1050,1060,270,380,310,90,32.1,880,140,20,130,10,25.9,36.3,29,8.8,109,82.9,13.3,1.7,12.4,0.9,124147.4614
359500,0.000459139,Wyndham-Catlins,Wyndham-Catlins,2520,2280,2180,2230,2250,470,630,840,320,41.2,2100,280,40,50,10,20.7,27.9,37,14.2,112,93.2,12.3,1.7,2,0.3,253184.2495
359600,0.000326499,Waikaka,Waikaka,1740,1640,1580,1600,1600,360,460,580,200,39.1,1460,100,10,120,0,22.5,28.9,36,12.4,119,91.3,6.2,0.3,7.6,0.3,165060.2301
360000,0.000306092,East Gore,East Gore,1620,1500,1440,1480,1500,330,470,470,240,37.6,1320,280,10,40,0,21.7,31.3,31,15.8,101,87.8,18.6,0.4,2.3,0.2,13096.15831
360100,3.88E-05,Gore Central,Gore Central,310,260,230,200,190,20,50,50,70,59.2,160,20,0,10,0,9.1,25,28,37.4,80,83.7,12.1,1.1,5.3,2.2,5910.107552
360300,0.000130599,Gore South,Gore South,660,570,600,620,640,120,180,230,110,44.2,570,100,10,10,0,18.3,28.7,36,17.4,118,89.1,15,1.3,1.5,0,12198.3227
360600,0.000775434,Prestonville-Grasmere,Prestonville-Grasmere,3730,3560,3550,3590,3800,810,1310,980,700,35.7,3460,590,80,150,20,21.3,34.5,26,18.4,94,90.9,15.6,2.2,3.9,0.5,9451.256546
361400,0.000436692,Hargest,Hargest,2110,2070,2070,2060,2140,450,710,710,270,36.5,1930,220,50,130,30,20.9,33.2,33,12.8,95,90.2,10.4,2.6,6,1.3,4388.159786
360900,0.000657078,Otatara,Otatara,2620,2550,2810,3130,3220,710,780,1320,420,42.6,3080,410,50,60,10,21.9,24.2,41,13,107,95.4,12.7,1.4,1.8,0.3,22163.26644
361500,0.000659119,Windsor,Windsor,3190,3090,3110,3040,3230,550,870,990,820,45.3,2870,370,100,190,30,17.1,26.9,31,25.3,80,88.7,11.4,3.1,5.8,1,7550.988082
361600,0.000732581,Richmond (Invercargill City),Richmond (Invercargill City),3560,3410,3420,3460,3590,620,1260,1090,620,38.3,3050,560,150,310,10,17.3,35,30,17.4,92,84.8,15.5,4.2,8.6,0.4,4529.077038
361000,0.000293849,Invercargill Central,Invercargill Central,1300,1020,1190,1160,1440,130,720,380,200,34.3,860,210,40,420,40,9.2,50.3,27,13.9,136,60,14.6,2.6,29.5,2.9,19256.7166
361100,0.000499951,Gladstone (Invercargill City),Gladstone (Invercargill City),2630,2500,2530,2460,2450,420,660,1010,360,44.4,2200,250,40,150,10,17.2,27,41,14.5,96,90,10,1.8,6.1,0.5,5366.924897
361200,0.000391798,Rosedale,Rosedale,1900,1860,1920,1910,1920,370,470,730,360,45.4,1750,170,40,140,10,19.1,24.2,38,18.8,87,91.2,9.1,1.9,7.1,0.3,4197.06835
361300,0.000267321,Avenal,Avenal,1280,1250,1180,1170,1310,230,490,430,170,36.8,1040,170,40,200,20,17.3,37.5,33,12.7,96,79.4,13.1,3,15,1.6,5326.010673
362200,0.000414245,Kew (Invercargill City),Kew (Invercargill City),2180,1990,1840,1960,2030,420,740,580,300,34.5,1670,470,130,90,10,20.8,36.2,28,14.6,107,82.2,23.3,6.6,4.5,0.4,9601.326487
259800,0,Bare Island,Bare Island,,,,,,,,,,,,,,,,,,,,,,,,,,2288.45549
336500,0,Inland water Lake Ellesmere/Te Waihora North,Inland water Lake Ellesmere/Te Waihora North,,,,,,,,,,,,,,,,,,,,,,,,,,82266.03137
341600,0,Inland water Lake Pukaki,Inland water Lake Pukaki,,,,,,,,,,,,,,,,,,,,,,,,,,86545.92784
341700,0,Inland water Lake Tekapo,Inland water Lake Tekapo,,,,,,,,,,,,,,,,,,,,,,,,,,74900.36837
343200,0,Inland water Lake Ōhau,Inland water Lake Ohau,,,,,,,,,,,,,,,,,,,,,,,,,,45352.75714
346100,0,Inland water Lake Wānaka,Inland water Lake Wanaka,,,,,,,,,,,,,,,,,,,,,,,,,,209396.2577
346300,0,Inland water Lake Hawea,Inland water Lake Hawea,,,,,,,,,,,,,,,,,,,,,,,,,,117876.1788
346500,0,Inland water Lake Wakatipu,Inland water Lake Wakatipu,,,,,,,,,,,,,,,,,,,,,,,,,,211883.3511
357200,0,Inland water Lake Te Anau,Inland water Lake Te Anau,,,,,,,,,,,,,,,,,,,,,,,,,,361811.5793
362300,0.000304052,Kennington-Tisbury,Kennington-Tisbury,990,980,1100,1350,1490,310,370,580,230,43.5,1390,180,10,40,0,20.8,24.7,39,15.7,111,93.6,12.4,0.9,2.4,0.2,38816.53342
362400,0.000581576,Newfield,Newfield,2990,2840,2810,2830,2850,570,900,840,540,38.7,2500,540,140,110,20,20,31.4,30,19,95,87.7,18.9,4.8,3.9,0.7,6489.26339
362500,0.00046322,Strathern,Strathern,2390,2250,2240,2130,2270,430,790,680,380,36.9,1940,470,150,100,20,18.8,34.6,30,16.8,91,85.4,20.7,6.4,4.5,0.7,4203.835163
362600,0.000267321,Elizabeth Park,Elizabeth Park,1450,1340,1260,1280,1310,290,400,350,270,37.4,1080,300,90,50,10,22.2,30.6,27,20.3,90,82.3,23.1,7,3.8,0.4,5085.466054
362700,0.000281605,Aurora,Aurora,1400,1300,1270,1340,1380,340,520,360,160,31,1050,400,120,80,0,24.7,37.8,26,11.8,92,76.1,29.3,8.9,5.8,0.1,3653.115042
238700,0,Mana Island,Mana Island,,,,,,,,,,,,,,,,,,,,,,,,,,6318.934455
246500,0,Towai,Towai,,,,,,,,,,,,,,,,,,,,,,,,,,16148.52514
357400,0,Inland water Lake Manapouri,Inland water Lake Manapouri,,,,,,,,,,,,,,,,,,,,,,,,,,183895.6789
357800,0,Inland water Lake Hauroko,Inland water Lake Hauroko,,,,,,,,,,,,,,,,,,,,,,,,,,105396.8631
257600,0,Inland water Lake Wairarapa,Inland water Lake Wairarapa,,,,,,,,,,,,,,,,,,,,,,,,,,49126.49033
