"ClimateZone","Code","N_models","N_species","EI_min","EI_max","EI_count","GI_min","GI_max","GI_count","Latitude","Longitude","EI","GI","generations","CS","HS","DS","WS","EI_min_cor","EI_max_cor","EI_avg_cor","GI_min_cor","GI_max_cor","GI_avg_cor"
"Temperate","500100","13.0","9.0","","","0.0","","","0.0","-35.025","173.275","26.3474444444444","26.3474444444444","3.72277777777778","0.0","0.0","0.0","111.0","0.0","67.196","26.3474444444444","0.0","67.196","26.3474444444444"
"Temperate","500202","13.0","9.0","0.0","67.399","24.0","0.0","67.399","24.0","-35.075","173.425","22.1232962962963","22.1232962962963","3.61055555555556","0.0","0.0","0.0","111.0","0.0","67.399","21.8864776234568","0.0","67.399","21.9014544753086"
"Temperate","500203","13.0","9.0","","","0.0","","","0.0","-35.025","173.525","22.7014074074074","22.7014074074074","3.52666666666667","0.0","0.0","0.0","111.0","0.0","65.516","22.7014074074074","0.0","65.516","22.7014074074074"
"Temperate","500204","13.0","9.0","0.0","67.164","16.0","0.0","67.164","16.0","-35.225","173.225","20.5539444444444","20.5539444444444","2.66833333333333","0.0","0.0","0.0","111.0","0.0","67.164","25.1709236111111","0.0","67.164","25.1709236111111"
"Temperate","500205","13.0","9.0","","","0.0","","","0.0","-35.175","173.175","23.6383333333333","23.6383333333333","3.62648148148148","0.0","0.0","0.0","111.0","0.0","66.235","23.6383333333333","0.0","66.235","23.6383333333333"
"Temperate","500206","13.0","9.0","0.0","68.533","18.0","0.0","68.533","18.0","-34.575","172.875","26.7643148148148","26.7643148148148","3.75148148148148","0.0","0.0","0.0","111.0","0.0","68.533","27.0285751028807","0.0","68.533","27.0285751028807"
"Temperate","500207","13.0","9.0","0.0","68.31","9.0","0.0","68.31","9.0","-34.775","173.075","26.4772592592593","26.4772592592593","3.78925925925926","0.0","0.0","0.0","111.0","0.0","68.31","26.9811666666667","0.0","68.31","26.9811666666667"
"Temperate","500208","13.0","9.0","0.0","67.859","11.0","0.0","67.859","11.0","-34.975","173.175","26.7880925925926","26.7880925925926","3.58592592592593","0.0","0.0","0.0","111.0","0.0","67.859","26.6201161616162","0.0","67.859","26.6201161616162"
"Temperate","500301","13.0","9.0","","","0.0","","","0.0","-35.125","173.275","25.8940555555556","25.8940555555556","3.7212962962963","0.0","0.0","0.0","111.0","0.0","67.164","25.8940555555556","0.0","67.164","25.8940555555556"
"Temperate","500302","13.0","9.0","","","0.0","","","0.0","-35.125","173.275","25.8940555555556","25.8940555555556","3.7212962962963","0.0","0.0","0.0","111.0","0.0","67.164","25.8940555555556","0.0","67.164","25.8940555555556"
"Temperate","500401","13.0","9.0","","","0.0","","","0.0","-35.125","173.775","21.5876481481481","21.5876481481481","3.13777777777778","0.0","0.0","0.0","111.0","0.0","60.95","21.5876481481481","0.0","60.95","21.5876481481481"
"Temperate","500402","13.0","9.0","0.0","66.56","26.0","0.0","66.56","26.0","-35.075","173.775","23.9469074074074","23.9469074074074","3.63777777777778","0.0","0.0","0.0","111.0","0.0","66.56","22.1693618233618","0.0","66.56","22.180396011396"
"Temperate","500500","13.0","9.0","","","0.0","","","0.0","-35.375","173.525","23.2994259259259","23.2994259259259","3.45555555555556","0.0","0.0","0.0","111.0","0.0","65.027","23.2994259259259","0.0","65.027","23.2994259259259"
"Temperate","500600","13.0","9.0","","","0.0","","","0.0","-35.425","173.525","24.230962962963","24.230962962963","3.50925925925926","0.0","0.0","0.0","111.0","0.0","65.52","24.230962962963","0.0","65.52","24.230962962963"
"Temperate","500700","13.0","9.0","","","0.0","","","0.0","-35.525","173.425","23.0513518518519","23.0513518518519","2.95925925925926","0.0","0.0","0.0","111.0","0.0","59.555","23.0513518518519","0.0","59.555","23.0513518518519"
"Temperate","500801","13.0","9.0","0.0","66.348","31.0","0.0","66.348","31.0","-35.325","173.475","22.5214259259259","22.5214259259259","3.31037037037037","0.0","0.0","0.0","111.0","0.0","66.348","21.8170065710872","0.0","66.348","21.8825352449223"
"Temperate","500802","13.0","9.0","0.0","66.289","29.0","0.0","66.289","29.0","-35.475","173.575","23.0305185185185","23.0305185185185","3.36592592592593","0.0","0.0","0.0","111.0","0.0","66.289","20.7279942528736","0.0","66.289","20.8618697318008"
"Temperate","500900","13.0","9.0","0.0","65.101","2.0","0.0","65.101","2.0","-35.225","173.975","23.2013333333333","23.2013333333333","3.4662962962963","0.0","0.0","0.0","111.0","0.0","65.101","22.6429444444444","0.0","65.101","22.6429444444444"
"Temperate","501000","13.0","9.0","","","0.0","","","0.0","-35.325","174.175","20.5217592592593","20.5217592592593","3.61481481481481","0.0","0.0","0.0","111.0","0.0","66.583","20.5217592592593","0.0","66.583","20.5217592592593"
"Temperate","501100","13.0","9.0","","","0.0","","","0.0","-35.325","174.075","19.3587222222222","19.3661666666667","3.56388888888889","0.0","0.0","0.0","111.049333333333","0.0","66.1","19.3587222222222","0.0","66.1","19.3661666666667"
"Temperate","501200","13.0","9.0","","","0.0","","","0.0","-35.275","174.025","21.3489259259259","21.3489259259259","3.44388888888889","0.0","0.0","0.0","111.0","0.0","64.89","21.3489259259259","0.0","64.89","21.3489259259259"
"Temperate","501300","13.0","9.0","","","0.0","","","0.0","-35.325","174.075","19.3587222222222","19.3661666666667","3.56388888888889","0.0","0.0","0.0","111.049333333333","0.0","66.1","19.3587222222222","0.0","66.1","19.3661666666667"
"Temperate","501400","13.0","9.0","","","0.0","","","0.0","-35.375","174.025","18.6404814814815","18.6658148148148","3.43685185185185","0.0","0.0","0.0","111.179888888889","0.0","64.88","18.6404814814815","0.0","64.88","18.6658148148148"
"Temperate","501500","13.0","9.0","","","0.0","","","0.0","-35.375","174.025","18.6404814814815","18.6658148148148","3.43685185185185","0.0","0.0","0.0","111.179888888889","0.0","64.88","18.6404814814815","0.0","64.88","18.6658148148148"
"Temperate","501612","13.0","9.0","","","0.0","","","0.0","-35.325","174.075","19.3587222222222","19.3661666666667","3.56388888888889","0.0","0.0","0.0","111.049333333333","0.0","66.1","19.3587222222222","0.0","66.1","19.3661666666667"
"Temperate","501614","13.0","9.0","0.0","67.281","7.0","0.0","67.281","7.0","-35.175","173.975","25.5165","25.5165","3.48240740740741","0.0","0.0","0.0","111.0","0.0","67.281","26.8542936507937","0.0","67.281","26.8542936507937"
"Temperate","501615","13.0","9.0","0.0","65.829","2.0","0.0","65.829","2.0","-35.225","174.025","23.866537037037","23.866537037037","3.54481481481481","0.0","0.0","0.0","111.0","0.0","65.829","22.1749351851852","0.0","65.829","22.1749351851852"
"Temperate","501620","13.0","9.0","0.0","67.462","24.0","0.0","67.462","24.0","-35.425","174.125","17.9701851851852","18.001962962963","3.275","0.0","0.0","0.0","111.230444444444","0.0","67.462","18.3616867283951","0.0","67.462","18.4041589506173"
"Temperate","501631","13.0","9.0","0.0","62.604","2.0","0.0","62.604","2.0","-35.325","173.775","17.3015","17.3726666666667","2.91481481481481","0.0","0.0","0.0","111.482111111111","0.0","62.604","18.0526296296296","0.0","62.604","18.1257407407407"
"Temperate","501632","13.0","9.0","0.0","60.044","3.0","0.0","60.044","3.0","-35.325","173.875","16.115962962963","16.196962962963","3.00592592592593","0.0","0.0","0.0","111.672444444444","0.0","60.044","15.7087037037037","0.0","60.044","15.8177592592593"
"Temperate","501633","13.0","9.0","0.0","66.1","13.0","0.0","66.1","13.0","-35.275","173.875","17.312","17.3343333333333","3.03388888888889","0.0","0.0","0.0","111.161333333333","0.0","66.1","18.1828717948718","0.0","66.1","18.2101068376068"
"Temperate","501634","13.0","9.0","0.0","65.052","28.0","0.0","65.052","28.0","-35.475","173.825","18.9197037037037","18.9787037037037","3.30555555555556","0.0","0.0","0.0","111.377555555556","0.0","65.052","17.1507175925926","0.0","65.052","17.2571541005291"
"Temperate","501700","13.0","9.0","","","0.0","","","0.0","-35.425","173.775","17.8101481481481","17.9109814814815","3.13388888888889","0.0","0.0","0.0","111.701166666667","0.0","61.673","17.8101481481481","0.0","61.673","17.9109814814815"
"Temperate","501802","13.0","9.0","0.0","65.45","35.0","0.0","65.45","35.0","-35.675","174.025","20.1554814814815","20.1653148148148","3.34759259259259","0.0","0.0","0.0","111.057666666667","0.0","65.45","18.8471476190476","0.0","65.45","18.9032888888889"
"Temperate","501806","13.0","9.0","","","0.0","","","0.0","-35.875","174.425","22.8172592592593","22.8172592592593","3.5912962962963","0.0","0.0","0.0","111.0","0.0","66.042","22.8172592592593","0.0","66.042","22.8172592592593"
"Temperate","501807","13.0","9.0","0.0","66.37","1.0","0.0","66.37","1.0","-35.625","174.525","22.7704074074074","22.7704074074074","3.58685185185185","0.0","0.0","0.0","111.0","0.0","66.37","22.7704074074074","0.0","66.37","22.7704074074074"
"Temperate","501809","13.0","9.0","0.0","65.615","14.0","0.0","65.615","14.0","-35.775","174.175","19.6699444444444","19.6761666666667","3.20111111111111","0.0","0.0","0.0","111.035888888889","0.0","65.615","20.1774907407407","0.0","65.615","20.188078042328"
"Temperate","501810","13.0","9.0","","","0.0","","","0.0","-35.775","174.225","20.0380740740741","20.048462962963","3.3737037037037","0.0","0.0","0.0","111.062888888889","0.0","64.151","20.0380740740741","0.0","64.151","20.048462962963"
"Temperate","501811","13.0","9.0","0.0","66.042","15.0","0.0","66.042","15.0","-35.925","174.275","20.4936296296296","20.500462962963","3.31018518518519","0.0","0.0","0.0","111.037777777778","0.0","66.042","21.5809481481481","0.0","66.042","21.582337037037"
"Temperate","501814","13.0","9.0","0.0","67.206","23.0","0.0","67.206","23.0","-35.525","174.375","19.2237407407407","19.2330185185185","3.36722222222222","0.0","0.0","0.0","111.059777777778","0.0","67.206","18.4930169082126","0.0","67.206","18.5220483091787"
"Temperate","501815","13.0","9.0","0.0","65.475","5.0","0.0","65.475","5.0","-35.975","174.375","22.1619444444444","22.1619444444444","3.3737037037037","0.0","0.0","0.0","111.0","0.0","65.475","21.9249666666667","0.0","65.475","21.9261222222222"
"Temperate","501816","13.0","9.0","0.0","65.716","2.0","0.0","65.716","2.0","-36.025","174.475","23.524537037037","23.524537037037","3.43722222222222","0.0","0.0","0.0","111.0","0.0","65.716","23.3281203703704","0.0","65.716","23.3281203703704"
"Temperate","501817","13.0","9.0","0.0","66.37","5.0","0.0","66.37","5.0","-35.725","174.475","21.5337962962963","21.5337962962963","3.58685185185185","0.0","0.0","0.0","111.0","0.0","66.37","20.634062962963","0.0","66.37","20.6410962962963"
"Temperate","501818","13.0","9.0","0.0","66.296","1.0","0.0","66.296","1.0","-35.775","174.425","22.258037037037","22.258037037037","3.60388888888889","0.0","0.0","0.0","111.0","0.0","66.296","22.258037037037","0.0","66.296","22.258037037037"
"Temperate","501819","13.0","9.0","0.0","65.788","2.0","0.0","65.788","2.0","-35.825","174.525","23.9517592592593","23.9517592592593","3.565","0.0","0.0","0.0","111.0","0.0","65.788","23.6489074074074","0.0","65.788","23.6489074074074"
"Temperate","502001","13.0","9.0","0.0","64.986","1.0","0.0","64.986","1.0","-35.625","174.275","18.6465185185185","18.6905185185185","3.38018518518518","0.0","0.0","0.0","111.305666666667","0.0","64.986","19.3341296296296","0.0","64.986","19.3597962962963"
"Temperate","502002","13.0","9.0","","","0.0","","","0.0","-35.725","174.275","18.5101666666667","18.5141111111111","2.98185185185185","0.0","0.0","0.0","111.024222222222","0.0","58.779","18.5101666666667","0.0","58.779","18.5141111111111"
"Temperate","502003","13.0","9.0","","","0.0","","","0.0","-35.725","174.275","18.5101666666667","18.5141111111111","2.98185185185185","0.0","0.0","0.0","111.024222222222","0.0","58.779","18.5101666666667","0.0","58.779","18.5141111111111"
"Temperate","502004","13.0","9.0","","","0.0","","","0.0","-35.725","174.375","20.2777407407407","20.3002962962963","3.56","0.0","0.0","0.0","111.137888888889","0.0","65.961","20.2777407407407","0.0","65.961","20.3002962962963"
"Temperate","502005","13.0","9.0","0.0","64.363","1.0","0.0","64.363","1.0","-35.775","174.275","21.0672962962963","21.0672962962963","3.39666666666667","0.0","0.0","0.0","111.0","0.0","64.363","21.0672962962963","0.0","64.363","21.0672962962963"
"Temperate","502101","13.0","9.0","","","0.0","","","0.0","-35.675","174.275","18.652537037037","18.671537037037","3.17759259259259","0.0","0.0","0.0","111.125","0.0","61.603","18.652537037037","0.0","61.603","18.671537037037"
"Temperate","502102","13.0","9.0","","","0.0","","","0.0","-35.675","174.325","19.3341296296296","19.3597962962963","3.44925925925926","0.0","0.0","0.0","111.170333333333","0.0","64.986","19.3341296296296","0.0","64.986","19.3597962962963"
"Temperate","502201","13.0","9.0","","","0.0","","","0.0","-35.675","174.325","19.3341296296296","19.3597962962963","3.44925925925926","0.0","0.0","0.0","111.170333333333","0.0","64.986","19.3341296296296","0.0","64.986","19.3597962962963"
"Temperate","502202","13.0","9.0","","","0.0","","","0.0","-35.675","174.325","19.3341296296296","19.3597962962963","3.44925925925926","0.0","0.0","0.0","111.170333333333","0.0","64.986","19.3341296296296","0.0","64.986","19.3597962962963"
"Temperate","502300","13.0","9.0","","","0.0","","","0.0","-35.675","174.325","19.3341296296296","19.3597962962963","3.44925925925926","0.0","0.0","0.0","111.170333333333","0.0","64.986","19.3341296296296","0.0","64.986","19.3597962962963"
"Temperate","502400","13.0","9.0","","","0.0","","","0.0","-35.675","174.325","19.3341296296296","19.3597962962963","3.44925925925926","0.0","0.0","0.0","111.170333333333","0.0","64.986","19.3341296296296","0.0","64.986","19.3597962962963"
"Temperate","502500","13.0","9.0","","","0.0","","","0.0","-35.725","174.325","20.2372592592593","20.2552592592593","3.63833333333333","0.0","0.0","0.0","111.113444444444","0.0","66.663","20.2372592592593","0.0","66.663","20.2552592592593"
"Temperate","502600","13.0","9.0","","","0.0","","","0.0","-35.725","174.325","20.2372592592593","20.2552592592593","3.63833333333333","0.0","0.0","0.0","111.113444444444","0.0","66.663","20.2372592592593","0.0","66.663","20.2552592592593"
"Temperate","502700","13.0","9.0","","","0.0","","","0.0","-35.725","174.325","20.2372592592593","20.2552592592593","3.63833333333333","0.0","0.0","0.0","111.113444444444","0.0","66.663","20.2372592592593","0.0","66.663","20.2552592592593"
"Temperate","502800","13.0","9.0","","","0.0","","","0.0","-35.725","174.325","20.2372592592593","20.2552592592593","3.63833333333333","0.0","0.0","0.0","111.113444444444","0.0","66.663","20.2372592592593","0.0","66.663","20.2552592592593"
"Temperate","502900","13.0","9.0","","","0.0","","","0.0","-35.725","174.325","20.2372592592593","20.2552592592593","3.63833333333333","0.0","0.0","0.0","111.113444444444","0.0","66.663","20.2372592592593","0.0","66.663","20.2552592592593"
"Temperate","503000","13.0","9.0","","","0.0","","","0.0","-35.725","174.325","20.2372592592593","20.2552592592593","3.63833333333333","0.0","0.0","0.0","111.113444444444","0.0","66.663","20.2372592592593","0.0","66.663","20.2552592592593"
"Temperate","503100","13.0","9.0","0.0","66.663","1.0","0.0","66.663","1.0","-35.725","174.325","20.2372592592593","20.2552592592593","3.63833333333333","0.0","0.0","0.0","111.113444444444","0.0","66.663","20.2372592592593","0.0","66.663","20.2552592592593"
"Temperate","503200","13.0","9.0","","","0.0","","","0.0","-35.725","174.325","20.2372592592593","20.2552592592593","3.63833333333333","0.0","0.0","0.0","111.113444444444","0.0","66.663","20.2372592592593","0.0","66.663","20.2552592592593"
"Temperate","503300","13.0","9.0","","","0.0","","","0.0","-35.725","174.275","18.5101666666667","18.5141111111111","2.98185185185185","0.0","0.0","0.0","111.024222222222","0.0","58.779","18.5101666666667","0.0","58.779","18.5141111111111"
"Temperate","503400","13.0","9.0","","","0.0","","","0.0","-35.725","174.275","18.5101666666667","18.5141111111111","2.98185185185185","0.0","0.0","0.0","111.024222222222","0.0","58.779","18.5101666666667","0.0","58.779","18.5141111111111"
"Temperate","503500","13.0","9.0","","","0.0","","","0.0","-35.725","174.325","20.2372592592593","20.2552592592593","3.63833333333333","0.0","0.0","0.0","111.113444444444","0.0","66.663","20.2372592592593","0.0","66.663","20.2552592592593"
"Temperate","503600","13.0","9.0","","","0.0","","","0.0","-35.725","174.325","20.2372592592593","20.2552592592593","3.63833333333333","0.0","0.0","0.0","111.113444444444","0.0","66.663","20.2372592592593","0.0","66.663","20.2552592592593"
"Temperate","503700","13.0","9.0","","","0.0","","","0.0","-35.725","174.325","20.2372592592593","20.2552592592593","3.63833333333333","0.0","0.0","0.0","111.113444444444","0.0","66.663","20.2372592592593","0.0","66.663","20.2552592592593"
"Temperate","503800","13.0","9.0","","","0.0","","","0.0","-35.775","174.275","21.0672962962963","21.0672962962963","3.39666666666667","0.0","0.0","0.0","111.0","0.0","64.363","21.0672962962963","0.0","64.363","21.0672962962963"
"Temperate","503900","13.0","9.0","","","0.0","","","0.0","-35.725","174.325","20.2372592592593","20.2552592592593","3.63833333333333","0.0","0.0","0.0","111.113444444444","0.0","66.663","20.2372592592593","0.0","66.663","20.2552592592593"
"Temperate","504000","13.0","9.0","","","0.0","","","0.0","-35.725","174.375","20.2777407407407","20.3002962962963","3.56","0.0","0.0","0.0","111.137888888889","0.0","65.961","20.2777407407407","0.0","65.961","20.3002962962963"
"Temperate","504100","13.0","9.0","","","0.0","","","0.0","-35.725","174.375","20.2777407407407","20.3002962962963","3.56","0.0","0.0","0.0","111.137888888889","0.0","65.961","20.2777407407407","0.0","65.961","20.3002962962963"
"Temperate","504300","13.0","9.0","","","0.0","","","0.0","-35.575","174.275","18.6252407407407","18.6667962962963","3.39611111111111","0.0","0.0","0.0","111.292111111111","0.0","64.588","18.6252407407407","0.0","64.588","18.6667962962963"
"Temperate","504400","13.0","9.0","0.0","64.672","1.0","0.0","64.672","1.0","-36.025","173.925","26.6400740740741","26.6400740740741","3.40277777777778","0.0","0.0","0.0","111.0","0.0","64.672","26.6400740740741","0.0","64.672","26.6400740740741"
"Temperate","504501","13.0","9.0","0.0","65.966","44.0","0.0","65.966","44.0","-35.925","173.825","30.3505555555556","30.3505555555556","3.41222222222222","0.0","0.0","0.0","111.0","0.0","65.966","25.923960016835","0.0","65.966","26.0341216329966"
"Temperate","504502","13.0","9.0","0.0","65.518","27.0","0.0","65.518","27.0","-35.875","173.975","23.0472592592593","23.0472592592593","3.33925925925926","0.0","0.0","0.0","111.0","0.0","65.518","22.2811138545953","0.0","65.518","22.2828360768176"
"Temperate","504600","13.0","9.0","0.0","64.726","1.0","0.0","64.726","1.0","-35.925","173.875","27.3729259259259","27.3729259259259","3.40722222222222","0.0","0.0","0.0","111.0","0.0","64.726","27.3729259259259","0.0","64.726","27.3729259259259"
"Temperate","504700","13.0","9.0","","","0.0","","","0.0","-36.125","174.325","24.0732592592593","24.0732592592593","3.43685185185185","0.0","0.0","0.0","111.0","0.0","65.042","24.0732592592593","0.0","65.042","24.0732592592593"
"Temperate","504800","13.0","9.0","","","0.0","","","0.0","-36.125","173.975","27.7946666666667","27.7946666666667","3.39407407407407","0.0","0.0","0.0","111.0","0.0","64.571","27.7946666666667","0.0","64.571","27.7946666666667"
"Temperate","504900","13.0","9.0","","","0.0","","","0.0","-36.175","174.425","23.907962962963","23.907962962963","3.37333333333333","0.0","0.0","0.0","111.0","0.0","64.45","23.907962962963","0.0","64.45","23.907962962963"
"Temperate","505010","13.0","9.0","0.0","65.613","39.0","0.0","65.613","39.0","-36.125","174.275","23.9551851851852","23.9551851851852","3.45222222222222","0.0","0.0","0.0","111.0","0.0","65.613","23.7000427350427","0.0","65.613","23.7000512820513"
"Temperate","505021","13.0","9.0","","","0.0","","","0.0","-36.125","174.525","24.4127407407407","24.4127407407407","3.37111111111111","0.0","0.0","0.0","111.0","0.0","64.45","24.4127407407407","0.0","64.45","24.4127407407407"
"Temperate","505022","13.0","9.0","","","0.0","","","0.0","-36.075","174.575","24.952","24.952","3.4662962962963","0.0","0.0","0.0","111.0","0.0","65.37","24.952","0.0","65.37","24.952"
"Temperate","505300","13.0","9.0","","","0.0","","","0.0","-36.275","174.525","25.163537037037","25.163537037037","3.43296296296296","0.0","0.0","0.0","111.0","0.0","65.045","25.163537037037","0.0","65.045","25.163537037037"
"Temperate","505400","13.0","9.0","","","0.0","","","0.0","-36.275","174.775","21.7316666666667","21.7316666666667","2.91481481481481","0.0","0.0","0.0","111.0","0.0","58.915","21.7316666666667","0.0","58.915","21.7316666666667"
"Temperate","505500","13.0","9.0","","","0.0","","","0.0","-36.425","174.675","21.8083888888889","21.8083888888889","3.25833333333333","0.0","0.0","0.0","111.0","0.0","63.283","21.8083888888889","0.0","63.283","21.8083888888889"
"Temperate","505601","13.0","9.0","","","0.0","","","0.0","-36.775","174.475","35.162462962963","35.162462962963","3.91296296296296","0.0","0.0","0.0","111.0","0.0","81.288","35.162462962963","0.0","81.288","35.162462962963"
"Temperate","505602","13.0","9.0","","","0.0","","","0.0","-36.775","174.525","32.8609074074074","32.8609074074074","3.95981481481481","0.0","0.0","0.0","111.0","0.0","81.913","32.8609074074074","0.0","81.913","32.8609074074074"
"Temperate","505603","13.0","9.0","","","0.0","","","0.0","-36.775","174.575","32.0345925925926","32.0345925925926","3.95981481481481","0.0","0.0","0.0","111.0","0.0","81.913","32.0345925925926","0.0","81.913","32.0345925925926"
"Temperate","505604","13.0","9.0","0.0","81.913","1.0","0.0","81.913","1.0","-36.775","174.575","32.0345925925926","32.0345925925926","3.95981481481481","0.0","0.0","0.0","111.0","0.0","81.913","32.0345925925926","0.0","81.913","32.0345925925926"
"Temperate","505605","13.0","9.0","0.0","81.913","1.0","0.0","81.913","1.0","-36.775","174.525","32.8609074074074","32.8609074074074","3.95981481481481","0.0","0.0","0.0","111.0","0.0","81.913","32.8609074074074","0.0","81.913","32.8609074074074"
"Temperate","505700","13.0","9.0","","","0.0","","","0.0","-36.825","174.525","30.8683703703704","30.8683703703704","3.77222222222222","0.0","0.0","0.0","111.0","0.0","79.369","30.8683703703704","0.0","79.369","30.8683703703704"
"Temperate","505803","13.0","9.0","","","0.0","","","0.0","-36.575","174.675","23.4610925925926","23.4610925925926","3.33888888888889","0.0","0.0","0.0","111.0","0.0","63.327","23.4610925925926","0.0","63.327","23.4610925925926"
"Temperate","505804","13.0","9.0","","","0.0","","","0.0","-36.575","174.675","23.4610925925926","23.4610925925926","3.33888888888889","0.0","0.0","0.0","111.0","0.0","63.327","23.4610925925926","0.0","63.327","23.4610925925926"
"Temperate","505805","13.0","9.0","","","0.0","","","0.0","-36.575","174.675","23.4610925925926","23.4610925925926","3.33888888888889","0.0","0.0","0.0","111.0","0.0","63.327","23.4610925925926","0.0","63.327","23.4610925925926"
"Temperate","505806","13.0","9.0","","","0.0","","","0.0","-36.625","174.675","24.1159814814815","24.1159814814815","3.46092592592593","0.0","0.0","0.0","111.0","0.0","64.431","24.1159814814815","0.0","64.431","24.1159814814815"
"Temperate","505807","13.0","9.0","","","0.0","","","0.0","-36.625","174.675","24.1159814814815","24.1159814814815","3.46092592592593","0.0","0.0","0.0","111.0","0.0","64.431","24.1159814814815","0.0","64.431","24.1159814814815"
"Temperate","505808","13.0","9.0","","","0.0","","","0.0","-36.625","174.725","22.9277962962963","22.9277962962963","3.33481481481481","0.0","0.0","0.0","111.0","0.0","62.569","22.9277962962963","0.0","62.569","22.9277962962963"
"Temperate","505902","13.0","9.0","","","0.0","","","0.0","-36.625","174.725","22.9277962962963","22.9277962962963","3.33481481481481","0.0","0.0","0.0","111.0","0.0","62.569","22.9277962962963","0.0","62.569","22.9277962962963"
"Temperate","505904","13.0","9.0","","","0.0","","","0.0","-36.625","174.725","22.9277962962963","22.9277962962963","3.33481481481481","0.0","0.0","0.0","111.0","0.0","62.569","22.9277962962963","0.0","62.569","22.9277962962963"
"Temperate","505906","13.0","9.0","","","0.0","","","0.0","-36.625","174.725","22.9277962962963","22.9277962962963","3.33481481481481","0.0","0.0","0.0","111.0","0.0","62.569","22.9277962962963","0.0","62.569","22.9277962962963"
"Temperate","505907","13.0","9.0","0.0","62.569","1.0","0.0","62.569","1.0","-36.625","174.725","22.9277962962963","22.9277962962963","3.33481481481481","0.0","0.0","0.0","111.0","0.0","62.569","22.9277962962963","0.0","62.569","22.9277962962963"
"Temperate","505908","13.0","9.0","","","0.0","","","0.0","-36.625","174.725","22.9277962962963","22.9277962962963","3.33481481481481","0.0","0.0","0.0","111.0","0.0","62.569","22.9277962962963","0.0","62.569","22.9277962962963"
"Temperate","505909","13.0","9.0","","","0.0","","","0.0","-36.625","174.725","22.9277962962963","22.9277962962963","3.33481481481481","0.0","0.0","0.0","111.0","0.0","62.569","22.9277962962963","0.0","62.569","22.9277962962963"
"Temperate","505910","13.0","9.0","","","0.0","","","0.0","-36.625","174.725","22.9277962962963","22.9277962962963","3.33481481481481","0.0","0.0","0.0","111.0","0.0","62.569","22.9277962962963","0.0","62.569","22.9277962962963"
"Temperate","506001","13.0","9.0","0.0","64.431","1.0","0.0","64.431","1.0","-36.625","174.675","24.1159814814815","24.1159814814815","3.46092592592593","0.0","0.0","0.0","111.0","0.0","64.431","24.1159814814815","0.0","64.431","24.1159814814815"
"Temperate","506002","13.0","9.0","","","0.0","","","0.0","-36.625","174.725","22.9277962962963","22.9277962962963","3.33481481481481","0.0","0.0","0.0","111.0","0.0","62.569","22.9277962962963","0.0","62.569","22.9277962962963"
"Temperate","506003","13.0","9.0","","","0.0","","","0.0","-36.675","174.675","24.1414259259259","24.1414259259259","3.365","0.0","0.0","0.0","111.0","0.0","63.441","24.1414259259259","0.0","63.441","24.1414259259259"
"Temperate","506201","13.0","9.0","","","0.0","","","0.0","-36.575","174.675","23.4610925925926","23.4610925925926","3.33888888888889","0.0","0.0","0.0","111.0","0.0","63.327","23.4610925925926","0.0","63.327","23.4610925925926"
"Temperate","506202","13.0","9.0","0.0","63.327","1.0","0.0","63.327","1.0","-36.575","174.675","23.4610925925926","23.4610925925926","3.33888888888889","0.0","0.0","0.0","111.0","0.0","63.327","23.4610925925926","0.0","63.327","23.4610925925926"
"Temperate","506300","13.0","9.0","0.0","63.441","1.0","0.0","63.441","1.0","-36.675","174.675","24.1414259259259","24.1414259259259","3.365","0.0","0.0","0.0","111.0","0.0","63.441","24.1414259259259","0.0","63.441","24.1414259259259"
"Temperate","506400","13.0","9.0","","","0.0","","","0.0","-36.725","174.625","24.6178703703704","24.6178703703704","3.32722222222222","0.0","0.0","0.0","111.0","0.0","62.499","24.6178703703704","0.0","62.499","24.6178703703704"
"Temperate","506613","13.0","9.0","0.0","65.331","24.0","0.0","65.331","24.0","-36.425","174.525","22.4547037037037","22.4547037037037","2.88537037037037","0.0","0.0","0.0","111.0","0.0","65.331","25.4064675925926","0.0","65.331","25.4064675925926"
"Temperate","506614","13.0","9.0","0.0","65.46","7.0","0.0","65.46","7.0","-36.625","174.575","26.3267407407407","26.3267407407407","3.5262962962963","0.0","0.0","0.0","111.0","0.0","65.46","25.2707169312169","0.0","65.46","25.2707169312169"
"Temperate","506616","13.0","9.0","","","0.0","","","0.0","-36.275","174.775","21.7316666666667","21.7316666666667","2.91481481481481","0.0","0.0","0.0","111.0","0.0","58.915","21.7316666666667","0.0","58.915","21.7316666666667"
"Temperate","506620","13.0","9.0","","","0.0","","","0.0","-36.375","174.775","23.2607222222222","23.2607222222222","3.33388888888889","0.0","0.0","0.0","111.0","0.0","64.147","23.2607222222222","0.0","64.147","23.2607222222222"
"Temperate","506631","13.0","9.0","0.0","65.065","1.0","0.0","65.065","1.0","-36.425","174.725","21.721","21.7211111111111","3.42203703703704","0.0","0.0","0.0","111.000444444444","0.0","65.065","21.721","0.0","65.065","21.7211111111111"
"Temperate","506633","13.0","9.0","","","0.0","","","0.0","-36.425","174.725","21.721","21.7211111111111","3.42203703703704","0.0","0.0","0.0","111.000444444444","0.0","65.065","21.721","0.0","65.065","21.7211111111111"
"Temperate","506634","13.0","9.0","","","0.0","","","0.0","-36.425","174.725","21.721","21.7211111111111","3.42203703703704","0.0","0.0","0.0","111.000444444444","0.0","65.065","21.721","0.0","65.065","21.7211111111111"
"Temperate","506642","13.0","9.0","0.0","82.68","10.0","0.0","82.68","10.0","-36.575","174.325","34.4638703703704","34.4638703703704","3.60685185185185","0.0","0.0","0.0","111.0","0.0","82.68","36.6663555555556","0.0","82.68","36.6663555555556"
"Temperate","506644","13.0","9.0","0.0","82.513","1.0","0.0","82.513","1.0","-36.675","174.425","41.1377407407407","41.1377407407407","4.00703703703704","0.0","0.0","0.0","111.0","0.0","82.513","41.1377407407407","0.0","82.513","41.1377407407407"
"Temperate","506645","13.0","9.0","","","0.0","","","0.0","-36.675","174.425","41.1377407407407","41.1377407407407","4.00703703703704","0.0","0.0","0.0","111.0","0.0","82.513","41.1377407407407","0.0","82.513","41.1377407407407"
"Temperate","506646","13.0","9.0","0.0","77.057","4.0","0.0","77.057","4.0","-36.625","174.475","36.4215555555556","36.4215555555556","3.62703703703704","0.0","0.0","0.0","111.0","0.0","77.057","31.8982314814815","0.0","77.057","31.8982314814815"
"Temperate","506647","13.0","9.0","","","0.0","","","0.0","-36.625","174.475","36.4215555555556","36.4215555555556","3.62703703703704","0.0","0.0","0.0","111.0","0.0","77.057","36.4215555555556","0.0","77.057","36.4215555555556"
"Temperate","506648","13.0","9.0","","","0.0","","","0.0","-36.675","174.475","36.9441851851852","36.9441851851852","3.7837037037037","0.0","0.0","0.0","111.0","0.0","79.378","36.9441851851852","0.0","79.378","36.9441851851852"
"Temperate","506652","13.0","9.0","0.0","81.288","3.0","0.0","81.288","3.0","-36.775","174.425","37.2673518518518","37.2673518518518","3.85388888888889","0.0","0.0","0.0","111.0","0.0","81.288","34.4327283950617","0.0","81.288","34.4327283950617"
"Temperate","506653","13.0","9.0","0.0","81.372","5.0","0.0","81.372","5.0","-36.725","174.575","30.710462962963","30.710462962963","3.73555555555556","0.0","0.0","0.0","111.0","0.0","81.372","29.6837222222222","0.0","81.372","29.6837222222222"
"Temperate","506654","13.0","9.0","","","0.0","","","0.0","-36.825","174.475","30.4097777777778","30.4097777777778","3.71481481481481","0.0","0.0","0.0","111.0","0.0","78.522","30.4097777777778","0.0","78.522","30.4097777777778"
"Temperate","506655","13.0","9.0","0.0","78.522","1.0","0.0","78.522","1.0","-36.825","174.475","30.4097777777778","30.4097777777778","3.71481481481481","0.0","0.0","0.0","111.0","0.0","78.522","30.4097777777778","0.0","78.522","30.4097777777778"
"Temperate","506656","13.0","9.0","","","0.0","","","0.0","-36.875","174.475","31.0628703703704","31.0628703703704","3.86574074074074","0.0","0.0","0.0","111.0","0.0","80.601","31.0628703703704","0.0","80.601","31.0628703703704"
"Temperate","506657","13.0","9.0","","","0.0","","","0.0","-36.325","174.725","22.7147037037037","22.7147037037037","3.39092592592593","0.0","0.0","0.0","111.0","0.0","64.749","22.7147037037037","0.0","64.749","22.7147037037037"
"Temperate","506658","13.0","9.0","","","0.0","","","0.0","-36.375","174.775","23.2607222222222","23.2607222222222","3.33388888888889","0.0","0.0","0.0","111.0","0.0","64.147","23.2607222222222","0.0","64.147","23.2607222222222"
"Temperate","506659","13.0","9.0","","","0.0","","","0.0","-36.325","174.725","22.7147037037037","22.7147037037037","3.39092592592593","0.0","0.0","0.0","111.0","0.0","64.749","22.7147037037037","0.0","64.749","22.7147037037037"
"Temperate","506660","13.0","9.0","0.0","65.626","16.0","0.0","65.626","16.0","-36.275","174.575","24.0489814814815","24.0489814814815","3.3687037037037","0.0","0.0","0.0","111.0","0.0","65.626","23.779775462963","0.0","65.626","23.779775462963"
"Temperate","506661","13.0","9.0","0.0","64.749","6.0","0.0","64.749","6.0","-36.325","174.725","22.7147037037037","22.7147037037037","3.39092592592593","0.0","0.0","0.0","111.0","0.0","64.749","22.2641975308642","0.0","64.749","22.2641975308642"
"Temperate","506800","13.0","9.0","0.0","79.378","1.0","0.0","79.378","1.0","-36.675","174.475","36.9441851851852","36.9441851851852","3.7837037037037","0.0","0.0","0.0","111.0","0.0","79.378","36.9441851851852","0.0","79.378","36.9441851851852"
"Temperate","506901","13.0","9.0","","","0.0","","","0.0","-36.675","174.725","23.2979074074074","23.2979074074074","3.3687037037037","0.0","0.0","0.0","111.0","0.0","62.893","23.2979074074074","0.0","62.893","23.2979074074074"
"Temperate","506902","13.0","9.0","","","0.0","","","0.0","-36.725","174.725","23.042037037037","23.042037037037","3.26185185185185","0.0","0.0","0.0","111.0","0.0","61.822","23.042037037037","0.0","61.822","23.042037037037"
"Temperate","506903","13.0","9.0","","","0.0","","","0.0","-36.675","174.725","23.2979074074074","23.2979074074074","3.3687037037037","0.0","0.0","0.0","111.0","0.0","62.893","23.2979074074074","0.0","62.893","23.2979074074074"
"Temperate","507000","13.0","9.0","","","0.0","","","0.0","-36.725","174.725","23.042037037037","23.042037037037","3.26185185185185","0.0","0.0","0.0","111.0","0.0","61.822","23.042037037037","0.0","61.822","23.042037037037"
"Temperate","507101","13.0","9.0","","","0.0","","","0.0","-36.725","174.725","23.042037037037","23.042037037037","3.26185185185185","0.0","0.0","0.0","111.0","0.0","61.822","23.042037037037","0.0","61.822","23.042037037037"
"Temperate","507102","13.0","9.0","0.0","61.822","1.0","0.0","61.822","1.0","-36.725","174.725","23.042037037037","23.042037037037","3.26185185185185","0.0","0.0","0.0","111.0","0.0","61.822","23.042037037037","0.0","61.822","23.042037037037"
"Temperate","507200","13.0","9.0","","","0.0","","","0.0","-36.725","174.725","23.042037037037","23.042037037037","3.26185185185185","0.0","0.0","0.0","111.0","0.0","61.822","23.042037037037","0.0","61.822","23.042037037037"
"Temperate","507300","13.0","9.0","","","0.0","","","0.0","-36.725","174.725","23.042037037037","23.042037037037","3.26185185185185","0.0","0.0","0.0","111.0","0.0","61.822","23.042037037037","0.0","61.822","23.042037037037"
"Temperate","507400","13.0","9.0","","","0.0","","","0.0","-36.725","174.725","23.042037037037","23.042037037037","3.26185185185185","0.0","0.0","0.0","111.0","0.0","61.822","23.042037037037","0.0","61.822","23.042037037037"
"Temperate","507500","13.0","9.0","","","0.0","","","0.0","-36.775","174.775","24.6588703703704","24.6588703703704","3.43074074074074","0.0","0.0","0.0","111.0","0.0","64.1","24.6588703703704","0.0","64.1","24.6588703703704"
"Temperate","507710","13.0","9.0","","","0.0","","","0.0","-36.775","174.775","24.6588703703704","24.6588703703704","3.43074074074074","0.0","0.0","0.0","111.0","0.0","64.1","24.6588703703704","0.0","64.1","24.6588703703704"
"Temperate","507720","13.0","9.0","","","0.0","","","0.0","-36.775","174.775","24.6588703703704","24.6588703703704","3.43074074074074","0.0","0.0","0.0","111.0","0.0","64.1","24.6588703703704","0.0","64.1","24.6588703703704"
"Temperate","507800","13.0","9.0","0.0","64.1","1.0","0.0","64.1","1.0","-36.775","174.775","24.6588703703704","24.6588703703704","3.43074074074074","0.0","0.0","0.0","111.0","0.0","64.1","24.6588703703704","0.0","64.1","24.6588703703704"
"Temperate","507900","13.0","9.0","","","0.0","","","0.0","-36.775","174.775","24.6588703703704","24.6588703703704","3.43074074074074","0.0","0.0","0.0","111.0","0.0","64.1","24.6588703703704","0.0","64.1","24.6588703703704"
"Temperate","508010","13.0","9.0","","","0.0","","","0.0","-36.775","174.775","24.6588703703704","24.6588703703704","3.43074074074074","0.0","0.0","0.0","111.0","0.0","64.1","24.6588703703704","0.0","64.1","24.6588703703704"
"Temperate","508020","13.0","9.0","","","0.0","","","0.0","-36.775","174.775","24.6588703703704","24.6588703703704","3.43074074074074","0.0","0.0","0.0","111.0","0.0","64.1","24.6588703703704","0.0","64.1","24.6588703703704"
"Temperate","508110","13.0","9.0","","","0.0","","","0.0","-36.775","174.775","24.6588703703704","24.6588703703704","3.43074074074074","0.0","0.0","0.0","111.0","0.0","64.1","24.6588703703704","0.0","64.1","24.6588703703704"
"Temperate","508120","13.0","9.0","","","0.0","","","0.0","-36.775","174.775","24.6588703703704","24.6588703703704","3.43074074074074","0.0","0.0","0.0","111.0","0.0","64.1","24.6588703703704","0.0","64.1","24.6588703703704"
"Temperate","508210","13.0","9.0","","","0.0","","","0.0","-36.775","174.725","23.4575555555556","23.4575555555556","3.27351851851852","0.0","0.0","0.0","111.0","0.0","61.953","23.4575555555556","0.0","61.953","23.4575555555556"
"Temperate","508220","13.0","9.0","","","0.0","","","0.0","-36.775","174.725","23.4575555555556","23.4575555555556","3.27351851851852","0.0","0.0","0.0","111.0","0.0","61.953","23.4575555555556","0.0","61.953","23.4575555555556"
"Temperate","508310","13.0","9.0","","","0.0","","","0.0","-36.775","174.725","23.4575555555556","23.4575555555556","3.27351851851852","0.0","0.0","0.0","111.0","0.0","61.953","23.4575555555556","0.0","61.953","23.4575555555556"
"Temperate","508320","13.0","9.0","0.0","61.953","1.0","0.0","61.953","1.0","-36.775","174.725","23.4575555555556","23.4575555555556","3.27351851851852","0.0","0.0","0.0","111.0","0.0","61.953","23.4575555555556","0.0","61.953","23.4575555555556"
"Temperate","508411","13.0","9.0","","","0.0","","","0.0","-36.775","174.725","23.4575555555556","23.4575555555556","3.27351851851852","0.0","0.0","0.0","111.0","0.0","61.953","23.4575555555556","0.0","61.953","23.4575555555556"
"Temperate","508412","13.0","9.0","","","0.0","","","0.0","-36.775","174.725","23.4575555555556","23.4575555555556","3.27351851851852","0.0","0.0","0.0","111.0","0.0","61.953","23.4575555555556","0.0","61.953","23.4575555555556"
"Temperate","508420","13.0","9.0","","","0.0","","","0.0","-36.775","174.725","23.4575555555556","23.4575555555556","3.27351851851852","0.0","0.0","0.0","111.0","0.0","61.953","23.4575555555556","0.0","61.953","23.4575555555556"
"Temperate","508510","13.0","9.0","","","0.0","","","0.0","-36.775","174.725","23.4575555555556","23.4575555555556","3.27351851851852","0.0","0.0","0.0","111.0","0.0","61.953","23.4575555555556","0.0","61.953","23.4575555555556"
"Temperate","508520","13.0","9.0","","","0.0","","","0.0","-36.775","174.725","23.4575555555556","23.4575555555556","3.27351851851852","0.0","0.0","0.0","111.0","0.0","61.953","23.4575555555556","0.0","61.953","23.4575555555556"
"Temperate","508610","13.0","9.0","","","0.0","","","0.0","-36.775","174.725","23.4575555555556","23.4575555555556","3.27351851851852","0.0","0.0","0.0","111.0","0.0","61.953","23.4575555555556","0.0","61.953","23.4575555555556"
"Temperate","508620","13.0","9.0","","","0.0","","","0.0","-36.775","174.725","23.4575555555556","23.4575555555556","3.27351851851852","0.0","0.0","0.0","111.0","0.0","61.953","23.4575555555556","0.0","61.953","23.4575555555556"
"Temperate","508701","13.0","9.0","","","0.0","","","0.0","-36.725","174.675","23.614037037037","23.614037037037","3.25055555555556","0.0","0.0","0.0","111.0","0.0","61.709","23.614037037037","0.0","61.709","23.614037037037"
"Temperate","508703","13.0","9.0","","","0.0","","","0.0","-36.725","174.725","23.042037037037","23.042037037037","3.26185185185185","0.0","0.0","0.0","111.0","0.0","61.822","23.042037037037","0.0","61.822","23.042037037037"
"Temperate","508704","13.0","9.0","","","0.0","","","0.0","-36.725","174.725","23.042037037037","23.042037037037","3.26185185185185","0.0","0.0","0.0","111.0","0.0","61.822","23.042037037037","0.0","61.822","23.042037037037"
"Temperate","508803","13.0","9.0","","","0.0","","","0.0","-36.775","174.725","23.4575555555556","23.4575555555556","3.27351851851852","0.0","0.0","0.0","111.0","0.0","61.953","23.4575555555556","0.0","61.953","23.4575555555556"
"Temperate","508804","13.0","9.0","","","0.0","","","0.0","-36.725","174.725","23.042037037037","23.042037037037","3.26185185185185","0.0","0.0","0.0","111.0","0.0","61.822","23.042037037037","0.0","61.822","23.042037037037"
"Temperate","508805","13.0","9.0","","","0.0","","","0.0","-36.725","174.725","23.042037037037","23.042037037037","3.26185185185185","0.0","0.0","0.0","111.0","0.0","61.822","23.042037037037","0.0","61.822","23.042037037037"
"Temperate","508806","13.0","9.0","","","0.0","","","0.0","-36.725","174.675","23.614037037037","23.614037037037","3.25055555555556","0.0","0.0","0.0","111.0","0.0","61.709","23.614037037037","0.0","61.709","23.614037037037"
"Temperate","508807","13.0","9.0","","","0.0","","","0.0","-36.725","174.725","23.042037037037","23.042037037037","3.26185185185185","0.0","0.0","0.0","111.0","0.0","61.822","23.042037037037","0.0","61.822","23.042037037037"
"Temperate","508900","13.0","9.0","0.0","62.893","1.0","0.0","62.893","1.0","-36.675","174.725","23.2979074074074","23.2979074074074","3.3687037037037","0.0","0.0","0.0","111.0","0.0","62.893","23.2979074074074","0.0","62.893","23.2979074074074"
"Temperate","509000","13.0","9.0","0.0","61.709","1.0","0.0","61.709","1.0","-36.725","174.675","23.614037037037","23.614037037037","3.25055555555556","0.0","0.0","0.0","111.0","0.0","61.709","23.614037037037","0.0","61.709","23.614037037037"
"Temperate","509100","13.0","9.0","0.0","63.001","1.0","0.0","63.001","1.0","-36.775","174.675","24.4329259259259","24.4329259259259","3.38092592592593","0.0","0.0","0.0","111.0","0.0","63.001","24.4329259259259","0.0","63.001","24.4329259259259"
"Temperate","509300","13.0","9.0","","","0.0","","","0.0","-36.775","174.775","24.6588703703704","24.6588703703704","3.43074074074074","0.0","0.0","0.0","111.0","0.0","64.1","24.6588703703704","0.0","64.1","24.6588703703704"
"Temperate","509400","13.0","9.0","","","0.0","","","0.0","-36.875","174.825","24.0247592592593","24.0247592592593","3.25648148148148","0.0","0.0","0.0","111.0","0.0","61.962","24.0247592592593","0.0","61.962","24.0247592592593"
"Temperate","509500","13.0","9.0","","","0.0","","","0.0","-36.875","174.775","23.2014074074074","23.2014074074074","3.16388888888889","0.0","0.0","0.0","111.0","0.0","60.952","23.2014074074074","0.0","60.952","23.2014074074074"
"Temperate","509701","13.0","9.0","","","0.0","","","0.0","-36.775","174.725","23.4575555555556","23.4575555555556","3.27351851851852","0.0","0.0","0.0","111.0","0.0","61.953","23.4575555555556","0.0","61.953","23.4575555555556"
"Temperate","509702","13.0","9.0","","","0.0","","","0.0","-36.775","174.775","24.6588703703704","24.6588703703704","3.43074074074074","0.0","0.0","0.0","111.0","0.0","64.1","24.6588703703704","0.0","64.1","24.6588703703704"
"Temperate","509800","13.0","9.0","","","0.0","","","0.0","-36.775","174.725","23.4575555555556","23.4575555555556","3.27351851851852","0.0","0.0","0.0","111.0","0.0","61.953","23.4575555555556","0.0","61.953","23.4575555555556"
"Temperate","510010","13.0","9.0","","","0.0","","","0.0","-36.775","174.675","24.4329259259259","24.4329259259259","3.38092592592593","0.0","0.0","0.0","111.0","0.0","63.001","24.4329259259259","0.0","63.001","24.4329259259259"
"Temperate","510020","13.0","9.0","","","0.0","","","0.0","-36.775","174.675","24.4329259259259","24.4329259259259","3.38092592592593","0.0","0.0","0.0","111.0","0.0","63.001","24.4329259259259","0.0","63.001","24.4329259259259"
"Temperate","510210","13.0","9.0","","","0.0","","","0.0","-36.775","174.725","23.4575555555556","23.4575555555556","3.27351851851852","0.0","0.0","0.0","111.0","0.0","61.953","23.4575555555556","0.0","61.953","23.4575555555556"
"Temperate","510220","13.0","9.0","","","0.0","","","0.0","-36.775","174.725","23.4575555555556","23.4575555555556","3.27351851851852","0.0","0.0","0.0","111.0","0.0","61.953","23.4575555555556","0.0","61.953","23.4575555555556"
"Temperate","510401","13.0","9.0","","","0.0","","","0.0","-36.775","174.725","23.4575555555556","23.4575555555556","3.27351851851852","0.0","0.0","0.0","111.0","0.0","61.953","23.4575555555556","0.0","61.953","23.4575555555556"
"Temperate","510402","13.0","9.0","","","0.0","","","0.0","-36.775","174.725","23.4575555555556","23.4575555555556","3.27351851851852","0.0","0.0","0.0","111.0","0.0","61.953","23.4575555555556","0.0","61.953","23.4575555555556"
"Temperate","510500","13.0","9.0","","","0.0","","","0.0","-36.775","174.725","23.4575555555556","23.4575555555556","3.27351851851852","0.0","0.0","0.0","111.0","0.0","61.953","23.4575555555556","0.0","61.953","23.4575555555556"
"Temperate","510700","13.0","9.0","0.0","62.548","1.0","0.0","62.548","1.0","-36.875","174.625","24.6937777777778","24.6937777777778","3.31740740740741","0.0","0.0","0.0","111.0","0.0","62.548","24.6937777777778","0.0","62.548","24.6937777777778"
"Temperate","510800","13.0","9.0","","","0.0","","","0.0","-36.875","174.625","24.6937777777778","24.6937777777778","3.31740740740741","0.0","0.0","0.0","111.0","0.0","62.548","24.6937777777778","0.0","62.548","24.6937777777778"
"Temperate","511001","13.0","9.0","","","0.0","","","0.0","-36.925","174.625","23.3390555555556","23.3390555555556","3.19074074074074","0.0","0.0","0.0","111.0","0.0","61.252","23.3390555555556","0.0","61.252","23.3390555555556"
"Temperate","511002","13.0","9.0","","","0.0","","","0.0","-36.925","174.625","23.3390555555556","23.3390555555556","3.19074074074074","0.0","0.0","0.0","111.0","0.0","61.252","23.3390555555556","0.0","61.252","23.3390555555556"
"Temperate","511100","13.0","9.0","","","0.0","","","0.0","-36.925","174.675","23.6630185185185","23.6630185185185","3.25648148148148","0.0","0.0","0.0","111.0","0.0","61.962","23.6630185185185","0.0","61.962","23.6630185185185"
"Temperate","511301","13.0","9.0","","","0.0","","","0.0","-36.925","174.675","23.6630185185185","23.6630185185185","3.25648148148148","0.0","0.0","0.0","111.0","0.0","61.962","23.6630185185185","0.0","61.962","23.6630185185185"
"Temperate","511302","13.0","9.0","","","0.0","","","0.0","-36.925","174.675","23.6630185185185","23.6630185185185","3.25648148148148","0.0","0.0","0.0","111.0","0.0","61.962","23.6630185185185","0.0","61.962","23.6630185185185"
"Temperate","511303","13.0","9.0","","","0.0","","","0.0","-36.925","174.675","23.6630185185185","23.6630185185185","3.25648148148148","0.0","0.0","0.0","111.0","0.0","61.962","23.6630185185185","0.0","61.962","23.6630185185185"
"Temperate","511401","13.0","9.0","","","0.0","","","0.0","-36.925","174.675","23.6630185185185","23.6630185185185","3.25648148148148","0.0","0.0","0.0","111.0","0.0","61.962","23.6630185185185","0.0","61.962","23.6630185185185"
"Temperate","511402","13.0","9.0","","","0.0","","","0.0","-36.925","174.675","23.6630185185185","23.6630185185185","3.25648148148148","0.0","0.0","0.0","111.0","0.0","61.962","23.6630185185185","0.0","61.962","23.6630185185185"
"Temperate","511601","13.0","9.0","","","0.0","","","0.0","-36.875","174.625","24.6937777777778","24.6937777777778","3.31740740740741","0.0","0.0","0.0","111.0","0.0","62.548","24.6937777777778","0.0","62.548","24.6937777777778"
"Temperate","511602","13.0","9.0","","","0.0","","","0.0","-36.875","174.625","24.6937777777778","24.6937777777778","3.31740740740741","0.0","0.0","0.0","111.0","0.0","62.548","24.6937777777778","0.0","62.548","24.6937777777778"
"Temperate","511700","13.0","9.0","","","0.0","","","0.0","-36.925","174.675","23.6630185185185","23.6630185185185","3.25648148148148","0.0","0.0","0.0","111.0","0.0","61.962","23.6630185185185","0.0","61.962","23.6630185185185"
"Temperate","511800","13.0","9.0","","","0.0","","","0.0","-36.875","174.625","24.6937777777778","24.6937777777778","3.31740740740741","0.0","0.0","0.0","111.0","0.0","62.548","24.6937777777778","0.0","62.548","24.6937777777778"
"Temperate","511901","13.0","9.0","","","0.0","","","0.0","-36.925","174.675","23.6630185185185","23.6630185185185","3.25648148148148","0.0","0.0","0.0","111.0","0.0","61.962","23.6630185185185","0.0","61.962","23.6630185185185"
"Temperate","511902","13.0","9.0","0.0","61.962","1.0","0.0","61.962","1.0","-36.925","174.675","23.6630185185185","23.6630185185185","3.25648148148148","0.0","0.0","0.0","111.0","0.0","61.962","23.6630185185185","0.0","61.962","23.6630185185185"
"Temperate","512000","13.0","9.0","","","0.0","","","0.0","-36.925","174.675","23.6630185185185","23.6630185185185","3.25648148148148","0.0","0.0","0.0","111.0","0.0","61.962","23.6630185185185","0.0","61.962","23.6630185185185"
"Temperate","512100","13.0","9.0","","","0.0","","","0.0","-36.925","174.675","23.6630185185185","23.6630185185185","3.25648148148148","0.0","0.0","0.0","111.0","0.0","61.962","23.6630185185185","0.0","61.962","23.6630185185185"
"Temperate","512201","13.0","9.0","","","0.0","","","0.0","-36.825","174.625","24.6208518518519","24.6208518518519","3.27240740740741","0.0","0.0","0.0","111.0","0.0","62.11","24.6208518518519","0.0","62.11","24.6208518518519"
"Temperate","512202","13.0","9.0","","","0.0","","","0.0","-36.825","174.625","24.6208518518519","24.6208518518519","3.27240740740741","0.0","0.0","0.0","111.0","0.0","62.11","24.6208518518519","0.0","62.11","24.6208518518519"
"Temperate","512300","13.0","9.0","","","0.0","","","0.0","-36.825","174.625","24.6208518518519","24.6208518518519","3.27240740740741","0.0","0.0","0.0","111.0","0.0","62.11","24.6208518518519","0.0","62.11","24.6208518518519"
"Temperate","512401","13.0","9.0","","","0.0","","","0.0","-36.875","174.625","24.6937777777778","24.6937777777778","3.31740740740741","0.0","0.0","0.0","111.0","0.0","62.548","24.6937777777778","0.0","62.548","24.6937777777778"
"Temperate","512402","13.0","9.0","","","0.0","","","0.0","-36.875","174.625","24.6937777777778","24.6937777777778","3.31740740740741","0.0","0.0","0.0","111.0","0.0","62.548","24.6937777777778","0.0","62.548","24.6937777777778"
"Temperate","512500","13.0","9.0","","","0.0","","","0.0","-36.875","174.625","24.6937777777778","24.6937777777778","3.31740740740741","0.0","0.0","0.0","111.0","0.0","62.548","24.6937777777778","0.0","62.548","24.6937777777778"
"Temperate","512600","13.0","9.0","","","0.0","","","0.0","-36.925","174.625","23.3390555555556","23.3390555555556","3.19074074074074","0.0","0.0","0.0","111.0","0.0","61.252","23.3390555555556","0.0","61.252","23.3390555555556"
"Temperate","512700","13.0","9.0","","","0.0","","","0.0","-36.925","174.625","23.3390555555556","23.3390555555556","3.19074074074074","0.0","0.0","0.0","111.0","0.0","61.252","23.3390555555556","0.0","61.252","23.3390555555556"
"Temperate","512801","13.0","9.0","","","0.0","","","0.0","-36.925","174.625","23.3390555555556","23.3390555555556","3.19074074074074","0.0","0.0","0.0","111.0","0.0","61.252","23.3390555555556","0.0","61.252","23.3390555555556"
"Temperate","512802","13.0","9.0","","","0.0","","","0.0","-36.975","174.575","21.7288518518519","21.7288518518519","2.84","0.0","0.0","0.0","111.0","0.0","56.784","21.7288518518519","0.0","56.784","21.7288518518519"
"Temperate","512902","13.0","9.0","0.0","61.252","1.0","0.0","61.252","1.0","-36.925","174.625","23.3390555555556","23.3390555555556","3.19074074074074","0.0","0.0","0.0","111.0","0.0","61.252","23.3390555555556","0.0","61.252","23.3390555555556"
"Temperate","512903","13.0","9.0","","","0.0","","","0.0","-36.875","174.625","24.6937777777778","24.6937777777778","3.31740740740741","0.0","0.0","0.0","111.0","0.0","62.548","24.6937777777778","0.0","62.548","24.6937777777778"
"Temperate","512904","13.0","9.0","","","0.0","","","0.0","-36.925","174.625","23.3390555555556","23.3390555555556","3.19074074074074","0.0","0.0","0.0","111.0","0.0","61.252","23.3390555555556","0.0","61.252","23.3390555555556"
"Temperate","512905","13.0","9.0","","","0.0","","","0.0","-36.925","174.625","23.3390555555556","23.3390555555556","3.19074074074074","0.0","0.0","0.0","111.0","0.0","61.252","23.3390555555556","0.0","61.252","23.3390555555556"
"Temperate","512906","13.0","9.0","","","0.0","","","0.0","-36.925","174.625","23.3390555555556","23.3390555555556","3.19074074074074","0.0","0.0","0.0","111.0","0.0","61.252","23.3390555555556","0.0","61.252","23.3390555555556"
"Temperate","513011","13.0","9.0","","","0.0","","","0.0","-36.875","174.625","24.6937777777778","24.6937777777778","3.31740740740741","0.0","0.0","0.0","111.0","0.0","62.548","24.6937777777778","0.0","62.548","24.6937777777778"
"Temperate","513012","13.0","9.0","","","0.0","","","0.0","-36.875","174.625","24.6937777777778","24.6937777777778","3.31740740740741","0.0","0.0","0.0","111.0","0.0","62.548","24.6937777777778","0.0","62.548","24.6937777777778"
"Temperate","513013","13.0","9.0","","","0.0","","","0.0","-36.875","174.625","24.6937777777778","24.6937777777778","3.31740740740741","0.0","0.0","0.0","111.0","0.0","62.548","24.6937777777778","0.0","62.548","24.6937777777778"
"Temperate","513020","13.0","9.0","0.0","56.579","1.0","0.0","56.579","1.0","-36.925","174.575","21.2353888888889","21.2353888888889","2.82185185185185","0.0","0.0","0.0","111.0","0.0","56.579","21.2353888888889","0.0","56.579","21.2353888888889"
"Temperate","513101","13.0","9.0","","","0.0","","","0.0","-36.875","174.575","24.1410740740741","24.1410740740741","3.17759259259259","0.0","0.0","0.0","111.0","0.0","61.109","24.1410740740741","0.0","61.109","24.1410740740741"
"Temperate","513102","13.0","9.0","0.0","61.109","1.0","0.0","61.109","1.0","-36.875","174.575","24.1410740740741","24.1410740740741","3.17759259259259","0.0","0.0","0.0","111.0","0.0","61.109","24.1410740740741","0.0","61.109","24.1410740740741"
"Temperate","513211","13.0","9.0","","","0.0","","","0.0","-36.875","174.575","24.1410740740741","24.1410740740741","3.17759259259259","0.0","0.0","0.0","111.0","0.0","61.109","24.1410740740741","0.0","61.109","24.1410740740741"
"Temperate","513212","13.0","9.0","","","0.0","","","0.0","-36.875","174.625","24.6937777777778","24.6937777777778","3.31740740740741","0.0","0.0","0.0","111.0","0.0","62.548","24.6937777777778","0.0","62.548","24.6937777777778"
"Temperate","513213","13.0","9.0","","","0.0","","","0.0","-36.875","174.625","24.6937777777778","24.6937777777778","3.31740740740741","0.0","0.0","0.0","111.0","0.0","62.548","24.6937777777778","0.0","62.548","24.6937777777778"
"Temperate","513214","13.0","9.0","","","0.0","","","0.0","-36.875","174.575","24.1410740740741","24.1410740740741","3.17759259259259","0.0","0.0","0.0","111.0","0.0","61.109","24.1410740740741","0.0","61.109","24.1410740740741"
"Temperate","513220","13.0","9.0","","","0.0","","","0.0","-36.875","174.625","24.6937777777778","24.6937777777778","3.31740740740741","0.0","0.0","0.0","111.0","0.0","62.548","24.6937777777778","0.0","62.548","24.6937777777778"
"Temperate","513301","13.0","9.0","","","0.0","","","0.0","-36.875","174.625","24.6937777777778","24.6937777777778","3.31740740740741","0.0","0.0","0.0","111.0","0.0","62.548","24.6937777777778","0.0","62.548","24.6937777777778"
"Temperate","513302","13.0","9.0","","","0.0","","","0.0","-36.875","174.625","24.6937777777778","24.6937777777778","3.31740740740741","0.0","0.0","0.0","111.0","0.0","62.548","24.6937777777778","0.0","62.548","24.6937777777778"
"Temperate","513410","13.0","9.0","","","0.0","","","0.0","-36.825","174.625","24.6208518518519","24.6208518518519","3.27240740740741","0.0","0.0","0.0","111.0","0.0","62.11","24.6208518518519","0.0","62.11","24.6208518518519"
"Temperate","513420","13.0","9.0","","","0.0","","","0.0","-36.775","174.675","24.4329259259259","24.4329259259259","3.38092592592593","0.0","0.0","0.0","111.0","0.0","63.001","24.4329259259259","0.0","63.001","24.4329259259259"
"Temperate","513431","13.0","9.0","","","0.0","","","0.0","-36.825","174.625","24.6208518518519","24.6208518518519","3.27240740740741","0.0","0.0","0.0","111.0","0.0","62.11","24.6208518518519","0.0","62.11","24.6208518518519"
"Temperate","513432","13.0","9.0","","","0.0","","","0.0","-36.825","174.625","24.6208518518519","24.6208518518519","3.27240740740741","0.0","0.0","0.0","111.0","0.0","62.11","24.6208518518519","0.0","62.11","24.6208518518519"
"Temperate","513511","13.0","9.0","","","0.0","","","0.0","-36.825","174.625","24.6208518518519","24.6208518518519","3.27240740740741","0.0","0.0","0.0","111.0","0.0","62.11","24.6208518518519","0.0","62.11","24.6208518518519"
"Temperate","513512","13.0","9.0","","","0.0","","","0.0","-36.825","174.625","24.6208518518519","24.6208518518519","3.27240740740741","0.0","0.0","0.0","111.0","0.0","62.11","24.6208518518519","0.0","62.11","24.6208518518519"
"Temperate","513521","13.0","9.0","","","0.0","","","0.0","-36.825","174.625","24.6208518518519","24.6208518518519","3.27240740740741","0.0","0.0","0.0","111.0","0.0","62.11","24.6208518518519","0.0","62.11","24.6208518518519"
"Temperate","513522","13.0","9.0","","","0.0","","","0.0","-36.825","174.625","24.6208518518519","24.6208518518519","3.27240740740741","0.0","0.0","0.0","111.0","0.0","62.11","24.6208518518519","0.0","62.11","24.6208518518519"
"Temperate","513530","13.0","9.0","0.0","62.11","1.0","0.0","62.11","1.0","-36.825","174.625","24.6208518518519","24.6208518518519","3.27240740740741","0.0","0.0","0.0","111.0","0.0","62.11","24.6208518518519","0.0","62.11","24.6208518518519"
"Temperate","513610","13.0","9.0","","","0.0","","","0.0","-36.825","174.575","30.9990925925926","30.9990925925926","3.89703703703704","0.0","0.0","0.0","111.0","0.0","81.08","30.9990925925926","0.0","81.08","30.9990925925926"
"Temperate","513621","13.0","9.0","","","0.0","","","0.0","-36.875","174.575","24.1410740740741","24.1410740740741","3.17759259259259","0.0","0.0","0.0","111.0","0.0","61.109","24.1410740740741","0.0","61.109","24.1410740740741"
"Temperate","513622","13.0","9.0","","","0.0","","","0.0","-36.825","174.625","24.6208518518519","24.6208518518519","3.27240740740741","0.0","0.0","0.0","111.0","0.0","62.11","24.6208518518519","0.0","62.11","24.6208518518519"
"Temperate","513631","13.0","9.0","","","0.0","","","0.0","-36.825","174.625","24.6208518518519","24.6208518518519","3.27240740740741","0.0","0.0","0.0","111.0","0.0","62.11","24.6208518518519","0.0","62.11","24.6208518518519"
"Temperate","513632","13.0","9.0","","","0.0","","","0.0","-36.825","174.625","24.6208518518519","24.6208518518519","3.27240740740741","0.0","0.0","0.0","111.0","0.0","62.11","24.6208518518519","0.0","62.11","24.6208518518519"
"Temperate","513701","13.0","9.0","0.0","81.08","1.0","0.0","81.08","1.0","-36.825","174.575","30.9990925925926","30.9990925925926","3.89703703703704","0.0","0.0","0.0","111.0","0.0","81.08","30.9990925925926","0.0","81.08","30.9990925925926"
"Temperate","513702","13.0","9.0","0.0","77.053","1.0","0.0","77.053","1.0","-36.875","174.525","28.5537592592593","28.5537592592593","3.61277777777778","0.0","0.0","0.0","111.0","0.0","77.053","28.5537592592593","0.0","77.053","28.5537592592593"
"Temperate","513800","13.0","9.0","0.0","80.601","7.0","0.0","80.601","7.0","-36.975","174.525","18.3556296296296","19.1461851851852","2.4787037037037","0.0","0.0","0.0","111.0","0.0","80.601","22.8316137566138","0.0","80.601","23.0561058201058"
"Temperate","514000","13.0","9.0","","","0.0","","","0.0","-36.875","174.775","23.2014074074074","23.2014074074074","3.16388888888889","0.0","0.0","0.0","111.0","0.0","60.952","23.2014074074074","0.0","60.952","23.2014074074074"
"Temperate","514101","13.0","9.0","","","0.0","","","0.0","-36.875","174.775","23.2014074074074","23.2014074074074","3.16388888888889","0.0","0.0","0.0","111.0","0.0","60.952","23.2014074074074","0.0","60.952","23.2014074074074"
"Temperate","514102","13.0","9.0","","","0.0","","","0.0","-36.875","174.775","23.2014074074074","23.2014074074074","3.16388888888889","0.0","0.0","0.0","111.0","0.0","60.952","23.2014074074074","0.0","60.952","23.2014074074074"
"Temperate","514103","13.0","9.0","","","0.0","","","0.0","-36.875","174.775","23.2014074074074","23.2014074074074","3.16388888888889","0.0","0.0","0.0","111.0","0.0","60.952","23.2014074074074","0.0","60.952","23.2014074074074"
"Temperate","514200","13.0","9.0","","","0.0","","","0.0","-36.875","174.775","23.2014074074074","23.2014074074074","3.16388888888889","0.0","0.0","0.0","111.0","0.0","60.952","23.2014074074074","0.0","60.952","23.2014074074074"
"Temperate","514301","13.0","9.0","","","0.0","","","0.0","-36.875","174.775","23.2014074074074","23.2014074074074","3.16388888888889","0.0","0.0","0.0","111.0","0.0","60.952","23.2014074074074","0.0","60.952","23.2014074074074"
"Temperate","514302","13.0","9.0","","","0.0","","","0.0","-36.875","174.775","23.2014074074074","23.2014074074074","3.16388888888889","0.0","0.0","0.0","111.0","0.0","60.952","23.2014074074074","0.0","60.952","23.2014074074074"
"Temperate","514401","13.0","9.0","","","0.0","","","0.0","-36.875","174.725","23.2555185185185","23.2555185185185","3.28","0.0","0.0","0.0","111.0","0.0","62.191","23.2555185185185","0.0","62.191","23.2555185185185"
"Temperate","514402","13.0","9.0","","","0.0","","","0.0","-36.925","174.725","23.6286851851852","23.6286851851852","3.20592592592593","0.0","0.0","0.0","111.0","0.0","61.432","23.6286851851852","0.0","61.432","23.6286851851852"
"Temperate","514500","13.0","9.0","","","0.0","","","0.0","-36.925","174.725","23.6286851851852","23.6286851851852","3.20592592592593","0.0","0.0","0.0","111.0","0.0","61.432","23.6286851851852","0.0","61.432","23.6286851851852"
"Temperate","514600","13.0","9.0","","","0.0","","","0.0","-36.925","174.725","23.6286851851852","23.6286851851852","3.20592592592593","0.0","0.0","0.0","111.0","0.0","61.432","23.6286851851852","0.0","61.432","23.6286851851852"
"Temperate","514700","13.0","9.0","","","0.0","","","0.0","-36.925","174.725","23.6286851851852","23.6286851851852","3.20592592592593","0.0","0.0","0.0","111.0","0.0","61.432","23.6286851851852","0.0","61.432","23.6286851851852"
"Temperate","514801","13.0","9.0","","","0.0","","","0.0","-36.875","174.725","23.2555185185185","23.2555185185185","3.28","0.0","0.0","0.0","111.0","0.0","62.191","23.2555185185185","0.0","62.191","23.2555185185185"
"Temperate","514802","13.0","9.0","","","0.0","","","0.0","-36.925","174.675","23.6630185185185","23.6630185185185","3.25648148148148","0.0","0.0","0.0","111.0","0.0","61.962","23.6630185185185","0.0","61.962","23.6630185185185"
"Temperate","514900","13.0","9.0","","","0.0","","","0.0","-36.875","174.725","23.2555185185185","23.2555185185185","3.28","0.0","0.0","0.0","111.0","0.0","62.191","23.2555185185185","0.0","62.191","23.2555185185185"
"Temperate","515001","13.0","9.0","","","0.0","","","0.0","-36.875","174.725","23.2555185185185","23.2555185185185","3.28","0.0","0.0","0.0","111.0","0.0","62.191","23.2555185185185","0.0","62.191","23.2555185185185"
"Temperate","515002","13.0","9.0","","","0.0","","","0.0","-36.875","174.725","23.2555185185185","23.2555185185185","3.28","0.0","0.0","0.0","111.0","0.0","62.191","23.2555185185185","0.0","62.191","23.2555185185185"
"Temperate","515003","13.0","9.0","","","0.0","","","0.0","-36.875","174.725","23.2555185185185","23.2555185185185","3.28","0.0","0.0","0.0","111.0","0.0","62.191","23.2555185185185","0.0","62.191","23.2555185185185"
"Temperate","515100","13.0","9.0","","","0.0","","","0.0","-36.875","174.725","23.2555185185185","23.2555185185185","3.28","0.0","0.0","0.0","111.0","0.0","62.191","23.2555185185185","0.0","62.191","23.2555185185185"
"Temperate","515201","13.0","9.0","","","0.0","","","0.0","-36.875","174.725","23.2555185185185","23.2555185185185","3.28","0.0","0.0","0.0","111.0","0.0","62.191","23.2555185185185","0.0","62.191","23.2555185185185"
"Temperate","515202","13.0","9.0","","","0.0","","","0.0","-36.875","174.725","23.2555185185185","23.2555185185185","3.28","0.0","0.0","0.0","111.0","0.0","62.191","23.2555185185185","0.0","62.191","23.2555185185185"
"Temperate","515301","13.0","9.0","","","0.0","","","0.0","-36.875","174.725","23.2555185185185","23.2555185185185","3.28","0.0","0.0","0.0","111.0","0.0","62.191","23.2555185185185","0.0","62.191","23.2555185185185"
"Temperate","515302","13.0","9.0","","","0.0","","","0.0","-36.875","174.725","23.2555185185185","23.2555185185185","3.28","0.0","0.0","0.0","111.0","0.0","62.191","23.2555185185185","0.0","62.191","23.2555185185185"
"Temperate","515410","13.0","9.0","","","0.0","","","0.0","-36.875","174.725","23.2555185185185","23.2555185185185","3.28","0.0","0.0","0.0","111.0","0.0","62.191","23.2555185185185","0.0","62.191","23.2555185185185"
"Temperate","515420","13.0","9.0","","","0.0","","","0.0","-36.875","174.725","23.2555185185185","23.2555185185185","3.28","0.0","0.0","0.0","111.0","0.0","62.191","23.2555185185185","0.0","62.191","23.2555185185185"
"Temperate","515431","13.0","9.0","","","0.0","","","0.0","-36.875","174.725","23.2555185185185","23.2555185185185","3.28","0.0","0.0","0.0","111.0","0.0","62.191","23.2555185185185","0.0","62.191","23.2555185185185"
"Temperate","515432","13.0","9.0","","","0.0","","","0.0","-36.875","174.725","23.2555185185185","23.2555185185185","3.28","0.0","0.0","0.0","111.0","0.0","62.191","23.2555185185185","0.0","62.191","23.2555185185185"
"Temperate","515500","13.0","9.0","","","0.0","","","0.0","-36.875","174.725","23.2555185185185","23.2555185185185","3.28","0.0","0.0","0.0","111.0","0.0","62.191","23.2555185185185","0.0","62.191","23.2555185185185"
"Temperate","515600","13.0","9.0","","","0.0","","","0.0","-36.875","174.775","23.2014074074074","23.2014074074074","3.16388888888889","0.0","0.0","0.0","111.0","0.0","60.952","23.2014074074074","0.0","60.952","23.2014074074074"
"Temperate","515700","13.0","9.0","0.0","60.952","1.0","0.0","60.952","1.0","-36.875","174.775","23.2014074074074","23.2014074074074","3.16388888888889","0.0","0.0","0.0","111.0","0.0","60.952","23.2014074074074","0.0","60.952","23.2014074074074"
"Temperate","515801","13.0","9.0","","","0.0","","","0.0","-36.875","174.775","23.2014074074074","23.2014074074074","3.16388888888889","0.0","0.0","0.0","111.0","0.0","60.952","23.2014074074074","0.0","60.952","23.2014074074074"
"Temperate","515802","13.0","9.0","","","0.0","","","0.0","-36.875","174.775","23.2014074074074","23.2014074074074","3.16388888888889","0.0","0.0","0.0","111.0","0.0","60.952","23.2014074074074","0.0","60.952","23.2014074074074"
"Temperate","515901","13.0","9.0","","","0.0","","","0.0","-36.875","174.775","23.2014074074074","23.2014074074074","3.16388888888889","0.0","0.0","0.0","111.0","0.0","60.952","23.2014074074074","0.0","60.952","23.2014074074074"
"Temperate","515902","13.0","9.0","","","0.0","","","0.0","-36.875","174.775","23.2014074074074","23.2014074074074","3.16388888888889","0.0","0.0","0.0","111.0","0.0","60.952","23.2014074074074","0.0","60.952","23.2014074074074"
"Temperate","516001","13.0","9.0","","","0.0","","","0.0","-36.875","174.775","23.2014074074074","23.2014074074074","3.16388888888889","0.0","0.0","0.0","111.0","0.0","60.952","23.2014074074074","0.0","60.952","23.2014074074074"
"Temperate","516002","13.0","9.0","","","0.0","","","0.0","-36.875","174.775","23.2014074074074","23.2014074074074","3.16388888888889","0.0","0.0","0.0","111.0","0.0","60.952","23.2014074074074","0.0","60.952","23.2014074074074"
"Temperate","516003","13.0","9.0","","","0.0","","","0.0","-36.875","174.825","24.0247592592593","24.0247592592593","3.25648148148148","0.0","0.0","0.0","111.0","0.0","61.962","24.0247592592593","0.0","61.962","24.0247592592593"
"Temperate","516101","13.0","9.0","","","0.0","","","0.0","-36.875","174.775","23.2014074074074","23.2014074074074","3.16388888888889","0.0","0.0","0.0","111.0","0.0","60.952","23.2014074074074","0.0","60.952","23.2014074074074"
"Temperate","516102","13.0","9.0","","","0.0","","","0.0","-36.875","174.775","23.2014074074074","23.2014074074074","3.16388888888889","0.0","0.0","0.0","111.0","0.0","60.952","23.2014074074074","0.0","60.952","23.2014074074074"
"Temperate","516201","13.0","9.0","","","0.0","","","0.0","-36.875","174.825","24.0247592592593","24.0247592592593","3.25648148148148","0.0","0.0","0.0","111.0","0.0","61.962","24.0247592592593","0.0","61.962","24.0247592592593"
"Temperate","516202","13.0","9.0","","","0.0","","","0.0","-36.875","174.825","24.0247592592593","24.0247592592593","3.25648148148148","0.0","0.0","0.0","111.0","0.0","61.962","24.0247592592593","0.0","61.962","24.0247592592593"
"Temperate","516301","13.0","9.0","0.0","61.962","1.0","0.0","61.962","1.0","-36.875","174.825","24.0247592592593","24.0247592592593","3.25648148148148","0.0","0.0","0.0","111.0","0.0","61.962","24.0247592592593","0.0","61.962","24.0247592592593"
"Temperate","516302","13.0","9.0","","","0.0","","","0.0","-36.875","174.825","24.0247592592593","24.0247592592593","3.25648148148148","0.0","0.0","0.0","111.0","0.0","61.962","24.0247592592593","0.0","61.962","24.0247592592593"
"Temperate","516400","13.0","9.0","","","0.0","","","0.0","-36.875","174.825","24.0247592592593","24.0247592592593","3.25648148148148","0.0","0.0","0.0","111.0","0.0","61.962","24.0247592592593","0.0","61.962","24.0247592592593"
"Temperate","516500","13.0","9.0","","","0.0","","","0.0","-36.875","174.825","24.0247592592593","24.0247592592593","3.25648148148148","0.0","0.0","0.0","111.0","0.0","61.962","24.0247592592593","0.0","61.962","24.0247592592593"
"Temperate","516601","13.0","9.0","","","0.0","","","0.0","-36.875","174.825","24.0247592592593","24.0247592592593","3.25648148148148","0.0","0.0","0.0","111.0","0.0","61.962","24.0247592592593","0.0","61.962","24.0247592592593"
"Temperate","516602","13.0","9.0","","","0.0","","","0.0","-36.875","174.825","24.0247592592593","24.0247592592593","3.25648148148148","0.0","0.0","0.0","111.0","0.0","61.962","24.0247592592593","0.0","61.962","24.0247592592593"
"Temperate","516700","13.0","9.0","","","0.0","","","0.0","-36.875","174.875","25.5911666666667","25.5911666666667","3.34574074074074","0.0","0.0","0.0","111.0","0.0","62.812","25.5911666666667","0.0","62.812","25.5911666666667"
"Temperate","516800","13.0","9.0","","","0.0","","","0.0","-36.875","174.875","25.5911666666667","25.5911666666667","3.34574074074074","0.0","0.0","0.0","111.0","0.0","62.812","25.5911666666667","0.0","62.812","25.5911666666667"
"Temperate","516900","13.0","9.0","","","0.0","","","0.0","-36.875","174.875","25.5911666666667","25.5911666666667","3.34574074074074","0.0","0.0","0.0","111.0","0.0","62.812","25.5911666666667","0.0","62.812","25.5911666666667"
"Temperate","517001","13.0","9.0","","","0.0","","","0.0","-36.875","174.875","25.5911666666667","25.5911666666667","3.34574074074074","0.0","0.0","0.0","111.0","0.0","62.812","25.5911666666667","0.0","62.812","25.5911666666667"
"Temperate","517002","13.0","9.0","0.0","62.812","1.0","0.0","62.812","1.0","-36.875","174.875","25.5911666666667","25.5911666666667","3.34574074074074","0.0","0.0","0.0","111.0","0.0","62.812","25.5911666666667","0.0","62.812","25.5911666666667"
"Temperate","517100","13.0","9.0","","","0.0","","","0.0","-36.875","174.875","25.5911666666667","25.5911666666667","3.34574074074074","0.0","0.0","0.0","111.0","0.0","62.812","25.5911666666667","0.0","62.812","25.5911666666667"
"Temperate","517201","13.0","9.0","","","0.0","","","0.0","-36.875","174.825","24.0247592592593","24.0247592592593","3.25648148148148","0.0","0.0","0.0","111.0","0.0","61.962","24.0247592592593","0.0","61.962","24.0247592592593"
"Temperate","517202","13.0","9.0","","","0.0","","","0.0","-36.875","174.825","24.0247592592593","24.0247592592593","3.25648148148148","0.0","0.0","0.0","111.0","0.0","61.962","24.0247592592593","0.0","61.962","24.0247592592593"
"Temperate","517400","13.0","9.0","","","0.0","","","0.0","-36.875","174.775","23.2014074074074","23.2014074074074","3.16388888888889","0.0","0.0","0.0","111.0","0.0","60.952","23.2014074074074","0.0","60.952","23.2014074074074"
"Temperate","517500","13.0","9.0","","","0.0","","","0.0","-36.875","174.725","23.2555185185185","23.2555185185185","3.28","0.0","0.0","0.0","111.0","0.0","62.191","23.2555185185185","0.0","62.191","23.2555185185185"
"Temperate","517600","13.0","9.0","","","0.0","","","0.0","-36.875","174.725","23.2555185185185","23.2555185185185","3.28","0.0","0.0","0.0","111.0","0.0","62.191","23.2555185185185","0.0","62.191","23.2555185185185"
"Temperate","517701","13.0","9.0","","","0.0","","","0.0","-36.875","174.725","23.2555185185185","23.2555185185185","3.28","0.0","0.0","0.0","111.0","0.0","62.191","23.2555185185185","0.0","62.191","23.2555185185185"
"Temperate","517702","13.0","9.0","","","0.0","","","0.0","-36.875","174.725","23.2555185185185","23.2555185185185","3.28","0.0","0.0","0.0","111.0","0.0","62.191","23.2555185185185","0.0","62.191","23.2555185185185"
"Temperate","517703","13.0","9.0","","","0.0","","","0.0","-36.875","174.725","23.2555185185185","23.2555185185185","3.28","0.0","0.0","0.0","111.0","0.0","62.191","23.2555185185185","0.0","62.191","23.2555185185185"
"Temperate","517800","13.0","9.0","0.0","62.191","1.0","0.0","62.191","1.0","-36.875","174.725","23.2555185185185","23.2555185185185","3.28","0.0","0.0","0.0","111.0","0.0","62.191","23.2555185185185","0.0","62.191","23.2555185185185"
"Temperate","517901","13.0","9.0","","","0.0","","","0.0","-36.875","174.725","23.2555185185185","23.2555185185185","3.28","0.0","0.0","0.0","111.0","0.0","62.191","23.2555185185185","0.0","62.191","23.2555185185185"
"Temperate","517902","13.0","9.0","","","0.0","","","0.0","-36.875","174.725","23.2555185185185","23.2555185185185","3.28","0.0","0.0","0.0","111.0","0.0","62.191","23.2555185185185","0.0","62.191","23.2555185185185"
"Temperate","517903","13.0","9.0","","","0.0","","","0.0","-36.875","174.725","23.2555185185185","23.2555185185185","3.28","0.0","0.0","0.0","111.0","0.0","62.191","23.2555185185185","0.0","62.191","23.2555185185185"
"Temperate","518101","13.0","9.0","","","0.0","","","0.0","-36.875","174.775","23.2014074074074","23.2014074074074","3.16388888888889","0.0","0.0","0.0","111.0","0.0","60.952","23.2014074074074","0.0","60.952","23.2014074074074"
"Temperate","518102","13.0","9.0","","","0.0","","","0.0","-36.875","174.775","23.2014074074074","23.2014074074074","3.16388888888889","0.0","0.0","0.0","111.0","0.0","60.952","23.2014074074074","0.0","60.952","23.2014074074074"
"Temperate","518201","13.0","9.0","","","0.0","","","0.0","-36.875","174.775","23.2014074074074","23.2014074074074","3.16388888888889","0.0","0.0","0.0","111.0","0.0","60.952","23.2014074074074","0.0","60.952","23.2014074074074"
"Temperate","518202","13.0","9.0","","","0.0","","","0.0","-36.875","174.775","23.2014074074074","23.2014074074074","3.16388888888889","0.0","0.0","0.0","111.0","0.0","60.952","23.2014074074074","0.0","60.952","23.2014074074074"
"Temperate","518301","13.0","9.0","","","0.0","","","0.0","-36.875","174.775","23.2014074074074","23.2014074074074","3.16388888888889","0.0","0.0","0.0","111.0","0.0","60.952","23.2014074074074","0.0","60.952","23.2014074074074"
"Temperate","518302","13.0","9.0","","","0.0","","","0.0","-36.875","174.775","23.2014074074074","23.2014074074074","3.16388888888889","0.0","0.0","0.0","111.0","0.0","60.952","23.2014074074074","0.0","60.952","23.2014074074074"
"Temperate","518500","13.0","9.0","","","0.0","","","0.0","-36.925","174.725","23.6286851851852","23.6286851851852","3.20592592592593","0.0","0.0","0.0","111.0","0.0","61.432","23.6286851851852","0.0","61.432","23.6286851851852"
"Temperate","518600","13.0","9.0","","","0.0","","","0.0","-36.875","174.775","23.2014074074074","23.2014074074074","3.16388888888889","0.0","0.0","0.0","111.0","0.0","60.952","23.2014074074074","0.0","60.952","23.2014074074074"
"Temperate","518701","13.0","9.0","","","0.0","","","0.0","-36.925","174.725","23.6286851851852","23.6286851851852","3.20592592592593","0.0","0.0","0.0","111.0","0.0","61.432","23.6286851851852","0.0","61.432","23.6286851851852"
"Temperate","518702","13.0","9.0","","","0.0","","","0.0","-36.925","174.725","23.6286851851852","23.6286851851852","3.20592592592593","0.0","0.0","0.0","111.0","0.0","61.432","23.6286851851852","0.0","61.432","23.6286851851852"
"Temperate","518801","13.0","9.0","","","0.0","","","0.0","-36.925","174.725","23.6286851851852","23.6286851851852","3.20592592592593","0.0","0.0","0.0","111.0","0.0","61.432","23.6286851851852","0.0","61.432","23.6286851851852"
"Temperate","518802","13.0","9.0","","","0.0","","","0.0","-36.925","174.725","23.6286851851852","23.6286851851852","3.20592592592593","0.0","0.0","0.0","111.0","0.0","61.432","23.6286851851852","0.0","61.432","23.6286851851852"
"Temperate","518803","13.0","9.0","","","0.0","","","0.0","-36.925","174.725","23.6286851851852","23.6286851851852","3.20592592592593","0.0","0.0","0.0","111.0","0.0","61.432","23.6286851851852","0.0","61.432","23.6286851851852"
"Temperate","518901","13.0","9.0","0.0","61.432","1.0","0.0","61.432","1.0","-36.925","174.725","23.6286851851852","23.6286851851852","3.20592592592593","0.0","0.0","0.0","111.0","0.0","61.432","23.6286851851852","0.0","61.432","23.6286851851852"
"Temperate","518902","13.0","9.0","","","0.0","","","0.0","-36.925","174.725","23.6286851851852","23.6286851851852","3.20592592592593","0.0","0.0","0.0","111.0","0.0","61.432","23.6286851851852","0.0","61.432","23.6286851851852"
"Temperate","519001","13.0","9.0","","","0.0","","","0.0","-36.925","174.725","23.6286851851852","23.6286851851852","3.20592592592593","0.0","0.0","0.0","111.0","0.0","61.432","23.6286851851852","0.0","61.432","23.6286851851852"
"Temperate","519002","13.0","9.0","","","0.0","","","0.0","-36.925","174.725","23.6286851851852","23.6286851851852","3.20592592592593","0.0","0.0","0.0","111.0","0.0","61.432","23.6286851851852","0.0","61.432","23.6286851851852"
"Temperate","519200","13.0","9.0","","","0.0","","","0.0","-36.875","174.775","23.2014074074074","23.2014074074074","3.16388888888889","0.0","0.0","0.0","111.0","0.0","60.952","23.2014074074074","0.0","60.952","23.2014074074074"
"Temperate","519300","13.0","9.0","","","0.0","","","0.0","-36.875","174.775","23.2014074074074","23.2014074074074","3.16388888888889","0.0","0.0","0.0","111.0","0.0","60.952","23.2014074074074","0.0","60.952","23.2014074074074"
"Temperate","519400","13.0","9.0","","","0.0","","","0.0","-36.875","174.775","23.2014074074074","23.2014074074074","3.16388888888889","0.0","0.0","0.0","111.0","0.0","60.952","23.2014074074074","0.0","60.952","23.2014074074074"
"Temperate","519500","13.0","9.0","0.0","63.453","1.0","0.0","63.453","1.0","-36.925","174.825","24.7155740740741","24.7155740740741","3.3512962962963","0.0","0.0","0.0","111.0","0.0","63.453","24.7155740740741","0.0","63.453","24.7155740740741"
"Temperate","519710","13.0","9.0","","","0.0","","","0.0","-36.875","174.775","23.2014074074074","23.2014074074074","3.16388888888889","0.0","0.0","0.0","111.0","0.0","60.952","23.2014074074074","0.0","60.952","23.2014074074074"
"Temperate","519720","13.0","9.0","","","0.0","","","0.0","-36.925","174.825","24.7155740740741","24.7155740740741","3.3512962962963","0.0","0.0","0.0","111.0","0.0","63.453","24.7155740740741","0.0","63.453","24.7155740740741"
"Temperate","519810","13.0","9.0","","","0.0","","","0.0","-36.925","174.825","24.7155740740741","24.7155740740741","3.3512962962963","0.0","0.0","0.0","111.0","0.0","63.453","24.7155740740741","0.0","63.453","24.7155740740741"
"Temperate","519820","13.0","9.0","","","0.0","","","0.0","-36.925","174.825","24.7155740740741","24.7155740740741","3.3512962962963","0.0","0.0","0.0","111.0","0.0","63.453","24.7155740740741","0.0","63.453","24.7155740740741"
"Temperate","519900","13.0","9.0","","","0.0","","","0.0","-36.925","174.825","24.7155740740741","24.7155740740741","3.3512962962963","0.0","0.0","0.0","111.0","0.0","63.453","24.7155740740741","0.0","63.453","24.7155740740741"
"Temperate","520000","13.0","9.0","","","0.0","","","0.0","-36.925","174.825","24.7155740740741","24.7155740740741","3.3512962962963","0.0","0.0","0.0","111.0","0.0","63.453","24.7155740740741","0.0","63.453","24.7155740740741"
"Temperate","520201","13.0","9.0","","","0.0","","","0.0","-36.875","174.825","24.0247592592593","24.0247592592593","3.25648148148148","0.0","0.0","0.0","111.0","0.0","61.962","24.0247592592593","0.0","61.962","24.0247592592593"
"Temperate","520202","13.0","9.0","","","0.0","","","0.0","-36.925","174.825","24.7155740740741","24.7155740740741","3.3512962962963","0.0","0.0","0.0","111.0","0.0","63.453","24.7155740740741","0.0","63.453","24.7155740740741"
"Temperate","520301","13.0","9.0","","","0.0","","","0.0","-36.875","174.825","24.0247592592593","24.0247592592593","3.25648148148148","0.0","0.0","0.0","111.0","0.0","61.962","24.0247592592593","0.0","61.962","24.0247592592593"
"Temperate","520302","13.0","9.0","","","0.0","","","0.0","-36.875","174.825","24.0247592592593","24.0247592592593","3.25648148148148","0.0","0.0","0.0","111.0","0.0","61.962","24.0247592592593","0.0","61.962","24.0247592592593"
"Temperate","520303","13.0","9.0","","","0.0","","","0.0","-36.925","174.825","24.7155740740741","24.7155740740741","3.3512962962963","0.0","0.0","0.0","111.0","0.0","63.453","24.7155740740741","0.0","63.453","24.7155740740741"
"Temperate","520401","13.0","9.0","","","0.0","","","0.0","-36.925","174.825","24.7155740740741","24.7155740740741","3.3512962962963","0.0","0.0","0.0","111.0","0.0","63.453","24.7155740740741","0.0","63.453","24.7155740740741"
"Temperate","520402","13.0","9.0","","","0.0","","","0.0","-36.925","174.825","24.7155740740741","24.7155740740741","3.3512962962963","0.0","0.0","0.0","111.0","0.0","63.453","24.7155740740741","0.0","63.453","24.7155740740741"
"Temperate","520500","13.0","9.0","","","0.0","","","0.0","-36.925","174.825","24.7155740740741","24.7155740740741","3.3512962962963","0.0","0.0","0.0","111.0","0.0","63.453","24.7155740740741","0.0","63.453","24.7155740740741"
"Temperate","520601","13.0","9.0","","","0.0","","","0.0","-36.875","174.875","25.5911666666667","25.5911666666667","3.34574074074074","0.0","0.0","0.0","111.0","0.0","62.812","25.5911666666667","0.0","62.812","25.5911666666667"
"Temperate","520602","13.0","9.0","","","0.0","","","0.0","-36.925","174.825","24.7155740740741","24.7155740740741","3.3512962962963","0.0","0.0","0.0","111.0","0.0","63.453","24.7155740740741","0.0","63.453","24.7155740740741"
"Temperate","520801","13.0","9.0","0.0","62.547","4.0","0.0","62.547","4.0","-36.775","175.125","32.1477777777778","32.1477777777778","3.28481481481482","0.0","0.0","0.0","111.0","0.0","62.547","32.1335324074074","0.0","62.547","32.1335324074074"
"Temperate","520900","13.0","9.0","0.0","62.731","3.0","0.0","62.731","3.0","-36.775","174.925","26.8800925925926","26.8800925925926","3.25351851851852","0.0","0.0","0.0","111.0","0.0","62.731","28.443537037037","0.0","62.731","28.4719814814815"
"Temperate","521000","13.0","9.0","","","0.0","","","0.0","-36.475","175.375","25.9449814814815","25.9449814814815","3.3787037037037","0.0","0.0","0.0","111.0","0.0","64.347","25.9449814814815","0.0","64.347","25.9449814814815"
"Temperate","521111","13.0","9.0","","","0.0","","","0.0","-37.175","174.925","23.4420740740741","23.4420740740741","3.05888888888889","0.0","0.0","0.0","111.0","0.0","59.174","23.4420740740741","0.0","59.174","23.4420740740741"
"Temperate","521112","13.0","9.0","0.0","56.328","1.0","0.0","56.328","1.0","-37.225","174.875","24.0487777777778","24.0487777777778","2.85833333333333","0.0","0.0","0.0","111.0","0.0","56.328","24.0487777777778","0.0","56.328","24.0487777777778"
"Temperate","521114","13.0","9.0","0.0","60.333","1.0","0.0","60.333","1.0","-37.275","174.925","26.0891851851852","26.0891851851852","3.17722222222222","0.0","0.0","0.0","111.0","0.0","60.333","26.0891851851852","0.0","60.333","26.0891851851852"
"Temperate","521115","13.0","9.0","","","0.0","","","0.0","-37.275","174.975","24.5546296296296","24.5546296296296","2.97018518518519","0.0","0.0","0.0","111.0","0.0","57.538","24.5546296296296","0.0","57.538","24.5546296296296"
"Temperate","521116","13.0","9.0","0.0","58.247","1.0","0.0","58.247","1.0","-37.225","174.925","23.2297592592593","23.2297592592593","3.04037037037037","0.0","0.0","0.0","111.0","0.0","58.247","23.2297592592593","0.0","58.247","23.2297592592593"
"Temperate","521117","13.0","9.0","","","0.0","","","0.0","-37.225","174.925","23.2297592592593","23.2297592592593","3.04037037037037","0.0","0.0","0.0","111.0","0.0","58.247","23.2297592592593","0.0","58.247","23.2297592592593"
"Temperate","521121","13.0","9.0","0.0","59.529","2.0","0.0","59.529","2.0","-37.225","174.825","23.6877777777778","23.6877777777778","3.02962962962963","0.0","0.0","0.0","111.0","0.0","59.529","24.1778425925926","0.0","59.529","24.1778425925926"
"Temperate","521122","13.0","9.0","0.0","61.279","5.0","0.0","61.279","5.0","-37.125","174.825","25.1178703703704","25.1178703703704","3.18462962962963","0.0","0.0","0.0","111.0","0.0","61.279","24.6706074074074","0.0","61.279","24.6706074074074"
"Temperate","521131","13.0","9.0","0.0","59.913","4.0","0.0","59.913","4.0","-37.225","174.975","22.9788703703704","22.9788703703704","2.90925925925926","0.0","0.0","0.0","111.0","0.0","59.913","24.1411759259259","0.0","59.913","24.1411759259259"
"Temperate","521132","13.0","9.0","0.0","59.627","6.0","0.0","59.627","6.0","-37.125","175.075","21.2509444444444","21.2509444444444","2.73166666666667","0.0","0.0","0.0","111.0","0.0","59.627","21.4296759259259","0.0","59.627","21.4296759259259"
"Temperate","521134","13.0","9.0","0.0","56.216","2.0","0.0","56.216","2.0","-37.175","175.125","22.0450925925926","22.0450925925926","2.83074074074074","0.0","0.0","0.0","111.0","0.0","56.216","21.9274537037037","0.0","56.216","21.9274537037037"
"Temperate","521135","13.0","9.0","0.0","60.099","9.0","0.0","60.099","9.0","-37.175","175.175","24.2251666666667","24.2251666666667","2.83166666666667","0.0","0.0","0.0","111.0","0.0","60.099","24.5698621399177","0.0","60.099","24.5698621399177"
"Temperate","521136","13.0","9.0","0.0","59.439","3.0","0.0","59.439","3.0","-37.125","175.275","30.3803518518519","30.3963518518519","3.1887037037037","0.0","0.0","0.0","111.0","0.0","59.439","29.7355864197531","0.0","59.439","29.7444012345679"
"Temperate","521151","13.0","9.0","0.0","61.825","9.0","0.0","61.825","9.0","-37.125","174.625","24.5310925925926","24.5310925925926","3.04407407407407","0.0","0.0","0.0","111.0","0.0","61.825","24.4007016460905","0.0","61.825","24.4007016460905"
"Temperate","521152","13.0","9.0","0.0","61.076","3.0","0.0","61.076","3.0","-37.225","174.775","24.9419814814815","24.9419814814815","3.02055555555556","0.0","0.0","0.0","111.0","0.0","61.076","25.4709938271605","0.0","61.076","25.4709938271605"
"Temperate","521153","13.0","9.0","0.0","60.972","5.0","0.0","60.972","5.0","-37.275","174.775","26.4637037037037","26.4637037037037","3.16833333333333","0.0","0.0","0.0","111.0","0.0","60.972","25.7825074074074","0.0","60.972","25.7825074074074"
"Temperate","521160","13.0","9.0","0.0","57.186","1.0","0.0","57.186","1.0","-37.175","174.975","22.1557592592593","22.1557592592593","2.9312962962963","0.0","0.0","0.0","111.0","0.0","57.186","22.1557592592593","0.0","57.186","22.1557592592593"
"Temperate","521201","13.0","9.0","0.0","61.755","1.0","0.0","61.755","1.0","-37.075","174.925","24.8932222222222","24.8932222222222","3.24111111111111","0.0","0.0","0.0","111.0","0.0","61.755","24.8932222222222","0.0","61.755","24.8932222222222"
"Temperate","521202","13.0","9.0","","","0.0","","","0.0","-37.075","174.925","24.8932222222222","24.8932222222222","3.24111111111111","0.0","0.0","0.0","111.0","0.0","61.755","24.8932222222222","0.0","61.755","24.8932222222222"
"Temperate","521203","13.0","9.0","0.0","60.624","1.0","0.0","60.624","1.0","-37.125","174.925","24.7978333333333","24.7978333333333","3.19722222222222","0.0","0.0","0.0","111.0","0.0","60.624","24.7978333333333","0.0","60.624","24.7978333333333"
"Temperate","521301","13.0","9.0","0.0","60.229","2.0","0.0","60.229","2.0","-37.075","174.975","23.4955925925926","23.4955925925926","3.15222222222222","0.0","0.0","0.0","111.0","0.0","60.229","23.0333425925926","0.0","60.229","23.0333425925926"
"Temperate","521302","13.0","9.0","","","0.0","","","0.0","-37.125","174.975","23.4418518518519","23.4418518518519","3.16092592592593","0.0","0.0","0.0","111.0","0.0","60.229","23.4418518518519","0.0","60.229","23.4418518518519"
"Temperate","521501","13.0","9.0","","","0.0","","","0.0","-36.925","174.925","24.9297962962963","24.9297962962963","3.23925925925926","0.0","0.0","0.0","111.0","0.0","61.134","24.9297962962963","0.0","61.134","24.9297962962963"
"Temperate","521502","13.0","9.0","","","0.0","","","0.0","-36.925","174.925","24.9297962962963","24.9297962962963","3.23925925925926","0.0","0.0","0.0","111.0","0.0","61.134","24.9297962962963","0.0","61.134","24.9297962962963"
"Temperate","521601","13.0","9.0","","","0.0","","","0.0","-36.925","174.925","24.9297962962963","24.9297962962963","3.23925925925926","0.0","0.0","0.0","111.0","0.0","61.134","24.9297962962963","0.0","61.134","24.9297962962963"
"Temperate","521602","13.0","9.0","","","0.0","","","0.0","-36.925","174.925","24.9297962962963","24.9297962962963","3.23925925925926","0.0","0.0","0.0","111.0","0.0","61.134","24.9297962962963","0.0","61.134","24.9297962962963"
"Temperate","521801","13.0","9.0","","","0.0","","","0.0","-36.925","174.825","24.7155740740741","24.7155740740741","3.3512962962963","0.0","0.0","0.0","111.0","0.0","63.453","24.7155740740741","0.0","63.453","24.7155740740741"
"Temperate","521802","13.0","9.0","","","0.0","","","0.0","-36.925","174.825","24.7155740740741","24.7155740740741","3.3512962962963","0.0","0.0","0.0","111.0","0.0","63.453","24.7155740740741","0.0","63.453","24.7155740740741"
"Temperate","521803","13.0","9.0","","","0.0","","","0.0","-36.925","174.825","24.7155740740741","24.7155740740741","3.3512962962963","0.0","0.0","0.0","111.0","0.0","63.453","24.7155740740741","0.0","63.453","24.7155740740741"
"Temperate","521901","13.0","9.0","","","0.0","","","0.0","-36.925","174.825","24.7155740740741","24.7155740740741","3.3512962962963","0.0","0.0","0.0","111.0","0.0","63.453","24.7155740740741","0.0","63.453","24.7155740740741"
"Temperate","521902","13.0","9.0","","","0.0","","","0.0","-36.975","174.825","24.7361666666667","24.7361666666667","3.30592592592593","0.0","0.0","0.0","111.0","0.0","62.402","24.7361666666667","0.0","62.402","24.7361666666667"
"Temperate","522100","13.0","9.0","","","0.0","","","0.0","-36.975","174.825","24.7361666666667","24.7361666666667","3.30592592592593","0.0","0.0","0.0","111.0","0.0","62.402","24.7361666666667","0.0","62.402","24.7361666666667"
"Temperate","522201","13.0","9.0","","","0.0","","","0.0","-36.975","174.875","24.7052222222222","24.7052222222222","3.30296296296296","0.0","0.0","0.0","111.0","0.0","62.393","24.7052222222222","0.0","62.393","24.7052222222222"
"Temperate","522202","13.0","9.0","","","0.0","","","0.0","-36.975","174.875","24.7052222222222","24.7052222222222","3.30296296296296","0.0","0.0","0.0","111.0","0.0","62.393","24.7052222222222","0.0","62.393","24.7052222222222"
"Temperate","522301","13.0","9.0","","","0.0","","","0.0","-36.975","174.875","24.7052222222222","24.7052222222222","3.30296296296296","0.0","0.0","0.0","111.0","0.0","62.393","24.7052222222222","0.0","62.393","24.7052222222222"
"Temperate","522302","13.0","9.0","0.0","62.393","1.0","0.0","62.393","1.0","-36.975","174.875","24.7052222222222","24.7052222222222","3.30296296296296","0.0","0.0","0.0","111.0","0.0","62.393","24.7052222222222","0.0","62.393","24.7052222222222"
"Temperate","522400","13.0","9.0","","","0.0","","","0.0","-36.975","174.875","24.7052222222222","24.7052222222222","3.30296296296296","0.0","0.0","0.0","111.0","0.0","62.393","24.7052222222222","0.0","62.393","24.7052222222222"
"Temperate","522601","13.0","9.0","","","0.0","","","0.0","-36.875","174.875","25.5911666666667","25.5911666666667","3.34574074074074","0.0","0.0","0.0","111.0","0.0","62.812","25.5911666666667","0.0","62.812","25.5911666666667"
"Temperate","522603","13.0","9.0","","","0.0","","","0.0","-36.875","174.875","25.5911666666667","25.5911666666667","3.34574074074074","0.0","0.0","0.0","111.0","0.0","62.812","25.5911666666667","0.0","62.812","25.5911666666667"
"Temperate","522604","13.0","9.0","","","0.0","","","0.0","-36.875","174.875","25.5911666666667","25.5911666666667","3.34574074074074","0.0","0.0","0.0","111.0","0.0","62.812","25.5911666666667","0.0","62.812","25.5911666666667"
"Temperate","522711","13.0","9.0","","","0.0","","","0.0","-36.875","174.875","25.5911666666667","25.5911666666667","3.34574074074074","0.0","0.0","0.0","111.0","0.0","62.812","25.5911666666667","0.0","62.812","25.5911666666667"
"Temperate","522712","13.0","9.0","","","0.0","","","0.0","-36.875","174.875","25.5911666666667","25.5911666666667","3.34574074074074","0.0","0.0","0.0","111.0","0.0","62.812","25.5911666666667","0.0","62.812","25.5911666666667"
"Temperate","522721","13.0","9.0","","","0.0","","","0.0","-36.875","174.875","25.5911666666667","25.5911666666667","3.34574074074074","0.0","0.0","0.0","111.0","0.0","62.812","25.5911666666667","0.0","62.812","25.5911666666667"
"Temperate","522722","13.0","9.0","","","0.0","","","0.0","-36.925","174.925","24.9297962962963","24.9297962962963","3.23925925925926","0.0","0.0","0.0","111.0","0.0","61.134","24.9297962962963","0.0","61.134","24.9297962962963"
"Temperate","522723","13.0","9.0","","","0.0","","","0.0","-36.925","174.925","24.9297962962963","24.9297962962963","3.23925925925926","0.0","0.0","0.0","111.0","0.0","61.134","24.9297962962963","0.0","61.134","24.9297962962963"
"Temperate","522730","13.0","9.0","","","0.0","","","0.0","-36.875","174.875","25.5911666666667","25.5911666666667","3.34574074074074","0.0","0.0","0.0","111.0","0.0","62.812","25.5911666666667","0.0","62.812","25.5911666666667"
"Temperate","522810","13.0","9.0","","","0.0","","","0.0","-36.875","174.875","25.5911666666667","25.5911666666667","3.34574074074074","0.0","0.0","0.0","111.0","0.0","62.812","25.5911666666667","0.0","62.812","25.5911666666667"
"Temperate","522820","13.0","9.0","","","0.0","","","0.0","-36.875","174.875","25.5911666666667","25.5911666666667","3.34574074074074","0.0","0.0","0.0","111.0","0.0","62.812","25.5911666666667","0.0","62.812","25.5911666666667"
"Temperate","522910","13.0","9.0","","","0.0","","","0.0","-36.925","174.925","24.9297962962963","24.9297962962963","3.23925925925926","0.0","0.0","0.0","111.0","0.0","61.134","24.9297962962963","0.0","61.134","24.9297962962963"
"Temperate","522920","13.0","9.0","","","0.0","","","0.0","-36.925","174.825","24.7155740740741","24.7155740740741","3.3512962962963","0.0","0.0","0.0","111.0","0.0","63.453","24.7155740740741","0.0","63.453","24.7155740740741"
"Temperate","523000","13.0","9.0","","","0.0","","","0.0","-36.925","174.925","24.9297962962963","24.9297962962963","3.23925925925926","0.0","0.0","0.0","111.0","0.0","61.134","24.9297962962963","0.0","61.134","24.9297962962963"
"Temperate","523101","13.0","9.0","","","0.0","","","0.0","-36.925","174.925","24.9297962962963","24.9297962962963","3.23925925925926","0.0","0.0","0.0","111.0","0.0","61.134","24.9297962962963","0.0","61.134","24.9297962962963"
"Temperate","523102","13.0","9.0","","","0.0","","","0.0","-36.925","174.925","24.9297962962963","24.9297962962963","3.23925925925926","0.0","0.0","0.0","111.0","0.0","61.134","24.9297962962963","0.0","61.134","24.9297962962963"
"Temperate","523105","13.0","9.0","","","0.0","","","0.0","-36.925","174.925","24.9297962962963","24.9297962962963","3.23925925925926","0.0","0.0","0.0","111.0","0.0","61.134","24.9297962962963","0.0","61.134","24.9297962962963"
"Temperate","523106","13.0","9.0","","","0.0","","","0.0","-36.925","174.925","24.9297962962963","24.9297962962963","3.23925925925926","0.0","0.0","0.0","111.0","0.0","61.134","24.9297962962963","0.0","61.134","24.9297962962963"
"Temperate","523107","13.0","9.0","","","0.0","","","0.0","-36.925","174.925","24.9297962962963","24.9297962962963","3.23925925925926","0.0","0.0","0.0","111.0","0.0","61.134","24.9297962962963","0.0","61.134","24.9297962962963"
"Temperate","523109","13.0","9.0","","","0.0","","","0.0","-36.925","174.925","24.9297962962963","24.9297962962963","3.23925925925926","0.0","0.0","0.0","111.0","0.0","61.134","24.9297962962963","0.0","61.134","24.9297962962963"
"Temperate","523110","13.0","9.0","0.0","61.134","1.0","0.0","61.134","1.0","-36.925","174.925","24.9297962962963","24.9297962962963","3.23925925925926","0.0","0.0","0.0","111.0","0.0","61.134","24.9297962962963","0.0","61.134","24.9297962962963"
"Temperate","523112","13.0","9.0","","","0.0","","","0.0","-36.925","174.925","24.9297962962963","24.9297962962963","3.23925925925926","0.0","0.0","0.0","111.0","0.0","61.134","24.9297962962963","0.0","61.134","24.9297962962963"
"Temperate","523113","13.0","9.0","","","0.0","","","0.0","-36.925","174.925","24.9297962962963","24.9297962962963","3.23925925925926","0.0","0.0","0.0","111.0","0.0","61.134","24.9297962962963","0.0","61.134","24.9297962962963"
"Temperate","523114","13.0","9.0","","","0.0","","","0.0","-36.925","174.925","24.9297962962963","24.9297962962963","3.23925925925926","0.0","0.0","0.0","111.0","0.0","61.134","24.9297962962963","0.0","61.134","24.9297962962963"
"Temperate","523115","13.0","9.0","","","0.0","","","0.0","-36.975","174.925","24.3113148148148","24.3113148148148","3.22518518518519","0.0","0.0","0.0","111.0","0.0","61.608","24.3113148148148","0.0","61.608","24.3113148148148"
"Temperate","523116","13.0","9.0","","","0.0","","","0.0","-36.975","174.925","24.3113148148148","24.3113148148148","3.22518518518519","0.0","0.0","0.0","111.0","0.0","61.608","24.3113148148148","0.0","61.608","24.3113148148148"
"Temperate","523201","13.0","9.0","","","0.0","","","0.0","-36.925","174.925","24.9297962962963","24.9297962962963","3.23925925925926","0.0","0.0","0.0","111.0","0.0","61.134","24.9297962962963","0.0","61.134","24.9297962962963"
"Temperate","523202","13.0","9.0","0.0","62.468","3.0","0.0","62.468","3.0","-36.925","174.975","24.9347962962963","24.9347962962963","3.30944444444444","0.0","0.0","0.0","111.0","0.0","62.468","24.462512345679","0.0","62.468","24.462512345679"
"Temperate","523300","13.0","9.0","","","0.0","","","0.0","-36.925","175.025","24.7886666666667","24.7886666666667","3.06685185185185","0.0","0.0","0.0","111.0","0.0","59.381","24.7886666666667","0.0","59.381","24.7886666666667"
"Temperate","523402","13.0","9.0","","","0.0","","","0.0","-36.975","174.875","24.7052222222222","24.7052222222222","3.30296296296296","0.0","0.0","0.0","111.0","0.0","62.393","24.7052222222222","0.0","62.393","24.7052222222222"
"Temperate","523403","13.0","9.0","","","0.0","","","0.0","-36.975","174.875","24.7052222222222","24.7052222222222","3.30296296296296","0.0","0.0","0.0","111.0","0.0","62.393","24.7052222222222","0.0","62.393","24.7052222222222"
"Temperate","523404","13.0","9.0","","","0.0","","","0.0","-36.975","174.875","24.7052222222222","24.7052222222222","3.30296296296296","0.0","0.0","0.0","111.0","0.0","62.393","24.7052222222222","0.0","62.393","24.7052222222222"
"Temperate","523501","13.0","9.0","","","0.0","","","0.0","-36.975","174.875","24.7052222222222","24.7052222222222","3.30296296296296","0.0","0.0","0.0","111.0","0.0","62.393","24.7052222222222","0.0","62.393","24.7052222222222"
"Temperate","523502","13.0","9.0","","","0.0","","","0.0","-36.975","174.875","24.7052222222222","24.7052222222222","3.30296296296296","0.0","0.0","0.0","111.0","0.0","62.393","24.7052222222222","0.0","62.393","24.7052222222222"
"Temperate","523601","13.0","9.0","","","0.0","","","0.0","-36.975","174.875","24.7052222222222","24.7052222222222","3.30296296296296","0.0","0.0","0.0","111.0","0.0","62.393","24.7052222222222","0.0","62.393","24.7052222222222"
"Temperate","523602","13.0","9.0","","","0.0","","","0.0","-36.975","174.875","24.7052222222222","24.7052222222222","3.30296296296296","0.0","0.0","0.0","111.0","0.0","62.393","24.7052222222222","0.0","62.393","24.7052222222222"
"Temperate","523711","13.0","9.0","","","0.0","","","0.0","-36.975","174.875","24.7052222222222","24.7052222222222","3.30296296296296","0.0","0.0","0.0","111.0","0.0","62.393","24.7052222222222","0.0","62.393","24.7052222222222"
"Temperate","523712","13.0","9.0","","","0.0","","","0.0","-36.975","174.925","24.3113148148148","24.3113148148148","3.22518518518519","0.0","0.0","0.0","111.0","0.0","61.608","24.3113148148148","0.0","61.608","24.3113148148148"
"Temperate","523713","13.0","9.0","0.0","61.608","1.0","0.0","61.608","1.0","-36.975","174.925","24.3113148148148","24.3113148148148","3.22518518518519","0.0","0.0","0.0","111.0","0.0","61.608","24.3113148148148","0.0","61.608","24.3113148148148"
"Temperate","523721","13.0","9.0","","","0.0","","","0.0","-36.975","174.875","24.7052222222222","24.7052222222222","3.30296296296296","0.0","0.0","0.0","111.0","0.0","62.393","24.7052222222222","0.0","62.393","24.7052222222222"
"Temperate","523722","13.0","9.0","","","0.0","","","0.0","-36.975","174.875","24.7052222222222","24.7052222222222","3.30296296296296","0.0","0.0","0.0","111.0","0.0","62.393","24.7052222222222","0.0","62.393","24.7052222222222"
"Temperate","523813","13.0","9.0","0.0","61.986","2.0","0.0","61.986","2.0","-37.025","174.975","24.5363333333333","24.5363333333333","3.17148148148148","0.0","0.0","0.0","111.0","0.0","61.986","24.6687592592593","0.0","61.986","24.6687592592593"
"Temperate","523814","13.0","9.0","","","0.0","","","0.0","-37.025","174.925","24.8011851851852","24.8011851851852","3.26518518518519","0.0","0.0","0.0","111.0","0.0","61.986","24.8011851851852","0.0","61.986","24.8011851851852"
"Temperate","523816","13.0","9.0","","","0.0","","","0.0","-37.025","174.925","24.8011851851852","24.8011851851852","3.26518518518519","0.0","0.0","0.0","111.0","0.0","61.986","24.8011851851852","0.0","61.986","24.8011851851852"
"Temperate","523817","13.0","9.0","","","0.0","","","0.0","-37.025","174.925","24.8011851851852","24.8011851851852","3.26518518518519","0.0","0.0","0.0","111.0","0.0","61.986","24.8011851851852","0.0","61.986","24.8011851851852"
"Temperate","523818","13.0","9.0","","","0.0","","","0.0","-36.975","174.925","24.3113148148148","24.3113148148148","3.22518518518519","0.0","0.0","0.0","111.0","0.0","61.608","24.3113148148148","0.0","61.608","24.3113148148148"
"Temperate","523819","13.0","9.0","","","0.0","","","0.0","-37.025","174.925","24.8011851851852","24.8011851851852","3.26518518518519","0.0","0.0","0.0","111.0","0.0","61.986","24.8011851851852","0.0","61.986","24.8011851851852"
"Temperate","523820","13.0","9.0","","","0.0","","","0.0","-36.975","174.925","24.3113148148148","24.3113148148148","3.22518518518519","0.0","0.0","0.0","111.0","0.0","61.608","24.3113148148148","0.0","61.608","24.3113148148148"
"Temperate","523911","13.0","9.0","","","0.0","","","0.0","-37.025","174.925","24.8011851851852","24.8011851851852","3.26518518518519","0.0","0.0","0.0","111.0","0.0","61.986","24.8011851851852","0.0","61.986","24.8011851851852"
"Temperate","523912","13.0","9.0","","","0.0","","","0.0","-37.025","174.925","24.8011851851852","24.8011851851852","3.26518518518519","0.0","0.0","0.0","111.0","0.0","61.986","24.8011851851852","0.0","61.986","24.8011851851852"
"Temperate","523920","13.0","9.0","","","0.0","","","0.0","-37.025","174.925","24.8011851851852","24.8011851851852","3.26518518518519","0.0","0.0","0.0","111.0","0.0","61.986","24.8011851851852","0.0","61.986","24.8011851851852"
"Temperate","524001","13.0","9.0","","","0.0","","","0.0","-36.975","174.775","24.7780185185185","24.7780185185185","3.35018518518519","0.0","0.0","0.0","111.0","0.0","62.844","24.7780185185185","0.0","62.844","24.7780185185185"
"Temperate","524002","13.0","9.0","","","0.0","","","0.0","-36.975","174.775","24.7780185185185","24.7780185185185","3.35018518518519","0.0","0.0","0.0","111.0","0.0","62.844","24.7780185185185","0.0","62.844","24.7780185185185"
"Temperate","524111","13.0","9.0","","","0.0","","","0.0","-36.975","174.775","24.7780185185185","24.7780185185185","3.35018518518519","0.0","0.0","0.0","111.0","0.0","62.844","24.7780185185185","0.0","62.844","24.7780185185185"
"Temperate","524112","13.0","9.0","","","0.0","","","0.0","-36.975","174.825","24.7361666666667","24.7361666666667","3.30592592592593","0.0","0.0","0.0","111.0","0.0","62.402","24.7361666666667","0.0","62.402","24.7361666666667"
"Temperate","524121","13.0","9.0","","","0.0","","","0.0","-36.975","174.775","24.7780185185185","24.7780185185185","3.35018518518519","0.0","0.0","0.0","111.0","0.0","62.844","24.7780185185185","0.0","62.844","24.7780185185185"
"Temperate","524122","13.0","9.0","","","0.0","","","0.0","-36.975","174.775","24.7780185185185","24.7780185185185","3.35018518518519","0.0","0.0","0.0","111.0","0.0","62.844","24.7780185185185","0.0","62.844","24.7780185185185"
"Temperate","524200","13.0","9.0","0.0","62.844","1.0","0.0","62.844","1.0","-36.975","174.775","24.7780185185185","24.7780185185185","3.35018518518519","0.0","0.0","0.0","111.0","0.0","62.844","24.7780185185185","0.0","62.844","24.7780185185185"
"Temperate","524301","13.0","9.0","","","0.0","","","0.0","-36.975","174.825","24.7361666666667","24.7361666666667","3.30592592592593","0.0","0.0","0.0","111.0","0.0","62.402","24.7361666666667","0.0","62.402","24.7361666666667"
"Temperate","524302","13.0","9.0","0.0","62.402","1.0","0.0","62.402","1.0","-36.975","174.825","24.7361666666667","24.7361666666667","3.30592592592593","0.0","0.0","0.0","111.0","0.0","62.402","24.7361666666667","0.0","62.402","24.7361666666667"
"Temperate","524303","13.0","9.0","","","0.0","","","0.0","-36.975","174.825","24.7361666666667","24.7361666666667","3.30592592592593","0.0","0.0","0.0","111.0","0.0","62.402","24.7361666666667","0.0","62.402","24.7361666666667"
"Temperate","524402","13.0","9.0","","","0.0","","","0.0","-36.975","174.825","24.7361666666667","24.7361666666667","3.30592592592593","0.0","0.0","0.0","111.0","0.0","62.402","24.7361666666667","0.0","62.402","24.7361666666667"
"Temperate","524403","13.0","9.0","","","0.0","","","0.0","-36.975","174.825","24.7361666666667","24.7361666666667","3.30592592592593","0.0","0.0","0.0","111.0","0.0","62.402","24.7361666666667","0.0","62.402","24.7361666666667"
"Temperate","524404","13.0","9.0","","","0.0","","","0.0","-36.925","174.825","24.7155740740741","24.7155740740741","3.3512962962963","0.0","0.0","0.0","111.0","0.0","63.453","24.7155740740741","0.0","63.453","24.7155740740741"
"Temperate","524405","13.0","9.0","","","0.0","","","0.0","-36.975","174.825","24.7361666666667","24.7361666666667","3.30592592592593","0.0","0.0","0.0","111.0","0.0","62.402","24.7361666666667","0.0","62.402","24.7361666666667"
"Temperate","524510","13.0","9.0","","","0.0","","","0.0","-36.975","174.825","24.7361666666667","24.7361666666667","3.30592592592593","0.0","0.0","0.0","111.0","0.0","62.402","24.7361666666667","0.0","62.402","24.7361666666667"
"Temperate","524520","13.0","9.0","","","0.0","","","0.0","-36.975","174.825","24.7361666666667","24.7361666666667","3.30592592592593","0.0","0.0","0.0","111.0","0.0","62.402","24.7361666666667","0.0","62.402","24.7361666666667"
"Temperate","524530","13.0","9.0","","","0.0","","","0.0","-36.975","174.825","24.7361666666667","24.7361666666667","3.30592592592593","0.0","0.0","0.0","111.0","0.0","62.402","24.7361666666667","0.0","62.402","24.7361666666667"
"Temperate","524602","13.0","9.0","","","0.0","","","0.0","-37.025","174.875","24.8334444444444","24.8334444444444","3.2487037037037","0.0","0.0","0.0","111.0","0.0","61.851","24.8334444444444","0.0","61.851","24.8334444444444"
"Temperate","524603","13.0","9.0","","","0.0","","","0.0","-36.975","174.875","24.7052222222222","24.7052222222222","3.30296296296296","0.0","0.0","0.0","111.0","0.0","62.393","24.7052222222222","0.0","62.393","24.7052222222222"
"Temperate","524604","13.0","9.0","","","0.0","","","0.0","-37.025","174.875","24.8334444444444","24.8334444444444","3.2487037037037","0.0","0.0","0.0","111.0","0.0","61.851","24.8334444444444","0.0","61.851","24.8334444444444"
"Temperate","524711","13.0","9.0","","","0.0","","","0.0","-37.025","174.875","24.8334444444444","24.8334444444444","3.2487037037037","0.0","0.0","0.0","111.0","0.0","61.851","24.8334444444444","0.0","61.851","24.8334444444444"
"Temperate","524712","13.0","9.0","","","0.0","","","0.0","-37.025","174.875","24.8334444444444","24.8334444444444","3.2487037037037","0.0","0.0","0.0","111.0","0.0","61.851","24.8334444444444","0.0","61.851","24.8334444444444"
"Temperate","524713","13.0","9.0","0.0","61.851","1.0","0.0","61.851","1.0","-37.025","174.875","24.8334444444444","24.8334444444444","3.2487037037037","0.0","0.0","0.0","111.0","0.0","61.851","24.8334444444444","0.0","61.851","24.8334444444444"
"Temperate","524720","13.0","9.0","","","0.0","","","0.0","-37.025","174.875","24.8334444444444","24.8334444444444","3.2487037037037","0.0","0.0","0.0","111.0","0.0","61.851","24.8334444444444","0.0","61.851","24.8334444444444"
"Temperate","524811","13.0","9.0","","","0.0","","","0.0","-37.025","174.875","24.8334444444444","24.8334444444444","3.2487037037037","0.0","0.0","0.0","111.0","0.0","61.851","24.8334444444444","0.0","61.851","24.8334444444444"
"Temperate","524812","13.0","9.0","","","0.0","","","0.0","-37.025","174.875","24.8334444444444","24.8334444444444","3.2487037037037","0.0","0.0","0.0","111.0","0.0","61.851","24.8334444444444","0.0","61.851","24.8334444444444"
"Temperate","524821","13.0","9.0","","","0.0","","","0.0","-37.025","174.875","24.8334444444444","24.8334444444444","3.2487037037037","0.0","0.0","0.0","111.0","0.0","61.851","24.8334444444444","0.0","61.851","24.8334444444444"
"Temperate","524822","13.0","9.0","","","0.0","","","0.0","-37.025","174.875","24.8334444444444","24.8334444444444","3.2487037037037","0.0","0.0","0.0","111.0","0.0","61.851","24.8334444444444","0.0","61.851","24.8334444444444"
"Temperate","524901","13.0","9.0","","","0.0","","","0.0","-37.025","174.875","24.8334444444444","24.8334444444444","3.2487037037037","0.0","0.0","0.0","111.0","0.0","61.851","24.8334444444444","0.0","61.851","24.8334444444444"
"Temperate","524902","13.0","9.0","","","0.0","","","0.0","-37.025","174.925","24.8011851851852","24.8011851851852","3.26518518518519","0.0","0.0","0.0","111.0","0.0","61.986","24.8011851851852","0.0","61.986","24.8011851851852"
"Temperate","525001","13.0","9.0","","","0.0","","","0.0","-37.025","174.875","24.8334444444444","24.8334444444444","3.2487037037037","0.0","0.0","0.0","111.0","0.0","61.851","24.8334444444444","0.0","61.851","24.8334444444444"
"Temperate","525002","13.0","9.0","","","0.0","","","0.0","-37.025","174.925","24.8011851851852","24.8011851851852","3.26518518518519","0.0","0.0","0.0","111.0","0.0","61.986","24.8011851851852","0.0","61.986","24.8011851851852"
"Temperate","525101","13.0","9.0","","","0.0","","","0.0","-37.025","174.875","24.8334444444444","24.8334444444444","3.2487037037037","0.0","0.0","0.0","111.0","0.0","61.851","24.8334444444444","0.0","61.851","24.8334444444444"
"Temperate","525102","13.0","9.0","","","0.0","","","0.0","-37.025","174.875","24.8334444444444","24.8334444444444","3.2487037037037","0.0","0.0","0.0","111.0","0.0","61.851","24.8334444444444","0.0","61.851","24.8334444444444"
"Temperate","525201","13.0","9.0","0.0","62.494","6.0","0.0","62.494","6.0","-36.975","175.075","26.3240185185185","26.3240185185185","3.31222222222222","0.0","0.0","0.0","111.0","0.0","62.494","24.8976759259259","0.0","62.494","24.8976759259259"
"Temperate","525202","13.0","9.0","0.0","60.762","5.0","0.0","60.762","5.0","-36.975","175.225","33.0838333333333","33.7110555555556","3.20148148148148","0.0","0.0","0.0","111.0","0.0","60.762","25.9345666666667","0.0","60.762","26.3919"
"Temperate","525410","13.0","9.0","","","0.0","","","0.0","-37.075","174.925","24.8932222222222","24.8932222222222","3.24111111111111","0.0","0.0","0.0","111.0","0.0","61.755","24.8932222222222","0.0","61.755","24.8932222222222"
"Temperate","525420","13.0","9.0","","","0.0","","","0.0","-37.075","174.925","24.8932222222222","24.8932222222222","3.24111111111111","0.0","0.0","0.0","111.0","0.0","61.755","24.8932222222222","0.0","61.755","24.8932222222222"
"Temperate","525510","13.0","9.0","0.0","60.174","1.0","0.0","60.174","1.0","-37.075","174.975","23.4955925925926","23.4955925925926","3.15222222222222","0.0","0.0","0.0","111.0","0.0","60.174","23.4955925925926","0.0","60.174","23.4955925925926"
"Temperate","525520","13.0","9.0","","","0.0","","","0.0","-37.075","174.925","24.8932222222222","24.8932222222222","3.24111111111111","0.0","0.0","0.0","111.0","0.0","61.755","24.8932222222222","0.0","61.755","24.8932222222222"
"Temperate","525530","13.0","9.0","","","0.0","","","0.0","-37.075","174.925","24.8932222222222","24.8932222222222","3.24111111111111","0.0","0.0","0.0","111.0","0.0","61.755","24.8932222222222","0.0","61.755","24.8932222222222"
"Temperate","525540","13.0","9.0","","","0.0","","","0.0","-37.075","174.925","24.8932222222222","24.8932222222222","3.24111111111111","0.0","0.0","0.0","111.0","0.0","61.755","24.8932222222222","0.0","61.755","24.8932222222222"
"Temperate","525610","13.0","9.0","","","0.0","","","0.0","-37.075","174.975","23.4955925925926","23.4955925925926","3.15222222222222","0.0","0.0","0.0","111.0","0.0","60.174","23.4955925925926","0.0","60.174","23.4955925925926"
"Temperate","525620","13.0","9.0","","","0.0","","","0.0","-37.075","174.975","23.4955925925926","23.4955925925926","3.15222222222222","0.0","0.0","0.0","111.0","0.0","60.174","23.4955925925926","0.0","60.174","23.4955925925926"
"Temperate","525630","13.0","9.0","","","0.0","","","0.0","-37.075","174.975","23.4955925925926","23.4955925925926","3.15222222222222","0.0","0.0","0.0","111.0","0.0","60.174","23.4955925925926","0.0","60.174","23.4955925925926"
"Temperate","525700","13.0","9.0","","","0.0","","","0.0","-37.075","174.975","23.4955925925926","23.4955925925926","3.15222222222222","0.0","0.0","0.0","111.0","0.0","60.174","23.4955925925926","0.0","60.174","23.4955925925926"
"Temperate","525910","13.0","9.0","","","0.0","","","0.0","-37.175","174.925","23.4420740740741","23.4420740740741","3.05888888888889","0.0","0.0","0.0","111.0","0.0","59.174","23.4420740740741","0.0","59.174","23.4420740740741"
"Temperate","525921","13.0","9.0","","","0.0","","","0.0","-37.225","174.875","24.0487777777778","24.0487777777778","2.85833333333333","0.0","0.0","0.0","111.0","0.0","56.328","24.0487777777778","0.0","56.328","24.0487777777778"
"Temperate","525922","13.0","9.0","","","0.0","","","0.0","-37.225","174.925","23.2297592592593","23.2297592592593","3.04037037037037","0.0","0.0","0.0","111.0","0.0","58.247","23.2297592592593","0.0","58.247","23.2297592592593"
"Temperate","526103","13.0","9.0","","","0.0","","","0.0","-37.275","174.725","26.0154259259259","26.0154259259259","3.12944444444444","0.0","0.0","0.0","111.0","0.0","60.552","26.0154259259259","0.0","60.552","26.0154259259259"
"Temperate","526104","13.0","9.0","","","0.0","","","0.0","-37.275","174.725","26.0154259259259","26.0154259259259","3.12944444444444","0.0","0.0","0.0","111.0","0.0","60.552","26.0154259259259","0.0","60.552","26.0154259259259"
"Temperate","526105","13.0","9.0","","","0.0","","","0.0","-37.275","174.725","26.0154259259259","26.0154259259259","3.12944444444444","0.0","0.0","0.0","111.0","0.0","60.552","26.0154259259259","0.0","60.552","26.0154259259259"
"Temperate","526106","13.0","9.0","","","0.0","","","0.0","-37.275","174.775","26.4637037037037","26.4637037037037","3.16833333333333","0.0","0.0","0.0","111.0","0.0","60.972","26.4637037037037","0.0","60.972","26.4637037037037"
"Temperate","526200","13.0","9.0","","","0.0","","","0.0","-37.275","174.925","26.0891851851852","26.0891851851852","3.17722222222222","0.0","0.0","0.0","111.0","0.0","60.333","26.0891851851852","0.0","60.333","26.0891851851852"
"Temperate","526400","13.0","9.0","","","0.0","","","0.0","-37.575","175.075","24.1622962962963","24.1622962962963","2.9437037037037","0.0","0.0","0.0","111.0","0.0","57.174","24.1622962962963","0.0","57.174","24.1622962962963"
"Temperate","526500","13.0","9.0","","","0.0","","","0.0","-37.775","174.875","24.9467592592593","24.9467592592593","2.91796296296296","0.0","0.0","0.0","111.0","0.0","57.101","24.9467592592593","0.0","57.101","24.9467592592593"
"Temperate","526601","13.0","9.0","0.0","58.026","19.0","0.0","58.026","19.0","-37.675","175.075","20.848537037037","20.848537037037","2.68944444444444","0.0","0.0","0.0","111.0","0.0","58.026","22.6013001949318","0.0","58.026","22.6013001949318"
"Temperate","526602","13.0","9.0","0.0","57.966","17.0","0.0","57.966","17.0","-37.875","174.925","17.8843518518519","17.8843518518519","2.78648148148148","0.0","0.0","0.0","111.0","0.0","57.966","18.5216873638344","0.0","57.966","18.6791220043573"
"Temperate","526603","13.0","9.0","0.0","56.618","8.0","0.0","56.618","8.0","-37.925","175.125","20.5902592592593","20.5902592592593","2.86981481481482","0.0","0.0","0.0","111.0","0.0","56.618","19.3460300925926","0.0","56.618","19.4279189814815"
"Temperate","526701","13.0","9.0","0.0","60.456","29.0","0.0","60.456","29.0","-37.425","174.875","22.2473148148148","22.2473148148148","2.82648148148148","0.0","0.0","0.0","111.0","0.0","60.456","23.0947720306513","0.0","60.456","23.1245727969349"
"Temperate","526702","13.0","9.0","0.0","58.938","23.0","0.0","58.938","23.0","-37.625","174.925","21.5804074074074","21.5804074074074","2.79518518518519","0.0","0.0","0.0","111.0","0.0","58.938","24.0456731078905","0.0","58.938","24.0456731078905"
"Temperate","526900","13.0","9.0","","","0.0","","","0.0","-37.425","175.125","28.4365925925926","28.4365925925926","3.06518518518519","0.0","0.0","0.0","111.0","0.0","58.363","28.4365925925926","0.0","58.363","28.4365925925926"
"Temperate","527004","13.0","9.0","","","0.0","","","0.0","-37.775","175.375","24.4471666666667","24.4471666666667","2.73814814814815","0.0","0.0","0.0","25.6954444444444","0.0","51.65","24.4471666666667","0.0","51.65","24.4471666666667"
"Temperate","527005","13.0","9.0","","","0.0","","","0.0","-37.725","175.225","25.8364074074074","25.8364074074074","2.92666666666667","0.0","0.0","0.0","111.0","0.0","55.384","25.8364074074074","0.0","55.384","25.8364074074074"
"Temperate","527006","13.0","9.0","","","0.0","","","0.0","-37.725","175.275","25.7096296296296","25.7096296296296","2.88648148148148","0.0","0.0","0.0","111.0","0.0","54.939","25.7096296296296","0.0","54.939","25.7096296296296"
"Temperate","527007","13.0","9.0","","","0.0","","","0.0","-37.725","175.275","25.7096296296296","25.7096296296296","2.88648148148148","0.0","0.0","0.0","111.0","0.0","54.939","25.7096296296296","0.0","54.939","25.7096296296296"
"Temperate","527008","13.0","9.0","","","0.0","","","0.0","-37.725","175.275","25.7096296296296","25.7096296296296","2.88648148148148","0.0","0.0","0.0","111.0","0.0","54.939","25.7096296296296","0.0","54.939","25.7096296296296"
"Temperate","527009","13.0","9.0","0.0","54.939","1.0","0.0","54.939","1.0","-37.725","175.275","25.7096296296296","25.7096296296296","2.88648148148148","0.0","0.0","0.0","111.0","0.0","54.939","25.7096296296296","0.0","54.939","25.7096296296296"
"Temperate","527111","13.0","9.0","0.0","57.122","14.0","0.0","57.122","14.0","-37.575","175.325","28.2435","28.2435","2.97648148148148","0.0","0.0","0.0","111.0","0.0","57.122","27.6270171957672","0.0","57.122","27.6340092592593"
"Temperate","527112","13.0","9.0","","","0.0","","","0.0","-37.625","175.175","26.5702962962963","26.5702962962963","3.0262962962963","0.0","0.0","0.0","111.0","0.0","57.959","26.5702962962963","0.0","57.959","26.5702962962963"
"Temperate","527122","13.0","9.0","0.0","54.832","1.0","0.0","54.832","1.0","-37.675","175.325","26.662462962963","26.662462962963","2.87555555555556","0.0","0.0","0.0","111.0","0.0","54.832","26.662462962963","0.0","54.832","26.662462962963"
"Temperate","527123","13.0","9.0","0.0","56.77","4.0","0.0","56.77","4.0","-37.675","175.225","26.789537037037","26.789537037037","2.94962962962963","0.0","0.0","0.0","111.0","0.0","56.77","26.7934166666667","0.0","56.77","26.7934166666667"
"Temperate","527124","13.0","9.0","0.0","53.031","1.0","0.0","53.031","1.0","-37.775","175.325","24.4135","24.4135","2.78388888888889","0.0","0.0","0.0","29.9528888888889","0.0","53.031","24.4135","0.0","53.031","24.4135"
"Temperate","527125","13.0","9.0","0.0","53.491","5.0","0.0","53.491","5.0","-37.725","175.375","24.8896666666667","24.8896666666667","2.76574074074074","0.0","0.0","0.0","23.5664444444444","0.0","53.491","25.0151037037037","0.0","53.491","25.0151037037037"
"Temperate","527131","13.0","9.0","0.0","51.554","6.0","0.0","51.554","6.0","-37.825","175.425","24.1877777777778","24.1877777777778","2.67388888888889","0.0","0.0","0.0","26.3723333333333","0.0","51.554","22.6186543209877","0.0","51.554","22.6186543209877"
"Temperate","527133","13.0","9.0","0.0","49.778","1.0","0.0","49.778","1.0","-37.875","175.475","23.3000555555556","23.3365","2.63833333333333","0.0","0.0","0.0","23.0788888888889","0.0","49.778","23.7596666666667","0.0","49.778","23.7596666666667"
"Temperate","527134","13.0","9.0","0.0","49.66","1.0","0.0","49.66","1.0","-37.875","175.475","23.3000555555556","23.3365","2.63833333333333","0.0","0.0","0.0","23.0788888888889","0.0","49.66","23.3000555555556","0.0","49.66","23.3365"
"Temperate","527210","13.0","9.0","0.0","58.687","18.0","0.0","58.687","18.0","-37.425","175.225","27.4197777777778","27.4197777777778","2.96796296296296","0.0","0.0","0.0","111.0","0.0","58.687","25.6014526748971","0.0","58.687","25.6501193415638"
"Temperate","527221","13.0","9.0","0.0","59.0","12.0","0.0","59.0","12.0","-37.275","175.225","26.9339074074074","26.9339074074074","3.01185185185185","0.0","0.0","0.0","111.0","0.0","59.0","26.9927577160494","0.0","59.0","26.9927577160494"
"Temperate","527222","13.0","9.0","","","0.0","","","0.0","-37.325","175.075","26.9037962962963","26.9037962962963","3.10814814814815","0.0","0.0","0.0","111.0","0.0","58.834","26.9037962962963","0.0","58.834","26.9037962962963"
"Temperate","527401","13.0","9.0","","","0.0","","","0.0","-37.575","175.125","25.9869074074074","25.9869074074074","3.00203703703704","0.0","0.0","0.0","111.0","0.0","57.731","25.9869074074074","0.0","57.731","25.9869074074074"
"Temperate","527402","13.0","9.0","0.0","57.857","1.0","0.0","57.857","1.0","-37.525","175.175","28.0402407407407","28.0402407407407","3.0212962962963","0.0","0.0","0.0","111.0","0.0","57.857","28.0402407407407","0.0","57.857","28.0402407407407"
"Temperate","527501","13.0","9.0","","","0.0","","","0.0","-37.875","175.475","23.3000555555556","23.3365","2.63833333333333","0.0","0.0","0.0","23.0788888888889","0.0","49.66","23.3000555555556","0.0","49.66","23.3365"
"Temperate","527502","13.0","9.0","","","0.0","","","0.0","-37.875","175.475","23.3000555555556","23.3365","2.63833333333333","0.0","0.0","0.0","23.0788888888889","0.0","49.66","23.3000555555556","0.0","49.66","23.3365"
"Temperate","527503","13.0","9.0","","","0.0","","","0.0","-37.875","175.475","23.3000555555556","23.3365","2.63833333333333","0.0","0.0","0.0","23.0788888888889","0.0","49.66","23.3000555555556","0.0","49.66","23.3365"
"Temperate","527504","13.0","9.0","","","0.0","","","0.0","-37.925","175.475","24.5790555555556","24.7031666666667","2.69240740740741","0.0","0.0","0.0","21.975","0.0","50.154","24.5790555555556","0.0","50.154","24.7031666666667"
"Temperate","527505","13.0","9.0","","","0.0","","","0.0","-37.925","175.475","24.5790555555556","24.7031666666667","2.69240740740741","0.0","0.0","0.0","21.975","0.0","50.154","24.5790555555556","0.0","50.154","24.7031666666667"
"Temperate","527600","13.0","9.0","","","0.0","","","0.0","-37.925","175.325","23.3012777777778","23.3012777777778","2.75203703703704","0.0","0.0","0.0","34.3056666666667","0.0","51.754","23.3012777777778","0.0","51.754","23.3012777777778"
"Temperate","527700","13.0","9.0","","","0.0","","","0.0","-38.025","175.375","24.1537962962963","24.1537962962963","2.75777777777778","0.0","0.0","0.0","26.649","0.0","51.742","24.1537962962963","0.0","51.742","24.1537962962963"
"Temperate","527810","13.0","9.0","0.0","53.391","1.0","0.0","53.391","1.0","-37.825","175.325","24.6159074074074","24.6159074074074","2.82277777777778","0.0","0.0","0.0","111.0","0.0","53.391","24.6159074074074","0.0","53.391","24.6159074074074"
"Temperate","527820","13.0","9.0","0.0","54.701","1.0","0.0","54.701","1.0","-37.825","175.225","23.2275185185185","23.2275185185185","2.85851851851852","0.0","0.0","0.0","111.0","0.0","54.701","23.2275185185185","0.0","54.701","23.2275185185185"
"Temperate","527912","13.0","9.0","0.0","56.648","2.0","0.0","56.648","2.0","-37.725","175.175","25.2902037037037","25.2902037037037","2.93888888888889","0.0","0.0","0.0","111.0","0.0","56.648","24.4497962962963","0.0","56.648","24.4497962962963"
"Temperate","527913","13.0","9.0","0.0","56.52","2.0","0.0","56.52","2.0","-37.775","175.175","24.1915740740741","24.1915740740741","2.93111111111111","0.0","0.0","0.0","111.0","0.0","56.52","23.5486666666667","0.0","56.52","23.5486666666667"
"Temperate","527914","13.0","9.0","0.0","56.155","5.0","0.0","56.155","5.0","-37.875","175.225","21.924537037037","21.924537037037","2.8487037037037","0.0","0.0","0.0","111.0","0.0","56.155","22.3104925925926","0.0","56.155","22.3104925925926"
"Temperate","527915","13.0","9.0","0.0","53.369","2.0","0.0","53.369","2.0","-37.875","175.325","23.9635","23.9635","2.79592592592593","0.0","0.0","0.0","31.731","0.0","53.369","23.8841388888889","0.0","53.369","23.8841388888889"
"Temperate","527916","13.0","9.0","","","0.0","","","0.0","-37.725","175.175","25.2902037037037","25.2902037037037","2.93888888888889","0.0","0.0","0.0","111.0","0.0","56.362","25.2902037037037","0.0","56.362","25.2902037037037"
"Temperate","527917","13.0","9.0","","","0.0","","","0.0","-37.725","175.225","25.8364074074074","25.8364074074074","2.92666666666667","0.0","0.0","0.0","111.0","0.0","55.384","25.8364074074074","0.0","55.384","25.8364074074074"
"Temperate","527921","13.0","9.0","0.0","53.697","1.0","0.0","53.697","1.0","-37.975","175.225","20.7657037037037","20.7657037037037","2.83925925925926","0.0","0.0","0.0","111.0","0.0","53.697","21.646537037037","0.0","53.697","21.646537037037"
"Temperate","527922","13.0","9.0","0.0","53.557","2.0","0.0","53.557","2.0","-37.975","175.225","20.7657037037037","20.7657037037037","2.83925925925926","0.0","0.0","0.0","111.0","0.0","53.557","21.4565185185185","0.0","53.557","21.4565185185185"
"Temperate","527923","13.0","9.0","0.0","54.048","3.0","0.0","54.048","3.0","-38.075","175.225","21.2583518518519","21.2583518518519","2.89796296296296","0.0","0.0","0.0","111.0","0.0","54.048","21.3464135802469","0.0","54.048","21.3464135802469"
"Temperate","527924","13.0","9.0","0.0","52.98","1.0","0.0","52.98","1.0","-37.975","175.275","21.8236851851852","21.8236851851852","2.78537037037037","0.0","0.0","0.0","111.0","0.0","52.98","21.8236851851852","0.0","52.98","21.8236851851852"
"Temperate","527925","13.0","9.0","0.0","52.29","1.0","0.0","52.29","1.0","-38.075","175.325","23.8605","23.8605","2.81814814814815","0.0","0.0","0.0","30.4824444444444","0.0","52.29","23.8605","0.0","52.29","23.8605"
"Temperate","527931","13.0","9.0","0.0","50.154","1.0","0.0","50.154","1.0","-37.925","175.425","24.5123518518519","24.5123518518519","2.69351851851852","0.0","0.0","0.0","25.5908888888889","0.0","50.154","24.5790555555556","0.0","50.154","24.7031666666667"
"Temperate","527932","13.0","9.0","0.0","52.02","3.0","0.0","52.02","3.0","-37.925","175.375","23.9962592592593","23.9962592592593","2.72222222222222","0.0","0.0","0.0","27.3622222222222","0.0","52.02","23.9215555555556","0.0","52.02","23.9215555555556"
"Temperate","527934","13.0","9.0","0.0","52.241","11.0","0.0","52.241","11.0","-37.975","175.475","24.1653148148148","24.1849814814815","2.68296296296296","0.0","0.0","0.0","24.698","0.0","52.241","22.875728956229","0.0","52.241","22.9807895622896"
"Temperate","527935","13.0","9.0","0.0","51.785","1.0","0.0","51.785","1.0","-37.975","175.325","23.0663518518519","23.0663518518519","2.75740740740741","0.0","0.0","0.0","35.1998888888889","0.0","51.785","23.0663518518519","0.0","51.785","23.0663518518519"
"Temperate","527936","13.0","9.0","0.0","52.107","1.0","0.0","52.107","1.0","-38.025","175.325","23.3477592592593","23.3477592592593","2.79518518518519","0.0","0.0","0.0","33.8295555555556","0.0","52.107","23.3477592592593","0.0","52.107","23.3477592592593"
"Temperate","527937","13.0","9.0","","","0.0","","","0.0","-38.025","175.375","24.1537962962963","24.1537962962963","2.75777777777778","0.0","0.0","0.0","26.649","0.0","51.742","24.1537962962963","0.0","51.742","24.1537962962963"
"Temperate","528000","13.0","9.0","0.0","49.903","8.0","0.0","49.903","8.0","-38.075","175.525","21.1995","21.2430555555556","2.3962962962963","0.0","0.0","0.0","28.1728888888889","0.0","49.903","22.4869328703704","0.0","49.903","22.5991550925926"
"Temperate","528200","13.0","9.0","","","0.0","","","0.0","-37.675","175.175","25.9614259259259","25.9614259259259","2.96425925925926","0.0","0.0","0.0","111.0","0.0","56.579","25.9614259259259","0.0","56.579","25.9614259259259"
"Temperate","528310","13.0","9.0","","","0.0","","","0.0","-37.775","175.275","24.5252777777778","24.5252777777778","2.88537037037037","0.0","0.0","0.0","111.0","0.0","54.936","24.5252777777778","0.0","54.936","24.5252777777778"
"Temperate","528320","13.0","9.0","","","0.0","","","0.0","-37.725","175.225","25.8364074074074","25.8364074074074","2.92666666666667","0.0","0.0","0.0","111.0","0.0","55.384","25.8364074074074","0.0","55.384","25.8364074074074"
"Temperate","528402","13.0","9.0","","","0.0","","","0.0","-37.725","175.225","25.8364074074074","25.8364074074074","2.92666666666667","0.0","0.0","0.0","111.0","0.0","55.384","25.8364074074074","0.0","55.384","25.8364074074074"
"Temperate","528403","13.0","9.0","0.0","55.384","1.0","0.0","55.384","1.0","-37.725","175.225","25.8364074074074","25.8364074074074","2.92666666666667","0.0","0.0","0.0","111.0","0.0","55.384","25.8364074074074","0.0","55.384","25.8364074074074"
"Temperate","528405","13.0","9.0","","","0.0","","","0.0","-37.725","175.225","25.8364074074074","25.8364074074074","2.92666666666667","0.0","0.0","0.0","111.0","0.0","55.384","25.8364074074074","0.0","55.384","25.8364074074074"
"Temperate","528406","13.0","9.0","","","0.0","","","0.0","-37.775","175.225","24.8926111111111","24.8926111111111","2.90462962962963","0.0","0.0","0.0","111.0","0.0","55.162","24.8926111111111","0.0","55.162","24.8926111111111"
"Temperate","528501","13.0","9.0","","","0.0","","","0.0","-37.775","175.225","24.8926111111111","24.8926111111111","2.90462962962963","0.0","0.0","0.0","111.0","0.0","55.162","24.8926111111111","0.0","55.162","24.8926111111111"
"Temperate","528503","13.0","9.0","","","0.0","","","0.0","-37.775","175.225","24.8926111111111","24.8926111111111","2.90462962962963","0.0","0.0","0.0","111.0","0.0","55.162","24.8926111111111","0.0","55.162","24.8926111111111"
"Temperate","528504","13.0","9.0","","","0.0","","","0.0","-37.775","175.225","24.8926111111111","24.8926111111111","2.90462962962963","0.0","0.0","0.0","111.0","0.0","55.162","24.8926111111111","0.0","55.162","24.8926111111111"
"Temperate","528505","13.0","9.0","0.0","55.162","1.0","0.0","55.162","1.0","-37.775","175.225","24.8926111111111","24.8926111111111","2.90462962962963","0.0","0.0","0.0","111.0","0.0","55.162","24.8926111111111","0.0","55.162","24.8926111111111"
"Temperate","528601","13.0","9.0","","","0.0","","","0.0","-37.775","175.225","24.8926111111111","24.8926111111111","2.90462962962963","0.0","0.0","0.0","111.0","0.0","55.162","24.8926111111111","0.0","55.162","24.8926111111111"
"Temperate","528602","13.0","9.0","","","0.0","","","0.0","-37.825","175.225","23.2275185185185","23.2275185185185","2.85851851851852","0.0","0.0","0.0","111.0","0.0","54.701","23.2275185185185","0.0","54.701","23.2275185185185"
"Temperate","528700","13.0","9.0","","","0.0","","","0.0","-37.775","175.275","24.5252777777778","24.5252777777778","2.88537037037037","0.0","0.0","0.0","111.0","0.0","54.936","24.5252777777778","0.0","54.936","24.5252777777778"
"Temperate","528800","13.0","9.0","","","0.0","","","0.0","-37.775","175.275","24.5252777777778","24.5252777777778","2.88537037037037","0.0","0.0","0.0","111.0","0.0","54.936","24.5252777777778","0.0","54.936","24.5252777777778"
"Temperate","528900","13.0","9.0","","","0.0","","","0.0","-37.775","175.275","24.5252777777778","24.5252777777778","2.88537037037037","0.0","0.0","0.0","111.0","0.0","54.936","24.5252777777778","0.0","54.936","24.5252777777778"
"Temperate","529000","13.0","9.0","","","0.0","","","0.0","-37.775","175.275","24.5252777777778","24.5252777777778","2.88537037037037","0.0","0.0","0.0","111.0","0.0","54.936","24.5252777777778","0.0","54.936","24.5252777777778"
"Temperate","529100","13.0","9.0","","","0.0","","","0.0","-37.825","175.275","23.8047777777778","23.8047777777778","2.81777777777778","0.0","0.0","0.0","111.0","0.0","53.369","23.8047777777778","0.0","53.369","23.8047777777778"
"Temperate","529200","13.0","9.0","","","0.0","","","0.0","-37.825","175.275","23.8047777777778","23.8047777777778","2.81777777777778","0.0","0.0","0.0","111.0","0.0","53.369","23.8047777777778","0.0","53.369","23.8047777777778"
"Temperate","529300","13.0","9.0","","","0.0","","","0.0","-37.825","175.275","23.8047777777778","23.8047777777778","2.81777777777778","0.0","0.0","0.0","111.0","0.0","53.369","23.8047777777778","0.0","53.369","23.8047777777778"
"Temperate","529401","13.0","9.0","","","0.0","","","0.0","-37.725","175.275","25.7096296296296","25.7096296296296","2.88648148148148","0.0","0.0","0.0","111.0","0.0","54.939","25.7096296296296","0.0","54.939","25.7096296296296"
"Temperate","529402","13.0","9.0","","","0.0","","","0.0","-37.775","175.275","24.5252777777778","24.5252777777778","2.88537037037037","0.0","0.0","0.0","111.0","0.0","54.936","24.5252777777778","0.0","54.936","24.5252777777778"
"Temperate","529501","13.0","9.0","","","0.0","","","0.0","-37.775","175.275","24.5252777777778","24.5252777777778","2.88537037037037","0.0","0.0","0.0","111.0","0.0","54.936","24.5252777777778","0.0","54.936","24.5252777777778"
"Temperate","529502","13.0","9.0","","","0.0","","","0.0","-37.775","175.275","24.5252777777778","24.5252777777778","2.88537037037037","0.0","0.0","0.0","111.0","0.0","54.936","24.5252777777778","0.0","54.936","24.5252777777778"
"Temperate","529503","13.0","9.0","","","0.0","","","0.0","-37.775","175.325","24.4135","24.4135","2.78388888888889","0.0","0.0","0.0","29.9528888888889","0.0","53.031","24.4135","0.0","53.031","24.4135"
"Temperate","529600","13.0","9.0","0.0","54.936","1.0","0.0","54.936","1.0","-37.775","175.275","24.5252777777778","24.5252777777778","2.88537037037037","0.0","0.0","0.0","111.0","0.0","54.936","24.5252777777778","0.0","54.936","24.5252777777778"
"Temperate","529700","13.0","9.0","","","0.0","","","0.0","-37.775","175.275","24.5252777777778","24.5252777777778","2.88537037037037","0.0","0.0","0.0","111.0","0.0","54.936","24.5252777777778","0.0","54.936","24.5252777777778"
"Temperate","529800","13.0","9.0","","","0.0","","","0.0","-37.775","175.275","24.5252777777778","24.5252777777778","2.88537037037037","0.0","0.0","0.0","111.0","0.0","54.936","24.5252777777778","0.0","54.936","24.5252777777778"
"Temperate","529900","13.0","9.0","","","0.0","","","0.0","-37.775","175.275","24.5252777777778","24.5252777777778","2.88537037037037","0.0","0.0","0.0","111.0","0.0","54.936","24.5252777777778","0.0","54.936","24.5252777777778"
"Temperate","530000","13.0","9.0","","","0.0","","","0.0","-37.775","175.275","24.5252777777778","24.5252777777778","2.88537037037037","0.0","0.0","0.0","111.0","0.0","54.936","24.5252777777778","0.0","54.936","24.5252777777778"
"Temperate","530100","13.0","9.0","","","0.0","","","0.0","-37.775","175.275","24.5252777777778","24.5252777777778","2.88537037037037","0.0","0.0","0.0","111.0","0.0","54.936","24.5252777777778","0.0","54.936","24.5252777777778"
"Temperate","530200","13.0","9.0","","","0.0","","","0.0","-37.775","175.275","24.5252777777778","24.5252777777778","2.88537037037037","0.0","0.0","0.0","111.0","0.0","54.936","24.5252777777778","0.0","54.936","24.5252777777778"
"Temperate","530300","13.0","9.0","","","0.0","","","0.0","-37.825","175.325","24.6159074074074","24.6159074074074","2.82277777777778","0.0","0.0","0.0","111.0","0.0","53.391","24.6159074074074","0.0","53.391","24.6159074074074"
"Temperate","530400","13.0","9.0","","","0.0","","","0.0","-37.825","175.275","23.8047777777778","23.8047777777778","2.81777777777778","0.0","0.0","0.0","111.0","0.0","53.369","23.8047777777778","0.0","53.369","23.8047777777778"
"Temperate","530500","13.0","9.0","","","0.0","","","0.0","-37.775","175.325","24.4135","24.4135","2.78388888888889","0.0","0.0","0.0","29.9528888888889","0.0","53.031","24.4135","0.0","53.031","24.4135"
"Temperate","530600","13.0","9.0","","","0.0","","","0.0","-37.775","175.325","24.4135","24.4135","2.78388888888889","0.0","0.0","0.0","29.9528888888889","0.0","53.031","24.4135","0.0","53.031","24.4135"
"Temperate","530700","13.0","9.0","","","0.0","","","0.0","-37.775","175.325","24.4135","24.4135","2.78388888888889","0.0","0.0","0.0","29.9528888888889","0.0","53.031","24.4135","0.0","53.031","24.4135"
"Temperate","530800","13.0","9.0","","","0.0","","","0.0","-37.825","175.325","24.6159074074074","24.6159074074074","2.82277777777778","0.0","0.0","0.0","111.0","0.0","53.391","24.6159074074074","0.0","53.391","24.6159074074074"
"Temperate","531001","13.0","9.0","","","0.0","","","0.0","-38.025","175.325","23.3477592592593","23.3477592592593","2.79518518518519","0.0","0.0","0.0","33.8295555555556","0.0","52.107","23.3477592592593","0.0","52.107","23.3477592592593"
"Temperate","531002","13.0","9.0","","","0.0","","","0.0","-38.025","175.325","23.3477592592593","23.3477592592593","2.79518518518519","0.0","0.0","0.0","33.8295555555556","0.0","52.107","23.3477592592593","0.0","52.107","23.3477592592593"
"Temperate","531003","13.0","9.0","","","0.0","","","0.0","-38.025","175.325","23.3477592592593","23.3477592592593","2.79518518518519","0.0","0.0","0.0","33.8295555555556","0.0","52.107","23.3477592592593","0.0","52.107","23.3477592592593"
"Temperate","531004","13.0","9.0","","","0.0","","","0.0","-38.025","175.325","23.3477592592593","23.3477592592593","2.79518518518519","0.0","0.0","0.0","33.8295555555556","0.0","52.107","23.3477592592593","0.0","52.107","23.3477592592593"
"Temperate","531100","13.0","9.0","","","0.0","","","0.0","-38.025","174.825","23.0549074074074","23.0549074074074","3.00944444444444","0.0","0.0","0.0","111.0","0.0","58.073","23.0549074074074","0.0","58.073","23.0549074074074"
"Temperate","531200","13.0","9.0","","","0.0","","","0.0","-38.175","175.225","21.1811111111111","21.1811111111111","2.85018518518519","0.0","0.0","0.0","111.0","0.0","53.58","21.1811111111111","0.0","53.58","21.1811111111111"
"Temperate","531301","13.0","9.0","0.0","58.161","28.0","0.0","58.161","28.0","-38.075","175.025","13.1765555555556","13.9548888888889","2.31314814814815","0.0","0.0","0.0","111.0","0.0","58.161","16.3924675925926","0.0","58.161","16.5573703703704"
"Temperate","531303","13.0","9.0","0.0","51.799","1.0","0.0","51.799","1.0","-38.125","175.225","19.6832592592593","19.6832592592593","2.75851851851852","0.0","0.0","0.0","111.0","0.0","51.799","19.6832592592593","0.0","51.799","19.6832592592593"
"Temperate","531304","13.0","9.0","0.0","53.723","51.0","0.0","53.723","51.0","-38.275","175.475","14.734462962963","15.5722407407407","2.11574074074074","0.0","0.0","0.0","111.0","0.0","53.723","17.6568620188816","0.0","53.723","17.9366169208424"
"Temperate","531500","13.0","9.0","","","0.0","","","0.0","-38.475","175.025","17.1427222222222","17.1427222222222","2.69444444444444","0.0","0.0","0.0","111.0","0.0","52.114","17.1427222222222","0.0","52.114","17.1427222222222"
"Temperate","531600","13.0","9.0","0.0","57.158","2.0","0.0","57.158","2.0","-38.175","174.725","28.9203518518519","28.9203518518519","3.02037037037037","0.0","0.0","0.0","111.0","0.0","57.158","27.8830092592593","0.0","57.158","27.8830092592593"
"Temperate","531710","13.0","9.0","0.0","56.176","29.0","0.0","56.176","29.0","-38.575","174.775","21.0880925925926","21.0880925925926","2.37555555555556","0.0","0.0","0.0","30.5302222222222","0.0","56.176","18.5423627075351","0.0","56.176","18.8844125159642"
"Temperate","531720","13.0","9.0","0.0","58.147","52.0","0.0","58.147","52.0","-38.325","174.925","14.4417407407407","14.4417407407407","2.45814814814815","0.0","0.0","0.0","111.000111111111","0.0","58.147","16.5996695156695","0.0","58.147","16.8093842592593"
"Temperate","531731","13.0","9.0","0.0","53.694","20.0","0.0","53.694","20.0","-38.375","175.275","16.3484259259259","16.3484259259259","2.34444444444444","0.0","0.0","0.0","111.0","0.0","53.694","15.1112583333333","0.0","53.694","15.3538027777778"
"Temperate","531732","13.0","9.0","0.0","37.939","6.0","0.0","37.939","6.0","-38.525","175.525","9.64835185185185","10.3053518518519","1.85222222222222","0.0","0.0","0.0","111.0","0.0","37.939","9.80769135802469","0.0","37.939","10.5839320987654"
"Temperate","531800","13.0","9.0","0.0","55.43","32.0","0.0","55.43","32.0","-38.575","175.125","18.3717962962963","18.3717962962963","2.66092592592593","0.0","0.0","0.0","111.0","0.0","55.43","16.2137662037037","0.0","55.43","16.3385266203704"
"Temperate","532000","13.0","9.0","0.0","51.331","1.0","0.0","51.331","1.0","-38.325","175.175","18.5499444444444","18.5499444444444","2.70888888888889","0.0","0.0","0.0","111.0","0.0","51.331","18.5499444444444","0.0","51.331","18.5499444444444"
"Temperate","532200","13.0","9.0","","","0.0","","","0.0","-38.925","175.775","13.3604074074074","14.1778518518519","2.12240740740741","0.0","0.0","0.0","111.0","0.0","40.155","13.3604074074074","0.0","40.155","14.1778518518519"
"Temperate","532300","13.0","9.0","","","0.0","","","0.0","-38.975","175.375","10.8102777777778","11.5081666666667","1.90537037037037","0.0","0.0","0.0","111.0","0.0","36.845","10.8102777777778","0.0","36.845","11.5081666666667"
"Temperate","532400","13.0","9.0","","","0.0","","","0.0","-38.825","174.975","14.8246111111111","14.8246111111111","2.47888888888889","0.0","0.0","0.0","111.0","0.0","47.583","14.8246111111111","0.0","47.583","14.8246111111111"
"Temperate","532501","13.0","9.0","0.0","45.923","54.0","0.0","45.923","54.0","-38.825","175.425","10.931037037037","11.6344814814815","1.94833333333333","0.0","0.0","0.0","111.0","0.0","45.923","10.6027911522634","0.0","45.923","11.1848189300412"
"Temperate","532502","13.0","9.0","0.0","37.967","18.0","0.0","37.967","18.0","-38.875","175.675","9.73511111111111","10.3646666666667","1.82185185185185","0.0","0.0","0.0","111.0","0.0","37.967","7.17703703703704","0.0","37.967","8.10203703703704"
"Temperate","532601","13.0","9.0","0.0","45.235","57.0","0.0","45.235","57.0","-39.125","175.375","6.39966666666667","7.19688888888889","1.51722222222222","0.0","0.0","0.0","111.0","0.0","45.235","7.63091520467836","0.0","45.235","8.29316764132554"
"Temperate","532602","13.0","9.0","","","0.0","","","0.0","-39.175","175.375","3.9612962962963","5.5132962962963","1.28462962962963","0.0221111111111111","0.0","0.0","111.000111111111","0.0","22.982","3.9612962962963","0.0","22.982","5.5132962962963"
"Temperate","532700","13.0","9.0","0.0","49.583","56.0","0.0","49.583","56.0","-38.825","175.075","11.8799444444444","12.6566111111111","2.12277777777778","0.0","0.0","0.0","111.0","0.0","49.583","14.3299338624339","0.0","49.583","14.539349537037"
"Temperate","532901","13.0","9.0","","","0.0","","","0.0","-38.875","175.275","20.1248703703704","20.1248703703704","2.43685185185185","0.0","0.0","0.0","45.2041111111111","0.0","45.118","20.1248703703704","0.0","45.118","20.1248703703704"
"Temperate","532902","13.0","9.0","0.0","45.118","1.0","0.0","45.118","1.0","-38.875","175.275","20.1248703703704","20.1248703703704","2.43685185185185","0.0","0.0","0.0","45.2041111111111","0.0","45.118","20.1248703703704","0.0","45.118","20.1248703703704"
"Temperate","532903","13.0","9.0","","","0.0","","","0.0","-38.875","175.275","20.1248703703704","20.1248703703704","2.43685185185185","0.0","0.0","0.0","45.2041111111111","0.0","45.118","20.1248703703704","0.0","45.118","20.1248703703704"
"Temperate","532904","13.0","9.0","","","0.0","","","0.0","-38.875","175.325","17.2917962962963","17.2917962962963","2.39407407407407","0.0","0.0","0.0","111.0","0.0","44.792","17.2917962962963","0.0","44.792","17.2917962962963"
"Temperate","533000","13.0","9.0","0.0","66.135","1.0","0.0","66.135","1.0","-36.825","175.675","19.1897962962963","19.2339074074074","3.62574074074074","0.0","0.0","0.0","111.311555555556","0.0","66.135","19.1897962962963","0.0","66.135","19.2339074074074"
"Temperate","533100","13.0","9.0","0.0","62.337","1.0","0.0","62.337","1.0","-36.775","175.525","18.8934814814815","18.9051481481481","3.28259259259259","0.0","0.0","0.0","111.075333333333","0.0","62.337","18.8934814814815","0.0","62.337","18.9051481481481"
"Temperate","533200","13.0","9.0","0.0","66.104","42.0","0.0","66.104","42.0","-36.775","175.575","18.2526111111111","18.2917222222222","3.30185185185185","0.0","0.0","0.0","111.271444444444","0.0","66.104","18.5771287477954","0.0","66.104","18.652725308642"
"Temperate","533300","13.0","9.0","0.0","62.386","1.0","0.0","62.386","1.0","-37.225","175.875","32.3658333333333","32.3658333333333","3.49759259259259","0.0","0.0","0.0","111.0","0.0","62.386","32.3658333333333","0.0","62.386","32.3658333333333"
"Temperate","533400","13.0","9.0","","","0.0","","","0.0","-37.025","175.825","21.5753518518519","21.5753518518519","3.63222222222222","0.0","0.0","0.0","111.0","0.0","66.233","21.5753518518519","0.0","66.233","21.5753518518519"
"Temperate","533501","13.0","9.0","","","0.0","","","0.0","-37.125","175.575","19.8844444444444","19.8844444444444","2.64611111111111","0.0","0.0","0.0","111.0","0.0","52.147","19.8844444444444","0.0","52.147","19.8844444444444"
"Temperate","533502","13.0","9.0","","","0.0","","","0.0","-37.175","175.575","22.6468703703704","22.6468703703704","3.23944444444444","0.0","0.0","0.0","111.0","0.0","60.252","22.6468703703704","0.0","60.252","22.6468703703704"
"Temperate","533602","13.0","9.0","","","0.0","","","0.0","-37.025","175.825","21.5753518518519","21.5753518518519","3.63222222222222","0.0","0.0","0.0","111.0","0.0","66.233","21.5753518518519","0.0","66.233","21.5753518518519"
"Temperate","533603","13.0","9.0","0.0","66.233","42.0","0.0","66.233","42.0","-37.125","175.675","15.7504814814815","16.562037037037","2.3537037037037","0.0","0.0","0.0","111.0","0.0","66.233","19.8377914462081","0.0","66.233","19.9928827160494"
"Temperate","533604","13.0","9.0","0.0","60.782","1.0","0.0","60.782","1.0","-37.075","175.525","18.0160555555556","18.0456666666667","3.18962962962963","0.0","0.0","0.0","111.200666666667","0.0","60.782","18.0160555555556","0.0","60.782","18.0456666666667"
"Temperate","533800","13.0","9.0","","","0.0","","","0.0","-37.275","175.475","29.6173148148148","29.628537037037","3.17407407407407","0.0","0.0","0.0","111.0","0.0","59.57","29.6173148148148","0.0","59.57","29.628537037037"
"Temperate","533901","13.0","9.0","0.0","60.104","17.0","0.0","60.104","17.0","-37.325","175.475","29.6258333333333","29.6488333333333","3.17092592592593","0.0","0.0","0.0","111.0","0.0","60.104","28.4351732026144","0.0","60.104","28.4444803921569"
"Temperate","533902","13.0","9.0","0.0","60.216","3.0","0.0","60.216","3.0","-37.225","175.525","29.9980740740741","30.0725185185185","3.20537037037037","0.0","0.0","0.0","111.0","0.0","60.216","29.9729197530864","0.0","60.216","30.0176604938272"
"Temperate","533903","13.0","9.0","","","0.0","","","0.0","-37.275","175.525","29.7951296296296","29.8477962962963","3.17851851851852","0.0","0.0","0.0","111.0","0.0","59.675","29.7951296296296","0.0","59.675","29.8477962962963"
"Temperate","534100","13.0","9.0","0.0","59.533","2.0","0.0","59.533","2.0","-37.425","175.925","30.5170555555556","30.5501666666667","3.16037037037037","0.0","0.0","0.0","111.0","0.0","59.533","28.8059074074074","0.0","59.533","28.822462962963"
"Temperate","534200","13.0","9.0","0.0","61.462","21.0","0.0","61.462","21.0","-37.375","175.775","21.5581666666667","21.5581666666667","2.92388888888889","0.0","0.0","0.0","111.0","0.0","61.462","23.2257513227513","0.0","61.462","23.333455026455"
"Temperate","534300","13.0","9.0","0.0","60.425","1.0","0.0","60.425","1.0","-37.375","175.675","26.1878518518519","26.1878518518519","3.26277777777778","0.0","0.0","0.0","111.0","0.0","60.425","26.1878518518519","0.0","60.425","26.1878518518519"
"Temperate","534400","13.0","9.0","","","0.0","","","0.0","-37.375","175.825","21.1307592592593","21.1307592592593","2.68740740740741","0.0","0.0","0.0","111.0","0.0","52.532","21.1307592592593","0.0","52.532","21.1307592592593"
"Temperate","534500","13.0","9.0","0.0","57.108","14.0","0.0","57.108","14.0","-37.675","175.525","24.9495925925926","25.0302592592593","2.68666666666667","0.0","0.0","0.0","17.3725555555556","0.0","57.108","24.8269351851852","0.0","57.108","24.8481494708995"
"Temperate","534602","13.0","9.0","","","0.0","","","0.0","-37.625","175.625","27.6410555555556","27.7067222222222","2.91407407407407","0.0","0.0","0.0","111.0","0.0","54.44","27.6410555555556","0.0","54.44","27.7067222222222"
"Temperate","534603","13.0","9.0","0.0","59.857","15.0","0.0","59.857","15.0","-37.525","175.575","29.1086296296296","29.1664074074074","3.10259259259259","0.0","0.0","0.0","111.0","0.0","59.857","26.3388234567901","0.0","59.857","26.4248012345679"
"Temperate","534604","13.0","9.0","0.0","57.497","21.0","0.0","57.497","21.0","-37.675","175.725","27.2957592592593","27.3247592592593","2.86907407407407","0.0","0.0","0.0","111.0","0.0","57.497","24.4488209876543","0.0","57.497","24.5480220458554"
"Temperate","534800","13.0","9.0","","","0.0","","","0.0","-37.525","175.725","16.8985925925926","16.8985925925926","2.40907407407407","0.0","0.0","0.0","111.0","0.0","47.985","16.8985925925926","0.0","47.985","16.8985925925926"
"Temperate","534901","13.0","9.0","","","0.0","","","0.0","-37.675","175.525","24.9495925925926","25.0302592592593","2.68666666666667","0.0","0.0","0.0","17.3725555555556","0.0","51.282","24.9495925925926","0.0","51.282","25.0302592592593"
"Temperate","534902","13.0","9.0","","","0.0","","","0.0","-37.625","175.525","26.2698703703704","26.3352037037037","2.82222222222222","0.0","0.0","0.0","111.0","0.0","53.549","26.2698703703704","0.0","53.549","26.3352037037037"
"Temperate","535000","13.0","9.0","","","0.0","","","0.0","-37.775","175.775","25.4739814814815","25.4739814814815","2.73888888888889","0.0","0.0","0.0","111.0","0.0","51.872","25.4739814814815","0.0","51.872","25.4739814814815"
"Temperate","535100","13.0","9.0","","","0.0","","","0.0","-37.975","175.775","21.6362592592593","21.6362592592593","2.45981481481481","0.0","0.0","0.0","29.4495555555556","0.0","47.096","21.6362592592593","0.0","47.096","21.6362592592593"
"Temperate","535211","13.0","9.0","","","0.0","","","0.0","-38.225","175.875","13.9290185185185","14.7217962962963","2.11333333333333","0.0","0.0","0.0","111.0","0.0","40.629","13.9290185185185","0.0","40.629","14.7217962962963"
"Temperate","535212","13.0","9.0","0.0","39.901","1.0","0.0","39.901","1.0","-38.275","175.875","13.5509814814815","14.3096481481481","2.04388888888889","0.0","0.0","0.0","111.0","0.0","39.901","13.5509814814815","0.0","39.901","14.3096481481481"
"Temperate","535220","13.0","9.0","0.0","52.494","8.0","0.0","52.494","8.0","-37.775","175.825","24.0511851851852","24.0511851851852","2.79925925925926","0.0","0.0","0.0","111.0","0.0","52.494","21.204875","0.0","52.494","21.2724722222222"
"Temperate","535231","13.0","9.0","0.0","51.331","4.0","0.0","51.331","4.0","-37.875","175.875","18.1502222222222","18.1502222222222","2.6787037037037","0.0","0.0","0.0","111.0","0.0","51.331","17.5170925925926","0.0","51.331","17.6774814814815"
"Temperate","535232","13.0","9.0","0.0","49.362","16.0","0.0","49.362","16.0","-38.025","175.925","11.8846851851852","12.6106851851852","2.12981481481481","0.0","0.0","0.0","111.0","0.0","49.362","14.0466111111111","0.0","49.362","14.3963055555556"
"Temperate","535241","13.0","9.0","0.0","48.079","12.0","0.0","48.079","12.0","-37.925","175.575","22.8339814814815","22.9178703703704","2.56407407407407","0.0","0.0","0.0","22.64","0.0","48.079","19.9311604938272","0.0","48.079","20.2492716049383"
"Temperate","535242","13.0","9.0","0.0","49.771","4.0","0.0","49.771","4.0","-37.875","175.725","23.1622037037037","23.1622037037037","2.60703703703704","0.0","0.0","0.0","23.3417777777778","0.0","49.771","22.6054907407407","0.0","49.771","22.6054907407407"
"Temperate","535250","13.0","9.0","0.0","47.762","14.0","0.0","47.762","14.0","-38.025","175.725","20.3481851851852","20.3481851851852","2.29388888888889","0.0","0.0","0.0","33.0342222222222","0.0","47.762","21.1742777777778","0.0","47.762","21.184873015873"
"Temperate","535261","13.0","9.0","0.0","44.472","11.0","0.0","44.472","11.0","-38.125","175.875","14.1893333333333","14.9792222222222","2.12388888888889","0.0","0.0","0.0","111.0","0.0","44.472","14.9072239057239","0.0","44.472","15.3795875420875"
"Temperate","535262","13.0","9.0","0.0","45.556","32.0","0.0","45.556","32.0","-38.275","175.925","12.7579074074074","13.4625740740741","1.97814814814815","0.0","0.0","0.0","111.0","0.0","45.556","13.2897158564815","0.0","45.556","13.913490162037"
"Temperate","535310","13.0","9.0","","","0.0","","","0.0","-38.225","175.875","13.9290185185185","14.7217962962963","2.11333333333333","0.0","0.0","0.0","111.0","0.0","40.629","13.9290185185185","0.0","40.629","14.7217962962963"
"Temperate","535320","13.0","9.0","","","0.0","","","0.0","-38.225","175.875","13.9290185185185","14.7217962962963","2.11333333333333","0.0","0.0","0.0","111.0","0.0","40.629","13.9290185185185","0.0","40.629","14.7217962962963"
"Temperate","535330","13.0","9.0","","","0.0","","","0.0","-38.225","175.875","13.9290185185185","14.7217962962963","2.11333333333333","0.0","0.0","0.0","111.0","0.0","40.629","13.9290185185185","0.0","40.629","14.7217962962963"
"Temperate","535340","13.0","9.0","","","0.0","","","0.0","-38.225","175.875","13.9290185185185","14.7217962962963","2.11333333333333","0.0","0.0","0.0","111.0","0.0","40.629","13.9290185185185","0.0","40.629","14.7217962962963"
"Temperate","535350","13.0","9.0","0.0","40.629","1.0","0.0","40.629","1.0","-38.225","175.875","13.9290185185185","14.7217962962963","2.11333333333333","0.0","0.0","0.0","111.0","0.0","40.629","13.9290185185185","0.0","40.629","14.7217962962963"
"Temperate","535360","13.0","9.0","","","0.0","","","0.0","-38.225","175.875","13.9290185185185","14.7217962962963","2.11333333333333","0.0","0.0","0.0","111.0","0.0","40.629","13.9290185185185","0.0","40.629","14.7217962962963"
"Temperate","535370","13.0","9.0","","","0.0","","","0.0","-38.225","175.875","13.9290185185185","14.7217962962963","2.11333333333333","0.0","0.0","0.0","111.0","0.0","40.629","13.9290185185185","0.0","40.629","14.7217962962963"
"Temperate","535380","13.0","9.0","","","0.0","","","0.0","-38.225","175.875","13.9290185185185","14.7217962962963","2.11333333333333","0.0","0.0","0.0","111.0","0.0","40.629","13.9290185185185","0.0","40.629","14.7217962962963"
"Temperate","535501","13.0","9.0","","","0.0","","","0.0","-37.825","175.775","25.1374259259259","25.1374259259259","2.68944444444444","0.0","0.0","0.0","18.7247777777778","0.0","50.369","25.1374259259259","0.0","50.369","25.1374259259259"
"Temperate","535502","13.0","9.0","0.0","50.369","1.0","0.0","50.369","1.0","-37.825","175.775","25.1374259259259","25.1374259259259","2.68944444444444","0.0","0.0","0.0","18.7247777777778","0.0","50.369","25.1374259259259","0.0","50.369","25.1374259259259"
"Temperate","535600","13.0","9.0","","","0.0","","","0.0","-38.075","175.775","20.5690185185185","20.5690185185185","2.34111111111111","0.0","0.0","0.0","36.9366666666667","0.0","44.895","20.5690185185185","0.0","44.895","20.5690185185185"
"Temperate","535700","13.0","9.0","","","0.0","","","0.0","-37.425","175.925","30.5170555555556","30.5501666666667","3.16037037037037","0.0","0.0","0.0","111.0","0.0","59.533","30.5170555555556","0.0","59.533","30.5501666666667"
"Temperate","535800","13.0","9.0","","","0.0","","","0.0","-37.575","175.925","29.0136851851852","29.0136851851852","3.2087037037037","0.0","0.0","0.0","111.0","0.0","59.938","29.0136851851852","0.0","59.938","29.0136851851852"
"Temperate","535900","13.0","9.0","","","0.0","","","0.0","-37.775","176.425","31.0788148148148","32.1564814814815","2.98166666666667","0.0","0.0","0.0","82.8494444444444","0.0","56.25","31.0788148148148","0.0","56.25","32.1564814814815"
"Temperate","536000","13.0","9.0","","","0.0","","","0.0","-37.675","176.025","20.6861481481481","20.6861481481481","2.88666666666667","0.0","0.0","0.0","111.0","0.0","56.33","20.6861481481481","0.0","56.33","20.6861481481481"
"Temperate","536201","13.0","9.0","","","0.0","","","0.0","-37.725","176.275","24.5237222222222","24.5237222222222","2.87425925925926","0.0","0.0","0.0","111.0","0.0","56.19","24.5237222222222","0.0","56.19","24.5237222222222"
"Temperate","536202","13.0","9.0","","","0.0","","","0.0","-37.775","176.375","31.0158148148148","31.8317037037037","2.98166666666667","0.0","0.0","0.0","98.2101111111111","0.0","56.25","31.0158148148148","0.0","56.25","31.8317037037037"
"Temperate","536203","13.0","9.0","","","0.0","","","0.0","-37.725","176.275","24.5237222222222","24.5237222222222","2.87425925925926","0.0","0.0","0.0","111.0","0.0","56.19","24.5237222222222","0.0","56.19","24.5237222222222"
"Temperate","536400","13.0","9.0","","","0.0","","","0.0","-37.475","175.925","29.1360925925926","29.1360925925926","3.03425925925926","0.0","0.0","0.0","111.0","0.0","57.53","29.1360925925926","0.0","57.53","29.1360925925926"
"Temperate","536503","13.0","9.0","0.0","57.593","2.0","0.0","57.593","2.0","-37.675","176.075","20.302962962963","20.302962962963","2.94555555555556","0.0","0.0","0.0","111.0","0.0","57.593","20.4945555555556","0.0","57.593","20.4945555555556"
"Temperate","536505","13.0","9.0","","","0.0","","","0.0","-37.725","176.225","22.7302407407407","22.7302407407407","2.93277777777778","0.0","0.0","0.0","111.0","0.0","57.445","22.7302407407407","0.0","57.445","22.7302407407407"
"Temperate","536508","13.0","9.0","","","0.0","","","0.0","-37.725","176.125","19.8816481481481","19.8816481481481","2.93611111111111","0.0","0.0","0.0","111.0","0.0","57.499","19.8816481481481","0.0","57.499","19.8816481481481"
"Temperate","536510","13.0","9.0","","","0.0","","","0.0","-37.675","176.125","21.5321296296296","21.5321296296296","2.94","0.0","0.0","0.0","111.0","0.0","57.54","21.5321296296296","0.0","57.54","21.5321296296296"
"Temperate","536512","13.0","9.0","","","0.0","","","0.0","-37.725","176.275","24.5237222222222","24.5237222222222","2.87425925925926","0.0","0.0","0.0","111.0","0.0","56.19","24.5237222222222","0.0","56.19","24.5237222222222"
"Temperate","536513","13.0","9.0","","","0.0","","","0.0","-37.725","176.125","19.8816481481481","19.8816481481481","2.93611111111111","0.0","0.0","0.0","111.0","0.0","57.499","19.8816481481481","0.0","57.499","19.8816481481481"
"Temperate","536514","13.0","9.0","","","0.0","","","0.0","-37.725","176.125","19.8816481481481","19.8816481481481","2.93611111111111","0.0","0.0","0.0","111.0","0.0","57.499","19.8816481481481","0.0","57.499","19.8816481481481"
"Temperate","536515","13.0","9.0","","","0.0","","","0.0","-37.725","176.275","24.5237222222222","24.5237222222222","2.87425925925926","0.0","0.0","0.0","111.0","0.0","56.19","24.5237222222222","0.0","56.19","24.5237222222222"
"Temperate","536516","13.0","9.0","","","0.0","","","0.0","-37.725","176.275","24.5237222222222","24.5237222222222","2.87425925925926","0.0","0.0","0.0","111.0","0.0","56.19","24.5237222222222","0.0","56.19","24.5237222222222"
"Temperate","536517","13.0","9.0","","","0.0","","","0.0","-37.725","176.275","24.5237222222222","24.5237222222222","2.87425925925926","0.0","0.0","0.0","111.0","0.0","56.19","24.5237222222222","0.0","56.19","24.5237222222222"
"Temperate","536611","13.0","9.0","","","0.0","","","0.0","-37.575","175.925","29.0136851851852","29.0136851851852","3.2087037037037","0.0","0.0","0.0","111.0","0.0","59.938","29.0136851851852","0.0","59.938","29.0136851851852"
"Temperate","536613","13.0","9.0","","","0.0","","","0.0","-37.675","175.975","20.2875185185185","20.2875185185185","2.77333333333333","0.0","0.0","0.0","111.0","0.0","55.153","20.2875185185185","0.0","55.153","20.2875185185185"
"Temperate","536614","13.0","9.0","0.0","58.346","4.0","0.0","58.346","4.0","-37.525","175.875","19.278037037037","19.278037037037","2.58759259259259","0.0","0.0","0.0","111.0","0.0","58.346","22.3783796296296","0.0","58.346","22.5335462962963"
"Temperate","536615","13.0","9.0","0.0","58.175","6.0","0.0","58.175","6.0","-37.625","175.875","19.9411111111111","19.9411111111111","2.69074074074074","0.0","0.0","0.0","111.0","0.0","58.175","17.6175524691358","0.0","58.175","17.9049783950617"
"Temperate","536620","13.0","9.0","0.0","55.153","7.0","0.0","55.153","7.0","-37.725","175.975","13.7986481481481","14.4959814814815","2.26703703703704","0.0","0.0","0.0","111.0","0.0","55.153","14.5439047619048","0.0","55.153","14.8130952380952"
"Temperate","536630","13.0","9.0","0.0","56.545","21.0","0.0","56.545","21.0","-37.875","176.075","6.62174074074074","7.30674074074074","2.19055555555556","0.0","0.0","0.0","112.970111111111","0.0","56.545","9.96184832451499","0.0","56.545","10.4467795414462"
"Temperate","536641","13.0","9.0","0.0","57.445","2.0","0.0","57.445","2.0","-37.775","176.175","16.9023148148148","16.9023148148148","2.57907407407407","0.0","0.0","0.0","111.0","0.0","57.445","19.8162777777778","0.0","57.445","19.8162777777778"
"Temperate","536642","13.0","9.0","0.0","57.913","8.0","0.0","57.913","8.0","-37.825","176.275","18.8839814814815","18.8839814814815","2.60055555555556","0.0","0.0","0.0","111.0","0.0","57.913","19.0421782407407","0.0","57.913","19.3938171296296"
"Temperate","536651","13.0","9.0","0.0","55.922","1.0","0.0","55.922","1.0","-37.825","176.425","29.1781296296296","29.1781296296296","2.94388888888889","0.0","0.0","0.0","111.0","0.0","55.922","29.1781296296296","0.0","55.922","29.1781296296296"
"Temperate","536653","13.0","9.0","0.0","56.25","8.0","0.0","56.25","8.0","-37.875","176.325","18.2114814814815","18.2114814814815","2.45388888888889","0.0","0.0","0.0","111.0","0.0","56.25","21.7491828703704","0.0","56.25","22.1719328703704"
"Temperate","536654","13.0","9.0","0.0","57.564","15.0","0.0","57.564","15.0","-37.875","176.475","21.8157592592593","21.8157592592593","2.79018518518519","0.0","0.0","0.0","111.0","0.0","57.564","21.9472691358025","0.0","57.564","22.0549654320988"
"Temperate","536810","13.0","9.0","","","0.0","","","0.0","-37.675","176.125","21.5321296296296","21.5321296296296","2.94","0.0","0.0","0.0","111.0","0.0","57.54","21.5321296296296","0.0","57.54","21.5321296296296"
"Temperate","536821","13.0","9.0","","","0.0","","","0.0","-37.675","176.125","21.5321296296296","21.5321296296296","2.94","0.0","0.0","0.0","111.0","0.0","57.54","21.5321296296296","0.0","57.54","21.5321296296296"
"Temperate","536831","13.0","9.0","","","0.0","","","0.0","-37.725","176.225","22.7302407407407","22.7302407407407","2.93277777777778","0.0","0.0","0.0","111.0","0.0","57.445","22.7302407407407","0.0","57.445","22.7302407407407"
"Temperate","536832","13.0","9.0","","","0.0","","","0.0","-37.725","176.225","22.7302407407407","22.7302407407407","2.93277777777778","0.0","0.0","0.0","111.0","0.0","57.445","22.7302407407407","0.0","57.445","22.7302407407407"
"Temperate","537000","13.0","9.0","0.0","57.54","1.0","0.0","57.54","1.0","-37.675","176.125","21.5321296296296","21.5321296296296","2.94","0.0","0.0","0.0","111.0","0.0","57.54","21.5321296296296","0.0","57.54","21.5321296296296"
"Temperate","537100","13.0","9.0","","","0.0","","","0.0","-37.675","176.125","21.5321296296296","21.5321296296296","2.94","0.0","0.0","0.0","111.0","0.0","57.54","21.5321296296296","0.0","57.54","21.5321296296296"
"Temperate","537201","13.0","9.0","","","0.0","","","0.0","-37.675","176.125","21.5321296296296","21.5321296296296","2.94","0.0","0.0","0.0","111.0","0.0","57.54","21.5321296296296","0.0","57.54","21.5321296296296"
"Temperate","537202","13.0","9.0","","","0.0","","","0.0","-37.675","176.125","21.5321296296296","21.5321296296296","2.94","0.0","0.0","0.0","111.0","0.0","57.54","21.5321296296296","0.0","57.54","21.5321296296296"
"Temperate","537301","13.0","9.0","","","0.0","","","0.0","-37.675","176.125","21.5321296296296","21.5321296296296","2.94","0.0","0.0","0.0","111.0","0.0","57.54","21.5321296296296","0.0","57.54","21.5321296296296"
"Temperate","537302","13.0","9.0","","","0.0","","","0.0","-37.725","176.125","19.8816481481481","19.8816481481481","2.93611111111111","0.0","0.0","0.0","111.0","0.0","57.499","19.8816481481481","0.0","57.499","19.8816481481481"
"Temperate","537400","13.0","9.0","","","0.0","","","0.0","-37.675","176.125","21.5321296296296","21.5321296296296","2.94","0.0","0.0","0.0","111.0","0.0","57.54","21.5321296296296","0.0","57.54","21.5321296296296"
"Temperate","537500","13.0","9.0","","","0.0","","","0.0","-37.725","176.125","19.8816481481481","19.8816481481481","2.93611111111111","0.0","0.0","0.0","111.0","0.0","57.499","19.8816481481481","0.0","57.499","19.8816481481481"
"Temperate","537601","13.0","9.0","0.0","57.499","1.0","0.0","57.499","1.0","-37.725","176.125","19.8816481481481","19.8816481481481","2.93611111111111","0.0","0.0","0.0","111.0","0.0","57.499","19.8816481481481","0.0","57.499","19.8816481481481"
"Temperate","537602","13.0","9.0","","","0.0","","","0.0","-37.775","176.125","17.0506851851852","17.0506851851852","2.78796296296296","0.0","0.0","0.0","111.0","0.0","55.324","17.0506851851852","0.0","55.324","17.0506851851852"
"Temperate","537700","13.0","9.0","","","0.0","","","0.0","-37.725","176.125","19.8816481481481","19.8816481481481","2.93611111111111","0.0","0.0","0.0","111.0","0.0","57.499","19.8816481481481","0.0","57.499","19.8816481481481"
"Temperate","537800","13.0","9.0","","","0.0","","","0.0","-37.725","176.125","19.8816481481481","19.8816481481481","2.93611111111111","0.0","0.0","0.0","111.0","0.0","57.499","19.8816481481481","0.0","57.499","19.8816481481481"
"Temperate","537900","13.0","9.0","","","0.0","","","0.0","-37.725","176.125","19.8816481481481","19.8816481481481","2.93611111111111","0.0","0.0","0.0","111.0","0.0","57.499","19.8816481481481","0.0","57.499","19.8816481481481"
"Temperate","538000","13.0","9.0","","","0.0","","","0.0","-37.725","176.225","22.7302407407407","22.7302407407407","2.93277777777778","0.0","0.0","0.0","111.0","0.0","57.445","22.7302407407407","0.0","57.445","22.7302407407407"
"Temperate","538101","13.0","9.0","","","0.0","","","0.0","-37.725","176.125","19.8816481481481","19.8816481481481","2.93611111111111","0.0","0.0","0.0","111.0","0.0","57.499","19.8816481481481","0.0","57.499","19.8816481481481"
"Temperate","538102","13.0","9.0","","","0.0","","","0.0","-37.725","176.125","19.8816481481481","19.8816481481481","2.93611111111111","0.0","0.0","0.0","111.0","0.0","57.499","19.8816481481481","0.0","57.499","19.8816481481481"
"Temperate","538201","13.0","9.0","","","0.0","","","0.0","-37.675","176.125","21.5321296296296","21.5321296296296","2.94","0.0","0.0","0.0","111.0","0.0","57.54","21.5321296296296","0.0","57.54","21.5321296296296"
"Temperate","538202","13.0","9.0","","","0.0","","","0.0","-37.675","176.125","21.5321296296296","21.5321296296296","2.94","0.0","0.0","0.0","111.0","0.0","57.54","21.5321296296296","0.0","57.54","21.5321296296296"
"Temperate","538301","13.0","9.0","","","0.0","","","0.0","-37.775","176.175","16.9023148148148","16.9023148148148","2.57907407407407","0.0","0.0","0.0","111.0","0.0","51.699","16.9023148148148","0.0","51.699","16.9023148148148"
"Temperate","538302","13.0","9.0","","","0.0","","","0.0","-37.725","176.225","22.7302407407407","22.7302407407407","2.93277777777778","0.0","0.0","0.0","111.0","0.0","57.445","22.7302407407407","0.0","57.445","22.7302407407407"
"Temperate","538303","13.0","9.0","","","0.0","","","0.0","-37.725","176.225","22.7302407407407","22.7302407407407","2.93277777777778","0.0","0.0","0.0","111.0","0.0","57.445","22.7302407407407","0.0","57.445","22.7302407407407"
"Temperate","538501","13.0","9.0","","","0.0","","","0.0","-37.775","176.325","29.4090185185185","29.4090185185185","2.97777777777778","0.0","0.0","0.0","111.0","0.0","57.913","29.4090185185185","0.0","57.913","29.4090185185185"
"Temperate","538502","13.0","9.0","","","0.0","","","0.0","-37.775","176.325","29.4090185185185","29.4090185185185","2.97777777777778","0.0","0.0","0.0","111.0","0.0","57.913","29.4090185185185","0.0","57.913","29.4090185185185"
"Temperate","538601","13.0","9.0","","","0.0","","","0.0","-38.075","176.225","13.0820555555556","13.0820555555556","2.37","0.0","0.0","0.0","111.0","0.0","47.602","13.0820555555556","0.0","47.602","13.0820555555556"
"Temperate","538602","13.0","9.0","","","0.0","","","0.0","-38.075","176.225","13.0820555555556","13.0820555555556","2.37","0.0","0.0","0.0","111.0","0.0","47.602","13.0820555555556","0.0","47.602","13.0820555555556"
"Temperate","538721","13.0","9.0","","","0.0","","","0.0","-38.125","176.275","13.5681296296296","13.5681296296296","2.33074074074074","0.0","0.0","0.0","111.0","0.0","46.269","13.5681296296296","0.0","46.269","13.5681296296296"
"Temperate","538722","13.0","9.0","0.0","42.172","1.0","0.0","42.172","1.0","-38.175","176.275","11.0975185185185","11.7931851851852","2.12907407407407","0.0","0.0","0.0","111.0","0.0","42.172","11.0975185185185","0.0","42.172","11.7931851851852"
"Temperate","538731","13.0","9.0","","","0.0","","","0.0","-38.125","176.275","13.5681296296296","13.5681296296296","2.33074074074074","0.0","0.0","0.0","111.0","0.0","46.269","13.5681296296296","0.0","46.269","13.5681296296296"
"Temperate","538732","13.0","9.0","","","0.0","","","0.0","-38.175","176.325","10.434962962963","11.0226296296296","1.90055555555556","0.0","0.0","0.0","111.0","0.0","38.442","10.434962962963","0.0","38.442","11.0226296296296"
"Temperate","538741","13.0","9.0","","","0.0","","","0.0","-38.125","176.275","13.5681296296296","13.5681296296296","2.33074074074074","0.0","0.0","0.0","111.0","0.0","46.269","13.5681296296296","0.0","46.269","13.5681296296296"
"Temperate","538742","13.0","9.0","0.0","44.203","1.0","0.0","44.203","1.0","-38.125","176.325","11.0026481481481","11.7278703703704","2.21814814814815","0.0","0.0","0.0","111.000111111111","0.0","44.203","11.0026481481481","0.0","44.203","11.7278703703704"
"Temperate","538811","13.0","9.0","0.0","45.851","9.0","0.0","45.851","9.0","-38.025","176.175","7.08903703703704","7.63014814814815","1.94648148148148","0.0","0.0","0.0","111.050222222222","0.0","45.851","7.50784362139918","0.0","45.851","8.11435596707819"
"Temperate","538812","13.0","9.0","0.0","47.602","3.0","0.0","47.602","3.0","-38.075","176.275","12.0041666666667","12.7633888888889","2.29740740740741","0.0","0.0","0.0","111.0","0.0","47.602","12.8847839506173","0.0","47.602","13.1378580246914"
"Temperate","538820","13.0","9.0","0.0","47.988","23.0","0.0","47.988","23.0","-38.075","176.425","6.81616666666667","7.431","2.06259259259259","0.0","0.0","0.0","111.047222222222","0.0","47.988","10.052305958132","0.0","47.988","10.5043760064412"
"Temperate","538831","13.0","9.0","0.0","37.726","1.0","0.0","37.726","1.0","-38.425","176.575","12.4896666666667","13.2066666666667","1.95296296296296","0.0","0.0","0.0","111.0","0.0","37.726","12.4896666666667","0.0","37.726","13.2066666666667"
"Temperate","538832","13.0","9.0","0.0","50.935","20.0","0.0","50.935","20.0","-38.275","176.475","12.9552592592593","13.7602592592593","2.19185185185185","0.0","0.0","0.0","111.0","0.0","50.935","11.2293305555556","0.0","50.935","11.885525"
"Temperate","538841","13.0","9.0","0.0","43.059","20.0","0.0","43.059","20.0","-38.425","176.375","15.5121851851852","15.5121851851852","2.2212962962963","0.0","0.0","0.0","111.0","0.0","43.059","13.141437037037","0.0","43.059","13.7264842592593"
"Temperate","538842","13.0","9.0","0.0","43.246","3.0","0.0","43.246","3.0","-38.425","176.275","13.5654259259259","14.3258703703704","2.06537037037037","0.0","0.0","0.0","111.0","0.0","43.246","13.0787345679012","0.0","43.246","13.6964382716049"
"Temperate","538850","13.0","9.0","0.0","42.482","17.0","0.0","42.482","17.0","-38.325","176.175","14.2247592592593","15.0064259259259","2.12462962962963","0.0","0.0","0.0","111.0","0.0","42.482","12.4323322440087","0.0","42.482","13.1523191721133"
"Temperate","538861","13.0","9.0","0.0","35.743","3.0","0.0","35.743","3.0","-38.125","176.025","7.93775925925926","8.7172037037037","1.725","0.0","0.0","0.0","111.0","0.0","35.743","6.68584567901235","0.0","35.743","7.36997530864198"
"Temperate","538863","13.0","9.0","0.0","45.082","8.0","0.0","45.082","8.0","-38.125","176.175","9.76553703703704","10.3220925925926","1.88388888888889","0.0","0.0","0.0","111.0","0.0","45.082","9.33650694444444","0.0","45.082","9.93325694444444"
"Temperate","538864","13.0","9.0","","","0.0","","","0.0","-38.075","176.075","5.8792037037037","6.49609259259259","1.69777777777778","0.0","0.0","0.0","111.056222222222","0.0","35.743","5.8792037037037","0.0","35.743","6.49609259259259"
"Temperate","539000","13.0","9.0","","","0.0","","","0.0","-38.125","176.225","11.9958333333333","12.7510555555556","2.26944444444444","0.0","0.0","0.0","111.0","0.0","45.617","11.9958333333333","0.0","45.617","12.7510555555556"
"Temperate","539100","13.0","9.0","0.0","45.617","1.0","0.0","45.617","1.0","-38.125","176.225","11.9958333333333","12.7510555555556","2.26944444444444","0.0","0.0","0.0","111.0","0.0","45.617","11.9958333333333","0.0","45.617","12.7510555555556"
"Temperate","539200","13.0","9.0","","","0.0","","","0.0","-38.125","176.225","11.9958333333333","12.7510555555556","2.26944444444444","0.0","0.0","0.0","111.0","0.0","45.617","11.9958333333333","0.0","45.617","12.7510555555556"
"Temperate","539310","13.0","9.0","","","0.0","","","0.0","-38.125","176.225","11.9958333333333","12.7510555555556","2.26944444444444","0.0","0.0","0.0","111.0","0.0","45.617","11.9958333333333","0.0","45.617","12.7510555555556"
"Temperate","539320","13.0","9.0","","","0.0","","","0.0","-38.125","176.225","11.9958333333333","12.7510555555556","2.26944444444444","0.0","0.0","0.0","111.0","0.0","45.617","11.9958333333333","0.0","45.617","12.7510555555556"
"Temperate","539400","13.0","9.0","","","0.0","","","0.0","-38.125","176.225","11.9958333333333","12.7510555555556","2.26944444444444","0.0","0.0","0.0","111.0","0.0","45.617","11.9958333333333","0.0","45.617","12.7510555555556"
"Temperate","539500","13.0","9.0","","","0.0","","","0.0","-38.125","176.225","11.9958333333333","12.7510555555556","2.26944444444444","0.0","0.0","0.0","111.0","0.0","45.617","11.9958333333333","0.0","45.617","12.7510555555556"
"Temperate","539600","13.0","9.0","","","0.0","","","0.0","-38.125","176.225","11.9958333333333","12.7510555555556","2.26944444444444","0.0","0.0","0.0","111.0","0.0","45.617","11.9958333333333","0.0","45.617","12.7510555555556"
"Temperate","539700","13.0","9.0","","","0.0","","","0.0","-38.125","176.225","11.9958333333333","12.7510555555556","2.26944444444444","0.0","0.0","0.0","111.0","0.0","45.617","11.9958333333333","0.0","45.617","12.7510555555556"
"Temperate","539800","13.0","9.0","","","0.0","","","0.0","-38.175","176.225","10.87","11.5033333333333","1.99796296296296","0.0","0.0","0.0","111.0","0.0","40.712","10.87","0.0","40.712","11.5033333333333"
"Temperate","539900","13.0","9.0","","","0.0","","","0.0","-38.125","176.225","11.9958333333333","12.7510555555556","2.26944444444444","0.0","0.0","0.0","111.0","0.0","45.617","11.9958333333333","0.0","45.617","12.7510555555556"
"Temperate","540000","13.0","9.0","","","0.0","","","0.0","-38.175","176.225","10.87","11.5033333333333","1.99796296296296","0.0","0.0","0.0","111.0","0.0","40.712","10.87","0.0","40.712","11.5033333333333"
"Temperate","540100","13.0","9.0","","","0.0","","","0.0","-38.125","176.225","11.9958333333333","12.7510555555556","2.26944444444444","0.0","0.0","0.0","111.0","0.0","45.617","11.9958333333333","0.0","45.617","12.7510555555556"
"Temperate","540200","13.0","9.0","","","0.0","","","0.0","-38.125","176.225","11.9958333333333","12.7510555555556","2.26944444444444","0.0","0.0","0.0","111.0","0.0","45.617","11.9958333333333","0.0","45.617","12.7510555555556"
"Temperate","540300","13.0","9.0","","","0.0","","","0.0","-38.125","176.225","11.9958333333333","12.7510555555556","2.26944444444444","0.0","0.0","0.0","111.0","0.0","45.617","11.9958333333333","0.0","45.617","12.7510555555556"
"Temperate","540410","13.0","9.0","","","0.0","","","0.0","-38.125","176.225","11.9958333333333","12.7510555555556","2.26944444444444","0.0","0.0","0.0","111.0","0.0","45.617","11.9958333333333","0.0","45.617","12.7510555555556"
"Temperate","540420","13.0","9.0","","","0.0","","","0.0","-38.125","176.275","13.5681296296296","13.5681296296296","2.33074074074074","0.0","0.0","0.0","111.0","0.0","46.269","13.5681296296296","0.0","46.269","13.5681296296296"
"Temperate","540510","13.0","9.0","","","0.0","","","0.0","-38.175","176.275","11.0975185185185","11.7931851851852","2.12907407407407","0.0","0.0","0.0","111.0","0.0","42.172","11.0975185185185","0.0","42.172","11.7931851851852"
"Temperate","540520","13.0","9.0","","","0.0","","","0.0","-38.125","176.225","11.9958333333333","12.7510555555556","2.26944444444444","0.0","0.0","0.0","111.0","0.0","45.617","11.9958333333333","0.0","45.617","12.7510555555556"
"Temperate","540600","13.0","9.0","","","0.0","","","0.0","-38.175","176.275","11.0975185185185","11.7931851851852","2.12907407407407","0.0","0.0","0.0","111.0","0.0","42.172","11.0975185185185","0.0","42.172","11.7931851851852"
"Temperate","540700","13.0","9.0","","","0.0","","","0.0","-38.175","176.275","11.0975185185185","11.7931851851852","2.12907407407407","0.0","0.0","0.0","111.0","0.0","42.172","11.0975185185185","0.0","42.172","11.7931851851852"
"Temperate","540900","13.0","9.0","0.0","46.051","1.0","0.0","46.051","1.0","-38.375","175.775","20.1900185185185","20.1900185185185","2.46388888888889","0.0","0.0","0.0","44.696","0.0","46.051","20.1900185185185","0.0","46.051","20.1900185185185"
"Temperate","541000","13.0","9.0","","","0.0","","","0.0","-38.975","175.825","11.9366851851852","12.6729074074074","1.99407407407407","0.0","0.0","0.0","111.0","0.0","37.803","11.9366851851852","0.0","37.803","12.6729074074074"
"Temperate","541311","13.0","9.0","","","0.0","","","0.0","-38.725","176.025","15.5571481481481","16.4047037037037","2.06574074074074","0.0","0.0","0.0","111.0","0.0","40.009","15.5571481481481","0.0","40.009","16.4047037037037"
"Temperate","541312","13.0","9.0","0.0","40.47","4.0","0.0","40.47","4.0","-38.625","176.125","14.409037037037","15.1753703703704","1.98944444444444","0.0","0.0","0.0","111.0","0.0","40.47","14.0405462962963","0.0","40.47","14.8004907407407"
"Temperate","541313","13.0","9.0","0.0","36.173","1.0","0.0","36.173","1.0","-38.725","176.125","12.3702407407407","13.0260185185185","1.81777777777778","0.0","0.0","0.0","111.0","0.0","36.173","12.3702407407407","0.0","36.173","13.0260185185185"
"Temperate","541315","13.0","9.0","","","0.0","","","0.0","-38.675","176.125","13.0894074074074","13.7910740740741","1.89259259259259","0.0","0.0","0.0","111.0","0.0","37.089","13.0894074074074","0.0","37.089","13.7910740740741"
"Temperate","541316","13.0","9.0","0.0","39.503","1.0","0.0","39.503","1.0","-38.725","176.075","14.6146296296296","15.404962962963","2.01407407407407","0.0","0.0","0.0","111.0","0.0","39.503","14.6146296296296","0.0","39.503","15.404962962963"
"Temperate","541317","13.0","9.0","0.0","39.604","1.0","0.0","39.604","1.0","-38.675","176.075","14.026537037037","14.7992037037037","2.01925925925926","0.0","0.0","0.0","111.0","0.0","39.604","14.026537037037","0.0","39.604","14.7992037037037"
"Temperate","541318","13.0","9.0","","","0.0","","","0.0","-38.675","176.075","14.026537037037","14.7992037037037","2.01925925925926","0.0","0.0","0.0","111.0","0.0","39.604","14.026537037037","0.0","39.604","14.7992037037037"
"Temperate","541319","13.0","9.0","","","0.0","","","0.0","-38.675","176.075","14.026537037037","14.7992037037037","2.01925925925926","0.0","0.0","0.0","111.0","0.0","39.604","14.026537037037","0.0","39.604","14.7992037037037"
"Temperate","541320","13.0","9.0","0.0","45.865","41.0","0.0","45.865","41.0","-38.575","175.725","11.5685555555556","12.3053333333333","1.9787037037037","0.0","0.0","0.0","111.0","0.0","45.865","11.5509489611563","0.0","45.865","12.1562335140018"
"Temperate","541333","13.0","9.0","","","0.0","","","0.0","-38.675","175.925","11.1332592592593","11.8028148148148","1.82814814814815","0.0","0.0","0.0","111.0","0.0","35.06","11.1332592592593","0.0","35.06","11.8028148148148"
"Temperate","541334","13.0","9.0","0.0","44.009","9.0","0.0","44.009","9.0","-38.475","176.025","8.5527037037037","9.51148148148148","1.5812962962963","0.0","0.0","0.0","111.0","0.0","44.009","11.8717777777778","0.0","44.009","12.5102345679012"
"Temperate","541335","13.0","9.0","0.0","42.896","20.0","0.0","42.896","20.0","-38.575","176.075","10.1489444444444","11.3199444444444","1.71555555555556","0.0","0.0","0.0","111.0","0.0","42.896","12.9140037037037","0.0","42.896","13.5527481481481"
"Temperate","541342","13.0","9.0","0.0","38.266","42.0","0.0","38.266","42.0","-38.775","176.475","8.32292592592593","9.25581481481482","1.62666666666667","0.0","0.0","0.0","111.0","0.0","38.266","8.75156128747795","0.0","38.266","9.59531657848325"
"Temperate","541344","13.0","9.0","0.0","42.491","27.0","0.0","42.491","27.0","-38.725","176.275","8.31938888888889","9.24183333333333","1.52518518518519","0.000444444444444444","0.0","0.0","111.0","0.0","42.491","10.5667373113855","0.0","42.491","11.371426611797"
"Temperate","541345","13.0","9.0","","","0.0","","","0.0","-38.775","176.075","16.3522407407407","17.2243518518519","2.06574074074074","0.0","0.0","0.0","64.0484444444444","0.0","39.971","16.3522407407407","0.0","39.971","17.2243518518519"
"Temperate","541346","13.0","9.0","0.0","39.112","20.0","0.0","39.112","20.0","-38.925","176.025","8.99107407407407","10.0187407407407","1.66462962962963","0.0","0.0","0.0","111.0","0.0","39.112","8.35303055555556","0.0","39.112","9.216325"
"Temperate","541347","13.0","9.0","","","0.0","","","0.0","-38.925","175.875","13.5207222222222","14.3246111111111","2.07796296296296","0.0","0.0","0.0","111.0","0.0","39.714","13.5207222222222","0.0","39.714","14.3246111111111"
"Temperate","541348","13.0","9.0","0.0","39.509","2.0","0.0","39.509","2.0","-38.975","175.775","11.7202592592593","12.4664814814815","2.04796296296296","0.0","0.0","0.0","111.0","0.0","39.509","7.84255555555556","0.0","39.509","9.20133333333333"
"Temperate","541501","13.0","9.0","0.0","36.65","44.0","0.0","36.65","44.0","-39.125","175.825","3.95625925925926","4.53164814814815","1.545","0.0","0.0","0.0","111.171666666667","0.0","36.65","2.63965067340067","0.0","36.65","3.22157996632997"
"Temperate","541502","13.0","9.0","0.0","2.49","2.0","0.0","2.49","2.0","-39.125","176.025","0.0527037037037037","0.298703703703704","0.945555555555556","0.00255555555555556","0.0","0.0","111.3475","0.0","2.49","0.229648148148148","0.0","2.49","0.564398148148148"
"Temperate","541503","13.0","9.0","0.0","33.06","32.0","0.0","33.06","32.0","-38.975","176.375","4.427","6.05872222222222","1.36148148148148","0.00511111111111111","0.0","0.0","111.0","0.0","33.06","5.05566956018519","0.0","33.06","5.98691261574074"
"Temperate","541710","13.0","9.0","","","0.0","","","0.0","-38.675","176.075","14.026537037037","14.7992037037037","2.01925925925926","0.0","0.0","0.0","111.0","0.0","39.604","14.026537037037","0.0","39.604","14.7992037037037"
"Temperate","541720","13.0","9.0","","","0.0","","","0.0","-38.675","176.075","14.026537037037","14.7992037037037","2.01925925925926","0.0","0.0","0.0","111.0","0.0","39.604","14.026537037037","0.0","39.604","14.7992037037037"
"Temperate","541730","13.0","9.0","","","0.0","","","0.0","-38.675","176.075","14.026537037037","14.7992037037037","2.01925925925926","0.0","0.0","0.0","111.0","0.0","39.604","14.026537037037","0.0","39.604","14.7992037037037"
"Temperate","541740","13.0","9.0","","","0.0","","","0.0","-38.675","176.075","14.026537037037","14.7992037037037","2.01925925925926","0.0","0.0","0.0","111.0","0.0","39.604","14.026537037037","0.0","39.604","14.7992037037037"
"Temperate","541750","13.0","9.0","","","0.0","","","0.0","-38.725","176.075","14.6146296296296","15.404962962963","2.01407407407407","0.0","0.0","0.0","111.0","0.0","39.503","14.6146296296296","0.0","39.503","15.404962962963"
"Temperate","541760","13.0","9.0","","","0.0","","","0.0","-38.725","176.075","14.6146296296296","15.404962962963","2.01407407407407","0.0","0.0","0.0","111.0","0.0","39.503","14.6146296296296","0.0","39.503","15.404962962963"
"Temperate","541900","13.0","9.0","","","0.0","","","0.0","-38.025","177.075","21.1318703703704","21.1318703703704","2.95888888888889","0.0","0.0","0.0","111.0","0.0","54.081","21.1318703703704","0.0","54.081","21.1318703703704"
"Temperate","542000","13.0","9.0","","","0.0","","","0.0","-37.925","176.725","20.6678333333333","20.6678333333333","2.78759259259259","0.0","0.0","0.0","111.0","0.0","51.738","20.6678333333333","0.0","51.738","20.6678333333333"
"Temperate","542100","13.0","9.0","","","0.0","","","0.0","-38.075","177.025","19.9191481481481","19.9191481481481","2.88759259259259","0.0","0.0","0.0","111.0","0.0","53.451","19.9191481481481","0.0","53.451","19.9191481481481"
"Temperate","542200","13.0","9.0","0.0","55.767","1.0","0.0","55.767","1.0","-37.975","176.825","21.8958888888889","21.8958888888889","3.03444444444444","0.0","0.0","0.0","111.0","0.0","55.767","21.8958888888889","0.0","55.767","21.8958888888889"
"Temperate","542300","13.0","9.0","","","0.0","","","0.0","-38.025","176.775","19.9598518518519","19.9598518518519","3.03185185185185","0.0","0.0","0.0","111.0","0.0","55.747","19.9598518518519","0.0","55.747","19.9598518518519"
"Temperate","542410","13.0","9.0","","","0.0","","","0.0","-37.975","176.975","22.4471111111111","22.4471111111111","3.01037037037037","0.0","0.0","0.0","111.0","0.0","55.584","22.4471111111111","0.0","55.584","22.4471111111111"
"Temperate","542421","13.0","9.0","","","0.0","","","0.0","-37.975","176.975","22.4471111111111","22.4471111111111","3.01037037037037","0.0","0.0","0.0","111.0","0.0","55.584","22.4471111111111","0.0","55.584","22.4471111111111"
"Temperate","542422","13.0","9.0","","","0.0","","","0.0","-37.975","176.975","22.4471111111111","22.4471111111111","3.01037037037037","0.0","0.0","0.0","111.0","0.0","55.584","22.4471111111111","0.0","55.584","22.4471111111111"
"Temperate","542430","13.0","9.0","0.0","55.584","1.0","0.0","55.584","1.0","-37.975","176.975","22.4471111111111","22.4471111111111","3.01037037037037","0.0","0.0","0.0","111.0","0.0","55.584","22.4471111111111","0.0","55.584","22.4471111111111"
"Temperate","542440","13.0","9.0","","","0.0","","","0.0","-37.975","176.975","22.4471111111111","22.4471111111111","3.01037037037037","0.0","0.0","0.0","111.0","0.0","55.584","22.4471111111111","0.0","55.584","22.4471111111111"
"Temperate","542511","13.0","9.0","","","0.0","","","0.0","-37.975","176.975","22.4471111111111","22.4471111111111","3.01037037037037","0.0","0.0","0.0","111.0","0.0","55.584","22.4471111111111","0.0","55.584","22.4471111111111"
"Temperate","542514","13.0","9.0","0.0","51.786","1.0","0.0","51.786","1.0","-37.975","177.025","21.4570185185185","21.4570185185185","2.81388888888889","0.0","0.0","0.0","111.0","0.0","51.786","21.4570185185185","0.0","51.786","21.4570185185185"
"Temperate","542520","13.0","9.0","","","0.0","","","0.0","-37.975","176.975","22.4471111111111","22.4471111111111","3.01037037037037","0.0","0.0","0.0","111.0","0.0","55.584","22.4471111111111","0.0","55.584","22.4471111111111"
"Temperate","542530","13.0","9.0","0.0","55.858","15.0","0.0","55.858","15.0","-37.975","176.775","20.8193148148148","20.8193148148148","3.04777777777778","0.0","0.0","0.0","111.0","0.0","55.858","19.6330086419753","0.0","55.858","19.6837049382716"
"Temperate","542540","13.0","9.0","0.0","57.483","13.0","0.0","57.483","13.0","-38.125","176.675","17.4996851851852","17.4996851851852","2.89277777777778","0.0","0.0","0.0","111.0","0.0","57.483","16.4152663817664","0.0","57.483","16.4754458689459"
"Temperate","542550","13.0","9.0","0.0","51.919","81.0","0.0","51.919","81.0","-38.475","176.775","10.3303148148148","10.3303148148148","2.21722222222222","0.0","0.0","0.0","111.000666666667","0.0","51.919","11.3033975765889","0.0","51.919","11.6967267946959"
"Temperate","542561","13.0","9.0","0.0","53.277","2.0","0.0","53.277","2.0","-38.175","177.125","17.756462962963","17.756462962963","2.66351851851852","0.0","0.0","0.0","111.0","0.0","53.277","18.1346759259259","0.0","53.277","18.1346759259259"
"Temperate","542562","13.0","9.0","0.0","55.507","58.0","0.0","55.507","58.0","-38.275","177.025","13.8277222222222","13.8277222222222","2.52074074074074","0.0","0.0","0.0","111.0","0.0","55.507","12.6055130906769","0.0","55.507","12.9019182630907"
"Temperate","542600","13.0","9.0","0.0","56.04","1.0","0.0","56.04","1.0","-38.075","176.675","17.6747777777778","17.6747777777778","2.92555555555556","0.0","0.0","0.0","111.0","0.0","56.04","19.421537037037","0.0","56.04","19.421537037037"
"Temperate","542700","13.0","9.0","","","0.0","","","0.0","-38.475","176.725","17.3339814814815","17.3339814814815","2.62185185185185","0.0","0.0","0.0","111.0","0.0","48.846","17.3339814814815","0.0","48.846","17.3339814814815"
"Temperate","542800","13.0","9.0","","","0.0","","","0.0","-38.025","177.275","20.2962222222222","20.2962222222222","3.00722222222222","0.0","0.0","0.0","111.0","0.0","55.547","20.2962222222222","0.0","55.547","20.2962222222222"
"Temperate","542901","13.0","9.0","","","0.0","","","0.0","-37.775","177.725","17.8125925925926","17.8125925925926","2.48777777777778","0.0","0.0","0.0","111.0","0.0","48.85","17.8125925925926","0.0","48.85","17.8125925925926"
"Temperate","542903","13.0","9.0","0.0","62.236","61.0","0.0","62.236","61.0","-37.875","177.775","9.85361111111111","10.4607222222222","2.09518518518519","0.0","0.0","0.0","111.117","0.0","62.236","11.8743488160291","0.0","62.236","12.273843047966"
"Temperate","542904","13.0","9.0","0.0","53.934","52.0","0.0","53.934","52.0","-38.225","177.375","4.86544444444444","5.3565","1.79574074074074","0.0","0.0","0.0","111.159555555556","0.0","53.934","8.84925","0.0","53.934","9.28589636752137"
"Temperate","542906","13.0","9.0","0.0","55.564","9.0","0.0","55.564","9.0","-38.025","177.275","20.2962222222222","20.2962222222222","3.00722222222222","0.0","0.0","0.0","111.0","0.0","55.564","19.0260967078189","0.0","55.564","19.0260967078189"
"Temperate","543301","13.0","9.0","0.0","63.634","112.0","0.0","63.634","112.0","-37.875","178.175","14.4752777777778","14.5057777777778","2.71981481481481","0.0","0.0","0.0","111.283111111111","0.0","63.634","13.0525509259259","0.0","63.634","13.2539841269841"
"Temperate","543302","13.0","9.0","0.0","62.168","1.0","0.0","62.168","1.0","-37.875","178.325","18.8066296296296","18.8106296296296","3.30833333333333","0.0","0.0","0.0","111.027222222222","0.0","62.168","18.8066296296296","0.0","62.168","18.8106296296296"
"Temperate","543303","13.0","9.0","","","0.0","","","0.0","-38.125","178.275","18.7210925925926","18.7210925925926","2.77685185185185","0.0","0.0","0.0","111.0","0.0","54.603","18.7210925925926","0.0","54.603","18.7210925925926"
"Temperate","543601","13.0","9.0","0.0","54.233","113.0","0.0","54.233","113.0","-38.375","177.625","10.3586296296296","11.0530185185185","2.18685185185185","0.0","0.0","0.0","111.001222222222","0.0","54.233","8.86889790232711","0.0","54.233","9.32448115372009"
"Temperate","543602","13.0","9.0","","","0.0","","","0.0","-38.475","177.875","22.6547777777778","22.6547777777778","2.80611111111111","0.0","0.0","0.0","111.0","0.0","54.024","22.6547777777778","0.0","54.024","22.6547777777778"
"Temperate","543800","13.0","9.0","","","0.0","","","0.0","-38.625","177.875","29.123962962963","29.123962962963","2.86240740740741","0.0","0.0","0.0","111.0","0.0","55.502","29.123962962963","0.0","55.502","29.123962962963"
"Temperate","543901","13.0","9.0","0.0","55.87","1.0","0.0","55.87","1.0","-38.625","177.975","30.2584444444444","30.4722222222222","2.90203703703704","0.0","0.0","0.0","111.0","0.0","55.87","30.2584444444444","0.0","55.87","30.4722222222222"
"Temperate","543902","13.0","9.0","0.0","51.659","1.0","0.0","51.659","1.0","-38.625","178.025","27.3227037037037","27.3227037037037","2.64962962962963","0.0","0.0","0.0","8.46455555555556","0.0","51.659","27.3227037037037","0.0","51.659","27.3227037037037"
"Temperate","543903","13.0","9.0","0.0","53.73","1.0","0.0","53.73","1.0","-38.675","178.075","28.8830740740741","29.0636296296296","2.76981481481481","0.0","0.0","0.0","109.740888888889","0.0","53.73","28.8830740740741","0.0","53.73","29.0636296296296"
"Temperate","544001","13.0","9.0","0.0","60.778","45.0","0.0","60.778","45.0","-38.425","178.125","18.9418333333333","18.9418333333333","2.53666666666667","0.0","0.0","0.0","111.0","0.0","60.778","19.7432716049383","0.0","60.778","19.9599111111111"
"Temperate","544002","13.0","9.0","0.0","56.409","57.0","0.0","56.409","57.0","-38.725","177.725","13.6116851851852","14.3463518518519","2.245","0.0","0.0","0.0","111.0","0.0","56.409","15.3533716699155","0.0","56.409","15.7539291747888"
"Temperate","544003","13.0","9.0","0.0","55.751","2.0","0.0","55.751","2.0","-38.675","177.875","23.8648518518519","23.8648518518519","2.89148148148148","0.0","0.0","0.0","111.0","0.0","55.751","26.9146574074074","0.0","55.751","26.9211018518519"
"Temperate","544004","13.0","9.0","","","0.0","","","0.0","-38.375","178.225","27.6327037037037","27.6327037037037","2.62462962962963","0.0","0.0","0.0","111.0","0.0","51.296","27.6327037037037","0.0","51.296","27.6327037037037"
"Temperate","544200","13.0","9.0","","","0.0","","","0.0","-38.625","178.025","27.3227037037037","27.3227037037037","2.64962962962963","0.0","0.0","0.0","8.46455555555556","0.0","51.659","27.3227037037037","0.0","51.659","27.3227037037037"
"Temperate","544300","13.0","9.0","","","0.0","","","0.0","-38.625","177.975","30.2584444444444","30.4722222222222","2.90203703703704","0.0","0.0","0.0","111.0","0.0","55.87","30.2584444444444","0.0","55.87","30.4722222222222"
"Temperate","544400","13.0","9.0","","","0.0","","","0.0","-38.625","177.975","30.2584444444444","30.4722222222222","2.90203703703704","0.0","0.0","0.0","111.0","0.0","55.87","30.2584444444444","0.0","55.87","30.4722222222222"
"Temperate","544500","13.0","9.0","","","0.0","","","0.0","-38.625","178.025","27.3227037037037","27.3227037037037","2.64962962962963","0.0","0.0","0.0","8.46455555555556","0.0","51.659","27.3227037037037","0.0","51.659","27.3227037037037"
"Temperate","544600","13.0","9.0","","","0.0","","","0.0","-38.625","178.025","27.3227037037037","27.3227037037037","2.64962962962963","0.0","0.0","0.0","8.46455555555556","0.0","51.659","27.3227037037037","0.0","51.659","27.3227037037037"
"Temperate","544701","13.0","9.0","","","0.0","","","0.0","-38.675","178.075","28.8830740740741","29.0636296296296","2.76981481481481","0.0","0.0","0.0","109.740888888889","0.0","53.73","28.8830740740741","0.0","53.73","29.0636296296296"
"Temperate","544702","13.0","9.0","","","0.0","","","0.0","-38.675","178.075","28.8830740740741","29.0636296296296","2.76981481481481","0.0","0.0","0.0","109.740888888889","0.0","53.73","28.8830740740741","0.0","53.73","29.0636296296296"
"Temperate","544801","13.0","9.0","","","0.0","","","0.0","-38.675","178.075","28.8830740740741","29.0636296296296","2.76981481481481","0.0","0.0","0.0","109.740888888889","0.0","53.73","28.8830740740741","0.0","53.73","29.0636296296296"
"Temperate","544802","13.0","9.0","","","0.0","","","0.0","-38.675","178.075","28.8830740740741","29.0636296296296","2.76981481481481","0.0","0.0","0.0","109.740888888889","0.0","53.73","28.8830740740741","0.0","53.73","29.0636296296296"
"Temperate","544900","13.0","9.0","","","0.0","","","0.0","-38.625","177.975","30.2584444444444","30.4722222222222","2.90203703703704","0.0","0.0","0.0","111.0","0.0","55.87","30.2584444444444","0.0","55.87","30.4722222222222"
"Temperate","545201","13.0","9.0","0.0","42.398","1.0","0.0","42.398","1.0","-38.825","177.175","11.8528333333333","12.6221666666667","2.22055555555556","0.0","0.0","0.0","111.0","0.0","42.398","11.8528333333333","0.0","42.398","12.6221666666667"
"Temperate","545202","13.0","9.0","","","0.0","","","0.0","-38.975","177.425","21.9807777777778","21.9807777777778","2.89259259259259","0.0","0.0","0.0","111.0","0.0","55.073","21.9807777777778","0.0","55.073","21.9807777777778"
"Temperate","545204","13.0","9.0","0.0","55.433","66.0","0.0","55.433","66.0","-38.825","177.425","13.2761666666667","14.0606111111111","2.2537037037037","0.0","0.0","0.0","111.0","0.0","55.433","11.4701372053872","0.0","55.433","11.8093316498317"
"Temperate","545205","13.0","9.0","0.0","53.602","59.0","0.0","53.602","59.0","-38.875","176.975","9.96838888888889","10.6007222222222","1.98759259259259","0.0","0.0","0.0","111.0","0.0","53.602","8.19984934086629","0.0","53.602","8.73482391713748"
"Temperate","545206","13.0","9.0","0.0","36.319","3.0","0.0","36.319","3.0","-38.775","177.075","6.50611111111111","7.05061111111111","1.84462962962963","0.0","0.0","0.0","111.004","0.0","36.319","5.35925925925926","0.0","36.319","5.87694444444444"
"Temperate","545301","13.0","9.0","0.0","55.073","26.0","0.0","55.073","26.0","-39.075","177.125","18.8957592592593","18.8957592592593","2.65611111111111","0.0","0.0","0.0","111.0","0.0","55.073","17.4232172364672","0.0","55.073","17.6548625356125"
"Temperate","545302","13.0","9.0","0.0","55.804","6.0","0.0","55.804","6.0","-39.025","177.575","24.6341666666667","24.6341666666667","2.85907407407407","0.0","0.0","0.0","111.0","0.0","55.804","23.4645679012346","0.0","55.804","23.4645679012346"
"Temperate","545303","13.0","9.0","0.0","54.387","2.0","0.0","54.387","2.0","-39.025","177.725","23.4328333333333","23.4328333333333","2.66685185185185","0.0","0.0","0.0","111.0","0.0","54.387","23.993462962963","0.0","54.387","23.993462962963"
"Temperate","545304","13.0","9.0","0.0","55.899","3.0","0.0","55.899","3.0","-39.075","177.875","30.7407777777778","31.4205555555556","2.80296296296296","0.0","0.0","0.0","94.563","0.0","55.899","29.2438209876543","0.0","55.899","29.4704135802469"
"Temperate","545500","13.0","9.0","","","0.0","","","0.0","-39.025","177.425","24.0021666666667","24.0021666666667","2.88203703703704","0.0","0.0","0.0","111.0","0.0","54.963","24.0021666666667","0.0","54.963","24.0021666666667"
"Temperate","545611","13.0","9.0","0.0","50.35","1.0","0.0","50.35","1.0","-39.425","176.875","23.154537037037","23.154537037037","2.60444444444444","0.0","0.0","0.0","111.0","0.0","50.35","23.154537037037","0.0","50.35","23.154537037037"
"Temperate","545621","13.0","9.0","","","0.0","","","0.0","-39.475","176.825","23.7178333333333","23.7178333333333","2.60444444444444","0.0","0.0","0.0","111.0","0.0","50.333","23.7178333333333","0.0","50.333","23.7178333333333"
"Temperate","545631","13.0","9.0","0.0","50.816","1.0","0.0","50.816","1.0","-39.525","176.875","27.940037037037","27.940037037037","2.65425925925926","0.0","0.0","0.0","7.52155555555556","0.0","50.816","27.940037037037","0.0","50.816","27.940037037037"
"Temperate","545632","13.0","9.0","","","0.0","","","0.0","-39.525","176.875","27.940037037037","27.940037037037","2.65425925925926","0.0","0.0","0.0","7.52155555555556","0.0","50.816","27.940037037037","0.0","50.816","27.940037037037"
"Temperate","545710","13.0","9.0","","","0.0","","","0.0","-39.575","176.825","27.9946481481481","28.0496481481481","2.6262962962963","0.0","0.0","0.0","3.28266666666667","0.0","50.561","27.9946481481481","0.0","50.561","28.0496481481481"
"Temperate","545721","13.0","9.0","0.0","50.745","1.0","0.0","50.745","1.0","-39.625","176.875","28.761462962963","28.8287962962963","2.64722222222222","0.0","0.0","0.0","0.563","0.0","50.745","28.761462962963","0.0","50.745","28.8287962962963"
"Temperate","545722","13.0","9.0","","","0.0","","","0.0","-39.625","176.875","28.761462962963","28.8287962962963","2.64722222222222","0.0","0.0","0.0","0.563","0.0","50.745","28.761462962963","0.0","50.745","28.8287962962963"
"Temperate","545730","13.0","9.0","","","0.0","","","0.0","-39.575","176.875","28.5609814814815","28.6603148148148","2.65314814814815","0.0","0.0","0.0","2.03222222222222","0.0","50.788","28.5609814814815","0.0","50.788","28.6603148148148"
"Temperate","545740","13.0","9.0","","","0.0","","","0.0","-39.675","176.975","26.0789259259259","26.2211481481481","2.43851851851852","0.0","0.0","0.0","2.86355555555556","0.0","46.677","26.0789259259259","0.0","46.677","26.2211481481481"
"Temperate","545750","13.0","9.0","","","0.0","","","0.0","-39.675","176.925","28.1108518518519","28.2062962962963","2.57759259259259","0.0","0.0","0.0","0.829444444444444","0.0","49.054","28.1108518518519","0.0","49.054","28.2062962962963"
"Temperate","545761","13.0","9.0","","","0.0","","","0.0","-39.625","176.825","28.6596481481481","28.7213148148148","2.63685185185185","0.0","0.0","0.0","0.663555555555556","0.0","50.647","28.6596481481481","0.0","50.647","28.7213148148148"
"Temperate","545762","13.0","9.0","","","0.0","","","0.0","-39.675","176.825","28.7256851851852","28.7952407407407","2.63018518518519","0.0","0.0","0.0","0.522222222222222","0.0","50.605","28.7256851851852","0.0","50.605","28.7952407407407"
"Temperate","545811","13.0","9.0","0.0","51.251","13.0","0.0","51.251","13.0","-39.325","176.825","13.995037037037","14.7471481481481","2.08833333333333","0.0","0.0","0.0","111.0","0.0","51.251","16.1070113960114","0.0","51.251","16.4870199430199"
"Temperate","545812","13.0","9.0","0.0","49.549","1.0","0.0","49.549","1.0","-39.375","176.875","22.9011851851852","22.9011851851852","2.60777777777778","0.0","0.0","0.0","111.0","0.0","49.549","22.9011851851852","0.0","49.549","22.9011851851852"
"Temperate","545821","13.0","9.0","0.0","50.333","29.0","0.0","50.333","29.0","-39.475","176.675","18.5907407407407","18.5907407407407","2.47055555555556","0.0","0.0","0.0","111.0","0.0","50.333","20.4259827586207","0.0","50.333","20.5744770114943"
"Temperate","545822","13.0","9.0","","","0.0","","","0.0","-39.575","176.775","27.2828148148148","27.2828148148148","2.56592592592593","0.0","0.0","0.0","4.85066666666667","0.0","48.952","27.2828148148148","0.0","48.952","27.2828148148148"
"Temperate","545831","13.0","9.0","","","0.0","","","0.0","-39.575","176.825","27.9946481481481","28.0496481481481","2.6262962962963","0.0","0.0","0.0","3.28266666666667","0.0","50.561","27.9946481481481","0.0","50.561","28.0496481481481"
"Temperate","545832","13.0","9.0","0.0","50.788","2.0","0.0","50.788","2.0","-39.575","176.875","28.5609814814815","28.6603148148148","2.65314814814815","0.0","0.0","0.0","2.03222222222222","0.0","50.788","28.2778148148148","0.0","50.788","28.3549814814815"
"Temperate","545841","13.0","9.0","0.0","47.381","14.0","0.0","47.381","14.0","-39.675","176.575","23.8233148148148","23.8256481481481","2.32981481481482","0.0","0.0","0.0","2.87255555555556","0.0","47.381","20.3740687830688","0.0","47.381","20.8808148148148"
"Temperate","545842","13.0","9.0","","","0.0","","","0.0","-39.625","176.775","28.3103148148148","28.3597592592593","2.61092592592593","0.0","0.0","0.0","0.922888888888889","0.0","50.396","28.3103148148148","0.0","50.396","28.3597592592593"
"Temperate","545851","13.0","9.0","0.0","50.576","15.0","0.0","50.576","15.0","-39.775","176.725","28.2103518518519","28.2865740740741","2.60592592592593","0.0","0.0","0.0","0.610888888888889","0.0","50.576","24.4118469135802","0.0","50.576","24.8069209876543"
"Temperate","545852","13.0","9.0","0.0","50.605","1.0","0.0","50.605","1.0","-39.675","176.825","28.7256851851852","28.7952407407407","2.63018518518519","0.0","0.0","0.0","0.522222222222222","0.0","50.605","28.7256851851852","0.0","50.605","28.7952407407407"
"Temperate","545860","13.0","9.0","0.0","49.268","14.0","0.0","49.268","14.0","-39.775","176.925","22.8952407407407","23.9783518518519","2.29759259259259","0.0","0.0","0.0","2.63544444444444","0.0","49.268","22.5802182539683","0.0","49.268","23.2940436507937"
"Temperate","545911","13.0","9.0","0.0","53.428","52.0","0.0","53.428","52.0","-39.125","176.725","9.45011111111111","10.3546666666667","1.72296296296296","0.0","0.0","0.0","111.0","0.0","53.428","10.8829020655271","0.0","53.428","11.5914469373219"
"Temperate","545912","13.0","9.0","0.0","43.321","41.0","0.0","43.321","41.0","-39.275","176.425","2.98614814814815","3.9927037037037","1.35740740740741","0.000777777777777778","0.0","0.0","111.0","0.0","43.321","6.26003929539295","0.0","43.321","7.07606233062331"
"Temperate","545913","13.0","9.0","0.0","44.27","26.0","0.0","44.27","26.0","-39.575","176.325","6.29925925925926","6.94892592592593","1.38944444444444","0.0","0.0","0.0","111.0","0.0","44.27","9.62096011396011","0.0","44.27","10.5755861823362"
"Temperate","546100","13.0","9.0","","","0.0","","","0.0","-39.475","176.825","23.7178333333333","23.7178333333333","2.60444444444444","0.0","0.0","0.0","111.0","0.0","50.333","23.7178333333333","0.0","50.333","23.7178333333333"
"Temperate","546200","13.0","9.0","","","0.0","","","0.0","-39.525","176.875","27.940037037037","27.940037037037","2.65425925925926","0.0","0.0","0.0","7.52155555555556","0.0","50.816","27.940037037037","0.0","50.816","27.940037037037"
"Temperate","546300","13.0","9.0","","","0.0","","","0.0","-39.525","176.875","27.940037037037","27.940037037037","2.65425925925926","0.0","0.0","0.0","7.52155555555556","0.0","50.816","27.940037037037","0.0","50.816","27.940037037037"
"Temperate","546400","13.0","9.0","","","0.0","","","0.0","-39.525","176.875","27.940037037037","27.940037037037","2.65425925925926","0.0","0.0","0.0","7.52155555555556","0.0","50.816","27.940037037037","0.0","50.816","27.940037037037"
"Temperate","546500","13.0","9.0","","","0.0","","","0.0","-39.525","176.875","27.940037037037","27.940037037037","2.65425925925926","0.0","0.0","0.0","7.52155555555556","0.0","50.816","27.940037037037","0.0","50.816","27.940037037037"
"Temperate","546600","13.0","9.0","","","0.0","","","0.0","-39.525","176.875","27.940037037037","27.940037037037","2.65425925925926","0.0","0.0","0.0","7.52155555555556","0.0","50.816","27.940037037037","0.0","50.816","27.940037037037"
"Temperate","546700","13.0","9.0","","","0.0","","","0.0","-39.525","176.875","27.940037037037","27.940037037037","2.65425925925926","0.0","0.0","0.0","7.52155555555556","0.0","50.816","27.940037037037","0.0","50.816","27.940037037037"
"Temperate","546801","13.0","9.0","","","0.0","","","0.0","-39.525","176.875","27.940037037037","27.940037037037","2.65425925925926","0.0","0.0","0.0","7.52155555555556","0.0","50.816","27.940037037037","0.0","50.816","27.940037037037"
"Temperate","546802","13.0","9.0","","","0.0","","","0.0","-39.525","176.875","27.940037037037","27.940037037037","2.65425925925926","0.0","0.0","0.0","7.52155555555556","0.0","50.816","27.940037037037","0.0","50.816","27.940037037037"
"Temperate","546901","13.0","9.0","","","0.0","","","0.0","-39.525","176.875","27.940037037037","27.940037037037","2.65425925925926","0.0","0.0","0.0","7.52155555555556","0.0","50.816","27.940037037037","0.0","50.816","27.940037037037"
"Temperate","546902","13.0","9.0","","","0.0","","","0.0","-39.525","176.875","27.940037037037","27.940037037037","2.65425925925926","0.0","0.0","0.0","7.52155555555556","0.0","50.816","27.940037037037","0.0","50.816","27.940037037037"
"Temperate","547001","13.0","9.0","","","0.0","","","0.0","-39.525","176.875","27.940037037037","27.940037037037","2.65425925925926","0.0","0.0","0.0","7.52155555555556","0.0","50.816","27.940037037037","0.0","50.816","27.940037037037"
"Temperate","547002","13.0","9.0","","","0.0","","","0.0","-39.525","176.875","27.940037037037","27.940037037037","2.65425925925926","0.0","0.0","0.0","7.52155555555556","0.0","50.816","27.940037037037","0.0","50.816","27.940037037037"
"Temperate","547100","13.0","9.0","","","0.0","","","0.0","-39.525","176.875","27.940037037037","27.940037037037","2.65425925925926","0.0","0.0","0.0","7.52155555555556","0.0","50.816","27.940037037037","0.0","50.816","27.940037037037"
"Temperate","547200","13.0","9.0","","","0.0","","","0.0","-39.525","176.875","27.940037037037","27.940037037037","2.65425925925926","0.0","0.0","0.0","7.52155555555556","0.0","50.816","27.940037037037","0.0","50.816","27.940037037037"
"Temperate","547300","13.0","9.0","","","0.0","","","0.0","-39.525","176.825","26.5458888888889","26.5458888888889","2.52092592592593","0.0","0.0","0.0","7.48577777777778","0.0","48.53","26.5458888888889","0.0","48.53","26.5458888888889"
"Temperate","547400","13.0","9.0","","","0.0","","","0.0","-39.525","176.875","27.940037037037","27.940037037037","2.65425925925926","0.0","0.0","0.0","7.52155555555556","0.0","50.816","27.940037037037","0.0","50.816","27.940037037037"
"Temperate","547600","13.0","9.0","","","0.0","","","0.0","-39.625","176.825","28.6596481481481","28.7213148148148","2.63685185185185","0.0","0.0","0.0","0.663555555555556","0.0","50.647","28.6596481481481","0.0","50.647","28.7213148148148"
"Temperate","547700","13.0","9.0","","","0.0","","","0.0","-39.625","176.825","28.6596481481481","28.7213148148148","2.63685185185185","0.0","0.0","0.0","0.663555555555556","0.0","50.647","28.6596481481481","0.0","50.647","28.7213148148148"
"Temperate","547800","13.0","9.0","0.0","50.647","1.0","0.0","50.647","1.0","-39.625","176.825","28.6596481481481","28.7213148148148","2.63685185185185","0.0","0.0","0.0","0.663555555555556","0.0","50.647","28.6596481481481","0.0","50.647","28.7213148148148"
"Temperate","547900","13.0","9.0","","","0.0","","","0.0","-39.625","176.825","28.6596481481481","28.7213148148148","2.63685185185185","0.0","0.0","0.0","0.663555555555556","0.0","50.647","28.6596481481481","0.0","50.647","28.7213148148148"
"Temperate","548000","13.0","9.0","","","0.0","","","0.0","-39.625","176.875","28.761462962963","28.8287962962963","2.64722222222222","0.0","0.0","0.0","0.563","0.0","50.745","28.761462962963","0.0","50.745","28.8287962962963"
"Temperate","548100","13.0","9.0","","","0.0","","","0.0","-39.625","176.875","28.761462962963","28.8287962962963","2.64722222222222","0.0","0.0","0.0","0.563","0.0","50.745","28.761462962963","0.0","50.745","28.8287962962963"
"Temperate","548200","13.0","9.0","","","0.0","","","0.0","-39.625","176.825","28.6596481481481","28.7213148148148","2.63685185185185","0.0","0.0","0.0","0.663555555555556","0.0","50.647","28.6596481481481","0.0","50.647","28.7213148148148"
"Temperate","548300","13.0","9.0","","","0.0","","","0.0","-39.675","176.825","28.7256851851852","28.7952407407407","2.63018518518519","0.0","0.0","0.0","0.522222222222222","0.0","50.605","28.7256851851852","0.0","50.605","28.7952407407407"
"Temperate","548400","13.0","9.0","","","0.0","","","0.0","-39.625","176.825","28.6596481481481","28.7213148148148","2.63685185185185","0.0","0.0","0.0","0.663555555555556","0.0","50.647","28.6596481481481","0.0","50.647","28.7213148148148"
"Temperate","548500","13.0","9.0","","","0.0","","","0.0","-39.625","176.825","28.6596481481481","28.7213148148148","2.63685185185185","0.0","0.0","0.0","0.663555555555556","0.0","50.647","28.6596481481481","0.0","50.647","28.7213148148148"
"Temperate","548611","13.0","9.0","","","0.0","","","0.0","-39.625","176.775","28.3103148148148","28.3597592592593","2.61092592592593","0.0","0.0","0.0","0.922888888888889","0.0","50.396","28.3103148148148","0.0","50.396","28.3597592592593"
"Temperate","548612","13.0","9.0","0.0","50.396","1.0","0.0","50.396","1.0","-39.625","176.775","28.3103148148148","28.3597592592593","2.61092592592593","0.0","0.0","0.0","0.922888888888889","0.0","50.396","28.3103148148148","0.0","50.396","28.3597592592593"
"Temperate","548620","13.0","9.0","","","0.0","","","0.0","-39.625","176.775","28.3103148148148","28.3597592592593","2.61092592592593","0.0","0.0","0.0","0.922888888888889","0.0","50.396","28.3103148148148","0.0","50.396","28.3597592592593"
"Temperate","548810","13.0","9.0","","","0.0","","","0.0","-39.675","176.875","28.6904814814815","28.7669259259259","2.63685185185185","0.0","0.0","0.0","0.526444444444444","0.0","50.647","28.6904814814815","0.0","50.647","28.7669259259259"
"Temperate","548821","13.0","9.0","0.0","50.647","1.0","0.0","50.647","1.0","-39.675","176.875","28.6904814814815","28.7669259259259","2.63685185185185","0.0","0.0","0.0","0.526444444444444","0.0","50.647","28.6904814814815","0.0","50.647","28.7669259259259"
"Temperate","548822","13.0","9.0","0.0","42.665","1.0","0.0","42.665","1.0","-39.725","176.875","22.9725185185185","24.1732962962963","2.25685185185185","0.0","0.0","0.0","2.22477777777778","0.0","42.665","22.9725185185185","0.0","42.665","24.1732962962963"
"Temperate","548831","13.0","9.0","","","0.0","","","0.0","-39.675","176.875","28.6904814814815","28.7669259259259","2.63685185185185","0.0","0.0","0.0","0.526444444444444","0.0","50.647","28.6904814814815","0.0","50.647","28.7669259259259"
"Temperate","548832","13.0","9.0","","","0.0","","","0.0","-39.675","176.875","28.6904814814815","28.7669259259259","2.63685185185185","0.0","0.0","0.0","0.526444444444444","0.0","50.647","28.6904814814815","0.0","50.647","28.7669259259259"
"Temperate","548833","13.0","9.0","0.0","49.054","1.0","0.0","49.054","1.0","-39.675","176.925","28.1108518518519","28.2062962962963","2.57759259259259","0.0","0.0","0.0","0.829444444444444","0.0","49.054","28.1108518518519","0.0","49.054","28.2062962962963"
"Temperate","549000","13.0","9.0","","","0.0","","","0.0","-40.025","176.325","15.671","16.397","2.07148148148148","0.0","0.0","0.0","111.0","0.0","42.07","15.671","0.0","42.07","16.397"
"Temperate","549100","13.0","9.0","","","0.0","","","0.0","-39.925","176.575","20.0477592592593","21.0347592592593","2.01796296296296","0.0","0.0","0.0","5.70822222222222","0.0","41.597","20.0477592592593","0.0","41.597","21.0347592592593"
"Temperate","549200","13.0","9.0","0.0","44.607","59.0","0.0","44.607","59.0","-39.875","176.375","14.8506481481481","15.5848703703704","2.01648148148148","0.0","0.0","0.0","111.0","0.0","44.607","14.0869679849341","0.0","44.607","15.0151299435028"
"Temperate","549400","13.0","9.0","","","0.0","","","0.0","-39.875","176.625","24.7052962962963","24.846962962963","2.32018518518518","0.0","0.0","0.0","2.06","0.0","44.607","24.7052962962963","0.0","44.607","24.846962962963"
"Temperate","549500","13.0","9.0","","","0.0","","","0.0","-40.025","176.575","22.4960185185185","23.6289074074074","2.26277777777778","0.0","0.0","0.0","6.54322222222222","0.0","44.02","22.4960185185185","0.0","44.02","23.6289074074074"
"Temperate","549601","13.0","9.0","","","0.0","","","0.0","-40.275","176.625","21.5868703703704","22.6450925925926","2.1312962962963","0.0","0.0","0.0","3.46388888888889","0.0","41.439","21.5868703703704","0.0","41.439","22.6450925925926"
"Temperate","549602","13.0","9.0","0.0","50.056","81.0","0.0","50.056","81.0","-40.125","176.625","19.9084074074074","20.7405185185185","2.10703703703704","0.0","0.0","0.0","14.6878888888889","0.0","50.056","21.7983573388203","0.0","50.056","22.5832983539095"
"Temperate","549800","13.0","9.0","0.0","49.164","59.0","0.0","49.164","59.0","-40.275","176.225","14.9216296296296","15.5312962962963","1.96888888888889","0.0","0.0","0.0","111.0","0.0","49.164","14.5192608286252","0.0","49.164","15.3506723163842"
"Temperate","549901","13.0","9.0","0.0","50.831","33.0","0.0","50.831","33.0","-40.575","176.275","21.1385740740741","21.9280185185185","2.16611111111111","0.0","0.0","0.0","111.0","0.0","50.831","19.5987665544332","0.0","50.831","20.5999601571268"
"Temperate","549902","13.0","9.0","0.0","43.607","3.0","0.0","43.607","3.0","-40.725","176.225","23.9161666666667","25.0136111111111","2.15907407407407","0.0","0.0","0.0","105.140222222222","0.0","43.607","17.4417160493827","0.0","43.607","19.3575308641975"
"Temperate","550101","13.0","9.0","","","0.0","","","0.0","-40.175","176.125","15.2641481481481","15.9324814814815","1.99537037037037","0.0","0.0","0.0","111.0","0.0","42.007","15.2641481481481","0.0","42.007","15.9324814814815"
"Temperate","550102","13.0","9.0","","","0.0","","","0.0","-40.225","176.125","16.1475740740741","16.8537962962963","2.06981481481481","0.0","0.0","0.0","111.0","0.0","43.782","16.1475740740741","0.0","43.782","16.8537962962963"
"Temperate","550200","13.0","9.0","0.0","48.972","20.0","0.0","48.972","20.0","-40.325","175.925","22.788","24.0211111111111","2.31296296296296","0.0","0.0","0.0","111.0","0.0","48.972","17.1834037037037","0.0","48.972","18.4571925925926"
"Temperate","550500","13.0","9.0","","","0.0","","","0.0","-40.325","175.875","23.1177962962963","25.0790185185185","2.34851851851852","0.0","0.0","0.0","111.0","0.0","48.232","23.1177962962963","0.0","48.232","25.0790185185185"
"Temperate","550600","13.0","9.0","","","0.0","","","0.0","-38.975","174.425","18.5661296296296","18.5661296296296","2.81666666666667","0.0","0.0","0.0","111.0","0.0","54.911","18.5661296296296","0.0","54.911","18.5661296296296"
"Temperate","550700","13.0","9.0","0.0","54.911","42.0","0.0","54.911","42.0","-38.925","174.575","14.5852037037037","14.5852037037037","2.50944444444444","0.0","0.0","0.0","111.0","0.0","54.911","14.6073633156966","0.0","54.911","14.9240643738977"
"Temperate","550800","13.0","9.0","","","0.0","","","0.0","-39.125","173.975","17.1618703703704","17.1618703703704","2.57148148148148","0.0","0.0","0.0","111.0","0.0","52.431","17.1618703703704","0.0","52.431","17.1618703703704"
"Temperate","550901","13.0","9.0","","","0.0","","","0.0","-39.025","174.175","19.9507037037037","19.9507037037037","2.63888888888889","0.0","0.0","0.0","111.0","0.0","53.249","19.9507037037037","0.0","53.249","19.9507037037037"
"Temperate","550902","13.0","9.0","","","0.0","","","0.0","-39.025","174.175","19.9507037037037","19.9507037037037","2.63888888888889","0.0","0.0","0.0","111.0","0.0","53.249","19.9507037037037","0.0","53.249","19.9507037037037"
"Temperate","551012","13.0","9.0","","","0.0","","","0.0","-39.075","174.125","16.956962962963","17.7630740740741","2.51111111111111","0.0","0.0","0.0","111.0","0.0","51.746","16.956962962963","0.0","51.746","17.7630740740741"
"Temperate","551013","13.0","9.0","0.0","53.249","1.0","0.0","53.249","1.0","-39.025","174.175","19.9507037037037","19.9507037037037","2.63888888888889","0.0","0.0","0.0","111.0","0.0","53.249","19.9507037037037","0.0","53.249","19.9507037037037"
"Temperate","551014","13.0","9.0","0.0","51.746","1.0","0.0","51.746","1.0","-39.075","174.125","16.956962962963","17.7630740740741","2.51111111111111","0.0","0.0","0.0","111.0","0.0","51.746","16.956962962963","0.0","51.746","17.7630740740741"
"Temperate","551021","13.0","9.0","","","0.0","","","0.0","-39.075","174.075","18.7175","18.7175","2.59722222222222","0.0","0.0","0.0","111.0","0.0","52.74","18.7175","0.0","52.74","18.7175"
"Temperate","551022","13.0","9.0","","","0.0","","","0.0","-39.075","174.125","16.956962962963","17.7630740740741","2.51111111111111","0.0","0.0","0.0","111.0","0.0","51.746","16.956962962963","0.0","51.746","17.7630740740741"
"Temperate","551023","13.0","9.0","","","0.0","","","0.0","-39.075","174.075","18.7175","18.7175","2.59722222222222","0.0","0.0","0.0","111.0","0.0","52.74","18.7175","0.0","52.74","18.7175"
"Temperate","551024","13.0","9.0","","","0.0","","","0.0","-39.075","174.025","18.7290185185185","18.7290185185185","2.6312962962963","0.0","0.0","0.0","111.0","0.0","53.104","18.7290185185185","0.0","53.104","18.7290185185185"
"Temperate","551030","13.0","9.0","0.0","53.104","2.0","0.0","53.104","2.0","-39.125","173.975","17.1618703703704","17.1618703703704","2.57148148148148","0.0","0.0","0.0","111.0","0.0","53.104","17.9454444444444","0.0","53.104","17.9454444444444"
"Temperate","551111","13.0","9.0","0.0","52.328","4.0","0.0","52.328","4.0","-39.075","174.225","16.1231111111111","16.8838888888889","2.43333333333333","0.0","0.0","0.0","111.0","0.0","52.328","16.9254398148148","0.0","52.328","17.5074953703704"
"Temperate","551112","13.0","9.0","0.0","52.517","14.0","0.0","52.517","14.0","-39.175","174.025","9.86507407407407","10.3500740740741","1.93407407407407","0.0","0.0","0.0","111.013888888889","0.0","52.517","8.8901917989418","0.0","52.517","9.43059259259259"
"Temperate","551120","13.0","9.0","","","0.0","","","0.0","-39.175","173.875","19.1328148148148","19.1328148148148","2.57981481481482","0.0","0.0","0.0","111.0","0.0","52.517","19.1328148148148","0.0","52.517","19.1328148148148"
"Temperate","551301","13.0","9.0","","","0.0","","","0.0","-39.025","174.225","19.2676481481481","19.2676481481481","2.56037037037037","0.0","0.0","0.0","111.0","0.0","52.328","19.2676481481481","0.0","52.328","19.2676481481481"
"Temperate","551302","13.0","9.0","","","0.0","","","0.0","-39.025","174.225","19.2676481481481","19.2676481481481","2.56037037037037","0.0","0.0","0.0","111.0","0.0","52.328","19.2676481481481","0.0","52.328","19.2676481481481"
"Temperate","551400","13.0","9.0","","","0.0","","","0.0","-39.075","174.025","18.7290185185185","18.7290185185185","2.6312962962963","0.0","0.0","0.0","111.0","0.0","53.104","18.7290185185185","0.0","53.104","18.7290185185185"
"Temperate","551501","13.0","9.0","","","0.0","","","0.0","-39.075","174.075","18.7175","18.7175","2.59722222222222","0.0","0.0","0.0","111.0","0.0","52.74","18.7175","0.0","52.74","18.7175"
"Temperate","551502","13.0","9.0","","","0.0","","","0.0","-39.075","174.025","18.7290185185185","18.7290185185185","2.6312962962963","0.0","0.0","0.0","111.0","0.0","53.104","18.7290185185185","0.0","53.104","18.7290185185185"
"Temperate","551503","13.0","9.0","","","0.0","","","0.0","-39.075","174.025","18.7290185185185","18.7290185185185","2.6312962962963","0.0","0.0","0.0","111.0","0.0","53.104","18.7290185185185","0.0","53.104","18.7290185185185"
"Temperate","551600","13.0","9.0","","","0.0","","","0.0","-39.075","174.075","18.7175","18.7175","2.59722222222222","0.0","0.0","0.0","111.0","0.0","52.74","18.7175","0.0","52.74","18.7175"
"Temperate","551700","13.0","9.0","","","0.0","","","0.0","-39.075","174.075","18.7175","18.7175","2.59722222222222","0.0","0.0","0.0","111.0","0.0","52.74","18.7175","0.0","52.74","18.7175"
"Temperate","551800","13.0","9.0","","","0.0","","","0.0","-39.075","174.075","18.7175","18.7175","2.59722222222222","0.0","0.0","0.0","111.0","0.0","52.74","18.7175","0.0","52.74","18.7175"
"Temperate","551900","13.0","9.0","","","0.0","","","0.0","-39.075","174.075","18.7175","18.7175","2.59722222222222","0.0","0.0","0.0","111.0","0.0","52.74","18.7175","0.0","52.74","18.7175"
"Temperate","552001","13.0","9.0","","","0.0","","","0.0","-39.075","174.075","18.7175","18.7175","2.59722222222222","0.0","0.0","0.0","111.0","0.0","52.74","18.7175","0.0","52.74","18.7175"
"Temperate","552002","13.0","9.0","","","0.0","","","0.0","-39.075","174.075","18.7175","18.7175","2.59722222222222","0.0","0.0","0.0","111.0","0.0","52.74","18.7175","0.0","52.74","18.7175"
"Temperate","552100","13.0","9.0","","","0.0","","","0.0","-39.075","174.125","16.956962962963","17.7630740740741","2.51111111111111","0.0","0.0","0.0","111.0","0.0","51.746","16.956962962963","0.0","51.746","17.7630740740741"
"Temperate","552200","13.0","9.0","","","0.0","","","0.0","-39.075","174.075","18.7175","18.7175","2.59722222222222","0.0","0.0","0.0","111.0","0.0","52.74","18.7175","0.0","52.74","18.7175"
"Temperate","552300","13.0","9.0","","","0.0","","","0.0","-39.075","174.125","16.956962962963","17.7630740740741","2.51111111111111","0.0","0.0","0.0","111.0","0.0","51.746","16.956962962963","0.0","51.746","17.7630740740741"
"Temperate","552400","13.0","9.0","","","0.0","","","0.0","-39.075","174.075","18.7175","18.7175","2.59722222222222","0.0","0.0","0.0","111.0","0.0","52.74","18.7175","0.0","52.74","18.7175"
"Temperate","552500","13.0","9.0","0.0","52.74","1.0","0.0","52.74","1.0","-39.075","174.075","18.7175","18.7175","2.59722222222222","0.0","0.0","0.0","111.0","0.0","52.74","18.7175","0.0","52.74","18.7175"
"Temperate","552701","13.0","9.0","0.0","44.423","1.0","0.0","44.423","1.0","-39.125","174.125","13.4802037037037","14.1759814814815","2.35537037037037","0.0","0.0","0.0","111.0","0.0","44.423","9.77275925925926","0.0","44.423","10.3653148148148"
"Temperate","552702","13.0","9.0","0.0","49.13","23.0","0.0","49.13","23.0","-39.175","174.275","11.4937962962963","12.1921296296296","2.28981481481481","0.0","0.0","0.0","111.012555555556","0.0","49.13","10.8843800322061","0.0","49.13","11.4595652173913"
"Temperate","552800","13.0","9.0","","","0.0","","","0.0","-39.175","174.225","10.3472962962963","10.9972407407407","2.20555555555556","0.0","0.0","0.0","111.267777777778","0.0","45.711","10.3472962962963","0.0","45.711","10.9972407407407"
"Temperate","552900","13.0","9.0","","","0.0","","","0.0","-39.275","174.275","7.83798148148148","8.42331481481481","1.96259259259259","0.0","0.0","0.0","112.302888888889","0.0","41.152","7.83798148148148","0.0","41.152","8.42331481481481"
"Temperate","553001","13.0","9.0","0.0","48.655","29.0","0.0","48.655","29.0","-39.125","174.825","12.6495925925926","13.3957037037037","2.12962962962963","0.0","0.0","0.0","111.0","0.0","48.655","13.9724533844189","0.0","48.655","14.3589361430396"
"Temperate","553002","13.0","9.0","0.0","49.51","42.0","0.0","49.51","42.0","-39.225","174.625","12.0857222222222","12.7423888888889","2.02222222222222","0.0","0.0","0.0","111.0","0.0","49.51","12.6835268959436","0.0","49.51","13.3247372134039"
"Temperate","553003","13.0","9.0","0.0","47.172","8.0","0.0","47.172","8.0","-39.325","174.325","9.04988888888889","9.66133333333333","2.03074074074074","0.0","0.0","0.0","111.395111111111","0.0","47.172","10.8660949074074","0.0","47.172","11.568587962963"
"Temperate","553004","13.0","9.0","0.0","40.491","10.0","0.0","40.491","10.0","-39.325","174.175","1.09822222222222","1.34711111111111","1.46888888888889","0.0","0.0","0.0","126.1865","0.0","40.491","2.26755925925926","0.0","40.491","2.68991296296296"
"Temperate","553101","13.0","9.0","","","0.0","","","0.0","-39.325","174.275","5.4942962962963","6.05546296296296","1.92037037037037","0.0","0.0","0.0","112.890444444444","0.0","39.817","5.4942962962963","0.0","39.817","6.05546296296296"
"Temperate","553102","13.0","9.0","","","0.0","","","0.0","-39.325","174.275","5.4942962962963","6.05546296296296","1.92037037037037","0.0","0.0","0.0","112.890444444444","0.0","39.817","5.4942962962963","0.0","39.817","6.05546296296296"
"Temperate","553200","13.0","9.0","","","0.0","","","0.0","-39.475","173.875","18.8604444444444","19.6654444444444","2.47444444444444","0.0","0.0","0.0","111.0","0.0","50.864","18.8604444444444","0.0","50.864","19.6654444444444"
"Temperate","553301","13.0","9.0","0.0","51.769","2.0","0.0","51.769","2.0","-39.325","173.825","16.4327962962963","17.1319074074074","2.30703703703704","0.0","0.0","0.0","111.0","0.0","51.769","17.5739351851852","0.0","51.769","18.331712962963"
"Temperate","553302","13.0","9.0","0.0","52.224","24.0","0.0","52.224","24.0","-39.325","173.925","8.76748148148148","9.51787037037037","1.85777777777778","0.0","0.0","0.0","111.415111111111","0.0","52.224","12.183800154321","0.0","52.224","12.8086543209877"
"Temperate","553400","13.0","9.0","","","0.0","","","0.0","-39.425","174.125","4.59577777777778","5.28901851851852","1.91759259259259","0.0","0.0","0.0","120.05662962963","0.0","40.473","4.59577777777778","0.0","40.473","5.28901851851852"
"Temperate","553500","13.0","9.0","0.0","47.284","24.0","0.0","47.284","24.0","-39.425","174.375","13.0194444444444","13.747","2.16074074074074","0.0","0.0","0.0","111.0","0.0","47.284","10.6236720679012","0.0","47.284","11.3221412037037"
"Temperate","553601","13.0","9.0","","","0.0","","","0.0","-39.425","174.325","10.8519814814815","11.5694814814815","2.18944444444444","0.0","0.0","0.0","111.024888888889","0.0","44.063","10.8519814814815","0.0","44.063","11.5694814814815"
"Temperate","553700","13.0","9.0","0.0","52.171","9.0","0.0","52.171","9.0","-39.525","174.075","16.8573148148148","17.6386481481481","2.39777777777778","0.0","0.0","0.0","111.0","0.0","52.171","15.9254835390946","0.0","52.171","16.5714156378601"
"Temperate","553800","13.0","9.0","","","0.0","","","0.0","-39.575","174.125","19.527462962963","20.3879074074074","2.48648148148148","0.0","0.0","0.0","111.0","0.0","51.148","19.527462962963","0.0","51.148","20.3879074074074"
"Temperate","553900","13.0","9.0","","","0.0","","","0.0","-39.525","174.275","15.4483148148148","16.162537037037","2.27685185185185","0.0","0.0","0.0","111.0","0.0","47.365","15.4483148148148","0.0","47.365","16.162537037037"
"Temperate","554010","13.0","9.0","0.0","44.356","1.0","0.0","44.356","1.0","-39.575","174.275","15.8896666666667","16.6052222222222","2.16333333333333","0.0","0.0","0.0","111.0","0.0","44.356","15.8896666666667","0.0","44.356","16.6052222222222"
"Temperate","554020","13.0","9.0","","","0.0","","","0.0","-39.575","174.275","15.8896666666667","16.6052222222222","2.16333333333333","0.0","0.0","0.0","111.0","0.0","44.356","15.8896666666667","0.0","44.356","16.6052222222222"
"Temperate","554111","13.0","9.0","0.0","45.029","1.0","0.0","45.029","1.0","-39.575","174.275","15.8896666666667","16.6052222222222","2.16333333333333","0.0","0.0","0.0","111.0","0.0","45.029","21.0246481481481","0.0","45.029","21.8880925925926"
"Temperate","554113","13.0","9.0","","","0.0","","","0.0","-39.575","174.325","16.0158703703704","16.7568703703704","2.21092592592593","0.0","0.0","0.0","111.0","0.0","44.973","16.0158703703704","0.0","44.973","16.7568703703704"
"Temperate","554114","13.0","9.0","0.0","50.283","2.0","0.0","50.283","2.0","-39.525","174.225","15.2112962962963","15.9365185185185","2.31537037037037","0.0","0.0","0.0","111.0","0.0","50.283","17.1305925925926","0.0","50.283","17.897537037037"
"Temperate","554115","13.0","9.0","","","0.0","","","0.0","-39.575","174.275","15.8896666666667","16.6052222222222","2.16333333333333","0.0","0.0","0.0","111.0","0.0","44.356","15.8896666666667","0.0","44.356","16.6052222222222"
"Temperate","554120","13.0","9.0","0.0","47.405","16.0","0.0","47.405","16.0","-39.525","174.425","15.4237037037037","16.1411481481481","2.18148148148148","0.0","0.0","0.0","111.0","0.0","47.405","15.7576701388889","0.0","47.405","16.4186354166667"
"Temperate","554130","13.0","9.0","0.0","50.775","3.0","0.0","50.775","3.0","-39.525","174.225","15.2112962962963","15.9365185185185","2.31537037037037","0.0","0.0","0.0","111.0","0.0","50.775","16.2503580246914","0.0","50.775","17.009987654321"
"Temperate","554300","13.0","9.0","","","0.0","","","0.0","-39.825","174.725","22.6412407407407","23.5602407407407","2.29759259259259","0.0","0.0","0.0","111.0","0.0","46.79","22.6412407407407","0.0","46.79","23.5602407407407"
"Temperate","554400","13.0","9.0","0.0","46.631","39.0","0.0","46.631","39.0","-39.575","174.675","14.8720555555556","15.5611666666667","2.09685185185185","0.0","0.0","0.0","111.0","0.0","46.631","15.7214795821462","0.0","46.631","16.489126305793"
"Temperate","554500","13.0","9.0","0.0","53.263","30.0","0.0","53.263","30.0","-39.725","174.775","18.8336666666667","19.553","1.9737037037037","0.0","0.0","0.0","16.4853333333333","0.0","53.263","19.7719222222222","0.0","53.263","20.4399074074074"
"Temperate","554700","13.0","9.0","","","0.0","","","0.0","-39.725","174.475","22.2980185185185","23.2082407407407","2.28574074074074","0.0","0.0","0.0","111.0","0.0","46.631","22.2980185185185","0.0","46.631","23.2082407407407"
"Temperate","554800","13.0","9.0","","","0.0","","","0.0","-39.775","174.625","21.0998333333333","21.9625","2.21092592592593","0.0","0.0","0.0","111.0","0.0","44.973","21.0998333333333","0.0","44.973","21.9625"
"Temperate","554900","13.0","9.0","0.0","47.938","109.0","0.0","47.938","109.0","-39.375","175.425","8.01268518518518","8.96857407407407","1.70314814814815","0.0","0.0","0.0","111.0","0.0","47.938","9.56702956167176","0.0","47.938","10.3398272171254"
"Temperate","555000","13.0","9.0","","","0.0","","","0.0","-39.425","175.425","12.9231666666667","13.6659444444444","2.0112962962963","0.0","0.0","0.0","111.0","0.0","38.115","12.9231666666667","0.0","38.115","13.6659444444444"
"Temperate","555100","13.0","9.0","0.0","32.084","1.0","0.0","32.084","1.0","-39.425","175.275","9.29372222222222","10.4153888888889","1.69666666666667","0.0","0.0","0.0","111.0","0.0","32.084","9.29372222222222","0.0","32.084","10.4153888888889"
"Temperate","555200","13.0","9.0","","","0.0","","","0.0","-39.925","175.025","25.576962962963","27.0484074074074","2.58277777777778","0.0","0.0","0.0","106.974444444444","0.0","51.869","25.576962962963","0.0","51.869","27.0484074074074"
"Temperate","555300","13.0","9.0","0.0","50.479","2.0","0.0","50.479","2.0","-39.875","175.025","23.6027962962963","24.1973518518519","2.37851851851852","0.0","0.0","0.0","9.34355555555556","0.0","50.479","24.4816944444444","0.0","50.479","25.1829166666667"
"Temperate","555400","13.0","9.0","0.0","52.382","44.0","0.0","52.382","44.0","-39.625","174.975","14.9923518518519","15.7292407407407","2.04351851851852","0.0","0.0","0.0","111.0","0.0","52.382","17.6368821548822","0.0","52.382","18.0968846801347"
"Temperate","555700","13.0","9.0","0.0","52.382","1.0","0.0","52.382","1.0","-39.925","174.975","27.0673888888889","28.4326111111111","2.62777777777778","0.0","0.0","0.0","110.202555555556","0.0","52.382","27.0673888888889","0.0","52.382","28.4326111111111"
"Temperate","555800","13.0","9.0","","","0.0","","","0.0","-39.925","174.975","27.0673888888889","28.4326111111111","2.62777777777778","0.0","0.0","0.0","110.202555555556","0.0","52.382","27.0673888888889","0.0","52.382","28.4326111111111"
"Temperate","555900","13.0","9.0","","","0.0","","","0.0","-39.925","175.025","25.576962962963","27.0484074074074","2.58277777777778","0.0","0.0","0.0","106.974444444444","0.0","51.869","25.576962962963","0.0","51.869","27.0484074074074"
"Temperate","556000","13.0","9.0","","","0.0","","","0.0","-39.925","175.025","25.576962962963","27.0484074074074","2.58277777777778","0.0","0.0","0.0","106.974444444444","0.0","51.869","25.576962962963","0.0","51.869","27.0484074074074"
"Temperate","556100","13.0","9.0","","","0.0","","","0.0","-39.925","175.025","25.576962962963","27.0484074074074","2.58277777777778","0.0","0.0","0.0","106.974444444444","0.0","51.869","25.576962962963","0.0","51.869","27.0484074074074"
"Temperate","556200","13.0","9.0","","","0.0","","","0.0","-39.925","175.025","25.576962962963","27.0484074074074","2.58277777777778","0.0","0.0","0.0","106.974444444444","0.0","51.869","25.576962962963","0.0","51.869","27.0484074074074"
"Temperate","556300","13.0","9.0","","","0.0","","","0.0","-39.925","175.025","25.576962962963","27.0484074074074","2.58277777777778","0.0","0.0","0.0","106.974444444444","0.0","51.869","25.576962962963","0.0","51.869","27.0484074074074"
"Temperate","556400","13.0","9.0","","","0.0","","","0.0","-39.925","175.025","25.576962962963","27.0484074074074","2.58277777777778","0.0","0.0","0.0","106.974444444444","0.0","51.869","25.576962962963","0.0","51.869","27.0484074074074"
"Temperate","556500","13.0","9.0","","","0.0","","","0.0","-39.925","175.025","25.576962962963","27.0484074074074","2.58277777777778","0.0","0.0","0.0","106.974444444444","0.0","51.869","25.576962962963","0.0","51.869","27.0484074074074"
"Temperate","556600","13.0","9.0","0.0","51.869","1.0","0.0","51.869","1.0","-39.925","175.025","25.576962962963","27.0484074074074","2.58277777777778","0.0","0.0","0.0","106.974444444444","0.0","51.869","25.576962962963","0.0","51.869","27.0484074074074"
"Temperate","556700","13.0","9.0","","","0.0","","","0.0","-39.925","175.025","25.576962962963","27.0484074074074","2.58277777777778","0.0","0.0","0.0","106.974444444444","0.0","51.869","25.576962962963","0.0","51.869","27.0484074074074"
"Temperate","556800","13.0","9.0","","","0.0","","","0.0","-39.925","175.025","25.576962962963","27.0484074074074","2.58277777777778","0.0","0.0","0.0","106.974444444444","0.0","51.869","25.576962962963","0.0","51.869","27.0484074074074"
"Temperate","556900","13.0","9.0","","","0.0","","","0.0","-39.925","175.075","27.5270555555556","28.5277222222222","2.67611111111111","0.0","0.0","0.0","111.0","0.0","52.836","27.5270555555556","0.0","52.836","28.5277222222222"
"Temperate","557000","13.0","9.0","","","0.0","","","0.0","-39.925","175.025","25.576962962963","27.0484074074074","2.58277777777778","0.0","0.0","0.0","106.974444444444","0.0","51.869","25.576962962963","0.0","51.869","27.0484074074074"
"Temperate","557100","13.0","9.0","","","0.0","","","0.0","-39.925","175.075","27.5270555555556","28.5277222222222","2.67611111111111","0.0","0.0","0.0","111.0","0.0","52.836","27.5270555555556","0.0","52.836","28.5277222222222"
"Temperate","557200","13.0","9.0","","","0.0","","","0.0","-39.925","175.025","25.576962962963","27.0484074074074","2.58277777777778","0.0","0.0","0.0","106.974444444444","0.0","51.869","25.576962962963","0.0","51.869","27.0484074074074"
"Temperate","557300","13.0","9.0","","","0.0","","","0.0","-39.925","175.075","27.5270555555556","28.5277222222222","2.67611111111111","0.0","0.0","0.0","111.0","0.0","52.836","27.5270555555556","0.0","52.836","28.5277222222222"
"Temperate","557400","13.0","9.0","","","0.0","","","0.0","-39.875","175.075","25.3605925925926","26.1684814814815","2.53555555555556","0.0","0.0","0.0","111.0","0.0","50.479","25.3605925925926","0.0","50.479","26.1684814814815"
"Temperate","557500","13.0","9.0","","","0.0","","","0.0","-39.925","175.075","27.5270555555556","28.5277222222222","2.67611111111111","0.0","0.0","0.0","111.0","0.0","52.836","27.5270555555556","0.0","52.836","28.5277222222222"
"Temperate","557600","13.0","9.0","","","0.0","","","0.0","-39.925","175.075","27.5270555555556","28.5277222222222","2.67611111111111","0.0","0.0","0.0","111.0","0.0","52.836","27.5270555555556","0.0","52.836","28.5277222222222"
"Temperate","557700","13.0","9.0","","","0.0","","","0.0","-39.925","175.075","27.5270555555556","28.5277222222222","2.67611111111111","0.0","0.0","0.0","111.0","0.0","52.836","27.5270555555556","0.0","52.836","28.5277222222222"
"Temperate","557800","13.0","9.0","","","0.0","","","0.0","-39.925","175.075","27.5270555555556","28.5277222222222","2.67611111111111","0.0","0.0","0.0","111.0","0.0","52.836","27.5270555555556","0.0","52.836","28.5277222222222"
"Temperate","557900","13.0","9.0","","","0.0","","","0.0","-39.925","175.075","27.5270555555556","28.5277222222222","2.67611111111111","0.0","0.0","0.0","111.0","0.0","52.836","27.5270555555556","0.0","52.836","28.5277222222222"
"Temperate","558100","13.0","9.0","","","0.0","","","0.0","-39.925","175.075","27.5270555555556","28.5277222222222","2.67611111111111","0.0","0.0","0.0","111.0","0.0","52.836","27.5270555555556","0.0","52.836","28.5277222222222"
"Temperate","558200","13.0","9.0","0.0","52.836","1.0","0.0","52.836","1.0","-39.925","175.075","27.5270555555556","28.5277222222222","2.67611111111111","0.0","0.0","0.0","111.0","0.0","52.836","27.5270555555556","0.0","52.836","28.5277222222222"
"Temperate","558300","13.0","9.0","0.0","52.484","52.0","0.0","52.484","52.0","-39.775","175.275","22.1282407407407","22.7029074074074","2.30759259259259","0.0","0.0","0.0","15.0724444444444","0.0","52.484","19.2235316951567","0.0","52.484","20.0655509259259"
"Temperate","558500","13.0","9.0","0.0","34.308","1.0","0.0","34.308","1.0","-39.475","175.675","10.5100925925926","11.1249814814815","1.7887037037037","0.0","0.0","0.0","111.0","0.0","34.308","10.5100925925926","0.0","34.308","11.1249814814815"
"Temperate","558600","13.0","9.0","","","0.0","","","0.0","-39.825","175.775","19.7043888888889","21.8965","2.15277777777778","0.0","0.0","0.0","13.1082222222222","0.0","42.948","19.7043888888889","0.0","42.948","21.8965"
"Temperate","558700","13.0","9.0","","","0.0","","","0.0","-39.925","175.575","19.0207777777778","20.8198888888889","2.07722222222222","0.0","0.0","0.0","21.7505555555556","0.0","41.076","19.0207777777778","0.0","41.076","20.8198888888889"
"Temperate","558800","13.0","9.0","","","0.0","","","0.0","-40.025","175.175","27.021037037037","28.4584814814815","2.63037037037037","0.0","0.0","0.0","92.5304444444444","0.0","52.106","27.021037037037","0.0","52.106","28.4584814814815"
"Temperate","558900","13.0","9.0","","","0.0","","","0.0","-40.175","175.375","24.3523148148148","26.1437592592593","2.38518518518519","0.0","0.0","0.0","73.0762222222222","0.0","48.468","24.3523148148148","0.0","48.468","26.1437592592593"
"Temperate","559000","13.0","9.0","0.0","32.666","27.0","0.0","32.666","27.0","-39.375","176.175","4.60001851851852","6.43801851851852","1.30314814814815","0.00511111111111111","0.0","0.0","111.0","0.0","32.666","4.18545473251029","0.0","32.666","5.5625"
"Temperate","559210","13.0","9.0","0.0","39.252","58.0","0.0","39.252","58.0","-39.475","175.925","10.4252407407407","11.0157962962963","1.73666666666667","0.0","0.0","0.0","111.0","0.0","39.252","7.29847860791826","0.0","39.252","8.75512037037037"
"Temperate","559220","13.0","9.0","0.0","50.244","76.0","0.0","50.244","76.0","-39.825","175.725","18.0772962962963","19.8648518518519","1.95111111111111","0.0","0.0","0.0","17.229","0.0","50.244","15.5003477095517","0.0","50.244","17.058815545809"
"Temperate","559230","13.0","9.0","0.0","53.631","27.0","0.0","53.631","27.0","-40.125","175.275","25.2964814814815","26.4601481481481","2.40833333333333","0.0","0.0","0.0","96.8293333333333","0.0","53.631","24.4766076817558","0.0","53.631","25.9348710562414"
"Temperate","559240","13.0","9.0","","","0.0","","","0.0","-40.075","175.175","26.6417407407407","27.467962962963","2.51333333333333","0.0","0.0","0.0","107.808555555556","0.0","50.532","26.6417407407407","0.0","50.532","27.467962962963"
"Temperate","559400","13.0","9.0","","","0.0","","","0.0","-39.675","175.775","14.0370555555556","16.4272777777778","1.72759259259259","0.0","0.0","0.0","16.4142222222222","0.0","34.325","14.0370555555556","0.0","34.325","16.4272777777778"
"Temperate","559500","13.0","9.0","0.0","45.521","1.0","0.0","45.521","1.0","-40.075","175.375","21.4232037037037","23.3828703703704","2.25185185185185","0.0","0.0","0.0","11.4067777777778","0.0","45.521","21.4232037037037","0.0","45.521","23.3828703703704"
"Temperate","559700","13.0","9.0","0.0","48.241","35.0","0.0","48.241","35.0","-39.975","175.775","19.4275740740741","21.1589074074074","2.10962962962963","0.0","0.0","0.0","19.4442222222222","0.0","48.241","16.7367153439153","0.0","48.241","18.2485804232804"
"Temperate","560000","13.0","9.0","0.0","49.778","27.0","0.0","49.778","27.0","-40.075","175.925","16.1375","16.9475","2.19296296296296","0.0","0.0","0.0","111.0","0.0","49.778","13.7596056241427","0.0","49.778","15.116280521262"
"Temperate","560200","13.0","9.0","","","0.0","","","0.0","-40.275","175.775","25.7980925925926","26.7166481481481","2.51592592592593","0.0","0.0","0.0","111.0","0.0","49.931","25.7980925925926","0.0","49.931","26.7166481481481"
"Temperate","560301","13.0","9.0","0.0","49.176","1.0","0.0","49.176","1.0","-40.275","175.675","24.4224444444444","25.5776666666667","2.36981481481481","0.0","0.0","0.0","6.25288888888889","0.0","49.176","24.0000740740741","0.0","49.176","26.1304074074074"
"Temperate","560302","13.0","9.0","0.0","50.813","2.0","0.0","50.813","2.0","-40.325","175.675","23.6383888888889","25.9736111111111","2.42648148148148","0.0","0.0","0.0","58.1768888888889","0.0","50.813","24.6628611111111","0.0","50.813","26.8011388888889"
"Temperate","560411","13.0","9.0","","","0.0","","","0.0","-40.225","175.625","24.4745740740741","25.6282407407407","2.37425925925926","0.0","0.0","0.0","6.42533333333333","0.0","48.375","24.4745740740741","0.0","48.375","25.6282407407407"
"Temperate","560412","13.0","9.0","","","0.0","","","0.0","-40.175","175.575","21.0615740740741","23.4126851851852","2.20851851851852","0.0","0.0","0.0","8.92055555555556","0.0","45.752","21.0615740740741","0.0","45.752","23.4126851851852"
"Temperate","560421","13.0","9.0","","","0.0","","","0.0","-40.125","175.475","21.8782037037037","24.2043148148148","2.30222222222222","0.0","0.0","0.0","9.911","0.0","46.88","21.8782037037037","0.0","46.88","24.2043148148148"
"Temperate","560422","13.0","9.0","0.0","49.931","17.0","0.0","49.931","17.0","-40.175","175.625","22.1256666666667","24.2551111111111","2.31166666666667","0.0","0.0","0.0","7.03555555555556","0.0","49.931","22.1383594771242","0.0","49.931","24.1336470588235"
"Temperate","560710","13.0","9.0","","","0.0","","","0.0","-40.225","175.575","24.5592592592593","25.6899259259259","2.37314814814815","0.0","0.0","0.0","6.13077777777778","0.0","48.369","24.5592592592593","0.0","48.369","25.6899259259259"
"Temperate","560720","13.0","9.0","","","0.0","","","0.0","-40.225","175.575","24.5592592592593","25.6899259259259","2.37314814814815","0.0","0.0","0.0","6.13077777777778","0.0","48.369","24.5592592592593","0.0","48.369","25.6899259259259"
"Temperate","560730","13.0","9.0","","","0.0","","","0.0","-40.225","175.575","24.5592592592593","25.6899259259259","2.37314814814815","0.0","0.0","0.0","6.13077777777778","0.0","48.369","24.5592592592593","0.0","48.369","25.6899259259259"
"Temperate","560740","13.0","9.0","0.0","48.369","1.0","0.0","48.369","1.0","-40.225","175.575","24.5592592592593","25.6899259259259","2.37314814814815","0.0","0.0","0.0","6.13077777777778","0.0","48.369","24.5592592592593","0.0","48.369","25.6899259259259"
"Temperate","560900","13.0","9.0","","","0.0","","","0.0","-40.225","175.425","24.4635740740741","26.1531296296296","2.40555555555556","0.0","0.0","0.0","78.0114444444444","0.0","48.678","24.4635740740741","0.0","48.678","26.1531296296296"
"Temperate","561000","13.0","9.0","","","0.0","","","0.0","-40.275","175.425","25.179462962963","27.0993518518519","2.43425925925926","0.0","0.0","0.0","67.7572222222222","0.0","49.687","25.179462962963","0.0","49.687","27.0993518518519"
"Temperate","561100","13.0","9.0","","","0.0","","","0.0","-40.275","175.275","26.2376111111111","28.0561666666667","2.50611111111111","0.0","0.0","0.0","64.819","0.0","50.427","26.2376111111111","0.0","50.427","28.0561666666667"
"Temperate","561200","13.0","9.0","","","0.0","","","0.0","-40.375","175.275","25.8319074074074","27.6239074074074","2.45666666666667","0.0","0.0","0.0","56.3957777777778","0.0","49.818","25.8319074074074","0.0","49.818","27.6239074074074"
"Temperate","561300","13.0","9.0","","","0.0","","","0.0","-40.475","175.225","24.8819814814815","27.1327592592593","2.42333333333333","0.0","0.0","0.0","78.6307777777778","0.0","49.372","24.8819814814815","0.0","49.372","27.1327592592593"
"Temperate","561410","13.0","9.0","","","0.0","","","0.0","-40.225","175.525","23.092462962963","25.1602407407407","2.30888888888889","0.0","0.0","0.0","6.15811111111111","0.0","47.613","23.092462962963","0.0","47.613","25.1602407407407"
"Temperate","561421","13.0","9.0","","","0.0","","","0.0","-40.225","175.375","25.3603333333333","27.262","2.44296296296296","0.0","0.0","0.0","66.0385555555555","0.0","49.773","25.3603333333333","0.0","49.773","27.262"
"Temperate","561422","13.0","9.0","0.0","50.015","19.0","0.0","50.015","19.0","-40.275","175.375","25.351037037037","27.2934814814815","2.43592592592593","0.0","0.0","0.0","65.3893333333333","0.0","50.015","24.7121247563353","0.0","50.015","26.7001481481481"
"Temperate","561500","13.0","9.0","0.0","50.056","8.0","0.0","50.056","8.0","-40.475","175.325","24.3825555555556","26.9573333333333","2.40222222222222","0.0","0.0","0.0","71.3105555555556","0.0","50.056","24.9383935185185","0.0","50.056","26.7759490740741"
"Temperate","561700","13.0","9.0","","","0.0","","","0.0","-40.475","175.275","24.6422777777778","27.1991666666667","2.41166666666667","0.0","0.0","0.0","64.5282222222222","0.0","49.267","24.6422777777778","0.0","49.267","27.1991666666667"
"Temperate","561811","13.0","9.0","0.0","50.188","1.0","0.0","50.188","1.0","-40.325","175.575","24.7811481481481","27.0943703703704","2.47518518518519","0.0","0.0","0.0","59.0002222222222","0.0","50.188","24.7811481481481","0.0","50.188","27.0943703703704"
"Temperate","561812","13.0","9.0","","","0.0","","","0.0","-40.375","175.575","24.7685925925926","27.1132592592593","2.47962962962963","0.0","0.0","0.0","58.3368888888889","0.0","50.232","24.7685925925926","0.0","50.232","27.1132592592593"
"Temperate","561813","13.0","9.0","","","0.0","","","0.0","-40.375","175.625","24.8612407407407","27.1316851851852","2.47962962962963","0.0","0.0","0.0","59.9826666666667","0.0","50.24","24.8612407407407","0.0","50.24","27.1316851851852"
"Temperate","561820","13.0","9.0","","","0.0","","","0.0","-40.425","175.575","23.9639259259259","26.1062592592593","2.43018518518519","0.0","0.0","0.0","67.0766666666667","0.0","49.689","23.9639259259259","0.0","49.689","26.1062592592593"
"Temperate","561901","13.0","9.0","0.0","50.275","7.0","0.0","50.275","7.0","-40.325","175.525","24.7879074074074","27.1000185185185","2.47203703703704","0.0","0.0","0.0","58.6748888888889","0.0","50.275","24.6517169312169","0.0","50.275","26.906828042328"
"Temperate","561902","13.0","9.0","0.0","50.293","9.0","0.0","50.293","9.0","-40.425","175.625","23.027","25.1464444444444","2.33462962962963","0.0","0.0","0.0","8.13955555555555","0.0","50.293","21.3254259259259","0.0","50.293","23.1844259259259"
"Temperate","562100","13.0","9.0","0.0","50.151","1.0","0.0","50.151","1.0","-40.325","175.625","24.8243888888889","27.0763888888889","2.4737037037037","0.0","0.0","0.0","60.375","0.0","50.151","24.8243888888889","0.0","50.151","27.0763888888889"
"Temperate","562200","13.0","9.0","","","0.0","","","0.0","-40.325","175.625","24.8243888888889","27.0763888888889","2.4737037037037","0.0","0.0","0.0","60.375","0.0","50.151","24.8243888888889","0.0","50.151","27.0763888888889"
"Temperate","562310","13.0","9.0","","","0.0","","","0.0","-40.375","175.575","24.7685925925926","27.1132592592593","2.47962962962963","0.0","0.0","0.0","58.3368888888889","0.0","50.232","24.7685925925926","0.0","50.232","27.1132592592593"
"Temperate","562320","13.0","9.0","","","0.0","","","0.0","-40.325","175.575","24.7811481481481","27.0943703703704","2.47518518518519","0.0","0.0","0.0","59.0002222222222","0.0","50.188","24.7811481481481","0.0","50.188","27.0943703703704"
"Temperate","562401","13.0","9.0","","","0.0","","","0.0","-40.325","175.625","24.8243888888889","27.0763888888889","2.4737037037037","0.0","0.0","0.0","60.375","0.0","50.151","24.8243888888889","0.0","50.151","27.0763888888889"
"Temperate","562402","13.0","9.0","","","0.0","","","0.0","-40.325","175.625","24.8243888888889","27.0763888888889","2.4737037037037","0.0","0.0","0.0","60.375","0.0","50.151","24.8243888888889","0.0","50.151","27.0763888888889"
"Temperate","562500","13.0","9.0","","","0.0","","","0.0","-40.325","175.625","24.8243888888889","27.0763888888889","2.4737037037037","0.0","0.0","0.0","60.375","0.0","50.151","24.8243888888889","0.0","50.151","27.0763888888889"
"Temperate","562600","13.0","9.0","","","0.0","","","0.0","-40.325","175.625","24.8243888888889","27.0763888888889","2.4737037037037","0.0","0.0","0.0","60.375","0.0","50.151","24.8243888888889","0.0","50.151","27.0763888888889"
"Temperate","562710","13.0","9.0","","","0.0","","","0.0","-40.375","175.575","24.7685925925926","27.1132592592593","2.47962962962963","0.0","0.0","0.0","58.3368888888889","0.0","50.232","24.7685925925926","0.0","50.232","27.1132592592593"
"Temperate","562720","13.0","9.0","","","0.0","","","0.0","-40.375","175.575","24.7685925925926","27.1132592592593","2.47962962962963","0.0","0.0","0.0","58.3368888888889","0.0","50.232","24.7685925925926","0.0","50.232","27.1132592592593"
"Temperate","562800","13.0","9.0","","","0.0","","","0.0","-40.375","175.625","24.8612407407407","27.1316851851852","2.47962962962963","0.0","0.0","0.0","59.9826666666667","0.0","50.24","24.8612407407407","0.0","50.24","27.1316851851852"
"Temperate","562910","13.0","9.0","","","0.0","","","0.0","-40.375","175.575","24.7685925925926","27.1132592592593","2.47962962962963","0.0","0.0","0.0","58.3368888888889","0.0","50.232","24.7685925925926","0.0","50.232","27.1132592592593"
"Temperate","562921","13.0","9.0","0.0","50.232","1.0","0.0","50.232","1.0","-40.375","175.575","24.7685925925926","27.1132592592593","2.47962962962963","0.0","0.0","0.0","58.3368888888889","0.0","50.232","24.7685925925926","0.0","50.232","27.1132592592593"
"Temperate","562922","13.0","9.0","","","0.0","","","0.0","-40.375","175.575","24.7685925925926","27.1132592592593","2.47962962962963","0.0","0.0","0.0","58.3368888888889","0.0","50.232","24.7685925925926","0.0","50.232","27.1132592592593"
"Temperate","563000","13.0","9.0","","","0.0","","","0.0","-40.375","175.625","24.8612407407407","27.1316851851852","2.47962962962963","0.0","0.0","0.0","59.9826666666667","0.0","50.24","24.8612407407407","0.0","50.24","27.1316851851852"
"Temperate","563101","13.0","9.0","","","0.0","","","0.0","-40.375","175.625","24.8612407407407","27.1316851851852","2.47962962962963","0.0","0.0","0.0","59.9826666666667","0.0","50.24","24.8612407407407","0.0","50.24","27.1316851851852"
"Temperate","563102","13.0","9.0","","","0.0","","","0.0","-40.375","175.625","24.8612407407407","27.1316851851852","2.47962962962963","0.0","0.0","0.0","59.9826666666667","0.0","50.24","24.8612407407407","0.0","50.24","27.1316851851852"
"Temperate","563200","13.0","9.0","","","0.0","","","0.0","-40.375","175.625","24.8612407407407","27.1316851851852","2.47962962962963","0.0","0.0","0.0","59.9826666666667","0.0","50.24","24.8612407407407","0.0","50.24","27.1316851851852"
"Temperate","563300","13.0","9.0","0.0","50.24","1.0","0.0","50.24","1.0","-40.375","175.675","24.3592962962963","25.9307407407407","2.42648148148148","0.0","0.0","0.0","92.6548888888889","0.0","50.24","24.8612407407407","0.0","50.24","27.1316851851852"
"Temperate","563500","13.0","9.0","","","0.0","","","0.0","-40.575","175.425","14.9105185185185","15.7040740740741","2.33981481481481","0.0","0.0","0.0","111.0","0.0","48.054","14.9105185185185","0.0","48.054","15.7040740740741"
"Temperate","563600","13.0","9.0","","","0.0","","","0.0","-40.575","175.225","22.330037037037","23.2617037037037","2.37833333333333","0.0","0.0","0.0","111.0","0.0","48.837","22.330037037037","0.0","48.837","23.2617037037037"
"Temperate","563701","13.0","9.0","0.0","50.41","1.0","0.0","50.41","1.0","-40.875","175.025","20.2222037037037","21.0323148148148","2.41444444444444","0.0","0.0","0.0","111.0","0.0","50.41","20.2222037037037","0.0","50.41","21.0323148148148"
"Temperate","563703","13.0","9.0","0.0","47.462","1.0","0.0","47.462","1.0","-40.875","175.075","15.7093333333333","16.3721111111111","2.23055555555556","0.0","0.0","0.0","111.0","0.0","47.462","15.7093333333333","0.0","47.462","16.3721111111111"
"Temperate","563704","13.0","9.0","","","0.0","","","0.0","-40.825","175.075","19.8456481481481","20.6466481481481","2.41","0.0","0.0","0.0","111.0","0.0","50.351","19.8456481481481","0.0","50.351","20.6466481481481"
"Temperate","563705","13.0","9.0","","","0.0","","","0.0","-40.875","175.025","20.2222037037037","21.0323148148148","2.41444444444444","0.0","0.0","0.0","111.0","0.0","50.41","20.2222037037037","0.0","50.41","21.0323148148148"
"Temperate","563706","13.0","9.0","","","0.0","","","0.0","-40.875","175.075","15.7093333333333","16.3721111111111","2.23055555555556","0.0","0.0","0.0","111.0","0.0","47.462","15.7093333333333","0.0","47.462","16.3721111111111"
"Temperate","563801","13.0","9.0","","","0.0","","","0.0","-40.475","175.525","25.4635185185185","26.4987407407407","2.46425925925926","0.0","0.0","0.0","111.0","0.0","50.074","25.4635185185185","0.0","50.074","26.4987407407407"
"Temperate","563802","13.0","9.0","0.0","50.294","4.0","0.0","50.294","4.0","-40.475","175.475","25.8878148148148","27.4694814814815","2.48685185185185","0.0","0.0","0.0","89.4997777777778","0.0","50.294","21.3392731481481","0.0","50.294","22.5975509259259"
"Temperate","563920","13.0","9.0","0.0","50.351","3.0","0.0","50.351","3.0","-40.875","175.125","8.60811111111111","9.25688888888889","1.6612962962963","0.0","0.0","0.0","111.0","0.0","50.351","12.3106975308642","0.0","50.351","13.0344012345679"
"Temperate","564011","13.0","9.0","0.0","48.837","1.0","0.0","48.837","1.0","-40.575","175.225","22.330037037037","23.2617037037037","2.37833333333333","0.0","0.0","0.0","111.0","0.0","48.837","22.330037037037","0.0","48.837","23.2617037037037"
"Temperate","564012","13.0","9.0","0.0","48.277","1.0","0.0","48.277","1.0","-40.625","175.325","17.3279074074074","18.1377962962963","2.36185185185185","0.0","0.0","0.0","111.0","0.0","48.277","17.3279074074074","0.0","48.277","18.1377962962963"
"Temperate","564013","13.0","9.0","0.0","48.388","1.0","0.0","48.388","1.0","-40.625","175.225","24.6413703703704","25.9652592592593","2.36666666666667","0.0","0.0","0.0","111.0","0.0","48.388","24.6413703703704","0.0","48.388","25.9652592592593"
"Temperate","564021","13.0","9.0","0.0","50.129","27.0","0.0","50.129","27.0","-40.625","175.375","11.3637962962963","11.886462962963","1.82814814814815","0.0","0.0","0.0","111.0","0.0","50.129","12.8181111111111","0.0","50.129","13.5747791495199"
"Temperate","564022","13.0","9.0","0.0","48.637","17.0","0.0","48.637","17.0","-40.825","175.225","7.99433333333333","8.66088888888889","1.6512962962963","0.0","0.0","0.0","111.0","0.0","48.637","7.36831590413943","0.0","48.637","8.05360675381264"
"Temperate","564023","13.0","9.0","","","0.0","","","0.0","-40.825","175.125","19.3410925925926","20.1414259259259","2.27074074074074","0.0","0.0","0.0","111.0","0.0","47.258","19.3410925925926","0.0","47.258","20.1414259259259"
"Temperate","564210","13.0","9.0","","","0.0","","","0.0","-40.625","175.275","21.8197037037037","22.7234814814815","2.37240740740741","0.0","0.0","0.0","111.0","0.0","48.357","21.8197037037037","0.0","48.357","22.7234814814815"
"Temperate","564220","13.0","9.0","0.0","48.357","1.0","0.0","48.357","1.0","-40.625","175.275","21.8197037037037","22.7234814814815","2.37240740740741","0.0","0.0","0.0","111.0","0.0","48.357","21.8197037037037","0.0","48.357","22.7234814814815"
"Temperate","564231","13.0","9.0","","","0.0","","","0.0","-40.625","175.275","21.8197037037037","22.7234814814815","2.37240740740741","0.0","0.0","0.0","111.0","0.0","48.357","21.8197037037037","0.0","48.357","22.7234814814815"
"Temperate","564232","13.0","9.0","","","0.0","","","0.0","-40.625","175.275","21.8197037037037","22.7234814814815","2.37240740740741","0.0","0.0","0.0","111.0","0.0","48.357","21.8197037037037","0.0","48.357","22.7234814814815"
"Temperate","564240","13.0","9.0","","","0.0","","","0.0","-40.625","175.275","21.8197037037037","22.7234814814815","2.37240740740741","0.0","0.0","0.0","111.0","0.0","48.357","21.8197037037037","0.0","48.357","22.7234814814815"
"Temperate","564400","13.0","9.0","0.0","47.235","1.0","0.0","47.235","1.0","-40.775","175.125","24.0778888888889","25.0304444444444","2.38814814814815","0.0","0.0","0.0","111.0","0.0","47.235","18.0024259259259","0.0","47.235","18.7717592592593"
"Temperate","564510","13.0","9.0","","","0.0","","","0.0","-41.125","175.025","14.9308333333333","15.5021666666667","2.04037037037037","0.0","0.0","0.0","111.0","0.0","44.336","14.9308333333333","0.0","44.336","15.5021666666667"
"Temperate","564520","13.0","9.0","","","0.0","","","0.0","-41.125","175.025","14.9308333333333","15.5021666666667","2.04037037037037","0.0","0.0","0.0","111.0","0.0","44.336","14.9308333333333","0.0","44.336","15.5021666666667"
"Temperate","564530","13.0","9.0","0.0","44.547","1.0","0.0","44.547","1.0","-41.175","175.025","13.5573703703704","14.1159259259259","2.05240740740741","0.0","0.0","0.0","111.0","0.0","44.547","13.5573703703704","0.0","44.547","14.1159259259259"
"Temperate","564601","13.0","9.0","0.0","44.336","1.0","0.0","44.336","1.0","-41.125","175.025","14.9308333333333","15.5021666666667","2.04037037037037","0.0","0.0","0.0","111.0","0.0","44.336","14.9308333333333","0.0","44.336","15.5021666666667"
"Temperate","564602","13.0","9.0","","","0.0","","","0.0","-41.125","175.025","14.9308333333333","15.5021666666667","2.04037037037037","0.0","0.0","0.0","111.0","0.0","44.336","14.9308333333333","0.0","44.336","15.5021666666667"
"Temperate","564800","13.0","9.0","","","0.0","","","0.0","-41.225","174.975","11.752537037037","12.2477592592593","1.9812962962963","0.0","0.0","0.0","111.018","0.0","43.547","11.752537037037","0.0","43.547","12.2477592592593"
"Temperate","564900","13.0","9.0","","","0.0","","","0.0","-41.225","174.925","17.4435740740741","18.1992407407407","2.45407407407407","0.0","0.0","0.0","111.0","0.0","51.638","17.4435740740741","0.0","51.638","18.1992407407407"
"Temperate","565000","13.0","9.0","","","0.0","","","0.0","-41.275","174.925","14.701962962963","15.2028518518519","1.93907407407407","0.0","0.0","0.0","111.0","0.0","42.882","14.701962962963","0.0","42.882","15.2028518518519"
"Temperate","565100","13.0","9.0","","","0.0","","","0.0","-41.225","174.925","17.4435740740741","18.1992407407407","2.45407407407407","0.0","0.0","0.0","111.0","0.0","51.638","17.4435740740741","0.0","51.638","18.1992407407407"
"Temperate","565200","13.0","9.0","","","0.0","","","0.0","-41.275","174.925","14.701962962963","15.2028518518519","1.93907407407407","0.0","0.0","0.0","111.0","0.0","42.882","14.701962962963","0.0","42.882","15.2028518518519"
"Temperate","565300","13.0","9.0","","","0.0","","","0.0","-41.275","174.975","10.4161666666667","11.0212777777778","2.16944444444444","0.0","0.0","0.0","111.513555555556","0.0","47.372","10.4161666666667","0.0","47.372","11.0212777777778"
"Temperate","565400","13.0","9.0","0.0","48.767","12.0","0.0","48.767","12.0","-41.325","174.975","9.29444444444444","9.873","1.41074074074074","0.0","0.0","0.0","111.0","0.0","48.767","10.5430740740741","0.0","48.767","11.1941527777778"
"Temperate","565601","13.0","9.0","0.0","49.389","3.0","0.0","49.389","3.0","-41.075","174.925","16.2675185185185","16.8720740740741","2.08574074074074","0.0","0.0","0.0","111.0","0.0","49.389","16.5181049382716","0.0","49.389","17.1526234567901"
"Temperate","565602","13.0","9.0","","","0.0","","","0.0","-41.125","174.925","18.3379259259259","19.0795925925926","2.33481481481481","0.0","0.0","0.0","111.0","0.0","49.389","18.3379259259259","0.0","49.389","19.0795925925926"
"Temperate","565603","13.0","9.0","","","0.0","","","0.0","-41.125","174.925","18.3379259259259","19.0795925925926","2.33481481481481","0.0","0.0","0.0","111.0","0.0","49.389","18.3379259259259","0.0","49.389","19.0795925925926"
"Temperate","565604","13.0","9.0","","","0.0","","","0.0","-41.125","174.875","18.9423888888889","19.6476111111111","2.23055555555556","0.0","0.0","0.0","111.0","0.0","47.488","18.9423888888889","0.0","47.488","19.6476111111111"
"Temperate","565700","13.0","9.0","0.0","43.341","1.0","0.0","43.341","1.0","-41.025","174.925","14.2599814814815","14.8174259259259","2.01703703703704","0.0","0.0","0.0","111.0","0.0","43.341","14.2599814814815","0.0","43.341","14.8174259259259"
"Temperate","565901","13.0","9.0","","","0.0","","","0.0","-40.875","175.025","20.2222037037037","21.0323148148148","2.41444444444444","0.0","0.0","0.0","111.0","0.0","50.41","20.2222037037037","0.0","50.41","21.0323148148148"
"Temperate","565902","13.0","9.0","","","0.0","","","0.0","-40.875","175.025","20.2222037037037","21.0323148148148","2.41444444444444","0.0","0.0","0.0","111.0","0.0","50.41","20.2222037037037","0.0","50.41","21.0323148148148"
"Temperate","565903","13.0","9.0","","","0.0","","","0.0","-40.875","175.025","20.2222037037037","21.0323148148148","2.41444444444444","0.0","0.0","0.0","111.0","0.0","50.41","20.2222037037037","0.0","50.41","21.0323148148148"
"Temperate","566000","13.0","9.0","","","0.0","","","0.0","-40.925","175.025","17.6024814814815","18.2668148148148","2.18555555555556","0.0","0.0","0.0","111.0","0.0","46.837","17.6024814814815","0.0","46.837","18.2668148148148"
"Temperate","566101","13.0","9.0","","","0.0","","","0.0","-40.925","175.025","17.6024814814815","18.2668148148148","2.18555555555556","0.0","0.0","0.0","111.0","0.0","46.837","17.6024814814815","0.0","46.837","18.2668148148148"
"Temperate","566102","13.0","9.0","","","0.0","","","0.0","-40.975","174.975","18.6333148148148","19.4097592592593","2.39944444444444","0.0","0.0","0.0","111.0","0.0","50.233","18.6333148148148","0.0","50.233","19.4097592592593"
"Temperate","566200","13.0","9.0","0.0","50.233","1.0","0.0","50.233","1.0","-40.975","174.975","18.6333148148148","19.4097592592593","2.39944444444444","0.0","0.0","0.0","111.0","0.0","50.233","18.6333148148148","0.0","50.233","19.4097592592593"
"Temperate","566301","13.0","9.0","","","0.0","","","0.0","-40.875","175.025","20.2222037037037","21.0323148148148","2.41444444444444","0.0","0.0","0.0","111.0","0.0","50.41","20.2222037037037","0.0","50.41","21.0323148148148"
"Temperate","566302","13.0","9.0","0.0","46.837","5.0","0.0","46.837","5.0","-40.925","175.025","17.6024814814815","18.2668148148148","2.18555555555556","0.0","0.0","0.0","111.0","0.0","46.837","11.7334481481481","0.0","46.837","12.3828592592593"
"Temperate","566500","13.0","9.0","","","0.0","","","0.0","-41.075","175.125","7.13568518518519","7.77512962962963","1.74111111111111","0.0","0.0","0.0","111.150444444444","0.0","37.291","7.13568518518519","0.0","37.291","7.77512962962963"
"Temperate","566610","13.0","9.0","0.0","37.291","1.0","0.0","37.291","1.0","-41.075","175.125","7.13568518518519","7.77512962962963","1.74111111111111","0.0","0.0","0.0","111.150444444444","0.0","37.291","7.13568518518519","0.0","37.291","7.77512962962963"
"Temperate","566620","13.0","9.0","","","0.0","","","0.0","-41.075","175.125","7.13568518518519","7.77512962962963","1.74111111111111","0.0","0.0","0.0","111.150444444444","0.0","37.291","7.13568518518519","0.0","37.291","7.77512962962963"
"Temperate","566700","13.0","9.0","","","0.0","","","0.0","-41.125","175.125","9.97422222222222","10.6078333333333","2.16944444444444","0.0","0.0","0.0","111.163111111111","0.0","46.16","9.97422222222222","0.0","46.16","10.6078333333333"
"Temperate","566800","13.0","9.0","","","0.0","","","0.0","-41.125","175.075","14.9028703703704","15.6272037037037","2.33962962962963","0.0","0.0","0.0","111.0","0.0","49.524","14.9028703703704","0.0","49.524","15.6272037037037"
"Temperate","566900","13.0","9.0","","","0.0","","","0.0","-41.125","175.075","14.9028703703704","15.6272037037037","2.33962962962963","0.0","0.0","0.0","111.0","0.0","49.524","14.9028703703704","0.0","49.524","15.6272037037037"
"Temperate","567000","13.0","9.0","","","0.0","","","0.0","-41.125","175.075","14.9028703703704","15.6272037037037","2.33962962962963","0.0","0.0","0.0","111.0","0.0","49.524","14.9028703703704","0.0","49.524","15.6272037037037"
"Temperate","567100","13.0","9.0","","","0.0","","","0.0","-41.125","175.075","14.9028703703704","15.6272037037037","2.33962962962963","0.0","0.0","0.0","111.0","0.0","49.524","14.9028703703704","0.0","49.524","15.6272037037037"
"Temperate","567200","13.0","9.0","0.0","49.524","1.0","0.0","49.524","1.0","-41.125","175.075","14.9028703703704","15.6272037037037","2.33962962962963","0.0","0.0","0.0","111.0","0.0","49.524","14.9028703703704","0.0","49.524","15.6272037037037"
"Temperate","567300","13.0","9.0","","","0.0","","","0.0","-41.125","175.075","14.9028703703704","15.6272037037037","2.33962962962963","0.0","0.0","0.0","111.0","0.0","49.524","14.9028703703704","0.0","49.524","15.6272037037037"
"Temperate","567400","13.0","9.0","","","0.0","","","0.0","-41.125","175.075","14.9028703703704","15.6272037037037","2.33962962962963","0.0","0.0","0.0","111.0","0.0","49.524","14.9028703703704","0.0","49.524","15.6272037037037"
"Temperate","567500","13.0","9.0","","","0.0","","","0.0","-41.125","175.025","14.9308333333333","15.5021666666667","2.04037037037037","0.0","0.0","0.0","111.0","0.0","44.336","14.9308333333333","0.0","44.336","15.5021666666667"
"Temperate","567600","13.0","9.0","","","0.0","","","0.0","-41.125","175.025","14.9308333333333","15.5021666666667","2.04037037037037","0.0","0.0","0.0","111.0","0.0","44.336","14.9308333333333","0.0","44.336","15.5021666666667"
"Temperate","567700","13.0","9.0","","","0.0","","","0.0","-41.125","175.025","14.9308333333333","15.5021666666667","2.04037037037037","0.0","0.0","0.0","111.0","0.0","44.336","14.9308333333333","0.0","44.336","15.5021666666667"
"Temperate","567800","13.0","9.0","","","0.0","","","0.0","-41.125","175.025","14.9308333333333","15.5021666666667","2.04037037037037","0.0","0.0","0.0","111.0","0.0","44.336","14.9308333333333","0.0","44.336","15.5021666666667"
"Temperate","567901","13.0","9.0","0.0","42.005","14.0","0.0","42.005","14.0","-41.025","175.125","2.79494444444444","3.29027777777778","1.94759259259259","0.0","0.0","0.0","114.662518518519","0.0","42.005","5.34250396825397","0.0","42.005","5.97783333333333"
"Temperate","567902","13.0","9.0","0.0","46.16","4.0","0.0","46.16","4.0","-41.175","175.125","5.41357407407407","5.85918518518519","1.36851851851852","0.0","0.0","0.0","111.005666666667","0.0","46.16","7.17125462962963","0.0","46.16","7.69632407407407"
"Temperate","568101","13.0","9.0","","","0.0","","","0.0","-41.175","174.975","16.0913518518519","16.7877962962963","2.35925925925926","0.0","0.0","0.0","111.0","0.0","50.418","16.0913518518519","0.0","50.418","16.7877962962963"
"Temperate","568102","13.0","9.0","0.0","50.418","1.0","0.0","50.418","1.0","-41.175","174.975","16.0913518518519","16.7877962962963","2.35925925925926","0.0","0.0","0.0","111.0","0.0","50.418","16.0913518518519","0.0","50.418","16.7877962962963"
"Temperate","568103","13.0","9.0","","","0.0","","","0.0","-41.175","174.975","16.0913518518519","16.7877962962963","2.35925925925926","0.0","0.0","0.0","111.0","0.0","50.418","16.0913518518519","0.0","50.418","16.7877962962963"
"Temperate","568104","13.0","9.0","","","0.0","","","0.0","-41.175","174.975","16.0913518518519","16.7877962962963","2.35925925925926","0.0","0.0","0.0","111.0","0.0","50.418","16.0913518518519","0.0","50.418","16.7877962962963"
"Temperate","568201","13.0","9.0","","","0.0","","","0.0","-41.175","174.975","16.0913518518519","16.7877962962963","2.35925925925926","0.0","0.0","0.0","111.0","0.0","50.418","16.0913518518519","0.0","50.418","16.7877962962963"
"Temperate","568202","13.0","9.0","","","0.0","","","0.0","-41.175","174.975","16.0913518518519","16.7877962962963","2.35925925925926","0.0","0.0","0.0","111.0","0.0","50.418","16.0913518518519","0.0","50.418","16.7877962962963"
"Temperate","568301","13.0","9.0","","","0.0","","","0.0","-41.175","174.925","16.0230740740741","16.574962962963","2.03462962962963","0.0","0.0","0.0","111.0","0.0","44.866","16.0230740740741","0.0","44.866","16.574962962963"
"Temperate","568302","13.0","9.0","","","0.0","","","0.0","-41.225","174.975","11.752537037037","12.2477592592593","1.9812962962963","0.0","0.0","0.0","111.018","0.0","43.547","11.752537037037","0.0","43.547","12.2477592592593"
"Temperate","568303","13.0","9.0","","","0.0","","","0.0","-41.225","174.975","11.752537037037","12.2477592592593","1.9812962962963","0.0","0.0","0.0","111.018","0.0","43.547","11.752537037037","0.0","43.547","12.2477592592593"
"Temperate","568401","13.0","9.0","","","0.0","","","0.0","-41.175","174.925","16.0230740740741","16.574962962963","2.03462962962963","0.0","0.0","0.0","111.0","0.0","44.866","16.0230740740741","0.0","44.866","16.574962962963"
"Temperate","568402","13.0","9.0","","","0.0","","","0.0","-41.175","174.925","16.0230740740741","16.574962962963","2.03462962962963","0.0","0.0","0.0","111.0","0.0","44.866","16.0230740740741","0.0","44.866","16.574962962963"
"Temperate","568501","13.0","9.0","","","0.0","","","0.0","-41.225","174.925","17.4435740740741","18.1992407407407","2.45407407407407","0.0","0.0","0.0","111.0","0.0","51.638","17.4435740740741","0.0","51.638","18.1992407407407"
"Temperate","568502","13.0","9.0","","","0.0","","","0.0","-41.225","174.925","17.4435740740741","18.1992407407407","2.45407407407407","0.0","0.0","0.0","111.0","0.0","51.638","17.4435740740741","0.0","51.638","18.1992407407407"
"Temperate","568601","13.0","9.0","","","0.0","","","0.0","-41.225","174.925","17.4435740740741","18.1992407407407","2.45407407407407","0.0","0.0","0.0","111.0","0.0","51.638","17.4435740740741","0.0","51.638","18.1992407407407"
"Temperate","568602","13.0","9.0","","","0.0","","","0.0","-41.225","174.925","17.4435740740741","18.1992407407407","2.45407407407407","0.0","0.0","0.0","111.0","0.0","51.638","17.4435740740741","0.0","51.638","18.1992407407407"
"Temperate","568701","13.0","9.0","0.0","51.638","1.0","0.0","51.638","1.0","-41.225","174.925","17.4435740740741","18.1992407407407","2.45407407407407","0.0","0.0","0.0","111.0","0.0","51.638","17.4435740740741","0.0","51.638","18.1992407407407"
"Temperate","568702","13.0","9.0","","","0.0","","","0.0","-41.225","174.925","17.4435740740741","18.1992407407407","2.45407407407407","0.0","0.0","0.0","111.0","0.0","51.638","17.4435740740741","0.0","51.638","18.1992407407407"
"Temperate","568800","13.0","9.0","","","0.0","","","0.0","-41.225","174.925","17.4435740740741","18.1992407407407","2.45407407407407","0.0","0.0","0.0","111.0","0.0","51.638","17.4435740740741","0.0","51.638","18.1992407407407"
"Temperate","568900","13.0","9.0","","","0.0","","","0.0","-41.225","174.925","17.4435740740741","18.1992407407407","2.45407407407407","0.0","0.0","0.0","111.0","0.0","51.638","17.4435740740741","0.0","51.638","18.1992407407407"
"Temperate","569001","13.0","9.0","","","0.0","","","0.0","-41.225","174.925","17.4435740740741","18.1992407407407","2.45407407407407","0.0","0.0","0.0","111.0","0.0","51.638","17.4435740740741","0.0","51.638","18.1992407407407"
"Temperate","569002","13.0","9.0","","","0.0","","","0.0","-41.225","174.925","17.4435740740741","18.1992407407407","2.45407407407407","0.0","0.0","0.0","111.0","0.0","51.638","17.4435740740741","0.0","51.638","18.1992407407407"
"Temperate","569100","13.0","9.0","","","0.0","","","0.0","-41.225","174.925","17.4435740740741","18.1992407407407","2.45407407407407","0.0","0.0","0.0","111.0","0.0","51.638","17.4435740740741","0.0","51.638","18.1992407407407"
"Temperate","569201","13.0","9.0","","","0.0","","","0.0","-41.225","174.875","19.3670925925926","20.131537037037","2.41962962962963","0.0","0.0","0.0","111.0","0.0","51.196","19.3670925925926","0.0","51.196","20.131537037037"
"Temperate","569202","13.0","9.0","","","0.0","","","0.0","-41.225","174.875","19.3670925925926","20.131537037037","2.41962962962963","0.0","0.0","0.0","111.0","0.0","51.196","19.3670925925926","0.0","51.196","20.131537037037"
"Temperate","569301","13.0","9.0","","","0.0","","","0.0","-41.175","174.875","14.7373703703704","15.7741481481481","1.85944444444444","0.0","0.0","0.0","111.0","0.0","42.32","14.7373703703704","0.0","42.32","15.7741481481481"
"Temperate","569302","13.0","9.0","","","0.0","","","0.0","-41.225","174.875","19.3670925925926","20.131537037037","2.41962962962963","0.0","0.0","0.0","111.0","0.0","51.196","19.3670925925926","0.0","51.196","20.131537037037"
"Temperate","569401","13.0","9.0","","","0.0","","","0.0","-41.175","174.925","16.0230740740741","16.574962962963","2.03462962962963","0.0","0.0","0.0","111.0","0.0","44.866","16.0230740740741","0.0","44.866","16.574962962963"
"Temperate","569402","13.0","9.0","0.0","44.866","1.0","0.0","44.866","1.0","-41.175","174.925","16.0230740740741","16.574962962963","2.03462962962963","0.0","0.0","0.0","111.0","0.0","44.866","16.0230740740741","0.0","44.866","16.574962962963"
"Temperate","569500","13.0","9.0","","","0.0","","","0.0","-41.175","174.925","16.0230740740741","16.574962962963","2.03462962962963","0.0","0.0","0.0","111.0","0.0","44.866","16.0230740740741","0.0","44.866","16.574962962963"
"Temperate","569600","13.0","9.0","","","0.0","","","0.0","-41.175","174.975","16.0913518518519","16.7877962962963","2.35925925925926","0.0","0.0","0.0","111.0","0.0","50.418","16.0913518518519","0.0","50.418","16.7877962962963"
"Temperate","569800","13.0","9.0","","","0.0","","","0.0","-41.225","174.875","19.3670925925926","20.131537037037","2.41962962962963","0.0","0.0","0.0","111.0","0.0","51.196","19.3670925925926","0.0","51.196","20.131537037037"
"Temperate","569900","13.0","9.0","0.0","51.196","1.0","0.0","51.196","1.0","-41.225","174.875","19.3670925925926","20.131537037037","2.41962962962963","0.0","0.0","0.0","111.0","0.0","51.196","19.3670925925926","0.0","51.196","20.131537037037"
"Temperate","570000","13.0","9.0","","","0.0","","","0.0","-41.225","174.875","19.3670925925926","20.131537037037","2.41962962962963","0.0","0.0","0.0","111.0","0.0","51.196","19.3670925925926","0.0","51.196","20.131537037037"
"Temperate","570100","13.0","9.0","","","0.0","","","0.0","-41.225","174.875","19.3670925925926","20.131537037037","2.41962962962963","0.0","0.0","0.0","111.0","0.0","51.196","19.3670925925926","0.0","51.196","20.131537037037"
"Temperate","570300","13.0","9.0","0.0","42.882","1.0","0.0","42.882","1.0","-41.275","174.925","14.701962962963","15.2028518518519","1.93907407407407","0.0","0.0","0.0","111.0","0.0","42.882","14.701962962963","0.0","42.882","15.2028518518519"
"Temperate","570400","13.0","9.0","","","0.0","","","0.0","-41.125","174.825","20.0122037037037","20.7342037037037","2.22185185185185","0.0","0.0","0.0","111.0","0.0","47.619","20.0122037037037","0.0","47.619","20.7342037037037"
"Temperate","570500","13.0","9.0","","","0.0","","","0.0","-41.125","174.875","18.9423888888889","19.6476111111111","2.23055555555556","0.0","0.0","0.0","111.0","0.0","47.488","18.9423888888889","0.0","47.488","19.6476111111111"
"Temperate","570600","13.0","9.0","","","0.0","","","0.0","-41.125","174.825","20.0122037037037","20.7342037037037","2.22185185185185","0.0","0.0","0.0","111.0","0.0","47.619","20.0122037037037","0.0","47.619","20.7342037037037"
"Temperate","570700","13.0","9.0","0.0","47.619","1.0","0.0","47.619","1.0","-41.125","174.825","20.0122037037037","20.7342037037037","2.22185185185185","0.0","0.0","0.0","111.0","0.0","47.619","20.0122037037037","0.0","47.619","20.7342037037037"
"Temperate","570800","13.0","9.0","","","0.0","","","0.0","-41.125","174.825","20.0122037037037","20.7342037037037","2.22185185185185","0.0","0.0","0.0","111.0","0.0","47.619","20.0122037037037","0.0","47.619","20.7342037037037"
"Temperate","570900","13.0","9.0","","","0.0","","","0.0","-41.125","174.875","18.9423888888889","19.6476111111111","2.23055555555556","0.0","0.0","0.0","111.0","0.0","47.488","18.9423888888889","0.0","47.488","19.6476111111111"
"Temperate","571000","13.0","9.0","","","0.0","","","0.0","-41.175","174.875","14.7373703703704","15.7741481481481","1.85944444444444","0.0","0.0","0.0","111.0","0.0","42.32","14.7373703703704","0.0","42.32","15.7741481481481"
"Temperate","571100","13.0","9.0","","","0.0","","","0.0","-41.125","174.875","18.9423888888889","19.6476111111111","2.23055555555556","0.0","0.0","0.0","111.0","0.0","47.488","18.9423888888889","0.0","47.488","19.6476111111111"
"Temperate","571200","13.0","9.0","","","0.0","","","0.0","-41.125","174.875","18.9423888888889","19.6476111111111","2.23055555555556","0.0","0.0","0.0","111.0","0.0","47.488","18.9423888888889","0.0","47.488","19.6476111111111"
"Temperate","571300","13.0","9.0","","","0.0","","","0.0","-41.125","174.875","18.9423888888889","19.6476111111111","2.23055555555556","0.0","0.0","0.0","111.0","0.0","47.488","18.9423888888889","0.0","47.488","19.6476111111111"
"Temperate","571400","13.0","9.0","","","0.0","","","0.0","-41.125","174.875","18.9423888888889","19.6476111111111","2.23055555555556","0.0","0.0","0.0","111.0","0.0","47.488","18.9423888888889","0.0","47.488","19.6476111111111"
"Temperate","571501","13.0","9.0","","","0.0","","","0.0","-41.125","174.875","18.9423888888889","19.6476111111111","2.23055555555556","0.0","0.0","0.0","111.0","0.0","47.488","18.9423888888889","0.0","47.488","19.6476111111111"
"Temperate","571502","13.0","9.0","","","0.0","","","0.0","-41.125","174.875","18.9423888888889","19.6476111111111","2.23055555555556","0.0","0.0","0.0","111.0","0.0","47.488","18.9423888888889","0.0","47.488","19.6476111111111"
"Temperate","571600","13.0","9.0","0.0","47.488","1.0","0.0","47.488","1.0","-41.125","174.875","18.9423888888889","19.6476111111111","2.23055555555556","0.0","0.0","0.0","111.0","0.0","47.488","18.9423888888889","0.0","47.488","19.6476111111111"
"Temperate","571800","13.0","9.0","","","0.0","","","0.0","-41.075","174.875","19.9140555555556","20.6958333333333","2.37","0.0","0.0","0.0","111.0","0.0","49.854","19.9140555555556","0.0","49.854","20.6958333333333"
"Temperate","571900","13.0","9.0","0.0","49.854","1.0","0.0","49.854","1.0","-41.075","174.875","19.9140555555556","20.6958333333333","2.37","0.0","0.0","0.0","111.0","0.0","49.854","19.9140555555556","0.0","49.854","20.6958333333333"
"Temperate","572000","13.0","9.0","","","0.0","","","0.0","-41.075","174.875","19.9140555555556","20.6958333333333","2.37","0.0","0.0","0.0","111.0","0.0","49.854","19.9140555555556","0.0","49.854","20.6958333333333"
"Temperate","572100","13.0","9.0","","","0.0","","","0.0","-41.125","174.875","18.9423888888889","19.6476111111111","2.23055555555556","0.0","0.0","0.0","111.0","0.0","47.488","18.9423888888889","0.0","47.488","19.6476111111111"
"Temperate","572200","13.0","9.0","","","0.0","","","0.0","-41.125","174.875","18.9423888888889","19.6476111111111","2.23055555555556","0.0","0.0","0.0","111.0","0.0","47.488","18.9423888888889","0.0","47.488","19.6476111111111"
"Temperate","572300","13.0","9.0","","","0.0","","","0.0","-41.125","174.825","20.0122037037037","20.7342037037037","2.22185185185185","0.0","0.0","0.0","111.0","0.0","47.619","20.0122037037037","0.0","47.619","20.7342037037037"
"Temperate","572500","13.0","9.0","","","0.0","","","0.0","-41.175","174.825","18.982962962963","19.7245185185185","2.38611111111111","0.0","0.0","0.0","111.0","0.0","50.791","18.982962962963","0.0","50.791","19.7245185185185"
"Temperate","572600","13.0","9.0","0.0","50.791","1.0","0.0","50.791","1.0","-41.175","174.825","18.982962962963","19.7245185185185","2.38611111111111","0.0","0.0","0.0","111.0","0.0","50.791","18.982962962963","0.0","50.791","19.7245185185185"
"Temperate","572701","13.0","9.0","","","0.0","","","0.0","-41.175","174.825","18.982962962963","19.7245185185185","2.38611111111111","0.0","0.0","0.0","111.0","0.0","50.791","18.982962962963","0.0","50.791","19.7245185185185"
"Temperate","572702","13.0","9.0","","","0.0","","","0.0","-41.175","174.825","18.982962962963","19.7245185185185","2.38611111111111","0.0","0.0","0.0","111.0","0.0","50.791","18.982962962963","0.0","50.791","19.7245185185185"
"Temperate","572900","13.0","9.0","0.0","50.096","1.0","0.0","50.096","1.0","-41.275","174.775","20.4016851851852","21.1392407407407","2.33462962962963","0.0","0.0","0.0","111.0","0.0","50.096","20.4016851851852","0.0","50.096","21.1392407407407"
"Temperate","573000","13.0","9.0","","","0.0","","","0.0","-41.275","174.775","20.4016851851852","21.1392407407407","2.33462962962963","0.0","0.0","0.0","111.0","0.0","50.096","20.4016851851852","0.0","50.096","21.1392407407407"
"Temperate","573101","13.0","9.0","","","0.0","","","0.0","-41.275","174.775","20.4016851851852","21.1392407407407","2.33462962962963","0.0","0.0","0.0","111.0","0.0","50.096","20.4016851851852","0.0","50.096","21.1392407407407"
"Temperate","573200","13.0","9.0","","","0.0","","","0.0","-41.275","174.775","20.4016851851852","21.1392407407407","2.33462962962963","0.0","0.0","0.0","111.0","0.0","50.096","20.4016851851852","0.0","50.096","21.1392407407407"
"Temperate","573300","13.0","9.0","","","0.0","","","0.0","-41.325","174.775","20.3007962962963","21.0440185185185","2.35166666666667","0.0","0.0","0.0","111.0","0.0","50.324","20.3007962962963","0.0","50.324","21.0440185185185"
"Temperate","573400","13.0","9.0","","","0.0","","","0.0","-41.275","174.775","20.4016851851852","21.1392407407407","2.33462962962963","0.0","0.0","0.0","111.0","0.0","50.096","20.4016851851852","0.0","50.096","21.1392407407407"
"Temperate","573511","13.0","9.0","","","0.0","","","0.0","-41.175","174.825","18.982962962963","19.7245185185185","2.38611111111111","0.0","0.0","0.0","111.0","0.0","50.791","18.982962962963","0.0","50.791","19.7245185185185"
"Temperate","573513","13.0","9.0","","","0.0","","","0.0","-41.175","174.825","18.982962962963","19.7245185185185","2.38611111111111","0.0","0.0","0.0","111.0","0.0","50.791","18.982962962963","0.0","50.791","19.7245185185185"
"Temperate","573514","13.0","9.0","","","0.0","","","0.0","-41.225","174.825","18.3975","19.0206111111111","2.13777777777778","0.0","0.0","0.0","111.0","0.0","46.421","18.3975","0.0","46.421","19.0206111111111"
"Temperate","573522","13.0","9.0","","","0.0","","","0.0","-41.175","174.825","18.982962962963","19.7245185185185","2.38611111111111","0.0","0.0","0.0","111.0","0.0","50.791","18.982962962963","0.0","50.791","19.7245185185185"
"Temperate","573523","13.0","9.0","","","0.0","","","0.0","-41.225","174.825","18.3975","19.0206111111111","2.13777777777778","0.0","0.0","0.0","111.0","0.0","46.421","18.3975","0.0","46.421","19.0206111111111"
"Temperate","573524","13.0","9.0","","","0.0","","","0.0","-41.225","174.825","18.3975","19.0206111111111","2.13777777777778","0.0","0.0","0.0","111.0","0.0","46.421","18.3975","0.0","46.421","19.0206111111111"
"Temperate","573525","13.0","9.0","0.0","42.32","1.0","0.0","42.32","1.0","-41.175","174.875","14.7373703703704","15.7741481481481","1.85944444444444","0.0","0.0","0.0","111.0","0.0","42.32","14.7373703703704","0.0","42.32","15.7741481481481"
"Temperate","573526","13.0","9.0","","","0.0","","","0.0","-41.225","174.825","18.3975","19.0206111111111","2.13777777777778","0.0","0.0","0.0","111.0","0.0","46.421","18.3975","0.0","46.421","19.0206111111111"
"Temperate","573600","13.0","9.0","","","0.0","","","0.0","-41.225","174.825","18.3975","19.0206111111111","2.13777777777778","0.0","0.0","0.0","111.0","0.0","46.421","18.3975","0.0","46.421","19.0206111111111"
"Temperate","573700","13.0","9.0","","","0.0","","","0.0","-41.225","174.825","18.3975","19.0206111111111","2.13777777777778","0.0","0.0","0.0","111.0","0.0","46.421","18.3975","0.0","46.421","19.0206111111111"
"Temperate","573801","13.0","9.0","","","0.0","","","0.0","-41.225","174.825","18.3975","19.0206111111111","2.13777777777778","0.0","0.0","0.0","111.0","0.0","46.421","18.3975","0.0","46.421","19.0206111111111"
"Temperate","573802","13.0","9.0","","","0.0","","","0.0","-41.225","174.825","18.3975","19.0206111111111","2.13777777777778","0.0","0.0","0.0","111.0","0.0","46.421","18.3975","0.0","46.421","19.0206111111111"
"Temperate","573901","13.0","9.0","","","0.0","","","0.0","-41.225","174.825","18.3975","19.0206111111111","2.13777777777778","0.0","0.0","0.0","111.0","0.0","46.421","18.3975","0.0","46.421","19.0206111111111"
"Temperate","573902","13.0","9.0","","","0.0","","","0.0","-41.225","174.825","18.3975","19.0206111111111","2.13777777777778","0.0","0.0","0.0","111.0","0.0","46.421","18.3975","0.0","46.421","19.0206111111111"
"Temperate","573903","13.0","9.0","","","0.0","","","0.0","-41.225","174.825","18.3975","19.0206111111111","2.13777777777778","0.0","0.0","0.0","111.0","0.0","46.421","18.3975","0.0","46.421","19.0206111111111"
"Temperate","574001","13.0","9.0","0.0","46.421","1.0","0.0","46.421","1.0","-41.225","174.825","18.3975","19.0206111111111","2.13777777777778","0.0","0.0","0.0","111.0","0.0","46.421","18.3975","0.0","46.421","19.0206111111111"
"Temperate","574002","13.0","9.0","","","0.0","","","0.0","-41.225","174.825","18.3975","19.0206111111111","2.13777777777778","0.0","0.0","0.0","111.0","0.0","46.421","18.3975","0.0","46.421","19.0206111111111"
"Temperate","574100","13.0","9.0","","","0.0","","","0.0","-41.225","174.775","18.9937037037037","19.6451481481481","2.18425925925926","0.0","0.0","0.0","111.0","0.0","47.573","18.9937037037037","0.0","47.573","19.6451481481481"
"Temperate","574200","13.0","9.0","","","0.0","","","0.0","-41.225","174.775","18.9937037037037","19.6451481481481","2.18425925925926","0.0","0.0","0.0","111.0","0.0","47.573","18.9937037037037","0.0","47.573","19.6451481481481"
"Temperate","574302","13.0","9.0","","","0.0","","","0.0","-41.275","174.775","20.4016851851852","21.1392407407407","2.33462962962963","0.0","0.0","0.0","111.0","0.0","50.096","20.4016851851852","0.0","50.096","21.1392407407407"
"Temperate","574303","13.0","9.0","","","0.0","","","0.0","-41.225","174.825","18.3975","19.0206111111111","2.13777777777778","0.0","0.0","0.0","111.0","0.0","46.421","18.3975","0.0","46.421","19.0206111111111"
"Temperate","574304","13.0","9.0","","","0.0","","","0.0","-41.225","174.825","18.3975","19.0206111111111","2.13777777777778","0.0","0.0","0.0","111.0","0.0","46.421","18.3975","0.0","46.421","19.0206111111111"
"Temperate","574401","13.0","9.0","","","0.0","","","0.0","-41.225","174.775","18.9937037037037","19.6451481481481","2.18425925925926","0.0","0.0","0.0","111.0","0.0","47.573","18.9937037037037","0.0","47.573","19.6451481481481"
"Temperate","574402","13.0","9.0","","","0.0","","","0.0","-41.275","174.775","20.4016851851852","21.1392407407407","2.33462962962963","0.0","0.0","0.0","111.0","0.0","50.096","20.4016851851852","0.0","50.096","21.1392407407407"
"Temperate","574500","13.0","9.0","","","0.0","","","0.0","-41.275","174.775","20.4016851851852","21.1392407407407","2.33462962962963","0.0","0.0","0.0","111.0","0.0","50.096","20.4016851851852","0.0","50.096","21.1392407407407"
"Temperate","574600","13.0","9.0","","","0.0","","","0.0","-41.275","174.775","20.4016851851852","21.1392407407407","2.33462962962963","0.0","0.0","0.0","111.0","0.0","50.096","20.4016851851852","0.0","50.096","21.1392407407407"
"Temperate","574701","13.0","9.0","","","0.0","","","0.0","-41.275","174.775","20.4016851851852","21.1392407407407","2.33462962962963","0.0","0.0","0.0","111.0","0.0","50.096","20.4016851851852","0.0","50.096","21.1392407407407"
"Temperate","574702","13.0","9.0","","","0.0","","","0.0","-41.275","174.775","20.4016851851852","21.1392407407407","2.33462962962963","0.0","0.0","0.0","111.0","0.0","50.096","20.4016851851852","0.0","50.096","21.1392407407407"
"Temperate","574703","13.0","9.0","","","0.0","","","0.0","-41.275","174.775","20.4016851851852","21.1392407407407","2.33462962962963","0.0","0.0","0.0","111.0","0.0","50.096","20.4016851851852","0.0","50.096","21.1392407407407"
"Temperate","574800","13.0","9.0","","","0.0","","","0.0","-41.275","174.725","19.6652037037037","20.3089814814815","2.14259259259259","0.0","0.0","0.0","111.0","0.0","47.529","19.6652037037037","0.0","47.529","20.3089814814815"
"Temperate","574900","13.0","9.0","","","0.0","","","0.0","-41.275","174.725","19.6652037037037","20.3089814814815","2.14259259259259","0.0","0.0","0.0","111.0","0.0","47.529","19.6652037037037","0.0","47.529","20.3089814814815"
"Temperate","575000","13.0","9.0","","","0.0","","","0.0","-41.275","174.725","19.6652037037037","20.3089814814815","2.14259259259259","0.0","0.0","0.0","111.0","0.0","47.529","19.6652037037037","0.0","47.529","20.3089814814815"
"Temperate","575100","13.0","9.0","","","0.0","","","0.0","-41.275","174.725","19.6652037037037","20.3089814814815","2.14259259259259","0.0","0.0","0.0","111.0","0.0","47.529","19.6652037037037","0.0","47.529","20.3089814814815"
"Temperate","575200","13.0","9.0","","","0.0","","","0.0","-41.275","174.775","20.4016851851852","21.1392407407407","2.33462962962963","0.0","0.0","0.0","111.0","0.0","50.096","20.4016851851852","0.0","50.096","21.1392407407407"
"Temperate","575300","13.0","9.0","","","0.0","","","0.0","-41.275","174.775","20.4016851851852","21.1392407407407","2.33462962962963","0.0","0.0","0.0","111.0","0.0","50.096","20.4016851851852","0.0","50.096","21.1392407407407"
"Temperate","575400","13.0","9.0","","","0.0","","","0.0","-41.275","174.775","20.4016851851852","21.1392407407407","2.33462962962963","0.0","0.0","0.0","111.0","0.0","50.096","20.4016851851852","0.0","50.096","21.1392407407407"
"Temperate","575500","13.0","9.0","","","0.0","","","0.0","-41.275","174.775","20.4016851851852","21.1392407407407","2.33462962962963","0.0","0.0","0.0","111.0","0.0","50.096","20.4016851851852","0.0","50.096","21.1392407407407"
"Temperate","575600","13.0","9.0","","","0.0","","","0.0","-41.325","174.775","20.3007962962963","21.0440185185185","2.35166666666667","0.0","0.0","0.0","111.0","0.0","50.324","20.3007962962963","0.0","50.324","21.0440185185185"
"Temperate","575701","13.0","9.0","","","0.0","","","0.0","-41.325","174.775","20.3007962962963","21.0440185185185","2.35166666666667","0.0","0.0","0.0","111.0","0.0","50.324","20.3007962962963","0.0","50.324","21.0440185185185"
"Temperate","575702","13.0","9.0","","","0.0","","","0.0","-41.325","174.775","20.3007962962963","21.0440185185185","2.35166666666667","0.0","0.0","0.0","111.0","0.0","50.324","20.3007962962963","0.0","50.324","21.0440185185185"
"Temperate","575800","13.0","9.0","","","0.0","","","0.0","-41.325","174.775","20.3007962962963","21.0440185185185","2.35166666666667","0.0","0.0","0.0","111.0","0.0","50.324","20.3007962962963","0.0","50.324","21.0440185185185"
"Temperate","575901","13.0","9.0","","","0.0","","","0.0","-41.325","174.775","20.3007962962963","21.0440185185185","2.35166666666667","0.0","0.0","0.0","111.0","0.0","50.324","20.3007962962963","0.0","50.324","21.0440185185185"
"Temperate","575902","13.0","9.0","","","0.0","","","0.0","-41.325","174.775","20.3007962962963","21.0440185185185","2.35166666666667","0.0","0.0","0.0","111.0","0.0","50.324","20.3007962962963","0.0","50.324","21.0440185185185"
"Temperate","576001","13.0","9.0","","","0.0","","","0.0","-41.325","174.775","20.3007962962963","21.0440185185185","2.35166666666667","0.0","0.0","0.0","111.0","0.0","50.324","20.3007962962963","0.0","50.324","21.0440185185185"
"Temperate","576002","13.0","9.0","","","0.0","","","0.0","-41.325","174.775","20.3007962962963","21.0440185185185","2.35166666666667","0.0","0.0","0.0","111.0","0.0","50.324","20.3007962962963","0.0","50.324","21.0440185185185"
"Temperate","576100","13.0","9.0","","","0.0","","","0.0","-41.325","174.775","20.3007962962963","21.0440185185185","2.35166666666667","0.0","0.0","0.0","111.0","0.0","50.324","20.3007962962963","0.0","50.324","21.0440185185185"
"Temperate","576200","13.0","9.0","0.0","50.324","1.0","0.0","50.324","1.0","-41.325","174.775","20.3007962962963","21.0440185185185","2.35166666666667","0.0","0.0","0.0","111.0","0.0","50.324","20.3007962962963","0.0","50.324","21.0440185185185"
"Temperate","576301","13.0","9.0","","","0.0","","","0.0","-41.325","174.775","20.3007962962963","21.0440185185185","2.35166666666667","0.0","0.0","0.0","111.0","0.0","50.324","20.3007962962963","0.0","50.324","21.0440185185185"
"Temperate","576302","13.0","9.0","","","0.0","","","0.0","-41.325","174.775","20.3007962962963","21.0440185185185","2.35166666666667","0.0","0.0","0.0","111.0","0.0","50.324","20.3007962962963","0.0","50.324","21.0440185185185"
"Temperate","576400","13.0","9.0","","","0.0","","","0.0","-41.325","174.775","20.3007962962963","21.0440185185185","2.35166666666667","0.0","0.0","0.0","111.0","0.0","50.324","20.3007962962963","0.0","50.324","21.0440185185185"
"Temperate","576500","13.0","9.0","","","0.0","","","0.0","-41.325","174.775","20.3007962962963","21.0440185185185","2.35166666666667","0.0","0.0","0.0","111.0","0.0","50.324","20.3007962962963","0.0","50.324","21.0440185185185"
"Temperate","576600","13.0","9.0","","","0.0","","","0.0","-41.275","174.775","20.4016851851852","21.1392407407407","2.33462962962963","0.0","0.0","0.0","111.0","0.0","50.096","20.4016851851852","0.0","50.096","21.1392407407407"
"Temperate","576700","13.0","9.0","","","0.0","","","0.0","-41.275","174.775","20.4016851851852","21.1392407407407","2.33462962962963","0.0","0.0","0.0","111.0","0.0","50.096","20.4016851851852","0.0","50.096","21.1392407407407"
"Temperate","576800","13.0","9.0","","","0.0","","","0.0","-41.325","174.775","20.3007962962963","21.0440185185185","2.35166666666667","0.0","0.0","0.0","111.0","0.0","50.324","20.3007962962963","0.0","50.324","21.0440185185185"
"Temperate","576901","13.0","9.0","","","0.0","","","0.0","-41.325","174.775","20.3007962962963","21.0440185185185","2.35166666666667","0.0","0.0","0.0","111.0","0.0","50.324","20.3007962962963","0.0","50.324","21.0440185185185"
"Temperate","576903","13.0","9.0","","","0.0","","","0.0","-41.325","174.775","20.3007962962963","21.0440185185185","2.35166666666667","0.0","0.0","0.0","111.0","0.0","50.324","20.3007962962963","0.0","50.324","21.0440185185185"
"Temperate","577000","13.0","9.0","","","0.0","","","0.0","-41.325","174.825","20.6456851851852","21.4319074074074","2.42944444444444","0.0","0.0","0.0","111.0","0.0","51.354","20.6456851851852","0.0","51.354","21.4319074074074"
"Temperate","577101","13.0","9.0","","","0.0","","","0.0","-41.325","174.825","20.6456851851852","21.4319074074074","2.42944444444444","0.0","0.0","0.0","111.0","0.0","51.354","20.6456851851852","0.0","51.354","21.4319074074074"
"Temperate","577102","13.0","9.0","0.0","51.354","1.0","0.0","51.354","1.0","-41.325","174.825","20.6456851851852","21.4319074074074","2.42944444444444","0.0","0.0","0.0","111.0","0.0","51.354","20.6456851851852","0.0","51.354","21.4319074074074"
"Temperate","577200","13.0","9.0","","","0.0","","","0.0","-41.325","174.825","20.6456851851852","21.4319074074074","2.42944444444444","0.0","0.0","0.0","111.0","0.0","51.354","20.6456851851852","0.0","51.354","21.4319074074074"
"Temperate","577301","13.0","9.0","","","0.0","","","0.0","-41.325","174.825","20.6456851851852","21.4319074074074","2.42944444444444","0.0","0.0","0.0","111.0","0.0","51.354","20.6456851851852","0.0","51.354","21.4319074074074"
"Temperate","577302","13.0","9.0","","","0.0","","","0.0","-41.325","174.825","20.6456851851852","21.4319074074074","2.42944444444444","0.0","0.0","0.0","111.0","0.0","51.354","20.6456851851852","0.0","51.354","21.4319074074074"
"Temperate","577400","13.0","9.0","","","0.0","","","0.0","-41.325","174.825","20.6456851851852","21.4319074074074","2.42944444444444","0.0","0.0","0.0","111.0","0.0","51.354","20.6456851851852","0.0","51.354","21.4319074074074"
"Temperate","577500","13.0","9.0","","","0.0","","","0.0","-41.325","174.825","20.6456851851852","21.4319074074074","2.42944444444444","0.0","0.0","0.0","111.0","0.0","51.354","20.6456851851852","0.0","51.354","21.4319074074074"
"Temperate","577601","13.0","9.0","","","0.0","","","0.0","-41.325","174.825","20.6456851851852","21.4319074074074","2.42944444444444","0.0","0.0","0.0","111.0","0.0","51.354","20.6456851851852","0.0","51.354","21.4319074074074"
"Temperate","577602","13.0","9.0","","","0.0","","","0.0","-41.325","174.825","20.6456851851852","21.4319074074074","2.42944444444444","0.0","0.0","0.0","111.0","0.0","51.354","20.6456851851852","0.0","51.354","21.4319074074074"
"Temperate","577700","13.0","9.0","0.0","48.668","5.0","0.0","48.668","5.0","-41.275","174.725","19.6652037037037","20.3089814814815","2.14259259259259","0.0","0.0","0.0","111.0","0.0","48.668","19.2810555555556","0.0","48.668","19.9058555555556"
"Temperate","577900","13.0","9.0","0.0","49.413","33.0","0.0","49.413","33.0","-40.475","175.875","20.6941296296296","21.8391296296296","2.145","0.0","0.0","0.0","17.9442222222222","0.0","49.413","15.8637132435466","0.0","49.413","17.0888748597082"
"Temperate","578000","13.0","9.0","","","0.0","","","0.0","-40.475","175.825","21.4498148148148","23.0255925925926","2.24203703703704","0.0","0.0","0.0","12.5128888888889","0.0","46.191","21.4498148148148","0.0","46.191","23.0255925925926"
"Temperate","578100","13.0","9.0","","","0.0","","","0.0","-40.625","175.725","7.45377777777778","8.11083333333333","2.10648148148148","0.0","0.0","0.0","111.385888888889","0.0","43.992","7.45377777777778","0.0","43.992","8.11083333333333"
"Temperate","578200","13.0","9.0","0.0","46.297","38.0","0.0","46.297","38.0","-40.675","175.825","5.02190740740741","5.68140740740741","2.10759259259259","0.0","0.0","0.0","112.694888888889","0.0","46.297","7.06689619883041","0.0","46.297","7.72995029239766"
"Temperate","578301","13.0","9.0","0.0","49.955","2.0","0.0","49.955","2.0","-40.975","175.675","18.8322962962963","18.8322962962963","2.56259259259259","0.0","0.0","0.0","111.0","0.0","49.955","19.3702685185185","0.0","49.955","19.3702685185185"
"Temperate","578302","13.0","9.0","0.0","47.732","2.0","0.0","47.732","2.0","-40.925","175.625","15.1701666666667","15.1701666666667","2.38314814814815","0.0","0.0","0.0","111.0","0.0","47.732","14.8456203703704","0.0","47.732","14.8456203703704"
"Temperate","578401","13.0","9.0","0.0","47.831","22.0","0.0","47.831","22.0","-40.825","175.625","4.57855555555556","5.27161111111111","2.15722222222222","0.0","0.0","0.0","112.792444444444","0.0","47.831","4.61229377104377","0.0","47.831","5.04827861952862"
"Temperate","578402","13.0","9.0","0.0","52.28","71.0","0.0","52.28","71.0","-40.925","175.975","18.6795185185185","18.6795185185185","2.44185185185185","0.0","0.0","0.0","111.0","0.0","52.28","17.8546113719353","0.0","52.28","18.3331411058946"
"Temperate","578600","13.0","9.0","","","0.0","","","0.0","-40.975","175.675","18.8322962962963","18.8322962962963","2.56259259259259","0.0","0.0","0.0","111.0","0.0","49.955","18.8322962962963","0.0","49.955","18.8322962962963"
"Temperate","578700","13.0","9.0","","","0.0","","","0.0","-40.925","175.625","15.1701666666667","15.1701666666667","2.38314814814815","0.0","0.0","0.0","111.0","0.0","47.318","15.1701666666667","0.0","47.318","15.1701666666667"
"Temperate","578800","13.0","9.0","","","0.0","","","0.0","-40.975","175.675","18.8322962962963","18.8322962962963","2.56259259259259","0.0","0.0","0.0","111.0","0.0","49.955","18.8322962962963","0.0","49.955","18.8322962962963"
"Temperate","578901","13.0","9.0","","","0.0","","","0.0","-40.975","175.625","19.9082407407407","19.9082407407407","2.44962962962963","0.0","0.0","0.0","111.0","0.0","47.974","19.9082407407407","0.0","47.974","19.9082407407407"
"Temperate","578902","13.0","9.0","","","0.0","","","0.0","-40.975","175.625","19.9082407407407","19.9082407407407","2.44962962962963","0.0","0.0","0.0","111.0","0.0","47.974","19.9082407407407","0.0","47.974","19.9082407407407"
"Temperate","579000","13.0","9.0","","","0.0","","","0.0","-40.925","175.625","15.1701666666667","15.1701666666667","2.38314814814815","0.0","0.0","0.0","111.0","0.0","47.318","15.1701666666667","0.0","47.318","15.1701666666667"
"Temperate","579100","13.0","9.0","","","0.0","","","0.0","-40.925","175.625","15.1701666666667","15.1701666666667","2.38314814814815","0.0","0.0","0.0","111.0","0.0","47.318","15.1701666666667","0.0","47.318","15.1701666666667"
"Temperate","579200","13.0","9.0","","","0.0","","","0.0","-40.925","175.675","14.5210740740741","14.5210740740741","2.42537037037037","0.0","0.0","0.0","111.0","0.0","47.732","14.5210740740741","0.0","47.732","14.5210740740741"
"Temperate","579400","13.0","9.0","","","0.0","","","0.0","-40.975","175.625","19.9082407407407","19.9082407407407","2.44962962962963","0.0","0.0","0.0","111.0","0.0","47.974","19.9082407407407","0.0","47.974","19.9082407407407"
"Temperate","579501","13.0","9.0","0.0","47.376","18.0","0.0","47.376","18.0","-40.925","175.425","5.02298148148148","5.58598148148148","1.54685185185185","0.0","0.0","0.0","111.126888888889","0.0","47.376","6.63571913580247","0.0","47.376","6.9848487654321"
"Temperate","579502","13.0","9.0","0.0","51.017","29.0","0.0","51.017","29.0","-41.175","175.725","21.9061851851852","21.9061851851852","2.39111111111111","0.0","0.0","0.0","24.6085555555556","0.0","51.017","20.2049144316731","0.0","51.017","20.9661941251596"
"Temperate","579700","13.0","9.0","0.0","46.36","1.0","0.0","46.36","1.0","-41.025","175.525","23.8317037037037","24.5963703703704","2.3812962962963","0.0","0.0","0.0","7.78722222222222","0.0","46.36","23.8317037037037","0.0","46.36","24.5963703703704"
"Temperate","579802","13.0","9.0","0.0","51.487","49.0","0.0","51.487","49.0","-41.425","175.525","22.1114074074074","23.6006296296296","2.23851851851852","0.0","0.0","0.0","7.09511111111111","0.0","51.487","18.4804191232048","0.0","51.487","19.3812059712774"
"Temperate","579803","13.0","9.0","0.0","51.926","53.0","0.0","51.926","53.0","-41.225","175.325","18.3184814814815","18.3184814814815","2.49111111111111","0.0","0.0","0.0","111.0","0.0","51.926","14.1899580712788","0.0","51.926","14.6321579315164"
"Temperate","579804","13.0","9.0","0.0","49.939","2.0","0.0","49.939","2.0","-41.225","175.275","17.5303333333333","17.5303333333333","2.49222222222222","0.0","0.0","0.0","111.0","0.0","49.939","17.977037037037","0.0","49.939","17.977037037037"
"Temperate","579900","13.0","9.0","","","0.0","","","0.0","-41.075","175.475","23.1143518518519","23.1143518518519","2.44240740740741","0.0","0.0","0.0","26.4204444444444","0.0","47.876","23.1143518518519","0.0","47.876","23.1143518518519"
"Temperate","580000","13.0","9.0","","","0.0","","","0.0","-41.125","175.325","14.109462962963","14.1106296296296","2.45092592592593","0.0","0.0","0.0","111.013333333333","0.0","49.519","14.109462962963","0.0","49.519","14.1106296296296"
"Temperate","580100","13.0","9.0","","","0.0","","","0.0","-41.225","175.475","24.6422777777778","24.6889444444444","2.46703703703704","0.0","0.0","0.0","16.6063333333333","0.0","48.12","24.6422777777778","0.0","48.12","24.6889444444444"
"Temperate","580200","13.0","9.0","","","0.0","","","0.0","-41.275","173.725","21.4086481481481","21.4086481481481","2.33944444444444","0.0","0.0","0.0","111.0","0.0","46.622","21.4086481481481","0.0","46.622","21.4086481481481"
"Temperate","580300","13.0","9.0","","","0.0","","","0.0","-41.525","173.825","24.3553703703704","24.9651481481481","2.4337037037037","0.0","0.0","0.0","1.76922222222222","0.0","46.712","24.3553703703704","0.0","46.712","24.9651481481481"
"Temperate","580410","13.0","9.0","0.0","47.138","1.0","0.0","47.138","1.0","-41.525","173.875","25.1264444444444","25.4528888888889","2.48203703703704","0.0","0.0","0.0","0.913666666666667","0.0","47.138","25.1264444444444","0.0","47.138","25.4528888888889"
"Temperate","580420","13.0","9.0","0.0","48.593","1.0","0.0","48.593","1.0","-41.525","173.925","25.3791481481481","25.6107037037037","2.5237037037037","0.0","0.0","0.0","0.624888888888889","0.0","48.593","25.3791481481481","0.0","48.593","25.6107037037037"
"Temperate","580431","13.0","9.0","0.0","48.744","1.0","0.0","48.744","1.0","-41.475","173.975","25.8953333333333","26.7586666666667","2.53722222222222","0.0","0.0","0.0","3.39422222222222","0.0","48.744","25.8953333333333","0.0","48.744","26.7586666666667"
"Temperate","580432","13.0","9.0","0.0","48.718","1.0","0.0","48.718","1.0","-41.525","174.025","26.7727592592593","26.7734259259259","2.53574074074074","0.0","0.0","0.0","0.00188888888888889","0.0","48.718","26.7727592592593","0.0","48.718","26.7734259259259"
"Temperate","580442","13.0","9.0","0.0","35.501","1.0","0.0","35.501","1.0","-41.325","174.025","12.5572962962963","13.0927407407407","1.79277777777778","0.0","0.0","0.0","111.0","0.0","35.501","12.5572962962963","0.0","35.501","13.0927407407407"
"Temperate","580446","13.0","9.0","0.0","50.315","94.0","0.0","50.315","94.0","-41.225","173.825","15.157462962963","15.809462962963","1.96907407407407","0.0","0.0","0.0","111.0","0.0","50.315","13.7066402679275","0.0","50.315","14.6804365642238"
"Temperate","580447","13.0","9.0","0.0","45.818","28.0","0.0","45.818","28.0","-41.525","173.475","11.3193148148148","12.4828703703704","1.64796296296296","0.000111111111111111","0.0","0.0","111.0","0.0","45.818","9.67088425925926","0.0","45.818","11.118166005291"
"Temperate","580448","13.0","9.0","0.0","44.861","4.0","0.0","44.861","4.0","-41.425","173.975","23.1458518518519","24.4394074074074","2.35018518518519","0.0","0.0","0.0","11.2692222222222","0.0","44.861","16.9444537037037","0.0","44.861","18.1910648148148"
"Temperate","580449","13.0","9.0","0.0","48.593","3.0","0.0","48.593","3.0","-41.475","173.875","25.1170185185185","26.3482407407407","2.49111111111111","0.0","0.0","0.0","5.29411111111111","0.0","48.593","24.8652654320988","0.0","48.593","26.0566728395062"
"Temperate","580450","13.0","9.0","0.0","46.712","99.0","0.0","46.712","99.0","-41.725","173.425","9.73172222222222","10.7272777777778","1.57074074074074","0.0","0.0","0.0","111.0","0.0","46.712","10.9391303778526","0.0","46.712","12.4777875046764"
"Temperate","580451","13.0","9.0","0.0","50.613","5.0","0.0","50.613","5.0","-41.575","174.075","26.6653518518519","26.7637962962963","2.44851851851852","0.0","0.0","0.0","0.331444444444444","0.0","50.613","24.5864592592593","0.0","50.613","25.2110592592593"
"Temperate","580452","13.0","9.0","","","0.0","","","0.0","-41.525","173.875","25.1264444444444","25.4528888888889","2.48203703703704","0.0","0.0","0.0","0.913666666666667","0.0","47.138","25.1264444444444","0.0","47.138","25.4528888888889"
"Temperate","580600","13.0","9.0","0.0","26.74","57.0","0.0","26.74","57.0","-42.075","172.925","2.35511111111111","3.643","1.15","0.000666666666666667","0.0","0.0","105.500777777778","0.0","26.74","1.58317121507472","0.0","26.74","2.57265659519168"
"Temperate","580801","13.0","9.0","0.0","55.584","134.0","0.0","55.584","134.0","-41.975","173.575","1.47607407407407","2.27340740740741","0.518148148148148","0.00166666666666667","0.0","0.0","42.6464444444444","0.0","55.584","8.00841749585406","0.0","55.584","9.63075331674959"
"Temperate","580802","13.0","9.0","0.0","48.642","1.0","0.0","48.642","1.0","-41.675","174.075","25.2664814814815","26.2925925925926","2.26314814814815","0.0","0.0","0.0","4.70433333333333","0.0","48.642","25.2664814814815","0.0","48.642","26.2925925925926"
"Temperate","580900","13.0","9.0","0.0","14.689","23.0","0.0","14.689","23.0","-42.325","172.825","0.271111111111111","0.455888888888889","0.701481481481481","0.00566666666666667","0.0","0.0","0.0","0.0","14.689","1.41075281803543","0.0","14.689","2.29129146537842"
"Temperate","581100","13.0","9.0","","","0.0","","","0.0","-41.325","174.025","12.5572962962963","13.0927407407407","1.79277777777778","0.0","0.0","0.0","111.0","0.0","35.501","12.5572962962963","0.0","35.501","13.0927407407407"
"Temperate","581210","13.0","9.0","","","0.0","","","0.0","-41.525","173.925","25.3791481481481","25.6107037037037","2.5237037037037","0.0","0.0","0.0","0.624888888888889","0.0","48.593","25.3791481481481","0.0","48.593","25.6107037037037"
"Temperate","581220","13.0","9.0","","","0.0","","","0.0","-41.475","173.975","25.8953333333333","26.7586666666667","2.53722222222222","0.0","0.0","0.0","3.39422222222222","0.0","48.744","25.8953333333333","0.0","48.744","26.7586666666667"
"Temperate","581230","13.0","9.0","","","0.0","","","0.0","-41.525","173.925","25.3791481481481","25.6107037037037","2.5237037037037","0.0","0.0","0.0","0.624888888888889","0.0","48.593","25.3791481481481","0.0","48.593","25.6107037037037"
"Temperate","581240","13.0","9.0","","","0.0","","","0.0","-41.525","173.925","25.3791481481481","25.6107037037037","2.5237037037037","0.0","0.0","0.0","0.624888888888889","0.0","48.593","25.3791481481481","0.0","48.593","25.6107037037037"
"Temperate","581250","13.0","9.0","","","0.0","","","0.0","-41.525","173.925","25.3791481481481","25.6107037037037","2.5237037037037","0.0","0.0","0.0","0.624888888888889","0.0","48.593","25.3791481481481","0.0","48.593","25.6107037037037"
"Temperate","581260","13.0","9.0","","","0.0","","","0.0","-41.525","173.925","25.3791481481481","25.6107037037037","2.5237037037037","0.0","0.0","0.0","0.624888888888889","0.0","48.593","25.3791481481481","0.0","48.593","25.6107037037037"
"Temperate","581400","13.0","9.0","","","0.0","","","0.0","-42.375","173.625","24.9013148148148","25.8118703703704","2.16277777777778","0.0","0.0","0.0","0.0","0.0","43.158","24.9013148148148","0.0","43.158","25.8118703703704"
"Temperate","581500","13.0","9.0","0.0","46.621","87.0","0.0","46.621","87.0","-42.175","173.625","2.49055555555556","3.44705555555556","0.75462962962963","0.0332222222222222","0.0","0.0","111.0","0.0","46.621","8.57331609195402","0.0","46.621","10.0752154108131"
"Temperate","581601","13.0","9.0","0.0","50.113","105.0","0.0","50.113","105.0","-40.875","172.625","0.0","0.0333333333333333","0.685555555555556","0.0284444444444444","0.0","0.0","116.415537037037","0.0","50.113","4.53175996472663","0.0","50.113","4.94263509700176"
"Temperate","581602","13.0","9.0","0.0","48.264","1.0","0.0","48.264","1.0","-40.875","172.825","22.6981481481481","22.6981481481481","2.54851851851852","0.0","0.0","0.0","29.9526666666667","0.0","48.264","22.6981481481481","0.0","48.264","22.6981481481481"
"Temperate","581713","13.0","9.0","","","0.0","","","0.0","-41.225","173.375","18.8199444444444","19.6667222222222","2.17444444444444","0.0","0.0","0.0","111.0","0.0","43.889","18.8199444444444","0.0","43.889","19.6667222222222"
"Temperate","581715","13.0","9.0","0.0","47.197","1.0","0.0","47.197","1.0","-41.325","173.225","25.0537962962963","25.6145740740741","2.40296296296296","0.0","0.0","0.0","12.306","0.0","47.197","25.0537962962963","0.0","47.197","25.6145740740741"
"Temperate","581717","13.0","9.0","0.0","46.976","1.0","0.0","46.976","1.0","-41.375","173.175","20.8299814814815","23.0983148148148","2.20481481481481","0.0","0.0","0.0","11.6023333333333","0.0","46.976","27.9072592592593","0.0","46.976","28.0802592592593"
"Temperate","581720","13.0","9.0","","","0.0","","","0.0","-41.375","173.175","20.8299814814815","23.0983148148148","2.20481481481481","0.0","0.0","0.0","11.6023333333333","0.0","40.992","20.8299814814815","0.0","40.992","23.0983148148148"
"Temperate","581721","13.0","9.0","","","0.0","","","0.0","-41.325","173.225","25.0537962962963","25.6145740740741","2.40296296296296","0.0","0.0","0.0","12.306","0.0","47.197","25.0537962962963","0.0","47.197","25.6145740740741"
"Temperate","581723","13.0","9.0","","","0.0","","","0.0","-41.325","173.225","25.0537962962963","25.6145740740741","2.40296296296296","0.0","0.0","0.0","12.306","0.0","47.197","25.0537962962963","0.0","47.197","25.6145740740741"
"Temperate","581724","13.0","9.0","","","0.0","","","0.0","-41.325","173.125","23.2806296296296","23.2806296296296","2.55296296296296","0.0","0.0","0.0","0.0","0.0","57.818","23.2806296296296","0.0","57.818","23.2806296296296"
"Temperate","581725","13.0","9.0","","","0.0","","","0.0","-41.325","173.125","23.2806296296296","23.2806296296296","2.55296296296296","0.0","0.0","0.0","0.0","0.0","57.818","23.2806296296296","0.0","57.818","23.2806296296296"
"Temperate","581726","13.0","9.0","","","0.0","","","0.0","-41.325","173.125","23.2806296296296","23.2806296296296","2.55296296296296","0.0","0.0","0.0","0.0","0.0","57.818","23.2806296296296","0.0","57.818","23.2806296296296"
"Temperate","581811","13.0","9.0","0.0","40.992","2.0","0.0","40.992","2.0","-41.375","173.225","12.5197962962963","13.7199074074074","1.64518518518519","0.0","0.0","0.0","111.0","0.0","40.992","16.6748888888889","0.0","40.992","18.4091111111111"
"Temperate","581812","13.0","9.0","0.0","46.153","16.0","0.0","46.153","16.0","-41.225","173.425","12.2432777777778","13.3765","1.74018518518519","0.0","0.0","0.0","111.0","0.0","46.153","13.5473344907407","0.0","46.153","14.7807060185185"
"Temperate","581822","13.0","9.0","","","0.0","","","0.0","-41.375","173.125","27.9072592592593","28.0802592592593","2.50462962962963","0.0","0.0","0.0","0.604111111111111","0.0","46.976","27.9072592592593","0.0","46.976","28.0802592592593"
"Temperate","581823","13.0","9.0","","","0.0","","","0.0","-41.425","173.025","23.867","25.24","2.34222222222222","0.0","0.0","0.0","8.67777777777778","0.0","43.339","23.867","0.0","43.339","25.24"
"Temperate","581825","13.0","9.0","0.0","53.403","1.0","0.0","53.403","1.0","-41.225","173.075","22.6010185185185","22.6010185185185","2.44203703703704","0.0","0.0","0.0","0.0","0.0","53.403","22.6010185185185","0.0","53.403","22.6010185185185"
"Temperate","581832","13.0","9.0","0.0","47.888","5.0","0.0","47.888","5.0","-40.975","172.975","9.2582037037037","10.2543148148148","1.51555555555556","0.0","0.0","0.0","111.0","0.0","47.888","12.3454148148148","0.0","47.888","13.7303037037037"
"Temperate","581833","13.0","9.0","0.0","48.222","24.0","0.0","48.222","24.0","-41.175","172.875","13.9917222222222","14.7191666666667","2.00611111111111","0.0","0.0","0.0","111.0","0.0","48.222","14.3562523148148","0.0","48.222","15.135912037037"
"Temperate","581834","13.0","9.0","","","0.0","","","0.0","-41.325","173.125","23.2806296296296","23.2806296296296","2.55296296296296","0.0","0.0","0.0","0.0","0.0","57.818","23.2806296296296","0.0","57.818","23.2806296296296"
"Temperate","581836","13.0","9.0","0.0","57.818","41.0","0.0","57.818","41.0","-41.425","173.025","23.867","25.24","2.34222222222222","0.0","0.0","0.0","8.67777777777778","0.0","57.818","13.947864498645","0.0","57.818","14.944620596206"
"Temperate","581841","13.0","9.0","0.0","42.242","64.0","0.0","42.242","64.0","-41.525","172.725","12.4488148148148","14.0623703703704","1.695","0.0172222222222222","0.0","0.0","23.6868888888889","0.0","42.242","8.34383709490741","0.0","42.242","9.42893952546296"
"Temperate","581842","13.0","9.0","0.0","40.6","161.0","0.0","40.6","161.0","-41.875","172.475","13.1457222222222","13.9426111111111","1.81648148148148","0.00433333333333333","0.0","0.0","35.9984444444444","0.0","40.6","4.80831688520819","0.0","40.6","5.89029250057511"
"Temperate","581843","13.0","9.0","0.0","38.689","2.0","0.0","38.689","2.0","-41.825","172.325","12.7482777777778","12.7482777777778","2.15203703703704","0.0","0.0","0.0","111.0","0.0","38.689","11.0166666666667","0.0","38.689","11.3888333333333"
"Temperate","581844","13.0","9.0","0.0","37.807","1.0","0.0","37.807","1.0","-41.375","172.825","17.7625925925926","18.6373703703704","1.98314814814815","0.0","0.0","0.0","28.5322222222222","0.0","37.807","17.7625925925926","0.0","37.807","18.6373703703704"
"Temperate","581850","13.0","9.0","","","0.0","","","0.0","-41.075","172.975","26.0426111111111","26.7455","2.54462962962963","0.0","0.0","0.0","7.06677777777778","0.0","48.222","26.0426111111111","0.0","48.222","26.7455"
"Temperate","582000","13.0","9.0","","","0.0","","","0.0","-41.225","173.375","18.8199444444444","19.6667222222222","2.17444444444444","0.0","0.0","0.0","111.0","0.0","43.889","18.8199444444444","0.0","43.889","19.6667222222222"
"Temperate","582100","13.0","9.0","","","0.0","","","0.0","-41.275","173.325","16.5730740740741","17.2782962962963","1.96148148148148","0.0","0.0","0.0","111.0","0.0","39.677","16.5730740740741","0.0","39.677","17.2782962962963"
"Temperate","582200","13.0","9.0","","","0.0","","","0.0","-41.275","173.325","16.5730740740741","17.2782962962963","1.96148148148148","0.0","0.0","0.0","111.0","0.0","39.677","16.5730740740741","0.0","39.677","17.2782962962963"
"Temperate","582300","13.0","9.0","","","0.0","","","0.0","-41.275","173.325","16.5730740740741","17.2782962962963","1.96148148148148","0.0","0.0","0.0","111.0","0.0","39.677","16.5730740740741","0.0","39.677","17.2782962962963"
"Temperate","582401","13.0","9.0","","","0.0","","","0.0","-41.275","173.325","16.5730740740741","17.2782962962963","1.96148148148148","0.0","0.0","0.0","111.0","0.0","39.677","16.5730740740741","0.0","39.677","17.2782962962963"
"Temperate","582402","13.0","9.0","","","0.0","","","0.0","-41.275","173.325","16.5730740740741","17.2782962962963","1.96148148148148","0.0","0.0","0.0","111.0","0.0","39.677","16.5730740740741","0.0","39.677","17.2782962962963"
"Temperate","582500","13.0","9.0","","","0.0","","","0.0","-41.275","173.325","16.5730740740741","17.2782962962963","1.96148148148148","0.0","0.0","0.0","111.0","0.0","39.677","16.5730740740741","0.0","39.677","17.2782962962963"
"Temperate","582600","13.0","9.0","","","0.0","","","0.0","-41.275","173.325","16.5730740740741","17.2782962962963","1.96148148148148","0.0","0.0","0.0","111.0","0.0","39.677","16.5730740740741","0.0","39.677","17.2782962962963"
"Temperate","582700","13.0","9.0","","","0.0","","","0.0","-41.275","173.325","16.5730740740741","17.2782962962963","1.96148148148148","0.0","0.0","0.0","111.0","0.0","39.677","16.5730740740741","0.0","39.677","17.2782962962963"
"Temperate","582800","13.0","9.0","","","0.0","","","0.0","-41.275","173.325","16.5730740740741","17.2782962962963","1.96148148148148","0.0","0.0","0.0","111.0","0.0","39.677","16.5730740740741","0.0","39.677","17.2782962962963"
"Temperate","582900","13.0","9.0","","","0.0","","","0.0","-41.275","173.325","16.5730740740741","17.2782962962963","1.96148148148148","0.0","0.0","0.0","111.0","0.0","39.677","16.5730740740741","0.0","39.677","17.2782962962963"
"Temperate","583000","13.0","9.0","","","0.0","","","0.0","-41.325","173.225","25.0537962962963","25.6145740740741","2.40296296296296","0.0","0.0","0.0","12.306","0.0","47.197","25.0537962962963","0.0","47.197","25.6145740740741"
"Temperate","583100","13.0","9.0","","","0.0","","","0.0","-41.325","173.275","15.4555925925926","16.1399259259259","1.97574074074074","0.0","0.0","0.0","111.0","0.0","39.858","15.4555925925926","0.0","39.858","16.1399259259259"
"Temperate","583201","13.0","9.0","","","0.0","","","0.0","-41.325","173.275","15.4555925925926","16.1399259259259","1.97574074074074","0.0","0.0","0.0","111.0","0.0","39.858","15.4555925925926","0.0","39.858","16.1399259259259"
"Temperate","583202","13.0","9.0","","","0.0","","","0.0","-41.325","173.275","15.4555925925926","16.1399259259259","1.97574074074074","0.0","0.0","0.0","111.0","0.0","39.858","15.4555925925926","0.0","39.858","16.1399259259259"
"Temperate","583300","13.0","9.0","","","0.0","","","0.0","-41.325","173.275","15.4555925925926","16.1399259259259","1.97574074074074","0.0","0.0","0.0","111.0","0.0","39.858","15.4555925925926","0.0","39.858","16.1399259259259"
"Temperate","583400","13.0","9.0","","","0.0","","","0.0","-41.325","173.275","15.4555925925926","16.1399259259259","1.97574074074074","0.0","0.0","0.0","111.0","0.0","39.858","15.4555925925926","0.0","39.858","16.1399259259259"
"Temperate","583500","13.0","9.0","","","0.0","","","0.0","-41.325","173.225","25.0537962962963","25.6145740740741","2.40296296296296","0.0","0.0","0.0","12.306","0.0","47.197","25.0537962962963","0.0","47.197","25.6145740740741"
"Temperate","583600","13.0","9.0","","","0.0","","","0.0","-41.325","173.225","25.0537962962963","25.6145740740741","2.40296296296296","0.0","0.0","0.0","12.306","0.0","47.197","25.0537962962963","0.0","47.197","25.6145740740741"
"Temperate","583700","13.0","9.0","0.0","39.858","1.0","0.0","39.858","1.0","-41.325","173.275","15.4555925925926","16.1399259259259","1.97574074074074","0.0","0.0","0.0","111.0","0.0","39.858","15.4555925925926","0.0","39.858","16.1399259259259"
"Temperate","583800","13.0","9.0","","","0.0","","","0.0","-41.325","173.225","25.0537962962963","25.6145740740741","2.40296296296296","0.0","0.0","0.0","12.306","0.0","47.197","25.0537962962963","0.0","47.197","25.6145740740741"
"Temperate","583900","13.0","9.0","","","0.0","","","0.0","-41.325","173.225","25.0537962962963","25.6145740740741","2.40296296296296","0.0","0.0","0.0","12.306","0.0","47.197","25.0537962962963","0.0","47.197","25.6145740740741"
"Temperate","584000","13.0","9.0","","","0.0","","","0.0","-41.325","173.225","25.0537962962963","25.6145740740741","2.40296296296296","0.0","0.0","0.0","12.306","0.0","47.197","25.0537962962963","0.0","47.197","25.6145740740741"
"Temperate","584201","13.0","9.0","","","0.0","","","0.0","-41.325","173.225","25.0537962962963","25.6145740740741","2.40296296296296","0.0","0.0","0.0","12.306","0.0","47.197","25.0537962962963","0.0","47.197","25.6145740740741"
"Temperate","584202","13.0","9.0","","","0.0","","","0.0","-41.375","173.175","20.8299814814815","23.0983148148148","2.20481481481481","0.0","0.0","0.0","11.6023333333333","0.0","40.992","20.8299814814815","0.0","40.992","23.0983148148148"
"Temperate","584301","13.0","9.0","0.0","48.616","1.0","0.0","48.616","1.0","-41.125","172.975","27.0812592592593","27.5468148148148","2.58740740740741","0.0","0.0","0.0","2.18444444444444","0.0","48.616","27.0812592592593","0.0","48.616","27.5468148148148"
"Temperate","584303","13.0","9.0","","","0.0","","","0.0","-41.125","172.975","27.0812592592593","27.5468148148148","2.58740740740741","0.0","0.0","0.0","2.18444444444444","0.0","48.616","27.0812592592593","0.0","48.616","27.5468148148148"
"Temperate","584305","13.0","9.0","","","0.0","","","0.0","-41.175","173.025","26.2300555555556","26.6031666666667","2.49148148148148","0.0","0.0","0.0","1.34711111111111","0.0","47.115","26.2300555555556","0.0","47.115","26.6031666666667"
"Temperate","584402","13.0","9.0","0.0","48.487","3.0","0.0","48.487","3.0","-41.275","172.125","12.5604074074074","13.2762962962963","2.26777777777778","0.0","0.0","0.0","111.0","0.0","48.487","9.63562962962963","0.0","48.487","9.95626543209877"
"Temperate","584403","13.0","9.0","","","0.0","","","0.0","-41.625","171.875","6.57266666666667","7.31361111111111","2.18203703703704","0.0","0.0","0.0","113.916888888889","0.0","44.72","6.57266666666667","0.0","44.72","7.31361111111111"
"Temperate","584404","13.0","9.0","","","0.0","","","0.0","-41.625","171.875","6.57266666666667","7.31361111111111","2.18203703703704","0.0","0.0","0.0","113.916888888889","0.0","44.72","6.57266666666667","0.0","44.72","7.31361111111111"
"Temperate","584405","13.0","9.0","","","0.0","","","0.0","-41.775","171.625","3.10757407407407","3.81005555555556","2.30888888888889","0.0","0.0","0.0","131.240222222222","0.0","48.259","3.10757407407407","0.0","48.259","3.81005555555556"
"Temperate","584407","13.0","9.0","0.0","52.044","88.0","0.0","52.044","88.0","-41.175","172.325","0.75062962962963","0.841407407407407","1.12722222222222","0.0","0.0","0.0","158.303222222222","0.0","52.044","1.30317718855219","0.0","52.044","1.57206881313131"
"Temperate","584408","13.0","9.0","0.0","45.035","41.0","0.0","45.035","41.0","-41.575","172.175","1.75268518518519","2.14957407407407","1.98277777777778","0.0","0.0","0.0","150.112444444444","0.0","45.035","0.984022583559169","0.0","45.035","1.21639566395664"
"Temperate","584409","13.0","9.0","0.0","44.878","22.0","0.0","44.878","22.0","-41.725","171.875","0.0","0.836740740740741","1.05407407407407","0.0","0.0","0.0","125.011166666667","0.0","44.878","1.2928367003367","0.0","44.878","1.69220791245791"
"Temperate","584410","13.0","9.0","0.0","48.259","25.0","0.0","48.259","25.0","-41.875","171.625","0.0","0.041","0.763148148148148","0.00577777777777778","0.0","0.0","133.083796296296","0.0","48.259","1.4894562962963","0.0","48.259","1.88628962962963"
"Temperate","584411","13.0","9.0","0.0","49.415","24.0","0.0","49.415","24.0","-42.025","171.475","1.93088888888889","2.26655555555556","1.94425925925926","0.0","0.0","0.0","199.730314814815","0.0","49.415","1.9479375","0.0","49.415","2.34841049382716"
"Temperate","584412","13.0","9.0","0.0","45.111","15.0","0.0","45.111","15.0","-41.825","171.975","1.5662962962963","1.9332962962963","1.6662962962963","0.0","0.0","0.0","125.880703703704","0.0","45.111","1.67110740740741","0.0","45.111","2.10802839506173"
"Temperate","584500","13.0","9.0","","","0.0","","","0.0","-41.775","171.625","3.10757407407407","3.81005555555556","2.30888888888889","0.0","0.0","0.0","131.240222222222","0.0","48.259","3.10757407407407","0.0","48.259","3.81005555555556"
"Temperate","584600","13.0","9.0","","","0.0","","","0.0","-42.125","171.875","3.17455555555556","3.70501851851852","1.82666666666667","0.0","0.0","0.0","116.026740740741","0.0","36.609","3.17455555555556","0.0","36.609","3.70501851851852"
"Temperate","584701","13.0","9.0","0.0","44.47","46.0","0.0","44.47","46.0","-42.125","171.975","3.28962962962963","3.83075925925926","1.50981481481481","0.000444444444444444","0.0","0.0","112.494","0.0","44.47","1.75869766505636","0.0","44.47","2.24633051529791"
"Temperate","584702","13.0","9.0","0.0","45.503","28.0","0.0","45.503","28.0","-42.225","171.775","1.78683333333333","2.12383333333333","1.87166666666667","0.0","0.0","0.0","147.710814814815","0.0","45.503","1.33056349206349","0.0","45.503","1.67246626984127"
"Temperate","584703","13.0","9.0","0.0","37.387","47.0","0.0","37.387","47.0","-42.325","172.175","8.00772222222222","8.71372222222222","1.83925925925926","0.00588888888888889","0.0","0.0","111.014555555556","0.0","37.387","3.32466509062254","0.0","37.387","4.24217454688731"
"Temperate","584800","13.0","9.0","","","0.0","","","0.0","-42.475","171.225","5.27535185185185","5.80596296296296","1.69962962962963","0.0","0.0","0.0","112.347222222222","0.0","35.304","5.27535185185185","0.0","35.304","5.80596296296296"
"Temperate","584911","13.0","9.0","","","0.0","","","0.0","-42.425","171.225","6.33942592592593","6.88925925925926","1.67314814814815","0.0","0.0","0.0","111.457333333333","0.0","34.782","6.33942592592593","0.0","34.782","6.88925925925926"
"Temperate","584912","13.0","9.0","0.0","41.171","1.0","0.0","41.171","1.0","-42.525","171.175","3.59938888888889","4.10572222222222","1.96666666666667","0.0","0.0","0.0","115.501222222222","0.0","41.171","3.59938888888889","0.0","41.171","4.10572222222222"
"Temperate","584922","13.0","9.0","","","0.0","","","0.0","-42.375","171.375","2.11996296296296","2.50305555555556","1.73962962962963","0.0","0.0","0.0","117.213777777778","0.0","36.759","2.11996296296296","0.0","36.759","2.50305555555556"
"Temperate","584923","13.0","9.0","0.0","34.782","1.0","0.0","34.782","1.0","-42.425","171.225","6.33942592592593","6.88925925925926","1.67314814814815","0.0","0.0","0.0","111.457333333333","0.0","34.782","6.33942592592593","0.0","34.782","6.88925925925926"
"Temperate","584930","13.0","9.0","","","0.0","","","0.0","-42.425","171.325","2.91433333333333","3.3165","1.57796296296296","0.0","0.0","0.0","114.576148148148","0.0","32.164","2.91433333333333","0.0","32.164","3.3165"
"Temperate","584931","13.0","9.0","0.0","49.728","8.0","0.0","49.728","8.0","-42.275","171.325","1.32138888888889","1.53827777777778","1.50925925925926","0.0","0.0","0.0","148.406759259259","0.0","49.728","2.756875","0.0","49.728","3.19325"
"Temperate","584932","13.0","9.0","0.0","46.38","5.0","0.0","46.38","5.0","-42.425","171.325","2.91433333333333","3.3165","1.57796296296296","0.0","0.0","0.0","114.576148148148","0.0","46.38","2.20857407407407","0.0","46.38","2.61147037037037"
"Temperate","584933","13.0","9.0","0.0","46.576","19.0","0.0","46.576","19.0","-42.225","171.525","1.47322222222222","1.70977777777778","1.61259259259259","0.0","0.0","0.0","149.664722222222","0.0","46.576","1.18225730994152","0.0","46.576","1.55817933723197"
"Temperate","584934","13.0","9.0","0.0","41.801","3.0","0.0","41.801","3.0","-42.475","171.275","2.94033333333333","3.42718518518519","2.00777777777778","0.0","0.0","0.0","116.187777777778","0.0","41.801","3.51119135802469","0.0","41.801","3.97872839506173"
"Temperate","584935","13.0","9.0","0.0","41.776","17.0","0.0","41.776","17.0","-42.625","171.275","1.82788888888889","2.187","1.87259259259259","0.0","0.0","0.0","128.932018518519","0.0","41.776","1.67426361655773","0.0","41.776","2.02161546840959"
"Temperate","584936","13.0","9.0","0.0","47.255","5.0","0.0","47.255","5.0","-42.525","171.475","1.83411111111111","2.23944444444444","1.89851851851852","0.0","0.0","0.0","127.031425925926","0.0","47.255","2.26024074074074","0.0","47.255","2.72675185185185"
"Temperate","584937","13.0","9.0","0.0","47.468","22.0","0.0","47.468","22.0","-42.475","171.575","1.76994444444444","2.11716666666667","1.88814814814815","0.0","0.0","0.0","144.513685185185","0.0","47.468","1.81893097643098","0.0","47.468","2.19282491582492"
"Temperate","584938","13.0","9.0","0.0","46.688","19.0","0.0","46.688","19.0","-42.375","171.775","1.88846296296296","2.28946296296296","1.94314814814815","0.0","0.0","0.0","134.547092592593","0.0","46.688","1.53771247563353","0.0","46.688","1.9047261208577"
"Temperate","584939","13.0","9.0","0.0","45.295","30.0","0.0","45.295","30.0","-42.675","171.575","1.8312037037037","2.24875925925926","1.92851851851852","0.0","0.0","0.0","133.239666666667","0.0","45.295","1.00571111111111","0.0","45.295","1.23564444444444"
"Temperate","584940","13.0","9.0","0.0","40.807","24.0","0.0","40.807","24.0","-42.575","171.925","5.86731481481482","6.59775925925926","2.01462962962963","0.0","0.0","0.0","112.784111111111","0.0","40.807","1.46778395061728","0.0","40.807","1.82995987654321"
"Temperate","585000","13.0","9.0","","","0.0","","","0.0","-42.375","171.275","2.36872222222222","2.81824074074074","1.91314814814815","0.0","0.0","0.0","120.163888888889","0.0","40.848","2.36872222222222","0.0","40.848","2.81824074074074"
"Temperate","585110","13.0","9.0","","","0.0","","","0.0","-42.425","171.225","6.33942592592593","6.88925925925926","1.67314814814815","0.0","0.0","0.0","111.457333333333","0.0","34.782","6.33942592592593","0.0","34.782","6.88925925925926"
"Temperate","585120","13.0","9.0","","","0.0","","","0.0","-42.475","171.225","5.27535185185185","5.80596296296296","1.69962962962963","0.0","0.0","0.0","112.347222222222","0.0","35.304","5.27535185185185","0.0","35.304","5.80596296296296"
"Temperate","585130","13.0","9.0","","","0.0","","","0.0","-42.475","171.225","5.27535185185185","5.80596296296296","1.69962962962963","0.0","0.0","0.0","112.347222222222","0.0","35.304","5.27535185185185","0.0","35.304","5.80596296296296"
"Temperate","585140","13.0","9.0","","","0.0","","","0.0","-42.475","171.225","5.27535185185185","5.80596296296296","1.69962962962963","0.0","0.0","0.0","112.347222222222","0.0","35.304","5.27535185185185","0.0","35.304","5.80596296296296"
"Temperate","585306","13.0","9.0","","","0.0","","","0.0","-42.625","171.175","2.10403703703704","2.51922222222222","1.96666666666667","0.0","0.0","0.0","118.986444444444","0.0","41.171","2.10403703703704","0.0","41.171","2.51922222222222"
"Temperate","585307","13.0","9.0","","","0.0","","","0.0","-42.725","170.975","1.82961111111111","2.19592592592593","1.84240740740741","0.0","0.0","0.0","118.085222222222","0.0","37.313","1.82961111111111","0.0","37.313","2.19592592592593"
"Temperate","585309","13.0","9.0","","","0.0","","","0.0","-42.925","170.825","1.27737037037037","1.47881481481481","1.58296296296296","0.0","0.0","0.0","156.862888888889","0.0","30.694","1.27737037037037","0.0","30.694","1.47881481481481"
"Temperate","585311","13.0","9.0","0.0","39.903","4.0","0.0","39.903","4.0","-43.125","170.525","0.963888888888889","1.12488888888889","1.40666666666667","0.0","0.0","0.0","149.483518518519","0.0","39.903","3.03137962962963","0.0","39.903","3.32668518518519"
"Temperate","585312","13.0","9.0","0.0","40.78","2.0","0.0","40.78","2.0","-43.375","170.175","1.55938888888889","1.88105555555556","2.05296296296296","0.0","0.0","0.0","169.322944444444","0.0","40.78","1.66446296296296","0.0","40.78","2.02407407407407"
"Temperate","585313","13.0","9.0","0.0","41.799","1.0","0.0","41.799","1.0","-43.475","169.925","1.84964814814815","2.2852037037037","2.2762962962963","0.0","0.0","0.0","163.195074074074","0.0","41.799","1.69605555555556","0.0","41.799","2.06283333333333"
"Temperate","585314","13.0","9.0","0.0","42.872","17.0","0.0","42.872","17.0","-42.775","171.325","1.71009259259259","2.05464814814815","1.875","0.0","0.0","0.0","147.514944444444","0.0","42.872","1.2729825708061","0.0","42.872","1.49265359477124"
"Temperate","585315","13.0","9.0","0.0","39.804","21.0","0.0","39.804","21.0","-42.825","171.625","1.15881481481481","1.47237037037037","1.58333333333333","0.0","0.0","0.0","138.860240740741","0.0","39.804","0.891758377425044","0.0","39.804","1.18841534391534"
"Temperate","585316","13.0","9.0","0.0","42.851","8.0","0.0","42.851","8.0","-42.675","171.125","1.56705555555556","1.84205555555556","1.65018518518519","0.0","0.0","0.0","129.72412962963","0.0","42.851","2.02184953703704","0.0","42.851","2.3528287037037"
"Temperate","585317","13.0","9.0","0.0","37.652","6.0","0.0","37.652","6.0","-42.775","170.975","1.60524074074074","1.90346296296296","1.73407407407407","0.0","0.0","0.0","132.621703703704","0.0","37.652","1.63769444444444","0.0","37.652","1.94243518518519"
"Temperate","585318","13.0","9.0","0.0","41.836","36.0","0.0","41.836","36.0","-42.925","171.125","1.4822037037037","1.75231481481481","1.78814814814815","0.0","0.0","0.0","163.390518518519","0.0","41.836","0.857738683127572","0.0","41.836","1.030329218107"
"Temperate","585319","13.0","9.0","0.0","37.813","14.0","0.0","37.813","14.0","-42.975","170.925","0.0","0.765518518518518","1.05703703703704","0.00122222222222222","0.0","0.0","161.8435","0.0","37.813","0.924564814814815","0.0","37.813","1.23268253968254"
"Temperate","585320","13.0","9.0","0.0","40.596","51.0","0.0","40.596","51.0","-43.125","170.725","1.26464814814815","1.47242592592593","1.59592592592593","0.0","0.0","0.0","160.055962962963","0.0","40.596","0.956352941176471","0.0","40.596","1.14289288307916"
"Temperate","585321","13.0","9.0","0.0","38.281","42.0","0.0","38.281","42.0","-43.275","170.425","1.32233333333333","1.47244444444444","1.75666666666667","0.0","0.0","0.0","218.305351851852","0.0","38.281","0.951867724867725","0.0","38.281","1.15744620811287"
"Temperate","585322","13.0","9.0","0.0","42.909","22.0","0.0","42.909","22.0","-43.375","170.225","1.08711111111111","1.21722222222222","1.57759259259259","0.0","0.0","0.0","202.611925925926","0.0","42.909","1.14842676767677","0.0","42.909","1.35563215488215"
"Temperate","585323","13.0","9.0","0.0","53.362","52.0","0.0","53.362","52.0","-43.575","169.925","0.0","0.0106666666666667","0.493703703703704","0.00422222222222222","0.0","0.0","0.908","0.0","53.362","1.32712286324786","0.0","53.362","1.48377884615385"
"Temperate","585324","13.0","9.0","0.0","51.175","55.0","0.0","51.175","55.0","-43.775","169.625","0.810740740740741","0.850111111111111","1.20703703703704","0.002","0.0","0.0","183.064574074074","0.0","51.175","0.959301346801347","0.0","51.175","1.03299225589226"
"Temperate","585325","13.0","9.0","0.0","52.436","176.0","0.0","52.436","176.0","-44.075","168.825","0.0","0.0645555555555555","0.925925925925926","0.000888888888888889","0.0","0.0","140.747018518519","0.0","52.436","0.991822811447811","0.0","52.436","1.12322011784512"
"Temperate","585400","13.0","9.0","0.0","37.313","1.0","0.0","37.313","1.0","-42.725","170.975","1.82961111111111","2.19592592592593","1.84240740740741","0.0","0.0","0.0","118.085222222222","0.0","37.313","1.82961111111111","0.0","37.313","2.19592592592593"
"Temperate","585502","13.0","9.0","0.0","33.065","1.0","0.0","33.065","1.0","-42.525","172.825","13.8600925925926","14.719537037037","1.86796296296296","0.0","0.0","0.0","30.9182222222222","0.0","33.065","13.8600925925926","0.0","33.065","14.719537037037"
"Temperate","585504","13.0","9.0","0.0","41.322","2.0","0.0","41.322","2.0","-42.775","172.825","20.3413888888889","20.7965","2.08462962962963","0.0","0.0","0.0","10.3825555555556","0.0","41.322","19.8531388888889","0.0","41.322","20.7225833333333"
"Temperate","585505","13.0","9.0","","","0.0","","","0.0","-42.675","173.025","18.5079259259259","19.3497037037037","1.93666666666667","0.0","0.0","0.0","13.0738888888889","0.0","39.557","18.5079259259259","0.0","39.557","19.3497037037037"
"Temperate","585506","13.0","9.0","0.0","41.391","183.0","0.0","41.391","183.0","-42.575","172.725","16.1681666666667","17.1311666666667","1.97777777777778","0.0","0.0","0.0","20.6984444444444","0.0","41.391","6.76926907508602","0.0","41.391","7.89726907508601"
"Temperate","585601","13.0","9.0","0.0","42.933","40.0","0.0","42.933","40.0","-42.725","173.275","16.7864444444444","17.4383333333333","1.97648148148148","0.0","0.0","0.0","111.0","0.0","42.933","14.7651513888889","0.0","42.933","15.7943972222222"
"Temperate","585602","13.0","9.0","","","0.0","","","0.0","-42.825","173.275","19.5316111111111","20.3935","2.08907407407407","0.0","0.0","0.0","26.4412222222222","0.0","38.487","19.5316111111111","0.0","38.487","20.3935"
"Temperate","585700","13.0","9.0","0.0","42.583","112.0","0.0","42.583","112.0","-42.875","172.525","13.0278148148148","14.8280925925926","1.66944444444444","0.023","0.0","0.0","7.77966666666667","0.0","42.583","11.1939776785714","0.0","42.583","12.4820942460317"
"Temperate","585802","13.0","9.0","","","0.0","","","0.0","-43.175","172.725","20.5087777777778","22.3225555555556","2.11425925925926","0.0","0.0","0.0","9.11288888888889","0.0","39.358","20.5087777777778","0.0","39.358","22.3225555555556"
"Temperate","585803","13.0","9.0","0.0","40.191","19.0","0.0","40.191","19.0","-43.125","172.625","17.1355925925926","18.2203703703704","1.8987037037037","0.0","0.0","0.0","12.4553333333333","0.0","40.191","15.919828460039","0.0","40.191","17.4316559454191"
"Temperate","585805","13.0","9.0","0.0","38.566","1.0","0.0","38.566","1.0","-43.275","172.675","22.8220185185185","23.313462962963","2.17203703703704","0.0","0.0","0.0","2.83088888888889","0.0","38.566","22.8220185185185","0.0","38.566","23.313462962963"
"Temperate","585806","13.0","9.0","0.0","38.979","25.0","0.0","38.979","25.0","-43.125","172.325","6.07294444444444","8.84716666666667","1.37722222222222","0.000666666666666667","0.0","0.0","56.956","0.0","38.979","8.73586740740741","0.0","38.979","10.6437651851852"
"Temperate","585807","13.0","9.0","0.0","38.956","5.0","0.0","38.956","5.0","-43.225","172.525","17.6875925925926","18.5253703703704","1.88777777777778","0.0","0.0","0.0","17.6644444444444","0.0","38.956","17.7152925925926","0.0","38.956","19.186437037037"
"Temperate","585808","13.0","9.0","0.0","38.89","3.0","0.0","38.89","3.0","-43.225","172.625","18.892","20.6303333333333","1.98222222222222","0.0","0.0","0.0","11.3542222222222","0.0","38.89","20.2658395061728","0.0","38.89","22.0477654320988"
"Temperate","586001","13.0","9.0","","","0.0","","","0.0","-43.375","172.675","20.5082592592593","21.7539259259259","1.96611111111111","0.0","0.0","0.0","2.36411111111111","0.0","36.694","20.5082592592593","0.0","36.694","21.7539259259259"
"Temperate","586002","13.0","9.0","","","0.0","","","0.0","-43.375","172.675","20.5082592592593","21.7539259259259","1.96611111111111","0.0","0.0","0.0","2.36411111111111","0.0","36.694","20.5082592592593","0.0","36.694","21.7539259259259"
"Temperate","586112","13.0","9.0","","","0.0","","","0.0","-43.275","172.675","22.8220185185185","23.313462962963","2.17203703703704","0.0","0.0","0.0","2.83088888888889","0.0","38.566","22.8220185185185","0.0","38.566","23.313462962963"
"Temperate","586114","13.0","9.0","0.0","38.252","1.0","0.0","38.252","1.0","-43.325","172.375","18.0298703703704","19.389537037037","1.95666666666667","0.0","0.0","0.0","10.5056666666667","0.0","38.252","18.0298703703704","0.0","38.252","19.389537037037"
"Temperate","586115","13.0","9.0","0.0","37.982","3.0","0.0","37.982","3.0","-43.275","172.375","16.4551481481481","17.567037037037","1.87407407407407","0.0","0.0","0.0","9.67611111111111","0.0","37.982","17.1073888888889","0.0","37.982","18.2979814814815"
"Temperate","586120","13.0","9.0","0.0","36.506","1.0","0.0","36.506","1.0","-43.325","172.675","20.1212407407407","21.4631296296296","1.95074074074074","0.0","0.0","0.0","3.88611111111111","0.0","36.506","20.1212407407407","0.0","36.506","21.4631296296296"
"Temperate","586121","13.0","9.0","0.0","38.115","3.0","0.0","38.115","3.0","-43.325","172.525","19.3182407407407","20.9820185185185","1.99","0.0","0.0","0.0","6.14688888888889","0.0","38.115","19.1881296296296","0.0","38.115","20.7439814814815"
"Temperate","586122","13.0","9.0","","","0.0","","","0.0","-43.325","172.575","19.3565740740741","20.6902407407407","1.90888888888889","0.0","0.0","0.0","4.49622222222222","0.0","36.038","19.3565740740741","0.0","36.038","20.6902407407407"
"Temperate","586124","13.0","9.0","","","0.0","","","0.0","-43.325","172.675","20.1212407407407","21.4631296296296","1.95074074074074","0.0","0.0","0.0","3.88611111111111","0.0","36.506","20.1212407407407","0.0","36.506","21.4631296296296"
"Temperate","586126","13.0","9.0","","","0.0","","","0.0","-43.325","172.675","20.1212407407407","21.4631296296296","1.95074074074074","0.0","0.0","0.0","3.88611111111111","0.0","36.506","20.1212407407407","0.0","36.506","21.4631296296296"
"Temperate","586127","13.0","9.0","","","0.0","","","0.0","-43.275","172.675","22.8220185185185","23.313462962963","2.17203703703704","0.0","0.0","0.0","2.83088888888889","0.0","38.566","22.8220185185185","0.0","38.566","23.313462962963"
"Temperate","586128","13.0","9.0","","","0.0","","","0.0","-43.325","172.675","20.1212407407407","21.4631296296296","1.95074074074074","0.0","0.0","0.0","3.88611111111111","0.0","36.506","20.1212407407407","0.0","36.506","21.4631296296296"
"Temperate","586129","13.0","9.0","0.0","36.484","1.0","0.0","36.484","1.0","-43.325","172.625","19.916537037037","21.3500925925926","1.94796296296296","0.0","0.0","0.0","4.78422222222222","0.0","36.484","19.916537037037","0.0","36.484","21.3500925925926"
"Temperate","586130","13.0","9.0","","","0.0","","","0.0","-43.325","172.675","20.1212407407407","21.4631296296296","1.95074074074074","0.0","0.0","0.0","3.88611111111111","0.0","36.506","20.1212407407407","0.0","36.506","21.4631296296296"
"Temperate","586303","13.0","9.0","","","0.0","","","0.0","-43.325","172.625","19.916537037037","21.3500925925926","1.94796296296296","0.0","0.0","0.0","4.78422222222222","0.0","36.484","19.916537037037","0.0","36.484","21.3500925925926"
"Temperate","586304","13.0","9.0","","","0.0","","","0.0","-43.325","172.575","19.3565740740741","20.6902407407407","1.90888888888889","0.0","0.0","0.0","4.49622222222222","0.0","36.038","19.3565740740741","0.0","36.038","20.6902407407407"
"Temperate","586305","13.0","9.0","","","0.0","","","0.0","-43.275","172.575","20.411962962963","22.2564074074074","2.08407407407407","0.0","0.0","0.0","5.77577777777778","0.0","37.833","20.411962962963","0.0","37.833","22.2564074074074"
"Temperate","586306","13.0","9.0","","","0.0","","","0.0","-43.275","172.575","20.411962962963","22.2564074074074","2.08407407407407","0.0","0.0","0.0","5.77577777777778","0.0","37.833","20.411962962963","0.0","37.833","22.2564074074074"
"Temperate","586307","13.0","9.0","","","0.0","","","0.0","-43.325","172.575","19.3565740740741","20.6902407407407","1.90888888888889","0.0","0.0","0.0","4.49622222222222","0.0","36.038","19.3565740740741","0.0","36.038","20.6902407407407"
"Temperate","586308","13.0","9.0","","","0.0","","","0.0","-43.325","172.575","19.3565740740741","20.6902407407407","1.90888888888889","0.0","0.0","0.0","4.49622222222222","0.0","36.038","19.3565740740741","0.0","36.038","20.6902407407407"
"Temperate","586403","13.0","9.0","","","0.0","","","0.0","-43.375","172.675","20.5082592592593","21.7539259259259","1.96611111111111","0.0","0.0","0.0","2.36411111111111","0.0","36.694","20.5082592592593","0.0","36.694","21.7539259259259"
"Temperate","586404","13.0","9.0","","","0.0","","","0.0","-43.375","172.625","20.321037037037","21.6388148148148","1.96055555555556","0.0","0.0","0.0","2.85355555555556","0.0","36.609","20.321037037037","0.0","36.609","21.6388148148148"
"Temperate","586405","13.0","9.0","","","0.0","","","0.0","-43.375","172.675","20.5082592592593","21.7539259259259","1.96611111111111","0.0","0.0","0.0","2.36411111111111","0.0","36.694","20.5082592592593","0.0","36.694","21.7539259259259"
"Temperate","586407","13.0","9.0","","","0.0","","","0.0","-43.375","172.675","20.5082592592593","21.7539259259259","1.96611111111111","0.0","0.0","0.0","2.36411111111111","0.0","36.694","20.5082592592593","0.0","36.694","21.7539259259259"
"Temperate","586408","13.0","9.0","","","0.0","","","0.0","-43.375","172.675","20.5082592592593","21.7539259259259","1.96611111111111","0.0","0.0","0.0","2.36411111111111","0.0","36.694","20.5082592592593","0.0","36.694","21.7539259259259"
"Temperate","586409","13.0","9.0","0.0","36.694","1.0","0.0","36.694","1.0","-43.375","172.675","20.5082592592593","21.7539259259259","1.96611111111111","0.0","0.0","0.0","2.36411111111111","0.0","36.694","20.5082592592593","0.0","36.694","21.7539259259259"
"Temperate","586501","13.0","9.0","0.0","36.609","1.0","0.0","36.609","1.0","-43.425","172.625","20.8266111111111","21.8086111111111","1.95407407407407","0.0","0.0","0.0","0.696666666666667","0.0","36.609","20.321037037037","0.0","36.609","21.6388148148148"
"Temperate","586503","13.0","9.0","","","0.0","","","0.0","-43.375","172.625","20.321037037037","21.6388148148148","1.96055555555556","0.0","0.0","0.0","2.85355555555556","0.0","36.609","20.321037037037","0.0","36.609","21.6388148148148"
"Temperate","586504","13.0","9.0","","","0.0","","","0.0","-43.375","172.625","20.321037037037","21.6388148148148","1.96055555555556","0.0","0.0","0.0","2.85355555555556","0.0","36.609","20.321037037037","0.0","36.609","21.6388148148148"
"Temperate","586603","13.0","9.0","0.0","36.621","4.0","0.0","36.621","4.0","-43.375","172.525","19.2513518518519","20.8407962962963","1.96092592592593","0.0","0.0","0.0","4.922","0.0","36.621","19.4208842592593","0.0","36.621","20.8455787037037"
"Temperate","586604","13.0","9.0","0.0","36.217","1.0","0.0","36.217","1.0","-43.375","172.575","19.7488888888889","21.0076666666667","1.92314814814815","0.0","0.0","0.0","2.778","0.0","36.217","19.7488888888889","0.0","36.217","21.0076666666667"
"Temperate","586605","13.0","9.0","0.0","38.409","5.0","0.0","38.409","5.0","-43.325","172.425","18.3001296296296","19.7797962962963","1.94814814814815","0.0","0.0","0.0","8.77011111111111","0.0","38.409","18.3368740740741","0.0","38.409","19.8435851851852"
"Temperate","586606","13.0","9.0","0.0","37.974","8.0","0.0","37.974","8.0","-43.425","172.325","16.8855925925926","18.0235925925926","1.92037037037037","0.0","0.0","0.0","9.59455555555556","0.0","37.974","17.2112199074074","0.0","37.974","18.3987615740741"
"Temperate","586801","13.0","9.0","0.0","37.502","33.0","0.0","37.502","33.0","-43.225","172.125","4.54531481481482","7.17487037037037","1.20833333333333","0.001","0.0","0.0","31.3018888888889","0.0","37.502","10.1983305274972","0.0","37.502","11.6572850729517"
"Temperate","586802","13.0","9.0","","","0.0","","","0.0","-43.275","172.175","12.3294444444444","14.0204444444444","1.60351851851852","0.0361111111111111","0.0","0.0","4.71777777777778","0.0","32.062","12.3294444444444","0.0","32.062","14.0204444444444"
"Temperate","586900","13.0","9.0","","","0.0","","","0.0","-43.475","172.125","14.8508888888889","15.6679444444444","1.84240740740741","0.000333333333333333","0.0","0.0","13.7882222222222","0.0","34.561","14.8508888888889","0.0","34.561","15.6679444444444"
"Temperate","587010","13.0","9.0","0.0","38.945","21.0","0.0","38.945","21.0","-43.525","172.175","16.1960925925926","17.0327592592593","1.87518518518519","0.0","0.0","0.0","11.6228888888889","0.0","38.945","16.2551631393298","0.0","38.945","17.2739858906526"
"Temperate","587020","13.0","9.0","","","0.0","","","0.0","-43.625","172.325","18.6030555555556","20.6635","1.94555555555556","0.0","0.0","0.0","8.44933333333333","0.0","36.765","18.6030555555556","0.0","36.765","20.6635"
"Temperate","587100","13.0","9.0","0.0","35.849","205.0","0.0","35.849","205.0","-43.175","171.725","4.33259259259259","6.59481481481482","1.26777777777778","0.000888888888888889","0.0","0.0","44.8486666666667","0.0","35.849","4.50554263775971","0.0","35.849","5.61737678410117"
"Temperate","587302","13.0","9.0","","","0.0","","","0.0","-43.575","172.575","20.4625555555556","21.9423333333333","1.92018518518519","0.0","0.0","0.0","3.12811111111111","0.0","37.726","20.4625555555556","0.0","37.726","21.9423333333333"
"Temperate","587303","13.0","9.0","","","0.0","","","0.0","-43.575","172.525","20.0417592592593","21.5319814814815","1.93240740740741","0.0","0.0","0.0","3.00644444444444","0.0","36.509","20.0417592592593","0.0","36.509","21.5319814814815"
"Temperate","587304","13.0","9.0","","","0.0","","","0.0","-43.575","172.575","20.4625555555556","21.9423333333333","1.92018518518519","0.0","0.0","0.0","3.12811111111111","0.0","37.726","20.4625555555556","0.0","37.726","21.9423333333333"
"Temperate","587400","13.0","9.0","","","0.0","","","0.0","-43.525","172.525","19.8879444444444","21.4278333333333","1.93666666666667","0.0","0.0","0.0","3.50277777777778","0.0","36.468","19.8879444444444","0.0","36.468","21.4278333333333"
"Temperate","587500","13.0","9.0","","","0.0","","","0.0","-43.525","172.525","19.8879444444444","21.4278333333333","1.93666666666667","0.0","0.0","0.0","3.50277777777778","0.0","36.468","19.8879444444444","0.0","36.468","21.4278333333333"
"Temperate","587701","13.0","9.0","","","0.0","","","0.0","-43.525","172.575","20.1735925925926","21.4282592592593","1.94462962962963","0.0","0.0","0.0","1.83611111111111","0.0","36.442","20.1735925925926","0.0","36.442","21.4282592592593"
"Temperate","587702","13.0","9.0","","","0.0","","","0.0","-43.575","172.575","20.4625555555556","21.9423333333333","1.92018518518519","0.0","0.0","0.0","3.12811111111111","0.0","37.726","20.4625555555556","0.0","37.726","21.9423333333333"
"Temperate","587811","13.0","9.0","","","0.0","","","0.0","-43.475","172.525","19.8357222222222","21.3463888888889","1.9287037037037","0.0","0.0","0.0","3.70411111111111","0.0","36.33","19.8357222222222","0.0","36.33","21.3463888888889"
"Temperate","587812","13.0","9.0","0.0","36.468","1.0","0.0","36.468","1.0","-43.525","172.525","19.8879444444444","21.4278333333333","1.93666666666667","0.0","0.0","0.0","3.50277777777778","0.0","36.468","19.8879444444444","0.0","36.468","21.4278333333333"
"Temperate","587821","13.0","9.0","0.0","36.246","1.0","0.0","36.246","1.0","-43.525","172.475","19.1517777777778","20.8474444444444","1.91740740740741","0.0","0.0","0.0","5.25888888888889","0.0","36.246","19.1517777777778","0.0","36.246","20.8474444444444"
"Temperate","587822","13.0","9.0","","","0.0","","","0.0","-43.575","172.475","19.6616666666667","21.3807777777778","1.93555555555556","0.0","0.0","0.0","4.65077777777778","0.0","36.553","19.6616666666667","0.0","36.553","21.3807777777778"
"Temperate","587830","13.0","9.0","","","0.0","","","0.0","-43.525","172.525","19.8879444444444","21.4278333333333","1.93666666666667","0.0","0.0","0.0","3.50277777777778","0.0","36.468","19.8879444444444","0.0","36.468","21.4278333333333"
"Temperate","587842","13.0","9.0","0.0","36.509","1.0","0.0","36.509","1.0","-43.575","172.525","20.0417592592593","21.5319814814815","1.93240740740741","0.0","0.0","0.0","3.00644444444444","0.0","36.509","20.0417592592593","0.0","36.509","21.5319814814815"
"Temperate","587844","13.0","9.0","","","0.0","","","0.0","-43.575","172.625","19.9052222222222","21.7305555555556","1.92888888888889","0.0","0.0","0.0","6.79144444444444","0.0","37.826","19.9052222222222","0.0","37.826","21.7305555555556"
"Temperate","587845","13.0","9.0","","","0.0","","","0.0","-43.575","172.575","20.4625555555556","21.9423333333333","1.92018518518519","0.0","0.0","0.0","3.12811111111111","0.0","37.726","20.4625555555556","0.0","37.726","21.9423333333333"
"Temperate","587846","13.0","9.0","0.0","37.726","1.0","0.0","37.726","1.0","-43.575","172.575","20.4625555555556","21.9423333333333","1.92018518518519","0.0","0.0","0.0","3.12811111111111","0.0","37.726","20.4625555555556","0.0","37.726","21.9423333333333"
"Temperate","587847","13.0","9.0","","","0.0","","","0.0","-43.575","172.575","20.4625555555556","21.9423333333333","1.92018518518519","0.0","0.0","0.0","3.12811111111111","0.0","37.726","20.4625555555556","0.0","37.726","21.9423333333333"
"Temperate","587848","13.0","9.0","","","0.0","","","0.0","-43.575","172.525","20.0417592592593","21.5319814814815","1.93240740740741","0.0","0.0","0.0","3.00644444444444","0.0","36.509","20.0417592592593","0.0","36.509","21.5319814814815"
"Temperate","587849","13.0","9.0","0.0","36.553","1.0","0.0","36.553","1.0","-43.575","172.525","20.0417592592593","21.5319814814815","1.93240740740741","0.0","0.0","0.0","3.00644444444444","0.0","36.553","19.6616666666667","0.0","36.553","21.3807777777778"
"Temperate","587902","13.0","9.0","0.0","36.396","2.0","0.0","36.396","2.0","-43.475","172.475","19.0150740740741","20.4957407407407","1.9337037037037","0.0","0.0","0.0","4.37833333333333","0.0","36.396","19.4253981481481","0.0","36.396","20.9210648148148"
"Temperate","587903","13.0","9.0","","","0.0","","","0.0","-43.625","172.625","9.15877777777778","14.0496111111111","1.33111111111111","0.00477777777777778","0.0","0.0","4.29522222222222","0.0","26.705","9.15877777777778","0.0","29.474","14.0496111111111"
"Temperate","587904","13.0","9.0","0.0","37.572","14.0","0.0","37.572","14.0","-43.575","172.425","19.0731481481481","20.9427037037037","1.93037037037037","0.0","0.0","0.0","6.44877777777778","0.0","37.572","17.8866031746032","0.0","37.572","19.7897420634921"
"Temperate","587905","13.0","9.0","","","0.0","","","0.0","-43.675","172.575","15.6755555555556","18.2845555555556","1.67333333333333","0.0","0.0","0.0","12.1558888888889","0.0","35.335","15.6755555555556","0.0","35.335","18.2845555555556"
"Temperate","588101","13.0","9.0","0.0","36.526","1.0","0.0","36.526","1.0","-43.475","172.625","20.2706296296296","21.6075185185185","1.95074074074074","0.0","0.0","0.0","2.47566666666667","0.0","36.526","20.2706296296296","0.0","36.526","21.6075185185185"
"Temperate","588102","13.0","9.0","","","0.0","","","0.0","-43.475","172.625","20.2706296296296","21.6075185185185","1.95074074074074","0.0","0.0","0.0","2.47566666666667","0.0","36.526","20.2706296296296","0.0","36.526","21.6075185185185"
"Temperate","588200","13.0","9.0","","","0.0","","","0.0","-43.475","172.625","20.2706296296296","21.6075185185185","1.95074074074074","0.0","0.0","0.0","2.47566666666667","0.0","36.526","20.2706296296296","0.0","36.526","21.6075185185185"
"Temperate","588300","13.0","9.0","","","0.0","","","0.0","-43.475","172.625","20.2706296296296","21.6075185185185","1.95074074074074","0.0","0.0","0.0","2.47566666666667","0.0","36.526","20.2706296296296","0.0","36.526","21.6075185185185"
"Temperate","588401","13.0","9.0","","","0.0","","","0.0","-43.475","172.625","20.2706296296296","21.6075185185185","1.95074074074074","0.0","0.0","0.0","2.47566666666667","0.0","36.526","20.2706296296296","0.0","36.526","21.6075185185185"
"Temperate","588402","13.0","9.0","","","0.0","","","0.0","-43.475","172.575","19.9918333333333","21.1308333333333","1.93148148148148","0.0","0.0","0.0","1.48866666666667","0.0","36.288","19.9918333333333","0.0","36.288","21.1308333333333"
"Temperate","588500","13.0","9.0","0.0","36.288","1.0","0.0","36.288","1.0","-43.475","172.575","19.9918333333333","21.1308333333333","1.93148148148148","0.0","0.0","0.0","1.48866666666667","0.0","36.288","19.9918333333333","0.0","36.288","21.1308333333333"
"Temperate","588600","13.0","9.0","","","0.0","","","0.0","-43.475","172.575","19.9918333333333","21.1308333333333","1.93148148148148","0.0","0.0","0.0","1.48866666666667","0.0","36.288","19.9918333333333","0.0","36.288","21.1308333333333"
"Temperate","588700","13.0","9.0","","","0.0","","","0.0","-43.475","172.575","19.9918333333333","21.1308333333333","1.93148148148148","0.0","0.0","0.0","1.48866666666667","0.0","36.288","19.9918333333333","0.0","36.288","21.1308333333333"
"Temperate","588800","13.0","9.0","","","0.0","","","0.0","-43.475","172.575","19.9918333333333","21.1308333333333","1.93148148148148","0.0","0.0","0.0","1.48866666666667","0.0","36.288","19.9918333333333","0.0","36.288","21.1308333333333"
"Temperate","588900","13.0","9.0","","","0.0","","","0.0","-43.525","172.575","20.1735925925926","21.4282592592593","1.94462962962963","0.0","0.0","0.0","1.83611111111111","0.0","36.442","20.1735925925926","0.0","36.442","21.4282592592593"
"Temperate","589000","13.0","9.0","","","0.0","","","0.0","-43.525","172.575","20.1735925925926","21.4282592592593","1.94462962962963","0.0","0.0","0.0","1.83611111111111","0.0","36.442","20.1735925925926","0.0","36.442","21.4282592592593"
"Temperate","589100","13.0","9.0","","","0.0","","","0.0","-43.525","172.575","20.1735925925926","21.4282592592593","1.94462962962963","0.0","0.0","0.0","1.83611111111111","0.0","36.442","20.1735925925926","0.0","36.442","21.4282592592593"
"Temperate","589200","13.0","9.0","","","0.0","","","0.0","-43.525","172.575","20.1735925925926","21.4282592592593","1.94462962962963","0.0","0.0","0.0","1.83611111111111","0.0","36.442","20.1735925925926","0.0","36.442","21.4282592592593"
"Temperate","589300","13.0","9.0","","","0.0","","","0.0","-43.525","172.625","20.0562407407407","21.6023518518519","1.96166666666667","0.0","0.0","0.0","3.57544444444444","0.0","36.632","20.0562407407407","0.0","36.632","21.6023518518519"
"Temperate","589400","13.0","9.0","","","0.0","","","0.0","-43.525","172.575","20.1735925925926","21.4282592592593","1.94462962962963","0.0","0.0","0.0","1.83611111111111","0.0","36.442","20.1735925925926","0.0","36.442","21.4282592592593"
"Temperate","589500","13.0","9.0","","","0.0","","","0.0","-43.525","172.575","20.1735925925926","21.4282592592593","1.94462962962963","0.0","0.0","0.0","1.83611111111111","0.0","36.442","20.1735925925926","0.0","36.442","21.4282592592593"
"Temperate","589601","13.0","9.0","","","0.0","","","0.0","-43.525","172.525","19.8879444444444","21.4278333333333","1.93666666666667","0.0","0.0","0.0","3.50277777777778","0.0","36.468","19.8879444444444","0.0","36.468","21.4278333333333"
"Temperate","589602","13.0","9.0","","","0.0","","","0.0","-43.525","172.575","20.1735925925926","21.4282592592593","1.94462962962963","0.0","0.0","0.0","1.83611111111111","0.0","36.442","20.1735925925926","0.0","36.442","21.4282592592593"
"Temperate","589700","13.0","9.0","","","0.0","","","0.0","-43.525","172.575","20.1735925925926","21.4282592592593","1.94462962962963","0.0","0.0","0.0","1.83611111111111","0.0","36.442","20.1735925925926","0.0","36.442","21.4282592592593"
"Temperate","589800","13.0","9.0","","","0.0","","","0.0","-43.525","172.525","19.8879444444444","21.4278333333333","1.93666666666667","0.0","0.0","0.0","3.50277777777778","0.0","36.468","19.8879444444444","0.0","36.468","21.4278333333333"
"Temperate","589900","13.0","9.0","","","0.0","","","0.0","-43.525","172.575","20.1735925925926","21.4282592592593","1.94462962962963","0.0","0.0","0.0","1.83611111111111","0.0","36.442","20.1735925925926","0.0","36.442","21.4282592592593"
"Temperate","590000","13.0","9.0","0.0","36.442","1.0","0.0","36.442","1.0","-43.525","172.575","20.1735925925926","21.4282592592593","1.94462962962963","0.0","0.0","0.0","1.83611111111111","0.0","36.442","20.1735925925926","0.0","36.442","21.4282592592593"
"Temperate","590100","13.0","9.0","","","0.0","","","0.0","-43.525","172.575","20.1735925925926","21.4282592592593","1.94462962962963","0.0","0.0","0.0","1.83611111111111","0.0","36.442","20.1735925925926","0.0","36.442","21.4282592592593"
"Temperate","590200","13.0","9.0","","","0.0","","","0.0","-43.525","172.575","20.1735925925926","21.4282592592593","1.94462962962963","0.0","0.0","0.0","1.83611111111111","0.0","36.442","20.1735925925926","0.0","36.442","21.4282592592593"
"Temperate","590300","13.0","9.0","","","0.0","","","0.0","-43.525","172.575","20.1735925925926","21.4282592592593","1.94462962962963","0.0","0.0","0.0","1.83611111111111","0.0","36.442","20.1735925925926","0.0","36.442","21.4282592592593"
"Temperate","590400","13.0","9.0","0.0","36.567","1.0","0.0","36.567","1.0","-43.425","172.625","20.8266111111111","21.8086111111111","1.95407407407407","0.0","0.0","0.0","0.696666666666667","0.0","36.567","20.8266111111111","0.0","36.567","21.8086111111111"
"Temperate","590501","13.0","9.0","0.0","36.632","1.0","0.0","36.632","1.0","-43.475","172.675","20.3633518518519","21.7012407407407","1.96166666666667","0.0","0.0","0.0","2.62322222222222","0.0","36.632","20.3633518518519","0.0","36.632","21.7012407407407"
"Temperate","590504","13.0","9.0","","","0.0","","","0.0","-43.475","172.625","20.2706296296296","21.6075185185185","1.95074074074074","0.0","0.0","0.0","2.47566666666667","0.0","36.526","20.2706296296296","0.0","36.526","21.6075185185185"
"Temperate","590505","13.0","9.0","","","0.0","","","0.0","-43.475","172.675","20.3633518518519","21.7012407407407","1.96166666666667","0.0","0.0","0.0","2.62322222222222","0.0","36.632","20.3633518518519","0.0","36.632","21.7012407407407"
"Temperate","590506","13.0","9.0","","","0.0","","","0.0","-43.475","172.625","20.2706296296296","21.6075185185185","1.95074074074074","0.0","0.0","0.0","2.47566666666667","0.0","36.526","20.2706296296296","0.0","36.526","21.6075185185185"
"Temperate","590507","13.0","9.0","","","0.0","","","0.0","-43.475","172.675","20.3633518518519","21.7012407407407","1.96166666666667","0.0","0.0","0.0","2.62322222222222","0.0","36.632","20.3633518518519","0.0","36.632","21.7012407407407"
"Temperate","590602","13.0","9.0","","","0.0","","","0.0","-43.475","172.675","20.3633518518519","21.7012407407407","1.96166666666667","0.0","0.0","0.0","2.62322222222222","0.0","36.632","20.3633518518519","0.0","36.632","21.7012407407407"
"Temperate","590603","13.0","9.0","","","0.0","","","0.0","-43.475","172.675","20.3633518518519","21.7012407407407","1.96166666666667","0.0","0.0","0.0","2.62322222222222","0.0","36.632","20.3633518518519","0.0","36.632","21.7012407407407"
"Temperate","590604","13.0","9.0","0.0","36.674","1.0","0.0","36.674","1.0","-43.425","172.675","21.114037037037","21.9743703703704","1.965","0.0","0.0","0.0","0.09","0.0","36.674","21.114037037037","0.0","36.674","21.9743703703704"
"Temperate","590701","13.0","9.0","","","0.0","","","0.0","-43.525","172.625","20.0562407407407","21.6023518518519","1.96166666666667","0.0","0.0","0.0","3.57544444444444","0.0","36.632","20.0562407407407","0.0","36.632","21.6023518518519"
"Temperate","590702","13.0","9.0","","","0.0","","","0.0","-43.525","172.575","20.1735925925926","21.4282592592593","1.94462962962963","0.0","0.0","0.0","1.83611111111111","0.0","36.442","20.1735925925926","0.0","36.442","21.4282592592593"
"Temperate","590800","13.0","9.0","","","0.0","","","0.0","-43.525","172.625","20.0562407407407","21.6023518518519","1.96166666666667","0.0","0.0","0.0","3.57544444444444","0.0","36.632","20.0562407407407","0.0","36.632","21.6023518518519"
"Temperate","590900","13.0","9.0","","","0.0","","","0.0","-43.525","172.625","20.0562407407407","21.6023518518519","1.96166666666667","0.0","0.0","0.0","3.57544444444444","0.0","36.632","20.0562407407407","0.0","36.632","21.6023518518519"
"Temperate","591101","13.0","9.0","0.0","37.826","1.0","0.0","37.826","1.0","-43.575","172.625","19.9052222222222","21.7305555555556","1.92888888888889","0.0","0.0","0.0","6.79144444444444","0.0","37.826","19.9052222222222","0.0","37.826","21.7305555555556"
"Temperate","591102","13.0","9.0","","","0.0","","","0.0","-43.575","172.625","19.9052222222222","21.7305555555556","1.92888888888889","0.0","0.0","0.0","6.79144444444444","0.0","37.826","19.9052222222222","0.0","37.826","21.7305555555556"
"Temperate","591200","13.0","9.0","0.0","37.856","1.0","0.0","37.856","1.0","-43.575","172.675","19.0412037037037","20.6342037037037","1.86092592592593","0.0","0.0","0.0","10.8212222222222","0.0","37.856","19.0412037037037","0.0","37.856","20.6342037037037"
"Temperate","591300","13.0","9.0","","","0.0","","","0.0","-43.575","172.725","22.3626111111111","23.5118333333333","2.03740740740741","0.0","0.0","0.0","4.23588888888889","0.0","41.275","22.3626111111111","0.0","41.275","23.5118333333333"
"Temperate","591500","13.0","9.0","","","0.0","","","0.0","-43.525","172.625","20.0562407407407","21.6023518518519","1.96166666666667","0.0","0.0","0.0","3.57544444444444","0.0","36.632","20.0562407407407","0.0","36.632","21.6023518518519"
"Temperate","591600","13.0","9.0","0.0","36.632","1.0","0.0","36.632","1.0","-43.525","172.625","20.0562407407407","21.6023518518519","1.96166666666667","0.0","0.0","0.0","3.57544444444444","0.0","36.632","20.0562407407407","0.0","36.632","21.6023518518519"
"Temperate","591700","13.0","9.0","","","0.0","","","0.0","-43.525","172.625","20.0562407407407","21.6023518518519","1.96166666666667","0.0","0.0","0.0","3.57544444444444","0.0","36.632","20.0562407407407","0.0","36.632","21.6023518518519"
"Temperate","591800","13.0","9.0","","","0.0","","","0.0","-43.475","172.625","20.2706296296296","21.6075185185185","1.95074074074074","0.0","0.0","0.0","2.47566666666667","0.0","36.526","20.2706296296296","0.0","36.526","21.6075185185185"
"Temperate","591900","13.0","9.0","","","0.0","","","0.0","-43.475","172.625","20.2706296296296","21.6075185185185","1.95074074074074","0.0","0.0","0.0","2.47566666666667","0.0","36.526","20.2706296296296","0.0","36.526","21.6075185185185"
"Temperate","592000","13.0","9.0","","","0.0","","","0.0","-43.475","172.575","19.9918333333333","21.1308333333333","1.93148148148148","0.0","0.0","0.0","1.48866666666667","0.0","36.288","19.9918333333333","0.0","36.288","21.1308333333333"
"Temperate","592100","13.0","9.0","","","0.0","","","0.0","-43.525","172.625","20.0562407407407","21.6023518518519","1.96166666666667","0.0","0.0","0.0","3.57544444444444","0.0","36.632","20.0562407407407","0.0","36.632","21.6023518518519"
"Temperate","592200","13.0","9.0","","","0.0","","","0.0","-43.525","172.625","20.0562407407407","21.6023518518519","1.96166666666667","0.0","0.0","0.0","3.57544444444444","0.0","36.632","20.0562407407407","0.0","36.632","21.6023518518519"
"Temperate","592300","13.0","9.0","","","0.0","","","0.0","-43.525","172.625","20.0562407407407","21.6023518518519","1.96166666666667","0.0","0.0","0.0","3.57544444444444","0.0","36.632","20.0562407407407","0.0","36.632","21.6023518518519"
"Temperate","592401","13.0","9.0","","","0.0","","","0.0","-43.525","172.625","20.0562407407407","21.6023518518519","1.96166666666667","0.0","0.0","0.0","3.57544444444444","0.0","36.632","20.0562407407407","0.0","36.632","21.6023518518519"
"Temperate","592402","13.0","9.0","","","0.0","","","0.0","-43.525","172.625","20.0562407407407","21.6023518518519","1.96166666666667","0.0","0.0","0.0","3.57544444444444","0.0","36.632","20.0562407407407","0.0","36.632","21.6023518518519"
"Temperate","592500","13.0","9.0","","","0.0","","","0.0","-43.525","172.625","20.0562407407407","21.6023518518519","1.96166666666667","0.0","0.0","0.0","3.57544444444444","0.0","36.632","20.0562407407407","0.0","36.632","21.6023518518519"
"Temperate","592600","13.0","9.0","","","0.0","","","0.0","-43.525","172.625","20.0562407407407","21.6023518518519","1.96166666666667","0.0","0.0","0.0","3.57544444444444","0.0","36.632","20.0562407407407","0.0","36.632","21.6023518518519"
"Temperate","592701","13.0","9.0","","","0.0","","","0.0","-43.475","172.625","20.2706296296296","21.6075185185185","1.95074074074074","0.0","0.0","0.0","2.47566666666667","0.0","36.526","20.2706296296296","0.0","36.526","21.6075185185185"
"Temperate","592702","13.0","9.0","","","0.0","","","0.0","-43.475","172.675","20.3633518518519","21.7012407407407","1.96166666666667","0.0","0.0","0.0","2.62322222222222","0.0","36.632","20.3633518518519","0.0","36.632","21.7012407407407"
"Temperate","592811","13.0","9.0","","","0.0","","","0.0","-43.475","172.675","20.3633518518519","21.7012407407407","1.96166666666667","0.0","0.0","0.0","2.62322222222222","0.0","36.632","20.3633518518519","0.0","36.632","21.7012407407407"
"Temperate","592812","13.0","9.0","","","0.0","","","0.0","-43.475","172.675","20.3633518518519","21.7012407407407","1.96166666666667","0.0","0.0","0.0","2.62322222222222","0.0","36.632","20.3633518518519","0.0","36.632","21.7012407407407"
"Temperate","592820","13.0","9.0","","","0.0","","","0.0","-43.475","172.675","20.3633518518519","21.7012407407407","1.96166666666667","0.0","0.0","0.0","2.62322222222222","0.0","36.632","20.3633518518519","0.0","36.632","21.7012407407407"
"Temperate","592900","13.0","9.0","","","0.0","","","0.0","-43.475","172.675","20.3633518518519","21.7012407407407","1.96166666666667","0.0","0.0","0.0","2.62322222222222","0.0","36.632","20.3633518518519","0.0","36.632","21.7012407407407"
"Temperate","593000","13.0","9.0","","","0.0","","","0.0","-43.475","172.675","20.3633518518519","21.7012407407407","1.96166666666667","0.0","0.0","0.0","2.62322222222222","0.0","36.632","20.3633518518519","0.0","36.632","21.7012407407407"
"Temperate","593100","13.0","9.0","","","0.0","","","0.0","-43.475","172.675","20.3633518518519","21.7012407407407","1.96166666666667","0.0","0.0","0.0","2.62322222222222","0.0","36.632","20.3633518518519","0.0","36.632","21.7012407407407"
"Temperate","593200","13.0","9.0","","","0.0","","","0.0","-43.525","172.625","20.0562407407407","21.6023518518519","1.96166666666667","0.0","0.0","0.0","3.57544444444444","0.0","36.632","20.0562407407407","0.0","36.632","21.6023518518519"
"Temperate","593300","13.0","9.0","","","0.0","","","0.0","-43.525","172.625","20.0562407407407","21.6023518518519","1.96166666666667","0.0","0.0","0.0","3.57544444444444","0.0","36.632","20.0562407407407","0.0","36.632","21.6023518518519"
"Temperate","593400","13.0","9.0","","","0.0","","","0.0","-43.525","172.625","20.0562407407407","21.6023518518519","1.96166666666667","0.0","0.0","0.0","3.57544444444444","0.0","36.632","20.0562407407407","0.0","36.632","21.6023518518519"
"Temperate","593501","13.0","9.0","","","0.0","","","0.0","-43.525","172.625","20.0562407407407","21.6023518518519","1.96166666666667","0.0","0.0","0.0","3.57544444444444","0.0","36.632","20.0562407407407","0.0","36.632","21.6023518518519"
"Temperate","593502","13.0","9.0","","","0.0","","","0.0","-43.525","172.625","20.0562407407407","21.6023518518519","1.96166666666667","0.0","0.0","0.0","3.57544444444444","0.0","36.632","20.0562407407407","0.0","36.632","21.6023518518519"
"Temperate","593600","13.0","9.0","","","0.0","","","0.0","-43.525","172.625","20.0562407407407","21.6023518518519","1.96166666666667","0.0","0.0","0.0","3.57544444444444","0.0","36.632","20.0562407407407","0.0","36.632","21.6023518518519"
"Temperate","593700","13.0","9.0","","","0.0","","","0.0","-43.525","172.625","20.0562407407407","21.6023518518519","1.96166666666667","0.0","0.0","0.0","3.57544444444444","0.0","36.632","20.0562407407407","0.0","36.632","21.6023518518519"
"Temperate","593800","13.0","9.0","","","0.0","","","0.0","-43.475","172.675","20.3633518518519","21.7012407407407","1.96166666666667","0.0","0.0","0.0","2.62322222222222","0.0","36.632","20.3633518518519","0.0","36.632","21.7012407407407"
"Temperate","593900","13.0","9.0","","","0.0","","","0.0","-43.575","172.725","22.3626111111111","23.5118333333333","2.03740740740741","0.0","0.0","0.0","4.23588888888889","0.0","41.275","22.3626111111111","0.0","41.275","23.5118333333333"
"Temperate","594010","13.0","9.0","","","0.0","","","0.0","-43.575","172.675","19.0412037037037","20.6342037037037","1.86092592592593","0.0","0.0","0.0","10.8212222222222","0.0","37.856","19.0412037037037","0.0","37.856","20.6342037037037"
"Temperate","594020","13.0","9.0","","","0.0","","","0.0","-43.575","172.675","19.0412037037037","20.6342037037037","1.86092592592593","0.0","0.0","0.0","10.8212222222222","0.0","37.856","19.0412037037037","0.0","37.856","20.6342037037037"
"Temperate","594100","13.0","9.0","","","0.0","","","0.0","-43.575","172.675","19.0412037037037","20.6342037037037","1.86092592592593","0.0","0.0","0.0","10.8212222222222","0.0","37.856","19.0412037037037","0.0","37.856","20.6342037037037"
"Temperate","594200","13.0","9.0","","","0.0","","","0.0","-43.575","172.675","19.0412037037037","20.6342037037037","1.86092592592593","0.0","0.0","0.0","10.8212222222222","0.0","37.856","19.0412037037037","0.0","37.856","20.6342037037037"
"Temperate","594300","13.0","9.0","","","0.0","","","0.0","-43.575","172.675","19.0412037037037","20.6342037037037","1.86092592592593","0.0","0.0","0.0","10.8212222222222","0.0","37.856","19.0412037037037","0.0","37.856","20.6342037037037"
"Temperate","594400","13.0","9.0","","","0.0","","","0.0","-43.575","172.675","19.0412037037037","20.6342037037037","1.86092592592593","0.0","0.0","0.0","10.8212222222222","0.0","37.856","19.0412037037037","0.0","37.856","20.6342037037037"
"Temperate","594500","13.0","9.0","","","0.0","","","0.0","-43.525","172.625","20.0562407407407","21.6023518518519","1.96166666666667","0.0","0.0","0.0","3.57544444444444","0.0","36.632","20.0562407407407","0.0","36.632","21.6023518518519"
"Temperate","594600","13.0","9.0","","","0.0","","","0.0","-43.525","172.625","20.0562407407407","21.6023518518519","1.96166666666667","0.0","0.0","0.0","3.57544444444444","0.0","36.632","20.0562407407407","0.0","36.632","21.6023518518519"
"Temperate","594700","13.0","9.0","","","0.0","","","0.0","-43.525","172.625","20.0562407407407","21.6023518518519","1.96166666666667","0.0","0.0","0.0","3.57544444444444","0.0","36.632","20.0562407407407","0.0","36.632","21.6023518518519"
"Temperate","594800","13.0","9.0","","","0.0","","","0.0","-43.575","172.625","19.9052222222222","21.7305555555556","1.92888888888889","0.0","0.0","0.0","6.79144444444444","0.0","37.826","19.9052222222222","0.0","37.826","21.7305555555556"
"Temperate","594900","13.0","9.0","","","0.0","","","0.0","-43.575","172.625","19.9052222222222","21.7305555555556","1.92888888888889","0.0","0.0","0.0","6.79144444444444","0.0","37.826","19.9052222222222","0.0","37.826","21.7305555555556"
"Temperate","595000","13.0","9.0","","","0.0","","","0.0","-43.575","172.625","19.9052222222222","21.7305555555556","1.92888888888889","0.0","0.0","0.0","6.79144444444444","0.0","37.826","19.9052222222222","0.0","37.826","21.7305555555556"
"Temperate","595100","13.0","9.0","","","0.0","","","0.0","-43.575","172.625","19.9052222222222","21.7305555555556","1.92888888888889","0.0","0.0","0.0","6.79144444444444","0.0","37.826","19.9052222222222","0.0","37.826","21.7305555555556"
"Temperate","595200","13.0","9.0","","","0.0","","","0.0","-43.575","172.625","19.9052222222222","21.7305555555556","1.92888888888889","0.0","0.0","0.0","6.79144444444444","0.0","37.826","19.9052222222222","0.0","37.826","21.7305555555556"
"Temperate","595300","13.0","9.0","","","0.0","","","0.0","-43.575","172.575","20.4625555555556","21.9423333333333","1.92018518518519","0.0","0.0","0.0","3.12811111111111","0.0","37.726","20.4625555555556","0.0","37.726","21.9423333333333"
"Temperate","595400","13.0","9.0","","","0.0","","","0.0","-43.575","172.625","19.9052222222222","21.7305555555556","1.92888888888889","0.0","0.0","0.0","6.79144444444444","0.0","37.826","19.9052222222222","0.0","37.826","21.7305555555556"
"Temperate","595500","13.0","9.0","","","0.0","","","0.0","-43.575","172.625","19.9052222222222","21.7305555555556","1.92888888888889","0.0","0.0","0.0","6.79144444444444","0.0","37.826","19.9052222222222","0.0","37.826","21.7305555555556"
"Temperate","595600","13.0","9.0","","","0.0","","","0.0","-43.475","172.675","20.3633518518519","21.7012407407407","1.96166666666667","0.0","0.0","0.0","2.62322222222222","0.0","36.632","20.3633518518519","0.0","36.632","21.7012407407407"
"Temperate","595700","13.0","9.0","","","0.0","","","0.0","-43.475","172.675","20.3633518518519","21.7012407407407","1.96166666666667","0.0","0.0","0.0","2.62322222222222","0.0","36.632","20.3633518518519","0.0","36.632","21.7012407407407"
"Temperate","595800","13.0","9.0","","","0.0","","","0.0","-43.475","172.675","20.3633518518519","21.7012407407407","1.96166666666667","0.0","0.0","0.0","2.62322222222222","0.0","36.632","20.3633518518519","0.0","36.632","21.7012407407407"
"Temperate","595900","13.0","9.0","","","0.0","","","0.0","-43.575","172.725","22.3626111111111","23.5118333333333","2.03740740740741","0.0","0.0","0.0","4.23588888888889","0.0","41.275","22.3626111111111","0.0","41.275","23.5118333333333"
"Temperate","596000","13.0","9.0","0.0","41.275","1.0","0.0","41.275","1.0","-43.575","172.725","22.3626111111111","23.5118333333333","2.03740740740741","0.0","0.0","0.0","4.23588888888889","0.0","41.275","22.3626111111111","0.0","41.275","23.5118333333333"
"Temperate","596102","13.0","9.0","","","0.0","","","0.0","-43.575","172.725","22.3626111111111","23.5118333333333","2.03740740740741","0.0","0.0","0.0","4.23588888888889","0.0","41.275","22.3626111111111","0.0","41.275","23.5118333333333"
"Temperate","596200","13.0","9.0","","","0.0","","","0.0","-43.575","172.725","22.3626111111111","23.5118333333333","2.03740740740741","0.0","0.0","0.0","4.23588888888889","0.0","41.275","22.3626111111111","0.0","41.275","23.5118333333333"
"Temperate","596400","13.0","9.0","","","0.0","","","0.0","-43.575","172.675","19.0412037037037","20.6342037037037","1.86092592592593","0.0","0.0","0.0","10.8212222222222","0.0","37.856","19.0412037037037","0.0","37.856","20.6342037037037"
"Temperate","596502","13.0","9.0","0.0","31.351","1.0","0.0","31.351","1.0","-43.675","172.725","12.252","13.2893333333333","1.49240740740741","0.0","0.0","0.0","111.0","0.0","31.351","12.252","0.0","31.351","13.2893333333333"
"Temperate","596503","13.0","9.0","0.0","35.738","2.0","0.0","35.738","2.0","-43.675","172.625","12.4010925925926","14.0002592592593","1.35703703703704","0.00266666666666667","0.0","0.0","5.41766666666667","0.0","35.738","15.0086666666667","0.0","35.738","16.1506388888889"
"Temperate","596504","13.0","9.0","","","0.0","","","0.0","-43.625","172.625","9.15877777777778","14.0496111111111","1.33111111111111","0.00477777777777778","0.0","0.0","4.29522222222222","0.0","26.705","9.15877777777778","0.0","29.474","14.0496111111111"
"Temperate","596600","13.0","9.0","0.0","43.998","4.0","0.0","43.998","4.0","-43.675","172.825","17.3003703703704","17.9934814814815","2.08796296296296","0.0","0.0","0.0","111.0","0.0","43.998","18.9225231481481","0.0","43.998","19.7907175925926"
"Temperate","596800","13.0","9.0","","","0.0","","","0.0","-43.825","172.975","17.129537037037","17.7176481481481","1.81722222222222","0.0","0.0","0.0","111.0","0.0","38.34","17.129537037037","0.0","38.34","17.7176481481481"
"Temperate","596901","13.0","9.0","0.0","38.852","5.0","0.0","38.852","5.0","-43.825","172.975","17.129537037037","17.7176481481481","1.81722222222222","0.0","0.0","0.0","111.0","0.0","38.852","14.1540777777778","0.0","38.852","15.8578777777778"
"Temperate","596902","13.0","9.0","0.0","41.489","13.0","0.0","41.489","13.0","-43.725","172.975","6.01507407407407","9.41862962962963","1.27907407407407","0.0","0.0","0.0","111.0","0.0","41.489","13.1367364672365","0.0","41.489","14.3588732193732"
"Temperate","597000","13.0","9.0","","","0.0","","","0.0","-41.075","176.075","27.722537037037","28.1679814814815","2.47351851851852","0.0","0.0","0.0","101.144","0.0","51.215","27.722537037037","0.0","51.215","28.1679814814815"
"Temperate","597101","13.0","9.0","0.0","43.617","16.0","0.0","43.617","16.0","-43.775","172.725","15.9052592592593","17.3955925925926","1.66592592592593","0.0","0.0","0.0","15.8094444444444","0.0","43.617","13.6398148148148","0.0","43.617","15.5587800925926"
"Temperate","597102","13.0","9.0","0.0","38.0","2.0","0.0","38.0","2.0","-43.775","172.575","20.9017777777778","22.5996666666667","1.94222222222222","0.0","0.0","0.0","4.20977777777778","0.0","38.0","20.4846851851852","0.0","38.0","22.1822407407407"
"Temperate","597200","13.0","9.0","","","0.0","","","0.0","-43.625","172.475","20.216962962963","21.7986296296296","1.95481481481481","0.0","0.0","0.0","3.35422222222222","0.0","36.815","20.216962962963","0.0","36.815","21.7986296296296"
"Temperate","597300","13.0","9.0","","","0.0","","","0.0","-43.775","172.275","19.2691666666667","21.1656111111111","1.96888888888889","0.0","0.0","0.0","11.0962222222222","0.0","37.126","19.2691666666667","0.0","37.126","21.1656111111111"
"Temperate","597400","13.0","9.0","","","0.0","","","0.0","-43.825","172.275","19.5079259259259","20.8448148148148","1.97833333333333","0.0","0.0","0.0","13.9266666666667","0.0","39.279","19.5079259259259","0.0","39.279","20.8448148148148"
"Temperate","597503","13.0","9.0","","","0.0","","","0.0","-43.675","172.175","18.5620925925926","19.8577592592593","1.92777777777778","0.0","0.0","0.0","11.9298888888889","0.0","39.57","18.5620925925926","0.0","39.57","19.8577592592593"
"Temperate","597505","13.0","9.0","0.0","37.926","7.0","0.0","37.926","7.0","-43.775","172.425","19.5103518518519","21.6401296296296","1.97833333333333","0.0","0.0","0.0","7.31888888888889","0.0","37.926","20.0604867724868","0.0","37.926","21.9245185185185"
"Temperate","597506","13.0","9.0","0.0","40.031","38.0","0.0","40.031","38.0","-43.725","172.175","18.4269074074074","19.3661296296296","1.89037037037037","0.0","0.0","0.0","14.8853333333333","0.0","40.031","17.5906627680312","0.0","40.031","18.8236671539961"
"Temperate","597507","13.0","9.0","","","0.0","","","0.0","-43.625","172.375","19.2983888888889","21.3169444444444","1.95074074074074","0.0","0.0","0.0","6.99588888888889","0.0","36.815","19.2983888888889","0.0","36.815","21.3169444444444"
"Temperate","597508","13.0","9.0","","","0.0","","","0.0","-43.625","172.375","19.2983888888889","21.3169444444444","1.95074074074074","0.0","0.0","0.0","6.99588888888889","0.0","36.815","19.2983888888889","0.0","36.815","21.3169444444444"
"Temperate","597509","13.0","9.0","","","0.0","","","0.0","-43.575","172.375","18.4151481481481","20.3425925925926","1.92703703703704","0.0","0.0","0.0","8.35822222222222","0.0","36.462","18.4151481481481","0.0","36.462","20.3425925925926"
"Temperate","597510","13.0","9.0","","","0.0","","","0.0","-43.625","172.375","19.2983888888889","21.3169444444444","1.95074074074074","0.0","0.0","0.0","6.99588888888889","0.0","36.815","19.2983888888889","0.0","36.815","21.3169444444444"
"Temperate","597512","13.0","9.0","0.0","38.0","8.0","0.0","38.0","8.0","-43.675","172.425","20.7088148148148","22.071037037037","1.97518518518519","0.0","0.0","0.0","2.18222222222222","0.0","38.0","20.1276273148148","0.0","38.0","21.8110578703704"
"Temperate","597513","13.0","9.0","0.0","36.815","1.0","0.0","36.815","1.0","-43.625","172.375","19.2983888888889","21.3169444444444","1.95074074074074","0.0","0.0","0.0","6.99588888888889","0.0","36.815","19.2983888888889","0.0","36.815","21.3169444444444"
"Temperate","597600","13.0","9.0","","","0.0","","","0.0","-43.625","171.625","9.2195","10.3193888888889","1.61796296296296","0.0267777777777778","0.0","0.0","111.0","0.0","29.26","9.2195","0.0","29.26","10.3193888888889"
"Temperate","597712","13.0","9.0","0.0","37.938","1.0","0.0","37.938","1.0","-43.925","171.675","16.5729259259259","17.4788703703704","1.78703703703704","0.000222222222222222","0.0","0.0","10.8648888888889","0.0","37.938","16.5729259259259","0.0","37.938","17.4788703703704"
"Temperate","597713","13.0","9.0","0.0","37.922","1.0","0.0","37.922","1.0","-43.875","171.775","16.4852962962963","17.3391851851852","1.78148148148148","0.0","0.0","0.0","10.6944444444444","0.0","37.922","16.4852962962963","0.0","37.922","17.3391851851852"
"Temperate","597714","13.0","9.0","","","0.0","","","0.0","-43.875","171.825","16.6107407407407","17.5091851851852","1.79537037037037","0.0","0.0","0.0","10.2866666666667","0.0","38.132","16.6107407407407","0.0","38.132","17.5091851851852"
"Temperate","597715","13.0","9.0","0.0","37.724","1.0","0.0","37.724","1.0","-43.925","171.775","17.1988888888889","18.5487777777778","1.80592592592593","0.0","0.0","0.0","10.3011111111111","0.0","37.724","17.1988888888889","0.0","37.724","18.5487777777778"
"Temperate","597720","13.0","9.0","0.0","35.739","180.0","0.0","35.739","180.0","-43.525","171.225","3.51607407407407","5.90601851851852","1.1462962962963","0.000777777777777778","0.0","0.0","66.5115555555556","0.0","35.739","3.95566728395062","0.0","35.739","4.91868868312757"
"Temperate","597730","13.0","9.0","0.0","38.832","59.0","0.0","38.832","59.0","-43.925","171.575","15.1249074074074","15.8236296296296","1.73611111111111","0.00711111111111111","0.0","0.0","14.3734444444444","0.0","38.832","14.0352940991839","0.0","38.832","15.0026792215945"
"Temperate","597741","13.0","9.0","0.0","40.127","33.0","0.0","40.127","33.0","-43.875","171.925","17.3406666666667","18.4022222222222","1.82777777777778","0.0","0.0","0.0","11.6737777777778","0.0","40.127","17.0321144781145","0.0","40.127","18.1351346801347"
"Temperate","597742","13.0","9.0","","","0.0","","","0.0","-43.775","172.025","18.2031851851852","19.0484074074074","1.90944444444444","0.0","0.0","0.0","12.0404444444444","0.0","38.443","18.2031851851852","0.0","38.443","19.0484074074074"
"Temperate","597811","13.0","9.0","","","0.0","","","0.0","-43.875","171.725","16.2809074074074","17.0284074074074","1.77537037037037","0.000222222222222222","0.0","0.0","11.7702222222222","0.0","37.573","16.2809074074074","0.0","37.573","17.0284074074074"
"Temperate","597812","13.0","9.0","","","0.0","","","0.0","-43.875","171.775","16.4852962962963","17.3391851851852","1.78148148148148","0.0","0.0","0.0","10.6944444444444","0.0","37.922","16.4852962962963","0.0","37.922","17.3391851851852"
"Temperate","597820","13.0","9.0","","","0.0","","","0.0","-43.925","171.725","16.8262407407407","17.9513518518519","1.79314814814815","0.0","0.0","0.0","9.08766666666667","0.0","37.903","16.8262407407407","0.0","37.903","17.9513518518519"
"Temperate","597830","13.0","9.0","","","0.0","","","0.0","-43.925","171.775","17.1988888888889","18.5487777777778","1.80592592592593","0.0","0.0","0.0","10.3011111111111","0.0","37.724","17.1988888888889","0.0","37.724","18.5487777777778"
"Temperate","597840","13.0","9.0","","","0.0","","","0.0","-43.925","171.775","17.1988888888889","18.5487777777778","1.80592592592593","0.0","0.0","0.0","10.3011111111111","0.0","37.724","17.1988888888889","0.0","37.724","18.5487777777778"
"Temperate","597850","13.0","9.0","","","0.0","","","0.0","-43.925","171.775","17.1988888888889","18.5487777777778","1.80592592592593","0.0","0.0","0.0","10.3011111111111","0.0","37.724","17.1988888888889","0.0","37.724","18.5487777777778"
"Temperate","597860","13.0","9.0","0.0","37.903","1.0","0.0","37.903","1.0","-43.925","171.725","16.8262407407407","17.9513518518519","1.79314814814815","0.0","0.0","0.0","9.08766666666667","0.0","37.903","16.8262407407407","0.0","37.903","17.9513518518519"
"Temperate","598000","13.0","9.0","","","0.0","","","0.0","-44.175","171.275","10.4927037037037","11.5898148148148","1.55907407407407","0.0113333333333333","0.0","0.0","108.268666666667","0.0","29.33","10.4927037037037","0.0","29.33","11.5898148148148"
"Temperate","598201","13.0","9.0","0.0","43.282","1.0","0.0","43.282","1.0","-44.425","171.225","20.2172407407407","20.970462962963","1.86166666666667","0.0","0.0","0.0","0.02","0.0","43.282","20.2172407407407","0.0","43.282","20.970462962963"
"Temperate","598202","13.0","9.0","0.0","40.075","2.0","0.0","40.075","2.0","-44.375","171.225","14.7352037037037","16.3400925925926","1.61074074074074","0.00555555555555556","0.0","0.0","1.56244444444444","0.0","40.075","15.7145277777778","0.0","40.075","17.3989166666667"
"Temperate","598311","13.0","9.0","0.0","33.421","36.0","0.0","33.421","36.0","-43.675","170.875","6.66688888888889","10.3276666666667","1.33666666666667","0.0367777777777778","0.0","0.0","79.965","0.0","33.421","3.1080725308642","0.0","33.421","4.29420164609054"
"Temperate","598312","13.0","9.0","0.0","40.207","53.0","0.0","40.207","53.0","-44.075","171.225","17.1594814814815","17.9591481481481","1.78388888888889","0.0237777777777778","0.0","0.0","0.0","0.0","40.207","10.4539839273236","0.0","40.207","11.6530248078267"
"Temperate","598313","13.0","9.0","0.0","43.439","30.0","0.0","43.439","30.0","-44.325","171.075","13.0500555555556","14.4032222222222","1.44555555555556","0.0247777777777778","0.0","0.0","3.00066666666667","0.0","43.439","12.6846351851852","0.0","43.439","14.6405962962963"
"Temperate","598314","13.0","9.0","","","0.0","","","0.0","-44.475","171.225","20.215","20.98","1.87759259259259","0.0","0.0","0.0","1.66022222222222","0.0","43.439","20.215","0.0","43.439","20.98"
"Temperate","598320","13.0","9.0","","","0.0","","","0.0","-44.275","171.125","14.5606111111111","16.0632777777778","1.54240740740741","0.0123333333333333","0.0","0.0","0.0","0.0","36.455","14.5606111111111","0.0","36.455","16.0632777777778"
"Temperate","598500","13.0","9.0","","","0.0","","","0.0","-44.075","171.225","17.1594814814815","17.9591481481481","1.78388888888889","0.0237777777777778","0.0","0.0","0.0","0.0","39.131","17.1594814814815","0.0","39.131","17.9591481481481"
"Temperate","598600","13.0","9.0","","","0.0","","","0.0","-44.225","171.275","14.4538888888889","16.0337222222222","1.60425925925926","0.00644444444444444","0.0","0.0","1.85188888888889","0.0","38.159","14.4538888888889","0.0","38.159","16.0337222222222"
"Temperate","598700","13.0","9.0","","","0.0","","","0.0","-44.375","171.225","14.7352037037037","16.3400925925926","1.61074074074074","0.00555555555555556","0.0","0.0","1.56244444444444","0.0","38.256","14.7352037037037","0.0","38.256","16.3400925925926"
"Temperate","598800","13.0","9.0","","","0.0","","","0.0","-44.375","171.225","14.7352037037037","16.3400925925926","1.61074074074074","0.00555555555555556","0.0","0.0","1.56244444444444","0.0","38.256","14.7352037037037","0.0","38.256","16.3400925925926"
"Temperate","598900","13.0","9.0","","","0.0","","","0.0","-44.375","171.225","14.7352037037037","16.3400925925926","1.61074074074074","0.00555555555555556","0.0","0.0","1.56244444444444","0.0","38.256","14.7352037037037","0.0","38.256","16.3400925925926"
"Temperate","599000","13.0","9.0","","","0.0","","","0.0","-44.375","171.225","14.7352037037037","16.3400925925926","1.61074074074074","0.00555555555555556","0.0","0.0","1.56244444444444","0.0","38.256","14.7352037037037","0.0","38.256","16.3400925925926"
"Temperate","599100","13.0","9.0","","","0.0","","","0.0","-44.375","171.225","14.7352037037037","16.3400925925926","1.61074074074074","0.00555555555555556","0.0","0.0","1.56244444444444","0.0","38.256","14.7352037037037","0.0","38.256","16.3400925925926"
"Temperate","599200","13.0","9.0","","","0.0","","","0.0","-44.375","171.225","14.7352037037037","16.3400925925926","1.61074074074074","0.00555555555555556","0.0","0.0","1.56244444444444","0.0","38.256","14.7352037037037","0.0","38.256","16.3400925925926"
"Temperate","599300","13.0","9.0","","","0.0","","","0.0","-44.375","171.175","16.6938518518519","18.4577407407407","1.69333333333333","0.0","0.0","0.0","0.103666666666667","0.0","40.075","16.6938518518519","0.0","40.075","18.4577407407407"
"Temperate","599400","13.0","9.0","","","0.0","","","0.0","-44.375","171.225","14.7352037037037","16.3400925925926","1.61074074074074","0.00555555555555556","0.0","0.0","1.56244444444444","0.0","38.256","14.7352037037037","0.0","38.256","16.3400925925926"
"Temperate","599500","13.0","9.0","","","0.0","","","0.0","-44.375","171.225","14.7352037037037","16.3400925925926","1.61074074074074","0.00555555555555556","0.0","0.0","1.56244444444444","0.0","38.256","14.7352037037037","0.0","38.256","16.3400925925926"
"Temperate","599600","13.0","9.0","","","0.0","","","0.0","-44.425","171.225","20.2172407407407","20.970462962963","1.86166666666667","0.0","0.0","0.0","0.02","0.0","43.282","20.2172407407407","0.0","43.282","20.970462962963"
"Temperate","599700","13.0","9.0","","","0.0","","","0.0","-44.425","171.225","20.2172407407407","20.970462962963","1.86166666666667","0.0","0.0","0.0","0.02","0.0","43.282","20.2172407407407","0.0","43.282","20.970462962963"
"Temperate","599800","13.0","9.0","","","0.0","","","0.0","-44.425","171.225","20.2172407407407","20.970462962963","1.86166666666667","0.0","0.0","0.0","0.02","0.0","43.282","20.2172407407407","0.0","43.282","20.970462962963"
"Temperate","599900","13.0","9.0","","","0.0","","","0.0","-44.425","171.225","20.2172407407407","20.970462962963","1.86166666666667","0.0","0.0","0.0","0.02","0.0","43.282","20.2172407407407","0.0","43.282","20.970462962963"
"Temperate","600100","13.0","9.0","0.0","36.034","1.0","0.0","36.034","1.0","-44.275","170.075","14.3531666666667","16.4065","2.05018518518519","0.0104444444444444","0.0","0.0","5.90744444444444","0.0","36.034","14.3531666666667","0.0","36.034","16.4065"
"Temperate","600200","13.0","9.0","","","0.0","","","0.0","-44.125","170.825","13.0685925925926","14.7313703703704","1.535","0.0498888888888889","0.0","0.0","3.57755555555556","0.0","33.474","13.0685925925926","0.0","33.474","14.7313703703704"
"Temperate","600312","13.0","9.0","","","0.0","","","0.0","-43.725","170.075","0.0","0.0475555555555556","1.09796296296296","0.00166666666666667","0.0","0.0","166.438055555556","0.0","0.0","0.0","0.0","0.428","0.0475555555555556"
"Temperate","600320","13.0","9.0","","","0.0","","","0.0","-44.025","170.475","9.51744444444445","13.1761111111111","1.31833333333333","0.000888888888888889","0.0","0.0","0.623333333333333","0.0","22.912","9.51744444444445","0.0","22.912","13.1761111111111"
"Temperate","600321","13.0","9.0","","","0.0","","","0.0","-43.925","170.475","7.98224074074074","12.4790740740741","1.32722222222222","0.000333333333333333","0.0","0.0","3.84266666666667","0.0","23.3","7.98224074074074","0.0","26.613","12.4790740740741"
"Temperate","600322","13.0","9.0","0.0","29.363","3.0","0.0","29.363","3.0","-43.875","170.525","7.48509259259259","11.7624814814815","1.36407407407407","0.000777777777777778","0.0","0.0","11.5888888888889","0.0","29.363","8.40144444444445","0.0","29.363","11.8057777777778"
"Temperate","600323","13.0","9.0","0.0","44.452","333.0","0.0","44.452","333.0","-43.975","170.425","8.21585185185185","11.3679074074074","1.23611111111111","0.00155555555555556","0.0","0.0","0.222222222222222","0.0","44.452","5.31076331887443","0.0","44.452","6.63438004671338"
"Temperate","600410","13.0","9.0","0.0","52.74","160.0","0.0","52.74","160.0","-44.625","170.775","3.87911111111111","6.92277777777778","0.985925925925926","0.00155555555555556","0.0","0.0","17.7596666666667","0.0","52.74","9.91181840277778","0.0","52.74","12.0647416666667"
"Temperate","600420","13.0","9.0","","","0.0","","","0.0","-44.525","171.175","20.104037037037","20.8464814814815","1.84685185185185","0.0","0.0","0.0","0.0993333333333333","0.0","43.138","20.104037037037","0.0","43.138","20.8464814814815"
"Temperate","600500","13.0","9.0","","","0.0","","","0.0","-44.725","171.025","16.2102222222222","17.8231111111111","1.61055555555556","0.0","0.0","0.0","0.0","0.0","39.436","16.2102222222222","0.0","39.436","17.8231111111111"
"Temperate","600600","13.0","9.0","","","0.0","","","0.0","-45.075","170.925","15.1755185185185","16.4753518518519","1.45611111111111","0.00655555555555555","0.0","0.0","0.0","0.0","29.049","15.1755185185185","0.0","29.049","16.4753518518519"
"Temperate","600811","13.0","9.0","","","0.0","","","0.0","-45.025","171.025","15.493462962963","16.9906851851852","1.57185185185185","0.0","0.0","0.0","0.0","0.0","37.06","15.493462962963","0.0","37.06","16.9906851851852"
"Temperate","600812","13.0","9.0","0.0","29.049","1.0","0.0","29.049","1.0","-45.075","170.925","15.1755185185185","16.4753518518519","1.45611111111111","0.00655555555555555","0.0","0.0","0.0","0.0","29.049","15.1755185185185","0.0","29.049","16.4753518518519"
"Temperate","600813","13.0","9.0","","","0.0","","","0.0","-45.125","170.925","16.383","17.7943333333333","1.55537037037037","0.000222222222222222","0.0","0.0","0.0","0.0","30.79","16.383","0.0","30.79","17.7943333333333"
"Temperate","600822","13.0","9.0","","","0.0","","","0.0","-44.875","170.725","16.1889444444444","17.8941111111111","1.62833333333333","0.0138888888888889","0.0","0.0","0.0","0.0","31.718","16.1889444444444","0.0","31.718","17.8941111111111"
"Temperate","600824","13.0","9.0","","","0.0","","","0.0","-44.725","170.475","17.4084444444444","18.2938888888889","1.85814814814815","0.0161111111111111","0.0","0.0","0.0","0.0","46.485","17.4084444444444","0.0","46.485","18.2938888888889"
"Temperate","600826","13.0","9.0","0.0","39.008","78.0","0.0","39.008","78.0","-45.125","170.725","14.9641111111111","16.4492777777778","1.55796296296296","0.0381111111111111","0.0","0.0","0.0","0.0","39.008","10.9735185185185","0.0","39.008","12.9590377492877"
"Temperate","600827","13.0","9.0","0.0","46.218","2.0","0.0","46.218","2.0","-44.475","169.925","13.5603148148148","13.5647037037037","1.93518518518519","0.0408888888888889","0.0","0.0","0.0","0.0","46.218","13.4266851851852","0.0","46.218","13.4307962962963"
"Temperate","600828","13.0","9.0","","","0.0","","","0.0","-45.175","170.875","16.182","17.7014444444444","1.58166666666667","0.0","0.0","0.0","0.0","0.0","34.232","16.182","0.0","34.232","17.7014444444444"
"Temperate","600830","13.0","9.0","","","0.0","","","0.0","-44.625","170.225","13.1376666666667","13.7687222222222","1.89574074074074","0.0241111111111111","0.0","0.0","0.0","0.0","53.754","13.1376666666667","0.0","53.754","13.7687222222222"
"Temperate","600831","13.0","9.0","0.0","57.603","187.0","0.0","57.603","187.0","-44.525","170.025","10.5898703703704","11.4623703703704","1.60277777777778","0.000888888888888889","0.0","0.0","0.0","0.0","57.603","6.99607486631016","0.0","57.603","8.54581966726084"
"Temperate","600832","13.0","9.0","0.0","38.97","5.0","0.0","38.97","5.0","-44.225","169.875","17.4710185185185","18.1709074074074","2.00796296296296","0.0141111111111111","0.0","0.0","29.2495555555556","0.0","38.97","16.5867296296296","0.0","38.97","17.784762962963"
"Temperate","600840","13.0","9.0","","","0.0","","","0.0","-45.325","170.775","14.4029074074074","15.7276296296296","1.46833333333333","0.0214444444444444","0.0","0.0","0.0","0.0","26.507","14.4029074074074","0.0","26.507","15.7276296296296"
"Temperate","601010","13.0","9.0","0.0","29.142","1.0","0.0","29.142","1.0","-45.075","170.975","15.197537037037","16.5212037037037","1.47648148148148","0.00488888888888889","0.0","0.0","0.0","0.0","29.142","15.197537037037","0.0","29.142","16.5212037037037"
"Temperate","601020","13.0","9.0","","","0.0","","","0.0","-45.075","170.975","15.197537037037","16.5212037037037","1.47648148148148","0.00488888888888889","0.0","0.0","0.0","0.0","29.142","15.197537037037","0.0","29.142","16.5212037037037"
"Temperate","601030","13.0","9.0","","","0.0","","","0.0","-45.075","170.975","15.197537037037","16.5212037037037","1.47648148148148","0.00488888888888889","0.0","0.0","0.0","0.0","29.142","15.197537037037","0.0","29.142","16.5212037037037"
"Temperate","601040","13.0","9.0","","","0.0","","","0.0","-45.125","170.925","16.383","17.7943333333333","1.55537037037037","0.000222222222222222","0.0","0.0","0.0","0.0","30.79","16.383","0.0","30.79","17.7943333333333"
"Temperate","601200","13.0","9.0","","","0.0","","","0.0","-45.475","170.725","14.7686481481481","15.9594259259259","1.35981481481481","0.0","0.0","0.0","0.0","0.0","32.364","14.7686481481481","0.0","32.364","15.9594259259259"
"Temperate","601301","13.0","9.0","0.0","33.527","36.0","0.0","33.527","36.0","-45.375","170.525","5.10114814814815","8.90242592592593","1.01574074074074","0.000888888888888889","0.0","0.0","0.0","0.0","33.527","7.97470473251029","0.0","33.527","11.1952818930041"
"Temperate","601302","13.0","9.0","0.0","25.426","13.0","0.0","25.426","13.0","-45.325","170.275","12.4529259259259","13.7600925925926","1.43351851851852","0.00111111111111111","0.0","0.0","0.0","0.0","25.426","7.03252279202279","0.0","25.426","9.74356125356125"
"Temperate","601400","13.0","9.0","","","0.0","","","0.0","-45.575","170.675","9.39088888888889","14.4075","1.21796296296296","0.0","0.0","0.0","0.0","0.0","28.764","9.39088888888889","0.0","28.764","14.4075"
"Temperate","601500","13.0","9.0","","","0.0","","","0.0","-45.775","170.675","7.31264814814815","10.6603703703704","1.11462962962963","0.0","0.0","0.0","111.0","0.0","33.055","7.31264814814815","0.0","33.055","10.6603703703704"
"Temperate","601602","13.0","9.0","","","0.0","","","0.0","-45.775","170.575","5.20911111111111","8.94840740740741","1.04111111111111","0.0","0.0","0.0","111.0","0.0","29.989","5.20911111111111","0.0","29.989","8.94840740740741"
"Temperate","601603","13.0","9.0","0.0","33.055","24.0","0.0","33.055","24.0","-45.675","170.525","6.9127037037037","12.1613703703704","1.1287037037037","0.0","0.0","0.0","0.0","0.0","33.055","5.76272762345679","0.0","33.055","9.39881790123457"
"Temperate","601604","13.0","9.0","","","0.0","","","0.0","-45.625","170.625","15.294962962963","16.4318518518519","1.35018518518519","0.0","0.0","0.0","0.0","0.0","32.364","15.294962962963","0.0","32.364","16.4318518518519"
"Temperate","601605","13.0","9.0","","","0.0","","","0.0","-45.675","170.575","5.66403703703704","10.823462962963","1.065","0.0","0.0","0.0","7.61266666666667","0.0","27.681","5.66403703703704","0.0","27.681","10.823462962963"
"Temperate","601700","13.0","9.0","0.0","29.111","13.0","0.0","31.662","13.0","-45.475","170.475","3.18344444444444","6.18322222222222","0.764444444444444","0.00211111111111111","0.0","0.0","0.0","0.0","29.111","5.21461538461538","0.0","31.662","9.11864957264957"
"Temperate","601900","13.0","9.0","","","0.0","","","0.0","-45.925","170.375","5.33203703703704","8.77255555555556","1.02907407407407","0.0","0.0","0.0","111.0","0.0","32.178","5.33203703703704","0.0","32.178","8.77255555555556"
"Temperate","602000","13.0","9.0","","","0.0","","","0.0","-45.925","170.325","4.57503703703704","7.43644444444444","0.872777777777778","0.0","0.0","0.0","111.0","0.0","28.54","4.57503703703704","0.0","28.54","7.43644444444444"
"Temperate","602100","13.0","9.0","","","0.0","","","0.0","-45.925","170.425","5.53807407407407","9.13837037037037","1.05351851851852","0.0","0.0","0.0","111.0","0.0","32.428","5.53807407407407","0.0","32.428","9.13837037037037"
"Temperate","602200","13.0","9.0","","","0.0","","","0.0","-45.825","170.225","4.39362962962963","7.54012962962963","0.991296296296296","0.0217777777777778","0.0","0.0","15.2823333333333","0.0","19.522","4.39362962962963","0.0","19.522","7.54012962962963"
"Temperate","602300","13.0","9.0","","","0.0","","","0.0","-45.525","170.125","12.7529444444444","13.8660555555556","1.45833333333333","0.000333333333333333","0.0","0.0","0.0","0.0","31.874","12.7529444444444","0.0","31.874","13.8660555555556"
"Temperate","602411","13.0","9.0","0.0","34.749","1.0","0.0","34.749","1.0","-45.875","170.325","7.67168518518518","11.0594074074074","1.18574074074074","0.0","0.0","0.0","111.0","0.0","34.749","7.67168518518518","0.0","34.749","11.0594074074074"
"Temperate","602412","13.0","9.0","0.0","34.716","1.0","0.0","34.716","1.0","-45.875","170.375","7.39790740740741","10.3686851851852","1.18018518518519","0.0","0.0","0.0","111.0","0.0","34.716","7.39790740740741","0.0","34.716","10.3686851851852"
"Temperate","602421","13.0","9.0","0.0","26.582","1.0","0.0","26.582","1.0","-45.875","170.425","4.03088888888889","6.5035","0.784259259259259","0.0","0.0","0.0","111.0","0.0","26.582","4.03088888888889","0.0","26.582","6.5035"
"Temperate","602422","13.0","9.0","0.0","32.428","2.0","0.0","32.428","2.0","-45.925","170.375","5.33203703703704","8.77255555555556","1.02907407407407","0.0","0.0","0.0","111.0","0.0","32.428","5.43505555555556","0.0","32.428","8.95546296296296"
"Temperate","602500","13.0","9.0","0.0","35.703","29.0","0.0","35.703","29.0","-45.825","170.225","4.39362962962963","7.54012962962963","0.991296296296296","0.0217777777777778","0.0","0.0","15.2823333333333","0.0","35.703","5.89471647509579","0.0","35.703","8.70130779054917"
"Temperate","602600","13.0","9.0","0.0","31.874","72.0","0.0","31.874","72.0","-45.625","170.125","9.1567037037037","11.4953703703704","1.26777777777778","0.000888888888888889","0.0","0.0","0.0","0.0","31.874","5.06564403292181","0.0","31.874","7.75129423868313"
"Temperate","602800","13.0","9.0","","","0.0","","","0.0","-45.875","170.475","5.04637037037037","8.33164814814815","0.966111111111111","0.0","0.0","0.0","111.0","0.0","30.547","5.04637037037037","0.0","30.547","8.33164814814815"
"Temperate","602900","13.0","9.0","","","0.0","","","0.0","-45.875","170.475","5.04637037037037","8.33164814814815","0.966111111111111","0.0","0.0","0.0","111.0","0.0","30.547","5.04637037037037","0.0","30.547","8.33164814814815"
"Temperate","603000","13.0","9.0","","","0.0","","","0.0","-45.875","170.475","5.04637037037037","8.33164814814815","0.966111111111111","0.0","0.0","0.0","111.0","0.0","30.547","5.04637037037037","0.0","30.547","8.33164814814815"
"Temperate","603100","13.0","9.0","","","0.0","","","0.0","-45.875","170.475","5.04637037037037","8.33164814814815","0.966111111111111","0.0","0.0","0.0","111.0","0.0","30.547","5.04637037037037","0.0","30.547","8.33164814814815"
"Temperate","603210","13.0","9.0","","","0.0","","","0.0","-45.825","170.525","3.60481481481481","5.76212962962963","0.729814814814815","0.0","0.0","0.0","111.0","0.0","22.769","3.60481481481481","0.0","22.769","5.76212962962963"
"Temperate","603220","13.0","9.0","","","0.0","","","0.0","-45.825","170.575","4.25540740740741","7.05838888888889","0.833333333333333","0.0","0.0","0.0","111.0","0.0","25.943","4.25540740740741","0.0","25.943","7.05838888888889"
"Temperate","603300","13.0","9.0","","","0.0","","","0.0","-45.825","170.525","3.60481481481481","5.76212962962963","0.729814814814815","0.0","0.0","0.0","111.0","0.0","22.769","3.60481481481481","0.0","22.769","5.76212962962963"
"Temperate","603400","13.0","9.0","","","0.0","","","0.0","-45.825","170.525","3.60481481481481","5.76212962962963","0.729814814814815","0.0","0.0","0.0","111.0","0.0","22.769","3.60481481481481","0.0","22.769","5.76212962962963"
"Temperate","603500","13.0","9.0","","","0.0","","","0.0","-45.825","170.525","3.60481481481481","5.76212962962963","0.729814814814815","0.0","0.0","0.0","111.0","0.0","22.769","3.60481481481481","0.0","22.769","5.76212962962963"
"Temperate","603601","13.0","9.0","","","0.0","","","0.0","-45.875","170.475","5.04637037037037","8.33164814814815","0.966111111111111","0.0","0.0","0.0","111.0","0.0","30.547","5.04637037037037","0.0","30.547","8.33164814814815"
"Temperate","603602","13.0","9.0","","","0.0","","","0.0","-45.875","170.475","5.04637037037037","8.33164814814815","0.966111111111111","0.0","0.0","0.0","111.0","0.0","30.547","5.04637037037037","0.0","30.547","8.33164814814815"
"Temperate","603710","13.0","9.0","","","0.0","","","0.0","-45.875","170.475","5.04637037037037","8.33164814814815","0.966111111111111","0.0","0.0","0.0","111.0","0.0","30.547","5.04637037037037","0.0","30.547","8.33164814814815"
"Temperate","603720","13.0","9.0","","","0.0","","","0.0","-45.875","170.475","5.04637037037037","8.33164814814815","0.966111111111111","0.0","0.0","0.0","111.0","0.0","30.547","5.04637037037037","0.0","30.547","8.33164814814815"
"Temperate","603810","13.0","9.0","","","0.0","","","0.0","-45.825","170.475","2.70377777777778","3.86511111111111","0.568703703703704","0.0","0.0","0.0","70.9445555555556","0.0","15.711","2.70377777777778","0.0","15.711","3.86511111111111"
"Temperate","603820","13.0","9.0","","","0.0","","","0.0","-45.825","170.475","2.70377777777778","3.86511111111111","0.568703703703704","0.0","0.0","0.0","70.9445555555556","0.0","15.711","2.70377777777778","0.0","15.711","3.86511111111111"
"Temperate","603910","13.0","9.0","","","0.0","","","0.0","-45.875","170.475","5.04637037037037","8.33164814814815","0.966111111111111","0.0","0.0","0.0","111.0","0.0","30.547","5.04637037037037","0.0","30.547","8.33164814814815"
"Temperate","603920","13.0","9.0","","","0.0","","","0.0","-45.875","170.475","5.04637037037037","8.33164814814815","0.966111111111111","0.0","0.0","0.0","111.0","0.0","30.547","5.04637037037037","0.0","30.547","8.33164814814815"
"Temperate","603930","13.0","9.0","","","0.0","","","0.0","-45.875","170.475","5.04637037037037","8.33164814814815","0.966111111111111","0.0","0.0","0.0","111.0","0.0","30.547","5.04637037037037","0.0","30.547","8.33164814814815"
"Temperate","604010","13.0","9.0","","","0.0","","","0.0","-45.875","170.475","5.04637037037037","8.33164814814815","0.966111111111111","0.0","0.0","0.0","111.0","0.0","30.547","5.04637037037037","0.0","30.547","8.33164814814815"
"Temperate","604020","13.0","9.0","","","0.0","","","0.0","-45.875","170.475","5.04637037037037","8.33164814814815","0.966111111111111","0.0","0.0","0.0","111.0","0.0","30.547","5.04637037037037","0.0","30.547","8.33164814814815"
"Temperate","604110","13.0","9.0","","","0.0","","","0.0","-45.875","170.475","5.04637037037037","8.33164814814815","0.966111111111111","0.0","0.0","0.0","111.0","0.0","30.547","5.04637037037037","0.0","30.547","8.33164814814815"
"Temperate","604120","13.0","9.0","0.0","30.547","1.0","0.0","30.547","1.0","-45.875","170.475","5.04637037037037","8.33164814814815","0.966111111111111","0.0","0.0","0.0","111.0","0.0","30.547","5.04637037037037","0.0","30.547","8.33164814814815"
"Temperate","604130","13.0","9.0","","","0.0","","","0.0","-45.875","170.475","5.04637037037037","8.33164814814815","0.966111111111111","0.0","0.0","0.0","111.0","0.0","30.547","5.04637037037037","0.0","30.547","8.33164814814815"
"Temperate","604210","13.0","9.0","","","0.0","","","0.0","-45.875","170.475","5.04637037037037","8.33164814814815","0.966111111111111","0.0","0.0","0.0","111.0","0.0","30.547","5.04637037037037","0.0","30.547","8.33164814814815"
"Temperate","604221","13.0","9.0","","","0.0","","","0.0","-45.875","170.475","5.04637037037037","8.33164814814815","0.966111111111111","0.0","0.0","0.0","111.0","0.0","30.547","5.04637037037037","0.0","30.547","8.33164814814815"
"Temperate","604222","13.0","9.0","","","0.0","","","0.0","-45.875","170.475","5.04637037037037","8.33164814814815","0.966111111111111","0.0","0.0","0.0","111.0","0.0","30.547","5.04637037037037","0.0","30.547","8.33164814814815"
"Temperate","604300","13.0","9.0","","","0.0","","","0.0","-45.875","170.475","5.04637037037037","8.33164814814815","0.966111111111111","0.0","0.0","0.0","111.0","0.0","30.547","5.04637037037037","0.0","30.547","8.33164814814815"
"Temperate","604410","13.0","9.0","","","0.0","","","0.0","-45.875","170.475","5.04637037037037","8.33164814814815","0.966111111111111","0.0","0.0","0.0","111.0","0.0","30.547","5.04637037037037","0.0","30.547","8.33164814814815"
"Temperate","604420","13.0","9.0","","","0.0","","","0.0","-45.875","170.475","5.04637037037037","8.33164814814815","0.966111111111111","0.0","0.0","0.0","111.0","0.0","30.547","5.04637037037037","0.0","30.547","8.33164814814815"
"Temperate","604500","13.0","9.0","","","0.0","","","0.0","-45.875","170.475","5.04637037037037","8.33164814814815","0.966111111111111","0.0","0.0","0.0","111.0","0.0","30.547","5.04637037037037","0.0","30.547","8.33164814814815"
"Temperate","604611","13.0","9.0","","","0.0","","","0.0","-45.875","170.475","5.04637037037037","8.33164814814815","0.966111111111111","0.0","0.0","0.0","111.0","0.0","30.547","5.04637037037037","0.0","30.547","8.33164814814815"
"Temperate","604612","13.0","9.0","","","0.0","","","0.0","-45.875","170.475","5.04637037037037","8.33164814814815","0.966111111111111","0.0","0.0","0.0","111.0","0.0","30.547","5.04637037037037","0.0","30.547","8.33164814814815"
"Temperate","604620","13.0","9.0","","","0.0","","","0.0","-45.875","170.475","5.04637037037037","8.33164814814815","0.966111111111111","0.0","0.0","0.0","111.0","0.0","30.547","5.04637037037037","0.0","30.547","8.33164814814815"
"Temperate","604710","13.0","9.0","0.0","25.943","1.0","0.0","25.943","1.0","-45.825","170.575","4.25540740740741","7.05838888888889","0.833333333333333","0.0","0.0","0.0","111.0","0.0","25.943","4.25540740740741","0.0","25.943","7.05838888888889"
"Temperate","604720","13.0","9.0","","","0.0","","","0.0","-45.825","170.575","4.25540740740741","7.05838888888889","0.833333333333333","0.0","0.0","0.0","111.0","0.0","25.943","4.25540740740741","0.0","25.943","7.05838888888889"
"Temperate","604810","13.0","9.0","","","0.0","","","0.0","-45.875","170.625","4.36333333333333","7.10075925925926","0.81962962962963","0.0","0.0","0.0","111.0","0.0","27.97","4.36333333333333","0.0","27.97","7.10075925925926"
"Temperate","604821","13.0","9.0","","","0.0","","","0.0","-45.875","170.625","4.36333333333333","7.10075925925926","0.81962962962963","0.0","0.0","0.0","111.0","0.0","27.97","4.36333333333333","0.0","27.97","7.10075925925926"
"Temperate","604822","13.0","9.0","","","0.0","","","0.0","-45.875","170.625","4.36333333333333","7.10075925925926","0.81962962962963","0.0","0.0","0.0","111.0","0.0","27.97","4.36333333333333","0.0","27.97","7.10075925925926"
"Temperate","604830","13.0","9.0","","","0.0","","","0.0","-45.825","170.675","7.80142592592593","11.158537037037","1.19222222222222","0.0","0.0","0.0","111.0","0.0","34.817","7.80142592592593","0.0","34.817","11.158537037037"
"Temperate","604901","13.0","9.0","0.0","34.817","3.0","0.0","34.817","3.0","-45.825","170.725","5.59040740740741","9.27442592592593","1.04722222222222","0.0","0.0","0.0","111.0","0.0","34.817","6.21445061728395","0.0","34.817","9.70040740740741"
"Temperate","604902","13.0","9.0","0.0","27.97","1.0","0.0","27.97","1.0","-45.875","170.625","4.36333333333333","7.10075925925926","0.81962962962963","0.0","0.0","0.0","111.0","0.0","27.97","4.36333333333333","0.0","27.97","7.10075925925926"
"Temperate","605100","13.0","9.0","","","0.0","","","0.0","-45.825","170.575","4.25540740740741","7.05838888888889","0.833333333333333","0.0","0.0","0.0","111.0","0.0","25.943","4.25540740740741","0.0","25.943","7.05838888888889"
"Temperate","605200","13.0","9.0","","","0.0","","","0.0","-45.825","170.575","4.25540740740741","7.05838888888889","0.833333333333333","0.0","0.0","0.0","111.0","0.0","25.943","4.25540740740741","0.0","25.943","7.05838888888889"
"Temperate","605400","13.0","9.0","","","0.0","","","0.0","-45.875","170.475","5.04637037037037","8.33164814814815","0.966111111111111","0.0","0.0","0.0","111.0","0.0","30.547","5.04637037037037","0.0","30.547","8.33164814814815"
"Temperate","605500","13.0","9.0","","","0.0","","","0.0","-45.875","170.475","5.04637037037037","8.33164814814815","0.966111111111111","0.0","0.0","0.0","111.0","0.0","30.547","5.04637037037037","0.0","30.547","8.33164814814815"
"Temperate","605600","13.0","9.0","","","0.0","","","0.0","-45.875","170.475","5.04637037037037","8.33164814814815","0.966111111111111","0.0","0.0","0.0","111.0","0.0","30.547","5.04637037037037","0.0","30.547","8.33164814814815"
"Temperate","605800","13.0","9.0","","","0.0","","","0.0","-45.925","170.425","5.53807407407407","9.13837037037037","1.05351851851852","0.0","0.0","0.0","111.0","0.0","32.428","5.53807407407407","0.0","32.428","9.13837037037037"
"Temperate","605910","13.0","9.0","","","0.0","","","0.0","-45.875","170.425","4.03088888888889","6.5035","0.784259259259259","0.0","0.0","0.0","111.0","0.0","26.582","4.03088888888889","0.0","26.582","6.5035"
"Temperate","605920","13.0","9.0","","","0.0","","","0.0","-45.925","170.425","5.53807407407407","9.13837037037037","1.05351851851852","0.0","0.0","0.0","111.0","0.0","32.428","5.53807407407407","0.0","32.428","9.13837037037037"
"Temperate","606100","13.0","9.0","","","0.0","","","0.0","-45.875","170.375","7.39790740740741","10.3686851851852","1.18018518518519","0.0","0.0","0.0","111.0","0.0","34.716","7.39790740740741","0.0","34.716","10.3686851851852"
"Temperate","606210","13.0","9.0","","","0.0","","","0.0","-45.875","170.325","7.67168518518518","11.0594074074074","1.18574074074074","0.0","0.0","0.0","111.0","0.0","34.749","7.67168518518518","0.0","34.749","11.0594074074074"
"Temperate","606220","13.0","9.0","","","0.0","","","0.0","-45.875","170.325","7.67168518518518","11.0594074074074","1.18574074074074","0.0","0.0","0.0","111.0","0.0","34.749","7.67168518518518","0.0","34.749","11.0594074074074"
"Temperate","606300","13.0","9.0","","","0.0","","","0.0","-45.875","170.325","7.67168518518518","11.0594074074074","1.18574074074074","0.0","0.0","0.0","111.0","0.0","34.749","7.67168518518518","0.0","34.749","11.0594074074074"
"Temperate","606500","13.0","9.0","","","0.0","","","0.0","-46.225","169.775","6.59292592592593","11.6978148148148","1.20074074074074","0.0","0.0","0.0","13.3471111111111","0.0","28.776","6.59292592592593","0.0","28.776","11.6978148148148"
"Temperate","606600","13.0","9.0","","","0.0","","","0.0","-46.225","169.775","6.59292592592593","11.6978148148148","1.20074074074074","0.0","0.0","0.0","13.3471111111111","0.0","28.776","6.59292592592593","0.0","28.776","11.6978148148148"
"Temperate","606700","13.0","9.0","0.0","34.037","64.0","0.0","34.037","64.0","-46.125","169.875","8.41016666666667","12.8716111111111","1.31703703703704","0.0","0.0","0.0","12.4974444444444","0.0","34.037","6.3538521412037","0.0","34.037","10.5516267361111"
"Temperate","606800","13.0","9.0","","","0.0","","","0.0","-46.125","169.975","8.01505555555556","12.2526111111111","1.30240740740741","0.0","0.0","0.0","18.3333333333333","0.0","29.533","8.01505555555556","0.0","29.533","12.2526111111111"
"Temperate","606900","13.0","9.0","","","0.0","","","0.0","-46.275","169.825","7.20181481481481","12.6049814814815","1.27074074074074","0.0","0.0","0.0","17.0771111111111","0.0","30.64","7.20181481481481","0.0","30.64","12.6049814814815"
"Temperate","607000","13.0","9.0","","","0.0","","","0.0","-46.225","169.375","5.23266666666667","8.01294444444444","1.09222222222222","0.0","0.0","0.0","111.0","0.0","25.404","5.23266666666667","0.0","25.404","8.01294444444444"
"Temperate","607100","13.0","9.0","","","0.0","","","0.0","-46.375","169.775","7.13855555555556","12.645","1.21851851851852","0.0","0.0","0.0","18.4553333333333","0.0","31.406","7.13855555555556","0.0","31.406","12.645"
"Temperate","607200","13.0","9.0","","","0.0","","","0.0","-46.475","169.675","6.72088888888889","11.3521666666667","1.17777777777778","0.0","0.0","0.0","29.4268888888889","0.0","31.04","6.72088888888889","0.0","31.04","11.3521666666667"
"Temperate","607300","13.0","9.0","0.0","31.458","125.0","0.0","31.458","125.0","-46.275","169.425","3.32407407407407","4.94018518518519","0.848703703703704","0.00777777777777778","0.0","0.0","80.2545555555556","0.0","31.458","5.13632562962963","0.0","31.458","8.43455140740741"
"Temperate","607400","13.0","9.0","","","0.0","","","0.0","-46.225","169.725","6.60262962962963","11.6273518518519","1.20462962962963","0.0","0.0","0.0","15.3978888888889","0.0","28.818","6.60262962962963","0.0","28.818","11.6273518518519"
"Temperate","607501","13.0","9.0","0.0","45.706","61.0","0.0","45.706","61.0","-45.575","169.425","8.42746296296296","11.3779074074074","1.22888888888889","0.000888888888888889","0.0","0.0","0.0","0.0","45.706","7.19412416514876","0.0","45.706","9.70248482088646"
"Temperate","607502","13.0","9.0","0.0","33.343","107.0","0.0","33.343","107.0","-45.825","169.475","8.21290740740741","12.2710740740741","1.25277777777778","0.0301111111111111","0.0","0.0","1.82177777777778","0.0","33.343","4.72220145379024","0.0","33.343","7.96327362409138"
"Temperate","607600","13.0","9.0","","","0.0","","","0.0","-45.925","169.275","6.74966666666667","9.83261111111111","1.27481481481481","0.00144444444444444","0.0","0.0","75.7248888888889","0.0","25.376","6.74966666666667","0.0","25.376","9.83261111111111"
"Temperate","607700","13.0","9.0","","","0.0","","","0.0","-45.925","169.675","8.2867962962963","12.762462962963","1.36203703703704","0.00111111111111111","0.0","0.0","10.2023333333333","0.0","27.297","8.2867962962963","0.0","29.267","12.762462962963"
"Temperate","607800","13.0","9.0","","","0.0","","","0.0","-45.525","169.325","16.9624814814815","17.8683703703704","1.855","0.0222222222222222","0.0","0.0","0.0","0.0","37.165","16.9624814814815","0.0","37.165","17.8683703703704"
"Temperate","607900","13.0","9.0","","","0.0","","","0.0","-45.125","170.125","9.66357407407407","11.9332407407407","1.35296296296296","0.000888888888888889","0.0","0.0","0.0","0.0","27.903","9.66357407407407","0.0","27.903","11.9332407407407"
"Temperate","608000","13.0","9.0","0.0","41.485","163.0","0.0","41.485","163.0","-45.125","169.975","9.70301851851852","11.7525740740741","1.42944444444444","0.000888888888888889","0.0","0.0","0.0","0.0","41.485","6.3323387866394","0.0","41.485","8.56023142467621"
"Temperate","608100","13.0","9.0","","","0.0","","","0.0","-45.025","170.125","5.95814814814815","9.6662037037037","1.13092592592593","0.00111111111111111","0.0","0.0","0.0","0.0","18.394","5.95814814814815","0.0","18.394","9.6662037037037"
"Temperate","608302","13.0","9.0","0.0","52.424","237.0","0.0","52.424","237.0","-45.075","169.375","3.06455555555556","5.25277777777778","0.815740740740741","0.00266666666666667","0.0","0.0","0.0","0.0","52.424","7.53153813095796","0.0","52.424","9.26440920456321"
"Temperate","608303","13.0","9.0","","","0.0","","","0.0","-45.175","169.325","10.7440555555556","11.3919444444444","1.81740740740741","0.001","0.0","0.0","0.0","0.0","44.948","10.7440555555556","0.0","44.948","11.3919444444444"
"Temperate","608304","13.0","9.0","0.0","40.103","102.0","0.0","40.103","102.0","-44.325","169.325","1.08796296296296","1.54896296296296","0.724074074074074","0.00255555555555556","0.0","0.0","61.9113333333333","0.0","40.103","4.38310239651416","0.0","40.103","5.71041630355846"
"Temperate","608305","13.0","9.0","0.0","42.251","5.0","0.0","42.251","5.0","-44.475","169.325","14.5953333333333","15.4103888888889","1.74574074074074","0.0135555555555556","0.0","0.0","36.8222222222222","0.0","42.251","16.6634259259259","0.0","42.251","18.051537037037"
"Temperate","608500","13.0","9.0","","","0.0","","","0.0","-45.225","169.375","10.1643148148148","10.1643148148148","1.91833333333333","0.000444444444444444","0.0","0.0","0.0","0.0","49.813","10.1643148148148","0.0","49.813","10.1643148148148"
"Temperate","608600","13.0","9.0","","","0.0","","","0.0","-45.025","169.175","13.2267222222222","13.2316111111111","1.91","0.0482222222222222","0.0","0.0","0.0","0.0","48.696","13.2267222222222","0.0","48.696","13.2316111111111"
"Temperate","608700","13.0","9.0","","","0.0","","","0.0","-45.025","168.725","15.0183518518519","17.9927962962963","1.91351851851852","0.0","0.0","0.0","7.47588888888889","0.0","36.303","15.0183518518519","0.0","36.303","17.9927962962963"
"Temperate","608800","13.0","9.0","0.0","39.183","2.0","0.0","39.183","2.0","-44.675","169.125","14.3324814814815","16.1642592592593","2.07462962962963","0.0","0.0","0.0","5.64866666666667","0.0","39.183","14.201962962963","0.0","39.183","16.3446296296296"
"Temperate","609011","13.0","9.0","0.0","51.46","117.0","0.0","51.46","117.0","-44.625","168.025","0.0","0.0","0.191666666666667","0.00666666666666667","0.0","0.0","2.84811111111111","0.0","51.46","0.989732668566002","0.0","51.46","1.17178141817031"
"Temperate","609013","13.0","9.0","0.0","40.601","66.0","0.0","40.601","66.0","-44.725","168.375","9.59561111111111","10.5426111111111","1.67148148148148","0.0","0.0","0.0","111.0","0.0","40.601","2.63444051627385","0.0","40.601","3.48424158249158"
"Temperate","609014","13.0","9.0","0.0","37.282","46.0","0.0","37.282","46.0","-45.175","168.525","1.03511111111111","2.34133333333333","0.716111111111111","0.00177777777777778","0.0","0.0","28.4543333333333","0.0","37.282","4.737788647343","0.0","37.282","6.48561594202899"
"Temperate","609022","13.0","9.0","","","0.0","","","0.0","-45.025","168.725","15.0183518518519","17.9927962962963","1.91351851851852","0.0","0.0","0.0","7.47588888888889","0.0","36.303","15.0183518518519","0.0","36.303","17.9927962962963"
"Temperate","609023","13.0","9.0","","","0.0","","","0.0","-45.025","168.625","4.07225925925926","8.01831481481481","1.00962962962963","0.00122222222222222","0.0","0.0","6.74766666666667","0.0","18.683","4.07225925925926","0.0","21.059","8.01831481481481"
"Temperate","609027","13.0","9.0","0.0","43.215","15.0","0.0","43.215","15.0","-45.075","168.575","16.8764074074074","19.616962962963","1.91555555555556","0.0","0.0","0.0","19.4758888888889","0.0","43.215","17.5528987654321","0.0","43.215","19.0513283950617"
"Temperate","609028","13.0","9.0","0.0","34.197","1.0","0.0","34.197","1.0","-44.975","168.825","14.4695","17.0016111111111","1.83481481481481","0.00188888888888889","0.0","0.0","6.159","0.0","34.197","14.4695","0.0","34.197","17.0016111111111"
"Temperate","609029","13.0","9.0","0.0","43.678","89.0","0.0","43.678","89.0","-44.525","168.975","0.0","0.314111111111111","0.298703703703704","0.00211111111111111","0.0","0.0","0.0","0.0","43.678","4.96597752808989","0.0","43.678","6.32442509363296"
"Temperate","609030","13.0","9.0","0.0","44.232","8.0","0.0","44.232","8.0","-44.525","169.125","20.1191666666667","22.0720555555556","2.375","0.0","0.0","0.0","24.0241111111111","0.0","44.232","14.8161597222222","0.0","44.232","16.3674583333333"
"Temperate","609031","13.0","9.0","0.0","37.481","79.0","0.0","37.481","79.0","-44.825","168.725","9.13853703703704","10.1925925925926","1.5337037037037","0.011","0.0","0.0","111.0","0.0","37.481","4.25050679793718","0.0","37.481","6.23191983122363"
"Temperate","609032","13.0","9.0","0.0","34.412","2.0","0.0","34.412","2.0","-44.975","168.775","14.4437037037037","16.568037037037","1.85703703703704","0.0","0.0","0.0","4.32877777777778","0.0","34.412","14.5370925925926","0.0","34.412","16.9350925925926"
"Temperate","609033","13.0","9.0","0.0","24.44","1.0","0.0","24.44","1.0","-45.025","168.725","15.0183518518519","17.9927962962963","1.91351851851852","0.0","0.0","0.0","7.47588888888889","0.0","24.44","9.36685185185185","0.0","24.44","13.3755185185185"
"Temperate","609034","13.0","9.0","","","0.0","","","0.0","-45.025","168.775","14.8585740740741","17.7943518518519","1.96648148148148","0.0","0.0","0.0","7.101","0.0","36.672","14.8585740740741","0.0","36.672","17.7943518518519"
"Temperate","609035","13.0","9.0","0.0","36.672","6.0","0.0","36.672","6.0","-45.075","168.775","7.73172222222222","12.2314444444444","1.37407407407407","0.00111111111111111","0.0","0.0","9.63677777777778","0.0","36.672","6.55457716049383","0.0","36.672","8.86031790123457"
"Temperate","609200","13.0","9.0","","","0.0","","","0.0","-44.925","168.825","9.82448148148148","14.2753703703704","1.39425925925926","0.000555555555555556","0.0","0.0","3.773","0.0","26.283","9.82448148148148","0.0","26.283","14.2753703703704"
"Temperate","609302","13.0","9.0","","","0.0","","","0.0","-45.025","168.675","9.36685185185185","13.3755185185185","1.31240740740741","0.00222222222222222","0.0","0.0","2.63255555555556","0.0","24.44","9.36685185185185","0.0","24.44","13.3755185185185"
"Temperate","609303","13.0","9.0","","","0.0","","","0.0","-44.975","168.675","8.57198148148148","12.712037037037","1.23851851851852","0.000777777777777778","0.0","0.0","3.77333333333333","0.0","23.238","8.57198148148148","0.0","23.238","12.712037037037"
"Temperate","609304","13.0","9.0","","","0.0","","","0.0","-45.025","168.675","9.36685185185185","13.3755185185185","1.31240740740741","0.00222222222222222","0.0","0.0","2.63255555555556","0.0","24.44","9.36685185185185","0.0","24.44","13.3755185185185"
"Temperate","609400","13.0","9.0","","","0.0","","","0.0","-45.825","168.575","7.3272037037037","10.727037037037","1.35944444444444","0.00866666666666667","0.0","0.0","94.0858888888889","0.0","27.357","7.3272037037037","0.0","27.357","10.727037037037"
"Temperate","609500","13.0","9.0","","","0.0","","","0.0","-45.925","168.725","6.69687037037037","9.44514814814815","1.3037037037037","0.005","0.0","0.0","111.0","0.0","26.962","6.69687037037037","0.0","26.962","9.44514814814815"
"Temperate","609600","13.0","9.0","","","0.0","","","0.0","-45.725","168.425","11.4312037037037","12.7191481481481","1.44592592592593","0.00811111111111111","0.0","0.0","19.4672222222222","0.0","28.712","11.4312037037037","0.0","28.712","12.7191481481481"
"Temperate","609700","13.0","9.0","","","0.0","","","0.0","-46.325","168.775","5.87214814814815","8.71709259259259","1.185","0.0","0.0","0.0","111.0","0.0","29.853","5.87214814814815","0.0","29.853","8.71709259259259"
"Temperate","609800","13.0","9.0","","","0.0","","","0.0","-46.325","168.825","5.90277777777778","8.74861111111111","1.20037037037037","0.0","0.0","0.0","111.0","0.0","29.993","5.90277777777778","0.0","29.993","8.74861111111111"
"Temperate","609911","13.0","9.0","0.0","28.451","1.0","0.0","28.451","1.0","-46.325","168.375","5.72107407407407","8.6142962962963","1.15907407407407","0.0","0.0","0.0","111.0","0.0","28.451","5.72107407407407","0.0","28.451","8.6142962962963"
"Temperate","609912","13.0","9.0","0.0","28.316","1.0","0.0","28.316","1.0","-46.375","168.375","5.66111111111111","8.461","1.13666666666667","0.0","0.0","0.0","111.0","0.0","28.316","5.66111111111111","0.0","28.316","8.461"
"Temperate","609913","13.0","9.0","0.0","28.318","1.0","0.0","28.318","1.0","-46.375","168.325","5.68618518518519","8.51640740740741","1.13888888888889","0.0","0.0","0.0","111.0","0.0","28.318","5.68618518518519","0.0","28.318","8.51640740740741"
"Temperate","609914","13.0","9.0","0.0","28.234","1.0","0.0","28.234","1.0","-46.425","168.375","5.47548148148148","8.16659259259259","1.11944444444444","0.0","0.0","0.0","111.0","0.0","28.234","5.52307407407407","0.0","28.234","8.13974074074074"
"Temperate","609921","13.0","9.0","","","0.0","","","0.0","-46.475","168.275","5.52511111111111","8.15744444444444","1.12351851851852","0.0","0.0","0.0","111.0","0.0","28.198","5.52511111111111","0.0","28.198","8.15744444444444"
"Temperate","609922","13.0","9.0","","","0.0","","","0.0","-46.425","168.275","5.58022222222222","8.32027777777778","1.12351851851852","0.0","0.0","0.0","111.0","0.0","28.183","5.58022222222222","0.0","28.183","8.32027777777778"
"Temperate","610010","13.0","9.0","0.0","28.066","2.0","0.0","28.066","2.0","-46.125","168.875","5.48066666666667","8.33038888888889","1.16055555555556","0.000111111111111111","0.0","0.0","111.0","0.0","28.066","5.93885185185185","0.0","28.066","9.10121296296296"
"Temperate","610020","13.0","9.0","0.0","35.189","180.0","0.0","35.189","180.0","-45.575","168.625","12.6823703703704","14.4878148148148","1.58055555555556","0.0147777777777778","0.0","0.0","16.169","0.0","35.189","6.04406893004115","0.0","35.189","8.29378281893004"
"Temperate","610031","13.0","9.0","0.0","27.285","22.0","0.0","27.285","22.0","-45.975","168.725","6.56657407407407","9.20768518518519","1.29240740740741","0.002","0.0","0.0","111.0","0.0","27.285","4.92638636363636","0.0","27.285","7.27360606060606"
"Temperate","610032","13.0","9.0","0.0","28.878","32.0","0.0","28.878","32.0","-45.975","168.925","6.60390740740741","9.31596296296296","1.2862962962963","0.000222222222222222","0.0","0.0","111.0","0.0","28.878","5.63701157407407","0.0","28.878","8.44809143518519"
"Temperate","610033","13.0","9.0","0.0","27.402","23.0","0.0","27.402","23.0","-46.175","169.025","4.11866666666667","6.978","1.00518518518519","0.000555555555555556","0.0","0.0","106.128333333333","0.0","27.402","4.44499355877617","0.0","27.402","6.94588405797101"
"Temperate","610040","13.0","9.0","0.0","28.806","49.0","0.0","28.998","49.0","-46.025","168.375","6.50288888888889","9.11055555555556","1.27981481481481","0.000444444444444444","0.0","0.0","111.0","0.0","28.806","5.50516175359032","0.0","28.998","8.49592025699168"
"Temperate","610051","13.0","9.0","0.0","28.632","18.0","0.0","28.632","18.0","-46.275","168.275","5.72933333333333","8.75811111111111","1.18444444444444","0.0","0.0","0.0","111.0","0.0","28.632","5.6991316872428","0.0","28.632","8.67253909465021"
"Temperate","610052","13.0","9.0","0.0","28.338","3.0","0.0","28.338","3.0","-46.425","168.275","5.58022222222222","8.32027777777778","1.12351851851852","0.0","0.0","0.0","111.0","0.0","28.338","5.59486419753086","0.0","28.338","8.33834567901235"
"Temperate","610061","13.0","9.0","0.0","29.223","21.0","0.0","29.223","21.0","-46.275","168.625","5.65103703703704","8.43559259259259","1.15907407407407","0.0","0.0","0.0","111.0","0.0","29.223","5.41211111111111","0.0","29.223","8.07725132275132"
"Temperate","610062","13.0","9.0","0.0","29.374","1.0","0.0","29.374","1.0","-46.375","168.425","5.63807407407407","8.40674074074074","1.12351851851852","0.0","0.0","0.0","111.0","0.0","29.374","5.63807407407407","0.0","29.374","8.40674074074074"
"Temperate","610072","13.0","9.0","0.0","31.149","27.0","0.0","31.149","27.0","-46.425","168.625","4.65085185185185","7.72437037037037","1.07092592592593","0.0","0.0","0.0","111.0","0.0","31.149","5.56413580246914","0.0","31.149","8.25420096021948"
"Temperate","610073","13.0","9.0","0.0","29.149","1.0","0.0","29.149","1.0","-46.375","168.575","5.52451851851852","8.1662962962963","1.10722222222222","0.0","0.0","0.0","111.0","0.0","29.149","5.48007407407407","0.0","29.149","8.13535185185185"
"Temperate","610074","13.0","9.0","0.0","30.545","5.0","0.0","30.545","5.0","-46.525","168.375","5.44037037037037","7.92498148148148","1.12351851851852","0.0","0.0","0.0","111.0","0.0","30.545","5.57163703703704","0.0","30.545","8.12335925925926"
"Temperate","610075","13.0","9.0","","","0.0","","","0.0","-46.575","168.525","5.44111111111111","7.78627777777778","1.11388888888889","0.0","0.0","0.0","111.0","0.0","29.031","5.44111111111111","0.0","29.031","7.78627777777778"
"Temperate","610080","13.0","9.0","0.0","31.092","61.0","0.0","31.092","61.0","-46.475","168.975","2.84962962962963","3.99918518518519","0.731851851851852","0.000444444444444444","0.0","0.0","103.541444444444","0.0","31.092","4.50674256223437","0.0","31.092","7.00821007893139"
"Temperate","610090","13.0","9.0","","","0.0","","","0.0","-46.325","168.275","5.72488888888889","8.70766666666667","1.16888888888889","0.0","0.0","0.0","111.0","0.0","28.524","5.72488888888889","0.0","28.524","8.70766666666667"
"Temperate","610210","13.0","9.0","","","0.0","","","0.0","-46.075","168.925","6.03418518518519","9.32657407407407","1.27703703703704","0.0","0.0","0.0","111.0","0.0","28.066","6.03418518518519","0.0","28.066","9.32657407407407"
"Temperate","610220","13.0","9.0","","","0.0","","","0.0","-46.075","168.975","5.95903703703704","9.19375925925926","1.25259259259259","0.0","0.0","0.0","111.0","0.0","27.879","5.95903703703704","0.0","27.879","9.19375925925926"
"Temperate","610230","13.0","9.0","","","0.0","","","0.0","-46.125","168.925","5.84351851851852","8.87585185185185","1.25185185185185","0.0","0.0","0.0","111.0","0.0","27.866","5.84351851851852","0.0","27.866","8.87585185185185"
"Temperate","610240","13.0","9.0","","","0.0","","","0.0","-46.125","168.925","5.84351851851852","8.87585185185185","1.25185185185185","0.0","0.0","0.0","111.0","0.0","27.866","5.84351851851852","0.0","27.866","8.87585185185185"
"Temperate","610250","13.0","9.0","","","0.0","","","0.0","-46.125","168.925","5.84351851851852","8.87585185185185","1.25185185185185","0.0","0.0","0.0","111.0","0.0","27.866","5.84351851851852","0.0","27.866","8.87585185185185"
"Temperate","610400","13.0","9.0","0.0","27.72","1.0","0.0","27.72","1.0","-46.175","168.875","5.88514814814815","8.87953703703704","1.23166666666667","0.0","0.0","0.0","111.0","0.0","27.72","5.88514814814815","0.0","27.72","8.87953703703704"
"Temperate","610500","13.0","9.0","","","0.0","","","0.0","-46.125","168.325","5.73088888888889","8.82088888888889","1.22888888888889","0.0","0.0","0.0","111.0","0.0","26.366","5.73088888888889","0.0","26.366","8.82088888888889"
"Temperate","610601","13.0","9.0","","","0.0","","","0.0","-46.375","168.325","5.68618518518519","8.51640740740741","1.13888888888889","0.0","0.0","0.0","111.0","0.0","28.318","5.68618518518519","0.0","28.318","8.51640740740741"
"Temperate","610602","13.0","9.0","","","0.0","","","0.0","-46.375","168.375","5.66111111111111","8.461","1.13666666666667","0.0","0.0","0.0","111.0","0.0","28.316","5.66111111111111","0.0","28.316","8.461"
"Temperate","610700","13.0","9.0","","","0.0","","","0.0","-46.375","168.375","5.66111111111111","8.461","1.13666666666667","0.0","0.0","0.0","111.0","0.0","28.316","5.66111111111111","0.0","28.316","8.461"
"Temperate","610800","13.0","9.0","","","0.0","","","0.0","-46.375","168.375","5.66111111111111","8.461","1.13666666666667","0.0","0.0","0.0","111.0","0.0","28.316","5.66111111111111","0.0","28.316","8.461"
"Temperate","610900","13.0","9.0","","","0.0","","","0.0","-46.425","168.375","5.47548148148148","8.16659259259259","1.11944444444444","0.0","0.0","0.0","111.0","0.0","28.157","5.47548148148148","0.0","28.157","8.16659259259259"
"Temperate","611001","13.0","9.0","","","0.0","","","0.0","-46.375","168.375","5.66111111111111","8.461","1.13666666666667","0.0","0.0","0.0","111.0","0.0","28.316","5.66111111111111","0.0","28.316","8.461"
"Temperate","611002","13.0","9.0","","","0.0","","","0.0","-46.425","168.375","5.47548148148148","8.16659259259259","1.11944444444444","0.0","0.0","0.0","111.0","0.0","28.157","5.47548148148148","0.0","28.157","8.16659259259259"
"Temperate","611100","13.0","9.0","","","0.0","","","0.0","-46.425","168.375","5.47548148148148","8.16659259259259","1.11944444444444","0.0","0.0","0.0","111.0","0.0","28.157","5.47548148148148","0.0","28.157","8.16659259259259"
"Temperate","611210","13.0","9.0","","","0.0","","","0.0","-46.425","168.375","5.47548148148148","8.16659259259259","1.11944444444444","0.0","0.0","0.0","111.0","0.0","28.157","5.47548148148148","0.0","28.157","8.16659259259259"
"Temperate","611220","13.0","9.0","","","0.0","","","0.0","-46.425","168.375","5.47548148148148","8.16659259259259","1.11944444444444","0.0","0.0","0.0","111.0","0.0","28.157","5.47548148148148","0.0","28.157","8.16659259259259"
"Temperate","611300","13.0","9.0","","","0.0","","","0.0","-46.425","168.325","5.64548148148148","8.39787037037037","1.13518518518519","0.0","0.0","0.0","111.0","0.0","28.301","5.64548148148148","0.0","28.301","8.39787037037037"
"Temperate","611400","13.0","9.0","","","0.0","","","0.0","-46.425","168.375","5.47548148148148","8.16659259259259","1.11944444444444","0.0","0.0","0.0","111.0","0.0","28.157","5.47548148148148","0.0","28.157","8.16659259259259"
"Temperate","611500","13.0","9.0","","","0.0","","","0.0","-46.425","168.375","5.47548148148148","8.16659259259259","1.11944444444444","0.0","0.0","0.0","111.0","0.0","28.157","5.47548148148148","0.0","28.157","8.16659259259259"
"Temperate","611601","13.0","9.0","0.0","28.157","1.0","0.0","28.157","1.0","-46.425","168.375","5.47548148148148","8.16659259259259","1.11944444444444","0.0","0.0","0.0","111.0","0.0","28.157","5.47548148148148","0.0","28.157","8.16659259259259"
"Temperate","611602","13.0","9.0","","","0.0","","","0.0","-46.425","168.375","5.47548148148148","8.16659259259259","1.11944444444444","0.0","0.0","0.0","111.0","0.0","28.157","5.47548148148148","0.0","28.157","8.16659259259259"
"Temperate","611700","13.0","9.0","","","0.0","","","0.0","-46.425","168.375","5.47548148148148","8.16659259259259","1.11944444444444","0.0","0.0","0.0","111.0","0.0","28.157","5.47548148148148","0.0","28.157","8.16659259259259"
"Temperate","611800","13.0","9.0","","","0.0","","","0.0","-46.425","168.375","5.47548148148148","8.16659259259259","1.11944444444444","0.0","0.0","0.0","111.0","0.0","28.157","5.47548148148148","0.0","28.157","8.16659259259259"
"Temperate","611900","13.0","9.0","","","0.0","","","0.0","-46.425","168.375","5.47548148148148","8.16659259259259","1.11944444444444","0.0","0.0","0.0","111.0","0.0","28.157","5.47548148148148","0.0","28.157","8.16659259259259"
"Temperate","612100","13.0","9.0","","","0.0","","","0.0","-46.525","168.375","5.44037037037037","7.92498148148148","1.12351851851852","0.0","0.0","0.0","111.0","0.0","28.103","5.44037037037037","0.0","28.103","7.92498148148148"
"Temperate","612200","13.0","9.0","","","0.0","","","0.0","-45.975","168.025","6.29903703703704","11.136037037037","1.19407407407407","0.000555555555555556","0.0","0.0","10.7012222222222","0.0","25.005","6.29903703703704","0.0","25.786","11.136037037037"
"Temperate","612300","13.0","9.0","","","0.0","","","0.0","-45.925","167.975","6.27359259259259","11.2266481481481","1.17574074074074","0.00655555555555555","0.0","0.0","7.08233333333333","0.0","23.602","6.27359259259259","0.0","25.625","11.2266481481481"
"Temperate","612400","13.0","9.0","0.0","24.995","1.0","0.0","24.995","1.0","-45.425","167.725","2.01551851851852","2.54333333333333","1.34296296296296","0.0","0.0","0.0","112.416037037037","0.0","24.995","2.01551851851852","0.0","24.995","2.54333333333333"
"Temperate","612500","13.0","9.0","0.0","29.756","1.0","0.0","29.756","1.0","-46.125","167.675","5.60666666666667","8.03872222222222","1.17092592592593","0.0","0.0","0.0","111.0","0.0","29.756","5.60666666666667","0.0","29.756","8.03872222222222"
"Temperate","612600","13.0","9.0","","","0.0","","","0.0","-46.125","167.975","6.26162962962963","9.49524074074074","1.23740740740741","0.0","0.0","0.0","111.0","0.0","30.404","6.26162962962963","0.0","30.404","9.49524074074074"
"Temperate","612712","13.0","9.0","0.0","25.574","1.0","0.0","25.574","1.0","-45.575","167.625","6.11431481481481","8.50909259259259","1.27777777777778","0.0","0.0","0.0","111.0","0.0","25.574","6.11431481481481","0.0","25.574","8.50909259259259"
"Temperate","612713","13.0","9.0","0.0","24.546","2.0","0.0","28.209","2.0","-45.675","168.225","8.59438888888889","12.9055","1.29814814814815","0.0315555555555556","0.0","0.0","1.64344444444444","0.0","24.546","8.8255","0.0","28.209","13.2741944444444"
"Temperate","612714","13.0","9.0","0.0","32.093","224.0","0.0","32.093","224.0","-45.275","167.875","3.5852037037037","4.57253703703704","1.26055555555556","0.0","0.0","0.0","111.171111111111","0.0","32.093","2.57209135251323","0.0","32.093","4.13311350859788"
"Temperate","612715","13.0","9.0","0.0","32.292","10.0","0.0","32.292","10.0","-45.225","167.725","1.40918518518519","1.70251851851852","1.51925925925926","0.0","0.0","0.0","131.410555555556","0.0","32.292","1.34297037037037","0.0","32.292","1.63013333333333"
"Temperate","612720","13.0","9.0","0.0","27.305","67.0","0.0","27.305","67.0","-45.875","167.925","3.38874074074074","6.5122962962963","0.857962962962963","0.00166666666666667","0.0","0.0","3.26066666666667","0.0","27.305","4.05735378662244","0.0","27.305","6.96272056384743"
"Temperate","612730","13.0","9.0","0.0","30.292","106.0","0.0","30.292","106.0","-45.975","167.625","4.40718518518518","7.27146296296296","1.0687037037037","0.0","0.0","0.0","111.0","0.0","30.292","3.45744758909853","0.0","30.292","5.15580870020964"
"Temperate","612740","13.0","9.0","0.0","30.404","34.0","0.0","30.404","34.0","-46.175","168.025","5.96966666666667","9.04583333333333","1.2087037037037","0.0","0.0","0.0","111.0","0.0","30.404","5.65055882352941","0.0","30.404","8.76499237472767"
"Temperate","612801","13.0","9.0","","","0.0","","","0.0","-46.325","168.025","5.83477777777778","8.78483333333333","1.16962962962963","0.0","0.0","0.0","111.0","0.0","28.587","5.83477777777778","0.0","28.587","8.78483333333333"
"Temperate","612802","13.0","9.0","","","0.0","","","0.0","-46.375","167.975","4.51966666666667","7.71933333333333","1.0437037037037","0.0","0.0","0.0","111.0","0.0","26.314","4.51966666666667","0.0","26.314","7.71933333333333"
"Temperate","612901","13.0","9.0","0.0","32.301","322.0","0.0","32.301","322.0","-45.625","167.075","0.0","0.00233333333333333","0.453333333333333","0.0","0.0","0.0","128.731981481481","0.0","32.301","0.145808488612836","0.0","32.301","0.407702150908673"
"Temperate","612902","13.0","9.0","0.0","27.836","6.0","0.0","27.836","6.0","-45.525","167.475","2.72855555555556","3.42227777777778","1.2987037037037","0.0","0.0","0.0","112.160777777778","0.0","27.836","3.30978703703704","0.0","27.836","3.76649074074074"
"Temperate","612903","13.0","9.0","0.0","22.363","3.0","0.0","22.363","3.0","-45.975","167.275","0.0331481481481481","0.0893703703703704","0.323703703703704","0.00277777777777778","0.0","0.0","50.9877777777778","0.0","22.363","0.276679012345679","0.0","22.363","0.858716049382716"
"Temperate","613000","13.0","9.0","0.0","29.762","78.0","0.0","29.762","78.0","-46.975","167.875","3.10914814814815","4.61366666666667","0.669444444444445","0.0","0.0","0.0","111.0","0.0","29.762","3.00064007597341","0.0","29.762","4.4732150997151"
"Temperate","615800","13.0","9.0","","","0.0","","","0.0","-36.275","174.775","21.7316666666667","21.7316666666667","2.91481481481481","0.0","0.0","0.0","111.0","0.0","58.915","21.7316666666667","0.0","58.915","21.7316666666667"
"Temperate","615900","13.0","9.0","","","0.0","","","0.0","-36.275","174.775","21.7316666666667","21.7316666666667","2.91481481481481","0.0","0.0","0.0","111.0","0.0","58.915","21.7316666666667","0.0","58.915","21.7316666666667"
"Temperate","616001","13.0","9.0","","","0.0","","","0.0","-36.475","175.375","25.9449814814815","25.9449814814815","3.3787037037037","0.0","0.0","0.0","111.0","0.0","64.347","25.9449814814815","0.0","64.347","25.9449814814815"
"Temperate","616200","13.0","9.0","","","0.0","","","0.0","-36.475","175.375","25.9449814814815","25.9449814814815","3.3787037037037","0.0","0.0","0.0","111.0","0.0","64.347","25.9449814814815","0.0","64.347","25.9449814814815"
"Temperate","616300","13.0","9.0","","","0.0","","","0.0","-36.875","174.875","25.5911666666667","25.5911666666667","3.34574074074074","0.0","0.0","0.0","111.0","0.0","62.812","25.5911666666667","0.0","62.812","25.5911666666667"
"Temperate","616400","13.0","9.0","","","0.0","","","0.0","-36.475","175.375","25.9449814814815","25.9449814814815","3.3787037037037","0.0","0.0","0.0","111.0","0.0","64.347","25.9449814814815","0.0","64.347","25.9449814814815"
"Temperate","618300","13.0","9.0","","","0.0","","","0.0","-38.125","174.875","21.0241111111111","21.0241111111111","2.95888888888889","0.0","0.0","0.0","111.0","0.0","57.544","21.0241111111111","0.0","57.544","21.0241111111111"
"Temperate","618400","13.0","9.0","","","0.0","","","0.0","-37.775","176.425","31.0788148148148","32.1564814814815","2.98166666666667","0.0","0.0","0.0","82.8494444444444","0.0","56.25","31.0788148148148","0.0","56.25","32.1564814814815"
"Temperate","618500","13.0","9.0","","","0.0","","","0.0","-37.325","175.925","31.3668703703704","31.3668703703704","3.27759259259259","0.0","0.0","0.0","111.0","0.0","60.561","31.3668703703704","0.0","60.561","31.3668703703704"
"Temperate","619302","13.0","9.0","","","0.0","","","0.0","-36.875","175.625","18.2161851851852","18.2601851851852","3.42314814814815","0.0","0.0","0.0","111.328222222222","0.0","63.657","18.2161851851852","0.0","63.657","18.2601851851852"
"Temperate","619701","13.0","9.0","","","0.0","","","0.0","-37.925","176.875","24.0714074074074","24.0714074074074","3.045","0.0","0.0","0.0","57.6855555555556","0.0","55.841","24.0714074074074","0.0","55.841","24.0714074074074"
"Temperate","619900","13.0","9.0","","","0.0","","","0.0","-37.825","177.625","21.1787222222222","21.1787222222222","3.00592592592593","0.0","0.0","0.0","111.0","0.0","56.959","21.1787222222222","0.0","56.959","21.1787222222222"
"Temperate","620000","13.0","9.0","0.0","42.782","26.0","0.0","42.782","26.0","-38.775","175.875","14.5422037037037","15.4046481481481","2.13981481481481","0.0","0.0","0.0","111.0","0.0","42.782","15.2975356125356","0.0","42.782","15.6901680911681"
"Temperate","620904","13.0","9.0","","","0.0","","","0.0","-39.825","176.975","27.9586481481481","28.2162037037037","2.60222222222222","0.0","0.0","0.0","3.62111111111111","0.0","49.268","27.9586481481481","0.0","49.268","28.2162037037037"
"Temperate","626500","13.0","9.0","","","0.0","","","0.0","-46.575","168.525","5.44111111111111","7.78627777777778","1.11388888888889","0.0","0.0","0.0","111.0","0.0","29.031","5.44111111111111","0.0","29.031","7.78627777777778"
"Temperate","626700","13.0","9.0","","","0.0","","","0.0","-46.375","167.775","5.01544444444444","7.15694444444444","1.08962962962963","0.0","0.0","0.0","111.0","0.0","25.479","5.01544444444444","0.0","25.479","7.15694444444444"
"Temperate","626801","13.0","9.0","","","0.0","","","0.0","-46.525","168.375","5.44037037037037","7.92498148148148","1.12351851851852","0.0","0.0","0.0","111.0","0.0","28.103","5.44037037037037","0.0","28.103","7.92498148148148"
