MB2013,AU2013
100,500206
200,500206
300,500206
400,500206
502,500206
600,500206
700,500206
800,500206
900,500206
1000,500207
1100,500207
1201,500207
1203,500207
1204,500207
1301,500207
1302,500207
1400,500208
1500,500208
1600,500208
1700,500208
1800,500208
1900,500208
2000,500208
2200,500208
2301,500208
2302,500208
2303,500208
2304,500208
2305,500208
2306,500208
2400,500208
2500,500202
2603,500202
2604,500202
2605,500202
2606,500202
2607,500202
2608,500202
2609,500202
2610,500202
2611,500202
2700,500202
2800,500208
2900,500202
3000,500202
3100,500202
3200,500202
3300,500202
3400,500202
3501,500203
3502,500203
3503,500203
3504,500203
3505,500203
3506,500203
3600,500202
3701,500202
3702,500202
3800,500202
3900,500202
4000,500202
4101,500203
4102,500203
4104,500203
4105,500203
4106,500203
4107,500203
4108,500203
4201,500203
4202,500203
4203,500203
4204,500203
4205,500203
4206,500203
4207,500203
4208,500203
4209,500203
4210,500203
4301,500203
4302,500203
4400,500202
4501,500202
4502,500202
4600,500202
4700,500202
4800,500202
4900,500203
5000,500203
5100,500203
5201,500202
5202,500203
5400,500202
5500,500202
5600,500202
5700,500202
5800,500208
5900,500202
6000,500202
6100,500202
6200,500202
6300,500202
6400,500202
6500,500202
6600,500202
6700,500202
6800,500202
6900,500202
7000,500202
7101,500100
7102,500100
7201,500100
7202,500100
7300,500100
7400,500208
7500,500208
7600,500208
7700,500208
7801,500208
7802,500100
7900,500208
8000,500208
8100,500208
8200,500204
8301,500204
8302,500301
8401,500204
8403,500302
8404,500302
8501,500204
8502,500302
8600,500204
8700,500204
8800,500204
8901,500204
8902,500204
9001,500204
9002,500301
9101,500204
9102,500301
9103,500301
9200,500204
9300,500204
9400,500204
9500,500204
9600,500204
9700,500204
9800,500205
9900,500204
10005,500205
10006,500205
10007,500205
10008,500205
10009,500205
10010,500205
10011,500205
10012,500205
10013,500205
10014,500205
10101,500205
10102,500205
10200,500205
10300,500204
10400,500204
10500,500204
10600,500205
10700,500205
10800,500205
10900,500204
11000,500204
11100,500204
11200,500204
11300,500204
11400,500204
11500,500204
11600,500202
11700,500204
11800,500204
11900,500204
12000,500204
12102,500204
12103,500204
12200,500204
12300,500208
12400,500208
12500,500208
12601,500208
12602,500100
12701,500208
12702,500100
12800,500208
12902,500301
12903,500301
12904,500301
13000,500301
13100,500301
13203,500302
13204,500302
13205,500302
13206,500302
13207,500302
13300,500302
13400,500302
13500,500301
13600,500302
13700,500302
13800,500302
13900,500302
14000,500302
14100,500302
14200,500302
14300,500302
14400,500302
14500,500302
14600,500301
14700,500301
14800,500301
14900,500301
15000,500301
15100,500301
15200,500301
15300,500301
15401,500301
15402,500301
15500,500301
15600,500301
15700,500301
15800,500301
15900,500301
16000,500301
16100,500301
16200,500301
16300,500301
16400,500301
16500,500301
16600,500301
16700,500301
16800,500301
17200,500402
17301,500402
17302,500402
17402,500402
17403,500402
17404,500402
17405,500402
17406,500402
17407,500402
17408,500402
17409,500402
17500,500402
17600,500402
17700,500402
17800,500402
17900,500402
18000,500402
18100,500402
18201,500402
18202,500402
18203,500401
18300,500402
18400,500402
18500,500402
18600,500402
18700,500401
18800,500401
18900,500401
19000,500402
19100,500401
19200,500402
19300,500402
19400,500402
19500,500402
19600,500402
19700,500402
19801,500402
19802,500402
19900,500402
20000,500402
20100,500402
20200,500402
20300,500402
20401,500402
20402,500402
20600,500801
20700,500801
20800,500801
20900,500801
21000,500801
21100,500801
21200,500801
21300,500801
21400,500801
21500,500801
21600,500801
21700,500801
21800,500801
21900,500802
22000,500802
22100,500802
22200,500802
22300,500802
22400,500802
22500,500802
22600,500802
22700,500802
22800,500802
22900,500802
23000,500802
23100,500802
23200,500802
23300,500802
23400,500802
23500,500802
23600,500600
23700,500600
23800,500600
23900,500600
24000,500600
24100,500600
24201,500600
24202,500600
24300,500802
24400,500802
24500,500802
24600,500802
24700,500802
24800,500802
24900,500802
25000,500802
25100,500802
25200,500802
25300,500802
25400,500802
25500,500802
25600,500802
25700,500802
25800,500700
25900,500700
26001,500700
26002,500700
26100,500700
26201,500802
26202,500700
26301,500802
26302,500802
26303,500802
26304,500802
26305,500802
26400,500802
26500,500802
26600,500802
26700,500802
26800,500802
26900,500802
27000,500802
27100,500802
27200,500802
27300,500802
27400,500802
27500,500802
27600,500802
27700,500802
27800,500801
27900,500801
28000,500801
28100,500801
28201,500801
28202,500801
28300,500801
28400,500801
28500,500801
28600,500801
28700,500801
28800,500801
28900,500801
29000,500801
29101,500801
29102,500801
29200,500801
29302,500801
29400,500801
29500,500801
29600,500801
29700,500801
29800,500801
29900,500801
30000,500801
30100,500801
30200,500801
30300,500801
30400,500801
30500,500801
30600,500801
30700,500801
30800,500801
30900,500801
31000,500801
31100,500801
31200,500801
31300,500801
31400,500500
31500,500500
31600,500500
31700,500801
31800,500801
31900,500801
32000,500801
32100,501633
32200,501633
32300,501631
32400,501631
32501,501631
32502,501631
32600,501631
32700,501631
32800,501634
32900,501631
33000,501631
33100,501631
33200,501631
33300,501633
33400,501633
33500,501631
33600,501633
33700,501633
33800,501633
33900,501633
34000,501633
34101,501633
34102,501615
34201,501633
34202,501633
34301,501633
34302,501633
34400,501633
34500,501633
34600,501632
34700,501632
34800,501632
34900,501632
35000,501632
35100,501632
35200,501632
35300,501632
35401,501632
35402,501632
35501,501634
35502,501634
35600,501634
35700,501633
35800,501633
35900,501633
36000,501633
36100,501633
36202,501500
36203,501634
36204,501634
36301,501633
36302,501634
36303,501634
36401,501634
36402,501634
36500,501634
36600,501634
36700,501632
36800,501632
36901,501632
36902,501632
37000,501634
37100,501634
37202,501634
37203,501634
37204,501634
37205,501634
37301,501634
37302,501634
37401,501634
37402,501634
37501,501700
37502,501634
37600,501634
37701,501634
37702,501634
37802,501700
37803,501634
37804,501634
37805,501634
37806,501634
37807,501634
37901,501634
37902,501634
38001,501634
38002,501634
38100,501634
38200,501634
38300,501634
38400,501634
38500,501634
38600,501634
38700,501634
38800,501634
38900,501634
39000,501634
39100,501634
39200,501634
39300,501634
39400,501634
39500,501634
39600,501634
39701,501634
39702,501634
39800,501634
39900,501634
40001,501634
40002,501634
40100,501634
40200,501634
40300,501634
40400,501634
40501,501634
40502,501634
40601,501634
40602,501634
40701,501700
40702,501700
40703,501700
40801,501700
40802,501700
40900,501700
41000,501700
41100,501700
41200,501700
41300,501700
41401,501700
41402,501700
41403,501700
41500,501700
41600,501700
41700,501700
41800,501700
41900,501700
42001,501700
42002,501700
42101,501700
42102,501700
42103,501700
42201,501700
42202,501700
42300,501700
42400,501700
42500,501700
42600,501700
42700,501700
42800,501700
42900,501700
43000,501700
43100,501700
43200,501700
43300,501700
43400,501700
43500,501700
43600,501700
43700,501700
43800,501633
43902,501633
43904,501614
43905,501614
43906,501614
43907,501614
44003,501614
44004,501614
44005,501614
44006,500402
44007,501614
44008,501614
44102,501614
44201,501614
44301,501614
44403,501614
44404,501614
44405,501614
44406,501614
44501,501614
44503,500900
44504,500900
44505,500900
44506,500900
44507,500900
44508,500900
44602,500900
44603,500900
44604,500900
44605,500900
44606,500900
44607,500900
44608,500900
44609,500900
44610,500900
44611,500900
44701,501633
44702,501633
44703,501633
44801,501614
44803,500900
44804,500900
44805,500900
44806,500900
44807,500900
44808,500900
44901,501620
44902,501620
45000,501620
45100,501620
45200,501620
45300,501620
45400,501620
45500,501620
45600,501620
45700,501620
45800,501620
45901,501620
45902,501620
46001,501620
46002,501620
46100,501620
46200,501620
46300,501620
46400,501620
46500,501620
46600,501620
46700,501620
46801,501620
46802,501620
46901,501620
46902,501620
47001,501620
47002,501620
47100,501620
47200,501620
47301,501500
47302,501634
47400,501634
47500,501634
47601,501620
47602,501620
47603,501620
47701,501620
47702,501620
47801,501620
47802,501620
47901,501620
47902,501620
48001,501620
48004,501620
48102,501620
48203,501620
48204,501620
48205,501620
48303,501620
48304,501620
48404,501620
48407,501620
48408,501620
48409,501620
48410,501620
48500,501620
48602,501620
48702,501620
48800,501620
48900,501620
49000,501620
49102,501620
49103,501620
49104,501620
49204,501615
49206,501615
49302,500900
49303,500900
49304,500900
49305,500900
49306,500900
49307,500900
49401,500900
49403,500900
49404,500900
49405,500900
49406,500900
49407,500900
49501,500900
49502,500900
49503,500900
49504,500900
49505,500900
49506,500900
49507,500900
49600,500900
49700,500900
49801,501633
49802,501615
49901,500900
49903,500900
49904,500900
49905,500900
50001,500900
50002,501615
50003,501615
50004,501633
50100,500900
50201,501615
50202,501615
50303,501200
50304,501200
50305,501200
50306,501200
50307,501200
50308,501200
50309,501200
50310,501200
50311,501200
50400,501200
50501,501615
50503,501615
50602,501615
50603,501615
50604,501633
50605,501633
50701,501200
50703,501100
50704,501633
50705,501200
50706,501633
50708,501615
50802,501633
50803,501200
50804,501633
50805,501633
50806,501200
50901,501633
50902,501633
51000,501615
51101,501615
51102,501615
51201,501300
51202,501300
51300,501300
51401,501612
51402,501100
51403,501612
51405,501633
51406,501100
51407,501100
51408,501100
51409,501100
51501,501612
51502,501300
51504,501300
51506,501300
51507,501633
51601,501633
51700,501633
51800,501633
51900,501620
52001,501500
52002,501500
52100,501500
52200,501500
52300,501500
52400,501500
52501,501500
52502,501500
52600,501500
52700,501500
52800,501500
52902,500900
52903,500900
52904,500900
52905,500900
52906,500900
52907,500900
53001,500900
53002,500900
53003,500900
53004,500900
53005,500900
53101,500900
53102,500900
53200,500900
53301,500900
53303,500900
53304,500900
53305,500900
53403,500900
53404,500900
53405,500900
53406,500900
53407,500900
53408,500900
53502,500900
53503,500900
53504,500900
53505,500900
53506,500900
53507,500900
53508,500900
53509,500900
53600,500900
53700,501100
53800,501100
53900,501100
54000,501100
54100,501100
54200,501100
54300,501100
54400,501100
54501,501100
54502,501100
54600,501100
54700,501100
54801,501100
54802,501100
54900,501500
55000,501500
55100,501500
55200,501500
55300,501500
55400,501500
55500,501500
55600,501500
55700,501500
55801,501500
55802,501500
55900,501500
56001,501500
56002,501500
56100,501500
56200,501500
56300,501000
56400,501000
56500,501000
56600,501000
56700,501000
56800,501000
56900,501000
57000,501000
57100,501000
57201,501000
57202,501000
57300,501400
57400,501400
57500,501400
57600,501400
57700,501400
57800,501400
57900,501400
58000,501400
58100,501400
58200,501400
58300,501400
58400,501400
58500,501400
58600,501400
58700,501400
58800,501400
59200,501814
59301,501814
59400,501814
59500,501814
59600,501814
59700,501814
59800,501814
59900,501814
60000,501814
60100,501814
60200,501814
60300,501814
60400,501814
60500,501814
60600,501814
60700,501814
60800,501814
60900,501814
61000,501814
61100,501814
61200,501814
61300,501814
61400,501814
61502,501814
61600,501814
61700,501814
61801,501814
61802,502202
61803,502202
61804,502201
61805,502201
61806,502201
61807,502201
61808,502201
61901,501814
61902,501814
61904,501814
61905,501814
62002,501814
62102,501807
62105,501807
62106,501807
62107,501807
62108,501807
62109,501807
62110,501807
62202,501807
62203,501807
62204,501807
62205,501807
62206,501807
62301,501814
62303,501807
62304,501807
62401,501814
62402,501807
62501,501814
62502,501814
62503,501814
62504,501814
62505,501814
62506,501814
62507,501814
62600,501814
62702,501814
62703,501814
62704,501814
62705,501814
62800,501814
62900,504300
63000,504300
63100,504300
63200,504300
63300,504300
63400,504300
63500,504300
63600,504300
63701,502001
63703,502001
63704,502001
63705,502001
63801,502001
63803,502201
63804,502001
63805,502001
63900,502001
64000,502001
64100,502001
64200,502001
64300,502001
64401,504300
64402,502001
64501,501814
64503,501814
64504,501814
64600,501802
64700,501802
64800,501802
64900,501802
65000,501802
65101,501802
65102,501802
65200,501802
65300,501802
65400,501802
65500,501802
65600,501802
65700,501802
65800,501802
65900,501802
66000,501802
66100,501802
66200,501802
66300,501802
66400,501802
66500,501802
66600,501802
66700,501802
66800,501802
66900,501802
67000,501802
67100,501802
67200,501802
67300,501802
67400,501802
67500,501802
67600,501802
67700,501802
67800,501802
67900,501802
68000,501802
68100,501802
68200,501802
68300,501802
68400,501802
68500,501802
68600,501802
68700,501802
68801,501802
68802,501802
68900,501802
69000,501802
69100,501802
69201,501802
69202,501802
69300,501802
69402,502101
69403,502002
69404,502002
69500,502002
69603,502101
69604,502101
69606,502002
69607,502002
69608,502002
69609,502101
69700,502002
69800,502001
69900,501802
70001,501802
70002,501802
70003,501802
70100,501802
70201,502003
70202,502002
70203,503300
70205,503400
70206,503400
70207,503400
70208,503400
70209,503400
70300,502003
70400,502003
70501,502003
70502,502003
70503,502003
70504,502003
70505,502003
70506,502003
70600,503400
70700,501810
70801,501810
70802,501810
70903,501810
70904,501810
70905,501810
70906,502003
70907,502003
71001,501809
71002,501809
71003,501809
71004,501809
71005,501809
71006,501809
71007,501809
71100,501809
71200,501809
71301,501809
71302,501809
71400,501809
71500,501809
71600,501809
71701,501809
71702,501809
71800,501809
71901,501810
71902,501810
72000,501810
72101,501810
72102,501810
72200,501810
72300,501809
72401,501810
72402,501809
72403,501810
72404,501809
72501,501810
72502,501810
72601,502004
72603,502202
72604,502202
72605,502202
72606,502202
72607,502202
72702,503700
72703,502004
72704,502004
72705,502004
72706,502004
72801,502004
72802,502004
72900,501817
73001,501817
73002,501817
73003,501817
73004,501817
73005,501817
73006,501817
73101,501817
73102,501817
73103,501817
73104,501817
73105,501817
73200,504000
73301,501817
73302,501817
73400,501818
73501,501818
73503,501818
73504,501818
73505,501818
73601,501818
73602,501818
73701,501818
73703,501818
73704,501818
73705,501818
73706,501818
73802,501818
73805,501817
73806,501817
73900,501818
74001,501817
74004,501817
74005,501819
74101,501819
74102,501818
74203,501819
74204,501819
74205,501819
74206,501819
74207,501819
74208,501819
74209,501819
74210,501819
74211,501819
74304,501819
74305,501819
74306,501819
74307,501819
74308,501819
74309,501819
74310,501819
74311,501819
74312,501819
74400,501819
74501,501819
74502,501819
74601,502005
74602,502005
74701,503900
74702,502005
74703,502005
74704,502005
74801,502005
74802,502005
74803,502005
74900,501809
75001,501809
75002,501811
75100,501809
75200,501809
75300,501809
75401,501809
75402,501809
75403,501809
75404,501809
75500,501809
75601,502005
75602,502005
75700,501809
75800,502005
75900,502005
76000,502005
76100,502005
76200,502005
76300,502005
76400,502005
76500,502005
76701,501809
76800,501809
76901,504502
76902,501811
77000,501811
77100,501811
77200,501811
77300,501811
77400,501811
77500,501811
77600,501811
77700,501811
77800,501811
77901,501811
77902,501811
78001,501811
78002,501811
78100,501811
78200,501811
78302,501811
78303,501811
78304,501811
78305,501811
78401,501806
78402,501806
78403,501806
78501,501806
78502,501806
78503,501806
78504,501806
78601,501811
78602,501811
78700,501811
78800,501811
78900,501811
79002,501806
79003,501806
79006,501806
79007,501806
79009,501806
79011,501806
79012,501806
79013,501806
79014,501806
79015,501806
79016,501806
79017,501806
79101,501811
79102,501806
79201,501811
79202,501811
79203,501811
79301,501806
79302,501806
79303,501806
79304,501806
79305,501806
79402,501806
79403,501806
79404,501806
79405,501806
79406,501806
79407,501806
79500,501806
79601,501806
79603,501806
79605,501806
79606,501806
79701,501806
79703,501806
79704,501806
79802,501815
79803,501806
79805,501806
79806,501806
79807,501806
79808,501806
79809,501806
79810,501806
79811,501806
79812,501806
79813,501806
79814,501806
79815,501806
79816,501806
79901,501815
79903,501806
79904,501806
80000,501815
80100,501815
80200,501815
80301,501816
80302,501816
80400,501816
80500,501815
80600,501816
80700,501815
80800,501816
80900,501816
81000,501816
81100,501816
81200,501815
81300,501815
81401,501816
81402,501816
81403,501816
81404,501816
81405,501816
81406,501816
81407,501816
81408,501816
81501,501816
81502,501816
81503,501816
81504,501816
81505,501816
81506,501816
81507,501816
81508,501816
81509,501816
81510,501816
81511,501816
81512,501816
81513,501816
81514,501816
81600,501815
81900,502101
82001,502101
82002,502101
82100,502101
82200,502101
82300,502101
82400,502101
82500,502101
82601,502101
82602,502101
82701,502101
82703,502101
82704,502101
82801,502101
82803,502101
82804,502101
82900,502101
83001,502101
83002,502101
83100,502101
83200,502101
83300,502102
83400,502102
83500,502102
83600,502101
83701,502102
83702,502102
83801,502102
83802,502102
83803,502102
83901,502102
83903,502102
83904,502102
84000,502102
84100,502102
84200,502102
84300,502102
84400,502102
84500,502102
84600,502102
84700,502102
84800,502102
84900,502102
85000,502102
85100,502102
85200,502102
85300,502102
85400,502102
85501,502101
85502,502101
85503,502101
85600,502101
85700,502101
85800,502101
85900,502201
86000,502201
86102,502201
86103,502201
86104,502201
86105,502201
86200,502201
86300,502201
86400,502201
86500,502201
86600,502201
86700,502201
86800,502201
86900,502201
87000,502202
87100,502202
87200,502202
87300,502202
87400,502202
87500,502202
87600,502202
87700,502202
87800,502202
87900,502202
88000,502202
88100,502202
88200,502201
88301,502202
88302,502202
88400,502202
88501,502202
88502,502202
88600,502202
88700,502202
88801,502300
88802,502300
88900,502300
89000,502300
89100,502300
89201,502300
89202,502101
89203,502300
89300,502300
89400,502300
89500,502300
89601,502300
89602,502300
89700,502300
89800,502300
89900,502300
90000,502300
90100,502300
90200,502300
90300,502300
90400,502300
90500,502300
90600,502700
90700,502700
90800,502700
90900,502700
91000,502700
91100,502700
91200,502700
91300,502700
91400,502700
91500,502700
91600,502700
91700,502700
91800,502700
91900,502700
92000,502700
92100,502700
92200,502700
92300,502700
92400,502700
92500,502400
92600,502400
92700,502400
92800,502400
92900,502400
93000,502400
93100,502400
93200,502400
93300,502400
93400,502400
93500,502400
93600,502400
93700,502400
93800,502400
93900,502400
94000,502400
94100,502400
94200,502400
94300,502400
94400,502400
94500,502600
94600,502600
94700,502600
94800,502600
94900,502600
95000,502600
95100,502600
95200,502600
95301,502600
95302,502600
95401,502600
95402,502600
95403,502600
95500,502500
95601,502500
95602,503000
95700,502800
95800,502800
95900,502800
96000,502800
96100,502800
96201,502800
96202,502800
96300,502800
96400,502800
96500,502800
96600,502800
96700,502800
96800,502800
96900,502800
97000,502800
97100,502800
97200,502800
97300,502800
97400,502800
97500,503000
97600,503000
97700,503000
97800,503000
97900,503000
98000,503000
98100,503000
98200,503000
98300,503000
98400,503000
98500,503000
98600,503000
98700,503000
98800,503000
98900,503000
99000,503000
99100,503100
99200,503100
99300,503100
99400,503100
99500,503100
99600,503100
99700,503100
99800,503100
99902,503100
99903,503100
99904,503100
100000,503100
100100,503100
100200,503100
100300,503100
100400,503100
100500,503100
100600,503100
100700,503100
100800,503100
100901,503200
100902,503200
101001,503200
101002,503200
101100,503200
101200,503200
101301,503200
101302,503200
101303,503200
101304,503200
101401,503200
101402,503200
101501,503200
101502,503200
101503,503200
101601,503100
101602,503100
101700,503100
101801,503200
101802,503200
101803,503200
101900,503700
102000,503700
102100,503700
102201,503700
102203,503700
102204,503700
102205,503700
102206,503700
102300,503700
102400,502900
102500,502900
102601,502900
102602,502900
102701,502900
102702,502900
102800,502900
102901,502900
102902,502900
103000,502900
103100,502900
103200,502900
103300,502900
103400,502900
103500,502900
103600,502900
103700,502900
103800,502900
103900,503600
104000,503600
104100,503600
104200,503600
104301,503600
104302,503600
104400,503600
104500,503600
104600,503600
104700,503600
104800,503600
104900,503600
105000,503600
105100,503600
105200,503600
105300,503600
105400,503600
105500,503600
105600,503600
105700,503300
105800,503300
105900,503300
106000,503300
106100,503300
106201,503300
106202,503300
106203,503300
106300,503300
106400,503400
106500,503400
106600,503400
106700,503400
106801,503400
106802,503400
106803,503400
106901,503400
106902,503400
106903,503400
107000,503400
107100,503800
107200,503800
107300,503800
107400,503800
107500,503800
107602,503800
107603,503800
107604,503800
107700,503800
107801,503800
107802,503800
107803,503800
107901,503800
107903,503800
107904,503800
107905,503800
107906,503800
107907,503800
107908,503800
107909,503800
108000,503500
108100,503500
108200,503500
108300,503500
108401,503500
108402,503500
108403,503500
108404,503500
108500,503500
108600,503500
108700,503500
108800,503500
108900,503500
109000,503500
109101,503900
109102,503500
109103,503600
109104,503900
109200,503900
109300,503900
109401,502004
109402,504000
109403,504000
109500,504000
109600,504000
109700,504000
109800,504000
109900,504000
110001,504000
110002,504000
110003,504000
110101,504000
110102,504000
110200,504000
110300,504000
110400,504000
110501,504000
110502,504000
110601,504000
110602,504000
110603,504000
110700,504000
110801,504000
110802,504000
110900,504000
111001,504000
111002,504000
111003,504000
111004,504000
111005,504000
111006,504000
111100,504000
111200,504000
111300,504000
111400,504000
111501,504100
111502,504100
111600,504100
111700,504100
111800,504100
111900,504100
112000,504100
112100,504100
112201,504100
112202,504100
112300,504100
112400,504100
112500,504100
112600,504100
112700,504100
112800,504100
113000,504600
113100,504600
113201,504600
113202,504600
113300,504600
113400,504600
113500,504600
113600,504600
113700,504600
113800,504600
113900,504600
114000,504600
114101,504600
114102,504600
114201,504600
114202,504600
114301,504600
114302,504600
114400,504600
114500,504600
114600,504600
114700,504600
114800,504600
114900,504600
115000,504600
115100,504600
115200,504600
115300,504600
115400,504600
115500,504600
115600,504600
115700,504600
115800,504600
115900,504600
116000,504600
116100,504600
116200,504600
116300,504600
116400,504600
116500,504600
116600,504600
116700,504600
116800,504600
116900,504600
117000,504600
117100,504600
117200,504501
117301,504501
117302,504501
117303,504501
117304,504501
117400,504501
117500,504501
117600,504501
117700,504501
117800,504501
117900,504502
118000,504501
118100,504501
118200,504501
118300,504501
118400,504501
118500,504501
118600,504501
118700,504501
118800,504501
118900,504501
119000,504501
119100,504501
119200,504501
119300,504501
119400,504501
119500,504502
119600,504501
119700,504501
119800,504502
119900,504501
120000,504502
120100,504502
120200,504502
120300,504502
120400,504502
120500,504502
120600,504502
120700,504502
120800,504502
120900,504502
121000,504502
121100,504502
121200,504502
121300,504502
121400,504502
121500,504502
121600,504502
121700,504502
121800,504502
121900,504502
122000,504502
122100,504502
122200,504502
122300,504502
122400,504502
122500,504502
122600,504502
122700,504502
122800,504502
122900,504501
123000,504501
123100,504501
123200,504501
123300,504501
123400,504501
123500,504501
123600,504501
123700,504501
123801,504501
123802,504501
123901,504501
123902,504501
123903,504501
123904,504501
124000,504501
124100,504501
124200,504501
124300,504501
124400,504501
124500,504501
124600,504501
124700,504501
124800,504501
124900,504501
125000,504400
125100,504400
125200,504400
125300,504400
125400,504400
125500,504400
125600,504400
125700,505010
125800,505010
125900,505010
126000,505010
126100,505010
126200,505010
126300,505010
126400,505010
126500,505010
126600,505010
126700,505010
126800,504800
126900,504800
127000,504800
127100,504800
127200,504800
127300,504800
127400,505010
127500,505010
127600,505010
127700,505010
127800,505010
127900,505010
128000,505010
128100,505010
128200,505010
128300,505010
128400,505010
128500,505010
128600,505010
128701,505010
128702,505010
128800,505010
128900,505010
129000,505010
129100,505010
129200,505010
129300,505010
129400,505010
129500,505010
129600,505010
129700,505010
129800,505010
129900,505010
130000,505010
130100,505010
130200,505010
130300,505010
130400,505010
130500,505010
130600,505010
130700,505010
130801,505010
130802,505010
130803,505010
130901,505010
130902,505010
131000,501815
131100,504700
131200,504700
131300,504700
131400,504700
131500,504700
131600,504700
131700,504700
131801,504700
131802,504700
131803,504700
131900,504700
132000,505010
132100,505010
132201,505010
132202,504700
132300,505010
132401,505010
132402,505010
132403,505010
132501,505010
132502,504700
132600,505010
132700,505010
132801,505010
132802,505010
132803,505010
132804,505010
132805,505010
132806,505010
132807,505010
132900,505010
133000,505010
133100,505010
133200,505010
133300,505010
133411,505022
133412,505022
133413,505022
133414,505022
133415,505022
133416,505022
133417,505022
133418,505022
133419,505022
133420,505022
133421,505022
133422,505010
133423,505022
133424,505022
133425,505021
133426,505021
133427,505022
133428,505022
133429,505022
133430,505022
133431,505022
133432,505022
133433,505022
133434,505022
133435,505022
133436,505022
133437,505022
133438,505022
133439,505022
133440,505022
133441,505022
133442,505022
133443,505022
133444,505022
133445,505022
133446,505022
133447,505022
133448,505022
133449,505022
133450,505022
133451,505022
133452,505022
133453,505022
133501,505010
133502,505010
133503,505010
133504,505010
133505,505010
133506,505010
133600,505010
133703,505021
133704,505021
133705,505021
133706,505021
133707,505021
133708,505021
133709,505021
133710,505021
133711,505021
133801,505021
133802,505021
133900,505010
134000,505010
134100,505021
134201,504900
134202,505010
134301,504900
134302,505010
134400,504900
134500,504900
134600,504900
134700,505010
134800,505010
134901,505010
134902,505010
135001,505010
135002,505010
135003,505010
135100,505010
135201,506660
135202,505021
135300,506660
135400,506660
135500,506660
135600,506660
135700,506660
135800,506660
135900,506660
136000,506660
136101,506660
136102,506660
136201,506660
136202,506660
136203,506660
136204,506660
136205,506661
136301,506660
136302,506660
136303,506660
136400,506660
136500,506660
136600,506660
136700,506660
136800,505400
136900,505400
137000,505400
137100,505400
137200,506660
137300,506660
137400,506660
137501,506660
137502,506661
137601,506661
137701,506661
137702,506661
137703,506616
137704,506616
137705,506616
137706,506616
137707,506616
137708,506661
137800,506661
137901,506661
137902,506661
137903,506661
137904,506661
137905,506661
137906,506661
137907,506661
137908,506661
138002,506661
138003,506659
138004,506661
138101,506661
138103,506661
138104,506661
138105,506659
138106,506659
138107,506659
138201,506661
138202,506661
138203,506659
138300,506661
138400,506661
138500,506661
138601,506657
138603,506657
138604,506661
138605,506661
138701,506657
138702,506661
138810,506658
138811,506658
138812,506658
138813,506658
138814,506658
138815,506658
138816,506658
138817,506658
138818,506658
138819,506658
138820,506658
138821,506661
138900,506661
139000,506661
139102,505500
139103,505500
139104,506661
139105,506661
139106,506661
139107,506661
139200,506661
139301,506661
139302,506661
139303,506661
139304,506661
139305,506631
139400,506661
139501,506631
139504,506631
139505,506631
139506,506631
139507,506631
139700,506661
139800,505500
139900,505500
140000,505500
140102,505500
140104,505500
140105,505500
140106,505500
140107,505500
140108,505500
140201,505500
140202,505500
140203,505500
140204,505500
140300,505500
140400,505500
140500,505500
140600,505500
140700,505500
140800,505500
140900,505500
141001,505500
141003,505500
141004,505500
141005,505500
141006,505500
141007,505500
141101,505500
141102,505500
141103,505500
141200,505500
141301,505500
141302,505500
141303,505500
141304,505500
141305,505500
141306,505500
141307,505500
141400,505500
141503,506631
141505,506631
141506,506631
141507,506631
141508,506631
141510,506631
141511,506631
141512,506631
141513,506631
141514,506631
141515,506631
141516,506631
141517,506631
141518,506631
141603,506631
141605,506631
141606,506631
141607,506631
141608,506631
141705,506631
141707,506631
141708,506631
141709,506633
141710,506633
141711,506633
141712,506633
141713,506633
141714,506633
141715,506633
141716,506633
141717,506633
141718,506633
141806,506633
141807,506631
141808,506631
141809,506631
141810,506634
141811,506634
141812,506633
141813,506633
141814,506633
141815,506633
141816,506633
141902,506634
142000,506634
142100,506620
142200,505300
142300,505300
142400,505300
142500,505300
142600,505300
142700,505300
142800,505300
142900,505300
143000,505300
143100,505300
143200,505300
143300,505300
143400,505300
143500,505300
143600,505300
143700,505300
143800,506660
143900,506660
144000,506660
144100,506660
144200,506660
144300,506660
144400,506660
144500,506660
144600,506660
144700,506613
144800,506613
144900,506613
145000,506613
145100,506613
145200,506613
145300,506613
145400,506613
145500,506613
145600,506613
145700,506613
145800,506613
145900,506613
146002,505500
146003,506613
146004,506613
146005,506613
146101,506613
146102,506613
146103,506613
146104,506613
146105,506613
146200,506613
146300,506613
146400,506613
146500,506613
146600,506613
146701,506613
146702,506613
146703,506613
146704,506613
146705,506613
146800,506613
146901,506613
146902,506613
147000,506613
147101,506613
147106,506613
147107,506613
147108,506613
147109,506613
147110,506613
147400,507500
147500,507500
147600,507500
147700,507500
147800,507500
147900,507500
148000,507500
148100,507500
148201,507500
148202,507500
148301,507500
148302,507500
148400,507500
148500,507500
148601,507500
148602,507500
148603,507500
148701,507500
148703,508520
148704,508520
148705,508520
148706,508520
148707,508520
148801,507500
148802,508520
148900,507500
149000,507500
149100,507500
149200,507500
149300,507500
149400,507500
149500,507400
149600,507400
149700,507400
149800,507400
149900,507400
150000,507400
150103,507400
150104,507400
150105,507400
150106,507400
150107,507400
150200,507400
150300,507400
150400,507400
150500,507400
150600,507400
150700,507400
150801,507400
150802,507400
150900,507400
151000,507400
151101,508805
151103,508805
151104,508805
151201,507400
151202,507400
151300,507400
151400,507400
151500,507400
151601,508520
151602,508520
151603,508520
151700,507400
151800,507400
151900,507400
152000,507400
152100,507400
152200,507400
152300,507400
152400,507400
152500,507400
152600,507400
152700,507400
152800,507400
152900,507400
153000,507400
153100,507400
153200,508805
153300,507300
153400,507300
153500,507300
153600,507300
153700,507300
153800,507300
153902,507300
153903,507300
153904,507300
154001,507300
154002,507300
154100,507300
154201,507300
154202,507300
154300,507300
154400,507300
154500,507300
154600,507300
154700,507300
154800,507300
154900,507300
155000,507300
155100,507300
155200,507300
155300,507300
155400,507300
155500,507300
155601,507300
155602,507300
155604,507300
155605,507300
155701,507300
155704,507300
155705,507300
155706,507300
155707,507300
155708,507300
155709,507300
155801,507300
155802,507300
155901,507300
155902,508805
156001,507300
156002,508804
156101,507200
156102,507200
156200,507200
156301,507200
156302,507200
156303,507200
156304,507200
156401,507200
156402,507200
156403,507200
156502,508804
156503,507200
156505,507200
156506,507200
156507,507200
156601,507200
156602,507200
156701,507200
156702,507200
156800,507200
156900,507200
157000,507200
157100,507200
157201,507200
157202,507200
157203,507200
157300,507200
157400,507200
157500,507200
157600,507200
157700,507200
157800,507200
157900,507200
158000,507200
158100,507200
158200,507200
158300,507200
158400,507102
158501,507102
158502,507102
158600,507102
158701,507102
158702,507102
158705,507102
158706,507102
158707,507102
158708,507102
158801,507102
158804,507102
158805,507102
158806,507102
158807,507102
158808,507102
158903,507102
158904,507102
158905,507102
158906,507102
158907,507102
158908,507102
158909,507102
159002,507102
159003,507102
159004,507102
159100,507102
159201,507101
159202,507101
159203,507101
159204,507101
159205,507101
159300,507101
159400,507101
159501,507101
159502,507101
159601,507101
159602,507101
159700,507101
159801,507101
159802,507101
159900,507101
160000,507102
160100,507102
160201,507101
160202,507101
160301,507101
160302,507101
160401,507101
160403,507101
160404,507101
160405,507101
160500,507102
160600,507102
160700,507101
160800,507101
160900,507101
161000,507101
161100,507101
161200,507101
161300,507101
161400,507101
161500,507101
161600,507101
161701,507101
161702,507101
161800,507101
161900,507101
162000,507101
162100,507101
162200,507101
162300,507101
162400,507101
162501,507101
162502,507101
162600,507000
162700,507000
162800,507000
162900,507000
163000,507000
163100,507000
163200,507000
163300,507000
163400,507000
163500,507000
163600,507000
163700,507000
163800,507000
163902,507000
163903,507000
163904,507000
163905,507000
164001,507000
164002,507000
164003,507000
164101,507000
164102,507000
164201,507000
164202,507000
164203,507000
164300,507000
164400,507000
164501,507000
164502,507000
164600,507000
164700,507000
164800,507000
164900,506902
165000,506902
165100,506902
165200,506903
165300,506902
165400,506902
165500,506902
165602,506902
165604,506902
165605,506902
165606,506902
165607,506902
165608,506902
165609,506902
165700,506902
165801,506902
165805,506902
165806,506902
165807,506902
165808,506902
165809,506902
165810,506902
165811,506902
165900,506901
166000,506901
166102,506901
166103,506901
166104,506901
166105,506901
166200,506901
166301,506902
166302,506902
166303,506902
166304,506902
166305,506902
166401,506901
166404,506901
166405,506901
166406,506901
166407,506901
166408,506901
166409,506901
166410,506901
166500,506902
166600,506902
166700,506902
166800,506903
166901,506903
166902,506903
166903,506903
166904,506903
166905,506903
167000,506901
167100,506901
167201,506901
167202,506901
167301,506901
167302,506901
167303,506901
167400,506901
167500,506901
167601,506901
167602,506901
167700,506901
167800,506903
167900,506903
168001,506903
168002,506903
168100,506903
168200,506903
168300,506903
168400,506903
168500,506903
168601,506903
168602,506903
168701,506903
168702,506903
168800,506903
168901,506903
168902,506903
169000,506903
169100,506903
169200,506903
169300,506903
169400,506903
169500,506903
169600,506903
169700,506903
169800,506903
169900,506903
170000,506903
170100,506903
170200,506903
170300,506903
170401,506903
170402,506903
170403,506903
170500,506903
170601,505803
170602,505803
170603,505803
170604,505803
170605,505803
170700,505803
170803,505804
170805,505804
170806,505804
170807,505804
170808,505804
170809,505804
170810,505804
170811,505804
170812,505804
170900,505804
171000,505804
171101,505805
171102,505805
171103,505805
171104,505805
171201,505805
171202,505805
171203,505805
171204,505805
171205,505805
171305,505805
171306,505805
171308,505805
171309,505805
171310,505805
171311,505805
171312,505805
171313,505805
171314,505805
171315,505805
171316,505805
171317,505805
171318,505805
171319,505805
171320,505805
171321,505805
171400,505805
171500,505805
171601,505805
171602,505805
171603,505805
171701,505805
171703,505805
171704,505805
171705,505805
171706,505805
171707,505805
171708,505805
171709,505805
171803,505805
171804,505805
171805,505805
171806,505805
171807,505805
171808,505805
171809,505805
171810,505805
171811,505805
171902,505805
171903,505805
171904,505805
171906,505805
171907,505805
171908,505805
171909,505805
171910,505805
171911,505805
172000,505805
172101,505805
172102,505805
172103,505805
172104,505805
172105,505805
172106,505805
172107,505805
172108,505805
172202,505805
172203,505805
172204,505805
172205,505805
172206,505805
172207,505805
172300,505805
172401,505805
172402,505805
172501,505807
172502,505807
172601,505807
172603,505807
172604,505807
172605,505807
172702,505807
172703,505807
172704,505807
172802,505807
172803,505807
172805,505807
172806,505807
172807,505807
172902,505808
172903,505808
172904,505808
172905,505808
173003,505808
173004,505808
173005,505808
173006,505808
173007,505808
173008,505808
173009,505808
173010,505808
173011,505808
173012,505808
173013,505808
173105,505808
173106,505808
173108,505808
173111,505808
173112,505808
173113,505808
173114,505808
173115,505808
173116,505808
173117,505808
173118,505808
173119,505808
173120,505808
173121,505808
173201,505906
173202,505906
173305,505906
173306,505906
173308,505907
173309,505906
173310,505906
173311,505906
173312,505906
173313,505907
173314,505907
173404,505907
173406,505907
173407,505907
173408,505907
173410,505907
173411,505907
173412,505907
173413,505907
173414,505907
173415,505907
173416,505907
173417,505907
173418,505907
173501,505908
173502,505908
173504,505908
173505,505908
173506,505908
173507,505908
173508,505908
173509,505908
173601,505908
173603,505908
173604,505908
173605,505908
173706,505908
173707,505908
173708,505908
173709,505908
173710,505908
173711,505908
173712,505908
173713,505908
173714,505908
173715,505908
173716,505908
173717,505908
173718,505908
173803,505906
173804,505906
173805,505906
173806,505906
173807,505909
173808,505909
173809,505909
173810,505909
173811,505909
173903,505909
173904,505909
173905,505909
173906,505909
173907,505909
173908,505909
173909,505909
173910,505909
173911,505909
173912,505909
173913,505909
173914,505909
174003,505909
174004,505909
174005,505909
174006,505909
174007,505909
174008,505909
174009,505909
174010,505909
174011,505909
174012,505909
174013,505909
174103,505902
174104,505902
174106,505902
174107,505902
174108,505902
174109,505902
174110,505902
174111,505902
174203,505902
174204,505902
174208,505902
174209,505902
174210,505902
174211,505902
174212,505902
174213,505902
174214,505902
174215,505902
174216,505902
174217,505902
174218,505902
174219,505902
174220,505902
174221,505902
174222,505902
174301,505902
174302,505902
174303,505902
174304,505902
174404,505902
174405,505902
174406,505902
174407,505902
174408,505902
174409,505902
174410,505902
174411,505902
174412,505902
174501,505902
174505,505902
174506,505902
174507,505902
174508,505902
174509,505902
174510,505902
174512,505902
174513,505902
174514,505902
174515,505902
174516,505902
174517,505902
174601,505902
174604,505902
174605,505902
174606,505902
174607,505902
174608,505902
174609,505902
174610,505902
174611,505902
174612,505902
174613,505902
174701,505902
174702,505902
174703,505902
174801,505902
174802,505902
174902,505910
174903,505904
174904,505904
174905,505904
174906,505904
174907,505910
174908,505910
175003,505904
175004,505904
175006,505904
175007,505904
175008,505904
175009,505904
175010,505904
175011,505904
175012,505904
175013,505904
175105,505904
175106,505904
175110,505904
175111,505904
175112,505904
175113,505904
175114,505904
175115,505904
175116,505910
175119,505910
175120,505910
175121,505904
175122,505904
175123,505910
175124,505910
175125,505910
175126,505910
175127,505910
175128,505910
175129,505910
175130,505910
175131,505910
175132,505910
175133,505910
175134,505910
175135,505910
175136,505910
175137,505910
175138,505910
175139,505910
175140,505910
175141,505910
175142,505910
175143,505910
175144,505910
175145,505910
175200,505904
175300,505904
175400,506001
175501,506001
175502,506001
175600,506001
175701,506001
175702,506003
175805,506002
175806,506003
175808,506002
175809,506002
175810,506002
175811,506002
175812,506003
175813,506003
175814,506003
175815,506003
175817,506003
175818,506003
175902,506300
175903,506300
175904,506300
175906,506300
175907,506300
175908,506300
175909,506300
175910,506300
176003,506300
176004,506300
176005,506300
176006,506300
176007,506300
176008,506300
176101,506300
176103,506300
176104,506300
176105,506300
176106,506300
176202,505803
176203,506201
176204,506201
176301,506201
176303,506202
176304,505804
176403,505805
176404,505805
176406,506201
176408,505805
176409,505805
176410,505805
176411,506202
176412,506202
176413,505805
176414,505805
176415,505805
176501,505806
176503,505806
176504,505806
176505,505806
176506,505806
176507,505806
176508,505806
176509,505806
176510,505806
176511,505806
176512,505806
176513,505806
176514,505806
176515,505806
176516,505806
176517,505806
176518,505806
176602,505806
176603,506201
176604,505806
176700,506201
176801,506201
176802,505806
176901,506614
176902,506614
176903,506614
176904,506614
176905,506614
176906,506614
177000,506614
177100,506614
177200,506614
177300,506614
177401,506614
177402,506614
177403,506614
177404,506614
177405,506614
177500,506614
177600,506614
177701,506614
177702,506614
177801,506614
177802,506614
177803,506614
177900,506614
178001,506614
178002,506614
178003,506614
178101,506614
178102,506614
178201,508900
178202,508900
178203,508900
178302,506901
178303,506903
178304,508900
178305,508900
178307,508900
178308,508900
178309,508900
178310,508900
178311,506903
178312,506903
178313,506903
178401,508701
178402,508701
178403,508701
178404,508701
178405,508701
178406,508701
178407,508701
178408,508701
178409,508701
178501,508701
178503,508703
178504,508703
178505,508703
178506,508703
178507,508703
178508,508703
178509,508703
178510,508703
178511,508703
178602,508704
178605,508704
178606,508704
178607,508704
178608,508704
178609,508704
178610,508704
178611,508704
178701,508701
178705,508701
178706,508701
178707,508701
178708,508701
178709,508701
178710,508701
178711,508701
178712,508701
178713,508701
178800,508701
178900,508701
179000,508701
179101,508704
179102,508704
179105,508704
179108,508704
179109,508704
179110,508704
179111,508704
179112,508704
179113,508704
179114,508704
179115,508704
179116,508704
179117,508704
179118,508704
179119,508704
179120,508704
179121,508704
179122,508704
179123,508704
179124,508704
179125,508704
179126,508704
179127,508704
179128,508704
179129,508704
179130,508704
179131,508704
179132,508704
179133,508704
179134,508704
179135,508704
179201,508703
179204,508703
179205,508703
179206,508703
179207,508703
179208,508703
179209,508703
179210,508703
179211,508703
179212,508703
179213,508703
179214,508703
179215,508703
179216,508703
179217,508703
179218,508703
179219,508703
179301,509000
179303,509000
179304,509000
179305,509000
179306,509000
179307,509000
179308,509000
179401,509000
179402,509000
179403,509000
179404,509000
179405,509000
179501,509000
179502,509000
179600,509000
179701,509000
179703,509000
179704,509000
179705,509000
179801,508806
179803,508806
179804,508806
179805,508806
179902,508806
179904,508806
179905,508806
179906,508806
179907,508806
179908,508806
179909,508806
179910,508806
179911,508806
179912,508806
179913,508806
179914,508806
179915,508806
180001,508806
180003,508806
180004,508806
180005,508806
180101,508806
180102,508806
180103,508806
180104,508806
180105,508806
180106,508806
180201,508807
180202,508807
180203,508807
180204,508807
180205,508807
180206,508807
180207,508807
180209,508807
180210,508807
180211,508807
180213,508807
180214,508807
180215,508807
180301,508807
180302,508807
180404,508807
180405,508807
180406,508807
180407,508807
180408,508807
180409,508807
180410,508807
180411,508807
180412,508807
180501,508807
180502,508807
180503,508807
180504,508807
180505,508807
180506,508807
180507,508807
180602,508804
180603,508804
180605,508804
180606,508804
180607,508804
180608,508804
180609,508804
180610,508804
180611,508804
180612,508804
180613,508804
180614,508804
180615,508804
180616,508804
180701,508804
180704,508804
180705,508804
180706,508804
180707,508804
180708,508804
180709,508804
180710,508804
180711,508804
180712,508804
180713,508804
180714,508804
180715,508804
180716,508804
180717,508804
180809,508807
180810,508807
180811,508807
180813,508805
180815,508803
180816,508803
180818,508803
180819,508803
180823,508805
180824,508805
180825,508805
180826,508805
180827,508805
180828,508803
180829,508803
180832,508803
180834,508803
180836,508803
180840,508805
180841,508805
180842,508803
180843,508803
180844,508803
180845,508803
180846,508803
180847,508803
180848,508803
180849,508803
180850,508803
180851,508803
180852,508803
180853,508803
180854,508803
180855,508803
180856,508803
180857,508803
180858,508803
180859,508803
180860,508803
180861,508803
180862,508803
180863,508803
180864,508803
180865,508803
180866,508805
180867,508805
180868,508805
180869,508805
180870,508805
180871,508805
180872,508805
180873,508805
180874,508805
180875,508805
180876,508805
180877,508805
180878,508805
180901,509100
180902,509100
180903,509100
180904,509100
181001,509100
181002,509100
181003,509100
181004,509100
181101,509100
181102,509100
181103,509100
181104,509100
181105,509100
181107,509100
181108,509100
181109,509100
181110,509100
181111,509100
181112,509100
181113,509100
181114,509100
181115,509100
181116,509100
181117,509100
181118,509100
181119,509100
181120,509100
181121,509100
181122,509100
181123,509100
181124,509100
181200,509100
181301,509100
181302,509100
181303,509100
181304,509100
181305,509100
181400,509100
181501,509100
181502,509100
181503,509100
181618,509100
181619,509100
181620,509100
181621,509100
181622,509100
181701,509100
181702,509100
181703,509100
181800,509100
181901,509100
181902,509100
181904,509100
181905,509100
181906,509100
182001,508420
182008,508420
182009,508420
182010,508420
182011,508420
182013,508420
182014,508420
182017,508420
182018,508420
182019,508420
182020,508420
182021,508420
182022,508420
182023,508420
182024,508420
182025,508420
182026,508420
182027,508420
182028,508420
182029,508420
182030,508420
182100,508420
182200,508420
182300,508420
182400,508420
182500,508420
182601,508420
182602,508420
182603,508420
182702,508420
182705,508420
182706,508420
182708,508420
182709,508420
182710,508420
182711,508420
182802,508420
182803,508420
182804,508420
182805,508420
182806,508420
182902,508420
182903,508420
182904,508420
183000,508420
183100,508420
183201,508420
183202,508420
183300,508420
183400,508420
183501,508420
183502,508420
183503,508420
183601,508420
183602,508420
183700,508420
183800,508420
183902,508411
183903,508411
183904,508411
183906,508411
183907,508411
183908,508411
184000,508411
184100,508411
184200,508411
184300,508411
184400,508412
184500,508412
184600,508412
184701,508412
184703,508412
184704,508412
184800,508412
184903,508411
184904,508411
184905,508411
184906,508411
184907,508411
184909,508411
184910,508411
184911,508411
184912,508411
185001,508411
185003,508411
185004,508411
185005,508411
185006,508411
185102,508411
185103,508411
185104,508411
185200,508411
185301,508412
185302,508412
185400,508412
185500,508412
185601,508411
185602,508411
185603,508411
185700,508411
185800,508411
185901,508411
185902,508411
186002,508412
186003,508412
186004,508412
186101,508412
186103,508412
186104,508412
186105,508412
186200,508412
186301,508210
186302,508210
186401,508210
186402,508210
186500,508210
186600,508210
186700,508210
186800,508210
186900,508210
187000,508210
187100,508210
187200,508210
187300,508210
187401,508210
187404,508210
187405,508210
187406,508210
187407,508210
187500,508210
187600,508210
187700,508220
187801,508220
187802,508220
187803,508220
187901,508210
187902,508210
187903,508210
188001,508210
188002,508210
188100,508220
188200,508220
188300,508220
188401,508220
188402,508220
188500,508220
188601,508220
188602,508220
188700,508220
188800,508220
188901,508220
188902,508220
189001,508220
189002,508220
189101,508220
189103,508220
189104,508220
189200,508220
189302,508220
189303,508220
189304,508220
189305,508220
189400,508220
189500,508220
189600,508220
189702,508520
189703,508520
189705,508520
189706,508520
189707,508520
189802,508520
189803,508520
189804,508520
189901,508520
189902,508520
190000,508520
190100,508520
190200,508520
190300,508520
190400,508520
190500,508520
190600,508520
190700,508520
190800,508520
190900,508520
191000,508520
191101,508520
191104,508520
191105,508520
191106,508520
191107,508520
191200,508520
191301,508520
191302,508520
191401,508520
191402,508520
191501,508520
191502,508520
191600,508520
191700,508520
191801,508520
191803,508520
191804,508520
191805,508520
191901,508520
191903,508520
191904,508520
192000,508520
192100,508520
192200,508520
192300,508520
192400,508520
192500,508520
192600,508520
192700,508520
192800,508520
192900,508510
193000,508520
193100,508520
193200,508520
193300,508510
193400,508510
193500,508510
193600,508510
193701,508510
193702,508510
193801,508510
193802,508510
193900,508510
194000,508510
194100,508510
194200,508510
194300,508510
194402,508510
194403,508510
194405,508510
194407,508510
194408,508510
194409,508510
194410,508510
194501,508510
194502,508510
194600,508510
194700,508510
194800,508510
194900,508510
195001,508510
195002,508510
195100,508510
195200,508510
195300,508510
195400,508510
195500,508510
195600,508510
195700,508510
195800,508510
195900,508510
196000,508510
196100,508510
196201,508320
196202,508320
196301,508320
196302,508320
196401,508320
196402,508320
196500,508320
196600,508320
196700,508320
196801,508320
196802,508320
196900,508320
197001,508320
197002,508320
197100,508320
197200,508320
197300,508320
197401,508320
197402,508320
197500,508320
197600,508320
197700,508320
197801,508320
197802,508320
197900,508320
198000,508320
198100,508320
198200,508320
198300,508320
198401,508320
198402,508320
198500,508320
198600,508320
198701,508320
198702,508320
198801,508320
198802,508320
198900,508320
199001,508320
199002,508320
199100,508320
199201,508320
199202,508320
199300,508320
199400,508320
199500,508320
199600,508320
199700,508310
199800,508310
199900,508310
200000,508310
200100,508310
200200,508310
200300,508310
200401,508310
200402,508310
200500,508310
200600,508310
200701,508310
200702,508310
200800,508310
200901,508310
200902,508310
201000,508310
201100,508310
201200,508310
201300,508310
201400,508310
201501,508310
201502,508310
201600,508310
201701,508310
201702,508310
201801,508310
201802,508310
201900,508310
202000,508310
202101,508310
202102,508310
202200,508310
202300,508310
202400,508310
202501,508310
202502,508310
202600,508620
202700,508620
202801,508620
202802,508620
202803,508620
202900,508620
203000,508620
203100,508620
203200,508610
203300,508610
203400,508620
203500,508620
203601,508620
203602,509701
203700,508620
203801,508620
203802,509701
203900,508620
204000,508620
204100,508620
204200,508620
204300,508620
204400,508620
204500,508620
204600,508620
204701,508620
204702,508620
204800,508620
204900,508620
205001,508620
205002,508620
205003,508620
205100,508620
205201,508610
205202,508610
205300,508610
205401,508610
205402,508610
205500,508610
205600,508610
205700,508610
205801,508610
205802,508610
205900,508610
206001,508610
206002,508610
206100,508610
206200,508610
206300,508610
206400,508610
206500,508610
206600,508610
206700,508610
206800,508610
206900,508610
207000,508610
207100,508610
207200,508610
207301,508610
207302,508610
207400,508610
207501,508610
207502,508610
207503,508610
207600,508610
207701,508610
207702,508610
207703,508610
207704,508610
207800,508610
207900,508610
208000,508610
208100,508610
208201,506800
208202,506800
208300,506800
208400,506800
208500,506800
208600,506800
208700,506800
208800,506800
208901,506800
208902,506800
208903,506800
208904,506800
208905,506800
208906,506800
208907,506800
208908,506800
209000,506800
209100,506800
209200,506800
209300,506800
209400,506800
209500,506800
209600,506800
209701,506800
209702,506800
209703,506800
209800,506800
209901,506800
209902,506800
210000,506642
210100,506642
210201,506642
210202,506642
210301,506642
210400,506642
210500,506642
210600,506642
210702,506642
210802,506645
210803,506645
210804,506644
210805,506645
210806,506645
210807,506645
210808,506645
210809,506645
210901,506644
210902,506645
210903,506645
210904,506645
210905,506645
210906,506645
210907,506644
211002,506644
211003,506644
211004,506644
211005,506644
211100,506642
211200,506642
211300,506642
211401,506646
211402,506646
211403,506646
211501,506647
211502,506647
211503,506646
211600,506647
211700,506646
211800,506646
211900,506646
212001,506648
212002,506646
212102,506800
212103,506648
212104,506648
212105,506648
212106,506648
212107,506648
212108,506648
212200,506648
212300,506614
212401,506646
212403,506646
212404,506646
212405,506646
212406,506646
212407,506646
212408,506646
212503,506646
212504,506646
212505,506647
212506,506647
212507,506647
212508,506646
212509,506646
212510,506646
212600,506646
212701,506646
212702,506646
212703,506647
212704,506647
212800,506646
212900,506646
213000,506646
213100,506646
213200,506646
213401,505603
213402,505603
213403,505603
213404,505603
213405,505604
213501,505603
213502,505603
213602,505603
213603,505603
213604,505603
213700,505604
213800,505604
213900,505604
214000,505604
214101,505602
214102,505602
214103,505602
214104,505602
214105,505602
214202,505604
214203,505602
214204,505604
214300,505604
214401,505603
214402,505604
214501,505604
214502,505604
214601,505605
214602,505605
214603,505605
214604,505604
214700,505605
214800,505602
214900,505602
215000,505602
215100,505605
215201,505605
215202,505605
215300,505605
215400,505605
215500,505605
215601,505602
215602,505602
215603,505605
215604,505605
215700,505605
215800,505605
215903,505602
215904,505602
215905,505602
215906,505602
215907,505602
215908,505602
216001,505602
216002,505602
216003,505602
216102,505605
216103,505601
216104,505601
216105,505605
216106,505601
216202,505601
216203,506652
216205,505601
216206,505601
216207,505601
216208,505601
216209,505601
216210,505601
216211,505601
216212,505601
216300,505700
216401,505700
216402,505700
216403,505700
216500,505700
216601,505700
216602,505700
216603,505700
216700,505700
216800,506400
216901,506400
216902,506400
216903,506400
216904,506400
216905,506400
216906,506400
217000,506653
217101,506653
217102,506653
217201,506653
217205,506653
217206,506653
217207,506653
217208,506653
217209,506653
217210,506653
217301,506653
217302,506653
217303,506653
217304,506653
217305,506653
217400,506653
217500,506653
217601,506653
217602,506653
217603,506653
217604,506653
217605,506653
217606,506653
217701,506653
217702,506653
217703,506653
217704,506653
217801,506653
217802,506653
217803,506653
217804,506653
217900,506653
218000,506652
218101,506652
218102,506652
218200,506652
218300,506652
218401,506652
218402,506652
218500,506652
218601,506652
218602,506652
218701,506655
218702,506655
218801,506655
218802,506654
218803,506654
218804,506654
218805,506654
218901,506654
218902,506654
218903,506654
219001,506654
219002,506654
219003,506655
219100,506652
219200,506652
219301,506652
219302,506652
219303,506652
219304,506652
219401,506652
219403,506652
219404,506652
219501,506656
219502,506656
219503,506656
219504,506656
219600,506656
219700,513410
219800,513410
219900,513410
220000,513410
220100,513701
220200,513701
220300,513701
220400,513410
220500,513420
220600,513420
220700,513420
220800,513420
220900,513420
221000,513420
221100,513420
221200,513420
221301,513420
221400,513410
221500,513410
221600,513410
221700,513410
221801,513410
221802,513431
221902,513410
221903,513431
221904,513431
221905,513431
221906,513431
221907,513431
222000,513431
222100,513431
222200,513431
222300,513431
222400,513431
222500,513431
222600,513431
222700,513431
222800,513431
222901,513432
222902,513432
222903,513431
223005,513432
223006,513432
223007,513432
223008,513432
223009,513432
223010,513432
223011,513432
223012,513432
223013,513432
223014,513432
223015,513432
223100,513410
223200,513410
223300,513410
223400,513410
223500,513410
223600,513410
223701,513410
223702,513431
223801,513410
223802,513431
223901,513410
223902,513431
223903,513431
224000,513410
224104,513522
224105,513522
224106,513522
224107,513522
224114,513522
224115,513522
224116,513522
224117,513522
224118,513522
224119,513522
224120,513522
224122,513522
224123,513522
224124,513522
224125,513522
224126,513522
224127,513522
224128,513522
224129,513522
224130,513522
224131,513522
224132,513522
224209,513521
224213,513521
224214,513521
224215,513521
224216,513521
224218,513521
224221,513521
224223,513521
224224,513521
224225,513521
224226,513521
224227,513521
224228,513521
224229,513521
224230,513522
224231,513522
224232,513521
224233,513521
224234,513521
224235,513521
224236,513521
224237,513521
224238,513521
224239,513521
224240,513521
224241,513521
224242,513521
224243,513521
224244,513521
224245,513521
224246,513521
224247,513521
224248,513522
224249,513522
224250,513522
224251,513522
224252,513522
224253,513522
224254,513522
224303,513511
224304,513511
224305,513511
224306,513511
224307,513511
224308,513511
224309,513511
224310,513511
224311,513511
224312,513511
224313,513511
224314,513511
224315,513511
224403,513530
224407,513530
224409,513530
224410,513530
224411,513530
224412,513530
224413,513530
224414,513530
224415,513530
224416,513530
224417,513530
224418,513530
224419,513530
224420,513530
224421,513530
224422,513530
224423,513530
224501,513530
224502,513530
224600,513530
224700,513530
224800,513512
224900,513512
225000,513512
225100,513512
225201,513512
225202,513512
225302,513512
225303,513512
225304,513512
225305,513512
225401,513512
225402,513512
225501,513512
225502,513512
225600,513512
225701,513512
225702,513512
225802,513530
225804,513530
225805,513530
225806,513530
225807,513530
225808,513530
225809,513530
225901,513530
225902,513530
226002,513530
226003,513530
226004,513530
226005,513530
226006,513530
226103,513530
226104,513530
226105,513530
226106,513530
226107,513530
226108,513530
226200,513530
226301,513530
226302,513530
226303,513530
226401,513410
226402,513610
226403,513610
226501,513701
226503,513610
226504,513610
226505,513610
226601,513621
226602,513621
226700,513622
226800,513622
226901,513621
226902,513622
226903,513622
227004,513631
227005,513631
227006,513631
227008,513631
227009,513631
227010,513631
227011,513631
227012,513631
227101,513631
227102,513631
227203,513631
227204,513631
227205,513631
227206,513631
227301,513631
227303,513631
227304,513631
227305,513631
227401,513631
227402,513631
227403,513631
227404,513631
227405,513631
227406,513631
227407,513631
227500,513631
227601,513631
227602,513631
227701,513631
227703,513631
227704,513631
227705,513631
227801,513631
227802,513631
227803,513631
227804,513631
227900,513632
228000,513632
228101,513632
228102,513632
228202,513632
228205,513632
228206,513632
228207,513632
228208,513632
228300,513632
228400,513632
228500,513632
228600,513632
228701,513632
228702,513632
228703,513632
228801,513632
228802,513632
228900,513632
229001,513632
229002,513632
229003,513632
229004,513632
229100,513632
229200,513632
229300,513632
229400,513701
229500,513701
229600,513701
229701,513701
229702,513702
229800,513701
229900,513702
230001,513702
230002,513702
230003,513702
230100,513702
230200,513301
230301,513301
230302,513301
230401,513301
230402,513301
230500,513301
230601,513301
230602,513301
230701,513302
230702,513302
230801,513302
230802,513302
230900,513302
231001,513302
231002,513302
231003,513302
231100,513302
231200,513302
231301,513302
231302,513302
231401,513302
231402,513302
231500,513302
231600,513302
231700,513301
231800,513301
231900,513301
232001,513301
232002,513301
232003,513301
232101,513301
232102,513301
232201,513302
232203,513302
232204,513302
232205,513302
232300,513302
232400,513302
232501,513302
232502,513302
232503,513302
232600,513302
232700,513302
232800,513302
232900,513302
233000,513302
233101,513302
233102,513302
233103,513302
233200,513302
233300,513302
233400,513302
233500,513301
233600,513301
233700,513301
233800,513301
233900,513301
234000,513302
234101,513302
234102,513302
234200,513302
234301,513301
234302,513301
234303,513301
234401,513301
234402,513301
234403,513301
234500,513301
234601,513301
234602,513301
234700,513301
234800,513301
234900,513301
235003,513211
235005,513211
235006,513211
235007,513211
235008,513211
235009,513211
235010,513211
235011,513211
235012,513211
235013,513211
235101,513213
235102,513213
235103,513213
235104,513213
235105,513213
235200,513213
235300,513213
235400,513212
235501,513212
235503,513212
235504,513212
235505,513212
235506,513212
235600,513212
235705,513212
235706,513211
235711,513212
235712,513212
235713,513211
235714,513212
235715,513212
235716,513212
235717,513211
235718,513211
235720,513212
235721,513212
235722,513211
235723,513211
235724,513211
235725,513212
235726,513212
235727,513212
235728,513212
235801,513213
235802,513213
235803,513213
235903,513213
235904,513213
235905,513213
235906,513213
235907,513213
235908,513213
236001,513213
236002,513213
236003,513213
236004,513213
236005,513213
236006,513213
236101,513220
236102,513220
236103,513220
236104,513220
236201,513214
236202,513214
236301,513214
236302,513214
236400,513214
236500,513214
236603,513220
236605,513220
236606,513220
236607,513220
236608,513220
236609,513220
236610,513220
236611,513220
236612,513220
236613,513220
236614,513220
236701,513220
236703,513220
236704,513220
236705,513220
236707,513220
236708,513220
236709,513220
236710,513220
236711,513220
236712,513220
236713,513220
236714,513220
236715,513220
236801,513220
236802,513220
236803,513220
236804,513220
236809,513220
236810,513220
236811,513220
236812,513220
236813,513220
236814,513220
236815,513220
236816,513220
236817,513220
236818,513220
236819,513220
236820,513220
236821,513220
236822,513220
236823,513220
236824,513220
236825,513220
236826,513220
236827,513220
236900,513020
237000,513220
237100,513702
237203,513702
237204,513702
237205,513702
237206,513702
237207,513702
237208,513702
237302,513102
237303,513102
237304,513102
237305,513102
237306,513102
237307,513102
237402,513102
237403,513621
237404,513101
237501,513101
237502,513102
237600,513101
237700,513102
237800,513102
237901,513101
237902,513102
238001,513101
238002,513101
238101,513212
238102,513621
238103,513101
238200,513101
238302,513102
238303,513101
238304,513101
238305,513101
238306,513101
238401,513214
238402,513214
238403,513214
238404,513214
238405,513214
238501,513214
238502,513214
238503,513214
238504,513214
238505,513214
238600,513102
238702,513220
238703,513214
238704,513214
238705,513214
238706,513214
238707,513214
238708,513214
238801,510700
238802,510700
238803,510700
238804,510700
238900,510700
239000,510700
239101,510700
239102,510700
239103,510700
239104,510700
239105,510700
239200,510700
239300,510700
239400,510700
239501,510700
239504,510700
239505,510700
239506,510700
239507,510700
239508,510700
239509,510700
239510,510700
239511,510700
239600,510700
239700,510700
239801,510700
239802,510700
239804,510700
239805,510700
239806,510700
239900,510700
240000,510700
240101,510700
240102,510700
240200,510700
240301,510700
240302,510700
240303,510700
240304,510700
240305,510700
240401,510700
240402,510700
240502,510700
240503,510700
240504,510700
240505,510700
240601,510700
240602,510700
240603,510700
240604,510700
240700,510700
240800,510700
240900,510700
241000,510700
241100,510700
241200,510800
241300,510800
241400,510800
241500,510800
241600,510800
241700,510800
241800,510800
241900,510800
242000,510800
242100,510800
242200,510800
242300,510800
242400,510800
242501,510800
242502,510800
242600,510800
242700,510800
242800,510800
242900,510800
243000,510800
243100,510800
243200,510800
243300,510800
243400,510800
243501,510800
243502,510800
243600,510800
243700,510800
243800,510800
243900,510800
244001,510800
244002,510800
244100,510800
244200,510800
244300,510800
244400,510800
244500,510800
244600,510800
244700,512202
244800,512202
244900,512201
245000,512201
245100,512202
245200,512202
245300,512202
245400,512201
245500,512201
245600,512202
245700,512202
245800,512202
245900,512202
246000,512202
246103,512202
246105,512202
246106,512202
246107,512202
246108,512202
246109,512202
246200,512202
246300,512202
246400,512201
246500,512201
246601,512201
246602,512201
246700,512201
246800,512201
246900,512201
247000,512201
247100,512201
247200,512201
247300,512201
247400,512201
247500,512201
247600,512201
247700,512201
247800,512201
247900,512201
248000,512201
248100,512201
248200,512202
248300,512202
248400,512202
248500,512202
248600,512202
248700,512202
248800,512202
248900,512202
249001,512202
249003,512202
249004,512202
249005,512202
249006,512202
249007,512202
249008,512202
249009,512202
249100,512300
249200,512300
249300,512300
249400,512300
249500,512300
249600,512300
249700,512300
249800,512300
249900,512300
250000,512300
250101,512300
250102,512300
250103,512300
250104,512300
250105,512300
250106,512300
250107,512300
250108,512300
250109,512300
250110,512300
250200,512300
250300,512300
250400,512300
250500,512300
250600,512300
250700,512300
250800,512300
250900,512300
251000,512300
251101,512300
251102,512300
251103,512300
251200,512300
251300,512300
251400,512300
251500,512300
251600,512300
251700,512300
251800,512300
251900,512300
252000,512300
252100,512402
252200,512402
252300,512402
252400,512402
252500,512402
252600,512402
252700,512401
252800,512401
252900,512401
253000,512401
253100,512401
253200,512401
253300,512401
253400,512401
253501,512401
253502,512401
253600,512402
253700,512402
253800,512402
253900,512402
254000,512402
254100,512402
254200,512402
254301,512402
254302,512402
254400,512402
254500,512402
254600,512402
254700,512402
254800,512402
254900,512402
255000,512402
255100,512402
255200,512401
255300,512401
255400,512401
255500,512401
255600,512401
255701,512401
255702,512401
255800,512401
255900,512401
256000,512401
256100,512401
256200,512402
256300,512402
256400,512402
256500,512402
256600,512401
256700,512401
256801,512401
256802,512401
256900,512401
257001,512500
257002,512500
257003,512500
257004,512500
257100,512500
257201,512500
257202,512500
257203,512500
257300,512500
257400,512500
257500,512500
257601,512500
257602,512500
257701,512402
257702,512500
257800,512500
257900,512500
258001,512500
258002,512500
258100,512500
258200,512500
258300,512500
258400,512500
258500,512500
258600,512500
258700,512500
258801,512500
258802,512500
258901,512500
258902,512500
259000,512500
259100,512500
259200,512500
259300,512500
259401,512500
259402,512500
259403,512500
259404,512500
259501,512500
259502,512500
259601,512500
259602,512500
259700,512500
259800,512500
259900,512500
260000,512500
260100,511402
260200,511402
260300,511402
260400,511402
260500,511402
260600,511402
260700,511402
260800,511902
260901,511402
260902,511402
261000,511402
261100,511402
261201,511402
261202,511402
261300,511402
261401,511402
261402,511402
261403,511402
261501,511402
261502,511402
261503,511402
261504,511402
261601,511402
261602,511402
261603,511402
261700,511402
261801,511402
261802,511402
261803,511402
261900,511401
262001,511401
262002,511401
262003,511401
262100,511402
262201,511402
262202,511402
262301,511402
262302,511402
262401,511402
262402,511402
262500,511401
262600,511401
262702,511100
262703,511401
262704,511401
262705,511401
262800,511401
262900,511401
263001,511401
263002,511401
263100,511401
263200,511401
263301,511401
263302,511401
263303,511401
263304,511401
263305,511401
263306,511401
263400,511401
263500,511401
263600,511401
263700,511401
263801,511401
263802,511401
263900,511401
264000,511401
264101,511401
264102,511401
264200,511401
264300,511401
264400,511401
264500,511402
264600,511402
264700,511402
264800,511402
264901,511303
264904,511303
264905,511303
264906,511303
264907,511303
264908,511303
264909,511303
264910,511303
264911,511303
264912,511303
264913,511303
265001,511303
265002,511303
265003,511303
265004,511303
265005,511303
265100,511303
265200,511303
265300,511303
265400,511303
265500,511303
265600,511303
265700,511303
265800,511303
265900,511303
266000,511303
266100,511303
266200,511303
266300,511303
266401,511303
266402,511303
266403,511303
266501,511303
266502,511303
266600,511303
266700,511303
266800,511301
266900,511301
267000,511303
267100,511301
267200,511301
267300,511301
267400,511301
267500,511301
267601,511301
267602,511301
267701,511700
267703,511301
267704,511301
267705,511301
267706,511301
267707,511301
267708,511301
267800,511301
267901,511301
267902,511301
268000,511302
268100,511301
268200,511302
268300,511301
268400,511302
268500,511302
268600,511302
268700,511302
268800,511302
268900,511302
269000,511302
269101,511302
269102,511302
269200,511302
269300,511302
269400,511302
269500,511302
269600,511302
269700,511700
269800,511700
269900,511700
270000,511700
270100,511700
270201,511700
270202,511700
270300,511700
270400,511700
270500,511700
270600,511700
270700,511700
270800,511700
270900,511700
271000,511700
271100,511700
271200,511700
271300,511700
271400,511700
271500,511700
271600,511700
271700,511700
271800,511700
271900,511700
272001,511700
272002,511700
272100,511700
272200,511700
272300,511700
272401,511700
272402,511700
272403,511700
272500,511601
272600,511602
272703,511602
272704,511602
272705,511602
272706,511602
272707,511602
272800,511602
272900,511602
273000,511602
273100,511602
273201,511602
273203,511602
273204,511602
273205,511602
273206,511602
273300,511602
273400,511601
273500,511602
273600,511602
273700,511601
273800,511601
273900,511601
274000,511601
274100,511601
274202,511601
274203,511601
274204,511601
274205,511601
274206,511601
274300,511601
274401,511601
274402,511601
274502,511601
274503,511601
274504,511601
274505,511601
274506,511601
274600,511601
274700,511601
274800,511601
274900,511601
275000,511601
275101,511601
275102,511601
275200,511601
275301,511601
275302,511601
275400,511601
275500,511601
275601,511601
275602,511601
275603,511601
275700,511601
275800,511601
275900,511601
276002,511601
276003,511601
276004,511601
276005,511601
276006,511601
276007,511601
276101,511800
276102,511800
276201,511800
276202,511800
276300,511800
276400,511800
276500,511800
276601,511800
276602,511800
276603,511800
276700,511800
276800,511800
276900,511800
277000,511800
277100,511800
277200,511800
277301,511800
277302,511800
277400,511800
277500,511800
277600,511800
277701,511800
277702,511800
277703,511800
277704,511800
277801,511800
277802,511800
277901,511800
277902,511800
278001,512903
278003,512903
278005,512903
278006,512903
278007,512903
278008,512903
278009,512903
278102,512903
278103,512903
278104,512904
278105,512903
278106,512903
278107,512903
278108,512903
278109,512903
278201,512904
278203,512904
278204,512904
278205,512904
278206,512904
278207,512904
278208,512904
278209,512904
278210,512904
278211,512904
278212,512904
278213,512904
278301,512906
278302,512906
278303,512906
278304,512906
278402,512906
278403,512906
278406,512906
278407,512906
278408,512906
278409,512906
278410,512906
278411,512906
278412,512906
278502,512906
278504,512906
278505,512906
278506,512906
278509,512906
278510,512906
278511,512906
278512,512906
278514,512906
278515,512906
278516,512906
278517,512906
278601,512906
278602,512902
278603,512906
278701,512906
278702,512902
278800,512902
278902,512902
278903,512905
278904,512905
278905,512905
278906,512905
279000,512902
279101,512902
279102,512902
279201,512902
279202,512902
279300,512902
279400,512902
279500,512902
279600,512902
279700,512902
279800,513020
279900,513020
280000,513020
280101,513020
280102,513020
280103,513020
280200,513020
280301,513020
280302,513020
280303,513020
280304,513020
280401,513011
280402,513011
280500,513011
280600,513011
280701,513011
280703,513011
280704,513011
280705,513011
280706,513011
280707,513011
280708,513011
280709,513012
280710,513012
280712,513012
280713,513012
280714,513012
280715,513012
280716,513012
280802,513012
280803,513012
280804,513012
280805,513012
280806,513012
280807,513012
280808,513012
280809,513020
280810,513012
280811,513012
280812,513012
280901,513020
280904,513012
280905,513012
280906,513012
280907,513012
280908,513012
281000,513020
281101,513012
281102,513013
281103,513020
281201,513020
281202,513013
281300,513013
281401,513013
281402,513013
281403,513013
281502,513013
281506,513013
281509,513013
281510,513013
281511,513013
281512,513013
281513,513013
281514,513013
281515,513013
281516,513013
281517,513013
281518,513013
281519,513013
281520,513013
281601,513800
281602,513800
281700,513800
281800,513020
281902,513800
281903,513800
281904,513800
281905,513800
282007,513800
282008,513800
282009,513800
282012,513800
282013,513800
282014,513800
282015,513800
282016,513800
282017,513800
282018,513800
282019,513800
282020,513800
282021,513800
282022,513800
282023,513800
282024,513800
282025,513800
282026,513800
282027,513800
282101,512902
282102,512902
282103,512902
282200,512902
282301,512902
282302,512902
282400,511001
282500,511001
282601,511001
282602,511001
282603,511001
282604,511001
282605,511001
282606,511001
282701,511001
282702,511001
282703,511001
282704,511001
282807,511001
282808,511001
282809,511001
282810,511001
282811,511001
282812,511001
282813,511001
282814,511001
282815,511001
282816,511001
282817,511001
282818,511001
282819,511001
282820,511001
282821,511001
282822,511001
282823,511001
282824,511001
282825,511001
282900,511001
283001,511001
283002,511001
283100,511002
283200,511002
283301,511002
283302,511002
283303,511002
283304,511002
283305,511002
283306,511002
283307,511002
283400,511002
283500,511002
283601,511002
283602,511002
283700,511002
283800,511002
283901,511002
283902,511002
284000,511002
284101,511002
284102,511002
284103,511002
284104,511002
284200,511002
284301,511002
284302,511002
284303,511002
284304,511002
284305,511002
284400,511002
284500,511002
284600,511002
284701,511002
284702,511002
284800,511100
284900,511100
285001,511100
285002,511100
285003,511100
285004,511100
285005,511100
285100,511100
285201,511100
285202,511100
285302,511100
285303,511100
285304,511100
285401,511100
285402,511100
285403,511100
285500,511100
285600,511100
285701,511100
285702,511100
285703,511100
285800,511100
285900,511100
286000,511100
286100,511100
286200,511100
286300,511100
286400,511100
286500,511100
286600,511100
286701,511100
286702,511100
286703,511100
286704,511100
286705,511100
286801,511100
286802,511100
286803,511100
286900,511100
287000,511100
287101,511100
287102,511100
287200,511100
287300,511100
287400,511100
287500,511100
287600,511100
287700,511100
287803,511100
287804,511100
287805,511100
287806,511100
287900,511100
288000,511100
288100,511100
288201,511100
288202,511100
288301,511100
288302,511100
288401,512100
288402,512100
288500,512100
288600,512100
288700,512100
288800,512100
288900,512100
289000,512100
289100,512100
289200,512100
289300,512100
289400,512100
289500,512100
289601,512100
289602,512100
289700,512100
289800,512100
289901,512100
289902,512100
290001,512100
290002,512100
290003,512100
290100,512100
290200,512100
290300,512100
290401,512100
290402,512100
290501,512100
290502,512100
290601,512100
290602,512100
290603,512100
290701,512100
290702,512100
290703,512100
290800,512100
290900,512100
291000,512100
291101,511902
291102,511401
291201,511902
291202,511902
291203,511902
291301,511902
291302,511902
291303,511902
291304,511902
291400,511902
291500,511902
291600,511902
291700,511902
291800,511902
291900,511902
292001,511902
292002,511902
292003,511902
292004,511902
292005,511902
292101,511902
292102,511902
292103,511902
292104,511902
292200,511902
292300,511902
292401,511902
292402,511902
292403,511902
292500,511901
292600,511901
292700,511901
292800,511902
292900,511902
293001,511902
293002,511902
293100,511902
293200,511902
293301,511902
293302,512100
293401,511902
293402,512100
293501,511902
293502,511902
293503,511902
293600,511901
293701,511901
293702,511901
293703,511901
293801,511901
293802,511901
293900,511901
294001,511901
294002,511901
294101,511901
294102,511901
294200,511901
294300,511901
294401,511901
294402,511901
294501,511901
294502,511901
294503,511901
294504,511901
294505,511901
294600,511901
294701,511901
294702,511901
294801,511901
294802,511901
294900,511901
295001,511901
295002,511901
295100,511901
295200,512000
295300,512000
295401,512000
295402,512000
295500,512000
295600,512000
295700,512000
295800,512000
295900,512000
296000,512000
296100,512000
296200,512000
296300,512000
296400,512000
296500,512000
296600,512000
296700,512000
296800,512000
296900,512000
297000,512000
297100,512000
297200,512000
297301,512000
297302,512000
297400,512000
297501,512000
297502,512000
297600,512000
297700,512000
297800,512000
297900,512000
298000,512000
298100,512000
298200,512600
298301,512600
298302,512600
298303,512600
298304,512600
298400,512600
298501,512600
298502,512600
298503,512600
298504,512600
298600,512600
298701,512600
298702,512600
298801,512600
298802,512600
298803,512600
298901,512600
298903,512600
298904,512600
298905,512600
299000,512902
299101,511001
299102,512600
299200,512902
299300,512902
299402,512600
299404,511002
299405,512600
299406,511002
299407,511002
299500,512600
299600,512600
299700,512600
299800,512600
299900,512600
300001,512600
300002,512600
300100,512700
300200,512700
300300,512700
300400,512700
300501,512700
300502,512700
300503,512700
300600,512700
300701,512700
300702,512700
300800,512700
300900,512700
301000,512700
301100,512700
301200,512700
301300,512700
301400,512700
301500,512700
301600,512700
301700,512700
301800,512700
301901,512801
301902,512801
301903,512801
302001,512801
302002,512801
302003,512801
302004,512801
302101,512801
302102,512801
302103,512801
302104,512801
302105,512801
302203,512801
302204,512801
302205,512801
302206,512801
302207,512801
302208,512801
302300,512801
302401,512801
302402,512801
302403,512801
302501,512801
302502,512801
302504,512801
302505,512801
302506,512801
302601,512801
302602,512801
302701,512801
302702,512801
302703,512801
302704,512801
302705,512801
302706,512801
302801,512801
302802,512801
302803,512801
302900,512802
303001,513800
303002,512802
303101,513800
303102,512802
303202,513800
303203,513800
303204,513800
303205,513800
303300,513800
303400,513800
303501,507900
303502,507900
303600,507900
303700,507900
303800,507900
303901,507900
303902,507900
304000,507900
304100,507900
304200,507900
304300,507900
304400,507900
304500,507900
304600,507900
304700,507900
304800,507900
304900,507900
305000,507900
305100,507900
305201,507900
305202,507900
305300,507900
305400,507900
305500,507900
305600,507900
305700,507900
305800,507900
305900,507900
306000,507900
306100,507900
306200,507900
306300,507900
306400,507900
306500,507900
306600,507900
306700,507900
306800,507900
306900,507900
307000,507900
307100,507800
307200,507800
307300,507800
307400,507800
307500,507800
307600,507800
307700,507800
307800,507800
307900,507800
308000,507800
308100,507800
308200,507800
308300,507800
308401,507800
308403,507800
308404,507800
308500,507800
308601,507800
308602,507800
308700,507800
308800,507800
308900,507800
309000,507800
309100,507800
309200,507800
309300,507800
309400,507800
309501,507800
309502,507800
309600,507800
309701,507800
309702,507800
309800,507800
309900,507800
310000,507800
310100,507800
310200,507800
310300,507800
310400,507800
310500,507800
310600,507800
310700,507800
310800,507800
310900,507800
311000,507800
311100,507800
311200,507800
311300,507800
311400,507720
311500,507720
311600,507720
311700,507720
311800,507720
311900,507720
312000,507720
312100,507720
312200,507720
312300,507720
312401,507720
312402,507720
312501,507720
312502,507720
312600,507720
312701,507720
312702,507720
312800,507720
312900,507710
313000,507710
313100,507710
313200,507710
313300,507710
313400,507720
313500,507710
313600,507710
313700,507720
313800,507710
313900,507710
314001,507710
314002,507710
314100,507710
314200,507710
314300,507710
314400,507710
314500,507710
314600,507710
314700,507710
314801,507720
314802,507720
314901,507720
314902,507720
314903,507720
314904,507720
315001,507710
315002,507710
315003,507710
315100,507710
315200,508120
315300,508120
315400,508120
315500,508120
315600,508120
315700,508120
315800,508120
315900,508120
316000,508120
316100,508120
316201,508120
316202,508120
316300,508120
316400,508120
316500,508120
316600,508120
316700,508120
316800,508120
316900,508120
317000,508120
317100,508120
317200,508110
317300,508110
317400,508110
317500,508110
317600,508110
317700,508110
317800,508110
317900,508110
318000,508110
318100,508120
318200,508110
318300,508110
318400,508110
318500,508110
318600,508110
318700,508110
318801,508110
318802,508110
318900,508120
319000,508120
319100,508120
319200,508110
319300,508110
319400,508110
319500,508110
319600,508110
319700,508110
319801,508110
319802,508110
319900,508110
320000,508110
320100,508110
320200,508110
320300,508110
320400,508110
320500,508110
320600,508110
320700,508110
320800,508020
320900,508020
321000,508020
321100,508020
321200,508020
321300,508020
321400,508020
321500,508020
321600,508020
321700,508020
321800,508020
321900,508020
322001,508020
322002,508020
322101,508020
322102,508020
322200,508020
322300,508020
322400,508020
322500,508020
322600,508020
322700,508020
322800,508020
322900,508020
323000,508020
323100,508020
323200,508020
323300,508020
323400,508020
323500,508020
323600,508020
323700,508020
323800,508020
323900,508020
324000,508020
324100,508020
324200,508020
324300,508010
324400,508010
324500,508010
324600,508020
324700,508020
324800,508020
324901,508010
324902,508010
325000,508010
325100,508010
325200,508010
325300,508020
325402,508020
325500,508020
325600,508010
325700,508010
325800,508010
325900,508010
326000,508010
326100,508010
326201,508010
326202,508010
326203,508010
326204,508010
326205,508010
326300,508010
326400,508010
326500,508010
326600,508010
326700,508010
326801,508010
326802,508010
326900,508010
327000,508010
327100,508010
327200,508010
327300,508010
327400,508010
327500,508010
327600,508010
327700,508010
327800,508010
327900,508010
328000,509400
328100,509400
328300,509400
328400,509400
328500,509400
328600,509400
328700,509400
328800,509400
328900,509400
329000,509400
329100,509400
329300,509400
329400,509400
329500,509400
329600,509400
329700,509400
329800,509400
329900,509400
330000,509400
330100,509400
330200,509400
330300,509400
330400,509400
330500,509400
330600,509400
330700,509400
330800,509400
330900,509400
331000,509400
331200,509400
331300,509400
331400,509400
331500,509400
331600,509400
331700,509400
331800,509400
331900,509400
332000,509400
332100,509400
332200,509400
332300,509400
332400,509400
332500,509400
332600,509400
332700,509400
332800,509400
332900,509400
333100,509400
333200,509400
333300,509400
333400,509400
333500,509400
333600,509400
333700,509400
333800,509400
333900,509400
334000,509400
334100,509400
334200,509400
334300,509400
334400,509400
334600,509500
334700,509500
334800,509500
334900,509500
335000,509500
335100,509500
335300,509500
335400,509500
335700,509500
335800,509500
335900,509500
336000,509500
336100,509500
336200,509500
336300,509500
336400,509500
336500,509500
336600,509500
336700,509500
336900,509300
337000,509300
337100,509300
337200,509300
337300,509300
337400,509300
337500,509300
337600,509300
337700,509300
337901,509300
337902,509300
337903,509300
337904,509300
338001,509300
338002,509300
338003,509300
338100,509300
338200,509300
338300,509300
338400,509300
338500,509300
338600,509300
338700,509300
338801,509300
338802,509300
338803,509300
338901,509300
338902,509300
338903,509300
339001,509300
339002,509300
339100,509300
339400,509300
339500,509300
339600,509300
339700,509300
339800,509300
339900,509300
340000,509300
340100,509300
340200,509300
340300,509300
340400,509300
340500,509300
340700,510010
340801,510010
340802,510010
340900,510010
341001,510010
341002,510010
341003,510010
341101,510010
341102,510010
341103,510010
341104,510010
341200,510010
341300,510010
341400,510010
341500,510010
341600,510010
341700,510010
341801,510010
341802,510010
341803,510010
341804,510010
341805,510010
341900,510010
342000,510010
342100,510010
342200,510010
342300,510010
342400,510010
342500,510010
342600,510010
342700,510010
342801,510010
342802,510010
342900,510010
343000,510010
343100,510010
343200,510010
343300,510010
343400,510010
343500,510010
343600,510010
343701,510020
343703,510010
343704,510010
343705,510010
343801,510010
343802,510020
343900,510010
344000,510010
344101,510010
344102,510010
344200,510010
344300,510020
344400,510020
344501,510020
344502,510020
344601,510020
344602,510020
344701,510020
344702,510020
344800,510020
344901,510020
344902,510020
345000,510020
345100,510020
345200,510020
345300,510020
345400,510020
345500,510020
345600,510020
345700,510020
345800,510020
345900,510020
346000,510020
346100,510020
346200,510020
346303,510020
346304,510020
346305,510020
346306,510020
346307,510020
346400,510020
346500,510020
346600,510020
346701,510210
346702,510210
346800,510210
346900,510210
347000,510210
347100,510210
347201,510210
347202,510210
347300,510210
347400,510210
347500,510210
347600,510210
347700,510210
347800,510210
347900,510210
348000,510210
348100,510220
348200,510210
348300,510210
348400,510210
348500,510210
348601,510210
348602,510210
348700,510210
348800,510210
348900,510220
349000,510220
349100,510220
349200,510220
349300,510220
349400,510220
349500,510220
349600,510220
349700,510220
349801,510220
349802,510220
349901,510220
349902,510220
349904,510220
349905,510220
349906,510220
349907,510220
349908,510220
350000,510220
350101,510220
350102,510220
350203,510220
350204,510220
350205,510220
350206,510220
350207,510220
350300,510220
350401,510220
350402,510220
350501,510220
350502,510220
350503,510220
350504,510220
350600,510220
350700,510220
350800,510220
350901,510401
350902,510401
350903,510401
350904,510401
350905,510401
351000,510402
351100,510402
351201,510401
351202,510401
351300,510402
351401,510402
351402,510402
351500,510401
351600,510401
351700,510402
351800,510402
351900,510402
352000,510402
352100,510402
352200,510402
352300,510402
352400,510402
352500,510402
352602,510402
352603,510402
352604,510402
352700,510402
352800,510402
352900,510402
353000,510402
353100,510402
353200,510402
353300,510402
353400,510402
353500,510402
353601,510402
353602,510402
353700,510401
353801,510401
353802,510401
353803,510401
353900,510401
354000,510402
354100,510401
354201,510401
354202,510401
354300,510401
354400,510401
354500,510401
354600,510401
354700,510401
354800,510401
354900,510401
355000,510401
355101,510401
355102,510401
355200,510401
355300,510401
355400,510500
355500,510500
355601,510500
355603,510500
355604,510500
355605,510500
355606,510500
355700,510500
355800,510500
355900,510500
356001,510500
356002,510500
356100,510500
356201,510500
356202,510500
356203,510500
356204,510500
356300,510500
356401,510500
356402,510500
356501,510500
356502,510500
356503,510500
356504,510500
356600,510500
356700,510500
356800,510500
356900,510500
357000,510500
357100,510500
357200,510500
357300,510500
357400,510500
357500,510500
357600,510500
357700,510500
357800,510500
357900,510500
358000,510500
358100,510500
358200,510500
358300,510500
358500,509800
358600,509800
358700,509800
358800,509800
358900,509800
359000,509800
359100,509800
359200,509800
359300,509800
359400,509800
359500,509800
359600,509800
359701,509800
359800,509800
359900,509800
360000,509800
360100,509800
360200,509800
360300,509800
360400,509800
360500,509800
360600,509800
360700,509800
360800,509800
360900,509800
361000,509800
361100,509800
361200,509800
361300,509800
361400,509800
361500,509800
361600,509800
361701,509800
361702,509800
361703,509800
361800,509800
361900,509701
362000,509701
362100,509701
362201,509701
362202,509701
362300,509701
362400,509701
362501,509701
362502,509701
362600,509701
362701,509701
362702,509701
362800,509701
362900,509701
363001,509701
363002,509701
363003,509701
363100,509701
363200,509701
363301,509701
363302,509701
363400,508620
363501,509701
363502,509701
363600,509701
363700,509701
363800,509701
363901,509701
363902,509701
364001,509701
364002,509701
364100,509702
364200,509702
364300,509702
364401,509702
364402,509702
364500,509702
364601,509702
364602,509702
364700,509702
364800,509702
364900,509702
365000,509702
365100,509702
365200,509702
365300,509702
365400,509702
365500,509702
365600,509702
365700,509702
365800,509702
365900,509702
366000,509702
366100,509702
366201,509702
366202,509702
366300,509702
366401,509702
366402,509702
366501,509702
366602,509702
366700,509702
366800,509702
366901,509701
366902,509701
367000,509701
367100,509701
367200,514700
367300,514700
367400,514700
367500,514700
367601,514700
367602,514700
367701,514700
367702,514700
367703,514700
367704,514700
367800,514700
367900,514700
368000,514700
368100,514700
368200,514700
368300,514700
368400,514700
368500,514700
368601,514700
368602,514700
368700,514700
368800,514700
368900,514700
369000,514700
369101,514700
369102,514700
369103,514700
369200,514700
369300,514700
369400,514700
369501,514700
369502,514700
369600,514700
369701,514700
369702,514700
369800,514700
369900,514700
370000,514700
370100,514700
370200,514700
370300,514700
370400,514700
370500,514700
370600,514700
370700,514700
370800,514700
370900,514600
371001,514600
371002,514600
371100,514600
371201,514600
371202,514600
371300,514600
371400,514600
371501,514600
371502,514600
371600,514600
371700,514600
371800,514600
371900,514600
372000,514600
372101,514600
372102,514600
372103,514600
372104,514600
372200,514600
372300,514600
372400,514600
372500,514600
372600,514600
372700,514600
372800,514600
372900,514600
373001,514600
373002,514600
373100,514600
373200,514600
373300,514600
373400,514600
373500,514600
373600,514600
373700,514600
373800,514600
373900,514600
374000,514500
374101,514500
374102,514500
374200,514500
374300,514500
374400,514500
374500,514500
374600,514500
374700,514500
374800,514500
374900,514500
375001,514500
375002,514500
375100,514500
375200,514500
375300,514500
375400,514500
375500,514500
375600,514500
375700,514500
375800,514500
375900,514500
376000,514500
376101,514500
376102,514500
376200,514500
376300,514500
376401,514500
376402,514500
376403,514500
376500,514500
376600,514500
376700,514500
376800,514500
376900,514500
377000,514500
377100,514500
377200,514500
377301,514500
377302,514500
377303,514500
377304,514500
377401,514500
377402,514500
377403,514500
377500,514500
377600,514500
377701,514500
377702,514500
377800,514500
377901,514500
377902,514500
378001,514500
378002,514500
378003,514500
378100,514500
378201,514500
378202,514500
378301,514402
378302,514402
378303,514402
378401,514402
378402,514402
378500,514402
378601,514402
378602,514402
378701,514402
378702,514402
378800,514402
378901,514402
378902,514402
379000,514402
379100,514402
379200,514402
379300,514402
379401,514402
379402,514402
379403,514402
379500,514402
379600,514402
379700,514402
379800,514402
379900,514402
380001,514401
380002,514401
380003,514401
380100,514401
380200,514401
380300,514401
380400,514401
380502,514402
380503,514402
380504,514402
380505,514402
380506,514402
380600,514402
380700,514402
380800,514402
380900,514402
381000,514402
381101,514402
381102,514402
381200,514402
381301,514402
381302,514402
381400,514402
381500,514402
381600,514402
381700,514402
381801,514401
381802,514401
381900,514401
382000,514401
382101,514401
382102,514401
382103,514401
382104,514401
382200,514401
382300,514401
382400,514401
382500,514401
382600,514401
382700,514401
382800,514401
382901,514401
382902,514401
382903,514401
382904,514401
383000,514401
383100,514401
383200,514401
383300,514401
383400,514401
383500,514401
383600,514401
383701,514401
383702,514401
383703,514401
383704,514401
383801,514401
383802,514401
383900,514900
384000,514900
384100,514900
384200,514900
384300,514900
384400,514900
384500,514900
384600,514900
384701,514900
384703,514900
384704,514900
384705,514900
384800,514900
384901,514900
384902,514900
384903,514900
385000,514900
385100,514900
385200,514900
385300,514900
385400,514900
385500,514900
385600,514900
385700,514900
385801,514900
385802,514900
385803,514900
385900,514900
386001,514900
386002,514900
386003,514900
386100,514900
386200,514802
386300,514802
386401,514802
386402,514802
386502,514802
386503,514802
386504,514802
386505,514802
386600,514802
386700,514802
386801,514802
386802,514802
386803,514802
386901,514802
386902,514802
386903,514802
386904,514802
387002,514802
387003,514802
387004,514802
387005,514802
387006,514802
387007,514802
387008,514802
387009,514802
387100,514802
387200,514801
387300,514801
387401,514801
387402,514801
387500,514801
387601,514801
387602,514801
387701,514801
387702,514801
387801,514801
387802,514801
387900,514801
388000,514801
388100,514801
388200,514801
388301,514801
388302,514801
388401,514801
388402,514801
388500,514801
388600,514801
388700,514801
388800,514801
388900,514801
389001,514801
389003,514801
389004,514801
389005,514801
389101,514801
389102,514801
389200,514801
389300,514801
389400,514801
389500,514801
389601,514801
389602,514801
389700,514802
389800,514802
389900,514802
390000,514802
390100,514802
390200,514802
390300,514801
390401,514801
390402,514801
390501,515002
390502,515003
390600,515003
390701,515002
390702,515003
390801,515003
390802,515003
390900,515003
391000,515003
391100,515003
391200,515003
391300,515003
391400,515003
391500,515003
391601,515001
391602,515003
391700,515002
391800,515002
391900,515001
392000,515001
392100,515001
392200,515001
392300,515001
392400,515001
392500,515002
392600,515001
392700,515001
392800,515001
392900,515001
393000,515001
393100,515001
393200,515001
393300,515001
393400,515001
393500,515001
393600,515001
393701,515001
393702,515001
393800,515001
393900,515001
394000,515001
394100,515001
394200,515002
394300,515002
394400,515001
394500,515001
394600,515001
394700,515002
394800,515002
394900,515002
395000,515002
395100,515002
395200,515002
395300,515002
395400,515002
395500,515002
395600,515002
395700,515002
395800,515100
395900,515002
396000,515002
396100,515002
396200,515002
396300,515002
396400,515002
396500,515002
396600,515002
396700,515100
396800,515002
396900,515002
397000,515002
397100,515002
397200,515002
397300,515002
397400,515002
397500,515002
397600,515431
397700,515100
397800,515100
397900,515100
398000,515100
398100,515100
398200,515100
398300,515100
398400,515100
398500,515100
398600,515100
398700,515100
398800,515100
398900,515100
399000,515100
399100,515100
399200,515100
399300,515100
399400,515100
399500,515100
399600,515100
399700,515100
399800,515100
399900,515100
400000,515100
400100,515100
400200,515100
400300,515100
400400,515100
400500,515100
400600,515100
400700,515100
400800,515100
400900,515100
401000,515100
401100,515100
401200,515100
401300,515100
401400,515100
401500,515100
401600,515100
401700,515100
401800,515100
401900,515100
402000,515100
402100,515410
402200,515410
402300,515410
402400,515410
402500,515410
402600,515410
402700,515410
402800,515431
402900,515431
403000,515431
403100,515431
403200,515431
403300,515431
403400,515410
403500,515410
403600,515410
403700,515410
403800,515410
403900,515410
404000,515431
404100,515410
404200,515410
404300,515410
404400,515410
404500,515410
404600,515410
404700,515420
404800,515420
404900,515431
405000,515431
405100,515431
405200,515431
405300,515431
405400,515432
405500,515432
405600,515432
405700,515432
405800,515431
405900,515431
406000,515431
406101,515431
406102,515431
406201,515431
406202,515432
406300,515431
406401,515431
406402,515431
406403,515431
406404,515431
406501,515431
406502,515431
406601,515431
406602,515431
406603,515431
406700,515431
406800,515420
406900,515420
407000,515420
407100,515420
407200,515420
407300,515420
407400,515420
407500,515410
407600,515410
407700,515420
407800,515410
407900,515410
408000,515410
408100,515410
408200,515420
408300,515420
408400,515410
408500,515410
408600,515410
408700,515420
408800,515420
408900,515420
409000,515420
409100,515420
409200,515420
409300,515420
409400,515420
409500,515420
409600,515420
409700,515420
409800,515420
409900,515420
410000,515420
410100,515420
410200,515420
410300,515420
410400,515420
410500,515420
410600,515420
410700,515420
410800,515420
410900,515420
411000,515420
411100,515420
411200,515420
411300,515420
411400,515420
411500,515420
411600,515420
411700,514200
411800,514200
411900,514200
412000,514200
412100,514200
412200,514200
412301,514200
412302,514200
412401,514200
412402,514200
412500,514200
412600,514200
412700,514200
412800,514200
412900,514200
413001,514000
413002,514000
413003,514000
413004,514000
413005,514000
413006,514000
413100,514000
413200,514000
413300,514000
413400,514000
413500,514000
413600,514000
413700,514000
413800,514000
413900,514000
414000,514000
414100,514000
414200,514000
414300,514000
414400,514000
414500,514000
414600,514000
414700,514000
414800,514000
414900,514000
415000,514000
415100,514000
415200,514000
415300,514000
415400,514000
415500,514000
415600,514000
415700,514000
415800,514000
415900,514000
416000,514000
416100,514000
416200,514000
416300,514000
416400,514000
416500,514000
416600,514000
416700,514000
416800,514000
416900,514000
417001,514000
417002,514000
417003,514000
417100,514000
417200,514000
417300,514000
417400,514000
417500,515500
417600,515500
417700,515500
417800,515500
417900,515500
418000,515500
418100,515500
418200,515500
418300,515500
418400,515500
418500,515500
418600,515500
418700,515500
418800,515500
418900,515500
419000,515500
419100,515500
419200,515500
419300,515500
419400,515500
419500,515600
419600,515600
419702,515600
419703,515600
419704,515600
419705,515600
419706,515600
419800,515600
419900,515600
420000,515600
420100,515600
420201,515600
420202,515600
420203,515600
420204,515600
420300,515600
420400,515600
420500,515600
420600,515600
420700,515600
420801,515600
420802,515600
420803,515600
420804,515600
420805,515600
420806,515600
420807,515600
420900,515600
421000,515600
421100,515600
421200,515600
421300,515201
421400,515201
421500,515201
421600,515201
421700,515201
421800,515201
421900,515201
422000,515201
422100,515201
422200,515201
422300,515201
422400,515201
422500,515201
422600,515201
422700,515201
422800,515201
422900,515201
423000,515201
423100,515201
423200,515201
423300,515201
423400,515201
423500,515201
423600,515202
423700,515201
423800,515202
423900,515202
424000,515201
424100,515201
424200,515202
424300,515202
424400,515202
424500,515202
424600,515202
424701,515202
424702,515202
424800,515202
424900,515202
425000,515202
425100,515202
425200,515202
425300,515202
425400,515202
425500,515202
425600,515202
425701,515202
425702,515202
425800,515202
425900,515202
426000,515202
426101,515202
426102,515202
426103,515202
426104,515202
426105,515202
426106,515202
426107,515202
426108,515202
426200,515301
426301,515301
426302,515301
426303,515301
426304,515301
426400,515301
426500,515301
426601,515301
426602,515301
426700,515301
426800,515301
426900,515301
427000,515301
427100,515301
427200,515301
427300,515301
427400,515301
427500,515301
427600,515301
427700,515301
427800,515301
427900,515301
428000,515301
428100,515301
428200,515301
428300,515301
428400,515301
428500,515301
428600,515301
428700,515302
428800,515302
428900,515302
429000,515302
429100,515302
429200,515302
429300,515302
429400,515302
429500,515302
429600,515302
429700,515302
429800,515302
429900,515302
430000,515302
430100,515302
430200,515302
430300,515302
430400,515302
430500,515302
430600,515302
430700,515302
430800,515302
430900,515302
431000,515302
431100,515302
431200,515302
431300,515302
431400,515302
431500,515302
431600,515302
431700,515302
431800,515302
431900,515302
432000,515302
432100,515302
432200,515302
432300,515302
432400,514101
432500,514102
432601,514102
432602,514102
432603,514102
432604,514102
432700,514102
432800,514101
432900,514101
433001,514101
433003,514101
433004,514101
433005,514101
433006,514101
433101,514102
433102,514102
433103,514102
433200,514102
433302,514102
433303,514102
433304,514102
433305,514102
433306,514102
433307,514102
433401,514102
433402,514102
433403,514102
433404,514102
433501,514102
433502,514102
433503,514102
433600,514102
433700,514102
433801,514102
433802,514102
433900,514102
434000,514102
434101,514102
434103,514102
434104,514102
434105,514102
434200,514102
434300,514102
434401,514102
434402,514102
434403,514102
434500,514102
434601,514102
434602,514102
434603,514102
434701,514102
434702,514102
434703,514102
434801,514102
434802,514102
434901,514102
434902,514102
435000,514102
435100,514102
435201,514102
435202,514102
435204,514102
435205,514102
435300,514102
435400,514102
435500,514102
435601,514102
435602,514102
435603,514102
435604,514102
435700,514102
435801,514102
435802,514102
435900,514102
436001,514102
436002,514102
436100,514103
436201,514103
436202,514103
436203,514103
436204,514103
436300,514103
436401,514103
436402,514103
436500,514103
436600,514103
436700,514103
436801,514103
436803,514103
436804,514103
436805,514103
436901,514103
436902,514103
436903,514103
436904,514103
437000,514103
437101,514103
437102,514103
437200,514103
437300,514103
437400,514103
437500,514103
437600,514103
437701,514103
437702,514103
437800,514103
437901,514101
437902,514101
437903,514101
438000,514103
438102,514103
438103,514101
438104,514103
438106,514103
438107,514103
438203,514103
438204,514101
438206,514101
438209,514101
438210,514101
438211,514101
438212,514101
438213,514101
438214,514101
438215,514101
438216,514101
438217,514101
438218,514101
438220,514101
438221,514101
438222,514101
438223,514101
438301,514103
438302,514103
438303,514103
438304,514103
438306,514103
438307,514103
438308,514103
438309,514103
438402,514103
438404,514103
438406,514103
438408,514103
438409,514103
438410,514103
438411,514103
438412,514103
438413,514103
438414,514103
438501,514103
438502,514103
438503,514103
438600,514103
438700,521000
438800,521000
438901,521000
438902,521000
439000,521000
439100,521000
439200,521000
439303,521000
439304,521000
439305,521000
439306,521000
439307,521000
439308,521000
439309,521000
439310,521000
439311,521000
439400,615800
439500,615900
439602,616001
439603,616001
439604,616001
439800,616200
439900,616300
440000,616400
440113,514101
440114,514101
440115,514101
440116,514101
440300,514301
440400,514301
440501,514301
440502,514301
440503,514301
440600,514301
440700,514301
440800,514301
440901,514301
440902,514301
440903,514301
440904,514301
441000,514301
441101,514301
441102,514301
441200,514301
441300,514301
441400,514301
441501,514301
441502,514301
441503,514301
441504,514301
441505,514301
441506,514301
441600,514301
441700,514302
441800,514301
441900,514301
442000,514302
442100,514302
442200,514302
442300,514302
442400,514302
442500,514302
442600,514302
442700,514302
442800,514302
442900,514302
443000,514302
443100,514302
443200,515700
443300,515700
443401,515700
443402,515700
443500,515700
443600,515700
443700,515700
443800,515700
443900,515700
444000,515700
444100,515700
444200,515700
444300,515700
444400,515700
444501,515700
444502,515700
444600,515700
444701,515700
444702,515700
444801,515700
444802,515700
444900,515700
445000,515700
445100,515700
445200,515801
445300,515801
445400,515801
445500,515801
445600,515801
445700,515801
445800,515801
445900,515801
446000,515801
446100,515801
446200,515801
446300,515801
446400,515801
446500,515801
446600,515801
446700,515801
446801,515801
446802,515801
446901,515801
446902,515801
447000,515802
447100,515801
447200,515801
447300,515801
447400,515801
447500,515802
447600,515802
447700,515802
447801,515802
447802,515802
447803,515802
447901,515802
447902,515802
447903,515802
448000,515802
448100,515802
448200,515802
448301,515802
448302,515802
448400,515802
448500,515802
448600,515802
448700,515802
448800,515802
448900,515802
449000,515802
449100,515802
449200,515802
449300,515802
449400,517400
449500,517400
449600,517400
449700,517400
449800,517400
449900,517400
450000,517400
450100,517400
450200,517400
450300,517400
450400,517400
450500,517400
450600,517400
450701,517400
450702,517400
450703,517400
450704,517400
450800,517400
450901,517400
450902,517400
451000,517400
451100,517400
451200,517400
451300,517400
451400,515902
451500,515902
451600,515902
451700,515902
451800,515901
451900,515902
452000,515902
452100,515902
452200,515902
452300,515902
452400,515902
452500,515902
452600,515902
452700,515902
452800,515902
452900,515902
453000,515902
453101,515902
453102,515902
453103,515902
453200,515902
453300,515902
453400,515902
453500,515902
453600,515902
453700,515902
453800,515902
453900,515902
454000,515902
454100,515902
454200,515902
454300,515902
454400,515902
454500,515902
454600,515902
454700,515902
454800,515902
454900,515902
455000,516400
455100,515902
455200,515902
455300,515902
455400,515902
455500,515901
455600,515901
455700,515901
455800,515901
455900,515901
456000,515901
456100,515901
456200,515901
456300,515901
456400,515901
456500,515901
456600,515901
456701,515901
456702,515901
456800,515901
456900,515901
457000,515901
457100,515901
457200,515901
457300,515901
457400,515901
457500,515901
457600,515700
457700,515700
457800,515700
457900,515700
458000,515700
458100,515700
458200,515700
458300,516301
458401,516301
458402,516301
458500,516301
458600,516301
458700,516301
458800,516301
458900,516301
459000,516301
459100,516301
459200,516301
459300,516301
459401,516301
459402,516301
459403,516301
459500,516301
459600,516301
459700,516301
459800,516301
459900,516301
460000,516301
460100,516301
460200,516301
460300,516301
460400,516301
460500,516301
460601,516301
460602,516301
460603,516301
460604,516301
460700,516301
460800,516301
460900,516301
461000,516301
461100,516301
461200,516301
461300,516301
461401,516301
461402,516301
461403,516301
461404,516301
461405,516301
461406,516301
461500,516301
461600,516301
461700,516301
461800,516301
461900,516301
462000,516301
462101,516301
462102,516301
462200,516301
462300,516301
462400,516301
462500,516301
462601,516302
462602,516302
462700,516302
462806,516302
462808,516302
462809,516302
462810,516302
462811,516302
462812,516302
462813,516302
462814,516302
462815,516302
462816,516302
462817,516302
462818,516302
462819,516302
462820,516302
462821,516302
462822,516302
462823,516302
462824,516302
462900,516302
463001,516302
463003,516302
463004,516302
463005,516302
463006,516302
463007,516302
463008,516302
463102,516302
463103,516302
463104,516302
463105,516302
463106,516302
463200,516302
463300,516302
463400,516302
463500,516302
463601,516302
463602,516302
463703,516302
463705,516302
463706,516302
463707,516302
463708,516302
463709,516302
463800,517001
463901,517001
463902,517001
464000,517201
464100,517201
464200,517201
464300,517201
464400,517201
464501,517201
464503,517201
464504,517201
464600,517201
464700,517201
464800,517201
464900,517201
465000,517201
465101,517201
465102,517201
465201,517201
465202,517201
465301,516302
465302,520301
465303,520301
465304,517202
465305,517202
465306,517202
465307,517202
465400,516900
465501,516900
465502,516900
465503,516900
465504,516900
465601,516900
465602,516900
465701,516900
465702,516900
465800,516900
465900,516900
466001,516900
466002,516900
466003,516900
466101,516900
466103,516900
466104,516900
466105,516900
466106,516900
466200,516900
466300,516900
466400,516900
466500,516900
466600,516900
466700,516900
466800,516900
466900,516900
467000,516900
467100,516900
467200,516900
467300,516900
467400,516900
467500,516900
467600,516900
467700,516900
467800,516900
467900,516900
468000,516900
468100,516900
468200,516900
468300,516900
468400,516900
468500,516900
468600,516900
468700,516900
468801,516900
468802,516900
468900,516900
469000,516900
469100,516900
469200,516900
469300,516900
469400,516900
469500,517001
469600,517001
469700,517001
469800,517001
469900,517001
470000,517001
470100,517001
470200,517001
470300,517001
470400,517001
470500,517001
470600,517001
470700,517001
470800,517001
470900,517001
471000,517001
471100,517001
471200,517001
471300,517001
471400,517002
471501,517002
471502,517002
471600,517002
471701,517002
471702,517002
471800,517002
471900,517002
472000,517002
472100,517002
472200,517002
472300,517002
472400,517002
472501,517002
472502,517002
472600,517002
472700,517002
472800,517002
472900,517002
473000,517002
473100,517002
473200,517002
473300,517002
473400,517002
473500,517002
473600,517002
473700,517002
473800,517002
473900,517002
474000,517001
474100,517001
474200,517001
474300,517001
474400,517001
474500,517001
474600,517001
474700,517001
474800,517001
474901,517001
474902,517001
475000,517001
475100,517001
475200,517001
475301,517001
475302,517001
475400,517001
475500,517001
475600,517001
475701,517001
475702,517001
475800,517001
475900,517001
476000,517001
476100,517001
476200,517001
476300,517001
476400,517001
476500,517001
476600,517002
476700,517002
476800,517002
476900,517002
477000,517100
477100,517100
477201,517100
477202,517100
477300,517100
477400,517100
477500,517100
477600,517100
477700,517100
477800,517100
477900,517100
478000,520301
478100,517100
478200,517100
478300,517100
478400,517100
478500,517100
478600,517100
478700,517100
478800,517100
478900,517100
479000,517100
479100,517100
479200,517100
479300,517100
479400,517100
479500,517100
479601,517100
479602,517100
479700,517100
479800,517100
479900,517100
480001,517100
480002,517100
480100,517100
480200,517100
480300,517100
480400,517100
480500,516101
480601,516101
480603,516101
480604,516101
480605,516101
480606,516101
480607,516101
480608,516101
480700,516101
480800,516101
480900,516101
481000,516101
481101,516101
481102,516101
481103,516101
481201,516101
481202,516101
481301,516101
481302,516101
481400,516101
481500,516101
481600,516101
481700,516101
481801,516101
481802,516101
481901,516101
481902,516101
482000,516101
482101,516101
482102,516101
482103,516101
482201,516101
482202,516101
482300,516101
482400,516101
482500,516102
482600,516102
482700,516102
482800,516102
482900,516102
483000,516102
483101,516102
483102,516102
483200,516102
483300,516102
483400,516102
483500,516102
483600,516102
483700,516102
483800,516102
483900,516102
484000,516102
484100,516102
484201,516102
484202,516102
484300,516102
484400,516102
484500,516102
484600,516102
484700,516102
484800,516102
484900,516102
485000,516102
485100,516102
485200,516102
485300,516102
485400,516201
485500,516201
485600,516201
485700,516201
485800,516201
485900,516201
486000,516201
486100,516201
486200,516201
486300,516201
486400,516201
486500,516201
486600,516201
486700,516201
486800,516201
486900,516201
487000,516201
487100,516201
487200,516201
487300,516201
487400,516201
487500,516201
487600,516201
487700,516201
487800,516201
487900,516202
488001,516202
488002,516202
488100,516202
488200,516202
488300,516202
488400,516202
488500,516202
488600,516202
488700,516202
488800,516202
488900,516202
489001,516202
489002,516202
489100,516202
489201,516202
489202,516202
489300,516202
489400,516202
489500,516202
489600,516202
489700,516202
489801,516202
489802,516202
489900,516202
490000,516202
490100,516202
490200,516202
490300,516202
490400,516202
490500,516202
490600,516202
490701,516001
490703,516001
490704,516001
490800,516001
490900,516001
491000,516001
491100,516001
491200,516001
491301,516001
491302,516001
491400,516001
491500,516001
491600,516002
491700,516001
491800,516002
491900,516002
492000,516002
492100,516002
492200,516002
492300,516002
492400,516002
492500,516002
492600,516002
492700,516002
492800,516002
492900,516002
493000,516002
493100,516002
493200,516002
493300,516002
493400,516002
493500,516002
493600,516002
493700,516002
493800,516001
493900,516002
494000,516002
494100,516002
494200,516002
494300,516003
494400,516003
494500,516003
494600,516003
494700,516003
494802,520201
494803,516003
494804,516003
494805,516003
494806,516003
494807,516003
494901,516003
494902,516003
495000,516003
495100,516003
495200,516003
495300,516003
495400,516003
495500,516003
495600,516003
495700,516003
495800,516003
495900,516003
496000,516003
496101,516003
496102,516003
496201,516003
496202,516003
496203,516003
496300,516003
496400,516400
496500,516400
496600,516400
496700,516400
496800,516400
496900,516400
497000,516400
497100,516400
497200,516400
497300,516400
497400,516400
497500,516400
497600,516400
497700,516400
497800,516400
497900,516400
498000,516400
498100,516400
498201,516400
498202,516400
498300,516400
498400,516400
498500,516400
498600,516400
498700,516400
498801,516400
498802,516400
498900,516400
499000,516400
499100,516400
499200,516400
499301,516400
499302,516400
499400,516400
499501,516400
499502,516400
499600,516400
499700,516400
499801,516400
499802,516400
499803,516400
499804,516400
499900,516400
500000,516400
500100,516400
500200,516400
500300,516400
500400,516400
500500,516400
500600,516500
500700,516500
500800,516500
500900,516500
501000,516500
501101,516500
501102,516500
501103,516500
501104,516500
501105,516500
501200,516500
501301,516500
501302,516500
501400,516500
501500,516500
501600,516500
501700,516500
501800,516500
501901,516500
501902,516400
501903,516500
502000,516500
502100,516500
502201,516500
502202,516500
502300,516500
502400,516500
502500,516500
502601,516500
502602,516500
502700,516500
502800,516500
502900,516500
503000,516500
503100,516500
503200,516500
503300,516500
503401,516500
503402,516500
503403,516500
503500,516500
503600,516500
503700,516500
503800,516500
503900,516601
504000,516601
504100,516601
504200,516601
504300,516601
504400,516602
504500,516602
504601,516602
504602,516602
504701,516602
504702,516602
504800,516602
504900,516601
505000,516601
505101,516601
505102,516601
505200,516601
505301,516601
505302,516601
505400,516601
505500,516601
505600,516601
505700,516601
505801,516601
505802,516601
505803,516601
505900,516601
506000,516601
506100,516601
506200,516601
506300,516601
506400,516601
506500,516602
506600,516601
506700,516602
506800,516602
506900,516602
507000,516602
507101,516602
507102,516602
507200,516602
507301,516602
507302,516602
507400,516602
507500,516602
507600,516602
507701,516602
507702,516602
507800,516602
507900,516602
508000,516602
508100,516602
508200,516602
508300,516602
508400,516700
508500,516700
508600,516700
508700,516700
508800,516700
508900,516700
509000,516700
509100,516700
509200,516700
509300,516700
509400,516700
509500,516700
509600,516700
509700,516700
509800,516700
509900,516700
510000,516700
510100,516700
510200,516700
510300,516700
510400,516700
510500,516700
510600,516700
510701,516700
510702,516700
510801,516700
510802,516700
510803,516700
510804,516700
510901,516700
510902,516700
510903,516700
510904,516700
510905,516700
511001,516700
511002,516700
511003,516700
511004,516700
511100,516700
511200,516700
511300,516700
511400,516700
511500,516700
511600,516700
511700,516700
511800,516700
511900,516700
512000,516800
512100,516800
512200,516800
512300,516800
512400,516800
512500,516800
512600,516800
512700,516800
512800,516800
512900,516800
513000,516800
513100,516800
513200,516800
513300,516800
513400,516800
513500,516800
513600,516800
513700,516800
513800,516800
513900,516800
514000,516800
514100,516800
514200,516800
514301,516800
514302,516800
514400,516800
514500,516800
514600,516800
514700,516800
514800,516800
514900,516800
515001,520801
515002,520801
515003,520801
515004,520801
515005,520801
515102,520801
515103,520801
515104,520801
515105,520801
515201,520801
515202,520801
515203,520801
515303,520801
515304,520801
515305,520801
515306,520801
515307,520801
515308,520801
515309,520801
515310,520801
515311,520801
515312,520801
515313,520801
515314,520801
515315,520801
515316,520801
515401,520801
515402,520801
515403,520801
515501,520801
515502,520801
515503,520801
515603,520801
515604,520801
515605,520801
515606,520801
515607,520801
515608,520801
515609,520801
515610,520801
515611,520801
515612,520801
515613,520801
515614,520801
515615,520801
515616,520801
515703,520801
515704,520801
515705,520801
515707,520801
515708,520801
515709,520801
515710,520801
515711,520801
515712,520801
515713,520801
515714,520801
515715,520801
515716,520801
515717,520801
515801,520801
515901,520801
515902,520801
516010,520801
516011,520801
516012,520801
516013,520801
516100,520801
516201,520801
516202,520801
516301,520801
516302,520801
516401,520801
516403,520801
516404,520801
516405,520801
516406,520801
516407,520801
516503,520801
516505,520801
516507,520801
516508,520801
516509,520801
516510,520801
516511,520801
516601,520801
516602,520801
516603,520801
516701,520801
516702,520801
516703,520801
516704,520801
516705,520801
516800,520900
516900,520900
517000,520900
517101,520900
517102,520900
517200,520900
517300,520900
517400,520900
517500,520900
517600,520900
517700,517903
517800,517903
517900,517903
518000,517903
518100,517903
518200,517903
518300,517903
518400,517902
518500,517902
518600,517902
518700,517902
518800,517902
518900,517902
519000,517902
519100,517902
519200,517902
519300,517902
519400,517902
519500,517902
519600,517902
519701,517902
519702,517902
519800,517902
519900,517902
520000,517903
520101,517903
520102,517903
520200,517903
520300,517903
520400,517903
520500,517903
520600,517903
520700,517902
520800,517902
520900,517902
521001,517902
521002,517902
521100,517902
521200,517903
521300,517903
521400,517903
521500,517903
521600,517903
521700,517903
521800,517903
521900,517903
522000,517903
522100,517903
522200,517903
522300,517903
522401,517903
522402,517903
522500,517903
522600,517903
522701,517903
522702,517903
522703,517903
522800,517903
522900,517901
523000,517901
523100,517901
523200,517901
523300,517901
523400,517901
523500,517901
523600,517901
523700,517901
523800,517901
523900,517901
524000,517901
524100,517901
524200,517901
524300,517901
524400,517901
524500,517901
524600,517901
524700,517901
524800,517901
524900,517800
525000,517800
525100,517800
525200,517800
525300,517800
525400,517800
525500,517800
525600,517800
525700,517800
525800,517800
525900,517800
526000,517800
526100,517800
526200,517800
526300,517800
526400,517800
526500,517800
526600,517800
526700,517800
526801,517800
526802,517800
526900,517800
527000,517800
527100,517800
527200,517800
527300,517800
527400,517800
527500,517800
527600,517800
527700,517800
527800,517800
527900,517800
528000,517800
528100,517800
528201,517800
528202,517800
528300,517800
528400,517800
528500,517800
528601,517800
528602,517800
528700,517800
528800,517800
528900,517800
529000,517500
529100,517500
529200,517500
529300,517500
529400,517500
529500,517500
529600,517500
529700,517500
529800,517500
529900,517500
530000,517500
530100,517500
530200,517500
530300,517500
530400,517500
530500,517500
530600,517500
530700,517500
530800,517500
530900,517500
531000,517500
531100,517500
531200,517500
531300,517500
531400,517500
531500,517500
531600,517500
531700,517500
531800,517500
531900,517500
532000,517500
532101,517500
532102,517500
532103,517500
532200,517500
532300,517500
532400,517500
532501,517500
532502,517500
532503,517500
532600,517500
532700,517500
532800,517500
532900,517500
533000,517600
533100,517600
533200,517600
533300,517600
533400,517600
533502,517600
533503,517600
533504,517600
533505,517600
533506,517600
533507,517600
533601,517600
533602,517600
533700,517600
533800,517600
533900,517600
534001,517600
534002,517600
534100,517600
534200,517600
534300,517600
534400,517600
534500,517600
534602,517600
534603,517600
534604,517600
534700,517600
534800,517600
534900,517600
535000,517600
535100,517600
535201,517600
535202,517600
535203,517600
535204,517600
535205,517600
535206,517600
535207,517600
535300,517600
535400,517600
535500,517600
535600,517701
535700,517701
535800,517701
535900,517701
536000,517701
536100,517701
536200,517701
536300,517701
536400,517701
536500,517701
536601,517701
536602,517701
536700,517701
536800,517701
536900,517701
537000,517701
537100,517701
537200,517701
537300,517701
537400,517701
537500,517701
537601,517703
537602,517703
537603,517703
537604,517703
537605,517703
537701,517703
537702,517703
537703,517703
537704,517703
537800,517703
537900,517703
538001,517703
538002,517703
538003,517703
538004,517703
538005,517703
538100,517703
538200,517703
538300,517703
538400,517703
538500,517703
538600,517703
538700,517703
538801,517703
538802,517703
538900,517703
539000,517703
539100,517703
539200,517703
539300,517703
539400,517703
539500,517703
539600,517703
539700,517703
539800,517703
539901,517703
539902,517703
540001,517702
540002,517702
540100,517702
540201,517702
540202,517702
540300,517702
540400,517702
540500,517702
540600,517702
540700,517702
540800,517702
540900,517702
541000,517702
541100,517702
541200,517702
541300,517702
541400,517702
541500,517702
541600,517702
541701,517702
541702,517702
541800,517702
541900,517702
542000,517702
542100,517702
542200,517702
542300,517702
542400,517702
542501,518101
542502,518101
542600,518101
542700,518101
542800,518101
542900,518101
543000,518101
543100,518101
543200,518101
543300,518102
543400,518102
543500,518101
543600,518101
543700,518101
543800,518101
543900,518101
544000,518101
544100,518101
544200,518101
544301,515600
544302,518101
544400,518101
544500,518101
544600,518101
544700,518101
544800,518101
544900,518101
545000,518101
545100,518102
545200,518102
545300,518102
545400,518102
545500,518102
545600,518102
545700,518102
545800,518102
545900,518102
546000,518102
546100,518102
546200,518101
546300,518102
546400,518102
546500,518102
546600,518102
546700,518102
546800,518102
546900,518102
547001,518102
547002,518102
547100,518102
547200,518102
547300,518201
547401,518201
547402,518201
547403,518201
547501,518201
547502,518201
547600,518201
547700,518201
547800,518201
547900,518201
548000,518201
548101,518201
548102,518201
548103,518201
548104,518201
548200,518201
548300,518201
548400,518201
548500,518201
548600,518201
548701,518201
548702,518201
548800,518201
548901,518201
548902,518201
549000,518201
549100,518201
549200,518201
549300,518201
549400,518201
549501,518201
549502,518201
549600,518201
549700,518201
549801,518202
549802,518202
549900,518202
550000,518202
550100,518202
550200,518202
550300,518202
550400,518202
550500,518202
550600,518202
550700,518202
550800,518202
550900,518202
551000,518202
551100,518202
551200,518202
551300,518202
551401,518202
551402,518202
551500,518202
551600,518202
551700,518202
551800,518201
551900,518201
552000,518201
552100,518201
552200,518201
552300,518201
552400,518201
552500,518201
552600,518201
552700,518201
552800,518201
552900,518201
553000,518201
553100,518201
553200,518201
553300,518201
553400,518201
553500,518301
553600,518301
553700,518301
553800,518301
553900,518301
554000,518301
554100,518301
554201,518301
554202,518301
554300,518302
554400,518302
554500,518302
554600,518302
554700,518302
554800,518302
554900,518302
555000,518302
555100,518301
555200,518301
555300,518301
555400,518301
555500,518301
555600,518301
555700,518301
555800,518301
555900,518301
556000,518301
556100,518301
556200,518301
556300,518301
556400,518301
556500,518301
556600,518301
556700,518301
556800,518301
556900,518301
557000,518301
557100,518301
557200,518301
557300,518301
557401,518302
557402,518302
557500,518302
557600,518302
557700,518301
557800,518301
557900,518302
558000,518302
558100,518302
558200,518302
558300,518302
558401,518302
558402,518302
558500,518302
558600,518302
558701,518302
558702,518302
558800,518302
558900,518302
559001,518302
559002,518302
559100,518302
559200,518302
559301,518302
559302,518302
559303,518302
559401,518302
559402,518302
559403,518302
559404,518302
559500,518302
559600,518302
559701,518302
559702,518302
559703,518302
559704,518302
559800,518500
559900,518500
560000,518500
560100,518500
560200,518500
560300,518500
560400,518500
560500,518500
560600,518500
560700,518500
560800,518500
560900,518500
561000,518500
561100,518500
561200,518500
561300,518500
561400,518500
561500,518500
561600,518500
561700,518500
561800,518500
561900,518500
562000,518500
562100,518500
562200,518500
562300,518500
562400,518500
562500,518500
562600,518500
562700,518500
562800,518500
562900,518500
563000,518500
563100,518500
563200,518500
563300,518500
563400,518500
563500,518500
563600,518500
563700,518500
563800,518500
563901,518600
563902,518600
564000,518600
564100,518600
564200,518600
564300,518600
564401,518600
564402,518600
564403,518600
564404,518600
564405,518600
564501,518600
564502,518600
564600,518600
564700,518600
564800,518600
564900,518600
565000,518600
565100,518600
565201,518600
565202,518600
565300,518600
565400,518600
565500,518600
565600,518600
565700,518600
565800,518600
565900,518600
566000,518600
566100,518600
566200,518600
566300,518600
566400,518600
566500,518600
566600,518600
566700,518600
566800,518600
566900,518600
567000,518600
567100,518600
567200,518600
567300,518600
567401,518702
567402,518702
567500,518702
567600,518702
567700,518702
567800,518702
567900,518702
568000,518702
568100,518702
568200,518701
568300,518701
568400,518701
568500,518701
568600,518701
568700,518701
568800,518701
568900,518701
569000,518701
569100,518701
569200,518701
569300,518701
569400,518701
569501,518701
569502,518701
569503,518701
569504,518701
569600,518701
569700,518701
569800,518701
569900,518702
570000,518702
570100,518702
570200,518702
570300,518702
570400,518702
570500,518702
570600,518702
570701,518702
570702,518702
570801,518702
570802,518702
570900,518702
571001,518702
571002,518702
571003,518702
571004,518702
571100,518702
571201,518702
571202,518702
571301,518702
571302,518702
571400,518702
571500,518702
571600,518702
571700,518702
571800,518702
571900,518702
572001,518701
572002,518701
572100,518701
572200,518701
572300,518701
572400,518701
572500,518701
572600,518701
572701,518701
572702,518701
572801,518701
572802,518701
572900,518701
573000,518701
573100,518701
573200,518701
573300,518701
573400,518701
573500,518701
573600,518701
573700,518701
573800,518701
573900,518701
574000,518701
574100,518701
574200,518701
574300,518701
574400,518701
574500,518701
574600,518701
574700,518801
574800,518801
574900,518801
575000,518801
575100,518801
575200,518801
575300,518801
575400,518801
575500,518801
575600,518801
575700,518801
575800,518801
575900,518801
576000,518801
576100,518801
576200,518801
576300,518801
576400,518801
576500,518801
576600,518801
576700,518801
576800,518801
576900,518801
577000,518801
577100,518801
577200,518801
577300,518802
577400,518802
577500,518802
577600,518802
577700,518802
577800,518802
577900,518802
578000,518802
578100,518802
578200,518802
578300,518802
578400,518801
578500,518801
578600,518801
578701,518801
578702,518801
578800,518801
578900,518801
579000,518802
579100,518802
579200,518802
579300,518802
579400,518802
579500,518802
579600,518802
579700,518802
579800,518802
579900,518802
580000,518803
580100,518803
580200,518803
580300,518803
580400,518803
580500,518803
580600,518803
580700,518803
580800,518803
580900,518803
581000,518803
581100,518803
581200,518803
581300,518803
581400,518803
581500,518803
581600,518803
581700,518803
581800,518803
581900,518803
582000,518803
582100,518803
582200,518803
582301,518803
582302,518803
582400,518803
582500,518803
582600,518803
582700,518803
582800,518803
582900,518803
583000,518803
583100,518803
583200,518803
583300,518803
583400,518803
583500,518803
583600,518803
583702,518901
583703,518901
583704,518901
583800,518901
583900,518901
584001,518901
584002,518901
584003,518901
584100,518901
584200,518901
584300,518901
584401,518901
584402,518901
584501,518901
584502,518901
584600,518901
584701,518901
584702,518901
584800,518901
584900,518901
585000,518901
585101,518901
585102,518901
585200,518901
585300,518901
585401,518901
585402,518901
585500,518901
585600,518901
585700,518901
585800,518901
585900,518901
586000,518901
586100,518901
586200,518901
586300,518901
586400,518901
586500,518901
586600,518901
586700,518902
586800,518902
586901,518902
586902,518902
587000,518901
587100,518902
587200,518902
587300,518902
587400,518902
587500,518902
587600,518902
587700,518902
587801,518902
587802,518902
587900,518902
588001,518902
588003,518902
588004,518902
588100,518902
588200,518902
588301,518902
588302,518902
588401,518902
588402,518902
588500,519001
588600,519001
588700,519001
588800,519001
588901,519001
588902,519001
589001,519001
589002,519001
589101,519001
589102,519001
589201,519001
589202,519001
589204,519001
589205,519001
589206,519001
589300,519001
589400,519002
589501,519002
589502,519002
589600,519002
589700,519002
589801,519002
589802,519002
589900,519002
590001,519002
590002,519002
590003,519002
590100,519002
590200,519002
590300,519002
590400,519002
590500,519002
590601,519002
590602,519002
590701,519002
590702,519002
590800,519002
590900,519002
591000,519002
591100,519002
591200,519002
591301,519002
591302,519002
591401,519002
591402,519002
591403,519002
591404,519002
591501,519001
591502,519001
591600,519001
591701,519001
591702,519001
591703,519001
591704,519001
591800,519001
591900,519001
592000,519001
592101,519002
592102,519002
592200,519002
592300,519002
592400,519720
592500,519720
592600,519720
592700,519720
592800,519720
592900,519720
593000,519720
593100,519720
593200,519720
593300,519720
593400,519720
593500,519710
593600,519720
593700,519720
593800,519720
593900,519720
594000,519720
594100,519720
594200,519720
594300,519720
594400,519720
594500,519710
594601,519710
594602,519710
594603,519710
594604,519710
594701,519710
594702,519710
594703,519710
594704,519710
594800,519710
594901,519710
594902,519710
595000,519710
595100,519710
595200,519710
595301,519710
595302,519710
595303,519710
595304,519710
595305,519710
595306,519710
595400,519710
595500,519710
595600,519710
595700,519710
595800,519710
595900,519720
596000,519720
596100,519710
596200,519710
596300,519710
596401,519710
596402,519710
596501,519710
596502,519710
596600,519710
596700,519810
596800,519810
596900,519810
597000,519810
597100,519810
597200,519810
597300,519810
597400,519810
597500,519810
597600,519810
597700,519810
597800,519810
597900,519810
598001,519810
598002,519810
598100,519810
598200,519810
598300,519810
598400,519810
598500,519810
598600,519810
598700,519810
598800,519810
598900,519810
599000,519810
599100,519820
599200,519820
599300,519820
599400,519820
599500,519820
599600,519820
599700,519820
599800,519820
599900,519820
600000,519820
600100,519820
600200,519820
600300,519820
600400,519820
600500,519820
600600,519820
600700,519820
600800,519820
600900,519820
601000,519820
601100,519820
601200,519820
601300,519820
601400,519810
601500,519810
601600,519810
601700,519820
601800,519820
601901,519820
601902,519820
601903,519820
601904,519820
601905,519820
602000,519820
602100,519820
602200,519810
602300,519820
602401,519820
602402,519820
602501,519810
602503,519820
602504,519820
602600,519900
602700,519900
602800,519900
602900,519900
603000,519900
603100,519900
603201,519900
603202,519900
603300,519900
603400,519900
603500,519900
603600,519900
603700,519900
603800,519900
603900,519900
604000,519900
604100,519900
604200,519900
604300,519900
604400,519900
604500,519900
604600,519900
604700,519900
604800,519900
604900,519900
605000,519900
605100,519900
605200,519900
605300,519900
605400,519900
605500,520000
605601,520000
605602,520000
605603,520000
605604,520000
605700,520000
605800,520000
605900,520000
606000,520000
606100,520000
606201,520000
606202,520000
606203,520000
606300,520000
606400,520000
606500,520000
606600,520000
606700,520000
606800,520000
606900,520000
607000,520000
607100,520000
607200,520000
607301,520000
607302,520000
607400,520000
607500,520000
607601,520000
607602,520000
607700,520000
607800,520000
607900,520000
608000,520000
608100,520000
608200,520000
608400,520201
608500,520201
608601,520201
608602,520201
608700,520201
608800,520201
608900,520201
609001,520201
609002,520201
609100,520201
609200,520201
609300,520201
609400,520201
609500,520201
609600,520201
609700,520201
609801,520201
609802,520201
609803,520201
609804,520201
609901,520201
609902,520201
610000,520201
610101,520201
610102,520201
610103,520201
610104,520201
610200,520201
610300,520201
610401,520201
610402,520201
610403,520201
610404,520201
610405,520201
610500,520201
610601,520201
610602,520201
610603,520201
610700,520202
610800,520202
610900,520201
611000,520201
611100,520201
611200,520201
611300,520201
611400,520201
611500,520202
611600,520202
611700,520202
611800,520202
611900,520202
612000,520202
612100,520202
612200,520202
612300,520202
612400,520202
612501,520202
612502,520202
612600,520202
612700,520202
612800,520202
612901,520201
612902,520201
612903,520201
613000,520201
613100,520201
613200,520202
613300,520202
613400,520202
613500,520201
613600,519200
613700,519200
613800,519200
613900,519200
614000,519200
614100,519200
614200,519200
614301,519200
614302,519200
614400,519200
614501,519200
614502,519200
614600,519200
614701,519200
614702,519200
614703,519200
614801,519200
614802,519200
614803,519200
614900,519200
615000,519200
615101,519200
615102,519200
615103,519200
615200,519200
615300,519200
615400,519200
615500,519200
615600,519200
615700,519200
615800,519200
615900,519200
616000,519200
616100,519200
616200,519200
616300,519200
616401,519200
616402,519200
616500,519200
616600,519400
616700,519400
616800,519400
616900,519400
617000,519400
617100,519400
617201,519400
617202,519400
617203,519400
617204,519400
617301,519400
617302,519400
617303,519400
617304,519400
617400,519400
617500,519400
617600,519400
617700,519400
617800,519400
617900,519400
618000,519400
618100,519400
618200,519400
618300,519400
618400,519400
618500,519400
618600,519400
618700,519400
618801,519400
618802,519400
618803,519400
618900,519400
619000,519400
619100,519400
619200,519400
619300,519400
619400,519400
619500,519400
619600,519400
619700,519400
619800,519400
619900,519400
620000,519400
620100,519400
620200,519400
620300,519400
620400,519500
620500,519500
620600,519500
620701,519500
620702,519500
620800,519500
620900,519500
621000,519500
621100,519500
621200,519500
621300,519500
621400,519500
621500,519500
621600,519500
621700,519500
621800,519500
621900,519500
622000,519500
622100,519500
622200,519500
622300,519500
622400,519500
622500,519500
622600,519500
622700,519500
622800,519500
622900,519300
623000,519300
623100,519300
623200,519300
623300,519300
623400,519300
623500,519300
623600,519300
623700,519300
623800,519300
623901,519300
623902,519300
624000,519300
624100,519300
624200,519300
624301,519300
624302,519300
624400,519300
624500,519300
624600,519300
624700,519300
624800,519300
624900,519300
625000,520302
625101,520302
625102,520302
625103,520302
625104,520302
625200,520302
625301,520302
625302,520302
625303,520302
625400,520302
625500,520302
625600,520302
625701,520302
625702,520302
625703,520302
625704,520302
625800,520302
625900,520302
626000,520302
626101,520302
626102,520302
626103,520302
626104,520302
626201,520302
626202,520302
626203,520302
626204,520302
626302,517202
626303,517202
626304,517202
626401,517202
626402,520301
626403,520301
626404,520301
626500,520302
626600,520301
626700,520303
626801,520303
626802,520303
626901,520303
626902,520303
627000,520303
627101,520303
627102,520303
627203,520303
627204,520303
627205,520303
627206,520303
627207,520303
627300,520303
627400,520303
627500,520303
627600,520303
627700,520303
627800,520301
627900,520301
628001,520301
628002,520301
628100,520301
628201,520301
628202,520301
628203,520301
628204,520301
628205,520301
628300,520301
628400,520602
628500,520602
628601,520602
628602,520602
628603,520602
628700,520602
628800,520602
628900,520602
629100,520602
629201,520602
629202,520602
629203,520602
629204,520602
629301,520602
629302,520602
629303,520602
629400,520602
629500,520602
629600,520602
629700,520602
629800,520601
629900,520601
630001,520602
630002,520602
630003,520602
630004,520602
630005,520602
630006,520602
630100,520602
630200,520601
630300,520601
630400,520601
630500,520601
630600,520601
630700,520601
630800,520601
630900,520601
631000,520601
631101,520601
631102,520601
631200,520601
631300,520601
631400,520601
631500,520601
631600,520601
631700,520601
631800,520601
631900,520601
632000,520601
632100,520601
632200,520601
632300,520601
632400,520601
632500,520601
632600,520601
632701,520601
632702,520601
632800,520601
632900,520601
633000,520601
633100,520601
633200,520601
633300,520601
633400,520601
633500,520601
633600,520601
633700,520601
633800,520601
633900,520601
634000,520601
634100,520601
634200,520601
634400,520500
634500,520500
634600,520500
634700,520500
634800,520500
634900,520500
635001,520500
635002,520500
635100,520500
635200,520500
635300,520500
635400,520500
635500,520500
635601,520500
635602,520500
635700,520500
635800,520500
635901,520500
635902,520500
636000,520500
636100,520500
636200,520500
636300,520500
636400,520500
636500,520500
636600,520500
636700,520500
636800,520500
636900,520500
637000,520500
637100,520500
637200,520500
637300,520500
637400,520500
637500,520500
637601,520500
637602,520500
637701,520500
637702,520500
637801,520500
637802,520500
637900,520500
638001,520500
638002,520500
638100,520500
638200,520500
638300,520500
638400,520500
638500,520500
638600,520500
638700,520500
638801,520500
638802,520500
638803,520500
638903,520500
638904,520500
638905,520500
638906,520500
638907,520500
638908,520500
639000,520500
639100,520500
639201,520500
639202,520500
639300,520500
639400,520500
639500,520500
639601,520500
639602,520500
639700,520500
639800,520500
639900,520402
640001,520402
640002,520402
640101,520402
640102,520402
640200,520402
640300,520402
640400,520402
640500,520402
640600,520402
640700,520402
640800,520402
640901,520402
640902,520402
641001,520402
641002,520402
641100,520402
641200,520402
641300,520402
641401,520402
641402,520402
641501,520402
641502,520402
641503,520402
641600,520402
641700,520402
641800,520402
641900,520402
642000,520402
642100,520402
642200,520402
642300,520402
642400,520402
642500,520402
642600,520401
642700,520401
642801,520401
642802,520401
642900,520401
643000,520401
643100,520401
643200,520401
643300,520401
643401,520401
643402,520401
643500,520401
643600,520401
643700,520401
643801,520401
643802,520401
643900,520401
644000,520401
644101,520401
644102,520401
644103,520401
644104,520401
644200,520401
644300,520401
644400,520401
644501,520401
644502,520401
644503,520401
644504,520401
644600,521601
644700,521601
644800,522712
644900,521601
645000,521601
645100,521601
645200,521601
645300,521601
645400,521601
645500,521601
645600,521601
645700,521601
645800,521601
645900,521601
646000,521601
646100,521601
646200,521601
646300,521601
646401,521601
646402,521601
646500,521601
646600,521602
646700,521602
646800,521602
646900,521602
647000,521602
647100,521602
647200,521602
647300,521602
647400,521602
647500,521602
647601,522722
647603,523101
647604,523101
647605,523101
647701,521602
647702,521602
647703,521602
647704,521602
647800,521602
647900,522722
648000,523101
648100,521602
648200,521602
648300,521602
648400,521602
648500,521602
648600,521602
648701,521602
648702,521602
648800,521602
648900,521602
649001,521602
649002,521602
649100,521602
649200,521602
649300,521602
649400,521602
649500,521602
649600,521602
649700,521602
649800,521602
649900,521602
650000,521602
650100,521602
650200,521602
650300,521602
650401,521501
650402,521501
650500,521501
650600,521501
650700,521501
650800,521501
650900,521501
651000,521501
651100,521501
651201,521501
651202,521501
651203,521501
651300,521501
651400,521501
651500,521501
651600,521501
651700,521501
651800,521501
651900,521501
652000,521501
652100,521501
652200,521501
652300,521502
652400,521502
652500,521501
652600,521502
652700,521501
652801,521502
652802,521502
652900,521502
653001,521502
653002,521502
653100,521502
653200,521502
653300,521502
653400,521502
653501,521502
653502,521502
653503,521502
653601,521502
653602,521502
653603,521502
653701,521502
653702,523102
653800,521502
653900,521502
654000,521502
654100,521502
654200,521502
654300,521502
654400,521502
654500,521502
654600,521502
654700,521502
654800,521502
654903,521502
654904,521502
654905,521502
654906,521502
654907,521502
655001,521502
655002,521502
655101,521502
655102,521502
655103,521502
655200,521502
655301,521502
655302,521502
655400,521502
655500,521502
655600,521502
655701,524301
655702,524303
655800,524303
655900,524303
656000,524303
656101,524303
656102,524303
656200,524303
656301,524301
656302,524301
656401,524301
656402,524301
656500,524301
656600,524301
656700,524301
656800,524301
656900,524301
657000,524301
657100,524303
657200,524303
657300,524303
657400,524303
657500,524303
657601,524303
657602,524303
657700,522100
657800,522100
657900,522100
658000,522100
658100,524303
658201,522100
658202,522100
658300,522100
658401,522100
658402,522100
658500,522100
658600,522100
658700,524303
658800,524303
658900,522100
659000,522100
659100,522100
659200,522100
659300,522100
659400,522100
659500,522100
659600,522100
659701,522100
659702,522100
659800,522100
659900,522100
660000,522100
660100,522100
660200,522100
660300,522100
660400,522100
660500,522201
660600,522201
660700,522201
660800,522201
660900,522201
661000,522201
661100,522201
661200,522201
661300,522201
661400,522201
661500,522201
661600,522201
661700,522201
661800,522201
661900,522201
662000,522201
662100,522201
662200,522201
662300,522201
662400,522201
662500,522201
662601,522201
662602,522201
662700,522201
662800,522201
662900,522201
663000,522201
663100,522201
663200,522201
663300,522202
663400,522202
663500,522202
663600,522202
663700,522202
663800,522202
663900,522202
664000,522202
664100,522202
664200,522202
664300,522202
664400,522202
664500,522202
664600,522202
664700,522202
664800,522202
664900,522202
665000,522202
665101,522202
665102,522202
665200,522202
665300,522202
665400,522202
665500,522202
665601,522202
665602,522202
665700,522202
665800,522301
665900,522301
666000,522301
666100,522301
666200,522301
666301,522301
666302,522301
666400,522301
666500,522301
666600,522301
666700,522301
666800,522301
666900,522301
667000,522301
667100,522301
667200,522301
667300,522301
667400,522301
667500,522301
667601,522301
667602,522301
667700,522302
667801,522302
667802,522302
667900,522302
668000,522302
668100,522302
668200,522302
668300,522302
668400,522302
668500,522302
668600,522302
668700,522302
668801,522302
668802,522302
668901,522302
668902,522302
669000,522302
669100,522302
669200,522302
669300,522302
669401,522302
669402,522302
669500,522302
669601,522302
669602,522302
669700,522302
669800,522302
669900,522302
670000,522302
670100,522302
670200,522302
670300,522302
670400,522302
670500,522302
670600,522302
670700,522302
670801,522302
670802,522302
670901,522302
670902,522302
670903,522302
671000,524603
671100,522400
671200,522400
671300,522400
671400,522400
671501,522400
671502,522400
671503,522400
671600,522400
671700,524603
671801,522400
671802,522400
671803,522400
671804,522400
671900,522400
672001,522400
672002,522400
672003,522400
672004,522400
672101,522400
672103,522400
672104,522400
672105,522400
672200,522400
672300,522400
672400,522400
672500,522400
672600,522400
672700,522400
672801,522400
672802,522400
672900,522400
673000,522400
673100,522400
673201,522400
673202,522400
673203,522400
673301,522400
673302,522400
673303,522400
673401,524603
673402,524603
673500,524603
673600,524603
673700,524603
673800,524603
673900,524603
674000,524603
674100,524603
674200,524603
674300,524603
674400,524603
674500,524603
674600,524603
674700,524603
674800,524603
674900,524603
675000,524603
675100,522601
675200,522601
675300,522601
675400,522601
675500,522601
675600,522601
675700,522601
675801,522601
675802,522601
675803,522601
675804,522601
675901,522601
675902,522601
675903,522601
675904,522601
676000,522601
676101,522601
676102,522601
676103,522601
676104,522601
676200,522601
676301,522601
676302,522601
676402,522601
676403,522601
676404,522601
676500,522601
676602,522601
676603,522601
676604,522601
676605,522601
676700,522601
676800,522601
676900,522601
677000,522604
677100,522604
677200,522604
677300,522604
677400,522604
677501,522604
677502,522604
677503,522604
677504,522604
677505,522604
677600,522604
677700,522604
677800,522604
677901,522604
677902,522604
677904,522604
677905,522604
678001,522601
678003,522601
678004,522601
678100,522601
678200,522603
678300,522603
678400,522603
678501,522603
678502,522603
678601,522603
678602,522603
678700,522603
678801,522603
678802,522603
678803,522603
678900,522730
679000,522730
679100,522730
679200,522730
679301,522711
679304,522711
679306,522711
679307,522711
679308,522711
679309,522711
679310,522711
679311,522711
679400,522730
679500,522730
679600,522730
679700,522730
679801,522730
679802,522730
679804,522730
679805,522730
679806,522730
679807,522730
679808,522730
679809,522730
679810,522730
679811,522730
679812,522711
679813,522730
679814,522730
679900,522712
680001,522712
680002,522712
680100,522712
680200,522712
680300,522712
680401,522712
680402,522712
680403,522712
680404,522712
680501,522712
680502,522712
680503,522712
680601,522712
680602,522712
680705,522711
680706,522711
680708,522711
680709,522711
680711,522711
680712,522711
680713,522711
680714,522711
680715,522711
680716,522711
680717,522711
680718,522711
680719,522711
680720,522711
680721,522711
680722,522711
680723,522711
680724,522721
680725,522721
680726,522721
680727,522721
680728,522721
680801,522711
680804,522711
680805,522712
680806,522712
680807,522712
680808,522712
680809,522712
680810,522712
680900,522712
681000,522712
681101,522712
681103,522712
681104,522712
681105,522712
681203,522721
681207,522721
681208,522721
681209,522721
681210,522721
681211,522721
681212,522721
681213,522721
681214,522721
681215,522721
681216,522721
681217,522721
681218,522721
681219,522721
681220,522721
681303,522722
681304,522723
681308,522722
681309,522722
681310,522722
681311,522722
681312,522722
681317,522722
681318,522722
681319,522722
681320,522722
681321,522722
681323,523101
681324,522722
681325,522722
681326,522722
681327,522722
681328,522722
681329,522722
681330,522722
681331,522722
681332,522722
681333,522722
681334,522722
681335,522722
681336,522722
681337,522722
681338,522722
681400,522723
681500,522723
681600,522723
681700,522723
681800,522723
681900,522723
682000,522723
682100,522723
682200,522723
682301,522723
682302,522723
682400,522723
682500,522723
682600,522723
682700,522723
682800,522723
682900,522723
683000,522920
683100,522920
683200,522920
683300,522920
683400,522920
683500,522920
683600,522920
683700,522920
683800,522920
683900,522920
684000,522910
684100,522920
684200,522920
684300,522920
684400,522920
684500,522920
684601,522920
684602,522920
684701,522920
684702,522920
684800,522920
684900,522920
685000,522910
685100,522910
685200,522910
685300,522910
685400,522910
685500,522910
685600,522910
685700,522910
685800,522910
685900,522910
686000,522910
686100,522910
686200,522910
686300,522910
686400,522910
686501,522910
686502,522910
686600,522910
686700,522910
686800,522920
686900,522920
687001,522920
687002,522920
687003,522920
687004,522920
687005,522920
687101,522920
687102,522920
687200,522920
687300,522920
687401,522920
687402,522920
687500,522920
687600,522910
687700,522910
687801,522920
687802,522910
687900,523000
688000,523000
688101,523000
688102,523000
688200,523000
688300,523000
688400,523000
688500,523000
688600,523000
688700,523000
688800,523000
688900,523000
689000,523000
689100,523000
689200,523000
689300,523000
689400,523000
689500,523000
689600,523000
689700,523000
689800,523000
689900,523000
690000,523000
690100,523000
690200,523000
690300,523000
690400,523000
690500,523000
690600,523000
690700,523000
690800,523000
690900,523000
691000,523000
691101,522810
691102,522810
691103,522810
691104,522810
691201,522810
691202,522810
691203,522810
691300,522810
691400,522820
691500,522820
691600,522820
691700,522820
691800,522820
691900,522820
692000,522820
692100,522820
692201,522820
692202,522820
692301,522820
692302,522820
692400,522820
692500,522810
692600,522810
692700,522810
692801,522810
692802,522810
692803,522810
692804,522810
692805,522810
692900,522810
693001,522810
693002,522810
693003,522810
693004,522810
693100,522810
693200,522810
693300,522810
693400,522810
693500,522810
693600,522810
693700,522810
693801,522810
693802,522810
693803,522810
693900,522810
694000,522810
694100,522810
694200,522810
694300,522810
694400,522810
694501,522810
694502,522810
694503,522810
694600,522820
694700,522820
694800,522820
694900,522820
695001,522820
695002,522820
695101,522820
695102,522820
695200,522820
695300,522820
695400,522820
695500,522820
695600,522820
695700,523404
695800,523404
695900,523404
696000,523404
696101,523404
696102,522201
696200,522201
696301,522201
696302,522201
696400,523403
696500,523403
696600,523403
696701,523404
696702,523403
696801,523404
696804,522301
696805,522301
696806,522301
696807,522301
696808,522301
696809,522301
696900,523402
697000,523402
697100,523402
697200,523402
697300,523402
697400,523402
697500,523402
697600,523402
697700,523402
697800,523402
697900,523402
698000,523402
698100,523402
698200,523402
698300,523402
698400,523402
698500,523402
698600,523402
698700,523402
698800,523402
698900,523402
699000,523402
699100,523402
699200,523402
699300,523402
699400,523403
699500,523403
699600,523403
699700,523403
699800,523403
699900,523403
700000,523403
700100,523403
700200,523403
700300,523501
700400,523501
700500,523501
700601,523501
700602,523501
700700,523501
700800,523502
700900,523502
701000,523502
701100,523502
701201,523502
701202,523502
701300,523502
701400,523502
701500,523502
701600,523502
701700,523502
701800,523502
701900,523502
702000,523502
702100,523502
702201,523502
702202,523502
702300,523502
702401,523502
702402,523502
702500,523502
702600,523502
702700,523502
702800,523502
702900,523502
703000,523502
703100,523502
703200,523502
703300,523502
703400,523502
703500,523502
703600,523502
703700,523502
703800,523502
703900,523502
704000,523502
704100,523501
704200,523501
704300,523501
704400,523501
704501,523501
704502,523501
704600,523501
704700,523501
704800,523501
704900,523501
705000,523602
705100,523602
705200,523602
705300,523602
705400,523602
705500,523602
705600,523602
705700,523602
705800,523602
705900,523602
706000,523602
706100,523602
706201,523602
706202,523602
706300,523602
706400,523602
706500,523602
706600,523601
706700,523601
706800,523601
706900,523601
707000,523601
707100,523601
707200,523601
707300,523601
707400,523601
707500,523601
707600,523601
707700,523601
707800,523601
707900,523601
708000,523601
708100,523601
708200,523602
708300,523602
708400,523602
708500,523601
708600,523601
708700,523601
708800,523601
708900,523601
709000,523601
709100,523601
709200,523601
709300,523602
709400,523602
709500,523602
709600,523602
709700,523602
709800,523602
709900,523602
710000,523602
710100,523602
710200,523602
710300,523602
710400,523602
710510,523101
710511,523101
710512,523101
710515,523101
710516,523101
710517,523101
710518,523101
710519,523101
710520,523101
710521,523101
710522,523101
710523,523101
710524,523101
710525,523101
710526,523101
710527,523101
710528,523101
710529,523101
710530,523101
710531,523101
710532,523101
710533,523101
710534,523101
710601,523101
710602,523101
710700,523101
710801,523101
710803,523101
710804,523101
710902,523101
710903,523101
710904,523101
710905,523101
711005,523102
711007,523102
711008,523102
711009,523102
711010,523102
711014,523102
711015,523102
711018,523102
711019,523102
711020,523102
711021,523102
711022,523102
711023,523102
711024,523102
711025,523102
711026,523102
711027,523102
711028,523102
711029,523102
711030,523102
711031,523102
711032,523102
711033,523102
711034,523102
711035,523102
711114,523106
711117,523106
711122,523105
711129,523106
711131,523106
711133,523106
711137,523110
711138,523110
711139,523105
711141,523106
711144,523105
711145,523105
711147,523105
711148,523105
711149,523105
711151,523106
711152,523106
711153,523106
711154,523106
711155,523106
711156,523106
711157,523106
711158,523106
711159,523106
711160,523106
711161,523106
711162,523106
711163,523106
711164,523106
711165,523106
711166,523106
711167,523106
711168,523110
711169,523110
711170,523110
711171,523110
711172,523106
711173,523106
711174,523106
711175,523106
711176,523105
711177,523105
711178,523105
711179,523105
711180,523105
711181,523105
711182,523105
711183,523105
711184,523105
711185,523105
711186,523106
711187,523106
711188,523106
711189,523106
711190,523106
711191,523105
711192,523105
711193,523105
711194,523105
711195,523106
711196,523106
711197,523106
711200,523112
711301,523112
711302,523112
711402,523107
711403,523107
711404,523112
711405,523112
711406,523107
711408,523107
711410,523107
711411,523107
711412,523107
711413,523107
711414,523107
711500,523112
711600,523112
711701,523112
711702,523107
711703,523113
711704,523113
711705,523113
711706,523113
711709,523109
711715,523109
711716,523113
711717,523113
711718,523113
711719,523113
711720,523113
711721,523113
711722,523113
711723,523113
711724,523113
711725,523113
711727,523113
711728,523113
711729,523113
711730,523113
711731,523109
711732,523109
711733,523109
711734,523109
711735,523109
711736,523109
711737,523109
711738,523109
711739,523109
711740,523109
711741,523113
711742,523113
711743,523113
711801,523113
711804,523114
711805,523114
711806,523114
711807,523114
711808,523114
711809,523113
711810,523113
711811,523113
711812,523113
711813,523113
711814,523113
711815,523113
711816,523113
711817,523113
711818,523113
711819,523113
711901,523113
711902,523113
711904,523115
711905,523115
711906,523115
711907,523115
711908,523115
711909,523115
711910,523115
711911,523115
711912,523115
712001,523109
712002,523109
712005,523110
712006,523110
712007,523110
712008,523109
712009,523109
712010,523109
712011,523109
712012,523109
712013,523109
712014,523109
712015,523109
712016,523109
712017,523109
712019,523110
712020,523110
712021,523114
712022,523114
712025,523114
712026,523114
712027,523114
712028,523114
712029,523114
712030,523114
712031,523114
712032,523114
712033,523114
712034,523114
712035,523114
712036,523114
712037,523114
712038,523114
712039,523114
712101,523114
712102,523114
712104,523114
712105,523114
712106,523115
712107,523115
712108,523115
712110,523115
712111,523115
712112,523115
712113,523115
712114,523115
712118,523115
712119,523115
712120,523115
712121,523115
712122,523115
712123,523115
712124,523115
712125,523115
712126,523115
712127,523115
712128,523115
712129,523115
712130,523115
712131,523115
712132,523115
712133,523115
712134,523114
712135,523114
712136,523114
712201,523114
712203,523115
712204,523114
712205,523116
712206,523116
712207,523116
712208,523116
712209,523116
712210,523116
712211,523116
712212,523116
712213,523116
712214,523116
712215,523116
712216,523116
712217,523116
712218,523116
712219,523116
712220,523116
712221,523116
712222,523116
712223,523116
712224,523116
712225,523116
712226,523116
712227,523202
712228,523116
712229,523116
712230,523116
712231,523116
712232,523116
712302,523713
712303,523711
712304,523711
712305,523711
712401,523713
712402,523713
712403,523713
712404,523713
712405,523713
712500,523713
712600,523713
712701,523713
712702,523818
712801,523711
712802,523711
712803,523712
712804,523712
712805,523712
712806,523712
712807,523712
712808,523712
712809,523712
712902,523711
712903,523711
712904,523711
712905,523711
713003,523711
713005,523711
713006,523711
713007,523711
713009,523712
713010,523712
713011,523712
713012,523712
713013,523712
713014,523712
713015,523712
713016,523712
713017,523711
713018,523711
713019,523711
713100,523713
713201,523712
713202,523712
713203,523712
713204,523712
713205,523712
713206,523712
713207,523712
713208,523712
713209,523712
713210,523712
713211,523712
713300,523712
713400,523713
713501,523713
713502,523818
713600,523711
713700,523711
713800,523711
713900,523711
714000,523711
714100,523711
714200,523711
714300,523711
714400,523711
714500,523711
714600,523711
714700,523711
714802,523711
714803,523711
714804,523711
714805,523711
714806,523711
714900,523711
715000,523711
715100,523721
715200,523721
715300,523721
715400,523721
715504,523721
715505,523721
715506,523721
715507,523721
715509,523721
715510,523721
715511,523721
715512,523721
715513,523721
715514,523721
715605,523721
715606,523721
715607,523721
715608,523721
715609,523721
715610,523721
715611,523721
715612,523721
715613,523721
715614,523721
715615,523721
715616,523721
715617,523721
715618,523721
715619,523721
715620,523721
715701,523722
715703,523722
715704,523722
715801,523722
715802,523722
715803,523722
715804,523722
715805,523722
715904,523722
715906,523722
715907,523722
715909,523722
715910,523722
715911,523722
715912,523722
715913,523722
715914,523722
715915,523722
715916,523722
715917,523722
716007,523722
716008,523722
716009,523722
716010,523722
716011,523722
716012,523722
716013,523722
716014,523722
716015,523722
716016,523722
716017,523722
716018,523722
716019,523722
716020,523722
716101,523722
716102,523722
716103,523722
716104,523722
716105,523722
716106,523722
716202,523712
716203,523712
716204,523712
716205,523712
716206,523712
716300,523712
716401,523202
716402,523202
716500,523202
716601,523202
716602,523202
716603,523202
716604,523202
716605,523818
716700,523202
716800,523202
716900,525201
717000,525201
717100,523202
717201,523713
717202,523818
717300,523202
717400,523202
717501,523202
717502,523202
717503,523202
717504,523202
717505,523202
717506,523202
717600,523202
717701,523201
717704,523201
717705,523201
717706,523201
717707,523201
717708,523201
717802,523201
717803,523201
717804,523201
717805,523201
717902,523201
717903,521502
717905,523201
717906,523201
717907,523201
718003,523102
718004,523114
718005,523201
718006,523201
718007,523201
718008,523201
718100,523114
718201,523202
718202,523202
718203,523202
718300,523202
718401,523300
718402,523300
718501,523300
718502,523300
718503,523300
718504,523300
718505,523300
718506,523300
718507,523300
718508,523300
718509,523300
718510,523300
718511,523300
718601,523300
718602,523300
718603,523300
718604,523300
718605,523300
718606,523300
718607,523300
718608,523300
718700,523300
718800,523300
718900,523300
719000,523300
719101,523300
719102,523300
719103,523300
719104,523300
719105,523300
719106,523300
719201,523300
719203,523300
719204,523300
719205,523300
719301,523300
719302,523300
719303,523300
719304,523300
719400,523300
719500,523300
719600,523300
719701,523300
719702,523300
719703,523300
719801,523300
719802,523300
719901,523300
719902,523300
719903,523300
719904,523300
719905,523300
720000,523300
720100,523300
720200,523300
720300,524001
720401,524001
720402,524001
720500,524001
720600,524001
720700,524001
720800,524001
720900,524001
721000,524001
721100,524001
721200,524001
721300,524001
721400,524001
721500,524001
721600,524002
721700,524002
721800,524002
721900,524002
722000,524002
722100,524002
722201,524002
722202,524002
722203,524002
722204,524002
722301,524002
722302,524002
722400,524002
722501,524002
722502,524002
722600,524002
722700,524002
722800,524002
722900,524002
723000,524002
723100,524002
723201,524001
723202,524001
723203,524001
723300,524001
723400,524001
723500,524002
723600,524002
723701,524002
723702,524002
723800,524002
723900,524002
724000,524002
724101,524002
724102,524002
724200,524002
724300,524002
724401,524002
724402,524002
724500,524002
724600,524002
724700,524002
724800,524002
724900,524002
725000,524002
725100,524001
725200,524001
725300,524001
725400,524002
725500,524002
725601,524002
725602,524002
725700,524002
725800,524002
725900,524002
726000,524200
726200,524200
726300,524200
726400,524200
726500,524200
726600,524200
726700,524200
726800,524200
726900,524200
727000,524200
727100,524200
727200,524200
727300,524200
727400,524200
727500,524200
727600,524200
727700,524200
727800,524200
727901,524200
727902,524200
727903,524200
728001,524200
728002,524200
728101,524200
728102,524200
728200,524200
728300,524200
728400,524200
728500,524200
728605,524200
728606,524200
728607,524200
728608,524200
728609,524200
728610,524200
728611,524200
728612,524200
728613,524200
728614,524200
728615,524200
728616,524200
728617,524200
728618,524200
728619,524200
728620,524200
728621,524200
728622,524200
728623,524200
728624,524200
728625,524200
728626,524200
728627,524200
728700,524200
728801,524200
728802,524200
728803,524200
728804,524200
728805,524200
728806,524200
728807,524200
728808,524200
728809,524200
728810,524200
728811,524200
728812,524200
728900,524200
729000,524200
729100,524200
729200,524404
729300,524404
729400,524404
729500,524403
729600,524403
729700,524404
729800,524403
729901,524403
729902,524403
729903,524403
730001,524404
730002,524404
730100,524404
730200,524404
730301,524404
730302,524404
730303,524404
730401,524404
730402,524404
730403,524404
730500,524404
730601,524404
730602,524404
730701,524405
730702,524405
730704,524405
730706,524405
730707,524405
730708,524405
730709,524405
730710,524405
730711,524405
730712,524405
730713,524405
730714,524405
730715,524405
730716,524405
730717,524405
730718,524405
730719,524405
730720,524405
730800,524405
730900,524405
731000,524405
731103,524403
731104,524403
731105,524403
731106,524403
731200,524530
731300,524530
731400,524530
731500,524530
731600,524530
731700,524530
731800,524530
731900,524530
732001,524530
732002,524530
732100,524530
732200,524530
732300,524530
732400,524530
732500,524530
732601,524530
732602,524530
732603,524530
732700,524530
732801,524530
732802,524530
732901,524530
732902,524530
732903,524530
733000,524530
733100,524530
733201,524530
733202,524530
733300,524530
733400,524530
733501,524510
733502,524510
733600,524510
733700,524510
733800,524510
733900,524510
734005,524510
734006,524510
734007,524510
734008,524510
734009,524510
734010,524510
734101,524510
734102,524510
734201,524530
734202,524530
734300,524520
734400,524520
734501,524520
734502,524520
734601,524520
734602,524520
734603,524520
734701,524520
734702,524520
734703,524520
734800,524520
734901,524520
734902,524520
735000,524520
735100,524520
735200,524520
735300,524520
735400,524520
735500,524520
735600,524520
735700,524520
735800,524520
735900,524520
736000,524520
736101,524520
736102,524520
736200,524520
736300,524520
736400,524520
736501,524510
736502,524510
736601,524510
736602,524510
736701,524510
736702,524510
736800,524510
736900,524510
737000,524121
737102,524121
737103,524121
737104,524121
737105,524121
737106,524121
737200,524121
737301,524121
737302,524121
737400,524121
737500,524112
737600,524121
737700,524122
737801,524122
737802,524122
737901,524122
737902,524122
738000,524122
738101,524122
738102,524122
738200,524122
738300,524122
738401,524122
738402,524122
738500,524122
738600,524122
738700,524122
738800,524122
738901,524122
738902,524122
739000,524122
739100,524122
739200,524122
739300,524122
739400,524122
739500,524122
739600,524122
739700,524122
739801,524122
739802,524122
739901,524122
739902,524122
740000,524111
740100,524111
740200,524111
740300,524111
740400,524111
740500,524111
740600,524111
740700,524111
740800,524111
740901,524111
740902,524111
740903,524111
741001,524111
741002,524111
741003,524111
741101,524111
741102,524111
741201,524111
741202,524111
741301,524112
741302,524112
741401,524112
741402,524112
741403,524112
741500,524112
741601,524112
741602,524112
741700,524112
741800,524112
741900,524112
742000,524112
742101,524112
742102,524112
742201,524112
742202,524112
742300,524112
742400,524112
742500,524112
742600,524112
742700,524112
742800,524112
742900,524112
743000,524112
743100,524112
743200,524302
743300,524302
743400,524302
743500,524302
743600,524302
743700,524302
743800,524302
743900,524302
744000,524302
744100,524302
744200,524302
744300,524302
744400,524302
744500,524302
744600,524302
744700,524302
744800,524302
744900,524302
745000,524302
745100,524302
745200,524302
745300,524302
745400,524302
745500,524302
745600,524302
745700,524302
745800,524302
745900,524302
746000,524302
746100,524302
746200,524302
746301,524303
746308,524303
746309,524303
746310,524303
746311,524303
746312,524303
746313,524303
746314,524303
746315,524303
746316,524303
746317,524303
746318,524303
746319,524303
746320,524303
746321,524303
746322,524303
746400,524301
746500,524301
746601,524301
746602,524301
746700,524301
746800,524301
746900,524301
747000,524301
747100,524301
747200,524301
747300,524301
747401,524301
747402,524301
747500,524301
747601,524301
747602,524301
747700,524301
747801,524301
747802,524301
747803,524301
747804,524301
747900,524301
748000,524301
748100,524301
748200,524301
748301,524301
748302,524301
748400,524301
748500,524301
748600,524301
748700,524301
748800,524301
748900,524301
749001,524301
749002,524301
749100,524301
749200,524301
749300,524402
749400,524402
749500,524402
749600,524402
749700,524402
749800,524402
749900,524402
750000,524402
750100,524404
750200,525001
750300,525001
750400,525001
750500,525001
750600,525001
750700,525001
750800,525001
750900,525001
751000,525001
751100,525001
751200,525001
751300,525001
751400,525001
751500,525001
751600,525001
751700,525001
751800,525001
751900,525001
752000,525001
752100,525001
752201,525001
752202,525001
752300,525001
752400,525001
752500,525001
752601,525001
752602,525001
752700,525002
752801,525002
752802,525002
752900,525002
753000,525002
753100,525002
753201,525002
753202,525002
753302,525002
753303,525002
753304,525002
753401,525002
753402,525002
753500,525002
753600,525002
753700,525002
753800,525002
753900,525002
754000,525002
754100,525002
754200,524901
754300,524901
754400,524901
754500,524901
754600,524901
754700,524901
754800,524901
754900,524901
755000,524901
755100,524901
755200,524901
755300,524901
755400,524901
755500,524901
755600,524901
755700,524901
755800,524901
755900,524901
756000,524901
756100,524901
756200,524901
756300,524901
756400,524901
756500,524901
756600,524901
756700,524901
756800,524901
756901,524901
756902,524901
757001,524901
757002,524901
757003,524901
757100,524901
757200,524901
757300,524901
757400,524901
757500,524901
757601,524901
757602,524901
757700,524902
757800,524902
757900,524902
758000,524902
758100,524902
758200,524902
758300,524902
758400,524902
758500,524902
758600,524902
758700,524902
758800,524902
758900,524902
759000,524902
759100,524902
759200,524902
759300,524902
759400,524902
759503,523814
759504,523814
759505,523814
759507,523814
759508,523814
759509,523814
759510,523814
759511,523814
759512,523814
759513,523814
759514,523814
759515,523814
759516,523814
759517,523814
759518,523814
759519,523814
759520,523814
759521,523814
759522,523814
759523,523814
759524,523814
759525,523814
759600,523813
759702,523817
759711,523816
759712,523816
759713,523817
759715,523816
759717,523816
759719,523817
759721,523817
759722,523817
759723,523817
759724,523816
759725,523816
759727,523816
759728,523816
759729,523816
759730,523816
759731,523817
759732,523817
759733,523817
759734,523816
759735,523816
759736,523816
759737,523817
759738,523817
759739,523817
759740,523816
759741,523816
759742,523816
759743,523816
759744,523816
759745,523816
759800,523813
759901,523820
759902,523820
759903,523820
760000,523820
760113,523820
760114,523820
760117,523820
760119,523820
760120,523820
760121,523820
760122,523820
760123,523820
760124,523820
760125,523820
760126,523820
760127,523820
760128,523820
760129,523820
760130,523820
760131,523820
760132,523820
760133,523820
760134,523820
760135,523820
760136,523820
760137,523820
760138,523820
760139,523820
760140,523820
760141,523820
760142,523820
760143,523820
760144,523820
760145,523820
760146,523820
760147,523820
760148,523820
760149,523820
760150,523820
760151,523820
760152,523820
760200,523820
760300,523819
760400,523818
760500,523819
760600,523818
760701,523814
760702,523814
760703,523814
760705,523814
760706,523814
760707,523814
760708,523814
760801,523820
760803,523814
760804,523814
760805,523814
760806,523814
760807,523814
760808,523814
760809,523814
760810,523819
760811,523819
760812,523819
760902,523813
760903,523818
760904,523818
760905,525201
761000,523813
761100,525201
761200,523813
761300,523813
761400,523813
761500,523813
761601,523813
761602,523813
761603,523813
761700,523813
761800,523813
761900,525201
762000,525201
762100,523818
762200,525201
762301,525201
762302,525201
762400,525201
762501,523202
762502,525201
762600,525201
762700,525201
762800,525201
762900,525201
763000,525201
763100,525201
763201,525201
763202,525201
763300,525201
763400,525201
763500,525201
763600,521301
763700,521301
763800,521301
763900,525201
764000,525201
764100,525201
764201,525201
764202,525201
764300,525201
764400,525201
764501,525202
764502,525201
764700,525201
764800,525202
764901,525202
764902,525202
765001,525202
765002,525202
765003,525202
765004,525202
765101,525202
765102,525202
765103,525202
765104,525202
765105,525202
765106,525202
765107,525202
765108,525202
765109,525202
765110,525202
765111,525202
765200,525202
765300,525202
765401,523912
765402,523912
765403,523912
765404,523912
765405,523912
765406,523912
765407,523912
765408,523912
765409,523912
765410,523912
765500,523912
765600,523912
765700,523912
765800,523912
765900,523912
766000,523912
766100,523912
766200,523912
766301,523912
766302,523912
766303,523912
766400,523912
766500,523911
766600,523911
766700,523911
766800,523911
766901,523911
766902,523911
766903,523911
766904,523911
767001,523911
767002,523911
767003,523911
767004,523911
767100,523911
767201,523911
767202,523911
767203,523911
767204,523911
767301,523911
767302,523911
767400,523912
767501,523920
767502,523920
767503,523920
767600,523912
767701,523912
767702,523912
767703,523912
767704,523912
767705,523912
767803,523912
767804,523912
767805,523912
767806,523912
767807,523912
767808,523912
767809,523912
767810,523912
767811,523912
767812,523912
767813,523912
767902,523920
767903,523920
767907,523920
767909,523920
767910,523920
767911,523920
767912,523920
767913,523920
767914,523920
767915,523920
767916,523920
767917,523920
767918,523920
767919,523920
767920,523920
767921,523920
767922,523920
768001,523920
768002,523920
768003,523920
768005,523920
768006,523920
768007,523920
768008,523920
768009,523920
768010,523920
768100,523911
768200,523911
768300,525102
768400,525102
768500,525102
768601,525102
768602,525102
768603,525102
768700,525102
768800,525102
768900,525102
769008,525102
769011,525102
769012,525102
769014,525102
769016,525102
769017,525102
769018,525102
769019,525102
769020,525102
769021,525102
769022,525102
769023,525102
769024,525102
769025,525102
769026,525102
769027,525102
769028,525102
769029,525102
769030,525102
769032,525102
769034,525102
769035,525102
769036,525102
769037,525102
769038,525102
769039,525102
769040,525102
769041,525102
769042,525102
769043,525102
769044,525102
769045,525102
769046,525102
769047,525102
769048,525102
769049,525102
769050,525102
769051,525102
769052,525102
769053,525102
769054,525102
769100,525102
769200,525102
769300,525102
769401,525102
769402,525102
769403,525102
769500,525102
769600,525102
769700,525102
769800,525102
769900,525101
770000,525101
770100,525101
770200,525101
770300,525101
770400,525101
770500,525101
770600,525101
770700,525101
770800,525101
770900,525101
771000,525101
771100,525101
771200,525101
771300,525101
771400,525101
771500,525101
771600,525101
771700,525101
771800,525101
771900,525101
772000,525101
772100,525101
772200,525101
772300,525101
772400,525101
772500,525101
772601,525101
772602,525101
772700,525101
772802,525101
772803,525101
772804,525101
772805,525101
772806,525101
772902,525102
772903,525101
772904,525101
772906,525101
772907,525101
772908,525101
772909,525101
773000,525101
773100,524812
773200,524812
773300,524812
773400,524812
773501,524811
773502,524811
773600,524811
773701,524811
773702,524811
773801,524811
773804,524811
773807,524811
773810,524811
773812,524811
773813,524811
773814,524811
773815,524811
773816,524811
773817,524811
773818,524811
773819,524811
773820,524811
773901,524811
773902,524811
774001,524812
774002,524812
774003,524812
774101,524812
774102,524812
774103,524812
774104,524812
774105,524812
774201,524812
774202,524812
774204,524812
774205,524812
774207,524812
774208,524812
774209,524812
774210,524812
774211,524812
774212,524812
774213,524812
774214,524812
774215,524812
774216,524812
774301,524812
774303,524812
774304,524812
774305,524812
774306,524812
774402,524821
774403,524821
774404,524821
774405,524821
774406,524821
774408,524821
774409,524821
774410,524821
774411,524821
774412,524821
774419,524821
774420,524822
774422,524822
774423,524822
774424,524822
774429,524822
774430,524822
774431,524822
774432,524822
774433,524822
774434,524822
774435,524822
774436,524822
774437,524822
774438,524822
774439,524822
774440,524822
774441,524822
774442,524822
774443,524821
774444,524821
774445,524821
774446,524821
774447,524822
774448,524822
774449,524822
774450,524822
774451,524822
774502,524711
774503,524711
774504,524711
774505,524711
774601,524711
774602,524711
774701,524711
774702,524711
774801,524711
774802,524711
774900,524711
775000,524711
775100,524711
775200,524711
775300,524711
775400,524711
775500,524711
775600,524711
775700,524711
775802,524713
775803,524713
775804,524713
775805,524713
775806,524713
775808,524713
775809,524713
775812,524713
775813,524713
775815,524713
775816,524713
775817,524713
775818,524713
775819,524713
775820,524713
775821,524713
775822,524713
775823,524713
775824,524713
775901,524720
775902,524720
776000,524720
776101,524720
776102,524720
776200,524720
776301,524720
776302,524720
776400,524720
776500,524720
776600,524720
776700,524720
776800,524720
776900,524720
777000,524720
777100,524720
777201,524712
777202,524712
777300,524712
777401,524712
777402,524712
777502,524720
777503,524720
777504,524720
777601,524720
777602,524720
777700,524720
777800,524720
777900,524720
778000,524720
778100,524720
778200,524720
778300,524720
778400,524720
778500,524720
778600,524720
778700,524720
778800,524712
778901,524712
778902,524712
779000,524712
779100,524712
779200,524712
779300,524712
779400,524712
779500,524720
779600,524720
779700,524720
779800,524720
779900,524720
780000,524720
780100,524720
780202,524603
780204,524604
780205,524603
780207,524604
780208,524604
780209,524604
780210,524604
780302,524604
780303,524603
780304,524603
780403,524604
780404,524602
780407,524602
780409,524602
780410,524602
780411,524602
780412,524602
780413,524602
780414,524602
780415,524602
780416,524602
780417,524602
780501,524602
780504,524602
780506,524602
780507,524602
780508,524602
780509,524602
780510,524602
780511,524602
780512,524602
780513,524602
780514,524602
780600,524602
780700,524602
780800,524602
780901,524303
780902,524604
781001,522100
781002,522100
781003,522100
781100,524604
781200,524604
781301,524604
781302,524604
781400,524604
781500,521901
781600,521901
781700,521901
781800,521901
781900,521901
782000,521901
782100,521901
782200,521901
782300,521901
782400,521901
782500,521901
782600,521901
782700,521901
782800,521901
782900,521901
783000,521901
783101,521901
783102,521901
783200,521901
783300,521901
783400,521901
783500,521901
783600,521901
783700,521901
783800,521901
783900,521901
784000,521901
784100,521901
784200,521901
784300,521901
784400,521901
784500,521901
784600,521901
784700,521901
784801,521901
784802,521901
784900,521901
785000,521901
785100,521901
785200,521901
785300,521901
785400,521901
785500,521901
785600,521901
785700,521901
785800,521901
785900,521901
786000,521901
786100,521901
786200,521901
786300,521901
786400,521902
786500,521902
786600,521801
786700,521801
786801,521801
786802,521801
786901,521801
786902,521801
787000,521801
787100,521801
787200,521801
787300,521801
787400,521801
787500,521801
787601,521801
787602,521801
787603,521801
787700,521801
787800,521802
787900,521802
788000,521802
788101,521802
788102,521802
788201,521802
788202,521802
788203,521802
788300,521803
788400,521802
788500,521803
788601,521802
788602,521802
788700,521802
788800,521802
788901,521802
788902,521802
788903,521802
789001,521802
789002,521802
789003,521802
789101,521802
789102,521802
789103,521802
789104,521802
789201,521802
789202,521802
789301,521802
789302,521802
789401,521802
789402,521802
789501,521802
789502,521802
789600,521802
789700,521803
789801,521803
789802,521803
789803,521803
789804,521803
789805,521803
789901,521803
789902,521803
790000,521803
790100,521803
790200,521803
790300,521803
790400,521803
790500,521803
790601,525420
790602,525420
790700,525420
790800,525420
790900,525420
791000,525420
791101,525420
791102,525420
791103,525420
791201,525420
791202,525420
791203,525420
791204,525420
791205,525420
791206,525420
791207,525420
791300,525420
791400,525420
791500,525420
791600,525420
791700,525420
791801,525410
791802,525410
791803,525410
791804,525410
791900,525410
792000,525410
792100,525410
792201,525410
792202,525410
792301,525410
792302,525410
792401,525410
792402,525410
792403,525410
792501,525410
792502,525410
792503,525410
792504,525410
792601,525420
792602,525420
792603,525420
792700,525420
792800,525420
792900,525420
793000,525410
793100,525410
793200,525410
793301,525410
793302,525410
793400,525410
793501,525410
793502,525410
793503,525410
793504,525410
793601,525410
793602,525410
793603,525410
793604,525410
793605,525410
793700,525410
793800,525410
793900,525630
794000,525630
794100,525630
794200,525630
794300,525630
794400,525630
794500,525630
794600,525630
794700,525630
794800,525630
794900,525630
795001,525630
795002,525630
795100,525630
795200,525630
795301,525630
795302,525630
795400,525630
795500,525630
795600,525630
795700,525630
795801,525630
795802,525630
795900,525630
796000,525630
796100,525630
796200,525630
796300,525610
796400,525610
796500,525610
796600,525610
796700,525610
796800,525610
796900,525610
797000,525620
797100,525620
797200,525620
797300,525620
797400,525610
797500,525610
797600,525620
797700,525620
797800,525620
797900,525620
798000,525620
798101,525620
798102,525620
798200,525620
798300,525620
798400,525610
798500,525610
798600,525610
798700,525610
798802,525610
798803,525610
798804,525610
798901,525610
798902,525610
799000,525610
799102,525610
799105,525610
799106,525610
799107,525610
799108,525610
799109,525610
799110,525610
799111,525610
799112,525610
799113,525610
799117,525610
799118,525610
799119,525610
799120,525610
799121,525610
799122,525610
799123,525610
799124,525610
799125,525610
799126,525610
799127,525610
799128,525610
799129,525610
799130,525610
799131,525610
799132,525610
799133,525610
799134,525610
799200,525610
799300,525610
799400,525610
799500,525610
799600,525610
799700,525610
799800,525610
799900,525610
800000,525610
800101,523813
800102,523813
800103,525700
800201,525700
800202,525700
800303,525700
800304,525700
800305,525700
800307,525700
800308,525700
800309,525700
800310,525700
800311,525700
800312,525700
800313,525700
800314,525700
800315,525700
800400,525700
800500,525700
800600,525510
800700,525510
800800,525510
800900,525510
801001,525510
801002,525510
801101,525510
801102,525510
801103,525510
801104,525510
801200,525510
801300,525510
801400,525510
801500,525510
801600,525510
801700,525520
801800,525520
801901,525520
801902,525520
802000,525520
802100,525520
802200,525520
802300,525520
802400,525520
802501,525520
802502,525520
802600,525520
802700,525520
802801,525520
802802,525520
802803,525520
802900,525520
803000,525520
803100,525520
803200,525520
803301,525520
803302,525520
803303,525520
803400,525530
803500,525530
803601,525530
803602,525530
803701,525530
803702,525530
803703,525530
803801,525530
803802,525530
803803,525530
803900,525530
804000,525530
804100,525530
804200,525530
804300,525530
804400,525530
804500,525530
804600,525530
804701,525530
804702,525530
804801,525530
804802,525530
804901,525530
804902,525530
805000,525530
805100,525530
805200,525530
805300,525530
805400,525530
805500,525530
805601,525540
805602,525540
805604,525540
805605,525540
805701,525540
805703,525540
805704,525540
805705,525540
805801,525540
805802,525540
805803,525540
805901,525540
805902,525540
806001,525540
806002,525540
806101,525540
806102,525540
806103,525540
806203,525540
806204,525540
806205,525540
806206,525540
806207,525540
806208,525540
806301,525540
806303,525540
806304,525540
806401,525540
806402,525540
806502,521201
806506,521201
806601,521201
806602,521201
806603,521201
806604,521201
806700,521201
806800,521201
806900,521202
807000,521202
807100,521202
807200,521203
807300,521203
807400,521203
807500,521302
807600,521302
807700,521302
807802,521301
807803,523813
807804,523813
807900,521301
808001,521301
808002,521301
808101,521301
808102,521301
808200,521301
808301,521301
808302,521301
808402,521301
808403,521301
808404,521301
808501,521301
808502,521301
808602,525530
808603,525530
808604,525530
808605,525530
808606,525530
808607,525530
808608,521301
808701,521301
808702,521301
808800,521301
808901,521301
808902,521301
809002,521301
809003,521301
809004,521301
809005,521301
809006,521301
809101,521302
809103,521301
809104,521302
809200,521301
809300,521301
809400,521301
809600,521122
809701,521122
809702,521122
809800,521122
809900,521122
810000,521122
810100,521122
810200,521122
810300,521122
810400,521122
810500,521122
810603,521122
810604,521122
810605,521122
810606,521122
810607,521122
810608,521122
810609,521122
810610,521122
810611,521122
810612,521122
810700,521122
810800,521122
810901,521122
810902,521122
810903,521122
810904,521122
811001,521122
811002,521122
811100,521122
811200,521121
811300,521121
811401,521121
811402,521121
811500,521121
811600,521121
811700,521121
811802,521121
811803,521121
811804,521121
811805,521121
811900,521121
812001,521121
812002,521121
812100,521121
812201,521121
812202,521121
812301,521121
812303,521153
812304,521153
812400,521121
812500,521152
812600,521122
812700,521122
812800,521122
812900,521122
813001,521122
813002,521122
813100,521122
813200,521122
813300,521122
813400,521122
813501,521111
813502,521111
813601,521111
813602,521122
813701,521122
813702,521122
813800,521111
813900,521132
814001,521132
814002,521132
814003,521132
814100,521132
814200,521132
814303,521301
814304,521132
814305,521132
814306,521132
814402,521132
814403,521132
814404,521132
814501,521132
814502,521132
814600,521132
814701,521132
814702,521132
814800,521160
814900,521160
815000,521160
815100,521132
815200,521132
815301,521132
815302,521132
815303,521132
815304,521132
815401,521132
815402,521134
815501,521132
815503,521134
815504,521135
815603,521132
815604,521132
815605,521132
815606,521135
815607,521132
815702,521134
815703,521135
815704,521132
815801,521132
815802,521134
815900,521132
816000,521132
816100,521132
816200,521132
816302,521301
816303,521132
816304,521132
816305,521132
816401,521132
816403,521301
816404,521301
816405,521301
816504,525910
816508,525910
816509,525910
816510,525910
816511,525910
816512,525910
816513,525910
816514,525910
816515,525910
816516,525910
816517,525910
816518,525910
816519,525910
816520,525910
816521,525910
816522,525910
816523,525910
816524,525910
816525,525910
816526,525910
816527,525910
816528,525910
816529,525910
816530,525910
816531,525910
816532,525910
816533,525910
816534,525910
816535,525910
816536,525910
816537,525910
816538,525910
816539,525910
816600,525910
816701,525910
816702,525910
816703,525910
816704,525910
816705,525910
816800,525910
816900,525922
817001,525922
817002,525922
817101,525922
817102,525922
817200,525922
817300,525910
817400,525910
817500,525910
817600,525910
817701,525910
817702,525910
817703,525910
817704,525910
817705,525910
817706,525910
817800,525910
817901,525910
817902,525910
817903,525910
818000,525910
818101,525910
818102,525910
818103,525910
818200,525910
818300,525910
818400,525910
818500,525910
818600,525910
818700,525910
818800,525910
818900,525910
819000,525910
819100,525910
819200,525910
819301,525910
819302,525910
819400,525910
819501,525910
819502,525910
819600,525910
819700,525910
819800,525910
819900,525910
820000,525910
820100,525910
820200,525910
820300,525910
820400,525910
820503,525921
820504,525921
820505,525921
820506,525921
820507,525921
820508,525921
820600,525921
820701,525921
820702,525921
820703,525921
820704,525921
820800,525921
820900,525921
821001,525921
821002,525921
821101,525921
821102,525921
821200,525921
821301,525921
821302,525921
821303,525921
821400,525921
821500,525921
821600,525921
821700,525921
821800,525921
821900,525921
822000,525921
822100,525921
822200,525921
822300,525921
822401,525921
822405,525921
822406,525921
822407,525921
822408,525921
822409,525921
822410,525921
822411,525921
822412,525921
822413,525921
822414,525921
822415,525921
822416,525921
822417,525921
822418,525921
822419,525921
822500,525921
822600,525921
822701,525921
822702,525921
822703,525921
822704,525921
822705,525921
822800,525922
822900,525922
823000,525922
823100,525922
823200,525922
823300,525922
823401,525922
823403,525922
823404,525922
823405,525922
823406,525922
823407,525922
823408,525922
823409,525922
823410,525922
823411,525922
823500,525922
823600,525922
823700,525922
823800,525922
823900,525922
824000,525922
824100,525922
824200,521121
824301,525922
824302,525922
824401,521116
824402,521116
824403,521116
824404,521116
824405,521116
824406,521116
824407,521116
824408,521116
824500,521117
824601,521117
824602,525922
824700,521153
824801,521117
824803,521153
824804,521153
824901,521121
824903,521153
824904,521153
825000,521121
825101,521121
825103,521153
825105,521153
825106,521153
825201,521121
825202,521153
825301,521121
825302,521153
825400,521153
825500,521121
825600,521112
825700,521112
825800,521112
825900,521112
826000,521112
826100,521112
826201,521112
826202,521117
826300,521117
826400,521112
826500,521112
826601,521111
826602,521111
826603,525910
826700,521111
826802,521122
826803,521122
826804,521122
826902,521122
826903,521122
826904,521111
826905,521111
826906,521111
826907,521111
826908,521111
826909,521111
827001,521111
827003,521111
827004,521117
827100,525922
827200,521122
827300,521160
827400,521131
827500,521160
827601,521160
827603,521160
827604,521160
827700,521160
827800,521160
827901,521131
827902,521117
828001,521117
828002,525922
828003,521117
828100,521117
828202,521117
828203,521131
828204,521160
828302,521117
828303,521116
828304,521117
828400,521117
828501,521131
828503,521117
828504,521117
828505,521117
828602,521115
828603,521131
828604,521131
828700,521131
828800,521131
828900,521115
829000,521115
829100,521114
829200,521114
829300,521151
829401,521151
829402,521151
829403,521151
829404,521151
829405,521151
829406,521151
829407,521151
829408,521151
829409,521151
829410,521151
829411,521151
829500,521151
829600,521151
829700,521151
829800,521151
829900,521151
830000,521151
830100,521151
830200,521151
830300,521151
830400,521151
830500,521151
830600,521151
830700,521151
830800,521151
830900,521151
831000,521151
831100,521151
831200,521151
831300,521151
831400,521151
831500,521151
831601,521153
831602,521151
831700,521153
831800,521153
831900,521153
832000,521153
832101,526105
832102,526105
832103,526106
832201,521153
832202,521153
832300,521153
832400,521153
832500,521153
832601,521153
832700,521153
832800,521152
832900,521152
833001,521153
833002,521153
833101,521153
833102,526106
833201,526105
833203,526106
833204,526106
833205,526105
833206,526106
833207,526105
833300,521153
833400,521153
833500,521153
833601,521153
833602,521153
833701,521152
833702,521152
833800,521152
833900,521152
834000,521152
834100,521152
834200,521152
834300,521152
834400,521152
834501,521152
834502,521152
834503,521152
834600,526104
834701,526104
834702,526104
834800,526104
834900,526104
835000,526104
835101,526104
835102,526104
835201,526104
835202,526105
835300,526105
835401,526104
835402,526104
835403,526104
835404,526104
835405,526104
835406,526104
835407,526104
835408,526104
835501,526105
835502,526105
835503,526105
835504,526105
835601,526104
835603,526105
835604,526105
835605,526105
835801,526104
835803,526104
835804,526104
835900,526104
836000,526104
836100,526104
836200,526104
836300,526104
836400,526104
836500,526104
836600,526104
836701,526104
836702,526104
836703,526104
836800,526103
836901,526103
836902,526103
836903,526103
836904,526103
837001,526103
837002,526103
837101,526103
837102,526103
837201,526103
837203,526103
837204,526103
837205,526103
837206,526103
837207,526103
837208,526103
837209,526103
837300,526103
837400,526103
837500,526103
837600,526103
837700,526103
837800,526105
838101,526200
838102,526200
838200,526200
838300,526200
838400,526200
838500,526200
838600,526200
838700,526200
838800,526200
838900,526200
839000,526200
839100,526200
839200,526200
839300,526200
839401,526200
839402,526200
839500,526200
839600,526200
839700,526200
839800,526200
839900,526200
840000,526200
840101,526200
840102,526200
840103,526200
840104,526200
840105,526200
840200,526200
840300,526200
840400,526200
840500,526200
840601,525202
840602,521135
840603,521136
840700,521136
840801,521136
840802,521136
840901,521135
840902,521136
841001,521136
841002,521135
841100,521136
841200,521135
841300,521135
841400,521136
841501,521134
841502,521135
841600,521135
841700,521135
841801,521135
841802,521135
841900,521135
842000,521135
842101,521131
842102,521131
842200,521131
842300,521131
842401,521131
842402,521131
842500,521131
842601,521131
842602,521131
842700,521131
842800,521131
842900,521131
843000,521135
843100,521135
843200,521135
843300,521135
843401,521135
843402,521135
843403,521135
843404,521135
843500,521135
843600,526701
843700,526701
843800,526701
843900,526701
844000,526701
844100,526701
844200,526701
844300,526701
844400,526701
844500,526701
844600,526701
844700,526701
844800,526701
844901,526701
844902,526701
845000,526701
845100,526701
845200,526701
845300,526701
845400,526701
845500,526701
845600,526701
845700,526701
845800,526701
845900,526701
846000,526701
846101,526701
846102,526701
846103,526701
846200,526701
846300,526701
846401,526701
846402,526701
846500,526701
846601,526701
846602,526702
846700,526702
846800,526702
846900,526701
847000,526701
847101,526702
847102,526702
847200,526702
847300,526702
847400,526702
847500,526601
847600,526601
847700,526601
847800,526601
847900,526601
848001,526601
848002,526601
848100,526601
848201,526601
848202,527111
848300,526601
848400,527401
848500,526601
848600,526601
848700,526601
848800,526601
848900,526601
849001,526701
849002,526702
849100,526702
849200,526702
849300,526702
849400,526702
849500,526702
849600,526702
849700,526400
849800,526400
849900,526400
850000,526400
850100,526400
850200,526601
850300,526601
850400,526601
850500,526601
850600,526601
850700,526601
850800,526601
850900,527401
851000,527401
851100,527401
851200,527401
851300,527401
851400,527401
851500,527401
851600,527401
851700,527401
851800,527401
851900,526601
852001,526601
852002,527401
852100,526601
852200,526601
852300,526601
852400,526702
852500,526702
852600,526702
852700,526601
852800,526601
852900,526601
853000,526601
853100,526601
853201,526601
853202,526601
853203,526601
853300,526601
853400,526601
853500,526601
853600,526601
853700,526601
853801,526601
853802,526601
853900,526601
854001,526500
854002,526500
854101,526500
854102,526500
854103,526500
854104,526500
854201,526500
854202,526500
854300,526500
854400,526500
854501,526500
854502,526500
854503,526500
854504,526500
854505,526500
854506,526500
854600,526500
854700,526500
854800,526500
854901,526500
854902,526500
855001,526500
855002,526500
855003,526500
855100,526500
855201,526500
855202,526500
855203,526500
855204,526500
855300,526500
855400,528200
855500,528200
855600,528200
855701,528200
855702,528200
855801,528200
855802,528200
855901,528200
855902,528200
855903,528200
856001,528200
856002,528200
856003,528200
856004,528200
856005,528200
856101,528200
856102,528200
856104,528200
856105,528200
856106,528200
856200,528200
856300,528200
856400,528200
856500,528200
856600,528200
856700,528200
856800,528200
856900,528200
857000,528200
857100,528200
857200,528200
857300,528200
857400,528200
857500,528200
857600,528200
857700,528200
857800,528200
857900,528200
858000,528200
858100,528200
858200,528200
858300,528200
858401,528200
858402,528200
858403,528200
858500,528200
858601,528200
858602,528200
858700,528200
858800,528200
858900,528200
859000,528200
859100,528200
859200,528200
859300,526601
859400,526601
859500,526601
859600,526601
859702,526603
859703,526601
859704,526601
859705,526601
859801,526603
859802,526602
859900,526603
860000,526603
860100,526603
860200,526603
860300,526603
860400,526603
860500,526602
860600,526602
860700,526601
860800,526602
860900,526602
861000,526602
861100,526602
861201,526602
861202,526602
861301,526602
861302,526602
861401,526602
861402,526602
861502,526602
861503,526602
861504,526602
861600,526602
861700,526602
861800,526602
861900,526602
862000,526602
862100,526602
862400,529900
862501,529900
862502,529900
862600,529900
862700,529900
862800,529900
862900,529900
863000,529900
863100,529900
863200,529900
863300,529900
863400,529900
863500,529900
863600,529900
863700,529900
863800,529900
863900,529900
864000,529900
864100,529900
864200,529900
864300,530000
864400,530000
864500,530000
864600,530000
864700,530000
864800,530000
864900,530000
865000,530000
865100,530000
865200,530000
865300,530000
865400,530000
865500,530000
865600,530000
865700,530000
865800,530000
865901,530000
865902,530000
865903,530000
865904,530000
866001,530000
866002,530000
866003,530000
866004,530000
866100,530000
866200,530000
866300,530000
866400,530000
866500,530000
866600,530000
866700,530000
866800,530000
866900,530000
867000,530000
867100,530000
867200,530000
867300,530000
867400,530000
867500,530000
867600,529503
867700,529600
867800,529600
867900,529600
868000,529600
868100,529600
868200,529600
868300,529600
868400,529600
868501,529600
868502,529600
868600,529600
868700,529600
868800,529600
868900,529600
869000,529600
869100,529600
869200,529600
869300,529600
869400,529600
869500,529800
869600,529800
869700,529800
869800,529800
869900,529800
870000,529800
870100,529800
870200,529800
870300,529800
870400,529800
870500,529800
870600,529800
870700,529800
870801,529800
870802,529800
870900,529800
871000,529800
871100,529800
871200,529800
871300,529800
871400,529800
871500,529800
871600,529800
871700,529800
871800,529800
871900,529800
872000,529800
872100,529800
872201,529503
872202,529503
872203,529503
872301,529503
872302,529503
872400,529503
872500,529503
872600,529503
872701,529503
872702,529503
872800,529503
872900,529503
873000,529503
873100,529503
873201,529503
873202,529503
873300,529502
873400,529502
873500,529502
873600,529502
873701,529502
873702,529502
873800,529502
873900,529502
874000,529502
874100,529502
874200,529502
874300,529502
874400,529502
874500,529502
874600,529502
874700,529501
874800,529501
874900,529501
875000,529501
875100,529501
875202,529501
875203,529501
875204,529501
875205,529501
875300,529501
875400,529501
875500,529501
875600,529501
875700,529502
875800,529502
875900,529502
876000,529502
876100,529502
876201,529402
876202,527009
876300,529402
876400,529402
876500,529402
876600,529402
876701,529402
876702,529402
876800,529402
876900,529402
877000,529402
877100,529402
877201,529401
877202,527008
877300,529401
877400,529402
877500,529402
877600,529401
877700,529402
877800,529402
877900,529401
878000,529402
878100,529402
878200,529402
878300,529402
878401,529402
878402,529402
878501,529402
878502,529402
878503,529402
878601,529401
878602,529401
878700,529401
878800,529401
878900,529401
879000,529401
879100,529401
879200,529401
879300,529401
879400,529401
879500,529401
879601,529401
879602,529401
879603,529401
879700,530200
879800,530200
879900,530300
880000,530300
880100,530300
880201,530300
880202,530300
880300,530300
880400,530300
880500,530300
880600,530300
880700,530300
880800,530300
880900,530300
881000,530300
881100,530300
881200,530300
881300,530300
881400,530300
881500,530300
881600,530300
881700,530300
881800,530300
881900,530300
882000,530300
882100,530300
882200,530300
882300,530300
882400,530300
882500,530300
882600,530300
882700,530300
882800,530300
882900,530300
883000,530300
883100,530300
883200,530300
883300,530300
883400,530800
883500,530800
883600,530800
883700,530800
883800,530800
883900,530800
884000,530800
884100,530800
884201,530800
884202,530800
884300,530800
884400,530800
884500,530800
884600,530800
884700,530800
884800,530800
884900,530600
885000,530600
885100,530600
885200,530600
885300,530600
885400,530600
885501,530600
885502,530600
885600,530600
885700,530600
885801,530600
885802,530600
885900,530600
886000,530600
886100,530600
886200,530600
886300,530600
886400,530600
886500,530600
886600,530600
886700,530600
886800,530600
886901,530700
886902,530700
887000,530700
887100,530700
887200,530700
887300,530700
887400,530700
887501,530700
887502,530700
887503,530700
887601,530700
887602,530700
887701,530700
887702,530700
887800,530700
887900,530700
888000,530700
888100,530700
888200,530700
888301,530700
888302,530700
888400,530700
888500,530700
888600,530700
888700,530700
888800,530700
888900,530700
889000,530700
889100,530700
889201,530700
889202,530700
889301,530700
889302,530700
889401,530500
889403,530500
889404,530500
889405,530500
889406,530500
889407,530500
889408,530500
889409,530500
889500,530500
889600,530500
889701,530500
889702,530500
889800,530500
889900,530500
890000,530500
890100,530500
890200,530500
890300,530500
890400,530500
890500,530500
890600,530500
890700,530500
890800,530500
890900,530500
891000,530500
891100,530500
891200,530500
891300,530500
891400,530500
891500,530500
891600,530500
891700,530200
891801,530200
891802,530200
891900,530200
892000,530200
892100,530200
892200,530200
892300,530200
892400,530200
892500,530200
892600,530200
892700,530200
892800,530200
892900,530200
893000,530200
893100,530200
893200,530200
893300,530200
893400,530200
893500,530200
893600,530200
893700,530200
893801,530200
893802,530200
893901,530200
893902,530200
894000,530200
894100,530200
894200,530200
894300,530100
894400,530100
894500,530100
894600,530100
894700,530200
894800,530200
894900,530200
895000,530200
895100,530100
895200,530100
895300,530100
895400,530100
895500,530100
895600,530100
895700,530100
895800,530100
895900,530100
896001,530100
896002,530100
896100,530100
896200,530200
896300,530100
896401,530100
896402,530100
896500,530100
896600,530100
896700,530100
896800,530200
896900,528320
897000,528320
897101,528320
897102,528320
897201,528320
897202,528320
897203,528310
897204,528310
897301,528310
897302,528310
897400,528310
897503,528310
897505,528320
897506,528320
897507,528320
897508,528320
897509,528320
897510,528320
897511,528320
897601,528310
897602,528310
897701,528310
897702,528310
897801,528310
897802,528310
897902,528310
897903,528310
897904,528310
897905,528310
897906,528310
897907,528310
898000,528310
898100,528310
898203,528310
898204,528310
898205,528310
898206,528310
898207,528310
898300,528310
898401,528310
898402,528310
898403,528310
898500,528310
898600,528310
898700,528310
898800,528310
898900,528310
899000,528310
899100,528310
899200,528310
899300,528310
899400,528310
899500,528310
899600,528310
899700,528310
899801,528310
899802,528310
899900,528310
900000,528310
900100,528700
900200,528700
900300,528700
900400,528700
900500,528700
900600,528700
900700,528700
900800,528700
900901,528700
900902,528700
901000,528700
901100,528700
901200,528700
901301,528700
901302,528700
901400,528700
901500,528700
901600,528700
901700,528700
901800,528700
901901,528700
901902,528700
902000,528700
902100,528700
902200,528700
902300,528800
902400,528800
902500,528800
902600,528800
902700,528800
902800,528800
902901,528800
902902,528800
903001,528700
903002,528800
903100,528800
903201,528800
903202,528800
903203,528800
903300,528800
903400,528800
903500,528800
903600,528800
903700,528800
903800,528800
903900,528800
904000,528800
904100,528800
904200,528800
904300,528800
904400,528800
904500,528800
904601,528800
904602,528800
904700,528800
904800,528501
904900,528501
905000,528501
905100,528501
905200,528501
905300,528501
905402,528504
905403,528504
905404,528504
905405,528504
905406,528504
905500,528501
905600,528501
905701,528501
905702,528501
905805,528501
905807,528501
905808,528501
905809,528501
905810,528501
905811,528501
905812,528501
905901,528501
905902,528501
906000,528501
906100,528501
906200,528501
906301,528503
906302,528503
906404,528503
906405,528503
906406,528503
906407,528503
906408,528503
906409,528503
906410,528503
906411,528503
906501,528503
906502,528503
906600,528504
906700,528504
906800,528504
906900,528504
907000,528504
907100,528501
907200,528501
907301,528402
907302,528402
907401,528403
907402,528402
907500,528403
907601,528406
907602,528503
907700,528403
907800,528403
907900,528403
908000,528403
908100,528403
908200,529700
908300,529700
908400,529700
908501,529700
908502,529700
908600,529700
908700,529700
908800,529700
908900,529700
909000,529700
909100,529700
909200,529700
909301,529700
909302,529700
909401,529700
909402,529700
909500,529700
909601,529700
909602,529700
909700,529700
909800,529700
909900,529700
910000,529700
910100,529700
910200,529700
910300,529700
910400,529700
910500,529700
910600,529700
910700,529700
910800,529700
910900,529700
911000,529700
911101,529700
911102,529700
911200,529700
911300,529700
911401,529700
911402,529700
911500,529700
911600,529700
911700,529700
911800,529700
911900,529700
912000,529700
912100,529700
912200,529700
912300,529700
912400,529700
912500,529700
912600,529700
912700,528900
912800,528900
912900,528900
913000,528900
913100,528900
913200,528900
913300,528900
913400,528900
913500,528900
913600,528900
913700,528900
913800,528900
913900,528900
914000,528900
914100,528900
914200,528900
914300,528900
914400,528900
914500,528900
914600,528900
914700,528900
914801,528900
914802,528900
914900,528900
915000,528900
915101,528900
915102,528900
915103,528900
915200,528900
915300,528900
915400,528900
915500,528900
915600,528900
915700,528900
915800,528900
915900,528900
916000,528900
916101,528900
916102,528900
916200,528900
916301,528602
916302,528602
916401,528900
916402,528900
916500,529000
916600,529000
916701,529000
916702,529000
916703,529000
916800,529000
916900,529000
917001,528601
917002,528601
917003,528601
917100,529000
917200,529000
917300,529000
917400,529000
917500,529000
917600,529000
917700,529000
917800,529000
917900,529000
918000,529000
918100,529000
918200,529000
918300,529000
918400,529000
918500,529000
918600,529000
918700,529000
918800,529000
918900,529000
919000,529000
919100,529000
919200,529000
919300,529000
919400,529000
919500,529000
919600,529000
919700,528601
919801,528601
919802,528601
919901,528601
919902,528601
920000,528601
920103,528601
920104,528601
920105,528601
920106,528601
920201,528601
920202,528601
920301,528601
920302,528601
920401,528601
920402,528601
920500,528601
920600,528601
920701,528601
920702,528601
920800,528601
920901,528602
920902,528602
921001,528602
921002,528602
921100,528602
921200,528602
921302,528602
921303,528602
921304,528602
921305,528602
921401,528602
921402,528602
921501,528602
921503,528602
921504,528602
921603,528602
921604,528602
921605,528602
921606,528602
921607,528602
921701,528602
921702,528602
921703,528602
921800,528602
921900,530400
922000,530400
922101,530400
922102,530400
922201,530400
922202,530400
922300,530400
922400,530400
922500,530400
922600,530400
922700,530400
922800,530400
922900,530400
923000,530400
923101,530400
923102,530400
923200,530400
923300,530400
923400,530400
923500,530400
923600,530400
923700,530400
923800,530400
923900,530400
924000,530400
924100,530400
924200,530400
924300,530400
924400,530400
924500,529300
924600,529300
924703,529300
924704,529300
924705,529300
924706,529300
924707,529300
924800,529300
924901,529300
924902,529300
924903,529300
925000,529300
925100,529300
925201,529300
925202,529300
925203,529300
925301,529300
925303,529300
925304,529300
925400,529300
925500,529300
925600,529300
925700,529300
925800,529300
925900,529300
926000,529300
926100,529300
926200,529300
926300,529300
926400,529300
926500,529300
926600,529300
926700,529300
926800,529300
926900,529300
927001,529200
927003,529200
927004,529200
927101,529200
927103,529200
927104,529200
927105,529200
927201,529200
927203,529200
927204,529200
927206,529200
927207,529200
927208,529200
927300,529200
927401,529200
927402,529200
927502,529100
927503,529100
927504,529100
927505,529200
927506,529200
927507,529200
927508,529200
927600,529200
927700,529200
927801,529200
927802,529200
927803,529200
927804,529200
927805,529200
927901,529200
927902,529200
928000,529200
928100,529200
928200,529200
928301,529200
928302,529200
928401,529200
928402,529200
928500,529200
928600,529200
928700,529200
928800,529200
928900,529200
929001,529200
929002,529200
929100,529200
929200,529200
929300,529200
929400,529200
929501,529100
929502,529100
929602,529100
929604,529100
929605,529100
929606,529100
929700,529100
929800,529100
929900,529100
930000,529100
930101,529100
930102,529100
930103,529100
930200,529100
930300,529100
930401,529100
930402,529100
930403,529100
930404,529100
930405,529100
930500,529100
930601,529100
930602,529100
930603,529100
930604,529100
930700,529100
930800,529100
930901,529200
930902,529100
931000,529100
931100,529100
931200,529100
931300,529100
931400,529100
931500,529100
931600,529100
931701,529100
931702,529100
931703,529100
931800,529100
931900,529100
932000,529100
932100,529100
932200,529100
932300,529100
932400,529100
932500,527221
932600,527221
932700,527221
932801,527221
932802,527221
932900,527221
933000,527221
933100,527221
933200,527221
933300,527221
933400,527221
933500,527221
933600,527221
933700,527221
933800,527221
933900,527221
934000,527221
934100,527221
934200,527221
934300,527221
934400,527221
934500,527221
934600,527221
934700,527221
934801,527221
934802,527222
934900,527221
935000,527222
935100,527222
935200,527222
935300,527222
935400,527222
935500,527222
935600,527210
935700,527210
935800,527210
935900,527210
936001,527210
936002,527210
936100,527210
936200,527210
936300,527210
936400,527210
936501,527210
936502,526900
936600,527210
936700,527210
936800,527210
936900,527210
937000,527210
937100,527210
937200,527210
937300,527210
937400,527210
937500,527210
937600,527210
937700,527210
937800,527210
937900,526900
938000,526900
938100,526900
938201,526900
938202,526900
938301,526900
938302,526900
938303,526900
938400,526900
938500,526900
938602,527210
938603,527210
938604,527210
938701,527210
938702,527210
938800,527210
938900,526702
939000,527210
939100,527210
939200,527210
939301,527210
939302,527210
939400,527210
939500,527210
939600,527210
939700,527210
939800,527210
939900,527210
940001,527210
940002,527210
940100,527210
940200,527210
940300,527210
940400,527210
940500,527111
940600,527111
940701,527111
940702,527111
940800,527402
940900,527111
941002,527111
941003,527402
941004,527402
941005,527402
941100,527111
941200,527111
941300,527111
941402,527111
941403,527111
941404,527111
941500,527111
941600,527111
941700,527111
941800,527111
941900,527402
942000,527402
942100,527402
942201,527402
942202,527402
942203,527402
942300,527402
942400,527402
942500,527402
942600,527402
942701,527402
942702,527402
942800,527402
942900,527402
943000,527402
943100,527402
943200,527402
943300,527402
943401,527402
943402,527402
943403,527402
943500,527402
943600,527402
943700,527402
943800,527402
943900,527402
944000,527402
944100,527402
944200,527402
944300,527402
944400,527402
944500,527402
944600,527401
944700,527401
944800,527401
944900,527401
945000,527401
945100,527401
945200,527401
945300,527401
945400,527401
945500,527401
945600,527401
945700,527401
945800,527401
945900,527401
946000,527401
946100,527401
946200,527401
946300,527401
946400,527401
946500,527401
946600,527401
946700,527402
946800,527402
946900,527402
947000,527402
947100,527402
947200,527402
947300,527402
947400,527111
947500,527111
947600,527111
947700,527111
947800,527111
947900,527111
948001,527111
948002,527111
948100,527111
948200,527111
948300,527111
948400,527111
948500,527111
948600,527111
948700,527111
948801,527111
948802,527112
948900,527111
949000,527123
949100,527111
949200,527123
949300,527111
949400,527111
949500,527111
949601,527122
949602,527122
949700,527123
949800,527123
949900,527123
950000,527123
950100,527123
950200,527123
950300,527123
950400,527123
950500,527123
950600,527123
950700,527123
950800,527123
950900,527123
951001,527123
951002,527112
951101,527123
951102,527112
951201,527123
951202,527112
951300,527112
951400,527112
951500,527112
951600,527112
951704,527123
951705,527005
951706,527005
951707,527005
951708,527005
951709,527005
951710,527005
951711,527005
951801,527123
951802,527009
951803,527123
951902,527007
951903,527007
951904,527007
951905,527007
951906,527007
951907,527007
951908,527008
951909,527008
951910,527008
951911,527007
951912,527007
951913,527007
952006,527006
952007,527006
952008,527006
952009,527006
952010,527006
952015,527006
952018,527008
952019,527008
952020,527008
952021,527008
952023,527006
952026,527006
952027,527006
952028,527006
952029,527006
952030,527006
952031,527006
952032,527006
952033,527006
952034,527006
952035,527006
952036,527006
952037,527006
952038,527007
952039,527007
952040,527007
952041,527007
952042,527007
952043,527007
952044,527007
952045,527007
952046,527007
952047,527007
952048,527007
952049,527007
952050,527007
952051,527007
952052,527006
952053,527006
952054,527006
952055,527006
952056,527006
952057,527006
952058,527006
952059,527007
952060,527007
952061,527007
952062,527007
952063,527006
952064,527006
952065,527006
952066,527006
952067,527006
952068,527006
952104,527006
952105,527006
952106,527006
952107,529401
952108,529401
952109,529401
952113,527008
952114,527008
952115,527008
952116,527008
952117,527008
952118,527008
952119,527008
952120,527008
952121,527008
952122,527008
952123,527008
952124,527008
952125,527008
952126,527008
952127,527008
952201,527009
952202,527009
952203,527009
952204,527009
952205,527009
952206,527009
952207,527009
952208,527009
952209,527009
952210,527009
952211,527009
952212,527009
952213,527009
952214,527009
952215,527009
952216,527009
952217,527009
952218,527009
952219,527009
952220,527009
952221,527009
952222,527009
952223,527009
952224,527009
952225,527009
952226,527009
952227,527009
952228,527009
952229,527009
952230,527009
952231,527009
952232,527009
952233,527009
952234,527009
952235,527009
952236,527009
952237,527009
952238,527009
952239,527009
952302,529402
952304,529402
952305,529402
952306,529402
952308,527009
952309,527009
952310,527009
952311,527009
952312,527009
952313,527009
952314,527009
952316,527009
952317,527009
952318,527009
952319,527009
952320,527009
952321,527009
952322,527009
952323,527009
952324,527009
952325,527009
952326,527009
952327,527009
952328,527009
952329,527009
952330,527009
952331,527009
952332,527009
952333,527009
952334,527009
952400,527123
952500,527123
952601,527123
952602,527123
952700,527123
952800,527123
952900,527123
953001,527123
953002,527123
953100,527122
953200,527122
953300,527123
953400,527122
953500,527125
953600,527122
953700,527122
953800,527122
953900,527111
954000,527122
954100,527122
954203,529501
954204,529503
954206,529503
954207,529503
954208,529503
954209,529503
954210,527125
954211,527124
954300,527124
954403,529503
954405,529503
954406,529503
954407,529503
954408,529503
954409,527124
954410,527125
954411,527124
954412,527125
954500,527125
954600,527111
954700,527125
954801,527125
954802,527125
954901,530600
954903,527124
954904,527125
955000,527125
955100,527125
955201,527124
955202,527125
955203,527125
955204,527124
955300,527124
955400,527125
955500,527125
955600,527125
955700,527125
955800,527125
955900,527125
956001,527131
956002,527131
956100,527004
956200,527004
956300,527004
956401,527004
956402,527004
956500,527004
956601,527004
956602,527004
956700,527004
956802,527131
956803,527131
956804,527131
956805,527131
956806,527131
956900,527125
957000,527004
957100,527131
957200,527131
957300,527131
957401,527131
957402,527131
957500,527004
957600,527131
957700,527131
957801,527131
957802,527131
957901,527131
957902,527131
958000,527131
958100,527131
958200,527131
958300,527131
958401,534500
958402,535241
958501,535241
958502,535241
958503,535241
958504,535241
958600,527133
958700,527133
958800,527133
958901,527133
958902,527134
959001,527133
959002,527134
959101,527501
959102,527501
959103,527501
959104,527501
959107,527133
959108,527133
959109,527133
959110,527134
959111,527134
959112,527134
959113,527134
959114,527134
959115,527501
959201,535241
959202,535241
959203,535241
959204,527503
959300,535241
959400,535241
959500,527133
959600,527133
959700,527131
959800,527133
959901,527133
959902,527133
959903,527133
959904,527133
959905,527133
960003,527133
960004,527133
960005,527133
960006,527133
960007,527502
960008,527502
960009,527502
960100,527133
960200,527133
960300,527131
960400,527131
960500,527131
960601,527131
960602,527131
960603,527131
960604,527131
960700,530800
960800,527131
960901,527131
960902,527131
960903,527131
960904,527131
961000,527131
961100,527501
961200,527501
961300,527501
961400,527501
961500,527501
961600,527501
961700,527501
961800,527501
961900,527501
962000,527503
962100,527501
962200,527501
962300,527501
962400,527501
962500,527501
962601,527503
962602,527503
962700,527503
962800,527503
962900,527503
963000,527503
963100,527503
963200,527502
963300,527502
963400,527502
963500,527502
963600,527502
963700,527502
963800,527502
963900,527502
964000,527502
964100,527502
964200,527502
964300,527502
964400,527502
964500,527502
964600,527502
964700,527502
964800,527502
964900,527503
965000,527503
965100,527503
965200,527503
965300,527503
965400,527503
965501,527505
965502,527505
965504,527505
965505,527505
965600,527505
965700,527505
965800,527504
965900,527505
966001,527504
966002,527504
966003,527504
966004,527504
966101,527504
966102,527504
966103,527504
966104,527504
966201,527505
966202,527505
966203,527505
966204,527505
966300,527505
966400,527505
966500,527504
966600,527504
966700,527504
966800,527504
966901,527504
966902,527504
966903,527504
966904,527504
966905,527504
967001,527505
967002,527505
967003,527505
967004,527505
967005,527505
967006,527505
967100,527505
967201,527505
967202,527505
967203,527505
967300,527504
967401,527504
967402,527504
967500,527504
967601,527504
967602,527504
967700,527505
967801,527505
967802,527505
967901,527505
967902,527505
968000,527505
968101,527504
968102,527504
968201,527505
968202,527505
968203,527505
968204,527505
968301,531003
968302,531003
968400,531003
968501,531003
968503,531003
968504,531003
968505,531003
968506,531003
968507,531003
968601,531003
968602,531003
968603,531003
968604,531003
968605,531003
968701,531003
968702,531003
968703,531003
968705,531003
968706,531003
968707,531003
968708,531003
968709,531003
968710,531003
968711,531003
968800,531003
968900,531003
969000,531003
969100,531001
969201,531001
969203,531001
969204,531001
969205,531001
969300,531002
969400,531002
969500,531002
969601,531002
969602,531002
969603,531002
969701,531003
969702,531003
969703,531003
969704,531003
969705,531003
969706,531003
969707,531003
969708,531003
969709,531003
969800,531003
969900,531002
970000,531002
970100,531002
970200,531002
970300,531002
970401,531001
970402,531001
970403,531001
970404,531001
970405,531001
970406,531001
970500,531001
970601,531001
970602,531001
970603,531001
970700,531001
970800,531001
970900,531001
971000,531002
971100,531002
971200,531002
971300,531002
971400,531002
971500,531002
971601,531002
971602,531002
971700,531002
971800,531002
971900,531002
972000,531002
972100,531002
972201,531002
972202,531002
972203,531002
972204,531002
972301,531002
972302,531002
972303,531002
972304,531002
972400,531002
972500,531002
972600,531004
972700,531004
972800,531004
972901,531004
972902,531004
972903,531004
973000,531002
973100,531002
973200,531002
973300,531004
973400,531004
973500,531002
973600,531004
973700,531004
973800,531004
973900,531004
974000,531004
974100,531004
974200,531004
974300,531004
974400,531004
974500,531004
974601,531004
974602,531004
974701,531004
974702,531004
974800,531004
974901,531004
974902,531004
974903,531004
974904,531004
974905,531004
975000,531004
975100,531004
975200,531004
975300,531004
975402,531004
975403,531004
975404,531004
975500,527912
975600,527916
975700,527916
975801,527916
975802,527916
975803,527917
975900,527916
976001,527916
976002,527916
976003,527916
976004,527916
976101,528200
976102,527916
976200,527912
976300,527912
976400,528200
976500,528403
976600,528405
976701,528406
976702,528406
976712,528504
976713,528504
976714,528504
976715,528503
976716,528503
976717,528503
976721,528504
976722,528504
976723,528504
976724,528504
976725,528504
976726,528504
976727,528504
976728,528504
976729,528505
976730,528505
976731,528505
976732,528505
976733,528505
976734,528503
976735,528503
976736,528503
976737,528503
976738,528503
976739,528503
976801,528405
976802,528406
976901,527913
976902,528406
977001,527912
977002,527917
977100,528405
977201,527917
977202,528403
977301,528403
977305,528402
977306,528402
977307,528402
977308,528402
977309,528402
977310,528402
977311,528402
977400,527912
977500,527913
977600,527913
977701,527912
977702,527912
977703,527912
977801,527912
977802,527912
977803,527912
977901,527913
977902,527913
978001,527913
978002,527913
978003,527913
978004,527913
978005,527913
978102,528406
978107,528501
978108,528501
978109,528501
978110,528601
978112,528505
978113,528505
978114,528505
978115,528505
978116,528505
978117,527913
978118,527913
978119,528601
978120,528601
978121,528601
978122,528601
978123,528601
978124,528601
978125,528601
978200,527913
978300,527913
978400,527913
978500,527913
978600,527913
978700,527913
978801,527913
978803,527913
978804,527913
978900,527820
979000,527820
979101,527820
979102,527820
979200,527820
979302,527820
979303,527820
979304,527820
979400,527820
979500,527820
979601,527820
979602,527820
979603,527820
979604,527820
979700,527914
979801,527914
979802,527914
979803,527914
979804,527914
979900,527914
980001,527914
980002,527914
980003,527914
980101,527914
980102,527914
980103,527914
980104,527914
980105,527914
980200,527914
980300,527914
980400,527914
980500,527914
980600,527914
980700,527914
980800,527921
980900,527914
981001,527914
981002,527914
981100,527924
981200,527924
981300,527921
981400,527921
981500,527921
981600,527924
981700,527924
981800,527924
981900,527921
982000,527921
982100,526603
982200,526603
982301,527922
982302,527922
982400,527922
982500,527922
982600,527922
982700,527924
982800,527922
982901,527922
982902,527924
983001,527922
983002,527922
983003,527922
983004,527922
983101,527922
983102,527922
983103,527922
983200,527923
983301,527923
983303,527924
983304,527924
983305,531002
983306,531002
983400,527923
983500,527923
983600,527923
983701,527923
983702,527924
983800,527923
983900,527925
984000,527925
984100,527925
984200,527925
984300,527925
984402,529300
984404,529300
984405,529300
984406,529300
984409,527915
984410,527915
984411,527915
984412,527915
984413,527915
984414,527915
984415,527915
984501,530400
984502,527810
984505,527810
984506,527810
984507,529300
984508,529300
984509,529300
984600,527810
984701,527915
984702,527915
984703,527915
984704,527915
984705,527915
984706,527915
984800,527915
984900,527915
985000,527915
985100,527932
985200,527932
985300,527932
985400,527932
985500,527915
985601,527932
985602,527932
985603,527932
985700,527932
985801,527600
985803,527932
985804,527932
985901,527600
985902,527914
986000,527600
986100,527935
986201,527935
986202,527935
986203,527935
986300,527935
986400,527935
986500,527935
986601,527935
986602,527935
986603,527935
986604,527935
986605,531003
986700,527934
986800,527936
986900,527936
987000,527936
987100,527934
987200,527934
987300,527934
987400,527934
987500,527934
987600,527934
987700,527934
987801,531003
987802,527935
987803,531003
987901,527504
987902,527931
988000,527931
988100,527934
988200,527931
988300,527934
988400,527934
988501,527934
988502,527934
988600,527934
988700,527934
988800,527934
988901,527934
988902,527934
989000,527934
989100,527936
989201,527936
989202,527700
989301,531004
989303,527936
989304,527936
989305,527936
989306,527936
989307,527936
989308,527936
989309,527936
989310,527700
989311,527936
989400,527937
989500,527937
989600,527934
989700,527934
989800,527934
989901,527700
989902,527700
990000,527700
990100,527700
990200,527700
990300,527700
990400,527700
990500,527700
990600,527700
990700,527700
990800,527700
990900,527700
991000,528000
991100,528000
991200,528000
991301,528000
991302,528000
991303,527934
991400,528000
991500,528000
991600,528000
991702,535241
991703,528000
991704,535250
991800,528000
991900,528000
992000,528000
992100,528000
992200,531301
992301,531100
992302,531301
992303,531100
992400,531100
992500,531100
992600,531100
992701,531301
992702,531301
992801,531301
992802,531100
992900,531301
993000,531301
993102,531301
993103,531301
993104,531301
993200,531301
993300,531301
993400,618300
993500,531301
993600,531301
993700,531301
993800,531301
993900,531301
994000,531301
994101,531301
994103,531301
994104,531301
994200,531301
994300,531301
994400,531301
994501,531301
994502,531301
994600,531301
994701,531301
994702,531301
994703,531301
994800,531301
994900,531301
995000,531303
995100,531303
995200,531303
995300,531303
995400,531303
995501,531303
995502,531200
995600,531301
995701,531301
995702,531200
995802,531301
995803,531301
995804,531301
995901,531301
995902,531301
996000,531301
996101,531301
996102,531301
996200,531200
996300,531200
996400,531200
996500,531200
996600,531200
996700,531200
996800,531200
996900,531200
997000,531200
997100,531200
997200,531200
997300,531200
997400,531200
997500,531200
997600,531200
997700,531200
997800,531200
997900,531200
998000,531200
998100,531200
998200,531200
998300,531200
998400,531200
998500,531200
998600,531200
998700,531200
998800,531304
998901,531304
998902,531304
999000,531304
999101,531304
999102,531304
999201,531304
999202,531304
999300,531304
999400,531304
999500,531304
999600,531304
999700,531304
999800,531304
999900,531304
1000000,531304
1000100,531304
1000200,531304
1000300,531304
1000400,531304
1000500,531304
1000600,531304
1000700,531304
1000800,531304
1000900,531304
1001002,531200
1001003,531304
1001004,531304
1001101,531304
1001103,531200
1001104,531200
1001105,531200
1001201,531304
1001202,531200
1001203,531200
1001300,531304
1001401,531200
1001402,531200
1001501,531304
1001502,531304
1001601,531304
1001602,531304
1001700,531304
1001800,531304
1001900,531304
1002000,531304
1002100,531304
1002200,531304
1002300,531304
1002400,531304
1002500,531304
1002600,531304
1002701,531304
1002703,531200
1002704,531200
1002802,531200
1002803,531304
1002804,531304
1002805,531304
1002806,531304
1002900,531304
1003000,531304
1003100,531304
1003200,531304
1003300,531304
1003400,531304
1003501,531304
1003502,531200
1003600,531304
1003700,531304
1003800,531304
1003900,531304
1004000,531304
1004101,531304
1004102,531304
1004200,531304
1004300,531304
1004400,531304
1004500,531304
1004600,531304
1004700,531304
1004800,531304
1004901,531304
1004902,531304
1005101,532000
1005102,532000
1005200,532000
1005300,532000
1005400,532000
1005500,532000
1005600,532000
1005700,532000
1005800,532000
1005900,532000
1006000,532000
1006100,532000
1006200,532000
1006301,532000
1006302,532000
1006400,532000
1006500,532000
1006600,532000
1006700,532000
1006800,532000
1006900,532000
1007001,532000
1007002,532000
1007100,532000
1007201,532000
1007202,532000
1007300,532000
1007400,532000
1007500,532000
1007601,532000
1007602,532000
1007700,532000
1007800,532000
1007900,532000
1008000,532000
1008100,532000
1008200,532000
1008300,532000
1008400,532000
1008500,532000
1008600,532000
1008701,532000
1008702,532000
1008800,532000
1008900,532000
1009000,532000
1009100,532000
1009200,532000
1009300,532000
1009400,532000
1009500,532000
1009600,532000
1009700,532000
1009801,532000
1009802,532000
1009900,532000
1010000,531720
1010101,531720
1010102,531720
1010103,531720
1010201,531720
1010202,531720
1010300,531720
1010400,531720
1010500,531720
1010600,531720
1010701,531720
1010702,532000
1010801,531720
1010802,531720
1010900,531731
1011000,531731
1011100,531731
1011200,531731
1011301,531731
1011302,531731
1011303,531731
1011401,531731
1011403,531731
1011404,531731
1011405,531731
1011500,531800
1011601,531800
1011602,531800
1011603,531800
1011604,531800
1011701,531800
1011702,531800
1011800,531731
1011900,531732
1012000,531732
1012100,531732
1012200,531732
1012300,531732
1012400,531800
1012500,531800
1012600,531800
1012700,531800
1012800,531800
1012900,531800
1013000,531800
1013100,531800
1013200,531800
1013300,531800
1013400,531800
1013501,531800
1013502,532700
1013601,531800
1013602,531800
1013701,531800
1013702,531800
1013801,531800
1013802,531800
1013901,531800
1013902,531800
1014001,531800
1014002,531800
1014100,531800
1014200,531800
1014300,531800
1014400,531800
1014500,531800
1014600,531800
1014700,531800
1014801,531800
1014802,531800
1014900,531800
1015000,531800
1015100,531800
1015200,531800
1015301,531800
1015302,531800
1015400,531500
1015500,531500
1015600,531500
1015700,531500
1015800,531500
1015900,531500
1016001,531720
1016003,531710
1016004,531710
1016005,531710
1016006,531710
1016101,531710
1016102,531710
1016202,531710
1016203,531710
1016204,531710
1016301,531710
1016302,531720
1016400,531710
1016500,531710
1016600,531710
1016700,531710
1016800,531710
1016900,531710
1017000,531710
1017100,531710
1017200,531710
1017301,531710
1017302,531710
1017303,531710
1017400,531720
1017500,531720
1017600,531720
1017700,531720
1017800,531720
1017900,531720
1018000,531800
1018100,531800
1018200,531720
1018300,531720
1018401,531800
1018402,531800
1018500,531720
1018600,531720
1018700,531720
1018800,531720
1018900,531720
1019000,531720
1019101,531720
1019102,531720
1019103,531710
1019104,531720
1019200,531600
1019300,531600
1019401,531720
1019402,531720
1019500,531720
1019601,531720
1019602,531720
1019603,531720
1019700,531720
1019800,531720
1019902,531720
1019903,531731
1019904,531731
1020001,531720
1020002,531731
1020101,531731
1020102,531720
1020201,531731
1020202,531720
1020301,531731
1020302,531731
1020400,531731
1020500,531731
1020600,531731
1020700,531731
1020800,531731
1021000,532903
1021100,532501
1021200,532501
1021301,532903
1021302,532501
1021400,532501
1021500,532501
1021600,532501
1021700,532501
1021800,532501
1021900,532501
1022000,532501
1022100,532300
1022200,532300
1022300,532300
1022400,532501
1022500,532601
1022600,532501
1022700,532601
1022800,532601
1022900,532601
1023000,532601
1023100,532601
1023200,532601
1023300,532601
1023400,532601
1023500,532601
1023600,532601
1023700,532601
1023800,532601
1023900,532601
1024000,532601
1024100,532601
1024200,532601
1024300,532601
1024400,532601
1024500,532601
1024600,532601
1024700,532601
1024800,532601
1024900,532601
1025001,532601
1025002,532602
1025101,532601
1025102,532602
1025201,532601
1025202,532602
1025300,532602
1025400,532601
1025500,532601
1025600,532601
1025700,532200
1025801,532200
1025802,532200
1025803,532200
1025901,532200
1025902,532200
1025903,532200
1025904,532200
1026001,532200
1026002,532200
1026003,532200
1026004,532200
1026005,532200
1026006,532200
1026007,532200
1026008,532200
1026101,532200
1026102,532200
1026103,532200
1026104,532200
1026105,532200
1026106,532200
1026107,532200
1026108,532200
1026109,532200
1026110,532200
1026200,541320
1026301,532501
1026302,532502
1026401,532502
1026402,532502
1026403,532502
1026404,532502
1026405,532502
1026406,532502
1026503,532200
1026504,532200
1026505,532200
1026506,532200
1026507,532200
1026508,532200
1026509,532502
1026510,532502
1026601,532502
1026602,541348
1026701,532502
1026702,541348
1026800,532700
1026900,532700
1027000,532700
1027100,532700
1027200,532700
1027300,532700
1027400,532700
1027500,532700
1027601,532700
1027602,532700
1027702,532903
1027703,532501
1027704,532501
1027800,532501
1027900,532501
1028000,532700
1028100,532700
1028200,532700
1028300,532501
1028400,532601
1028500,532501
1028600,532501
1028700,532501
1028801,532501
1028802,532502
1028900,532601
1029001,532601
1029002,541501
1029100,532501
1029200,532501
1029300,532700
1029400,532501
1029500,532501
1029600,532501
1029700,532501
1029800,532501
1029900,532501
1030000,532700
1030100,532501
1030200,532501
1030300,532501
1030400,532501
1030500,532501
1030600,532501
1030700,532501
1030800,532501
1030900,532501
1031000,532501
1031100,532501
1031200,532501
1031300,532501
1031400,532501
1031500,532501
1031600,532901
1031701,532901
1031702,532901
1031800,532901
1031900,532901
1032001,532901
1032002,532901
1032100,532901
1032201,532901
1032202,532902
1032300,532902
1032400,532902
1032500,532902
1032600,532902
1032700,532902
1032800,532902
1032900,532903
1033000,532903
1033100,532903
1033200,532903
1033300,532901
1033400,532901
1033500,532901
1033600,532901
1033700,532901
1033800,532901
1033900,532902
1034000,532902
1034100,532902
1034200,532902
1034300,532902
1034400,532902
1034500,532902
1034600,532902
1034700,532902
1034800,532902
1034900,532902
1035000,532902
1035100,532902
1035200,532902
1035300,532902
1035400,532902
1035500,532902
1035600,532902
1035700,532902
1035800,532902
1035900,532902
1036000,532902
1036100,532902
1036200,532902
1036300,532902
1036400,532902
1036500,532903
1036600,532902
1036700,532902
1036800,532902
1036900,532902
1037000,532902
1037100,532902
1037200,532902
1037300,532903
1037400,532902
1037500,532902
1037600,532902
1037700,532903
1037800,532903
1037900,532902
1038000,532904
1038100,532904
1038200,532904
1038300,532904
1038400,532904
1038500,532904
1038600,532904
1038700,532904
1038800,532904
1038900,532904
1039000,532904
1039100,532700
1039201,531732
1039202,532501
1039300,532501
1039400,532501
1039501,532501
1039502,532501
1039503,541320
1039600,532700
1039700,532700
1039800,532700
1039900,532700
1040000,532700
1040100,532700
1040200,532700
1040300,532700
1040400,532700
1040500,532700
1040600,532700
1040700,532700
1040800,532700
1040900,532700
1041000,532400
1041100,532400
1041200,532400
1041300,532400
1041400,532400
1041500,532400
1041600,532700
1041701,532700
1041702,532700
1041703,532700
1041800,532700
1041901,532700
1041902,532700
1042000,532700
1042100,532700
1042200,532700
1042300,532700
1042400,532700
1042500,532700
1042600,533200
1042701,533200
1042702,533200
1042703,533200
1042800,619302
1043000,533200
1043101,533200
1043102,533200
1043202,533200
1043203,533200
1043204,533200
1043205,533200
1043206,533200
1043207,533200
1043208,533200
1043209,533200
1043210,533200
1043211,533200
1043212,533200
1043501,533200
1043502,533100
1043602,533100
1043603,533200
1043604,533200
1043605,533200
1043701,619302
1043702,619302
1043703,619302
1043802,533200
1043803,533200
1043804,533100
1043805,533100
1043806,533100
1043900,533200
1044001,533100
1044002,533100
1044003,533100
1044004,533100
1044005,533100
1044006,533100
1044007,533100
1044100,533100
1044200,533100
1044300,533100
1044400,533100
1044500,533100
1044600,533100
1044700,533100
1044800,533100
1044900,533100
1045000,533100
1045102,533200
1045103,533200
1045104,533200
1045105,533200
1045106,533200
1045107,533200
1045108,533200
1045109,533200
1045110,533200
1045111,533200
1045112,533200
1045113,533200
1045114,533200
1045401,533200
1045402,533200
1045403,533200
1045404,533200
1045405,533200
1045406,533200
1045407,533200
1045408,533200
1045409,533200
1045410,533200
1045411,533200
1045412,533200
1045413,533200
1045414,533200
1045415,533200
1045504,533200
1045505,533200
1045507,533000
1045508,533000
1045509,533000
1045510,533000
1045511,533000
1045512,533000
1045513,533000
1045516,533200
1045517,533200
1045518,533200
1045519,533200
1045520,533200
1045522,533200
1045523,533200
1045524,533200
1045525,533200
1045526,533200
1045527,533200
1045528,533200
1045600,533200
1045702,533200
1045705,533100
1045706,533100
1045707,533100
1045708,533100
1045709,533100
1045710,533100
1045711,533100
1045712,533100
1045801,533200
1045802,533100
1045803,533200
1045902,533200
1045903,533200
1045905,533200
1045906,533200
1046005,533000
1046009,533000
1046010,533000
1046011,533000
1046012,533000
1046014,533000
1046015,533000
1046016,533000
1046017,533000
1046018,533000
1046019,533000
1046020,533000
1046021,533000
1046022,533000
1046023,533000
1046024,533000
1046025,533000
1046026,533000
1046027,533000
1046028,533000
1046029,533000
1046030,533000
1046031,533000
1046032,533000
1046033,533000
1046034,533000
1046035,533000
1046036,533000
1046037,533000
1046038,533000
1046039,533000
1046040,533000
1046100,533200
1046203,533200
1046204,533200
1046205,533200
1046206,533200
1046207,533200
1046208,533200
1046401,533200
1046402,533200
1046403,533200
1046501,533200
1046502,533200
1046601,533000
1046602,533000
1046603,533000
1046604,533000
1046703,533000
1046704,533000
1046705,533000
1046706,533000
1046707,533000
1046708,533000
1046709,533000
1046710,533000
1046711,533000
1046712,533000
1046801,533000
1046802,533000
1046803,533000
1046804,533000
1046805,533000
1046806,533000
1046807,533000
1046901,533000
1046902,533000
1046903,533000
1046904,533000
1046905,533000
1047004,533000
1047005,533000
1047006,533000
1047007,533000
1047008,533000
1047009,533000
1047101,533000
1047102,533000
1047103,533000
1047200,533000
1047300,533000
1047501,533200
1047502,533200
1047503,533200
1047601,533200
1047604,533200
1047605,533200
1047606,533200
1047607,533200
1047608,533200
1047609,533200
1047610,533200
1047611,533200
1047701,533200
1047702,533200
1047803,533200
1047805,533200
1047806,533200
1047903,533200
1047904,533200
1047905,533200
1047906,533200
1047907,533200
1047908,533200
1047909,533200
1047910,533200
1047911,533200
1047912,533200
1047913,533200
1047914,533200
1047915,533200
1048001,533200
1048002,533200
1048101,533200
1048102,533200
1048200,619302
1048402,619302
1048406,533200
1048407,533200
1048409,619302
1048608,534200
1048700,533501
1048800,533501
1048900,533501
1049000,533501
1049100,533501
1049200,533501
1049400,533501
1049500,533501
1049601,533501
1049602,533501
1049700,533501
1049800,533501
1049900,533501
1050100,533501
1050200,533501
1050300,533501
1050400,533501
1050500,533501
1050600,533501
1050700,533501
1050800,533501
1050901,533501
1050902,533501
1050903,533501
1051001,533501
1051002,533501
1051100,533501
1051200,533501
1051300,533501
1051400,533501
1051500,533502
1051600,533501
1051700,533502
1051800,533501
1051900,533502
1052000,533502
1052100,533502
1052200,533501
1052300,533501
1052400,533501
1052500,533502
1052600,533502
1052700,533502
1052800,533502
1052900,533502
1053000,533502
1053100,533502
1053200,533502
1053300,533502
1053400,533502
1053600,533502
1053700,533502
1053800,533502
1053900,533502
1054000,533502
1054102,533502
1054103,533502
1054104,533502
1054105,533502
1054201,533502
1054202,533502
1054203,533502
1054301,533502
1054302,533502
1054400,533502
1054500,533502
1054600,533502
1054701,533502
1054702,533502
1054800,533502
1054900,533502
1055001,533502
1055002,533502
1055003,533502
1055100,533502
1055200,533502
1055300,533502
1055401,533502
1055402,533502
1055500,533502
1055600,533502
1055700,533502
1055800,533502
1055900,533502
1056001,533502
1056002,533502
1056100,533502
1056201,533603
1056202,533603
1056300,533603
1056402,533603
1056403,533603
1056404,533603
1056502,533603
1056503,533603
1056504,533603
1056505,533603
1056601,533604
1056602,533603
1056701,533603
1056703,533603
1056704,533603
1056705,533603
1056801,533604
1056802,533604
1056803,533604
1056900,533604
1057001,533604
1057002,533604
1057003,533604
1057101,533604
1057102,533604
1057201,533604
1057202,533604
1057302,533603
1057304,533603
1057305,533603
1057306,533603
1057401,533603
1057402,533603
1057403,533603
1057501,533603
1057502,533603
1057600,533603
1057701,533603
1057702,533603
1057801,533603
1057802,533603
1057900,533603
1058000,533603
1058100,533603
1058200,533603
1058300,533603
1058400,533603
1058500,533603
1058600,533603
1058700,533603
1058801,533603
1058802,533603
1058901,533603
1058902,533603
1059001,533603
1059002,533603
1059003,533603
1059100,533603
1059202,533400
1059209,533603
1059210,533603
1059211,533400
1059212,533400
1059213,533400
1059214,533400
1059215,533400
1059216,533400
1059217,533400
1059218,533400
1059219,533400
1059220,533400
1059221,533400
1059222,533400
1059223,533400
1059224,533400
1059225,533400
1059226,533400
1059302,533400
1059304,533603
1059305,533603
1059306,533603
1059307,533400
1059309,533400
1059310,533400
1059311,533400
1059312,533400
1059313,533400
1059314,533400
1059315,533400
1059402,533603
1059403,533603
1059404,533603
1059503,533603
1059504,533603
1059505,533603
1059506,533603
1059507,533603
1059603,533603
1059607,533602
1059608,533602
1059612,533603
1059613,533603
1059614,533603
1059615,533603
1059616,533603
1059617,533603
1059618,533602
1059619,533602
1059620,533602
1059621,533602
1059622,533602
1059623,533602
1059624,533602
1059625,533602
1059626,533602
1059627,533602
1059628,533602
1059629,533602
1059630,533602
1059631,533602
1059632,533602
1059633,533602
1059634,533602
1059635,533602
1059636,533602
1059703,619302
1059704,619302
1059804,533400
1059805,533400
1059806,533400
1059807,533400
1059808,533400
1059809,533400
1059810,533400
1059811,533400
1059812,533400
1059813,533400
1059814,533400
1059815,533400
1059816,533400
1059904,533400
1059905,533400
1059906,533400
1059907,533400
1059908,533400
1059909,533400
1059910,533400
1060003,533602
1060004,533602
1060005,533602
1060006,533602
1060007,533602
1060103,533602
1060104,533602
1060105,533602
1060106,533602
1060107,533602
1060109,533602
1060110,533602
1060111,533602
1060112,533602
1060210,533602
1060211,533602
1060212,533602
1060213,533602
1060214,533602
1060215,533602
1060216,533602
1060217,533602
1060218,533602
1060219,533602
1060220,533602
1060221,533602
1060222,533602
1060223,533602
1060224,533602
1060225,533602
1060226,533602
1060300,533603
1060406,533603
1060408,533603
1060409,533603
1060411,533603
1060412,533603
1060413,533603
1060414,533603
1060415,533603
1060416,533603
1060417,533603
1060418,533603
1060419,533603
1060420,533603
1060421,533300
1060422,533603
1060423,533300
1060424,533300
1060425,533300
1060426,533300
1060427,533300
1060428,533300
1060429,533300
1060430,533300
1060431,533300
1060432,533300
1060501,533603
1060502,533300
1060503,533300
1060602,619302
1060701,533300
1060702,533300
1060703,533300
1060801,533300
1060802,533300
1060900,533300
1061001,533300
1061004,533300
1061005,533300
1061006,533300
1061007,533300
1061008,533300
1061009,533300
1061010,533300
1061100,533300
1061201,533300
1061202,533300
1061300,533300
1061401,533300
1061402,533300
1061403,533300
1061404,533300
1061501,533300
1061503,533300
1061506,533300
1061507,533300
1061508,533300
1061509,533300
1061601,533300
1061603,533300
1061604,533300
1061605,533300
1061606,533300
1061800,533902
1061900,533902
1062000,533902
1062100,533902
1062200,533902
1062300,533902
1062400,533902
1062500,533902
1062600,533902
1062700,533902
1062800,533902
1062900,533902
1063000,533902
1063100,533901
1063200,533901
1063301,533901
1063303,533800
1063304,533800
1063306,533800
1063307,533800
1063401,533800
1063402,533901
1063500,533902
1063600,533902
1063700,533902
1063800,533902
1063901,533903
1063902,533903
1064000,533903
1064100,533902
1064200,533902
1064300,533902
1064400,533901
1064500,533901
1064600,533903
1064700,533903
1064800,533901
1064900,533901
1065000,533901
1065100,533901
1065200,533903
1065300,533901
1065400,533903
1065500,533903
1065600,533901
1065700,533901
1065800,533901
1065900,533901
1066000,533901
1066100,533901
1066200,533901
1066300,533901
1066400,533901
1066500,533901
1066600,533901
1066700,533901
1066800,533901
1066900,533901
1067000,533901
1067100,533901
1067200,533901
1067300,533901
1067400,533901
1067501,533901
1067502,533901
1067600,533901
1067700,533901
1067800,533901
1067903,533800
1067904,533800
1067905,533800
1067906,533800
1067907,533800
1067908,533800
1067909,533800
1068001,533800
1068002,533800
1068100,533800
1068200,533800
1068301,533901
1068302,533901
1068400,533901
1068500,533901
1068600,533901
1068700,533901
1068800,533901
1068900,533901
1069000,533901
1069100,533901
1069200,533901
1069300,533901
1069401,533901
1069402,527210
1069500,533901
1069600,533901
1069700,533901
1069800,533901
1069900,533901
1070000,533901
1070100,534300
1070200,534300
1070300,534300
1070400,534300
1070500,534300
1070600,534300
1070700,534300
1070800,534300
1070900,534300
1071000,534300
1071100,534300
1071200,534300
1071300,534300
1071401,534300
1071402,534300
1071501,534300
1071502,534300
1071600,534300
1071700,534300
1071800,534300
1071900,534300
1072000,534300
1072101,534300
1072102,534300
1072201,534300
1072202,534300
1072301,534300
1072302,534300
1072303,534300
1072304,534300
1072400,534300
1072501,534300
1072502,534300
1072601,534300
1072602,534300
1072700,534300
1072800,534300
1072900,534300
1073000,534300
1073100,534300
1073200,534300
1073300,534300
1073400,534300
1073500,534300
1073600,534300
1073700,534300
1073800,534300
1073901,534300
1073902,534300
1074000,534300
1074100,534300
1074200,534300
1074300,534300
1074400,534200
1074500,534200
1074600,534200
1074700,534200
1074800,534200
1074900,534200
1075000,534200
1075100,534200
1075200,534200
1075300,534200
1075400,534200
1075500,534200
1075602,534300
1075603,534300
1075604,534300
1075700,534300
1075801,534200
1075802,534300
1075804,534300
1075805,534300
1075901,534200
1075902,534200
1076000,534200
1076100,534200
1076200,534200
1076300,534200
1076400,534200
1076501,534200
1076502,534200
1076601,534200
1076602,534200
1076700,534200
1076800,534200
1076900,534603
1077001,534603
1077002,534603
1077100,534603
1077201,534800
1077202,534603
1077300,534603
1077401,534400
1077402,534400
1077403,534400
1077404,534400
1077501,534400
1077502,534400
1077503,534400
1077601,534400
1077602,534400
1077603,534400
1077700,534400
1077800,534400
1077901,534400
1077902,534400
1077903,534400
1078001,534400
1078002,534400
1078003,534400
1078004,534400
1078101,534400
1078102,534400
1078103,534400
1078104,534400
1078201,534400
1078202,534400
1078203,534400
1078204,534400
1078205,534400
1078300,534400
1078400,534400
1078500,534400
1078600,534400
1078700,534400
1078800,534400
1078900,534400
1079000,534400
1079100,534400
1079200,534400
1079300,534400
1079400,534400
1079500,534400
1079600,534400
1079700,534400
1079800,534400
1079900,534400
1080000,534400
1080100,534400
1080200,534400
1080300,534400
1080400,534400
1080500,534400
1080600,534400
1080700,534400
1080800,534400
1080900,534400
1081001,534100
1081002,534100
1081003,534100
1081004,534100
1081005,534100
1081006,534100
1081100,534100
1081200,534100
1081300,534100
1081400,534100
1081500,534100
1081600,534100
1081700,534100
1081800,534100
1081900,534100
1082000,534100
1082100,534100
1082201,534100
1082202,534100
1082301,534100
1082302,534100
1082303,534100
1082400,534100
1082500,534200
1082600,534200
1082701,534200
1082702,534200
1082703,534200
1082704,534200
1082705,534200
1082706,534200
1082707,534200
1082708,534200
1082709,534200
1082710,534200
1082800,534200
1082901,534200
1082902,534200
1082903,534400
1082904,534400
1082905,534400
1083001,534400
1083002,534400
1083101,534200
1083102,534100
1083202,534200
1083203,534100
1083204,534100
1083205,534200
1083206,534100
1083301,534200
1083303,534400
1083304,534400
1083305,534400
1083400,534200
1083502,534100
1083503,534100
1083504,534200
1083601,534200
1083602,534100
1083701,534200
1083702,534200
1083800,534200
1083900,534200
1084000,534200
1084100,534200
1084200,534200
1084300,534200
1084400,534200
1084500,534200
1084601,534200
1084603,534200
1084604,534100
1084700,534200
1084800,534200
1084900,534200
1085000,534200
1085100,534200
1085200,534200
1085301,534200
1085302,534200
1085400,534901
1085500,534901
1085600,534901
1085700,534901
1085800,534901
1085900,534901
1086001,534901
1086002,534901
1086003,534901
1086004,534901
1086103,534901
1086104,534901
1086105,534901
1086106,534901
1086107,534901
1086201,534901
1086202,534901
1086203,534901
1086204,534901
1086301,534901
1086302,534901
1086303,534901
1086304,534901
1086400,534901
1086500,534902
1086601,534902
1086602,534902
1086707,534902
1086708,534902
1086709,534902
1086710,534902
1086711,534902
1086712,534902
1086713,534902
1086714,534902
1086715,534902
1086716,534902
1086717,534902
1086800,534902
1086900,534902
1087000,534902
1087100,534902
1087200,534902
1087300,534902
1087400,534902
1087500,534902
1087600,534902
1087700,534902
1087800,534901
1087900,534901
1088000,534902
1088100,534902
1088200,534901
1088300,534901
1088400,534901
1088500,534901
1088600,534901
1088700,534902
1088800,534901
1088900,534901
1089000,534901
1089100,534902
1089200,534902
1089300,534902
1089400,534902
1089503,534902
1089504,534902
1089505,534902
1089506,534902
1089507,534902
1089508,534902
1089509,534902
1089600,534902
1089700,534902
1089800,534902
1089900,534902
1090000,534902
1090100,534902
1090200,534902
1090300,534902
1090400,534902
1090500,534902
1090600,534500
1090700,534500
1090800,534500
1090901,534500
1090903,534901
1090904,534901
1090905,534500
1091000,534500
1091100,534500
1091200,534500
1091300,534500
1091400,534500
1091501,534901
1091502,534500
1091600,534500
1091701,534500
1091702,534500
1091800,534500
1091900,534500
1092000,534500
1092100,534500
1092200,534500
1092300,534500
1092402,534902
1092403,534500
1092404,534500
1092405,534500
1092500,534603
1092600,534603
1092700,534604
1092800,534500
1092901,534500
1092902,534500
1093000,534500
1093100,534500
1093200,534500
1093300,534500
1093400,534500
1093500,534500
1093600,534603
1093700,534603
1093800,534603
1093900,534603
1094000,534603
1094101,534603
1094102,534603
1094200,534603
1094300,534603
1094400,534603
1094500,534603
1094600,534603
1094700,534603
1094800,534603
1094900,534603
1095000,534603
1095100,534603
1095200,534603
1095300,534603
1095400,534603
1095500,534603
1095600,534603
1095700,534603
1095800,534603
1095900,534603
1096000,534603
1096100,534603
1096200,534603
1096300,534603
1096400,534603
1096500,534603
1096600,534602
1096700,534602
1096800,534602
1096900,534602
1097000,534602
1097100,534604
1097200,534604
1097300,534604
1097400,534604
1097500,534604
1097600,534604
1097700,534604
1097800,534604
1097900,534604
1098000,534604
1098100,534604
1098200,534604
1098300,534604
1098400,534604
1098500,534604
1098601,534604
1098602,534604
1098603,534604
1098604,534604
1098700,534604
1098800,534604
1098900,534604
1099000,534604
1099100,534604
1099200,534604
1099300,534604
1099400,534604
1099500,534604
1099600,534604
1099700,534500
1099800,534604
1099900,534604
1100000,534604
1100101,534604
1100102,534604
1100200,534604
1100300,534500
1100400,534500
1100500,534500
1100600,534500
1100700,534500
1100800,534500
1100900,534500
1101000,534500
1101100,534500
1101200,534500
1101300,534500
1101400,534800
1101500,534800
1101600,534800
1101700,534800
1101800,534800
1101900,534800
1102000,534800
1102100,534800
1102200,534800
1102300,534800
1102400,534800
1102501,534800
1102502,534800
1102600,534800
1102700,534800
1102800,534800
1102900,534800
1103000,534800
1103100,534800
1103200,534800
1103301,534800
1103302,534800
1103400,534800
1103500,534800
1103600,534800
1103700,534800
1103800,534800
1103900,534800
1104000,534800
1104100,534800
1104200,534800
1104300,534800
1104400,534800
1104500,534800
1104600,534800
1104700,534800
1104800,534800
1104900,534800
1105000,534800
1105100,534800
1105200,534800
1105301,534800
1105302,534604
1105400,534800
1105500,534603
1105600,534603
1105700,534603
1105800,534603
1105900,534603
1106000,534603
1106101,534603
1106102,534603
1106103,534603
1106200,534603
1106300,534603
1106400,534603
1106500,534603
1106602,534800
1106603,534800
1106604,534800
1106605,534800
1106700,534602
1106800,534604
1106900,534604
1107000,534604
1107100,534604
1107200,534604
1107300,534604
1107400,534604
1107500,534604
1107600,534604
1107702,534800
1107703,534800
1107704,534800
1107705,534604
1107800,534604
1107900,534604
1108000,534604
1108100,534604
1108200,534602
1108300,534604
1108400,534604
1108500,534604
1108600,534604
1108700,534604
1108800,534604
1108900,534604
1109000,534604
1109100,534604
1109200,534604
1109300,534604
1109400,534604
1109500,534604
1109601,534604
1109602,534604
1109700,534604
1109800,534604
1109900,534604
1110000,534604
1110100,534604
1110200,534604
1110300,534604
1110400,534604
1110500,534604
1110600,534604
1110700,534604
1110800,534604
1110900,534604
1111000,534604
1111100,534604
1111200,534604
1111300,535000
1111400,535000
1111500,535000
1111600,535000
1111700,535000
1111800,535220
1111900,535220
1112001,535220
1112002,535220
1112100,535220
1112201,535220
1112202,535220
1112300,535220
1112401,535220
1112402,535220
1112500,535220
1112600,535220
1112700,535220
1112800,535220
1112901,535220
1112902,535220
1112903,535220
1113000,535220
1113101,535220
1113102,535231
1113200,535220
1113301,535220
1113302,535231
1113400,535220
1113500,535231
1113600,535231
1113700,535231
1113800,535231
1113900,535231
1114000,535231
1114100,535231
1114201,535231
1114202,535232
1114300,535231
1114400,535231
1114500,535231
1114601,536630
1114602,538811
1114700,535232
1114801,535231
1114802,535232
1114901,535232
1114902,535232
1115000,535232
1115100,535231
1115200,535231
1115300,535220
1115400,535242
1115500,535220
1115600,535242
1115700,535242
1115801,535232
1115802,535250
1115803,535250
1115901,535242
1115902,535220
1116000,535242
1116100,535242
1116200,535242
1116300,535242
1116400,535242
1116500,535242
1116601,535242
1116602,535250
1116701,535242
1116702,535250
1116800,535220
1116900,535220
1117000,535220
1117101,535220
1117102,535242
1117201,535220
1117202,535242
1117300,535220
1117400,535220
1117500,535220
1117600,535220
1117702,535502
1117703,535502
1117704,535220
1117800,535220
1117901,535220
1117902,535242
1118001,535501
1118003,535501
1118004,535501
1118005,535501
1118102,535501
1118104,535501
1118105,535501
1118106,535501
1118107,535501
1118108,535501
1118109,535501
1118110,535501
1118111,535501
1118112,535501
1118113,535501
1118203,535501
1118204,535501
1118205,535501
1118206,535501
1118207,535501
1118208,535501
1118209,535501
1118301,535501
1118303,535501
1118304,535501
1118400,535501
1118500,535501
1118600,535501
1118700,535502
1118800,535502
1118901,535502
1118902,535502
1119000,535502
1119100,535502
1119200,535502
1119300,535502
1119400,535502
1119500,535502
1119600,535502
1119702,535502
1119703,535502
1119704,535502
1119705,535502
1119706,535502
1119801,535502
1119802,535502
1119803,535502
1119804,535502
1119805,535502
1119901,535502
1119902,535502
1119903,535502
1119904,535502
1119905,535502
1119906,535502
1120000,535501
1120101,535501
1120102,535501
1120103,535501
1120104,535501
1120105,535501
1120106,535501
1120107,535501
1120108,535501
1120109,535501
1120200,535501
1120301,535502
1120302,535502
1120400,535502
1120500,535502
1120601,535502
1120602,535502
1120700,535502
1120800,535502
1120900,535502
1121000,535502
1121100,535502
1121200,535502
1121301,535502
1121302,535502
1121303,535502
1121304,535502
1121400,535501
1121500,535501
1121600,535501
1121700,535501
1121801,535502
1121802,535502
1121900,535502
1122000,535502
1122100,535502
1122200,535502
1122300,535502
1122400,535241
1122500,535241
1122600,535241
1122700,535241
1122800,535241
1122901,535241
1122902,535242
1123000,535241
1123100,535241
1123200,535241
1123300,535241
1123400,535241
1123500,535241
1123600,535241
1123700,535241
1123801,535241
1123802,535241
1123900,535241
1124001,535241
1124002,535250
1124100,535100
1124200,535100
1124301,535100
1124302,535100
1124400,535100
1124500,535100
1124600,535100
1124700,535100
1124800,535250
1124901,535242
1124902,535250
1125001,535250
1125002,535250
1125100,535250
1125200,535250
1125301,535250
1125302,535242
1125400,535250
1125500,535250
1125600,535250
1125700,535250
1125800,535250
1125900,535250
1126000,535250
1126100,535250
1126200,535250
1126300,535250
1126400,535250
1126500,535250
1126600,535250
1126700,535250
1126800,535250
1126900,535250
1127001,535250
1127002,535232
1127100,535232
1127200,535232
1127300,535250
1127400,535232
1127501,535250
1127502,535250
1127601,535232
1127602,535232
1127701,535232
1127702,535232
1127703,538861
1127800,535232
1127901,535232
1127902,535232
1128001,535250
1128003,535250
1128004,535600
1128101,535250
1128102,535250
1128200,535250
1128300,535600
1128400,535600
1128500,535600
1128600,535600
1128700,535600
1128800,535600
1128900,535600
1129000,535600
1129100,535600
1129200,535600
1129300,535600
1129401,535600
1129402,535600
1129501,535600
1129502,535600
1129600,535600
1129700,535600
1129800,535600
1129900,535600
1130000,535600
1130100,535600
1130200,535600
1130300,535600
1130400,535600
1130500,535600
1130600,535600
1130700,535600
1130800,535600
1130900,535600
1131000,535600
1131101,535600
1131102,535600
1131200,535600
1131301,535600
1131302,535600
1131400,535600
1131500,535600
1131600,535600
1131700,535600
1131800,535600
1131900,535600
1132000,535600
1132101,535600
1132102,535600
1132200,535600
1132300,535600
1132400,535600
1132501,535250
1132502,535261
1132601,535250
1132602,535261
1132700,535261
1132800,535261
1132900,535261
1133000,535261
1133101,535261
1133102,535261
1133201,535211
1133204,535261
1133205,535261
1133206,535261
1133301,535211
1133302,535261
1133401,535250
1133402,535261
1133501,535261
1133502,535261
1133600,535261
1133700,535261
1133800,535261
1133900,535261
1134000,535261
1134100,535261
1134202,535211
1134203,535261
1134204,535261
1134301,535211
1134302,535261
1134400,535261
1134500,535232
1134600,535330
1134700,535330
1134800,535330
1134900,535330
1135000,535330
1135100,535330
1135200,535330
1135300,535330
1135400,535330
1135500,535330
1135600,535330
1135702,535310
1135703,535330
1135704,535330
1135800,535320
1135901,535310
1135902,535310
1136000,535310
1136100,535310
1136200,535310
1136300,535310
1136400,535310
1136500,535310
1136600,535310
1136701,535310
1136702,535310
1136801,535310
1136802,535320
1136900,535310
1137000,535310
1137100,535310
1137200,535310
1137300,535310
1137400,535340
1137500,535340
1137600,535340
1137700,535340
1137800,535340
1137900,535340
1138000,535340
1138100,535340
1138200,535340
1138300,535340
1138400,535340
1138500,535340
1138600,535340
1138700,535340
1138800,535340
1138904,535320
1138905,535320
1138906,535320
1138907,535320
1138908,535320
1138909,535320
1139000,535350
1139100,535350
1139200,535350
1139300,535350
1139401,535350
1139402,535320
1139500,535350
1139600,535350
1139700,535350
1139800,535330
1139900,535330
1140000,535330
1140100,535330
1140200,535330
1140300,535330
1140400,535330
1140500,535330
1140600,535330
1140700,535330
1140800,535330
1140900,535330
1141000,535330
1141100,535340
1141200,535340
1141300,535330
1141400,535340
1141500,535340
1141600,535340
1141700,535340
1141800,535340
1141900,535340
1142000,535340
1142100,535340
1142200,535340
1142300,535340
1142400,535340
1142500,535340
1142600,535340
1142700,535340
1142800,535340
1142900,535340
1143000,535350
1143100,535350
1143200,535350
1143300,535350
1143400,535350
1143500,535350
1143600,535350
1143700,535350
1143800,535350
1143900,535350
1144000,535350
1144100,535350
1144200,535350
1144300,535350
1144400,535350
1144500,535350
1144600,535370
1144700,535380
1144800,535380
1144900,535370
1145000,535380
1145100,535380
1145200,535370
1145300,535370
1145401,535360
1145402,535360
1145500,535360
1145600,535360
1145701,535360
1145702,535360
1145800,535360
1145900,535360
1146000,535360
1146101,535360
1146102,535360
1146200,535360
1146301,535360
1146302,535360
1146400,535360
1146500,535360
1146601,535360
1146602,535370
1146700,535370
1146800,535370
1146900,535370
1147000,535360
1147100,535360
1147200,535360
1147300,535370
1147400,535370
1147500,535370
1147600,535370
1147700,535370
1147800,535370
1147900,535370
1148000,535370
1148100,535370
1148200,535370
1148300,535370
1148400,535370
1148500,535370
1148600,535370
1148700,535370
1148800,535370
1148900,535370
1149000,535370
1149100,535370
1149200,535370
1149300,535370
1149400,535370
1149500,535380
1149600,535380
1149700,535380
1149800,535380
1149900,535380
1150000,535360
1150100,535360
1150200,535370
1150300,535370
1150400,535360
1150500,535360
1150601,535360
1150602,535360
1150603,535360
1150604,535360
1150702,535360
1150703,535360
1150704,535360
1150801,535360
1150802,535360
1150903,535360
1150904,535360
1150905,535360
1150906,535360
1150907,535360
1150908,535360
1150909,535360
1151001,535360
1151002,535360
1151003,535360
1151004,535360
1151101,535211
1151102,535262
1151200,535262
1151301,535212
1151302,535262
1151401,535212
1151402,535212
1151500,535212
1151600,535212
1151701,535212
1151702,535262
1151800,535262
1151901,535212
1151902,535262
1152000,535212
1152100,535212
1152201,535211
1152202,535262
1152301,535211
1152302,535262
1152401,535212
1152402,535262
1152501,535212
1152502,535262
1152601,535212
1152602,535262
1152700,535262
1152800,535262
1152900,535262
1153001,537000
1153002,537000
1153003,537000
1153004,537000
1153100,537000
1153203,537000
1153204,537000
1153205,537000
1153206,537000
1153207,537000
1153208,537000
1153300,537000
1153401,537000
1153402,537000
1153501,537000
1153503,537000
1153504,537000
1153505,537000
1153601,537000
1153602,537000
1153604,537000
1153605,537000
1153606,537000
1153607,537000
1153701,537000
1153702,537000
1153801,537000
1153802,537000
1153900,537000
1154001,537000
1154002,537000
1154003,537000
1154004,537000
1154005,537000
1154101,537000
1154102,537000
1154201,537000
1154202,537000
1154203,537000
1154301,537000
1154302,537000
1154303,537000
1154304,537000
1154305,537000
1154306,537000
1154400,537000
1154501,537000
1154502,537000
1154503,537000
1154504,537000
1154601,537201
1154602,537201
1154701,537201
1154702,537201
1154801,537201
1154802,537201
1154803,537201
1154804,537201
1154901,537201
1154902,537201
1154903,537201
1155000,537201
1155101,537201
1155102,537201
1155103,537201
1155200,537201
1155300,537201
1155401,537201
1155402,537201
1155500,537201
1155601,537201
1155602,537201
1155603,537201
1155700,537202
1155800,537201
1155900,537201
1156000,537201
1156100,537201
1156200,537202
1156300,537202
1156400,537201
1156501,537201
1156502,537201
1156503,537201
1156504,537201
1156505,537201
1156506,537201
1156507,537201
1156600,537201
1156700,537201
1156800,537202
1156900,537202
1157000,537202
1157100,537202
1157200,537201
1157301,537201
1157302,537201
1157401,537202
1157402,537202
1157403,537202
1157404,537202
1157500,537202
1157601,537202
1157602,537202
1157700,537202
1157800,537202
1157901,537202
1157902,537202
1157903,537202
1157904,537202
1157905,537202
1157906,537202
1158000,537202
1158101,537202
1158102,537202
1158200,537202
1158300,537100
1158401,537100
1158403,537100
1158405,537100
1158406,537100
1158407,537100
1158501,537100
1158502,537100
1158600,537100
1158700,537100
1158800,537100
1158900,537100
1159000,537100
1159101,537100
1159102,537100
1159201,537100
1159202,537100
1159301,537100
1159302,537100
1159303,537100
1159401,537100
1159403,537100
1159404,537100
1159405,537100
1159406,537100
1159407,537100
1159501,537301
1159502,537301
1159503,537301
1159600,537301
1159700,537301
1159800,537301
1159901,537301
1159902,537301
1160000,537301
1160103,537301
1160104,537301
1160105,537301
1160106,537301
1160107,537301
1160108,537301
1160109,537301
1160200,537301
1160301,537301
1160302,537301
1160401,537301
1160402,537301
1160500,537301
1160600,537301
1160700,537301
1160801,537301
1160802,537301
1160803,537301
1160901,537301
1160902,537301
1160903,537301
1161001,537301
1161002,537301
1161003,537301
1161101,537301
1161104,537301
1161106,537301
1161107,537301
1161108,537301
1161109,537301
1161110,537301
1161111,537301
1161200,537301
1161301,537301
1161302,537301
1161303,537301
1161304,537301
1161400,537302
1161505,537302
1161506,537302
1161507,537302
1161508,537302
1161509,537302
1161510,537302
1161511,537302
1161512,537302
1161513,537302
1161514,537302
1161515,537302
1161516,537302
1161517,537302
1161518,537302
1161600,537302
1161700,537400
1161801,537400
1161802,537400
1161803,537400
1161804,537400
1161901,537400
1161903,537400
1161904,537400
1161905,537400
1162000,537400
1162100,537400
1162200,537400
1162300,537400
1162401,537400
1162402,537400
1162403,537400
1162404,537400
1162501,537400
1162502,537400
1162600,537400
1162701,537400
1162702,537400
1162800,538202
1162901,538202
1163001,538201
1163002,538202
1163100,538201
1163200,538201
1163300,538201
1163400,538201
1163500,538201
1163600,538201
1163700,538201
1163800,538201
1163900,538201
1164000,538201
1164100,538201
1164200,538201
1164300,538201
1164400,536510
1164500,538201
1164600,538201
1164700,538201
1164800,538201
1164900,538201
1165000,538201
1165100,538201
1165200,538201
1165300,538201
1165400,538201
1165500,538201
1165600,538201
1165700,538201
1165800,538201
1166000,538201
1166100,538201
1166200,538201
1166300,538201
1166400,538201
1166500,538201
1166600,538201
1166701,538201
1166702,538201
1166703,538201
1166704,538201
1166800,538101
1166901,538101
1166902,538101
1166903,538101
1167000,538101
1167101,538102
1167102,538102
1167103,538102
1167104,538102
1167200,538102
1167301,538102
1167302,538102
1167303,538102
1167304,538102
1167401,538102
1167402,538102
1167403,538102
1167404,538102
1167500,538102
1167601,538101
1167602,538101
1167700,538102
1167801,538101
1167803,538101
1167804,538101
1167900,538101
1168001,538101
1168002,538101
1168003,538101
1168100,538102
1168200,538102
1168300,538102
1168400,538102
1168501,538102
1168502,538102
1168600,538102
1168700,538102
1168800,538102
1168900,538102
1169000,538102
1169101,538102
1169102,538102
1169201,538101
1169202,538101
1169203,538101
1169204,538101
1169301,538101
1169302,538101
1169400,538101
1169500,538101
1169600,538101
1169700,538101
1169800,538102
1169900,538102
1170001,538102
1170002,538102
1170003,538102
1170100,538102
1170200,538102
1170400,538101
1170500,538101
1170600,538102
1170700,538102
1170800,538102
1170900,538102
1171000,538102
1171100,538102
1171201,537500
1171202,537500
1171300,537500
1171400,537500
1171500,537500
1171600,537500
1171700,537500
1171800,537500
1171900,537500
1172000,537500
1172100,537500
1172200,537500
1172301,537500
1172302,537500
1172303,537500
1172400,537500
1172500,537500
1172600,537500
1172700,537500
1172800,537500
1172900,537700
1173000,537700
1173101,537700
1173102,537700
1173103,537700
1173200,537700
1173300,537700
1173400,537700
1173500,537700
1173600,537700
1173700,537700
1173800,537700
1173900,537700
1174000,537700
1174100,537700
1174200,537700
1174300,537700
1174400,537700
1174500,537700
1174602,536508
1174701,537500
1174702,537601
1174800,537601
1174900,537601
1175000,537601
1175100,537601
1175201,537601
1175202,537601
1175300,537601
1175400,537601
1175500,537601
1175600,537601
1175701,537601
1175702,537601
1175800,537601
1175900,537601
1176000,537601
1176100,537601
1176200,537601
1176300,537601
1176400,537601
1176500,537601
1176601,537601
1176602,537601
1176603,537601
1176604,537601
1176605,537601
1176606,537601
1176700,537601
1176800,537601
1176900,537601
1177000,537601
1177100,537601
1177201,537601
1177202,537601
1177300,537601
1177400,537601
1177500,537601
1177600,537601
1177700,537601
1177800,537900
1177900,537800
1178002,537800
1178003,537800
1178004,537800
1178100,537900
1178201,537900
1178202,537900
1178300,538000
1178400,538000
1178500,538000
1178600,538000
1178700,538000
1178800,538000
1178900,538000
1179001,538000
1179002,538000
1179100,538000
1179200,538000
1179301,538000
1179302,538000
1179401,538000
1179402,538000
1179403,538000
1179502,537900
1179503,537900
1179504,537900
1179505,537900
1179506,537900
1179602,537900
1179605,537900
1179606,537900
1179607,537900
1179608,537900
1179609,537900
1179610,537900
1179701,537900
1179702,537900
1179801,538301
1179802,538301
1179901,538301
1179902,538301
1179903,538301
1180001,538302
1180004,538302
1180005,538302
1180006,538302
1180007,538302
1180010,538302
1180011,538302
1180012,538302
1180013,538302
1180014,538302
1180015,538302
1180016,538302
1180017,538302
1180018,538302
1180019,538302
1180020,538302
1180021,538302
1180100,538302
1180201,538303
1180202,538303
1180203,538303
1180301,538301
1180304,538301
1180305,538303
1180306,538303
1180307,538303
1180403,538303
1180404,538303
1180405,538303
1180406,538303
1180407,538303
1180408,538303
1180409,538303
1180601,535700
1180602,535700
1180603,535700
1180700,535700
1180800,535700
1181001,536614
1181002,536614
1181100,534100
1181201,534100
1181202,536400
1181301,536400
1181302,536400
1181401,536400
1181402,536400
1181403,536400
1181404,536400
1181405,536400
1181406,536400
1181500,536400
1181600,536614
1181701,536614
1181703,536614
1181704,536614
1181705,536614
1181706,536614
1181801,536614
1181802,536614
1181803,536614
1181804,536614
1181903,536614
1181904,536614
1181905,536614
1181906,536614
1181907,536614
1181908,536614
1181909,536614
1182100,536614
1182202,534200
1182203,534200
1182205,536615
1182206,536615
1182207,536615
1182300,536615
1182500,536613
1182600,536613
1182702,535800
1182703,536615
1182704,536615
1182705,536615
1182706,536615
1182800,535800
1182900,535800
1183003,535800
1183004,535800
1183005,535800
1183006,535800
1183007,535800
1183101,535800
1183102,535800
1183103,535800
1183104,535800
1183201,535800
1183202,535800
1183203,535800
1183204,535800
1183205,535800
1183206,535800
1183207,535800
1183300,535800
1183401,535800
1183402,535800
1183403,535800
1183404,535800
1183405,535800
1183406,535800
1183407,535800
1183408,535800
1183409,535800
1183501,535800
1183502,535800
1183601,535800
1183602,535800
1183700,535800
1183803,535800
1183804,535800
1183805,535800
1183806,535800
1183807,535800
1183808,535800
1183809,535800
1183901,535800
1183902,535800
1183903,535800
1183904,535800
1183905,535800
1183906,535800
1184000,536611
1184100,536611
1184200,536611
1184300,536611
1184401,536611
1184500,536611
1184600,536611
1184801,536615
1184802,536615
1184901,536615
1184902,536615
1185000,536615
1185100,536615
1185201,536615
1185202,536615
1185300,536615
1185400,536615
1185500,536615
1185600,536620
1185800,536620
1185900,536620
1186000,536620
1186100,536620
1186201,536620
1186202,536620
1186301,536620
1186302,536620
1186303,536620
1186304,536620
1186400,536620
1186500,536620
1186701,536620
1186702,536620
1186703,536620
1186704,536620
1186705,536620
1186800,536613
1186901,536000
1186902,536000
1187001,536000
1187002,536000
1187100,536000
1187201,536000
1187203,536000
1187204,536000
1187207,536000
1187208,536000
1187209,536000
1187300,536000
1187401,536000
1187402,536000
1187403,536000
1187500,536000
1187700,536503
1187901,536503
1187902,536503
1187903,536503
1188001,536503
1188002,536503
1188102,536503
1188103,536503
1188104,536503
1188200,536503
1188300,536503
1188401,536503
1188403,536503
1188404,536503
1188405,536503
1188501,536503
1188502,536503
1188601,536503
1188602,536503
1188603,536503
1188802,536821
1188804,538202
1188808,538202
1188900,536620
1189001,536620
1189002,536620
1189003,536620
1189004,536620
1189101,536620
1189102,536620
1189103,536620
1189200,536620
1189302,536620
1189303,536620
1189304,536620
1189305,536620
1189400,536630
1189500,536620
1189601,536620
1189602,536620
1189603,536620
1189701,536620
1189702,536620
1189703,536620
1189800,536620
1189900,536620
1190000,536620
1190100,536514
1190200,536514
1190301,536514
1190302,536514
1190303,536514
1190304,536514
1190305,536514
1190400,536514
1190500,536514
1190601,536514
1190602,536514
1190603,536514
1190701,536513
1190702,536513
1190703,536513
1190704,536513
1190705,536513
1190706,536513
1190707,536513
1190708,536513
1190709,536513
1190801,536513
1190802,536513
1190803,536513
1190804,536513
1190805,536513
1190806,536513
1190807,536513
1190808,536513
1190809,536513
1190810,536513
1190811,536513
1190903,536514
1190904,536514
1190905,536514
1190906,536514
1190907,536514
1190908,536514
1190909,536514
1191001,536514
1191002,536514
1191100,536514
1191202,536514
1191203,536514
1191204,536514
1191205,536514
1191206,536514
1191301,536630
1191302,536514
1191400,536630
1191500,536630
1191600,536630
1191701,536630
1191702,536630
1191703,536630
1191802,536630
1191803,536514
1191804,536630
1191805,536630
1191900,536630
1192001,536630
1192002,536630
1192003,536630
1192104,537602
1192105,537602
1192106,537602
1192107,537602
1192108,537602
1192111,537602
1192112,537602
1192113,537602
1192114,537602
1192115,537602
1192116,536630
1192117,537602
1192118,537602
1192119,537602
1192120,537602
1192121,537602
1192122,537602
1192123,537602
1192124,537602
1192125,537602
1192126,537602
1192127,537602
1192128,537602
1192129,537602
1192130,537602
1192131,537602
1192132,537602
1192133,537602
1192134,537602
1192201,537602
1192202,537602
1192203,537602
1192204,537602
1192205,537602
1192209,537602
1192210,537602
1192211,537602
1192212,537602
1192213,537602
1192214,537602
1192215,537602
1192216,537602
1192217,537602
1192218,537602
1192219,537602
1192220,537602
1192221,537602
1192222,537602
1192223,537602
1192224,537602
1192225,537602
1192226,537602
1192227,537602
1192228,537602
1192229,537602
1192230,537602
1192231,537602
1192232,537602
1192233,537602
1192234,537602
1192300,536630
1192400,536630
1192500,536630
1192602,536630
1192603,536630
1192604,536630
1192701,536630
1192702,536630
1192800,537601
1192900,536630
1193001,537900
1193002,537900
1193100,537900
1193201,537900
1193202,537900
1193204,537900
1193207,537900
1193208,537900
1193209,537900
1193210,537900
1193211,537900
1193212,537900
1193213,537900
1193214,537900
1193215,537900
1193216,537900
1193217,537900
1193218,537900
1193219,537900
1193220,537900
1193303,536641
1193305,536630
1193306,536630
1193307,536630
1193308,537900
1193309,537900
1193310,537900
1193311,537900
1193312,537900
1193313,537900
1193314,537900
1193315,537900
1193402,536630
1193403,536641
1193404,536641
1193501,536630
1193502,536630
1193503,536630
1193601,536630
1193602,536630
1193701,536630
1193702,536630
1193800,536630
1193900,537602
1194000,618400
1194100,618500
1194200,536810
1194300,536810
1194400,536810
1194501,536810
1194502,536810
1194503,536810
1194504,536810
1194505,536810
1194600,536810
1194700,536810
1194800,536810
1194900,536810
1195000,536810
1195100,536810
1195200,536810
1195300,536810
1195400,536810
1195500,536810
1195600,536810
1195700,536810
1195800,536810
1195900,536810
1196000,536810
1196100,536810
1196200,536810
1196300,536810
1196400,536810
1196500,536810
1196600,536810
1196700,536810
1196800,536810
1196900,536810
1197000,536821
1197100,536821
1197200,536821
1197300,536821
1197400,536821
1197500,536821
1197600,536821
1197700,536821
1197800,536821
1197900,536821
1198000,536821
1198100,536821
1198200,536821
1198300,536821
1198400,536821
1198500,536821
1198601,536821
1198603,536821
1198604,536821
1198605,536821
1198700,536821
1198800,536821
1198900,536821
1199000,536821
1199100,536821
1199201,536821
1199202,536821
1199301,536821
1199302,536821
1199400,536831
1199500,536831
1199601,536831
1199602,536831
1199700,536831
1199800,536831
1199900,536831
1200000,536831
1200100,536821
1200200,536821
1200300,536821
1200401,536831
1200402,536831
1200500,536831
1200600,536821
1200700,536821
1200800,536831
1200900,536831
1201000,536831
1201100,536831
1201200,536831
1201300,536831
1201400,536831
1201500,536831
1201601,536831
1201604,536831
1201605,536831
1201606,536831
1201700,536831
1201800,536831
1201900,536832
1202000,536832
1202100,536832
1202200,536832
1202300,536832
1202405,536832
1202406,536832
1202407,536832
1202408,536832
1202409,536832
1202410,536832
1202411,536832
1202412,536832
1202413,536832
1202414,536832
1202415,536832
1202500,536831
1202600,536810
1202700,536810
1202800,536810
1202901,536810
1202902,536810
1203000,536810
1203100,536821
1203203,536810
1203204,536810
1203205,536810
1203206,536810
1203207,536810
1203300,536821
1203400,536821
1203500,536821
1203600,536821
1203700,536821
1203800,536821
1203900,536821
1204000,536821
1204100,536821
1204200,536821
1204300,536821
1204401,536821
1204403,536831
1204404,536831
1204502,536821
1204602,536516
1204603,536516
1204604,536516
1204605,536516
1204702,536201
1204704,536201
1204705,536201
1204707,536202
1204708,536201
1204709,536201
1204710,536201
1204711,536201
1204712,536202
1204713,536202
1204714,536202
1204806,536202
1204811,536202
1204812,536202
1204813,536202
1204814,536202
1204815,536202
1204816,536202
1204817,536202
1204818,536202
1204819,536202
1204820,536202
1204821,536202
1204822,536202
1204823,536202
1204824,536202
1204825,536202
1204826,536202
1204827,536202
1204828,536202
1204912,536832
1204915,536832
1204917,536832
1204918,536832
1204920,536832
1204921,536832
1204922,536832
1204923,536832
1204924,536832
1204925,536832
1204926,536515
1204927,536515
1204928,536515
1204929,536515
1204930,536515
1204931,536515
1204932,536517
1204933,536517
1204934,536832
1204935,536832
1204936,536832
1204937,536832
1204938,536832
1204939,536832
1204940,536832
1204941,536832
1204942,536832
1204943,536832
1204944,536832
1204945,536832
1204946,536832
1204947,536832
1204948,536832
1204949,536832
1204950,536832
1204951,536832
1204952,536832
1204953,536832
1204954,536832
1204955,536832
1204956,536832
1205005,536516
1205009,536515
1205011,536515
1205012,536516
1205015,536516
1205019,536516
1205023,536516
1205024,536516
1205025,536516
1205026,536516
1205027,536515
1205028,536516
1205029,536516
1205030,536516
1205031,536516
1205032,536516
1205035,536516
1205036,536515
1205037,536515
1205038,536515
1205039,536515
1205040,536515
1205041,536515
1205042,536515
1205044,536515
1205047,536517
1205050,536517
1205051,536517
1205052,536517
1205053,536517
1205054,536517
1205057,536517
1205058,536517
1205059,536517
1205060,536517
1205061,536516
1205062,536516
1205063,536516
1205064,536516
1205065,536516
1205066,536516
1205067,536516
1205068,536516
1205069,536516
1205070,536517
1205071,536517
1205072,536517
1205073,536517
1205074,536517
1205075,536517
1205076,536517
1205077,536517
1205078,536516
1205079,536516
1205080,536516
1205081,536516
1205082,536516
1205083,536515
1205084,536515
1205085,536515
1205086,536515
1205087,536515
1205088,536515
1205089,536515
1205090,536517
1205091,536517
1205092,536517
1205093,536517
1205094,536517
1205095,536517
1205096,536517
1205097,536517
1205098,536517
1205102,536831
1205103,536505
1205104,536505
1205105,536505
1205106,536505
1205200,536505
1205300,536505
1205401,536505
1205403,536831
1205404,536831
1205405,536831
1205406,536831
1205407,536831
1205408,536831
1205409,536831
1205501,536505
1205502,536832
1205900,538301
1206001,538303
1206002,538303
1206003,538303
1206004,538303
1206202,536641
1206203,538301
1206204,538302
1206302,536641
1206305,536641
1206306,536641
1206307,538303
1206308,538303
1206309,538303
1206310,538303
1206311,538303
1206312,538303
1206313,538303
1206314,538303
1206315,538303
1206316,538303
1206317,538303
1206318,538303
1206319,538303
1206320,538303
1206321,538303
1206322,538303
1206323,538303
1206401,536642
1206402,536642
1206403,536642
1206501,536642
1206503,536642
1206504,536642
1206505,536642
1206600,536642
1206701,536832
1206703,538303
1206704,536512
1206705,536512
1206806,536202
1206807,536642
1206811,536201
1206812,536201
1206813,536201
1206815,536201
1206816,536203
1206817,536203
1206819,536201
1206820,536201
1206821,536201
1206822,536201
1206823,536201
1206830,536203
1206831,536201
1206832,536201
1206833,536201
1206834,536201
1206835,536201
1206836,536203
1206837,536203
1206838,536203
1206839,536203
1206840,536203
1206841,536203
1206842,536203
1206843,536203
1206844,536203
1206845,536203
1206846,536203
1206847,536203
1206848,536203
1206849,536203
1206850,536203
1206851,536203
1206852,536203
1206853,536203
1206854,536203
1206855,536203
1206856,536203
1206857,536203
1206858,536203
1206859,536203
1206860,536203
1206861,536203
1206862,536203
1206902,536642
1206904,536202
1206906,536202
1206907,536202
1206908,536202
1206909,536202
1206910,536202
1206911,536202
1206912,536202
1206913,536202
1206914,536202
1206915,536202
1206916,536202
1206917,536202
1206918,536202
1206919,536202
1206920,536202
1206921,536202
1206922,536202
1206923,536202
1206924,536202
1207002,538501
1207003,536642
1207005,536642
1207006,536642
1207101,536642
1207102,538501
1207202,538501
1207203,536642
1207204,536642
1207300,536642
1207400,538501
1207500,536642
1207600,536642
1207700,538501
1207801,538501
1207802,536642
1207900,536642
1208001,536642
1208003,538502
1208004,538502
1208100,536642
1208202,538502
1208203,538502
1208204,538502
1208205,538502
1208300,536642
1208400,536642
1208501,535900
1208502,535900
1208503,535900
1208504,535900
1208505,535900
1208506,535900
1208507,535900
1208600,535900
1208700,535900
1208800,535900
1208900,535900
1209002,535900
1209200,536202
1209300,536653
1209400,536653
1209502,536653
1209600,536653
1209700,536653
1209802,536653
1209900,536654
1210000,536653
1210100,536653
1210200,536653
1210300,536653
1210401,536653
1210402,536653
1210403,536653
1210404,536653
1210500,536653
1210600,536653
1210700,536653
1210800,536653
1210900,538502
1211000,536651
1211100,536651
1211200,536651
1211300,536653
1211400,536654
1211500,536651
1211601,536651
1211603,536651
1211604,536651
1211701,536654
1211702,536654
1211800,536654
1211900,536651
1212000,536651
1212101,536654
1212102,536654
1212201,536654
1212202,536654
1212300,536654
1212400,536654
1212500,536654
1212603,536654
1212604,536654
1212605,536654
1212606,536654
1212609,536654
1212612,536654
1212613,536654
1212614,536654
1212615,536654
1212616,536654
1212617,536654
1212618,536654
1212619,536654
1212620,536654
1212621,536654
1212622,536654
1212623,536654
1212624,536654
1212625,536654
1212626,536654
1212627,536654
1212700,536654
1212800,536654
1212900,536654
1213000,536654
1213100,536654
1213200,536654
1213300,536654
1213401,536654
1213402,536654
1213500,536654
1213600,536654
1213700,536654
1213801,536654
1213802,536654
1213900,538501
1214001,538502
1214002,538502
1214003,538502
1214100,538502
1214201,538501
1214203,538501
1214204,538501
1214205,538501
1214300,538501
1214400,538501
1214500,538501
1214601,538501
1214603,538501
1214604,538501
1214605,538501
1214606,538501
1214700,538502
1214800,538502
1214900,538502
1215000,538502
1215100,538502
1215200,538502
1215300,538502
1215400,538502
1215500,538502
1215600,538502
1215700,538502
1215801,538502
1215802,538502
1215900,538502
1216000,538501
1216101,538502
1216102,538502
1216200,538502
1216300,538501
1216400,538502
1216501,538502
1216502,538502
1216600,538502
1216700,538501
1216800,538502
1216902,538502
1216903,538502
1216904,538502
1216905,538502
1216906,538502
1217001,538502
1217002,538501
1217003,538501
1217101,538502
1217103,538502
1217104,538502
1217200,539100
1217300,539100
1217400,539100
1217500,539100
1217600,539100
1217700,539100
1217800,539100
1217900,539100
1218000,539100
1218100,539100
1218200,539100
1218300,539100
1218400,539100
1218500,539100
1218600,539100
1218700,539100
1218801,539100
1218802,539100
1218900,539100
1219000,539100
1219100,539100
1219201,539100
1219202,539100
1219300,539100
1219401,539100
1219402,539100
1219500,539100
1219601,539000
1219602,539000
1219700,539000
1219800,539000
1219900,539000
1220001,539000
1220002,539000
1220100,539000
1220200,539000
1220300,539000
1220400,539200
1220501,539200
1220502,539200
1220600,539200
1220700,539200
1220800,539200
1220900,539200
1221000,539200
1221100,539200
1221200,539200
1221300,539200
1221400,539200
1221500,539200
1221600,539200
1221700,539200
1221803,540100
1221804,540100
1221805,540100
1221806,540100
1221807,540100
1221808,540100
1221809,540100
1221810,540100
1221901,540100
1221902,540100
1221903,540100
1221904,540100
1222001,540100
1222002,540100
1222003,540100
1222004,540100
1222005,540100
1222101,540100
1222102,540100
1222103,540100
1222104,540100
1222105,540100
1222106,540100
1222200,540100
1222300,540100
1222401,540200
1222402,540200
1222403,540200
1222500,540200
1222600,540200
1222700,540200
1222800,540200
1222900,540200
1223000,540200
1223100,540200
1223200,540200
1223301,540200
1223302,540200
1223400,540200
1223500,540200
1223600,540200
1223700,540200
1223800,540200
1223900,540200
1224000,540200
1224100,539400
1224200,539400
1224301,539400
1224302,539400
1224401,539400
1224402,539400
1224500,539400
1224600,539400
1224701,539400
1224702,539400
1224800,539400
1224900,539400
1225000,539400
1225100,539400
1225200,539400
1225300,539400
1225400,539400
1225500,539400
1225600,539400
1225700,539400
1225801,539400
1225802,539400
1225900,539400
1226000,539400
1226100,539400
1226201,539400
1226202,539400
1226300,539400
1226400,539700
1226500,539700
1226600,539700
1226700,539700
1226800,539700
1226900,539700
1227000,539700
1227100,539700
1227200,539700
1227300,539700
1227400,539700
1227500,539700
1227600,539700
1227700,539600
1227800,539600
1227900,539600
1228001,539600
1228002,539600
1228100,539600
1228200,539600
1228300,539600
1228400,539600
1228500,539600
1228600,539600
1228700,539600
1228800,539600
1228900,539600
1229000,539600
1229100,539600
1229200,539600
1229300,539800
1229401,539800
1229402,539800
1229403,539800
1229500,539800
1229601,539800
1229602,539800
1229701,539800
1229702,539800
1229703,539800
1229704,539800
1229705,539800
1229800,539500
1229901,539500
1229902,539500
1229903,539500
1230000,539500
1230100,539500
1230200,539500
1230300,539500
1230401,539500
1230402,539500
1230500,539310
1230601,539310
1230602,539310
1230706,539310
1230707,539310
1230711,539310
1230712,539310
1230713,539310
1230714,539310
1230715,539310
1230716,539310
1230717,539310
1230718,539320
1230719,539320
1230720,539320
1230721,539320
1230723,539320
1230724,539320
1230725,539320
1230726,539320
1230727,539320
1230728,539320
1230801,539310
1230802,539310
1230900,539320
1231003,539320
1231005,539320
1231006,539320
1231007,539320
1231008,539320
1231009,539320
1231010,539320
1231011,539320
1231012,539320
1231100,539320
1231200,539320
1231300,539320
1231400,540300
1231500,540300
1231600,540300
1231700,540300
1231800,540410
1231900,540410
1232000,540410
1232101,540410
1232102,540410
1232200,540410
1232300,540410
1232400,540410
1232500,540410
1232600,540410
1232700,540410
1232800,540410
1232900,540410
1233000,540410
1233100,540410
1233200,540410
1233300,540410
1233400,540410
1233500,540410
1233600,540410
1233700,540410
1233800,540410
1233900,540410
1234000,540410
1234100,540410
1234200,540410
1234300,540410
1234400,540410
1234500,540410
1234600,540410
1234700,540410
1234800,540410
1234900,540410
1235000,540410
1235100,540410
1235200,540410
1235301,540420
1235302,540420
1235303,540420
1235304,540420
1235400,540420
1235500,540420
1235600,540420
1235700,540420
1235800,540420
1235900,540420
1236000,540410
1236100,540410
1236200,540410
1236300,540410
1236400,540410
1236500,540420
1236600,540420
1236700,540420
1236800,540420
1236900,540420
1237000,540420
1237100,540420
1237200,540420
1237300,540420
1237400,539900
1237500,539900
1237600,539900
1237700,539900
1237800,539900
1237900,539900
1238000,539900
1238100,539900
1238200,539900
1238300,539900
1238400,539900
1238500,539900
1238600,539900
1238700,539900
1238800,539900
1238900,539900
1239000,539900
1239100,540520
1239200,540520
1239300,540520
1239401,540520
1239402,540520
1239403,540520
1239500,540520
1239600,540520
1239700,540520
1239800,540520
1239900,540520
1240000,540520
1240100,540520
1240201,540520
1240202,540520
1240203,540520
1240300,540520
1240400,540520
1240500,540520
1240600,540520
1240700,540520
1240800,540520
1240900,540520
1241000,540520
1241100,540510
1241200,540510
1241300,540510
1241400,540510
1241500,540510
1241600,540510
1241700,540510
1241800,540510
1241900,540510
1242000,540510
1242100,540510
1242200,540510
1242300,540510
1242400,540510
1242500,540510
1242600,540510
1242700,540510
1242800,540510
1242900,540510
1243000,540510
1243100,540600
1243200,540600
1243300,540600
1243401,540600
1243402,540600
1243500,540600
1243601,540600
1243602,540600
1243603,540600
1243604,540600
1243700,540600
1243800,540600
1243900,540600
1244000,540600
1244100,540000
1244200,540000
1244300,540000
1244400,540000
1244500,540000
1244600,540000
1244700,540000
1244800,540000
1244900,540000
1245001,540000
1245002,540000
1245003,540000
1245101,540000
1245102,540000
1245200,540000
1245300,540000
1245400,540000
1245500,540000
1245600,540000
1245701,540000
1245702,540000
1245801,540000
1245802,540000
1245901,540000
1245902,540000
1246000,540700
1246100,540700
1246200,540700
1246300,540700
1246400,540700
1246500,540700
1246600,538601
1246700,538601
1246801,538601
1246802,538601
1246900,538601
1247000,538601
1247100,538601
1247200,538602
1247300,538602
1247400,538602
1247500,538602
1247600,538602
1247700,538602
1247800,538602
1247901,538602
1247902,539200
1248000,538602
1248100,538601
1248200,538601
1248300,538601
1248400,538601
1248500,538601
1248600,538601
1248700,538601
1248800,538601
1248900,538601
1249001,538601
1249002,538601
1249100,538601
1249200,538601
1249300,538601
1249400,538601
1249500,538601
1249602,538601
1249603,538601
1249604,538601
1249605,538601
1249606,538601
1249700,538811
1249801,538811
1249802,538811
1249803,538811
1249804,538811
1249901,538811
1249902,538601
1250001,538811
1250002,538811
1250004,538811
1250005,538811
1250101,538811
1250102,538811
1250200,538811
1250300,538811
1250401,538820
1250402,538820
1250500,538820
1250600,538820
1250701,538820
1250702,538820
1250703,538820
1250704,538820
1250705,538820
1250706,538820
1250707,538820
1250708,538820
1250709,538820
1250801,538820
1250802,538820
1250803,538820
1250804,538820
1250900,538820
1251000,538820
1251100,538820
1251202,538811
1251203,538811
1251204,538811
1251205,538811
1251206,538811
1251207,538811
1251300,538820
1251400,538741
1251500,538742
1251603,538820
1251604,538820
1251605,538820
1251606,538820
1251607,538820
1251608,538820
1251609,538820
1251700,538820
1251800,538820
1251900,538820
1252000,538820
1252100,538820
1252201,538812
1252202,538811
1252300,538820
1252400,538820
1252501,538820
1252503,538820
1252504,538820
1252602,538820
1252603,538820
1252604,538820
1252700,538820
1252801,538820
1252802,538820
1252803,538820
1252900,538820
1253001,538820
1253002,538820
1253100,538820
1253200,538820
1253300,538820
1253400,538820
1253501,538741
1253502,538741
1253601,538741
1253602,538741
1253701,538741
1253702,538741
1253800,538741
1253901,538741
1253903,538741
1253905,538741
1253906,538741
1253907,538741
1253908,538741
1254000,538741
1254100,538741
1254200,538741
1254301,538741
1254302,538741
1254303,538741
1254304,538741
1254305,538741
1254306,538741
1254307,538741
1254403,538721
1254404,538721
1254405,538722
1254407,538741
1254408,538741
1254409,538741
1254410,538741
1254411,538741
1254412,538741
1254501,538742
1254502,538742
1254503,538742
1254504,538742
1254505,538742
1254600,538722
1254700,538742
1254800,538742
1254900,538742
1255000,538742
1255100,538732
1255200,538732
1255300,538732
1255400,538732
1255500,538732
1255600,538732
1255700,538732
1255800,538731
1255900,538731
1256000,538731
1256100,538731
1256201,538732
1256204,538732
1256205,538732
1256207,538732
1256208,538732
1256209,538732
1256210,538732
1256302,538732
1256305,538732
1256306,538732
1256307,538732
1256308,538732
1256309,538732
1256310,538732
1256311,538732
1256312,538732
1256313,538732
1256314,538732
1256400,538732
1256500,538732
1256600,538742
1256700,538742
1256800,538742
1256900,538742
1257000,538742
1257100,538742
1257200,538742
1257300,538742
1257400,538742
1257500,538742
1257600,538722
1257700,538722
1257800,538722
1257900,538722
1258000,538722
1258100,538722
1258200,538722
1258300,538722
1258401,538832
1258402,538832
1258403,538832
1258501,538832
1258503,538832
1258504,538832
1258505,538832
1258506,538832
1258601,538832
1258602,538832
1258603,538832
1258604,538832
1258702,538832
1258703,538832
1258704,538832
1258705,538832
1258706,538832
1258707,538832
1258708,538832
1258800,538850
1258901,538832
1258902,538832
1258903,538832
1259000,538832
1259101,538832
1259104,538832
1259105,538832
1259106,538841
1259200,538832
1259300,538832
1259401,538832
1259402,538832
1259500,538832
1259600,538831
1259700,538831
1259800,538831
1259900,538831
1260000,538831
1260100,538831
1260201,538841
1260202,538841
1260301,538841
1260302,538841
1260401,538842
1260402,538841
1260500,538841
1260600,538841
1260700,538842
1260800,538841
1260900,538841
1261001,538841
1261002,538841
1261100,538842
1261200,538842
1261300,538841
1261400,538841
1261500,538841
1261601,541344
1261602,541344
1261603,541344
1261604,541344
1261700,538841
1261800,538842
1261900,538841
1262000,538841
1262100,538841
1262200,538850
1262300,538850
1262400,538850
1262500,538850
1262600,538850
1262700,538850
1262800,538850
1262901,538850
1262902,538850
1263000,535262
1263100,538850
1263200,538850
1263300,538850
1263400,538850
1263500,538850
1263600,538722
1263700,538850
1263801,538863
1263802,538850
1263900,538850
1264000,538850
1264100,538850
1264201,538850
1264202,538863
1264301,538602
1264303,538602
1264304,539200
1264305,538602
1264401,538863
1264402,539310
1264403,539320
1264404,539100
1264501,538863
1264502,539500
1264503,539500
1264505,539320
1264506,539800
1264507,539800
1264508,539800
1264509,539800
1264510,539800
1264511,539800
1264512,539800
1264600,540000
1264701,540000
1264702,540000
1264703,540000
1264704,540000
1264800,538812
1264900,538863
1265001,538863
1265002,538863
1265003,538863
1265100,538863
1265200,538863
1265302,538601
1265304,538861
1265305,535261
1265306,535262
1265307,535261
1265308,538863
1265309,538601
1265400,538861
1265501,538863
1265502,538864
1265600,538863
1265701,538861
1265702,538864
1265800,538864
1265900,538864
1266000,538864
1266100,538864
1266201,538861
1266202,538863
1266300,538863
1266403,541760
1266404,541760
1266405,541760
1266406,541760
1266407,541760
1266501,541760
1266502,541760
1266503,541760
1266609,541760
1266610,541760
1266611,541760
1266612,541760
1266613,541760
1266614,541760
1266615,541760
1266616,541760
1266617,541760
1266618,541760
1266619,541760
1266620,541760
1266621,541760
1266701,541760
1266702,541760
1266703,541760
1266704,541760
1266801,541750
1266803,541750
1266805,541750
1266806,541750
1266903,541750
1266904,541750
1266905,541750
1266906,541750
1266907,541750
1267004,541760
1267005,541760
1267006,541760
1267007,541760
1267008,541760
1267009,541760
1267010,541750
1267011,541750
1267103,541750
1267104,541750
1267105,541750
1267106,541750
1267107,541750
1267108,541750
1267109,541750
1267110,541750
1267111,541750
1267112,541750
1267113,541750
1267114,541750
1267115,541750
1267116,541750
1267117,541750
1267201,541750
1267202,541750
1267203,541750
1267301,541750
1267302,541750
1267303,541750
1267304,541750
1267400,541740
1267500,541740
1267600,541740
1267701,541740
1267703,541740
1267704,541740
1267705,541740
1267800,541740
1267900,541740
1268000,541740
1268100,541740
1268205,541740
1268206,541740
1268207,541740
1268208,541740
1268209,541740
1268210,541740
1268211,541740
1268212,541740
1268300,541720
1268400,541720
1268501,541740
1268502,541740
1268600,541740
1268700,541740
1268801,541740
1268803,541740
1268804,541740
1268900,541740
1269000,541720
1269100,541720
1269200,541720
1269300,541720
1269400,541720
1269500,541730
1269600,541730
1269701,541730
1269702,541730
1269800,541730
1269900,541730
1270000,541730
1270100,541730
1270200,541730
1270300,541730
1270400,541730
1270501,541730
1270503,541730
1270504,541730
1270600,541730
1270700,541730
1270800,541730
1270900,541730
1271000,541730
1271100,541730
1271200,541730
1271300,541730
1271400,541730
1271500,541730
1271600,541730
1271700,541730
1271800,541730
1271900,541730
1272000,541720
1272100,541730
1272200,541730
1272300,541720
1272400,541720
1272500,541720
1272600,541720
1272700,541720
1272800,541720
1272900,541720
1273000,541720
1273100,541720
1273200,541720
1273300,541720
1273400,541720
1273500,541720
1273600,541720
1273700,541720
1273800,541720
1273900,541720
1274000,541720
1274100,541720
1274200,541720
1274300,541720
1274400,541720
1274500,541720
1274600,541720
1274700,541720
1274800,541720
1274900,541720
1275000,541720
1275105,541710
1275108,541710
1275109,541710
1275110,541710
1275111,541710
1275112,541710
1275113,541710
1275114,541710
1275115,541710
1275116,541710
1275117,541710
1275200,541710
1275301,541710
1275302,620000
1275400,541720
1275500,541720
1275600,541720
1275700,541334
1275800,541334
1275900,541334
1276000,541334
1276100,541334
1276201,541334
1276202,541335
1276300,541334
1276401,541334
1276402,541335
1276500,541334
1276602,541334
1276603,541334
1276604,541334
1276700,541334
1276800,541334
1276901,541335
1276902,541334
1277000,541335
1277101,541335
1277102,541335
1277201,541335
1277202,541335
1277301,541335
1277302,541335
1277303,541335
1277304,541335
1277401,541335
1277402,541335
1277501,541312
1277502,541312
1277601,541312
1277602,541312
1277700,541312
1277800,541312
1277900,541312
1278001,541334
1278002,541335
1278101,541335
1278102,541335
1278103,541335
1278104,541335
1278201,541335
1278202,541335
1278203,541335
1278204,541335
1278304,541333
1278305,541333
1278307,541333
1278308,541333
1278309,541335
1278310,541333
1278311,541333
1278312,541333
1278313,541333
1278314,541333
1278315,541333
1278316,541333
1278317,541333
1278318,541333
1278319,541333
1278320,541333
1278321,541333
1278322,541333
1278402,541335
1278403,541335
1278404,541335
1278405,541333
1278406,541333
1278407,541333
1278500,541312
1278600,541335
1278700,541312
1278801,541312
1278802,541730
1278900,541335
1279004,541318
1279006,541318
1279007,541311
1279008,541311
1279009,541311
1279010,541311
1279011,541311
1279012,541335
1279014,541317
1279015,541317
1279016,541317
1279017,541317
1279018,541317
1279023,541318
1279024,541318
1279025,541319
1279026,541319
1279027,541319
1279028,541319
1279029,541319
1279030,541319
1279031,541319
1279032,541319
1279033,541319
1279034,541319
1279035,541319
1279036,541319
1279037,541319
1279038,541319
1279039,541319
1279040,541319
1279041,541319
1279042,541319
1279105,541311
1279106,541311
1279107,541335
1279108,541335
1279109,541311
1279110,541311
1279111,541311
1279113,541311
1279114,541311
1279115,541311
1279116,541311
1279117,541311
1279202,541311
1279203,541335
1279204,541335
1279205,541311
1279300,541312
1279403,541311
1279404,541311
1279405,541311
1279406,541311
1279407,541311
1279408,541311
1279409,541311
1279501,541311
1279502,541311
1279601,541319
1279602,541710
1279700,541312
1279801,541312
1279802,541312
1279901,541344
1279902,541315
1279904,541313
1279905,541312
1279906,541315
1279907,541315
1279908,541740
1280002,541750
1280003,541316
1280005,541313
1280009,541313
1280010,541313
1280011,541316
1280012,541316
1280013,541316
1280014,541316
1280015,541316
1280016,541316
1280017,541316
1280018,541316
1280101,541345
1280102,541345
1280103,541345
1280104,541345
1280201,541345
1280202,541346
1280302,541346
1280303,541345
1280304,541345
1280305,541345
1280306,541345
1280400,542550
1280501,538841
1280503,542550
1280504,541342
1280601,538841
1280603,541344
1280604,541342
1280702,541315
1280705,541342
1280706,541344
1280707,541313
1280708,541344
1280801,541344
1280802,541346
1280900,541342
1281001,541503
1281002,541342
1281004,545911
1281005,541503
1281006,542550
1281100,541503
1281200,545911
1281300,541503
1281401,541347
1281403,541346
1281404,541347
1281405,541347
1281406,541347
1281407,541347
1281408,541347
1281409,541347
1281410,541347
1281411,541347
1281412,541347
1281413,541347
1281414,541347
1281415,541346
1281501,541346
1281502,541346
1281503,541346
1281504,541346
1281505,541346
1281601,541346
1281602,541346
1281700,541503
1281800,541000
1281900,541000
1282000,541000
1282100,541000
1282200,541000
1282300,541000
1282400,541000
1282500,541000
1282600,541000
1282701,541000
1282702,541000
1282800,541000
1282900,541000
1283000,541000
1283100,541000
1283200,541000
1283300,541000
1283400,541000
1283500,541000
1283600,541000
1283700,541000
1283800,541000
1283900,541000
1284000,541000
1284100,541000
1284200,541000
1284300,541000
1284400,541000
1284500,541000
1284600,541000
1284701,541000
1284702,541000
1284801,541000
1284802,541000
1284900,541000
1285000,541000
1285100,541000
1285200,541000
1285300,541000
1285400,541000
1285500,541000
1285600,541000
1285700,541000
1285800,541000
1285900,541000
1286000,541000
1286100,541000
1286200,541000
1286300,541000
1286400,541000
1286500,541000
1286600,541000
1286700,541000
1286800,541000
1286900,541000
1287000,541000
1287100,541000
1287200,541000
1287300,541000
1287400,541000
1287500,541000
1287600,541000
1287700,541000
1287800,541000
1287900,541346
1288001,541346
1288002,541346
1288100,541346
1288200,541346
1288300,541348
1288400,541348
1288500,541348
1288601,541346
1288602,541348
1288701,541348
1288702,541000
1288802,541000
1288803,541501
1288804,541501
1288900,541501
1289001,541501
1289002,554900
1289102,541501
1289106,541501
1289107,554900
1289108,541502
1289109,559210
1289110,541503
1289111,559000
1289200,540900
1289300,540900
1289400,540900
1289500,540900
1289600,540900
1289700,540900
1289800,540900
1289900,540900
1290000,540900
1290100,540900
1290200,540900
1290300,540900
1290400,540900
1290500,540900
1290600,540900
1290700,540900
1290800,540900
1290900,540900
1291000,540900
1291100,540900
1291200,540900
1291300,540900
1291400,540900
1291500,540900
1291600,540900
1291700,541320
1291800,541320
1291900,541320
1292000,541320
1292100,541320
1292200,541320
1292300,541320
1292400,541320
1292500,541320
1292600,541320
1292700,541320
1292800,541320
1292900,541320
1293000,541320
1293100,541320
1293200,541320
1293301,541320
1293302,541320
1293401,541320
1293402,541320
1293501,541320
1293502,541320
1293600,541320
1293701,541320
1293702,541320
1293800,541320
1293900,541320
1294001,541320
1294002,541320
1294003,541320
1294101,542514
1294102,541900
1294103,542514
1294200,542514
1294300,541900
1294400,541900
1294500,541900
1294601,541900
1294602,541900
1294700,541900
1294800,541900
1294900,541900
1295000,542562
1295100,542562
1295200,542562
1295301,542562
1295302,542562
1295400,542562
1295500,542562
1295600,542562
1295700,542561
1295800,542561
1295900,542561
1296000,542561
1296100,542561
1296201,542561
1296202,542561
1296300,542561
1296400,542561
1296500,542514
1296601,542514
1296701,542562
1296702,542562
1296801,541900
1296803,541900
1296804,541900
1296805,541900
1296902,541900
1296903,541900
1296904,541900
1297001,541900
1297002,541900
1297101,542511
1297102,542421
1297200,542511
1297300,542511
1297400,542511
1297501,542520
1297502,542511
1297600,542511
1297701,542520
1297702,542511
1297800,542520
1297902,542511
1297903,542511
1297904,542511
1297905,542511
1298000,542520
1298100,542520
1298200,542520
1298300,542520
1298403,542530
1298404,542530
1298405,542520
1298406,542520
1298500,542530
1298601,542520
1298602,542520
1298702,542530
1298704,542530
1298705,542530
1298706,542530
1298707,542530
1298801,542562
1298802,542530
1298901,542514
1298902,542520
1298903,542514
1299000,542562
1299102,542562
1299103,542562
1299104,542562
1299105,542562
1299200,542562
1299300,542562
1299400,542562
1299500,542562
1299600,542562
1299700,542530
1299800,542530
1299900,542530
1300001,542530
1300002,542530
1300100,542530
1300200,542530
1300300,542530
1300400,542530
1300500,542530
1300600,542530
1300700,542530
1300800,542530
1300901,542530
1300902,542530
1301001,542540
1301002,542530
1301101,542540
1301102,542530
1301200,542540
1301301,542562
1301302,542540
1301303,542530
1301400,542540
1301501,542562
1301502,542540
1301600,542562
1301700,542540
1301800,542530
1301900,542562
1302000,542562
1302100,542562
1302200,542562
1302301,542562
1302302,542562
1302400,542562
1302500,542562
1302600,542562
1302700,542562
1302800,542562
1302900,542562
1303000,542562
1303101,542562
1303102,542562
1303103,542550
1303201,542562
1303202,542562
1303203,542562
1303301,542562
1303302,542562
1303400,542561
1303500,542561
1303600,542561
1303700,542562
1303801,542562
1303802,542550
1303900,542100
1304000,542100
1304100,542100
1304200,542100
1304301,542100
1304302,542100
1304400,542100
1304500,542410
1304601,542410
1304602,542410
1304700,542410
1304800,542410
1304900,542410
1305000,542410
1305100,542410
1305200,542410
1305300,542410
1305400,542410
1305500,542410
1305601,542440
1305602,542410
1305701,542410
1305702,542440
1305801,542410
1305802,542440
1305901,542440
1305903,542440
1305904,542440
1305905,542440
1305907,542440
1305908,542440
1305909,542440
1306000,542440
1306101,542440
1306102,542514
1306104,542440
1306105,542440
1306106,542440
1306200,542410
1306300,542410
1306400,542410
1306500,542410
1306600,542410
1306700,542410
1306800,542410
1306900,542410
1307000,542410
1307100,542410
1307200,542410
1307300,542410
1307400,542410
1307500,542410
1307600,542410
1307700,542440
1307800,542440
1307900,542440
1308000,542440
1308100,542440
1308200,542440
1308300,542440
1308400,542440
1308500,542440
1308600,542440
1308701,542440
1308702,542440
1308800,542440
1308900,542440
1309003,542440
1309004,542440
1309005,542440
1309006,542440
1309007,542440
1309008,542440
1309100,542430
1309200,542440
1309300,542440
1309400,542440
1309501,542410
1309502,542410
1309601,542410
1309602,542410
1309603,542410
1309701,542410
1309702,542410
1309800,542430
1309900,542430
1310000,542430
1310100,542422
1310200,542422
1310300,542422
1310400,542430
1310500,542430
1310600,542430
1310700,542430
1310800,542430
1310900,542430
1311000,542430
1311100,542430
1311200,542430
1311300,542430
1311400,542430
1311500,542430
1311600,542430
1311700,542430
1311800,542430
1311900,542430
1312000,542430
1312100,542430
1312200,542430
1312301,542421
1312303,542421
1312304,542421
1312305,542421
1312306,542421
1312400,542421
1312500,542422
1312600,542422
1312700,542422
1312800,542422
1312900,542422
1313000,542422
1313100,542422
1313200,542422
1313300,542422
1313400,542422
1313500,542422
1313601,542422
1313603,542422
1313604,542422
1313605,542422
1313608,542422
1313609,542422
1313610,542422
1313611,542422
1313612,542422
1313701,619701
1313802,619900
1313900,542600
1314000,542600
1314100,542600
1314200,542600
1314300,542600
1314400,542600
1314500,542600
1314600,542600
1314700,542600
1314800,542600
1314900,542600
1315000,542600
1315100,542600
1315200,542600
1315300,542600
1315400,542600
1315500,542600
1315600,542600
1315700,542600
1315800,542600
1315900,542600
1316000,542600
1316100,542600
1316200,542600
1316300,542600
1316400,542600
1316500,542600
1316600,542600
1316700,542600
1316800,542600
1316900,542600
1317000,542600
1317100,542600
1317200,542600
1317300,542600
1317400,542600
1317500,542600
1317600,542600
1317700,542600
1317800,542600
1317900,542600
1318000,542600
1318100,542600
1318200,542600
1318300,542600
1318400,542600
1318500,542600
1318600,542600
1318700,542600
1318800,542600
1318900,542600
1319000,542600
1319100,542600
1319200,542600
1319300,542600
1319400,542600
1319500,542600
1319600,542600
1319700,542600
1319800,542600
1319901,542600
1319902,542600
1319903,542600
1320000,542600
1320101,542600
1320102,542600
1320200,542600
1320301,542200
1320302,542200
1320401,542200
1320402,542200
1320403,542200
1320404,542200
1320501,542200
1320502,542200
1320600,542200
1320700,542200
1320801,542200
1320802,542200
1320901,542200
1320902,542200
1320903,542200
1320904,542200
1321000,542200
1321100,542200
1321200,542200
1321300,542000
1321400,542000
1321500,542000
1321600,542000
1321700,542000
1321801,542530
1321802,542530
1321900,542530
1322000,542530
1322101,542530
1322102,542530
1322201,542530
1322202,542530
1322300,542530
1322400,542530
1322500,542530
1322601,542530
1322602,542530
1322700,542530
1322801,542530
1322802,542530
1322803,542530
1322900,542530
1323000,542530
1323100,542530
1323201,542530
1323202,542540
1323204,542540
1323205,542540
1323301,542530
1323302,542530
1323303,542540
1323401,542540
1323402,542530
1323500,542540
1323600,542540
1323701,542540
1323702,542530
1323800,542540
1323900,542540
1324000,542300
1324100,542300
1324201,542300
1324202,542300
1324300,542540
1324400,542540
1324500,542540
1324601,542600
1324602,542540
1324700,542540
1324800,542540
1324900,542540
1325000,542300
1325100,542300
1325200,542300
1325300,542530
1325400,542530
1325500,542530
1325600,542530
1325700,542530
1325800,542530
1325902,542540
1325903,542540
1325904,542530
1325905,542530
1326001,542530
1326002,542540
1326101,542540
1326102,542540
1326105,542600
1326106,542600
1326107,542600
1326108,542600
1326109,542600
1326110,542600
1326111,542600
1326112,542600
1326113,542600
1326114,542600
1326115,542600
1326116,542600
1326117,542600
1326200,542700
1326300,542700
1326400,542700
1326500,542700
1326600,542700
1326700,542700
1326800,542700
1326900,542700
1327000,542700
1327100,542700
1327200,542700
1327300,542700
1327400,542700
1327500,542700
1327600,542700
1327700,542700
1327800,542700
1327900,542700
1328000,542700
1328100,542700
1328200,542700
1328300,542700
1328400,542700
1328501,542700
1328502,542550
1328600,542700
1328700,542700
1328800,542700
1328900,542700
1329000,542700
1329100,542700
1329200,542700
1329300,542700
1329400,542700
1329500,542700
1329600,542700
1329700,542700
1329800,542550
1329900,542550
1330001,542540
1330002,542550
1330101,542550
1330102,542700
1330201,542550
1330202,542562
1330203,542562
1330301,542550
1330302,542562
1330400,542550
1330501,542550
1330502,542562
1330601,542550
1330602,542562
1330700,542550
1330800,542550
1330900,542550
1331000,542550
1331100,542550
1331201,542550
1331202,542562
1331300,542550
1331401,542550
1331402,542700
1331500,542550
1331600,542550
1331700,542550
1331801,542550
1331802,542700
1331900,542550
1332000,542550
1332100,542550
1332200,542550
1332300,542550
1332400,542550
1332500,542550
1332600,542550
1332701,542550
1332702,541342
1332800,542550
1332901,542550
1332902,542562
1333001,542550
1333002,542562
1333100,542550
1333200,542550
1333300,542550
1333400,542550
1333500,542901
1333600,542901
1333701,542901
1333702,542903
1333800,542903
1333900,542903
1334000,542903
1334100,542903
1334200,542903
1334300,542903
1334400,542903
1334500,542903
1334600,542903
1334700,542903
1334800,542903
1334900,542903
1335000,542903
1335100,542906
1335200,542906
1335300,542904
1335400,542904
1335500,542904
1335600,542903
1335700,542904
1335800,542904
1335900,542904
1336000,542904
1336101,542906
1336102,542906
1336103,542906
1336201,542800
1336203,542906
1336204,542906
1336300,542906
1336400,542906
1336500,542906
1336601,542906
1336602,542906
1336700,542906
1336800,542906
1336900,542906
1337000,542906
1337100,542906
1337203,542800
1337204,542906
1337205,542800
1337206,542800
1337207,542800
1337302,542800
1337303,542800
1337304,542800
1337305,542800
1337306,542906
1337401,542906
1337402,542800
1337501,542906
1337502,542906
1337600,542906
1337700,542906
1337800,542906
1337901,542906
1337902,542906
1338001,542906
1338002,542906
1338101,542562
1338102,542562
1338105,542906
1338106,542906
1338200,542906
1338300,542906
1338400,542906
1338500,542562
1338601,542906
1338602,542906
1338603,542906
1338604,542906
1338701,542561
1338702,542904
1338800,542800
1338900,542800
1339000,542800
1339100,542800
1339200,542800
1339300,542800
1339400,542800
1339500,542800
1339600,542800
1339700,542800
1339800,542800
1339900,542800
1340000,542800
1340100,542800
1340200,542800
1340300,542800
1340400,542800
1340501,542800
1340502,542800
1340503,542800
1340600,542800
1340700,542800
1340800,542800
1340900,542800
1341000,542800
1341100,542800
1341200,542800
1341300,542800
1341400,542800
1341500,542800
1341600,542800
1341700,542800
1341800,542800
1341900,543301
1342000,543301
1342100,543301
1342200,543301
1342300,543301
1342400,543301
1342500,543301
1342600,543301
1342700,543301
1342800,543301
1342901,543301
1342902,543301
1343000,543301
1343100,543301
1343200,543301
1343300,543301
1343400,543301
1343500,543301
1343600,543301
1343700,543301
1343800,543301
1343900,543301
1344000,543301
1344100,543301
1344200,543301
1344300,543301
1344400,543301
1344500,543301
1344600,543301
1344700,543301
1344800,543301
1344900,543301
1345000,543301
1345100,543301
1345200,543301
1345301,543301
1345302,543301
1345400,543301
1345500,543301
1345600,543301
1345700,543301
1345801,543301
1345802,543301
1345900,543302
1346000,543301
1346100,543301
1346200,543302
1346301,543302
1346302,543302
1346401,543302
1346402,543302
1346500,543302
1346600,543302
1346700,543302
1346800,543302
1346900,543301
1347000,543301
1347100,543301
1347200,543301
1347300,543301
1347400,543301
1347500,543301
1347600,543301
1347700,543301
1347800,543301
1347900,543301
1348000,543301
1348100,543301
1348200,543301
1348300,543301
1348400,543301
1348500,543301
1348600,543301
1348700,543301
1348800,543301
1348900,543301
1349000,543301
1349100,543301
1349201,543301
1349202,543301
1349203,543301
1349300,543301
1349400,543301
1349500,543301
1349600,543303
1349703,543301
1349704,543303
1349705,543301
1349706,543303
1349800,543303
1349901,543301
1349902,543303
1350000,543301
1350101,543301
1350102,543303
1350200,543303
1350300,543301
1350400,543301
1350500,543301
1350601,543301
1350602,543301
1350700,543601
1350800,543601
1350900,543601
1351000,543601
1351100,543601
1351200,543601
1351301,543601
1351302,543601
1351401,543601
1351402,543601
1351501,543602
1351502,543602
1351600,543602
1351700,543602
1351800,543602
1351900,543601
1352000,543601
1352101,543601
1352102,543601
1352200,543601
1352300,543601
1352401,543601
1352402,543601
1352500,543601
1352600,543601
1352700,543601
1352801,543601
1352802,543601
1352900,543601
1353001,543601
1353002,543601
1353100,543601
1353200,543601
1353300,543601
1353400,543601
1353500,543601
1353601,543601
1353602,543601
1353700,543601
1353800,543601
1353900,543601
1354000,543601
1354100,543601
1354200,543601
1354300,543601
1354400,543601
1354500,543601
1354601,543601
1354602,543601
1354700,543601
1354801,543601
1354802,543601
1354900,543601
1355001,544004
1355002,544004
1355100,544004
1355200,544004
1355301,544001
1355302,544004
1355400,544001
1355501,544001
1355502,544001
1355600,544004
1355700,544004
1355801,544001
1355802,544004
1355901,544004
1355902,544001
1356000,544001
1356100,544001
1356200,544001
1356300,544001
1356400,544001
1356500,544001
1356600,544001
1356700,544001
1356800,544001
1356900,544001
1357000,544001
1357100,543902
1357200,544001
1357301,544001
1357302,544001
1357400,544001
1357500,544001
1357600,544001
1357700,544001
1357800,544001
1357901,544001
1357902,544001
1358000,544001
1358100,544002
1358201,543903
1358202,543903
1358300,543903
1358400,543903
1358502,543903
1358503,543903
1358504,543903
1358505,543903
1358601,543903
1358602,543903
1358700,543902
1358801,543903
1358802,543903
1358901,543902
1358902,543902
1359001,543903
1359002,543903
1359100,544001
1359200,544001
1359300,544001
1359400,544001
1359500,543902
1359600,543901
1359700,543901
1359800,543902
1359900,543901
1360000,543901
1360100,543902
1360200,543902
1360300,543901
1360400,544001
1360500,544001
1360600,544002
1360700,544001
1360800,543901
1360901,543901
1360902,543901
1361001,543901
1361002,543901
1361003,543901
1361100,543901
1361200,543901
1361300,544400
1361400,544002
1361500,544002
1361600,544002
1361700,544002
1361800,544002
1361900,544002
1362000,544003
1362100,544003
1362200,544003
1362300,544003
1362400,544002
1362500,544002
1362600,544002
1362700,544002
1362800,544002
1362900,544002
1363000,544002
1363100,544002
1363200,544002
1363300,543800
1363401,543800
1363402,543800
1363501,545204
1363502,544002
1363600,544002
1363700,544002
1363800,544002
1363900,544002
1364000,544002
1364100,544002
1364200,544003
1364300,544003
1364400,544002
1364500,544002
1364600,544002
1364700,544003
1364800,544003
1364900,544003
1365000,544003
1365100,544003
1365200,544002
1365300,544002
1365400,544002
1365500,544002
1365600,544002
1365700,544002
1365800,544002
1365900,544300
1366000,544300
1366100,544300
1366200,544300
1366300,544300
1366400,544300
1366500,544300
1366600,544300
1366700,544300
1366800,544300
1366900,544300
1367000,544300
1367100,544300
1367200,544300
1367300,544300
1367400,544300
1367500,544300
1367601,544300
1367602,544300
1367701,544300
1367702,544300
1367703,544300
1367801,544300
1367802,544300
1367900,544300
1368000,544300
1368100,544300
1368200,544300
1368300,544300
1368400,544300
1368500,544300
1368600,544300
1368700,544300
1368800,544600
1368900,544600
1369000,544600
1369100,544600
1369200,544600
1369300,544600
1369400,544600
1369500,544600
1369600,544600
1369700,544600
1369800,544600
1369900,544600
1370000,544600
1370100,544600
1370200,544600
1370300,544600
1370400,544600
1370500,544600
1370600,544600
1370700,544600
1370800,544600
1370900,544600
1371000,544600
1371100,544600
1371200,544600
1371300,544600
1371400,544600
1371500,544600
1371600,544600
1371700,544600
1371800,544600
1371900,544600
1372000,544600
1372100,544600
1372200,544600
1372300,544600
1372400,544600
1372500,544600
1372600,544600
1372700,544600
1372800,544600
1372900,544600
1373000,544600
1373100,544600
1373200,544600
1373300,544600
1373400,544600
1373500,544600
1373600,544600
1373700,544600
1373800,544600
1373900,544600
1374000,544400
1374100,544400
1374200,544400
1374300,544400
1374400,544400
1374500,544400
1374601,544400
1374602,544400
1374700,544400
1374800,544400
1374900,544400
1375000,544400
1375100,544400
1375200,544400
1375300,544400
1375400,544400
1375500,544400
1375600,544400
1375700,544400
1375802,544400
1375803,544400
1375804,544400
1375900,544400
1376000,544900
1376100,544900
1376200,544900
1376300,544900
1376400,544900
1376500,544900
1376602,544900
1376603,544900
1376604,544900
1376701,544200
1376702,544200
1376800,544200
1376900,544200
1377001,544200
1377002,544200
1377100,544200
1377201,544200
1377202,544200
1377300,544200
1377400,544200
1377501,544200
1377502,544200
1377600,544200
1377701,544200
1377702,544200
1377800,544200
1377900,544200
1378000,544200
1378100,544200
1378200,544200
1378300,544200
1378400,544200
1378500,544200
1378600,544200
1378700,544200
1378800,544200
1378900,544200
1379000,544200
1379100,544200
1379201,544200
1379202,544200
1379300,544200
1379400,544500
1379500,544500
1379600,544500
1379700,544500
1379800,544500
1379900,544500
1380001,544500
1380002,544500
1380003,544500
1380100,544500
1380200,544500
1380300,544500
1380400,544500
1380500,544500
1380600,544500
1380700,544500
1380800,544500
1380900,544500
1381000,544500
1381100,544500
1381200,544500
1381300,544500
1381400,544500
1381500,544500
1381600,544500
1381700,544500
1381801,544500
1381802,544500
1381803,544500
1381900,544500
1382000,544701
1382100,544701
1382200,544701
1382300,544701
1382400,544701
1382500,544701
1382600,544701
1382700,544701
1382800,544701
1382900,544702
1383000,544702
1383100,544702
1383200,544702
1383300,544702
1383400,544701
1383501,544702
1383502,544702
1383600,544702
1383700,544701
1383800,544702
1383900,544702
1384000,544702
1384100,544702
1384200,544702
1384300,544702
1384400,544702
1384500,544702
1384600,544801
1384700,544801
1384800,544802
1384901,544802
1384902,544802
1385000,544802
1385101,544802
1385103,544802
1385104,544802
1385105,544802
1385200,544802
1385300,544802
1385401,544802
1385402,544802
1385403,544802
1385500,544801
1385600,544801
1385700,544801
1385800,544801
1385901,544801
1385902,544801
1386000,544801
1386101,544801
1386102,544801
1386200,544801
1386300,544801
1386400,544801
1386500,544801
1386600,544801
1386700,544801
1386800,544801
1386900,544801
1387000,544801
1387100,544801
1387200,544801
1387300,544801
1387400,544801
1387500,544801
1387600,544801
1387700,544801
1387800,544801
1388000,545500
1388100,545500
1388200,545500
1388300,545500
1388400,545500
1388501,545500
1388502,545500
1388600,545500
1388700,545500
1388800,545500
1388900,545500
1389000,545500
1389100,545500
1389200,545500
1389301,545500
1389302,545500
1389400,545500
1389500,545500
1389601,545500
1389602,545500
1389701,545500
1389702,545500
1389800,545500
1389900,545500
1390001,545500
1390002,545500
1390100,545500
1390200,545500
1390300,545500
1390400,545500
1390500,545500
1390600,545500
1390700,545500
1390800,545500
1390900,545500
1391000,545500
1391100,545500
1391200,545500
1391300,545500
1391400,545500
1391500,545500
1391600,545500
1391701,545301
1391702,545301
1391703,545301
1391800,545301
1391900,545301
1392001,545205
1392002,545205
1392100,545301
1392200,545301
1392300,545301
1392400,545301
1392500,545301
1392600,545301
1392700,545301
1392800,545301
1392900,545301
1393000,545301
1393100,545301
1393200,545205
1393301,545205
1393302,545205
1393400,545301
1393501,545205
1393502,545205
1393600,545205
1393700,545301
1393800,545201
1393900,545201
1394000,545201
1394100,545201
1394200,545201
1394300,545201
1394400,545201
1394500,545201
1394600,545204
1394701,545204
1394702,545204
1394801,545206
1394803,545205
1394804,545205
1394900,545205
1395000,545204
1395100,545204
1395200,545202
1395300,545202
1395400,545204
1395500,545204
1395600,545204
1395700,545202
1395800,545204
1395900,545204
1396000,545205
1396101,545205
1396102,545205
1396103,545205
1396104,545205
1396105,545205
1396200,545205
1396300,545204
1396400,545204
1396500,545204
1396600,545204
1396700,545204
1396800,545204
1396901,545204
1396902,545204
1397000,545204
1397101,545204
1397102,545204
1397200,545302
1397300,545302
1397400,545302
1397501,545302
1397502,545302
1397600,545302
1397700,545302
1397800,545302
1397900,545302
1398001,545302
1398002,545302
1398100,545302
1398200,545302
1398300,545302
1398400,545302
1398500,545302
1398600,545302
1398700,545204
1398800,545303
1398900,545303
1399000,545303
1399100,545302
1399200,545302
1399300,545303
1399400,545303
1399500,545302
1399600,545304
1399701,544002
1399702,545204
1399800,545204
1399900,545303
1400000,545204
1400100,545304
1400200,545304
1400300,545304
1400400,545304
1400501,545304
1400502,545304
1400503,545304
1400504,545304
1400505,545304
1400506,545304
1400507,545304
1400508,545304
1400509,545304
1400510,545304
1400600,545304
1400700,545304
1400800,545304
1400900,545304
1401000,545304
1401100,545304
1401201,545621
1401202,545621
1401301,545621
1401302,545621
1401401,545621
1401402,547200
1401502,545621
1401503,547100
1401504,547100
1401505,547100
1401506,547100
1401507,547100
1401600,545621
1401701,547100
1401702,547100
1401703,547100
1401704,547100
1401705,547100
1401706,547100
1401707,547100
1401801,545621
1401803,545621
1401901,545621
1401902,545621
1401903,545621
1402000,545631
1402100,545631
1402200,545631
1402300,545631
1402400,545631
1402501,545631
1402503,547300
1402504,547300
1402505,547300
1402506,547300
1402507,547300
1402508,547300
1402509,547300
1402510,547300
1402511,547300
1402512,547300
1402600,545631
1402700,545632
1402800,545632
1402900,545632
1403001,545631
1403002,545632
1403100,545631
1403201,545631
1403202,546700
1403300,545631
1403400,545631
1403500,545631
1403601,545631
1403602,545632
1403700,545631
1403800,545631
1403900,545832
1404000,545832
1404100,545832
1404200,545832
1404300,545832
1404400,545832
1404500,545831
1404600,545831
1404700,545730
1404800,545730
1404900,545730
1405001,545730
1405002,545730
1405003,545730
1405004,545730
1405005,545730
1405006,545730
1405007,545730
1405100,545730
1405200,545730
1405300,545730
1405401,545730
1405402,545730
1405403,545730
1405500,545730
1405600,545730
1405700,545722
1405800,545722
1405900,545722
1406000,545722
1406101,545722
1406102,545722
1406200,545722
1406300,545722
1406400,545722
1406501,545722
1406502,545750
1406600,545750
1406701,545722
1406702,545750
1406801,545740
1406802,545740
1406900,545740
1407000,545740
1407100,545740
1407200,545740
1407300,545740
1407400,545740
1407500,545740
1407600,545740
1407700,545740
1407800,545740
1407901,545740
1407902,545740
1408001,545740
1408003,545740
1408004,545740
1408100,545740
1408200,545740
1408301,545860
1408302,545860
1408401,545821
1408402,545822
1408500,545821
1408600,545821
1408700,545821
1408800,545822
1408900,545821
1409000,545821
1409100,545822
1409200,545822
1409300,545822
1409400,545831
1409500,545821
1409600,545822
1409700,545912
1409800,545913
1409900,545913
1410000,545821
1410100,545821
1410200,545821
1410300,545821
1410400,545821
1410500,545912
1410601,547300
1410602,547300
1410700,545621
1410801,545821
1410803,545621
1410804,545621
1410901,545621
1410902,545821
1411000,545821
1411100,545821
1411200,545821
1411300,545621
1411400,545821
1411500,545912
1411600,545912
1411700,545912
1411800,545912
1411900,545912
1412000,545912
1412100,545912
1412200,545821
1412300,545821
1412400,545821
1412500,545912
1412600,545611
1412700,545611
1412800,545611
1412900,545611
1413000,545611
1413100,545611
1413200,545611
1413300,545611
1413400,545611
1413501,545611
1413502,545611
1413600,545611
1413701,545611
1413702,545611
1413703,545611
1413801,545611
1413802,545611
1413900,545611
1414001,545611
1414002,545611
1414003,545611
1414100,545811
1414200,545812
1414300,545911
1414400,545911
1414501,545912
1414503,545912
1414504,545912
1414505,545912
1414600,545811
1414700,545811
1414800,545811
1414901,545811
1414903,545812
1414904,545812
1414905,545812
1415000,545811
1415100,545911
1415200,545911
1415300,545911
1415400,545911
1415500,545811
1415600,545811
1415700,545811
1415800,545811
1415900,545911
1416000,545911
1416100,545911
1416200,545911
1416301,546100
1416302,546100
1416400,546100
1416500,546100
1416600,546100
1416700,546100
1416800,546100
1416900,546100
1417000,546100
1417100,546100
1417200,546200
1417300,546200
1417400,546200
1417500,546200
1417600,546200
1417700,546200
1417800,546200
1417900,546200
1418000,546200
1418100,546200
1418200,546200
1418300,546200
1418400,546200
1418500,546200
1418600,546200
1418700,546200
1418800,546200
1418900,546200
1419000,546200
1419100,546200
1419200,546200
1419300,546200
1419400,546200
1419600,546801
1419700,546801
1419800,546801
1419900,546801
1420000,546801
1420100,546801
1420200,546801
1420300,546801
1420400,546801
1420500,546801
1420600,546801
1420700,546801
1420801,546802
1420802,546802
1420803,546802
1420804,546802
1420900,546802
1421000,546802
1421100,546802
1421200,546802
1421300,546802
1421400,546802
1421500,546802
1421600,546802
1421701,546802
1421702,546802
1421703,546802
1421800,546802
1421900,546802
1422000,546802
1422100,546802
1422200,546802
1422300,546802
1422400,546802
1422500,546802
1422600,546802
1422700,546802
1422800,546802
1422900,546802
1423000,546802
1423100,546802
1423200,546802
1423300,546802
1423400,546802
1423500,546802
1423600,546802
1423700,546802
1423800,546802
1423900,546802
1424000,546802
1424100,546802
1424200,546801
1424300,546801
1424400,546801
1424500,546802
1424600,546801
1424700,546801
1424800,546801
1424900,546801
1425000,546801
1425100,546801
1425201,546801
1425202,546801
1425203,546801
1425300,546801
1425400,546801
1425500,546801
1425600,546801
1425700,546801
1425801,546801
1425802,546801
1425901,546801
1425902,546801
1426000,546801
1426100,546801
1426200,546400
1426300,546400
1426400,546400
1426500,546400
1426600,546400
1426700,546400
1426800,546400
1426900,546400
1427000,546400
1427100,546400
1427200,546400
1427300,546400
1427400,546400
1427500,546400
1427600,546400
1427700,546400
1427801,545621
1427802,546400
1428000,546901
1428100,546901
1428200,546901
1428300,546901
1428400,546901
1428500,546901
1428600,546901
1428700,546901
1428800,546901
1428900,546901
1429000,546901
1429100,546901
1429200,546901
1429300,546901
1429400,546901
1429500,546901
1429600,546901
1429700,546901
1429800,546901
1429900,546901
1430000,546901
1430100,546901
1430200,546901
1430300,546901
1430400,546901
1430500,546901
1430600,546901
1430700,546901
1430800,546901
1430900,546901
1431000,546901
1431100,546901
1431200,546901
1431300,546901
1431400,546901
1431500,546902
1431600,546902
1431700,546902
1431800,546901
1431900,546901
1432000,546902
1432100,546902
1432200,546902
1432300,546902
1432400,546902
1432500,546902
1432600,546902
1432700,546902
1432800,546902
1432900,546902
1433000,546902
1433100,546902
1433200,546902
1433300,546902
1433400,546902
1433500,546902
1433600,546600
1433700,546600
1433800,546600
1433900,546600
1434000,546600
1434100,546600
1434200,546600
1434300,546600
1434400,546600
1434500,546600
1434600,546600
1434700,546600
1434800,546600
1434900,546600
1435000,546600
1435100,546600
1435200,546600
1435300,546600
1435400,546600
1435500,546600
1435600,546600
1435700,546600
1435800,546600
1435900,546600
1436000,546600
1436100,546600
1436200,546600
1436300,546600
1436400,546600
1436500,546600
1436600,546600
1436700,546600
1436800,546600
1436900,546600
1437000,546600
1437100,546600
1437200,546600
1437300,546600
1437400,546600
1437500,546600
1437600,546600
1437700,546600
1437800,546600
1437900,546600
1438000,546600
1438100,546600
1438200,546300
1438300,546300
1438400,546300
1438500,546300
1438600,546300
1438701,546300
1438702,546300
1438800,546300
1438900,546300
1439000,546300
1439100,546300
1439200,546300
1439300,546300
1439400,546300
1439500,546300
1439600,546500
1439700,546500
1439800,546500
1439900,546500
1440000,546500
1440100,546500
1440200,546500
1440300,546500
1440401,547400
1440402,546500
1440500,546500
1440600,546500
1440700,546500
1440800,546500
1440900,546500
1441000,546500
1441100,546500
1441200,546500
1441300,546500
1441400,546500
1441500,546500
1441600,546500
1441700,546500
1441800,546500
1441900,546500
1442000,546500
1442100,546500
1442200,546500
1442300,546500
1442400,546500
1442500,546500
1442600,546500
1442700,546500
1442800,546500
1442900,546500
1443000,546500
1443100,546500
1443200,546500
1443300,546500
1443400,546500
1443500,546500
1443600,546500
1443700,546700
1443800,546700
1443900,546700
1444000,546700
1444100,546700
1444200,546700
1444300,546700
1444401,546700
1444402,546700
1444500,546700
1444600,546700
1444700,546700
1444800,546700
1444900,546700
1445000,546700
1445100,546700
1445200,546700
1445300,546700
1445400,546700
1445500,546700
1445600,546700
1445700,546700
1445800,546700
1445900,546700
1446000,546700
1446100,546700
1446200,546700
1446300,546700
1446400,546700
1446500,546700
1446600,546700
1446700,546700
1446800,546700
1446900,546700
1447000,546700
1447100,546700
1447200,546700
1447300,546700
1447400,547400
1447500,547400
1447600,547400
1447700,547400
1447800,547400
1447900,547400
1448000,547400
1448102,547400
1448103,547400
1448104,547100
1448105,547100
1448106,547100
1448107,547100
1448200,547400
1448300,547400
1448400,547400
1448500,547400
1448600,547400
1448700,547400
1448800,547400
1448900,547400
1449000,547400
1449100,547400
1449200,547400
1449300,547400
1449400,547400
1449500,547400
1449600,547400
1449700,547400
1449800,547400
1449900,547400
1450000,547400
1450100,547400
1450200,547400
1450300,547400
1450400,547400
1450500,547400
1450600,547001
1450700,547001
1450800,547001
1450900,547001
1451000,547001
1451100,547001
1451200,547001
1451300,547001
1451400,547001
1451500,547001
1451600,547001
1451700,547001
1451800,547001
1451900,547001
1452000,547001
1452100,547001
1452200,545621
1452300,547001
1452400,547001
1452500,547002
1452600,547002
1452700,547002
1452800,547002
1452900,547002
1453000,547002
1453100,547002
1453200,547002
1453300,547002
1453400,547002
1453500,547002
1453600,547002
1453700,545621
1453800,547002
1453900,547002
1454000,547002
1454100,547002
1454200,547002
1454300,547002
1454400,547002
1454500,547002
1454600,547002
1454700,547002
1454800,547002
1454900,547100
1455006,547100
1455007,547100
1455011,547100
1455012,547100
1455013,547100
1455014,547100
1455015,547100
1455016,547100
1455017,547100
1455018,547100
1455019,547100
1455020,547100
1455021,547100
1455022,547100
1455023,547100
1455024,547100
1455025,547100
1455026,547100
1455027,547100
1455028,547100
1455029,547100
1455030,547100
1455031,547100
1455032,547100
1455033,547100
1455100,547100
1455201,547100
1455203,547100
1455204,547100
1455205,547100
1455300,547100
1455402,547100
1455403,547100
1455404,547100
1455405,547100
1455500,547100
1455600,547100
1455701,547100
1455702,547100
1455703,547100
1455800,547100
1455901,547100
1455902,547100
1455903,547100
1456000,547100
1456101,547100
1456102,547100
1456103,547100
1456104,547100
1456201,547100
1456202,547100
1456203,547100
1456204,547100
1456301,547100
1456302,547100
1456303,547100
1456401,547100
1456402,547100
1456501,547100
1456502,547100
1456503,547100
1456504,547100
1456601,547200
1456602,547200
1456603,547200
1456701,547200
1456702,547200
1456703,547200
1456704,547200
1456705,547200
1456801,547200
1456802,547200
1456803,547200
1456804,547200
1456900,547200
1457001,547200
1457002,547200
1457103,547200
1457104,547200
1457105,547200
1457106,545621
1457107,545621
1457108,545621
1457109,545621
1457110,545621
1457201,547200
1457202,547200
1457302,547200
1457303,545621
1457304,547200
1457400,547200
1457500,547200
1457600,547200
1457700,547200
1457800,547200
1457900,547200
1458000,547200
1458100,547200
1458201,547200
1458202,547200
1458300,547200
1458400,547200
1458500,547200
1458600,547200
1458700,547200
1458801,547200
1458802,547200
1458901,547200
1458902,547200
1459000,547200
1459100,547200
1459200,547200
1459301,547200
1459302,547200
1459400,547200
1459500,547200
1459600,547200
1459700,547200
1459800,547300
1459900,547300
1460000,547300
1460100,547300
1460200,547300
1460301,547300
1460302,547300
1460303,547300
1460400,547300
1460500,547300
1460600,547300
1460700,547300
1460800,547300
1460901,547300
1460902,547300
1461001,547300
1461004,547300
1461009,547300
1461010,547300
1461011,547300
1461012,547300
1461013,547300
1461014,547300
1461015,547300
1461016,547300
1461017,547300
1461018,547300
1461101,547300
1461102,547300
1461103,547300
1461201,547300
1461202,547300
1461203,547300
1461204,547300
1461300,547300
1461401,547300
1461402,547300
1461403,547300
1461501,547300
1461502,547300
1461503,547300
1461601,547300
1461602,547300
1461603,547300
1461701,547300
1461702,547300
1461801,547300
1461802,547300
1461901,547300
1461902,547300
1462000,545913
1462100,545913
1462201,545841
1462202,545841
1462300,545841
1462401,545841
1462402,545841
1462500,545841
1462600,545841
1462700,545841
1462800,545841
1462901,545841
1462902,545842
1463000,545841
1463100,545841
1463200,545842
1463300,545842
1463401,545841
1463402,545841
1463500,545851
1463601,545851
1463602,545852
1463700,545852
1463801,545851
1463802,545851
1463803,545851
1463900,545851
1464000,545841
1464101,545851
1464102,545851
1464200,545851
1464300,545851
1464400,545851
1464500,545851
1464600,545851
1464700,545851
1464800,545851
1464900,545851
1465000,545851
1465100,545851
1465200,545762
1465300,545762
1465400,545762
1465503,545762
1465505,548821
1465506,545762
1465507,548821
1465508,548821
1465601,548822
1465602,548822
1465603,548822
1465700,545852
1465801,545852
1465802,545851
1465901,548822
1465903,545851
1465904,548822
1465905,548822
1466001,545851
1466002,545851
1466101,545851
1466102,545851
1466201,548831
1466202,545750
1466300,545750
1466401,548831
1466403,548831
1466404,548831
1466405,548831
1466406,548831
1466407,548831
1466408,548831
1466409,548831
1466410,548831
1466411,548831
1466412,548831
1466413,548831
1466414,548831
1466415,548831
1466501,545750
1466502,548831
1466600,545750
1466704,548832
1466705,548832
1466706,548833
1466707,548833
1466708,548833
1466709,548833
1466710,548833
1466801,548833
1466802,548833
1466901,548822
1466902,548821
1467001,548833
1467002,545851
1467003,548833
1467101,548822
1467102,548822
1467103,545851
1467200,545860
1467301,545860
1467302,549602
1467400,545860
1467500,545860
1467600,545860
1467700,545860
1467801,545860
1467802,620904
1467901,545860
1467902,545860
1467903,545860
1467904,545860
1467905,545860
1467906,545860
1467907,545860
1468000,545762
1468100,545762
1468200,545762
1468300,545762
1468400,545762
1468500,545762
1468600,545762
1468700,545852
1468801,545761
1468802,547900
1468901,545761
1468902,545761
1468903,545842
1469000,545761
1469100,545761
1469201,547900
1469202,547900
1469302,547900
1469303,547900
1469304,547900
1469305,545761
1469400,548300
1469500,545762
1469600,545852
1469703,545710
1469704,545842
1469706,548611
1469707,548611
1469708,548611
1469709,548611
1469710,548611
1469801,545761
1469802,547900
1469902,547900
1469904,545761
1469905,545761
1469906,545761
1470001,545761
1470002,545761
1470003,545761
1470101,545842
1470102,545761
1470103,545842
1470205,545842
1470207,545842
1470209,545842
1470210,545842
1470211,545842
1470213,545842
1470214,545842
1470215,545842
1470216,545842
1470217,545842
1470218,545842
1470305,548611
1470306,545841
1470307,545842
1470308,545842
1470309,548611
1470311,548611
1470313,548611
1470314,548611
1470315,548611
1470316,548611
1470317,548611
1470318,548611
1470319,548611
1470400,545710
1470500,545710
1470600,545710
1470700,545710
1470800,545710
1470900,545710
1471000,545710
1471100,545710
1471201,545710
1471202,547800
1471300,545710
1471401,545721
1471402,547600
1471500,545721
1471600,545721
1471700,545721
1471800,545721
1471900,545721
1472000,545721
1472100,545721
1472200,545721
1472300,545721
1472402,548000
1472403,545721
1472404,545721
1472405,545721
1472500,548000
1472600,545721
1472701,545721
1472702,545721
1472801,545721
1472803,548100
1472804,548100
1472900,545721
1473000,545721
1473100,545721
1473200,545721
1473300,548400
1473400,548400
1473500,548400
1473600,548400
1473700,548620
1473803,548611
1473804,548611
1473805,548611
1473806,548611
1473807,548611
1473808,548611
1473809,548611
1473810,548611
1473811,548611
1473901,548611
1473902,548611
1474001,548612
1474002,548612
1474003,548612
1474106,548612
1474107,548612
1474108,548612
1474109,548612
1474110,548612
1474111,548612
1474112,548612
1474113,548612
1474114,548612
1474115,548612
1474116,548612
1474117,548612
1474118,548612
1474201,548620
1474203,548620
1474204,548620
1474300,548612
1474400,548612
1474500,548612
1474600,548612
1474700,548620
1474800,548620
1474900,548620
1475000,548620
1475100,548620
1475200,548620
1475300,548620
1475400,548620
1475500,548620
1475600,548620
1475701,548620
1475702,548620
1475800,548620
1475900,548620
1476000,548620
1476100,548620
1476200,548620
1476300,548620
1476400,548620
1476500,548620
1476600,547800
1476700,547800
1476800,547800
1476900,547800
1477000,547800
1477100,547800
1477200,547800
1477300,547800
1477400,547800
1477500,547800
1477600,547800
1477700,547800
1477800,547800
1477900,548500
1478000,548500
1478100,548500
1478200,548500
1478300,548500
1478400,548500
1478500,548500
1478600,548500
1478700,548500
1478800,548500
1478900,548500
1479000,548500
1479100,548500
1479200,548500
1479300,548500
1479400,548500
1479500,548500
1479600,548500
1479700,548500
1479800,547900
1479900,547900
1480000,547900
1480100,547900
1480200,547900
1480301,547900
1480302,547900
1480303,547900
1480400,547900
1480500,547900
1480600,547900
1480700,547900
1480800,547900
1480900,547900
1481000,547900
1481100,547900
1481200,547900
1481300,547900
1481400,547900
1481501,547900
1481502,547900
1481601,547900
1481602,547900
1481700,547900
1481800,547900
1481900,547900
1482000,547900
1482100,547900
1482200,547900
1482300,547900
1482400,547900
1482500,547900
1482600,547900
1482700,547600
1482800,547600
1482900,547600
1483000,547600
1483100,547600
1483200,547600
1483300,547600
1483400,547600
1483500,547600
1483600,547600
1483700,547600
1483800,547600
1483900,547600
1484000,547600
1484100,547600
1484200,547600
1484300,547600
1484400,547600
1484500,547600
1484600,547600
1484700,547600
1484800,547600
1484900,547600
1485000,547600
1485100,547600
1485200,547600
1485300,547600
1485400,547600
1485500,547600
1485600,547600
1485700,547600
1485800,547700
1485900,547700
1486000,547700
1486100,547700
1486200,547700
1486300,547700
1486400,547700
1486500,547700
1486600,547700
1486700,547700
1486800,547700
1486900,547700
1487000,547700
1487100,547700
1487200,547700
1487300,547700
1487400,547700
1487500,547700
1487600,547700
1487700,547700
1487800,547700
1487900,547700
1488000,547700
1488100,547700
1488200,547700
1488300,547700
1488400,547700
1488500,548200
1488600,548200
1488700,548200
1488800,548200
1488900,548200
1489000,548200
1489100,548200
1489200,548200
1489300,548200
1489400,548200
1489500,548200
1489600,548200
1489700,548200
1489801,548200
1489802,548200
1489900,548200
1490000,548200
1490100,548200
1490200,548200
1490300,548200
1490401,548200
1490402,548200
1490403,548200
1490404,548200
1490405,548200
1490500,548200
1490600,548200
1490700,548200
1490800,548200
1490900,548200
1491000,548200
1491100,548200
1491200,548200
1491300,548200
1491400,548200
1491500,548200
1491600,548200
1491700,548200
1491800,548200
1491900,548200
1492000,548200
1492100,548200
1492200,548200
1492300,548200
1492400,548200
1492500,548200
1492600,548200
1492700,548200
1492800,548200
1492900,548200
1493000,548200
1493100,548200
1493200,548200
1493300,548200
1493400,548200
1493501,548200
1493502,548200
1493600,548200
1493700,548200
1493800,548200
1493900,548200
1494000,548200
1494100,548200
1494200,548200
1494300,548200
1494400,548200
1494500,548200
1494600,548200
1494700,548200
1494800,548200
1494900,548200
1495000,548200
1495100,548200
1495200,548200
1495300,548000
1495400,548000
1495500,548000
1495600,548000
1495700,548000
1495800,548000
1495900,548000
1496000,548000
1496100,548000
1496200,548000
1496300,548000
1496400,548000
1496500,548000
1496600,548000
1496700,548000
1496800,548000
1496900,548000
1497000,548000
1497100,548000
1497200,548000
1497300,548000
1497400,548000
1497500,548000
1497600,548000
1497700,548000
1497800,548000
1497900,548000
1498001,548000
1498002,548000
1498100,548000
1498200,548000
1498300,548000
1498400,548000
1498500,548000
1498600,548000
1498700,548000
1498800,548000
1498900,548000
1499000,548000
1499100,548100
1499200,548100
1499300,548100
1499400,548100
1499500,548100
1499600,548100
1499700,548100
1499800,548100
1499900,548100
1500000,548100
1500100,548100
1500200,548100
1500300,548100
1500400,548100
1500500,548100
1500600,548100
1500700,548100
1500800,548100
1500900,548100
1501000,548100
1501100,548100
1501200,548100
1501300,548100
1501400,548100
1501500,548300
1501600,548300
1501700,548300
1501800,548300
1501900,548300
1502000,548300
1502100,548300
1502200,548300
1502300,548300
1502400,548300
1502501,548300
1502502,548300
1502600,548300
1502700,548300
1502800,548300
1502900,548300
1503000,548300
1503100,548300
1503201,548300
1503202,548300
1503203,548300
1503204,548300
1503205,548300
1503300,548300
1503400,548300
1503500,548300
1503600,548300
1503700,548300
1503800,548300
1503900,548300
1504000,548300
1504100,548300
1504200,548300
1504300,548300
1504400,548300
1504500,548300
1504600,548300
1504700,548300
1504800,548810
1504900,548810
1505000,548810
1505100,548810
1505200,548810
1505300,548810
1505400,548810
1505500,548810
1505600,548810
1505700,548810
1505800,548810
1505900,548810
1506000,548810
1506101,548821
1506102,548821
1506200,548821
1506300,548821
1506401,548822
1506402,548822
1506500,548821
1506600,548821
1506701,548821
1506702,548821
1506800,548821
1506901,548821
1506902,548821
1507001,548821
1507002,548821
1507101,548821
1507102,548821
1507103,548821
1507200,548821
1507300,548821
1507400,548821
1507500,548821
1507600,548821
1507702,548821
1507703,548821
1507704,548821
1507705,548821
1507706,548821
1507707,548821
1507800,548821
1507900,548821
1508001,548832
1508002,548832
1508003,548832
1508004,548832
1508101,548832
1508102,548832
1508103,548832
1508200,548832
1508300,548832
1508400,548832
1508500,548832
1508600,548832
1508700,548832
1508800,548832
1508900,548832
1509000,548832
1509100,548831
1509200,548831
1509300,548831
1509400,548831
1509500,548831
1509600,548831
1509700,548831
1509800,548831
1509900,548831
1510000,548831
1510100,548831
1510200,548832
1510300,548832
1510400,548832
1510500,548832
1510600,548832
1510700,548832
1510800,548832
1510900,549200
1511000,549200
1511101,549200
1511102,549200
1511103,549200
1511200,549200
1511300,549200
1511400,549200
1511500,549200
1511600,549200
1511700,549200
1511800,549200
1511900,549200
1512000,549200
1512100,549200
1512200,549200
1512300,549200
1512400,549200
1512500,549200
1512600,549200
1512700,549200
1512800,549200
1512900,549200
1513000,549200
1513100,549200
1513200,549200
1513300,549200
1513400,549200
1513500,549200
1513600,549200
1513700,549200
1513800,549200
1513900,549200
1514000,549200
1514100,549200
1514200,549200
1514300,549200
1514400,549200
1514500,549200
1514600,549200
1514700,549200
1514800,549200
1514900,549200
1515000,549200
1515100,549200
1515200,549200
1515300,549200
1515400,549200
1515500,549200
1515600,549200
1515700,549200
1515800,549800
1515901,549200
1515903,549800
1515904,549602
1516000,549200
1516100,549200
1516201,549100
1516202,549100
1516203,549100
1516300,549100
1516400,549100
1516500,549100
1516600,549100
1516700,549100
1516800,549100
1516900,549100
1517000,549100
1517100,549100
1517200,549100
1517300,549100
1517400,549100
1517500,549100
1517600,549100
1517700,549100
1517800,549100
1517900,549100
1518000,549100
1518100,549000
1518200,549000
1518300,549000
1518400,549000
1518500,549000
1518600,549000
1518700,549000
1518800,549000
1518900,549500
1519000,549500
1519100,549500
1519200,549500
1519300,549500
1519400,549500
1519500,549500
1519600,549500
1519700,549500
1519801,549500
1519802,549500
1519803,549500
1519900,549500
1520000,549500
1520100,549500
1520200,549500
1520300,549500
1520400,549500
1520500,549500
1520600,549500
1520700,549500
1520800,549500
1520900,549500
1521000,549500
1521100,549500
1521200,549500
1521300,549500
1521400,549500
1521500,549500
1521600,549500
1521700,549500
1521800,549500
1521900,549500
1522000,549500
1522100,549500
1522200,549500
1522300,549500
1522400,549500
1522500,549500
1522600,549400
1522700,549400
1522800,549400
1522900,549400
1523001,549602
1523002,545851
1523100,549602
1523200,549602
1523301,549602
1523302,545851
1523402,549602
1523403,549602
1523404,549602
1523501,549602
1523502,545860
1523601,549602
1523602,545860
1523700,549602
1523800,549602
1523900,549602
1524000,549602
1524100,549602
1524201,549602
1524202,549602
1524300,549602
1524400,549602
1524500,549602
1524600,549602
1524702,549602
1524703,549500
1524704,549602
1524800,549602
1524900,549602
1525000,549602
1525100,549500
1525200,549602
1525300,549602
1525400,549602
1525500,549602
1525601,549602
1525602,549602
1525700,549602
1525800,549602
1525900,549602
1526000,549602
1526100,549602
1526200,549602
1526300,549602
1526400,549602
1526500,549602
1526600,549602
1526701,549602
1526702,549602
1526800,549602
1526900,549601
1527000,549601
1527100,549601
1527200,549602
1527301,549602
1527302,549800
1527400,549601
1527500,549601
1527600,549602
1527701,549602
1527702,549601
1527801,549602
1527802,549800
1527900,549800
1528000,549602
1528100,550102
1528200,550102
1528300,550102
1528400,550102
1528500,550102
1528600,550102
1528700,550102
1528800,550102
1528900,550102
1529000,550102
1529100,550102
1529200,550102
1529300,550102
1529400,550102
1529500,550102
1529600,550102
1529700,550101
1529800,550101
1529900,550101
1530000,550101
1530100,550101
1530200,550101
1530300,550101
1530400,550101
1530500,550101
1530600,550101
1530700,550101
1530800,550101
1530900,550101
1531000,550101
1531100,550101
1531200,550101
1531300,550101
1531400,550101
1531500,550102
1531600,550102
1531700,550102
1531800,550102
1531900,550102
1532000,550102
1532100,550102
1532200,550102
1532300,550102
1532400,550102
1532500,550102
1532600,550102
1532700,550102
1532800,550102
1532900,550102
1533000,550102
1533100,550102
1533200,550102
1533300,550102
1533400,550102
1533500,550102
1533600,550102
1533700,550102
1533800,550102
1533900,550102
1534000,549800
1534101,549200
1534102,549800
1534201,549200
1534202,549800
1534300,549800
1534401,549800
1534402,549800
1534500,549800
1534600,549800
1534700,549800
1534800,549800
1534900,549800
1535000,549800
1535100,549800
1535200,549800
1535300,549800
1535400,549800
1535501,549800
1535502,549800
1535600,549800
1535700,549800
1535800,549800
1535900,549800
1536000,549800
1536100,549800
1536200,549800
1536300,549800
1536400,549800
1536500,549800
1536600,549800
1536700,549800
1536800,549800
1536900,549800
1537000,549800
1537100,549800
1537200,549800
1537300,549800
1537401,549800
1537402,550101
1537500,549800
1537600,549800
1537700,549800
1537800,549800
1537901,549800
1537902,549800
1538000,549800
1538100,549800
1538200,549800
1538300,549800
1538400,549800
1538500,549800
1538600,549800
1538700,549800
1538800,549800
1538901,549800
1538902,549800
1539000,549800
1539100,549800
1539200,549800
1539300,549800
1539400,549800
1539501,549800
1539502,549602
1539600,549800
1539700,549800
1539800,549800
1539900,549800
1540000,549602
1540100,549800
1540200,549800
1540300,549800
1540400,549800
1540500,550500
1540600,550500
1540700,550500
1540800,550500
1540900,550500
1541000,550500
1541100,550500
1541200,550500
1541300,550500
1541400,550500
1541500,550500
1541600,550500
1541700,550500
1541800,550500
1541900,550500
1542000,550500
1542100,550500
1542200,550500
1542300,550500
1542400,550500
1542500,550200
1542600,550200
1542700,550200
1542800,550200
1542900,550200
1543000,550200
1543100,550200
1543200,550200
1543300,550200
1543400,550200
1543500,550200
1543600,550200
1543700,550200
1543800,550200
1543900,550200
1544000,550200
1544100,550200
1544200,550200
1544300,550200
1544400,550200
1544500,550200
1544600,550200
1544701,550200
1544702,550200
1544800,551301
1544900,551301
1545000,551301
1545100,551301
1545200,551301
1545300,551301
1545400,551301
1545500,551301
1545600,551301
1545701,551301
1545702,551301
1545800,551301
1545900,551301
1546000,551301
1546100,551301
1546200,551301
1546300,551301
1546400,551301
1546500,551301
1546600,551301
1546700,551301
1546800,551301
1546900,551301
1547000,551301
1547100,551301
1547200,551301
1547300,551301
1547400,551301
1547500,551301
1547600,551301
1547701,551301
1547702,551301
1547800,551301
1547900,551301
1548000,551301
1548100,551301
1548201,551301
1548202,551301
1548300,551301
1548400,551301
1548500,551301
1548600,551301
1548700,551301
1548800,551301
1548900,551302
1549000,551302
1549100,551302
1549200,551302
1549301,551302
1549302,551302
1549400,551302
1549501,551302
1549502,551302
1549600,551302
1549700,551302
1549800,551302
1549901,551302
1549903,551302
1549904,551302
1550003,551302
1550004,551302
1550005,551302
1550006,551302
1550007,551302
1550100,550600
1550200,550600
1550300,550600
1550401,550700
1550402,550700
1550502,550700
1550503,550700
1550505,551302
1550506,551302
1550600,550700
1550700,550700
1550800,550700
1550900,550700
1551000,550700
1551100,550700
1551200,550700
1551300,550700
1551400,550700
1551500,550700
1551600,550700
1551700,550700
1551800,550700
1551900,550700
1552000,550700
1552100,550700
1552200,550700
1552300,550700
1552401,550700
1552402,531710
1552403,531710
1552500,550700
1552600,550700
1552701,551112
1552702,551112
1552801,553302
1552802,553302
1552901,551112
1552902,553302
1553000,551112
1553100,551120
1553200,551120
1553300,551120
1553400,551120
1553500,551120
1553600,551112
1553700,551112
1553800,551112
1553901,551112
1553903,551112
1553904,551112
1553905,551112
1554000,551112
1554100,551112
1554201,551112
1554202,551112
1554300,551112
1554400,551112
1554500,551112
1554600,551112
1554700,551112
1554800,551112
1554900,551112
1555001,550800
1555002,550800
1555100,550800
1555200,550800
1555302,550800
1555303,550800
1555304,550800
1555400,550800
1555500,550800
1555602,550800
1555603,551030
1555605,551030
1555606,550800
1555607,550800
1555702,550800
1555703,550800
1555705,551030
1555706,551030
1555707,551030
1555800,551030
1555900,551030
1556001,551030
1556002,551400
1556100,551030
1556201,551021
1556203,551024
1556205,551024
1556206,551024
1556207,551024
1556208,551024
1556209,551024
1556210,551024
1556308,551024
1556309,551024
1556310,551021
1556311,551021
1556312,551024
1556313,551024
1556314,551024
1556315,551024
1556316,551024
1556317,551024
1556318,551024
1556319,551024
1556320,551024
1556321,551024
1556322,551024
1556323,551024
1556324,551024
1556325,551024
1556326,551024
1556327,551024
1556328,551024
1556401,551021
1556402,551021
1556501,551021
1556504,551023
1556505,551023
1556506,551023
1556507,551023
1556508,551021
1556509,551021
1556601,551021
1556603,552500
1556604,551021
1556605,551023
1556606,551023
1556701,551021
1556702,552500
1556703,552500
1556801,551021
1556804,552500
1556805,551021
1556806,552200
1556901,551112
1556902,551112
1556903,551112
1557001,551112
1557002,551112
1557100,551112
1557200,551112
1557300,551112
1557400,551112
1557500,551112
1557602,551112
1557603,551112
1557604,551112
1557605,551112
1557705,551022
1557707,551022
1557708,551022
1557709,551022
1557710,551022
1557711,551022
1557712,551022
1557713,551022
1557714,551022
1557715,551022
1557716,551022
1557803,551022
1557804,551022
1557805,551022
1557809,551022
1557810,551022
1557811,551022
1557812,551022
1557813,551022
1557814,551022
1557815,551022
1557816,551022
1557817,551022
1557818,551022
1557819,551022
1557820,551022
1557821,551022
1557822,551022
1557823,551022
1557824,551022
1557901,551021
1557902,551021
1557904,551022
1557905,551021
1558001,551022
1558002,551022
1558003,551022
1558005,551022
1558006,551022
1558007,551022
1558100,551112
1558200,551112
1558300,551112
1558400,551112
1558500,551112
1558600,551112
1558701,552701
1558702,551112
1558800,550901
1558900,551012
1559001,550901
1559002,550901
1559003,550901
1559100,550902
1559201,550902
1559202,551012
1559301,551012
1559302,551012
1559400,551012
1559500,551012
1559600,551012
1559700,551012
1559800,551012
1559900,551012
1560000,551012
1560101,551014
1560103,551014
1560104,551012
1560105,551012
1560201,551014
1560202,551012
1560300,551014
1560400,551014
1560500,551111
1560600,551111
1560700,550901
1560800,550901
1560900,550901
1561000,550901
1561100,550901
1561200,550901
1561300,550901
1561400,550901
1561500,550901
1561600,550901
1561701,550901
1561702,550901
1561800,550901
1561900,550901
1562000,550901
1562100,550901
1562200,550901
1562301,550901
1562302,550901
1562303,550901
1562401,550901
1562402,551013
1562406,550901
1562407,550901
1562408,550901
1562409,550901
1562410,550901
1562411,550901
1562412,550901
1562413,550901
1562414,550901
1562415,550901
1562416,550901
1562417,550901
1562418,550901
1562419,550901
1562420,550901
1562501,551013
1562502,550901
1562601,551013
1562602,551013
1562700,551013
1562801,550902
1562802,551013
1562901,550902
1562902,550902
1563000,550902
1563100,550902
1563201,551014
1563202,551014
1563203,551014
1563300,551014
1563401,551014
1563402,551014
1563500,551111
1563600,551111
1563700,551111
1563800,551111
1563900,551111
1564000,551111
1564100,551111
1564200,551111
1564301,551111
1564302,551111
1564400,551111
1564500,551111
1564600,551111
1564700,551111
1564800,551111
1564900,551111
1565000,551111
1565101,551111
1565102,551111
1565103,551111
1565200,551111
1565300,551111
1565400,551111
1565500,551111
1565600,551111
1565700,551111
1565800,551111
1565900,552500
1566000,552500
1566100,552500
1566200,552500
1566300,552500
1566400,552500
1566500,552500
1566600,552500
1566700,552500
1566800,552500
1566900,552500
1567000,552500
1567100,552500
1567200,552500
1567300,552500
1567400,552500
1567500,552500
1567600,552500
1567700,552500
1567800,552500
1567900,552500
1568000,552500
1568100,552500
1568200,552500
1568300,552500
1568400,552500
1568500,552500
1568600,552500
1568700,552500
1568800,552500
1568900,552500
1569000,552500
1569100,552500
1569200,552500
1569300,552500
1569400,552500
1569501,552500
1569502,552500
1569601,552500
1569602,552500
1569701,552500
1569702,552500
1569801,552500
1569802,552500
1569900,552500
1570000,552500
1570100,552500
1570200,552500
1570301,552500
1570302,552500
1570400,552500
1570500,552400
1570600,552400
1570700,552400
1570800,552400
1570900,552400
1571000,552400
1571100,552400
1571200,552400
1571300,552400
1571400,552400
1571500,552400
1571600,552400
1571700,552400
1571800,552400
1571900,552400
1572000,552400
1572101,552400
1572102,552400
1572200,552400
1572300,552400
1572400,552400
1572500,552400
1572600,552400
1572700,552400
1572801,552400
1572802,552400
1572901,552400
1572902,552400
1573001,552400
1573002,552400
1573003,552400
1573100,552400
1573200,552400
1573300,552400
1573400,552400
1573500,552400
1573600,552400
1573700,552400
1573800,551700
1573900,551700
1574000,551700
1574100,551700
1574200,551700
1574300,551700
1574400,551700
1574500,551700
1574600,551700
1574700,551700
1574800,551700
1574900,551700
1575000,551700
1575100,551700
1575200,551700
1575300,551700
1575400,551700
1575500,551700
1575601,551700
1575602,551700
1575701,551700
1575702,551700
1575801,551700
1575802,551700
1575901,551700
1575902,551700
1576001,551700
1576002,551700
1576100,551700
1576200,551700
1576301,551700
1576302,551700
1576401,551700
1576402,551700
1576501,551700
1576502,551700
1576600,551700
1576700,551700
1576800,551700
1576900,551700
1577001,551600
1577002,551600
1577003,551600
1577100,551600
1577200,551600
1577301,551600
1577302,551600
1577303,551600
1577400,551600
1577500,551600
1577600,551600
1577701,551600
1577702,551600
1577703,551600
1577704,551600
1577705,551600
1577800,551600
1577900,551600
1578000,551600
1578100,551600
1578200,551600
1578300,551502
1578400,551502
1578501,551502
1578502,551502
1578601,551502
1578602,551502
1578700,551503
1578800,551503
1578900,551503
1579000,551503
1579100,551502
1579200,551503
1579302,551503
1579303,551503
1579304,551503
1579305,551503
1579306,551503
1579401,551503
1579402,551503
1579500,551503
1579601,551503
1579602,551503
1579700,551503
1579800,551503
1579900,551503
1580001,551503
1580002,551503
1580100,551503
1580200,551503
1580300,551503
1580400,551503
1580500,551503
1580600,551503
1580700,551503
1580800,551503
1580900,551501
1581000,551501
1581100,551501
1581200,551501
1581300,551501
1581400,551501
1581500,551501
1581600,551501
1581700,551501
1581800,551501
1581900,551501
1582000,551501
1582100,551501
1582200,551501
1582300,551501
1582400,551501
1582500,551501
1582600,551502
1582700,551502
1582800,551502
1582900,551501
1583000,551501
1583100,551501
1583201,551501
1583202,551501
1583300,551501
1583400,551502
1583500,551502
1583600,551502
1583700,551502
1583800,551502
1583900,551502
1584001,551502
1584002,551502
1584101,551502
1584102,551502
1584103,551502
1584200,551502
1584300,551400
1584400,551400
1584502,551400
1584503,551400
1584504,551400
1584601,551400
1584602,551400
1584701,551400
1584702,551502
1584703,551502
1584800,551400
1584900,551400
1585000,551400
1585100,551400
1585200,551400
1585300,551400
1585400,551400
1585500,551400
1585600,551400
1585700,551400
1585800,551400
1585901,551400
1585902,551400
1586000,551400
1586100,551400
1586201,551400
1586202,551400
1586300,551400
1586400,551400
1586500,551400
1586600,551400
1586700,551400
1586800,551400
1586900,551400
1587000,551400
1587100,551400
1587200,551400
1587300,551400
1587400,551400
1587501,551400
1587502,551501
1587600,551400
1587700,551400
1587800,551400
1587903,551400
1588100,551900
1588200,551900
1588300,551900
1588400,551900
1588500,551900
1588600,551900
1588700,551900
1588800,551900
1588900,551900
1589000,551900
1589100,551900
1589200,551900
1589300,551900
1589400,551900
1589500,551900
1589600,551900
1589700,551900
1589800,551900
1589900,551900
1590000,551900
1590100,552002
1590200,552002
1590300,552002
1590400,552002
1590500,551800
1590600,551800
1590700,551800
1590800,551800
1590900,551800
1591000,551800
1591100,551800
1591200,551800
1591300,551800
1591400,551800
1591500,551800
1591600,551800
1591700,551800
1591800,551800
1591900,551800
1592000,551800
1592100,551800
1592200,551800
1592300,551800
1592400,551800
1592500,551800
1592600,551800
1592700,551800
1592800,551800
1592900,551800
1593000,551800
1593100,551800
1593200,551800
1593300,551800
1593400,551800
1593500,551800
1593600,551800
1593700,551800
1593800,551800
1593900,551800
1594000,551800
1594100,551800
1594200,551800
1594300,551800
1594400,551800
1594500,551800
1594600,551800
1594700,551800
1594800,552002
1594900,552002
1595000,552002
1595100,552002
1595200,552002
1595300,552002
1595400,552002
1595500,552002
1595600,552002
1595700,552001
1595800,552001
1595900,552001
1596000,552001
1596100,552001
1596200,552001
1596300,552001
1596400,552001
1596500,552001
1596600,552001
1596700,552100
1596800,552100
1596900,552100
1597000,552100
1597100,552100
1597200,552100
1597300,552100
1597400,552100
1597500,552100
1597600,552100
1597700,552100
1597800,552100
1597900,552100
1598000,552100
1598101,552100
1598102,552100
1598200,552100
1598300,552100
1598401,552100
1598501,552100
1598601,552100
1598700,552100
1598800,552100
1598900,552100
1599000,552100
1599100,552100
1599200,552100
1599300,552100
1599400,552100
1599500,552100
1599600,552100
1599700,552100
1599800,552100
1599900,552100
1600001,552100
1600002,552100
1600100,552100
1600200,552100
1600301,552100
1600302,552100
1600303,552100
1600400,552100
1600500,552100
1600600,552200
1600700,552200
1600800,552200
1600901,552200
1600902,552200
1600903,552200
1601000,552200
1601100,552200
1601200,552200
1601300,552200
1601400,552200
1601500,552200
1601600,552200
1601701,552200
1601702,552200
1601703,552200
1601704,552200
1601801,552200
1601802,552200
1601803,552200
1601900,552200
1602000,552200
1602100,552200
1602200,552300
1602300,552300
1602400,552300
1602500,552300
1602600,552300
1602701,552300
1602702,552300
1602800,552300
1602900,552300
1603000,552300
1603100,552300
1603200,552300
1603301,552300
1603400,552300
1603500,552300
1603600,552300
1603700,552300
1603800,552300
1603900,552300
1604000,552800
1604100,552800
1604200,552800
1604300,552800
1604400,552800
1604501,552800
1604502,552800
1604600,552800
1604700,552800
1604800,552800
1604900,552800
1605000,552800
1605100,552800
1605200,552800
1605300,552800
1605400,552800
1605500,552800
1605600,552800
1605700,552800
1605800,552800
1605900,552800
1606000,552800
1606100,552800
1606200,552800
1606300,552800
1606401,552800
1606402,552800
1606403,552800
1606501,552800
1606502,552800
1606600,552701
1606700,552701
1606800,552702
1606900,552702
1607001,552702
1607002,552800
1607100,552702
1607200,552702
1607300,552702
1607400,552702
1607501,552702
1607502,552702
1607600,552702
1607700,552702
1607800,552702
1607900,552702
1608000,552702
1608100,552702
1608200,552702
1608300,552702
1608400,552702
1608500,552702
1608600,552702
1608700,552701
1608800,552701
1608900,552702
1609000,552702
1609100,552702
1609200,552702
1609300,552702
1609400,552702
1609500,552702
1609600,552702
1609700,552702
1609800,552702
1609900,552702
1610000,552702
1610100,552702
1610200,552702
1610300,552702
1610400,552702
1610500,552702
1610600,552702
1610700,553101
1610800,553101
1610900,553101
1611000,553101
1611100,553101
1611200,553102
1611300,553102
1611400,553101
1611500,553101
1611600,553101
1611700,553101
1611800,553102
1611900,553102
1612000,553102
1612100,553102
1612200,553102
1612300,553102
1612400,553102
1612500,553102
1612600,553102
1612700,553102
1612800,553101
1612900,553101
1613000,553101
1613100,553101
1613200,553101
1613300,553101
1613400,553101
1613500,553101
1613600,553101
1613700,553101
1613800,553101
1613900,553101
1614000,553102
1614100,553102
1614200,553102
1614300,553102
1614400,553102
1614500,553102
1614600,553102
1614700,553102
1614800,553102
1614900,553101
1615000,553101
1615100,553101
1615200,553101
1615300,553101
1615400,553101
1615500,553101
1615600,553101
1615700,553101
1615800,553101
1615900,553101
1616000,553101
1616101,553101
1616102,553101
1616200,553101
1616300,553101
1616400,553101
1616502,553102
1616503,553102
1616504,553102
1616600,553004
1616700,553004
1616800,553004
1616900,553004
1617000,553004
1617100,553004
1617200,553004
1617300,553004
1617400,553004
1617500,553004
1617600,553004
1617700,553004
1617801,553004
1617802,553004
1617900,553004
1618000,552900
1618100,552900
1618200,552900
1618300,552900
1618400,552900
1618500,552900
1618600,553004
1618701,553004
1618702,553101
1618800,553004
1618902,553101
1618903,553004
1618904,553004
1619000,553004
1619101,553004
1619102,553004
1619201,553003
1619202,553102
1619300,553003
1619400,553004
1619500,553004
1619600,553004
1619700,553003
1619800,553003
1619900,553003
1620000,553003
1620100,553003
1620200,553003
1620300,553003
1620401,553003
1620402,553003
1620501,553003
1620502,553002
1620601,553003
1620602,553003
1620603,553003
1620700,553003
1620800,553003
1620900,553003
1621000,553002
1621100,553002
1621200,553002
1621300,553002
1621400,553003
1621500,553003
1621600,553003
1621700,553002
1621800,553003
1621900,553003
1622000,553003
1622100,553003
1622201,553003
1622202,553003
1622300,553003
1622400,553002
1622501,553002
1622502,553002
1622600,553002
1622700,553002
1622800,553002
1622900,553002
1623000,553002
1623100,553002
1623200,553002
1623300,553002
1623401,553002
1623403,553002
1623404,553001
1623500,553002
1623600,553002
1623701,553002
1623702,553001
1623800,553002
1623900,553002
1624001,553002
1624002,553001
1624100,553001
1624200,553001
1624300,553001
1624401,553002
1624402,553001
1624501,553002
1624502,553001
1624600,553001
1624700,553001
1624800,553302
1624900,553302
1625000,553302
1625100,553302
1625200,553302
1625300,553302
1625400,553302
1625500,553302
1625600,553302
1625700,553302
1625800,553302
1625900,553302
1626000,553302
1626100,553302
1626200,553302
1626300,553302
1626400,553302
1626500,553302
1626600,553302
1626700,553302
1626801,553302
1626802,553302
1626900,553301
1627000,553302
1627100,553302
1627201,553302
1627202,553302
1627300,553302
1627400,553301
1627500,553302
1627601,553301
1627602,553302
1627700,553302
1627800,553301
1627900,553301
1628000,553301
1628100,553301
1628200,553301
1628300,553302
1628400,553302
1628500,553302
1628600,553302
1628700,553302
1628800,553302
1628900,553302
1629000,553302
1629100,553302
1629200,553302
1629300,553302
1629401,553302
1629402,553302
1629500,553302
1629600,553302
1629701,553200
1629702,553302
1629801,553200
1629802,553302
1629900,553302
1630000,553302
1630100,553302
1630200,553302
1630300,553302
1630400,553302
1630500,553302
1630600,553302
1630700,553302
1630800,553302
1630900,553302
1631000,553302
1631100,553302
1631200,553302
1631300,553302
1631400,553302
1631500,553302
1631600,553302
1631700,553302
1631800,553302
1631900,553302
1632000,553302
1632100,553200
1632200,553200
1632300,553200
1632400,553200
1632500,553200
1632600,553200
1632701,553200
1632702,553200
1632800,553200
1632900,553200
1633000,553200
1633100,553200
1633200,553200
1633300,553200
1633400,553200
1633500,553200
1633600,553200
1633700,553200
1633800,553200
1633900,553200
1634000,553601
1634101,553601
1634102,553601
1634200,553601
1634300,553601
1634400,553601
1634500,553601
1634600,553601
1634700,553601
1634800,553601
1634900,553601
1635000,553601
1635100,553601
1635200,553601
1635300,553601
1635400,553601
1635500,553601
1635600,553601
1635700,553601
1635800,553601
1635901,553601
1635902,553601
1635903,553601
1636000,553601
1636102,553601
1636103,553601
1636104,553601
1636201,553601
1636203,553601
1636204,553601
1636302,553601
1636303,553601
1636304,553601
1636400,553601
1636500,553601
1636600,553601
1636700,553601
1636801,553601
1636802,553601
1636900,553601
1637000,553601
1637100,553400
1637200,553400
1637300,553400
1637400,553400
1637500,553400
1637600,553400
1637700,553500
1637800,553500
1637900,553500
1638000,553500
1638100,553500
1638200,553500
1638301,553500
1638302,553500
1638400,553500
1638500,553500
1638600,553500
1638700,553500
1638800,553500
1638900,553500
1639000,553500
1639100,553500
1639200,553500
1639300,553500
1639400,553500
1639500,553500
1639600,553500
1639700,553500
1639800,553500
1639900,553500
1640000,553500
1640100,553500
1640201,553500
1640202,553500
1640300,553500
1640400,553500
1640500,553500
1640600,553500
1640700,553500
1640800,553500
1640900,554010
1641000,554010
1641100,554010
1641200,554010
1641300,554010
1641400,554010
1641500,554010
1641600,554010
1641700,554010
1641801,554010
1641802,554010
1641900,554010
1642000,554010
1642100,554010
1642200,554010
1642300,554010
1642400,554010
1642500,554010
1642600,554010
1642700,554020
1642800,554020
1642900,554020
1643000,554020
1643100,554020
1643200,554020
1643300,554020
1643400,554020
1643500,554020
1643600,554020
1643700,554020
1643800,554020
1643900,554020
1644000,554020
1644100,554020
1644200,554020
1644300,554020
1644400,554020
1644500,554020
1644600,554020
1644700,554020
1644800,554020
1644900,554020
1645000,554020
1645100,554020
1645200,554020
1645300,554020
1645400,554020
1645500,554020
1645600,554020
1645700,554020
1645800,554010
1645900,554010
1646000,554010
1646100,554020
1646200,554020
1646300,554020
1646400,554020
1646500,554020
1646600,554020
1646700,554020
1646800,554020
1646900,554020
1647000,554020
1647101,554010
1647102,554010
1647200,554010
1647300,554010
1647400,554010
1647500,554010
1647600,554010
1647700,554010
1647800,554010
1647900,554010
1648000,554010
1648100,554010
1648200,554020
1648300,554020
1648400,554020
1648500,554020
1648600,554010
1648700,554010
1648800,554010
1648900,554010
1649000,554010
1649100,554010
1649200,554010
1649300,554010
1649400,554010
1649500,554010
1649600,554010
1649700,554010
1649800,554111
1649900,554111
1650000,554111
1650101,554020
1650102,554111
1650200,554111
1650301,554020
1650302,554111
1650400,554111
1650500,554111
1650600,554120
1650700,554120
1650801,554120
1650803,554120
1650804,554120
1650900,554120
1651001,554113
1651002,554010
1651003,554010
1651100,554113
1651200,554120
1651300,554120
1651400,554120
1651500,554120
1651600,554120
1651700,554120
1651800,554120
1651900,554120
1652000,554120
1652100,554120
1652200,554120
1652300,554120
1652400,554113
1652500,554113
1652600,554113
1652700,554113
1652800,554113
1652901,554113
1652902,554113
1653000,553900
1653100,553900
1653200,553900
1653300,553900
1653400,553900
1653500,553900
1653601,554114
1653602,554114
1653701,554115
1653702,554115
1653803,554115
1653804,554115
1653806,554115
1653807,554115
1653808,554115
1653901,554114
1653902,554115
1654000,554114
1654101,554113
1654102,554010
1654200,554114
1654300,554114
1654400,554114
1654500,554114
1654600,554130
1654700,554130
1654800,554130
1654900,554130
1655000,554130
1655100,554130
1655200,554130
1655300,554130
1655400,554130
1655500,554130
1655600,554130
1655700,554130
1655800,554130
1655900,554130
1656000,554130
1656100,554130
1656200,554130
1656300,553800
1656400,553800
1656500,553800
1656600,553800
1656700,553800
1656800,553800
1656900,553800
1657000,553800
1657100,553800
1657200,553800
1657300,553800
1657400,553700
1657500,553700
1657600,553700
1657700,553700
1657800,553700
1657901,553700
1657902,553700
1658000,553700
1658100,553700
1658200,553700
1658300,553700
1658400,553700
1658500,553700
1658601,553700
1658602,553700
1658700,553700
1658800,553700
1658900,553700
1659000,553700
1659100,553700
1659200,553700
1659300,553700
1659400,553700
1659500,553700
1659600,553700
1659700,553700
1659801,553700
1659802,553700
1659901,553700
1659902,553700
1660000,553700
1660100,553700
1660200,553700
1660300,553700
1660400,553700
1660500,553700
1660600,554700
1660700,554700
1660800,554700
1660900,554700
1661000,554700
1661100,554700
1661200,554700
1661300,554700
1661400,554700
1661500,554700
1661600,554700
1661700,554700
1661800,554700
1661900,554700
1662000,554700
1662100,554700
1662200,554700
1662300,554700
1662400,554700
1662500,554700
1662600,554700
1662700,554700
1662800,554700
1662900,554700
1663000,554700
1663100,554700
1663200,554300
1663300,554300
1663400,554800
1663500,554800
1663600,554800
1663700,554800
1663800,554800
1663900,554800
1664000,554800
1664100,554800
1664200,554800
1664300,554800
1664400,554800
1664500,554400
1664600,554500
1664700,554400
1664800,554400
1664900,554400
1665000,554400
1665100,554400
1665200,554400
1665300,554400
1665400,554400
1665500,554400
1665600,554400
1665700,554400
1665800,554400
1665900,554400
1666000,554400
1666100,554400
1666200,554400
1666300,554400
1666400,554400
1666500,554400
1666600,554400
1666700,554400
1666800,554400
1666900,554400
1667000,554400
1667100,554500
1667200,554400
1667300,554400
1667400,554400
1667500,554500
1667600,554500
1667700,554400
1667800,554400
1667900,554400
1668000,554500
1668100,554500
1668200,554500
1668300,554500
1668400,554500
1668500,554500
1668600,554500
1668700,554500
1668800,554500
1668900,554500
1669000,554500
1669100,554500
1669200,554500
1669300,554400
1669400,554400
1669500,554400
1669601,554500
1669602,554500
1669700,554500
1669800,554500
1669900,554500
1670000,554500
1670100,554500
1670200,554500
1670300,554500
1670400,554500
1670500,554500
1670600,554400
1670700,554500
1670801,554500
1670802,554500
1670900,554500
1671000,554500
1671200,554900
1671300,554900
1671400,554900
1671500,554900
1671600,554900
1671701,554900
1671702,554900
1671800,554900
1671900,554900
1672000,554900
1672100,554900
1672200,554900
1672301,554900
1672302,554900
1672400,554900
1672500,554900
1672600,554900
1672701,554900
1672702,554900
1672801,554900
1672802,554900
1672900,554900
1673000,554900
1673100,554900
1673200,554900
1673301,554900
1673302,554900
1673400,554900
1673500,554900
1673600,554900
1673700,554900
1673801,554900
1673802,554900
1673900,554900
1674000,554900
1674100,554900
1674201,554900
1674202,554900
1674301,554900
1674302,554900
1674400,554900
1674500,554900
1674600,554900
1674700,554900
1674800,554900
1674900,555100
1675000,555100
1675100,555100
1675200,555100
1675300,555100
1675400,555100
1675500,555100
1675600,555100
1675700,555100
1675800,555100
1675900,555100
1676000,555000
1676100,555000
1676200,555000
1676300,555000
1676401,555000
1676402,555000
1676403,555000
1676404,555000
1676501,555000
1676502,555000
1676600,555000
1676700,555000
1676800,555000
1676900,555000
1677000,555000
1677101,555000
1677102,555000
1677200,555000
1677300,555000
1677400,555000
1677500,555000
1677600,555000
1677700,555000
1677800,554900
1677900,554900
1678000,554900
1678100,554900
1678200,554900
1678300,555400
1678400,555400
1678501,555400
1678502,555400
1678600,555400
1678700,555400
1678800,554500
1678900,555400
1679000,555400
1679100,555400
1679200,555400
1679300,554500
1679400,555400
1679500,555400
1679601,554500
1679602,555400
1679700,555300
1679800,555300
1679901,555300
1679902,555300
1679903,555300
1680001,555300
1680002,555300
1680003,555300
1680101,555300
1680102,555300
1680103,555300
1680200,555300
1680300,555300
1680400,555400
1680501,555400
1680502,555400
1680503,555400
1680600,555400
1680701,555400
1680702,555400
1680801,555400
1680802,555400
1680900,555300
1681000,555300
1681100,555300
1681200,555400
1681300,555400
1681400,555400
1681500,555300
1681600,555300
1681701,555300
1681702,555700
1681801,555300
1681802,555300
1681803,555300
1681804,555300
1681805,555300
1681806,555300
1681807,555300
1681900,555300
1682000,555300
1682102,555700
1682104,555900
1682106,555900
1682107,556100
1682109,555300
1682110,555300
1682111,555700
1682112,555700
1682113,555900
1682114,555900
1682115,556100
1682116,556100
1682202,555200
1682203,555300
1682205,555300
1682206,555300
1682207,555300
1682208,555300
1682300,555400
1682400,555200
1682501,555200
1682502,555200
1682600,555200
1682701,555200
1682702,555200
1682800,555200
1682901,555200
1682902,555200
1683000,555200
1683100,555200
1683200,558300
1683300,558300
1683400,558300
1683500,558300
1683600,558300
1683700,558300
1683800,558300
1683900,558300
1684000,558300
1684100,558300
1684200,558300
1684300,558300
1684400,558300
1684500,558300
1684600,558300
1684700,558300
1684801,558200
1684802,558200
1684900,558300
1685000,558300
1685100,558300
1685202,558200
1685203,557600
1685204,557600
1685301,558200
1685302,558200
1685303,558200
1685400,558300
1685500,558300
1685600,558300
1685700,558300
1685800,558300
1685901,557900
1685903,558200
1685904,558200
1686000,558200
1686100,558300
1686200,558300
1686300,558300
1686400,558300
1686500,558300
1686600,558300
1686700,558300
1686800,558300
1686900,558300
1687000,558300
1687100,558300
1687202,558200
1687205,558200
1687206,558200
1687207,558200
1687208,558200
1687301,558200
1687302,558200
1687303,558200
1687304,558200
1687400,558300
1687500,558300
1687601,558300
1687602,558300
1687700,558300
1687800,558300
1687900,558300
1688000,558300
1688100,558300
1688200,558300
1688301,558300
1688302,558300
1688400,558100
1688500,558100
1688600,558100
1688700,558100
1688800,557600
1688900,557600
1689000,557600
1689100,557600
1689200,557600
1689300,557600
1689400,557600
1689501,557600
1689502,557600
1689503,557600
1689504,557600
1689600,557600
1689700,557600
1689800,557600
1689900,557600
1690000,557600
1690100,557600
1690201,557600
1690202,557600
1690300,557600
1690400,557600
1690500,557600
1690600,557500
1690700,557500
1690800,557500
1690900,557500
1691000,557500
1691100,557500
1691200,557500
1691300,557500
1691401,557500
1691402,557500
1691500,557500
1691600,557500
1691700,557500
1691800,557500
1691900,557500
1692000,557500
1692100,557500
1692200,557500
1692300,557500
1692400,557500
1692500,557700
1692600,557700
1692700,557700
1692800,557700
1692900,557700
1693000,557700
1693100,557700
1693200,557700
1693300,557700
1693400,557700
1693500,557700
1693600,557700
1693700,557700
1693800,557700
1693900,557700
1694001,557700
1694002,557700
1694003,557700
1694100,557700
1694200,557700
1694300,557700
1694400,557700
1694500,557700
1694600,557700
1694700,557700
1694800,557700
1694900,557800
1695000,557800
1695100,557800
1695200,557800
1695300,557800
1695401,557800
1695402,557800
1695500,557900
1695600,557900
1695700,557900
1695800,557900
1695900,557900
1696000,557900
1696100,557900
1696200,557900
1696300,557900
1696400,557900
1696500,557900
1696600,557900
1696700,557900
1696800,557100
1696900,557100
1697000,557100
1697100,557100
1697200,557100
1697300,557100
1697400,557100
1697500,557100
1697600,557100
1697700,557100
1697800,557100
1697900,557100
1698000,557100
1698100,557100
1698200,557100
1698300,557100
1698400,557100
1698500,557100
1698600,557100
1698700,557100
1698800,557100
1698900,557100
1699000,557100
1699100,557100
1699200,557100
1699300,557100
1699400,557100
1699500,557100
1699600,557100
1699700,556900
1699800,556900
1699900,556900
1700000,556900
1700100,556900
1700200,556900
1700300,556900
1700400,556900
1700500,556900
1700600,556900
1700700,556900
1700800,556900
1700900,556900
1701000,556900
1701100,556900
1701200,556900
1701300,556900
1701400,556900
1701500,556900
1701600,556900
1701700,556900
1701800,556800
1701900,556800
1702000,556800
1702100,556800
1702200,556800
1702300,556800
1702400,556800
1702500,556800
1702600,556800
1702700,556800
1702800,556800
1702900,556800
1703000,556800
1703100,556800
1703200,556800
1703300,556800
1703400,556800
1703500,556800
1703600,556800
1703700,556800
1703800,556800
1703900,556800
1704000,556800
1704100,556800
1704200,556800
1704300,556800
1704400,556800
1704500,556800
1704600,556800
1704700,556800
1704800,556800
1704900,556800
1705000,556800
1705100,556800
1705200,556800
1705300,556800
1705400,556800
1705500,556800
1705600,557200
1705700,557200
1705801,557200
1705802,557200
1705803,557200
1705900,557200
1706000,557200
1706100,557200
1706200,557200
1706300,557200
1706400,557200
1706500,557200
1706600,557200
1706700,557200
1706800,557200
1706900,557200
1707000,557200
1707100,557200
1707200,557200
1707300,557200
1707400,557300
1707500,557300
1707600,557300
1707701,557300
1707702,557300
1707800,557300
1707900,557300
1708000,557300
1708100,557300
1708200,557300
1708300,557300
1708400,557300
1708500,557300
1708600,557300
1708700,557300
1708800,557300
1708900,557300
1709000,557300
1709100,557300
1709200,557300
1709300,557300
1709400,557300
1709500,557300
1709600,557400
1709700,557400
1709800,557400
1709900,557400
1710000,557400
1710100,557400
1710200,557400
1710300,557400
1710400,557400
1710500,557400
1710600,557400
1710700,557400
1710800,557400
1710901,557400
1710902,557400
1711000,557400
1711100,557400
1711200,557400
1711300,557400
1711400,557400
1711500,555700
1711600,555700
1711700,555700
1711800,555700
1711900,555700
1712000,555700
1712100,555700
1712200,555700
1712300,555700
1712400,555700
1712500,555700
1712600,555700
1712700,555700
1712800,555700
1712900,555700
1713000,555700
1713100,555700
1713200,555700
1713300,555700
1713400,555700
1713500,555700
1713600,555800
1713700,555800
1713800,555800
1713900,555800
1714000,555800
1714100,555800
1714200,555800
1714300,555800
1714400,555800
1714500,555800
1714600,555800
1714700,555800
1714800,555800
1714900,555800
1715000,555800
1715100,555800
1715200,555800
1715300,555800
1715400,555900
1715500,555900
1715600,555900
1715700,555900
1715800,555900
1715900,555900
1716000,555900
1716100,555900
1716201,555900
1716202,555900
1716300,556000
1716400,556000
1716500,556000
1716601,556000
1716602,556000
1716700,556400
1716800,556400
1716900,556400
1717000,556400
1717100,556400
1717200,556400
1717300,556400
1717400,556400
1717500,556400
1717600,556400
1717700,556400
1717800,556400
1717900,556400
1718000,556400
1718100,556400
1718200,556400
1718300,556400
1718400,556100
1718500,556100
1718600,556100
1718700,556100
1718800,556100
1718901,556100
1718902,556100
1718903,556100
1719000,556100
1719100,556100
1719200,556100
1719300,556100
1719400,556100
1719500,556100
1719600,556100
1719700,556500
1719800,556500
1719900,556500
1720000,556500
1720100,556500
1720200,556500
1720300,556500
1720400,556500
1720500,556500
1720601,556600
1720603,556600
1720604,556600
1720605,556600
1720700,556600
1720802,556600
1720803,556600
1720804,556600
1720805,556600
1720901,556600
1720902,556600
1721000,556600
1721100,556600
1721200,556700
1721301,556700
1721302,556700
1721400,556700
1721500,556700
1721600,556700
1721701,556700
1721702,556700
1721801,556700
1721802,556700
1721900,556700
1722000,556700
1722100,556700
1722200,556700
1722300,556700
1722400,556700
1722500,556700
1722600,556700
1722700,556700
1722800,556300
1722900,556300
1723000,556300
1723100,556300
1723200,556300
1723300,556300
1723400,556300
1723500,556300
1723600,556300
1723700,556300
1723800,556300
1723900,556300
1724000,556200
1724100,556200
1724200,556200
1724300,556200
1724400,556200
1724500,556200
1724600,556200
1724700,556200
1724800,556200
1724900,556200
1725000,556200
1725100,556200
1725200,556200
1725300,556200
1725400,556200
1725500,556200
1725600,556200
1725700,556200
1725800,556200
1725900,556200
1726000,556200
1726100,556200
1726200,556200
1726300,556200
1726400,556200
1726500,556200
1726600,556200
1726700,556200
1726800,557000
1726901,557000
1726902,557000
1726903,557000
1727000,557000
1727100,557000
1727200,557000
1727300,557000
1727400,557000
1727500,557000
1727700,559220
1727800,559220
1727901,559220
1727902,559220
1727903,559220
1728000,559220
1728100,559220
1728201,559220
1728202,559220
1728301,559220
1728302,559220
1728400,559220
1728500,558700
1728600,558700
1728700,558700
1728800,558700
1728900,558700
1729000,558700
1729100,559220
1729200,559220
1729300,559220
1729400,559220
1729500,559220
1729600,559220
1729700,559220
1729800,559220
1729900,559220
1730000,559220
1730100,559220
1730200,559220
1730300,559220
1730400,559230
1730500,559230
1730600,559230
1730701,559230
1730702,559230
1730800,559230
1730900,559230
1731001,559500
1731002,559230
1731101,559500
1731102,559500
1731200,559230
1731300,559230
1731400,559230
1731501,559500
1731502,559230
1731600,559500
1731700,559230
1731800,559230
1731900,559230
1732000,559230
1732100,559230
1732200,559230
1732300,559230
1732400,559230
1732500,559230
1732601,559230
1732602,559230
1732603,559230
1732700,559230
1732800,559230
1732900,559230
1733000,559230
1733100,559230
1733200,559230
1733300,559230
1733400,559230
1733500,559230
1733600,559230
1733700,559230
1733800,559230
1733900,559230
1734000,558800
1734100,558800
1734200,558800
1734300,558800
1734400,558800
1734500,559230
1734600,559230
1734701,559230
1734702,559240
1734800,559230
1734901,559500
1734902,559500
1735001,559500
1735002,559500
1735100,559500
1735200,559500
1735300,559500
1735400,559500
1735500,559500
1735600,559500
1735700,559500
1735800,559500
1735900,559500
1736000,559500
1736100,559500
1736200,559500
1736300,559500
1736400,559500
1736500,559500
1736600,559500
1736700,559500
1736800,559500
1736900,559500
1737000,559500
1737100,559500
1737200,559500
1737300,559500
1737400,559500
1737500,559500
1737600,559500
1737700,559500
1737800,559500
1737900,559500
1738000,559500
1738100,559500
1738200,559500
1738300,559500
1738400,559500
1738500,559500
1738600,559500
1738700,559500
1738800,559500
1738900,559500
1739000,559500
1739100,559500
1739200,559500
1739300,559500
1739400,559500
1739500,559500
1739600,559500
1739700,559500
1739800,559500
1739900,559500
1740000,559500
1740100,559230
1740200,559230
1740300,559230
1740400,559230
1740500,559230
1740600,559230
1740700,559230
1740800,559230
1740900,559230
1741000,559230
1741100,559230
1741200,559230
1741300,559230
1741400,559230
1741500,559230
1741600,559230
1741700,559230
1741800,559230
1741901,559230
1741902,559230
1742000,558900
1742100,558900
1742200,558900
1742300,558900
1742400,558900
1742500,558900
1742600,558900
1742700,558900
1742800,558900
1742900,558900
1743000,558900
1743100,558900
1743200,558900
1743300,558900
1743400,558900
1743501,558900
1743502,558900
1743600,558900
1743700,558900
1743800,558900
1743900,558900
1744000,558900
1744100,558900
1744200,558900
1744300,558900
1744400,558900
1744501,554900
1744503,559210
1744504,559210
1744601,559210
1744602,559000
1744700,559210
1744801,559210
1744802,559000
1744901,559000
1744902,545913
1745000,559210
1745100,559210
1745200,559210
1745300,559210
1745400,559210
1745500,559220
1745600,559220
1745700,559220
1745801,559220
1745802,559220
1745900,559220
1746000,559220
1746101,559220
1746102,559220
1746200,559220
1746300,559220
1746400,559220
1746500,559220
1746600,559220
1746700,559220
1746801,559220
1746802,559220
1746803,559220
1746804,559220
1746901,559220
1746902,559220
1747000,559220
1747100,559220
1747200,559220
1747300,559220
1747400,559220
1747500,559220
1747601,559220
1747603,559220
1747604,559220
1747605,559220
1747701,559220
1747702,559220
1747800,559220
1747900,559220
1748000,559220
1748100,559220
1748200,559220
1748300,559220
1748400,559220
1748500,559400
1748600,559400
1748700,559400
1748801,559400
1748802,559400
1748803,559400
1748900,559400
1749000,559400
1749100,559400
1749200,559400
1749300,559400
1749400,559400
1749501,559400
1749502,559400
1749600,559400
1749700,559400
1749800,559400
1749900,559400
1750000,559400
1750100,559400
1750200,559400
1750300,559400
1750400,559400
1750500,559400
1750600,559400
1750700,559400
1750800,559400
1750900,559400
1751000,559400
1751100,559400
1751200,559400
1751300,559400
1751400,559400
1751500,559400
1751600,559400
1751700,559400
1751800,559400
1751900,558600
1752000,558600
1752100,558600
1752201,558500
1752202,558500
1752300,558500
1752400,558500
1752500,558500
1752600,558500
1752700,558500
1752800,558500
1752900,558500
1753000,558500
1753100,558500
1753200,558500
1753300,558500
1753400,558500
1753500,558500
1753600,558500
1753700,558500
1753800,558500
1753900,558500
1754000,558500
1754100,558500
1754200,558500
1754300,558500
1754400,558500
1754500,558500
1754601,558500
1754602,558500
1754700,558500
1754800,558500
1754901,559210
1754902,554900
1754903,554900
1755001,559210
1755002,559210
1755100,559210
1755200,559210
1755300,559210
1755400,559210
1755500,554900
1755600,554900
1755701,554900
1755702,559210
1755800,559210
1755900,559210
1756000,559210
1756100,560200
1756201,560200
1756202,560200
1756203,560200
1756300,560200
1756400,560200
1756500,560200
1756600,560200
1756701,560200
1756702,560200
1756800,560200
1756900,560200
1757000,560200
1757100,560200
1757200,560200
1757300,560200
1757400,560200
1757500,560200
1757600,560200
1757700,560200
1757800,560200
1757901,560302
1757902,560301
1757903,560200
1758000,560302
1758100,560200
1758200,560200
1758300,560200
1758401,560301
1758402,560200
1758500,560422
1758601,560422
1758602,560200
1758701,560422
1758702,560200
1758800,560422
1758900,560422
1759000,561902
1759100,560301
1759200,560422
1759300,560301
1759401,560301
1759402,560302
1759500,560422
1759600,560411
1759700,560422
1759800,560422
1759900,560422
1760000,560422
1760101,560301
1760102,560422
1760201,560422
1760202,560422
1760300,560422
1760400,560422
1760500,560422
1760600,560422
1760700,560422
1760800,560422
1760900,560421
1761000,560422
1761100,560422
1761200,560422
1761300,560422
1761401,560422
1761402,560411
1761501,560422
1761502,560412
1761600,560422
1761702,560422
1761703,560412
1761704,560412
1761801,560710
1761802,560412
1761803,560412
1761804,560740
1761900,560422
1762000,560422
1762100,560422
1762200,560422
1762300,560422
1762400,560422
1762500,560422
1762600,560421
1762700,560421
1762800,560422
1762901,560422
1762902,560421
1763000,560421
1763100,560421
1763201,560421
1763202,560422
1763300,560740
1763400,560740
1763500,560740
1763600,560740
1763700,560740
1763800,560740
1763900,560740
1764000,560740
1764100,560740
1764200,560740
1764300,560740
1764400,560740
1764500,560740
1764600,560740
1764700,560730
1764800,560730
1764900,560730
1765000,560720
1765100,560720
1765201,560720
1765202,560720
1765300,560720
1765400,560720
1765500,560720
1765600,560720
1765700,560720
1765800,560720
1765900,560720
1766000,560720
1766100,560720
1766200,560720
1766300,560720
1766400,560720
1766500,560720
1766600,560720
1766700,560720
1766801,560720
1766802,560720
1766900,560720
1767000,560720
1767101,560720
1767102,560720
1767200,560720
1767300,560720
1767400,560720
1767500,560720
1767600,560720
1767701,560720
1767702,560720
1767800,560720
1767900,560730
1768000,560730
1768100,560730
1768200,560730
1768300,560730
1768400,560730
1768500,560730
1768600,560730
1768700,560730
1768800,560730
1768900,560730
1769000,560730
1769101,560710
1769103,560710
1769104,560710
1769105,560710
1769106,560710
1769107,560710
1769108,560710
1769109,560710
1769110,560710
1769201,560710
1769202,560710
1769203,560710
1769301,560710
1769302,560710
1769303,560710
1769304,560710
1769305,560710
1769306,560710
1769307,560710
1769400,560710
1769501,560710
1769502,560710
1769503,560710
1769600,560710
1769700,560710
1769800,560710
1769900,560710
1770000,560710
1770101,560710
1770102,560710
1770200,560710
1770300,560710
1770400,560710
1770500,560710
1770600,560710
1770700,560710
1770800,560710
1770900,560710
1771000,560710
1771100,560710
1771200,560730
1771301,560740
1771302,560740
1771303,560740
1771400,560740
1771500,560740
1771601,560740
1771602,560740
1771700,560730
1771800,560730
1771900,560730
1772000,560730
1772100,560730
1772200,560730
1772300,560730
1772400,560730
1772500,560740
1772600,560740
1772700,560000
1772800,560000
1772900,560000
1773000,560000
1773100,560000
1773200,560000
1773300,560000
1773400,560000
1773500,560000
1773600,560000
1773700,560000
1773800,560000
1773900,560000
1774000,560000
1774100,560000
1774200,560000
1774300,560000
1774400,560000
1774500,560000
1774600,560000
1774702,559700
1774703,559220
1774704,559700
1774801,559220
1774802,559700
1774901,559220
1774902,559700
1775000,559700
1775101,559700
1775102,559700
1775200,559700
1775300,559700
1775400,559700
1775500,559700
1775600,559700
1775700,559700
1775800,559700
1775900,559700
1776001,559700
1776002,559700
1776100,559700
1776200,559700
1776300,559700
1776400,559700
1776500,559700
1776600,559700
1776700,559700
1776800,559700
1776900,559700
1777000,559700
1777100,559700
1777200,559700
1777300,559700
1777400,559700
1777500,559700
1777600,559700
1777700,559700
1777800,559700
1777900,559700
1778000,559700
1778100,559700
1778200,559700
1778300,559700
1778400,559700
1778500,559700
1778600,559700
1778700,559700
1778800,559700
1778900,559700
1779000,559700
1779100,559700
1779200,559700
1779300,559700
1779401,561700
1779402,561700
1779500,561700
1779600,561700
1779700,561700
1779800,561700
1779900,561700
1780000,561700
1780100,561700
1780200,561700
1780300,561700
1780400,561700
1780500,561700
1780600,561700
1780700,561700
1780800,561700
1780900,561700
1781000,561700
1781100,561700
1781200,561700
1781300,561700
1781400,561700
1781500,561700
1781601,561700
1781602,561700
1781700,561700
1781800,561700
1781900,561700
1782000,561700
1782100,561700
1782200,561700
1782300,561700
1782400,561700
1782501,561300
1782503,561300
1782504,561300
1782505,561300
1782506,561300
1782601,561300
1782602,561300
1782603,561300
1782604,561300
1782605,561300
1782700,561300
1782800,561300
1782901,561300
1782902,561300
1782903,561300
1783001,561300
1783002,561300
1783100,561300
1783200,561300
1783300,561300
1783400,561300
1783500,561300
1783600,561200
1783700,561200
1783801,561200
1783802,561200
1783900,561200
1784000,561200
1784100,561200
1784200,561422
1784300,561500
1784402,561500
1784403,561422
1784404,561200
1784405,561422
1784500,561422
1784600,561422
1784700,561500
1784800,561500
1784900,561500
1785001,561500
1785002,561700
1785100,561500
1785200,561500
1785301,561700
1785302,561500
1785401,561500
1785402,561700
1785501,561500
1785502,561500
1785600,561500
1785700,561500
1785800,561422
1785900,561422
1786000,561422
1786100,561422
1786200,561422
1786300,561422
1786400,561422
1786500,561000
1786600,561000
1786700,561000
1786800,561000
1786900,561000
1787000,561000
1787100,561000
1787200,561000
1787300,561422
1787400,561422
1787500,561422
1787600,561422
1787700,561422
1787800,561422
1787900,561422
1788000,561422
1788100,561422
1788200,561422
1788300,561422
1788400,561422
1788500,561422
1788600,561422
1788700,561410
1788800,561410
1788901,561410
1788902,560720
1789000,561410
1789101,561422
1789102,561410
1789200,561422
1789300,561422
1789400,561410
1789501,560900
1789502,560900
1789601,560900
1789602,560900
1789603,560900
1789701,560900
1789702,560900
1789801,560900
1789802,560900
1789803,560900
1789900,561422
1790000,561421
1790100,561422
1790200,561422
1790300,561422
1790400,561422
1790500,561422
1790600,561421
1790700,561421
1790800,561422
1790900,561422
1791000,561422
1791100,561100
1791200,561100
1791301,561100
1791302,561100
1791400,561100
1791501,561422
1791502,561100
1791503,561100
1791600,561422
1791700,561422
1791800,561422
1791900,561422
1792000,559230
1792100,561811
1792201,561811
1792202,562100
1792301,561811
1792302,562100
1792400,560301
1792500,560302
1792601,560301
1792602,562200
1792700,560302
1792800,560302
1792900,560302
1793000,560302
1793100,560302
1793201,562200
1793202,560302
1793300,560302
1793400,561811
1793500,561901
1793600,561901
1793700,561901
1793800,561901
1793900,562921
1794001,562921
1794002,562921
1794100,562921
1794201,562720
1794202,562720
1794301,561811
1794302,562100
1794400,561811
1794500,561811
1794601,561811
1794602,561811
1794603,561811
1794604,561811
1794605,561811
1794700,562720
1794800,561901
1794900,561901
1795000,561901
1795100,561901
1795200,561901
1795300,561901
1795400,561901
1795500,561901
1795600,561901
1795700,561901
1795800,561901
1795901,561901
1795902,561812
1796000,561812
1796100,561901
1796200,561812
1796300,561812
1796400,561812
1796500,561812
1796600,561901
1796700,561901
1796800,561901
1796900,561901
1797000,561901
1797100,561901
1797200,561901
1797300,561820
1797400,561902
1797500,561902
1797600,561902
1797700,561902
1797800,561902
1797900,561902
1798000,561902
1798100,561902
1798200,561902
1798300,561902
1798400,561813
1798501,561820
1798502,561820
1798503,561820
1798504,561820
1798505,561820
1798507,561820
1798508,561820
1798509,561820
1798510,561820
1798511,561820
1798512,561820
1798600,563300
1798701,563300
1798702,563300
1798703,563300
1798704,563300
1798800,561813
1798900,561813
1799000,561813
1799100,561813
1799200,561902
1799300,561902
1799401,561902
1799402,561902
1799501,561902
1799502,561902
1799503,561902
1799504,561902
1799505,561902
1799506,561902
1799507,561902
1799600,561902
1799700,562910
1799800,562910
1799900,562910
1800000,562910
1800100,562910
1800200,562910
1800301,562910
1800302,562910
1800400,562910
1800501,562921
1800502,562921
1800503,562921
1800504,562921
1800505,562921
1800506,562921
1800600,562910
1800700,562910
1800800,562910
1800900,562910
1801000,562910
1801100,562910
1801200,562910
1801300,562910
1801400,562910
1801500,562910
1801600,562910
1801700,562910
1801800,562910
1801900,562910
1802000,562910
1802100,562910
1802200,562910
1802300,562910
1802400,562910
1802500,562910
1802600,562910
1802701,562910
1802702,562910
1802703,562910
1802800,562910
1802900,562910
1803001,562910
1803002,562910
1803003,562910
1803100,562910
1803200,562921
1803300,562922
1803400,562922
1803500,562922
1803600,562922
1803700,562922
1803801,562922
1803802,562922
1803900,562922
1804000,562922
1804100,562922
1804200,562922
1804300,562922
1804400,562922
1804500,562922
1804600,562922
1804700,562922
1804801,562922
1804802,562922
1804901,562922
1804902,562922
1805000,562922
1805100,562922
1805200,562922
1805300,562922
1805400,562922
1805500,562922
1805601,562921
1805602,562921
1805700,563000
1805800,563000
1805900,563000
1806000,563000
1806100,563000
1806200,563000
1806300,563000
1806400,563000
1806500,563000
1806600,563000
1806700,563000
1806800,563000
1806901,563000
1806902,563000
1806903,563000
1807000,563000
1807100,563000
1807200,563000
1807300,563000
1807400,563000
1807500,563000
1807600,563000
1807700,563000
1807800,563000
1807900,563000
1808000,563000
1808100,563000
1808200,563000
1808300,563000
1808400,563000
1808500,563000
1808600,563000
1808700,563000
1808800,563000
1808900,563000
1809000,563000
1809100,563000
1809200,563000
1809300,563000
1809400,563000
1809500,563000
1809600,563101
1809700,563101
1809800,563101
1809900,563101
1810000,563101
1810100,563101
1810200,563101
1810300,563101
1810400,563101
1810500,563101
1810601,563101
1810602,563101
1810700,563101
1810800,563101
1810900,563101
1811000,563101
1811100,563101
1811200,563101
1811300,563101
1811400,563101
1811500,563101
1811600,563101
1811700,563101
1811800,563101
1811900,563101
1812000,563102
1812100,563101
1812200,563101
1812300,563101
1812400,563101
1812500,563101
1812600,563101
1812700,563102
1812800,563102
1812901,563102
1812902,563102
1813000,563102
1813100,563102
1813200,563102
1813300,563102
1813400,563102
1813500,563102
1813600,563102
1813700,563102
1813802,563300
1813803,563300
1813804,563300
1813805,563300
1813901,563300
1813902,563300
1814000,563300
1814100,563300
1814201,563300
1814203,563300
1814204,563300
1814301,563300
1814302,563300
1814303,563300
1814304,563300
1814400,563300
1814500,563300
1814600,563300
1814700,563300
1814800,563300
1814900,563300
1815000,563300
1815100,563300
1815200,563300
1815300,562320
1815400,562320
1815500,562320
1815600,562320
1815700,562320
1815800,562710
1815900,562720
1816000,562720
1816100,562720
1816200,562720
1816302,562720
1816303,562720
1816304,562720
1816305,562720
1816306,562720
1816400,562720
1816500,562720
1816600,562720
1816700,562720
1816800,562710
1816900,562710
1817001,562720
1817002,562720
1817003,562720
1817101,562720
1817102,562720
1817103,562720
1817200,562710
1817300,562710
1817400,562710
1817500,562710
1817600,562710
1817700,562710
1817800,562710
1817900,562710
1818000,562710
1818100,562710
1818200,562710
1818300,562710
1818400,562710
1818500,562710
1818600,562710
1818700,562710
1818800,562710
1818900,562710
1819000,562710
1819100,562710
1819200,562710
1819301,562720
1819303,562720
1819304,562720
1819305,562720
1819306,562720
1819307,562720
1819308,562720
1819400,562710
1819503,562720
1819504,562720
1819505,562720
1819506,562720
1819507,562720
1819600,562710
1819700,562710
1819800,562710
1819900,562710
1820000,562710
1820100,562710
1820200,562710
1820300,562710
1820400,562710
1820500,562710
1820600,562320
1820700,562320
1820801,562320
1820802,562320
1820900,562320
1821000,562320
1821100,562320
1821200,562320
1821301,562320
1821302,562320
1821303,562320
1821400,562320
1821500,562320
1821600,562320
1821700,562320
1821800,562310
1821900,562310
1822000,562310
1822101,562310
1822102,562310
1822200,562310
1822300,562310
1822400,562310
1822500,562310
1822600,562310
1822700,562310
1822800,562310
1822900,562310
1823000,562310
1823100,562310
1823200,562310
1823300,562310
1823400,562310
1823500,562310
1823600,562310
1823700,562310
1823800,562310
1823900,562310
1824000,562310
1824100,562310
1824200,562310
1824300,562310
1824400,562310
1824500,562310
1824600,562310
1824700,562310
1824800,562310
1824900,562310
1825000,562310
1825100,562310
1825200,562310
1825300,562310
1825400,562310
1825500,562310
1825600,562310
1825700,562310
1825800,562310
1825900,562310
1826000,562310
1826100,562310
1826200,562310
1826301,562310
1826302,562310
1826303,562310
1826400,562310
1826500,562310
1826600,562310
1826700,562800
1826800,562800
1826900,562800
1827000,562800
1827100,562800
1827200,562800
1827300,562800
1827400,562800
1827500,562800
1827600,562800
1827700,562800
1827800,562800
1827900,562800
1828000,562800
1828100,562800
1828200,562800
1828300,562800
1828400,562800
1828500,562800
1828600,562800
1828700,562800
1828800,562800
1828900,562800
1829000,562800
1829100,562800
1829200,562800
1829300,562800
1829400,562800
1829500,562800
1829600,562800
1829700,562800
1829800,562800
1829900,562800
1830000,562800
1830100,562800
1830200,562800
1830300,562800
1830400,562800
1830500,562800
1830600,562800
1830700,562800
1830800,562800
1830900,562800
1831000,562800
1831100,562800
1831200,562800
1831300,562800
1831400,562800
1831500,562800
1831600,562401
1831700,562401
1831800,562401
1831900,562401
1832000,562401
1832100,562401
1832200,562401
1832300,562401
1832400,562401
1832500,562401
1832600,562401
1832700,562401
1832800,562401
1832900,562401
1833000,562401
1833100,562401
1833200,562401
1833300,562401
1833401,562401
1833402,562401
1833500,562401
1833600,562401
1833700,562401
1833800,562401
1833900,562401
1834000,562401
1834100,562401
1834200,562401
1834300,562401
1834400,562401
1834500,562402
1834600,562402
1834700,562402
1834800,562402
1834900,562402
1835000,562402
1835100,562402
1835200,562402
1835300,562402
1835400,562402
1835500,562402
1835600,562402
1835700,562402
1835800,562402
1835900,562402
1836000,562402
1836100,562402
1836200,562402
1836300,562402
1836400,562402
1836500,562402
1836600,562402
1836700,562402
1836800,562100
1836900,562100
1837000,562100
1837100,562100
1837200,562100
1837300,562100
1837401,562100
1837402,562100
1837403,562100
1837404,562100
1837501,562100
1837502,562100
1837601,562100
1837603,562100
1837604,562100
1837700,562100
1837800,562100
1837901,562100
1837903,562100
1837904,562100
1837905,562100
1837906,562100
1838001,562100
1838002,562100
1838101,562100
1838102,562100
1838103,562100
1838104,562100
1838201,562100
1838202,562100
1838301,562100
1838302,562100
1838303,562100
1838402,562100
1838403,562100
1838404,562100
1838500,562100
1838600,562100
1838700,562100
1838800,562100
1838900,562100
1839000,562200
1839101,562200
1839102,562200
1839103,562200
1839200,562200
1839300,562200
1839401,562200
1839403,562200
1839404,562200
1839405,562200
1839503,562200
1839505,562200
1839506,562200
1839510,562200
1839511,562200
1839512,562200
1839513,562200
1839514,562200
1839515,562200
1839516,562200
1839517,562200
1839518,562200
1839600,562200
1839701,562200
1839702,562200
1839802,562200
1839803,562200
1839806,562200
1839808,562200
1839809,562200
1839812,562200
1839813,562200
1839814,562200
1839815,562200
1839816,562200
1839817,562200
1839818,562200
1839819,562200
1839820,562200
1839821,562200
1839822,562200
1839823,562200
1839824,562200
1839825,562200
1839826,562200
1839827,562200
1839828,562200
1839829,562200
1839830,562200
1839831,562200
1839832,562200
1839833,562200
1839834,562200
1839835,562200
1839836,562200
1839902,562200
1839903,562200
1839905,562200
1839906,562200
1839907,562200
1839908,562200
1839909,562200
1839910,562200
1840000,562500
1840100,562500
1840201,562500
1840202,562500
1840301,562500
1840302,562500
1840303,562500
1840304,562500
1840401,562500
1840402,562500
1840403,562500
1840404,562500
1840405,562500
1840501,562500
1840502,562500
1840503,562500
1840504,562500
1840601,562500
1840602,562500
1840603,562500
1840700,562500
1840800,562500
1840900,562500
1841000,562500
1841100,562500
1841201,562500
1841202,562500
1841300,562500
1841401,562500
1841402,562500
1841500,562500
1841600,562500
1841701,562500
1841702,562500
1841703,562500
1841704,562500
1841705,562500
1841800,562500
1841900,562500
1842000,562500
1842100,562500
1842200,562500
1842300,562500
1842400,562500
1842500,562500
1842600,562500
1842700,562500
1842800,562500
1842901,562500
1842902,562500
1843000,562500
1843100,562500
1843200,562500
1843301,562500
1843302,562500
1843400,562500
1843500,562500
1843600,562500
1843700,562500
1843800,562500
1843901,562500
1843902,562500
1844000,562500
1844100,562500
1844201,562500
1844202,562500
1844300,562500
1844400,562500
1844500,562500
1844600,562500
1844700,562500
1844800,562500
1844900,562500
1845001,562500
1845002,562500
1845100,562500
1845200,562600
1845300,562600
1845400,562600
1845500,562600
1845601,562600
1845602,562600
1845603,562600
1845700,562600
1845800,562600
1845900,562600
1846000,562600
1846100,562600
1846200,562600
1846300,562600
1846400,562600
1846500,562600
1846600,562600
1846700,562600
1846801,562600
1846802,562600
1846803,562600
1846900,562600
1847000,562600
1847100,562600
1847200,562600
1847300,562600
1847400,562600
1847500,562600
1847600,562600
1847700,563200
1847801,563200
1847802,563200
1847900,563200
1848000,563200
1848100,563200
1848200,563200
1848300,563200
1848400,563200
1848500,563200
1848600,563200
1848700,563200
1848800,563200
1848900,563200
1849000,563200
1849100,563200
1849200,563200
1849300,563200
1849400,563200
1849501,563200
1849502,563200
1849600,563200
1849700,563200
1849800,563200
1849901,563200
1849902,563200
1850001,563200
1850002,563200
1850003,563200
1850100,563200
1850200,563200
1850300,563200
1850400,563200
1850500,563200
1850600,563200
1850700,563200
1850800,563200
1850900,563200
1851000,563200
1851100,563200
1851200,563200
1851300,563200
1851400,563200
1851500,563200
1851601,563200
1851603,563200
1851604,563200
1851605,563200
1851701,563200
1851702,563200
1851703,563200
1851704,563200
1851800,563200
1851900,563200
1852000,563802
1852100,563802
1852200,563802
1852300,563802
1852400,563801
1852500,563802
1852600,563802
1852700,563802
1852800,563802
1852900,564021
1853000,564021
1853100,564021
1853201,563801
1853202,563801
1853203,563801
1853300,563801
1853400,563802
1853501,563802
1853502,563802
1853600,564021
1853700,564021
1853800,564021
1853900,564021
1854000,564021
1854100,564021
1854200,564021
1854300,564021
1854400,564021
1854500,564021
1854601,564021
1854602,564011
1854700,564021
1854800,564021
1854901,564021
1854902,564021
1855000,564021
1855100,564021
1855200,564021
1855301,564011
1855303,563600
1855304,563600
1855400,564011
1855500,564011
1855600,564011
1855700,564011
1855800,564011
1855900,564011
1856000,564011
1856103,564011
1856104,564011
1856105,564021
1856106,564021
1856200,564013
1856300,564013
1856400,564013
1856500,564013
1856600,564013
1856700,564013
1856800,564021
1856901,564013
1856902,564013
1856903,564013
1856904,564013
1856905,564013
1856906,564013
1856907,564013
1857000,564021
1857100,564021
1857200,564021
1857300,564021
1857400,564021
1857500,564021
1857600,564021
1857701,564012
1857702,564012
1857703,564012
1857704,564012
1857705,564012
1857800,564021
1857900,564021
1858000,564012
1858100,564012
1858201,564012
1858202,564012
1858203,564012
1858204,564012
1858300,564021
1858401,564021
1858402,564021
1858500,564021
1858600,564021
1858700,564012
1858800,564012
1858901,564012
1858902,564012
1859001,564012
1859002,564012
1859003,564012
1859004,564012
1859005,564012
1859006,564012
1859100,564021
1859200,564021
1859300,564021
1859401,564021
1859402,564021
1859500,563600
1859601,563600
1859602,563600
1859700,563600
1859800,563600
1859901,563600
1859902,563600
1859903,563600
1860001,563600
1860002,563600
1860003,563600
1860004,563600
1860005,563600
1860100,563600
1860200,563500
1860300,563500
1860400,563500
1860500,563500
1860600,563500
1860700,563500
1860800,563500
1860900,563500
1861000,563500
1861100,563500
1861200,563500
1861300,563500
1861400,563500
1861500,563500
1861600,563500
1861700,563500
1861800,563500
1861900,564240
1862000,564240
1862100,564240
1862200,564240
1862303,564240
1862304,564240
1862305,564240
1862306,564240
1862307,564240
1862308,564240
1862401,564210
1862402,564210
1862403,564210
1862404,564210
1862500,564210
1862601,564210
1862602,564210
1862603,564210
1862604,564210
1862700,564210
1862800,564240
1862900,564210
1863000,564240
1863100,564210
1863200,564210
1863300,564210
1863400,564210
1863500,564210
1863600,564210
1863700,564210
1863800,564210
1863900,564210
1864000,564210
1864100,564210
1864200,564210
1864300,564210
1864400,564210
1864500,564210
1864600,564210
1864700,564210
1864800,564210
1864900,564210
1865000,564210
1865100,564240
1865200,564240
1865301,564240
1865302,564240
1865303,564240
1865304,564240
1865400,564210
1865500,564210
1865600,564240
1865700,564240
1865801,564240
1865802,564240
1865803,564240
1865901,564240
1865902,564240
1865903,564240
1866000,564240
1866100,564240
1866200,564240
1866300,564240
1866400,564240
1866500,564240
1866600,564240
1866700,564240
1866803,564240
1866804,564240
1866805,564240
1866806,564240
1866807,564240
1866900,564240
1867003,564240
1867005,564240
1867006,564240
1867007,564240
1867008,564240
1867009,564240
1867010,564240
1867011,564240
1867012,564240
1867100,564231
1867200,564231
1867301,564231
1867302,564231
1867303,564231
1867304,564231
1867305,564231
1867400,564231
1867501,564240
1867502,564240
1867600,564240
1867701,564240
1867702,564240
1867703,564240
1867800,564231
1867900,564231
1868000,564231
1868100,564231
1868200,564231
1868300,564231
1868401,564231
1868402,564231
1868403,564231
1868404,564231
1868405,564231
1868500,564231
1868600,564231
1868700,564231
1868800,564231
1868900,564231
1869000,564231
1869100,564231
1869200,564231
1869300,564231
1869401,564220
1869402,564220
1869500,564220
1869600,564220
1869700,564220
1869800,564231
1869900,564231
1870000,564220
1870100,564220
1870200,564231
1870300,564231
1870400,564231
1870500,564231
1870600,564220
1870700,564231
1870800,564231
1870900,564231
1871003,564220
1871004,564220
1871005,564210
1871006,564210
1871101,564210
1871102,564210
1871200,564220
1871300,564220
1871400,564220
1871500,564220
1871600,564220
1871700,564220
1871800,564220
1871900,564220
1872000,564220
1872100,564220
1872200,564220
1872300,564232
1872400,564232
1872500,564232
1872601,564232
1872602,564232
1872701,564232
1872703,564232
1872705,564232
1872706,564232
1872800,564232
1872901,564232
1872902,564232
1872903,564232
1872904,564232
1873001,564232
1873003,564232
1873004,564232
1873005,564232
1873100,564232
1873200,564232
1873300,564220
1873400,564220
1873500,564220
1873600,564220
1873700,564220
1873800,564220
1873900,564220
1874000,564220
1874100,564220
1874202,563701
1874203,563701
1874204,563701
1874205,563701
1874206,563701
1874300,563701
1874400,563701
1874500,563701
1874600,563701
1874702,563701
1874703,563701
1874704,563701
1874706,563701
1874707,563701
1874708,563701
1874804,563701
1874805,563705
1874807,563701
1874808,563701
1874811,563701
1874813,563701
1874814,563701
1874815,563701
1874816,563701
1874817,563701
1874818,563701
1874819,563701
1874820,563701
1874821,563701
1874900,563705
1875003,563706
1875004,563706
1875005,563706
1875006,563706
1875007,563706
1875008,563706
1875009,563706
1875104,563706
1875105,563706
1875106,563706
1875107,563706
1875108,563706
1875109,563706
1875110,563706
1875111,563706
1875112,563706
1875113,563706
1875114,563706
1875115,563706
1875116,563706
1875117,563706
1875201,563706
1875203,563706
1875204,563706
1875205,563706
1875206,563706
1875207,563706
1875208,563706
1875300,563706
1875400,563706
1875500,563706
1875601,563706
1875603,563706
1875604,563706
1875605,563706
1875606,563706
1875700,563706
1875800,563706
1875900,563703
1876001,563703
1876002,563703
1876100,563703
1876201,563703
1876202,563703
1876300,563703
1876400,563703
1876501,563703
1876502,563703
1876600,563705
1876700,563705
1876801,563705
1876802,563705
1876900,563705
1877001,563705
1877002,563705
1877003,563705
1877100,563706
1877200,563706
1877301,563706
1877302,563706
1877303,563706
1877400,564400
1877500,564400
1877600,564400
1877700,564400
1877800,564400
1877900,564400
1878000,564400
1878100,564400
1878200,564400
1878300,564400
1878401,564400
1878403,564400
1878404,564400
1878405,564400
1878500,564400
1878600,564400
1878700,564400
1878800,564400
1878900,564400
1879000,564400
1879100,564400
1879200,564400
1879300,564400
1879400,564400
1879501,564400
1879502,564400
1879503,564400
1879504,564400
1879505,564400
1879506,564400
1879600,564400
1879700,564400
1879800,564400
1879900,564400
1880000,564400
1880100,564400
1880201,564400
1880202,564400
1880203,564400
1880204,564400
1880300,564400
1880400,564400
1880500,564400
1880600,564400
1880701,564400
1880702,564400
1880703,564400
1880704,564400
1880801,564400
1880802,564400
1880803,564400
1880804,564400
1880901,564400
1880902,564400
1881001,564400
1881002,564400
1881100,564400
1881200,564400
1881300,564400
1881401,564400
1881402,564400
1881500,564400
1881600,564400
1881700,564400
1881800,564400
1881901,564400
1881902,564400
1881903,564400
1882001,564021
1882002,564021
1882100,564021
1882200,564021
1882300,564021
1882403,564021
1882404,564021
1882405,564022
1882406,564022
1882505,564021
1882506,564021
1882507,564021
1882508,564021
1882509,564021
1882510,564021
1882511,564021
1882512,564022
1882513,564022
1882514,564022
1882515,564022
1882600,564400
1882701,564022
1882702,564022
1882800,564022
1882900,564021
1883001,564021
1883002,564022
1883101,564021
1883102,564022
1883202,564400
1883203,564400
1883204,564400
1883205,564400
1883206,564400
1883300,564400
1883400,564022
1883500,563920
1883600,563920
1883701,563920
1883703,563703
1883704,563703
1883705,563703
1883706,563703
1883802,563706
1883803,563705
1883804,563705
1883806,563706
1883807,563704
1883808,563704
1883809,563705
1883810,563706
1883901,563920
1883902,563920
1883903,563920
1883904,563920
1884001,564023
1884002,564023
1884003,564023
1884004,564023
1884005,564023
1884006,564023
1884100,564023
1884201,564023
1884202,564022
1884300,564022
1884400,564022
1884501,564022
1884502,564022
1884600,564023
1884701,564023
1884702,564022
1884801,563920
1884802,563920
1884900,564022
1885000,564022
1885100,564022
1885200,567400
1885300,567400
1885400,567400
1885500,567400
1885600,567400
1885700,567400
1885801,567400
1885802,567400
1885901,567400
1885902,567400
1886000,567400
1886100,567400
1886200,567400
1886300,567400
1886400,567400
1886500,567400
1886600,567400
1886700,567400
1886800,567400
1886900,567400
1887000,567400
1887100,567400
1887200,567400
1887300,567400
1887400,567400
1887500,567400
1887600,567400
1887701,567400
1887702,567400
1887800,567400
1887900,567400
1888000,567400
1888100,567400
1888200,567500
1888300,567500
1888400,567500
1888501,567500
1888502,567500
1888600,567500
1888700,567500
1888800,567500
1888900,567500
1889000,567500
1889100,567500
1889200,567500
1889300,567500
1889400,567500
1889500,567500
1889600,567500
1889700,567500
1889800,567500
1889900,567500
1890000,567500
1890100,567500
1890200,567500
1890300,567500
1890400,567600
1890500,567600
1890600,567600
1890701,567600
1890702,567600
1890800,567600
1890900,567600
1891000,567600
1891100,567600
1891200,567600
1891300,567600
1891400,567600
1891500,567600
1891600,567600
1891701,567600
1891702,567600
1891800,567600
1891900,567600
1892000,567600
1892100,567600
1892200,567600
1892300,567600
1892400,567600
1892500,567300
1892600,567300
1892700,567300
1892800,567300
1892900,567300
1893000,567300
1893100,567300
1893200,567300
1893300,567300
1893400,567300
1893501,567300
1893502,567300
1893600,567300
1893700,567300
1893800,567300
1893900,567300
1894000,567300
1894100,567300
1894200,567300
1894300,567300
1894400,567700
1894501,567700
1894502,567700
1894600,567700
1894701,567700
1894703,567700
1894704,567700
1894800,567700
1894900,567700
1895000,567700
1895100,567700
1895200,567700
1895300,567700
1895400,567700
1895500,567700
1895600,567700
1895701,567700
1895702,567700
1895801,567700
1895802,567700
1895900,567700
1896000,567700
1896100,567700
1896200,567700
1896300,567700
1896400,567800
1896500,567800
1896600,567800
1896700,567800
1896800,567800
1896900,567800
1897001,567800
1897002,567800
1897003,567800
1897101,567800
1897102,567800
1897103,567800
1897104,567800
1897200,567800
1897300,567800
1897400,567800
1897500,567800
1897600,567800
1897700,567800
1897801,567800
1897802,567800
1897900,567800
1898001,567800
1898002,567800
1898100,567800
1898200,567800
1898300,567800
1898400,567800
1898500,567800
1898600,567800
1898700,567800
1898800,567800
1898901,567800
1898902,567800
1899000,567800
1899100,567800
1899200,567800
1899301,564520
1899302,564520
1899303,564520
1899400,564520
1899500,564520
1899600,564520
1899700,564520
1899800,564520
1899900,564520
1900000,564520
1900100,564520
1900200,564520
1900300,564520
1900400,564520
1900500,564520
1900600,564520
1900700,564520
1900801,564530
1900802,564530
1900900,564530
1901000,564530
1901100,564530
1901200,564530
1901300,567902
1901400,567902
1901500,567902
1901600,564530
1901700,564530
1901800,564530
1901900,564530
1902000,564530
1902101,567800
1902102,567800
1902103,564530
1902104,564530
1902105,564530
1902200,564530
1902300,564530
1902400,564530
1902501,564530
1902502,564530
1902600,564530
1902700,564530
1902800,564530
1902900,564510
1903000,564510
1903100,564510
1903200,564510
1903300,564510
1903400,564510
1903500,564510
1903600,564510
1903701,564602
1903702,564602
1903703,564602
1903704,564602
1903705,564602
1903706,564602
1903707,564602
1903708,564602
1903709,564602
1903710,564602
1903711,564602
1903712,564602
1903713,564602
1903801,564601
1903802,564601
1903900,564601
1904000,564601
1904100,564510
1904200,564510
1904300,564510
1904400,564510
1904500,564510
1904600,564510
1904700,564510
1904800,564510
1904900,564510
1905000,567200
1905100,567200
1905200,567100
1905300,567100
1905400,567100
1905500,567100
1905600,567100
1905700,567100
1905800,567100
1905900,567100
1906000,567100
1906100,567100
1906200,567100
1906300,567100
1906400,567100
1906500,567100
1906600,567000
1906700,567000
1906800,567000
1906900,567000
1907000,567000
1907100,567000
1907200,567000
1907300,567000
1907400,567000
1907500,567000
1907600,567000
1907700,567000
1907800,567000
1907900,567000
1908000,567000
1908100,567000
1908200,567000
1908300,567000
1908400,567000
1908500,567000
1908601,566800
1908602,566800
1908700,566800
1908800,566800
1908900,566800
1909000,566800
1909100,566800
1909200,566800
1909300,566800
1909400,566800
1909500,566800
1909600,566800
1909700,566800
1909800,566800
1909900,566800
1910000,566800
1910100,566800
1910200,566800
1910300,566800
1910400,566800
1910500,566900
1910601,566900
1910602,566900
1910700,566900
1910800,566900
1910900,566900
1911000,566900
1911101,567901
1911102,566900
1911202,566900
1911203,566900
1911204,566900
1911301,566900
1911302,566900
1911303,566900
1911304,566900
1911305,566900
1911400,566620
1911500,566620
1911600,566620
1911700,566620
1911800,566620
1911901,566620
1911902,566620
1912001,566620
1912002,566620
1912003,566620
1912004,566620
1912005,566620
1912101,566620
1912103,566620
1912104,566620
1912106,566620
1912107,566620
1912108,566620
1912109,566620
1912110,566620
1912111,566620
1912112,566620
1912200,566610
1912301,566610
1912302,566610
1912303,566610
1912304,566610
1912400,566610
1912500,566610
1912600,566610
1912700,566620
1912800,566700
1912900,566700
1913000,566700
1913100,566700
1913200,566700
1913301,566700
1913302,566700
1913303,566700
1913400,566700
1913500,566700
1913601,566700
1913602,566700
1913700,566700
1913801,566700
1913802,566700
1913901,566700
1913902,566700
1914000,566700
1914100,566500
1914200,566500
1914300,566500
1914400,566500
1914501,566500
1914502,566500
1914601,566500
1914602,566500
1914700,566500
1914800,566500
1914900,566500
1915000,566500
1915100,566500
1915201,567902
1915202,567902
1915203,567902
1915204,567902
1915301,567902
1915302,567902
1915400,567902
1915500,567902
1915600,567901
1915700,567901
1915800,567901
1915900,567901
1916000,567901
1916100,567901
1916201,566500
1916202,567902
1916300,567902
1916400,569600
1916500,569600
1916600,569600
1916700,569600
1916800,569600
1916900,569600
1917000,569600
1917100,569500
1917200,569500
1917301,569500
1917302,569500
1917401,569500
1917403,569500
1917407,569500
1917408,569500
1917409,569500
1917410,569500
1917411,569500
1917412,569500
1917413,569500
1917414,569500
1917415,569500
1917416,569500
1917417,569500
1917418,569500
1917419,569500
1917500,569500
1917601,569500
1917602,569500
1917603,569500
1917700,569500
1917800,569402
1917900,569402
1918000,569402
1918100,569402
1918200,569402
1918300,569402
1918400,569402
1918500,569402
1918601,569402
1918602,569402
1918701,569402
1918702,569402
1918803,569402
1918804,569402
1918805,569402
1918807,569402
1918808,569402
1918809,569402
1918810,569402
1918901,569402
1918902,569402
1918903,569402
1919000,569402
1919100,569402
1919201,569402
1919204,569402
1919205,569402
1919206,569402
1919300,569402
1919400,569401
1919502,569401
1919503,569401
1919505,569401
1919506,569401
1919507,569401
1919508,569401
1919509,569401
1919510,569401
1919600,569401
1919701,569301
1919703,569301
1919704,569301
1919705,569301
1919706,569301
1919802,569301
1919803,569301
1919804,569301
1919805,569301
1919900,569301
1920001,569301
1920002,569401
1920100,569401
1920200,569301
1920300,569301
1920401,569301
1920402,569301
1920403,569301
1920404,569301
1920501,569301
1920502,569301
1920601,569301
1920602,569301
1920700,569301
1920800,569301
1920900,569301
1921000,569301
1921100,569301
1921200,569302
1921304,569302
1921305,569302
1921306,569302
1921307,569302
1921308,569302
1921309,569302
1921310,569302
1921401,569302
1921402,569302
1921403,569302
1921500,569302
1921600,569302
1921700,569302
1921800,569302
1921900,569302
1922001,569302
1922002,569302
1922100,573526
1922201,573526
1922202,569800
1922300,569302
1922400,569302
1922502,569302
1922503,569302
1922504,569302
1922601,569302
1922602,569302
1922700,569302
1922801,569302
1922802,569302
1922900,569302
1923000,569302
1923100,569202
1923200,569202
1923300,569202
1923400,569202
1923500,569202
1923600,569202
1923700,569202
1923800,569202
1923900,569202
1924000,569202
1924100,569202
1924200,569202
1924300,569202
1924400,569202
1924500,569202
1924600,569202
1924700,569202
1924800,569202
1924900,569202
1925000,569201
1925100,569201
1925200,569201
1925300,569201
1925400,569201
1925500,569201
1925600,569201
1925700,569201
1925800,569401
1925900,568202
1926000,568103
1926100,568103
1926200,568104
1926300,568104
1926400,568104
1926500,568104
1926600,568104
1926700,568104
1926800,568104
1926900,568104
1927001,568104
1927002,568104
1927100,568104
1927200,568104
1927301,568104
1927302,568104
1927401,568104
1927402,568104
1927403,568104
1927500,568104
1927600,568101
1927700,568101
1927801,568101
1927802,568104
1927900,568101
1928000,568101
1928100,568104
1928200,568104
1928300,568101
1928400,568101
1928500,568101
1928600,568101
1928700,568101
1928801,568101
1928802,568101
1928803,568101
1928900,568101
1929000,568101
1929100,568101
1929200,568101
1929300,568101
1929400,568101
1929500,568101
1929600,568101
1929700,568101
1929800,568101
1929901,568101
1929902,568101
1929903,568101
1930001,568101
1930002,568101
1930003,568101
1930004,568101
1930101,568101
1930102,568101
1930103,568101
1930104,568101
1930200,568101
1930300,568101
1930400,568101
1930500,568101
1930600,568102
1930700,568102
1930800,568102
1930900,568102
1931000,568102
1931101,568102
1931102,568102
1931200,568102
1931301,568102
1931302,568102
1931400,568102
1931500,568102
1931600,568102
1931700,568103
1931800,568102
1931900,568102
1932000,568102
1932100,568102
1932200,568102
1932300,568103
1932400,568103
1932500,568103
1932600,568103
1932700,568201
1932801,568102
1932802,568102
1932900,568202
1933000,568103
1933100,568103
1933200,568103
1933300,568103
1933400,568103
1933500,568103
1933600,568103
1933700,568103
1933800,568103
1933900,568103
1934000,568103
1934100,568103
1934200,568103
1934300,568103
1934400,568103
1934500,568202
1934600,568201
1934700,568201
1934800,568201
1934900,568201
1935000,568201
1935100,568201
1935200,568201
1935300,568201
1935400,568201
1935500,568201
1935600,568201
1935700,568201
1935800,568201
1935900,568201
1936000,568201
1936100,568201
1936200,568202
1936300,568202
1936400,568202
1936500,568202
1936600,568202
1936700,568202
1936800,568202
1936900,568202
1937000,568202
1937100,568202
1937200,568202
1937300,568202
1937400,568202
1937500,568202
1937600,568202
1937700,568201
1937800,568202
1937900,568202
1938000,568202
1938100,568202
1938200,568202
1938300,568202
1938400,568202
1938500,568202
1938600,568202
1938700,568202
1938800,568202
1938900,568202
1939000,568202
1939100,568202
1939200,568202
1939300,568202
1939400,568202
1939500,568202
1939600,568202
1939700,568202
1939800,568201
1939900,568201
1940000,568201
1940100,568201
1940200,568201
1940300,568201
1940401,568201
1940402,568201
1940403,568201
1940500,568201
1940600,568201
1940700,568402
1940800,568402
1940900,568402
1941000,568402
1941100,568402
1941200,568402
1941300,568402
1941400,568402
1941500,568402
1941600,568402
1941700,568402
1941800,568402
1941900,568402
1942000,568402
1942100,568402
1942200,568402
1942301,568402
1942302,568402
1942400,568402
1942500,568402
1942600,568402
1942701,568401
1942702,568402
1942800,568401
1942900,568401
1943000,568401
1943101,568401
1943102,568402
1943200,568402
1943300,568402
1943400,568402
1943500,568402
1943600,568402
1943701,568401
1943702,568401
1943703,568401
1943800,568401
1943901,568401
1943902,568401
1944000,568401
1944100,568401
1944200,568401
1944300,568401
1944400,568401
1944500,568401
1944600,568401
1944701,568401
1944702,568401
1944703,568401
1944704,568401
1944705,568401
1944800,568401
1944901,568401
1944902,568401
1944903,568401
1944904,568401
1945000,568401
1945100,568401
1945200,568401
1945300,568501
1945400,568501
1945500,568501
1945600,568501
1945700,568501
1945800,568501
1945900,568501
1946000,568501
1946100,568501
1946200,568501
1946300,568501
1946400,568501
1946500,568501
1946600,568501
1946700,568501
1946800,568501
1946900,568501
1947000,568501
1947100,568501
1947200,568501
1947300,568501
1947400,568501
1947500,568501
1947600,568501
1947700,568501
1947801,568501
1947802,568501
1947803,568501
1947804,568501
1947900,568501
1948000,568501
1948101,568501
1948102,568501
1948103,568501
1948200,568301
1948300,568301
1948400,568301
1948500,568301
1948600,568301
1948700,568301
1948800,568301
1948900,568301
1949000,568301
1949100,568301
1949200,568301
1949300,568301
1949400,568301
1949500,568301
1949600,568301
1949700,568301
1949800,568301
1949900,568301
1950000,568301
1950100,568301
1950200,568301
1950300,568301
1950400,568502
1950500,568502
1950600,568502
1950700,568502
1950800,568502
1950900,568502
1951000,568502
1951100,568502
1951200,568502
1951300,568502
1951400,568502
1951501,568502
1951502,568502
1951503,568502
1951504,568502
1951600,568502
1951700,568502
1951800,568502
1951900,568502
1952000,568502
1952100,568502
1952200,568502
1952300,568502
1952400,568502
1952500,568502
1952600,568502
1952700,568502
1952800,568502
1952900,568502
1953000,568502
1953100,568502
1953200,568302
1953300,568302
1953400,568303
1953500,568303
1953600,568303
1953700,568303
1953800,568303
1953900,568303
1954000,568303
1954100,568303
1954200,568302
1954300,568302
1954400,568302
1954500,568302
1954600,568302
1954700,568302
1954800,568302
1954900,568302
1955000,568302
1955100,568302
1955200,568302
1955300,568302
1955400,568302
1955500,568302
1955600,568302
1955700,568302
1955800,568302
1955900,568302
1956000,568302
1956100,568302
1956200,568302
1956300,568302
1956400,568302
1956500,568302
1956600,568302
1956700,568302
1956800,568302
1956900,568302
1957000,568303
1957100,568303
1957200,568303
1957300,568303
1957400,568303
1957500,568303
1957600,568303
1957701,568303
1957702,568303
1957800,568303
1957900,568303
1958000,568303
1958100,568303
1958200,568302
1958300,568302
1958400,568303
1958500,568303
1958600,568303
1958700,568303
1958800,568303
1958900,568303
1959000,568303
1959100,568303
1959200,568303
1959300,568302
1959400,568302
1959500,568302
1959600,568302
1959700,568302
1959800,568302
1959900,568302
1960001,568302
1960002,568302
1960003,568302
1960004,568302
1960100,568302
1960200,568302
1960300,568302
1960400,568302
1960500,568302
1960600,568302
1960700,568302
1960800,568302
1960900,568302
1961001,568302
1961002,568302
1961100,568302
1961200,568302
1961300,568303
1961400,568303
1961500,568303
1961600,568303
1961700,568303
1961800,568303
1961900,568303
1962000,568303
1962100,568303
1962200,568900
1962300,568900
1962400,568900
1962500,568900
1962600,568900
1962700,568900
1962800,568900
1962900,568900
1963000,568900
1963100,568900
1963200,568900
1963300,568900
1963400,568900
1963500,568900
1963600,568900
1963700,569001
1963800,569001
1963900,569002
1964000,569002
1964100,569002
1964200,569002
1964300,569001
1964400,569001
1964500,569001
1964600,569001
1964700,569001
1964800,569001
1964900,569001
1965000,569001
1965100,569001
1965200,569001
1965300,569100
1965400,569100
1965500,569100
1965600,569100
1965700,569100
1965800,569100
1965900,569100
1966000,569100
1966100,569100
1966200,569100
1966300,569100
1966400,569100
1966500,569100
1966600,569002
1966700,569100
1966800,569100
1966900,569100
1967000,569100
1967100,569100
1967200,569100
1967300,569100
1967400,569100
1967500,569100
1967600,569100
1967700,569100
1967800,569100
1967900,569100
1968001,569100
1968002,569100
1968100,569100
1968200,569100
1968300,569100
1968400,569100
1968500,569100
1968600,569100
1968700,569100
1968800,569100
1968900,569100
1969000,569100
1969100,569100
1969200,569100
1969300,569100
1969400,569100
1969500,569100
1969600,569100
1969700,569100
1969800,569100
1969900,569100
1970000,569100
1970100,569100
1970200,569100
1970300,569100
1970400,569100
1970500,569100
1970600,569100
1970700,568601
1970801,568601
1970802,568601
1970803,568601
1970900,568601
1971000,568601
1971100,568601
1971200,568601
1971300,568601
1971400,568602
1971500,568602
1971600,568602
1971700,568602
1971800,568602
1971900,568602
1972000,568602
1972100,568602
1972200,568602
1972300,568602
1972400,568602
1972500,568602
1972600,568602
1972700,568602
1972800,568602
1972900,568602
1973000,568602
1973100,568602
1973200,568602
1973300,568602
1973400,568602
1973500,568602
1973600,568602
1973700,568602
1973800,568602
1973900,568602
1974000,568602
1974100,568602
1974200,568602
1974300,568602
1974400,568602
1974500,568602
1974600,568602
1974700,568602
1974800,568602
1974900,568602
1975000,568602
1975100,568602
1975200,568602
1975300,568602
1975400,568602
1975500,568602
1975600,568602
1975700,568701
1975800,568701
1975900,568701
1976000,568701
1976101,568701
1976102,568701
1976200,568701
1976300,568701
1976400,568701
1976500,568701
1976600,568701
1976700,568701
1976800,568701
1976900,568701
1977000,568701
1977100,568701
1977200,568702
1977301,568702
1977302,568702
1977303,568702
1977304,568702
1977305,568702
1977306,568702
1977400,568702
1977500,568702
1977600,568702
1977700,568702
1977800,568702
1977900,568702
1978001,568702
1978002,568702
1978100,568702
1978200,568702
1978300,568702
1978400,568702
1978500,568702
1978600,568702
1978700,568702
1978800,568702
1978900,568702
1979001,568702
1979002,568702
1979100,568702
1979201,568702
1979202,568702
1979203,568702
1979204,568702
1979301,568702
1979302,568800
1979303,568800
1979400,568800
1979500,568800
1979600,568800
1979700,568800
1979800,568800
1979900,568800
1980000,568800
1980100,568800
1980200,568800
1980300,568800
1980400,568800
1980500,568800
1980600,568800
1980700,568800
1980800,568800
1980900,568800
1981000,568800
1981100,568800
1981300,570300
1981400,570300
1981500,570300
1981601,570300
1981602,570300
1981603,570300
1981700,570300
1981800,570300
1981900,570300
1982000,570300
1982101,570300
1982102,570300
1982200,570300
1982301,570300
1982302,570300
1982303,570300
1982400,570300
1982501,570300
1982502,570300
1982600,570300
1982700,570300
1982800,570300
1982900,570300
1983000,570300
1983100,570300
1983200,570300
1983300,570300
1983400,570300
1983500,570300
1983600,570300
1983700,570300
1983800,570300
1983900,570300
1984000,570300
1984100,570300
1984200,570300
1984300,570300
1984400,570300
1984500,570300
1984600,570300
1984700,570300
1984801,570300
1984802,570300
1984900,570300
1985000,570300
1985100,570300
1985200,570300
1985300,570300
1985401,570300
1985402,570300
1985500,570300
1985600,570300
1985700,570300
1985800,570300
1985900,572500
1986000,572500
1986100,572500
1986200,572500
1986300,572500
1986400,572500
1986500,572500
1986601,572500
1986602,572500
1986700,572500
1986800,572500
1986901,572500
1986902,572500
1986903,572500
1986904,572500
1986905,572500
1987000,572500
1987100,572500
1987200,572500
1987300,572500
1987400,572500
1987500,572500
1987600,572500
1987700,572500
1987800,572500
1987901,572500
1987902,572500
1988000,572500
1988100,572500
1988201,572500
1988202,572500
1988300,572500
1988400,572600
1988500,572600
1988600,572600
1988700,572600
1988801,572600
1988802,572600
1988900,572600
1989000,572600
1989100,572600
1989200,572600
1989301,572600
1989302,572600
1989303,572600
1989400,572600
1989500,572600
1989600,572600
1989700,572600
1989800,572600
1989900,572600
1990000,572600
1990100,572600
1990200,572600
1990300,572600
1990400,572600
1990500,572600
1990600,572600
1990700,572600
1990800,572600
1990900,572600
1991000,572600
1991101,572600
1991102,572600
1991200,572600
1991300,572600
1991400,572600
1991500,572600
1991600,572600
1991701,572600
1991702,572600
1991800,572600
1991900,572600
1992000,572600
1992100,572600
1992200,572600
1992300,572600
1992400,572600
1992500,572600
1992600,572600
1992700,572600
1992800,572600
1992900,572600
1993000,572701
1993100,572701
1993200,572701
1993301,572701
1993302,572701
1993400,572701
1993501,572701
1993502,572701
1993600,572701
1993701,572701
1993703,572701
1993704,572701
1993705,572701
1993800,572701
1993901,572701
1993902,572701
1994001,572701
1994002,572701
1994100,572701
1994200,572701
1994301,572701
1994302,572701
1994400,572701
1994500,572701
1994600,572701
1994703,572701
1994704,572701
1994705,572701
1994706,572701
1994707,572701
1994800,572701
1994900,572701
1995000,572701
1995100,572701
1995200,572701
1995300,572701
1995400,572701
1995500,572701
1995600,572701
1995700,572701
1995800,572701
1995900,572701
1996000,572701
1996100,572702
1996201,572702
1996202,572702
1996300,572702
1996400,572702
1996500,572702
1996600,572702
1996700,572702
1996801,572702
1996802,572702
1996900,572702
1997000,566000
1997101,566000
1997102,566000
1997103,566000
1997104,566000
1997105,566000
1997200,566000
1997300,566000
1997400,566000
1997500,566000
1997600,566000
1997700,566000
1997801,566000
1997802,566302
1997901,566302
1997902,566302
1998000,566302
1998100,566000
1998200,566000
1998301,566000
1998302,566000
1998402,563703
1998403,566302
1998404,566302
1998405,566302
1998406,566302
1998407,566302
1998501,566302
1998502,566302
1998600,566302
1998700,566302
1998800,564022
1998901,566000
1998902,566000
1999000,566000
1999100,566000
1999200,566000
1999301,566000
1999302,566000
1999303,566000
1999304,566000
1999403,565902
1999404,565902
1999405,565902
1999406,565902
1999407,565902
1999408,565902
1999409,565902
1999500,565902
1999601,565902
1999602,565902
1999705,566000
1999706,566000
1999707,566000
1999710,566000
1999711,566000
1999712,566000
1999713,566000
1999714,566000
1999715,566000
1999716,566000
1999717,566000
1999719,566000
1999720,566000
1999721,566000
1999722,566000
1999723,566000
1999724,566000
1999725,566000
1999726,566000
1999727,566000
1999728,566000
1999729,566000
1999730,566000
1999731,566000
1999732,566000
1999733,566000
1999734,566000
1999735,566000
1999736,566000
1999737,566000
1999738,566000
1999739,566000
1999740,566000
1999741,566000
1999801,566000
1999802,566000
1999900,566000
2000000,566000
2000100,566000
2000200,566000
2000300,566000
2000400,566000
2000500,566000
2000600,565901
2000700,565901
2000800,565901
2000902,565901
2000904,565901
2000905,565901
2000906,565901
2000907,565901
2000908,565901
2001000,565901
2001102,565901
2001103,565901
2001104,565901
2001105,565901
2001106,565901
2001107,565901
2001202,565901
2001203,565901
2001204,565901
2001205,565901
2001206,565901
2001207,565901
2001208,565901
2001209,565901
2001300,565901
2001401,565901
2001402,565901
2001403,565901
2001500,565901
2001602,565901
2001603,565901
2001604,565901
2001605,565901
2001606,565901
2001607,565901
2001608,565901
2001609,565901
2001700,565903
2001800,565903
2001900,565903
2002000,565903
2002100,565903
2002200,566301
2002300,566301
2002400,566301
2002500,565903
2002600,565903
2002700,565903
2002800,565903
2002900,565903
2003000,565903
2003100,565903
2003200,565903
2003300,565903
2003400,565903
2003504,565903
2003505,565903
2003506,565903
2003507,565903
2003508,565903
2003509,565903
2003510,565903
2003511,565903
2003513,565903
2003514,565903
2003515,565903
2003516,565903
2003517,565903
2003518,565903
2003519,565903
2003520,565903
2003521,565903
2003522,565903
2003601,566101
2003602,566000
2003701,566000
2003702,566000
2003703,566000
2003704,566000
2003705,566000
2003706,566000
2003707,566000
2003708,566000
2003709,566000
2003800,566101
2003900,566101
2004000,566101
2004102,566101
2004103,566101
2004104,566101
2004105,566101
2004106,566101
2004107,566101
2004108,566101
2004109,566101
2004110,566101
2004111,566101
2004112,566101
2004201,565903
2004202,565903
2004301,565903
2004303,566101
2004304,566101
2004400,566101
2004502,566101
2004503,566101
2004504,566101
2004505,566101
2004506,566101
2004601,566101
2004602,566101
2004603,566101
2004604,566101
2004605,566101
2004701,566101
2004702,566101
2004801,566101
2004802,566101
2004803,566101
2004804,566101
2004805,566101
2004806,566101
2004901,566101
2004902,566101
2004903,566101
2004904,566101
2004905,566101
2005000,566101
2005100,566101
2005201,566101
2005202,566101
2005203,566101
2005204,566101
2005300,566101
2005400,566101
2005501,566101
2005503,566101
2005504,566101
2005505,566101
2005506,566101
2005507,566101
2005600,566101
2005701,566101
2005702,566102
2005802,566102
2005804,566101
2005805,566101
2005806,566101
2005807,566101
2005808,566101
2005809,566101
2005810,566101
2005811,566101
2005900,566102
2006000,566102
2006100,566102
2006200,566102
2006300,566102
2006400,566102
2006500,566102
2006600,566102
2006700,566102
2006800,566102
2006900,566102
2007000,566102
2007100,566102
2007200,566101
2007301,566101
2007302,566101
2007401,566102
2007402,566102
2007500,566102
2007600,566102
2007701,566102
2007702,566102
2007800,566200
2007900,566200
2008000,566200
2008100,566200
2008200,566200
2008300,566200
2008400,566200
2008500,566200
2008601,566200
2008603,566200
2008604,566200
2008700,566200
2008800,566200
2008900,566200
2009000,566200
2009100,566200
2009200,566200
2009300,566200
2009400,566200
2009500,566200
2009600,566200
2009701,566200
2009702,566200
2009800,566200
2009901,566302
2009902,566302
2010000,566302
2010100,566302
2010200,565100
2010301,565100
2010302,565100
2010303,565100
2010304,565100
2010400,565100
2010501,565100
2010502,565100
2010600,565100
2010700,565100
2010800,565100
2010900,565100
2011000,565100
2011100,565100
2011200,565100
2011300,565100
2011400,565100
2011500,565100
2011600,565100
2011700,565100
2011800,565100
2011900,565100
2012000,565100
2012104,564800
2012106,564800
2012107,564800
2012108,564800
2012109,564800
2012110,564800
2012111,564800
2012112,564800
2012113,564800
2012114,564800
2012115,564800
2012116,564800
2012117,564800
2012118,564800
2012200,564800
2012301,564800
2012302,564800
2012303,564800
2012400,564800
2012500,564800
2012600,564800
2012700,564800
2012800,564800
2012900,564800
2013000,564800
2013100,564800
2013200,564800
2013300,564800
2013400,564800
2013500,564800
2013600,564800
2013701,564800
2013702,564800
2013801,564800
2013802,564800
2013902,564800
2013903,564800
2013904,564800
2014000,564800
2014100,564800
2014201,564800
2014202,564800
2014300,564800
2014401,564800
2014402,564800
2014500,564800
2014600,564800
2014700,564800
2014800,564800
2014900,564800
2015000,564800
2015101,564900
2015102,564900
2015103,564900
2015200,564900
2015302,564900
2015303,564900
2015304,564900
2015402,564900
2015403,564900
2015404,564900
2015501,564900
2015502,564900
2015600,564900
2015700,564900
2015800,564900
2015900,564900
2016000,564900
2016100,564900
2016200,564900
2016300,564900
2016400,564900
2016500,564900
2016600,564900
2016700,564900
2016800,564900
2016900,564900
2017001,568800
2017002,565000
2017100,565000
2017200,565000
2017300,565000
2017400,565000
2017500,565000
2017600,565000
2017700,565000
2017800,565000
2017900,565000
2018000,565000
2018100,565000
2018200,565000
2018300,565000
2018400,565000
2018500,565000
2018600,565000
2018700,565000
2018800,565000
2018900,565000
2019000,565000
2019100,565200
2019200,565200
2019300,565200
2019400,565200
2019500,565200
2019600,565200
2019700,565200
2019800,565200
2019900,565200
2020000,565200
2020100,565200
2020200,565200
2020300,565200
2020400,565200
2020500,565200
2020600,565200
2020701,565200
2020702,565200
2020800,565200
2020900,565200
2021000,565200
2021100,565200
2021201,565200
2021202,565200
2021301,565200
2021302,565200
2021400,565200
2021500,565200
2021600,565200
2021700,565200
2021800,565300
2021900,565300
2022000,565300
2022100,565300
2022200,565300
2022300,565300
2022400,565300
2022500,565300
2022600,565300
2022700,565300
2022800,565300
2022900,565300
2023000,565300
2023100,565300
2023201,565300
2023202,565300
2023300,565300
2023400,565300
2023500,565300
2023600,565300
2023700,565300
2023800,565300
2023900,565300
2024000,565300
2024100,565300
2024200,565300
2024300,565300
2024400,565300
2024500,565300
2024600,565300
2024700,565300
2024800,565300
2024900,565300
2025000,565300
2025100,565300
2025200,565300
2025300,565300
2025400,565300
2025500,565300
2025600,565400
2025700,565400
2025801,565400
2025802,565400
2025900,565400
2026000,565400
2026101,565400
2026102,565400
2026201,565400
2026202,565400
2026300,570000
2026400,570000
2026500,570000
2026600,570000
2026700,570000
2026800,570000
2026900,570000
2027000,570000
2027100,570000
2027200,570000
2027300,570000
2027400,570000
2027500,570000
2027600,570000
2027700,570000
2027800,570000
2027900,570000
2028000,570000
2028100,570000
2028200,570000
2028300,570000
2028400,570000
2028500,570000
2028600,570100
2028700,570100
2028800,570100
2028900,570100
2029000,570100
2029100,570100
2029200,570100
2029300,570100
2029400,570100
2029500,570100
2029600,570100
2029700,570100
2029800,570100
2029900,570100
2030000,570100
2030100,570100
2030200,570100
2030300,570100
2030400,570100
2030500,570100
2030600,570100
2030700,570100
2030800,570100
2030900,570100
2031000,570100
2031100,570100
2031200,570100
2031300,570100
2031400,570100
2031500,570100
2031600,570100
2031700,570100
2031800,570100
2031900,570100
2032000,569900
2032100,569900
2032200,569900
2032300,569900
2032400,569900
2032500,569900
2032600,569900
2032700,569900
2032800,569900
2032900,569900
2033000,569900
2033100,569900
2033200,569900
2033300,569900
2033400,569900
2033500,569900
2033600,569900
2033700,569900
2033800,569900
2033900,569900
2034000,569900
2034100,569900
2034200,569900
2034300,569900
2034400,569900
2034500,569900
2034600,569900
2034700,569900
2034800,569900
2034902,569800
2034903,569301
2034904,569302
2035001,569800
2035002,569800
2035100,569800
2035201,569800
2035202,569800
2035300,569800
2035400,569800
2035500,569800
2035600,569800
2035700,569800
2035800,569800
2035900,569800
2036000,569800
2036100,569800
2036301,570700
2036302,570700
2036303,570700
2036400,570700
2036500,570700
2036600,570700
2036700,570700
2036800,570700
2036900,570700
2037000,570700
2037100,570700
2037200,570700
2037301,570700
2037302,570700
2037400,570700
2037500,570700
2037601,570600
2037602,570700
2037700,570700
2037800,570700
2037900,570700
2038000,570700
2038100,570700
2038201,570700
2038202,570700
2038301,570700
2038302,570700
2038400,570700
2038500,570700
2038600,570700
2038700,570700
2038800,570700
2038900,570600
2039000,570600
2039100,570600
2039200,570600
2039300,570600
2039400,570600
2039500,570600
2039600,570600
2039700,570600
2039800,570600
2039900,570600
2040000,570600
2040100,570600
2040200,570600
2040301,570600
2040302,570600
2040400,570600
2040500,570600
2040600,570600
2040701,570600
2040702,570600
2040703,570600
2040801,570600
2040802,570600
2040900,570600
2041000,570600
2041100,570600
2041200,570600
2041300,570600
2041400,570600
2041500,570600
2041600,570600
2041700,570600
2041800,570600
2041900,570600
2042001,570600
2042002,570600
2042100,570600
2042200,570400
2042300,570400
2042400,570400
2042500,570400
2042600,570400
2042700,570400
2042800,570400
2042900,570400
2043000,570400
2043101,570400
2043102,570400
2043201,570400
2043202,570400
2043300,570400
2043400,570400
2043500,570400
2043600,570400
2043700,570400
2043800,570400
2043900,570400
2044000,570400
2044100,570400
2044200,570400
2044300,570400
2044400,570400
2044500,570500
2044600,570500
2044700,570500
2044800,570500
2044900,570500
2045000,570500
2045101,570500
2045102,570500
2045201,570500
2045202,570500
2045300,570500
2045401,570500
2045403,570500
2045404,570500
2045501,570500
2045502,570500
2045600,571100
2045701,571100
2045702,571100
2045800,571100
2045900,571100
2046000,571100
2046100,571100
2046201,571100
2046202,571100
2046300,571100
2046400,571100
2046500,571100
2046600,571100
2046700,571100
2046800,571100
2046900,571100
2047001,571100
2047002,571100
2047100,571100
2047201,571100
2047202,571100
2047300,571100
2047400,571100
2047500,571100
2047601,571100
2047602,571100
2047701,571100
2047702,571100
2047800,571100
2047900,571100
2048000,571100
2048100,571100
2048200,571100
2048300,571100
2048400,571100
2048500,571100
2048600,571100
2048700,571100
2048800,571100
2048900,571100
2049000,571100
2049101,571100
2049102,571100
2049201,571100
2049202,571100
2049300,571100
2049401,571200
2049402,571200
2049403,571200
2049404,571200
2049500,571200
2049600,571200
2049700,571200
2049800,571200
2049900,571200
2050000,571200
2050100,571200
2050200,571200
2050300,571200
2050400,571200
2050501,571200
2050502,571200
2050600,571200
2050701,571200
2050702,571200
2050800,571200
2050901,571200
2050902,571200
2051001,570800
2051002,571000
2051100,571000
2051200,571000
2051301,571000
2051302,571000
2051401,571000
2051402,571000
2051502,571000
2051503,571000
2051504,571000
2051601,571000
2051602,571000
2051603,571000
2051700,571000
2051800,571000
2051900,571000
2052000,571000
2052100,571000
2052200,570800
2052300,570800
2052400,570800
2052500,570800
2052600,570800
2052700,570800
2052800,570800
2052900,570800
2053000,570800
2053103,570800
2053104,570800
2053105,570800
2053106,570800
2053107,570800
2053200,565700
2053300,572300
2053400,570700
2053501,577700
2053502,577700
2053601,572600
2053602,572600
2053604,570800
2053605,572600
2053606,577700
2053701,572500
2053702,572500
2053703,573522
2053804,571000
2053806,565604
2053807,565603
2053811,573525
2053812,573525
2053813,572702
2053817,572702
2053819,572702
2053820,572702
2053821,572702
2053822,572702
2053823,573525
2053824,572702
2053825,572702
2053826,572702
2053827,573525
2053828,573525
2053829,573525
2053830,573525
2053831,573525
2053832,573525
2053833,573525
2053900,570900
2054001,570900
2054002,570900
2054101,570900
2054102,570900
2054200,570900
2054300,570900
2054400,570900
2054500,570900
2054600,570900
2054700,570900
2054801,570900
2054802,570900
2054900,570900
2055000,570900
2055100,570900
2055200,570900
2055300,570900
2055400,570900
2055500,570900
2055600,570900
2055700,570900
2055800,570900
2055901,570900
2055902,570900
2056000,570900
2056101,570900
2056102,570900
2056200,570900
2056300,570900
2056401,571501
2056402,571501
2056403,571501
2056501,571501
2056502,571501
2056503,571501
2056601,571501
2056604,570900
2056607,571300
2056608,571501
2056610,571502
2056611,571502
2056614,571501
2056615,571501
2056616,571501
2056617,571502
2056618,571502
2056619,571502
2056620,571502
2056621,571502
2056622,571502
2056623,571502
2056624,571502
2056625,571502
2056626,571502
2056627,571502
2056628,571502
2056629,571502
2056630,571502
2056631,571502
2056632,571502
2056633,571502
2056634,571502
2056635,571502
2056636,571502
2056637,571502
2056638,571502
2056639,571502
2056701,571501
2056702,571501
2056800,571501
2056901,571501
2056903,571501
2056904,571501
2056905,571501
2056906,571501
2057001,571501
2057002,571501
2057101,571600
2057102,571600
2057200,571600
2057302,571600
2057303,571600
2057304,571600
2057305,571600
2057400,571600
2057501,571600
2057504,571600
2057505,571600
2057506,571600
2057507,571600
2057508,571600
2057601,571600
2057602,571600
2057700,571600
2057800,571600
2057901,571600
2057902,571600
2058001,571600
2058002,571600
2058101,571600
2058102,571600
2058200,571600
2058300,571400
2058400,571400
2058500,571400
2058600,571400
2058701,571400
2058702,571400
2058801,571400
2058802,571400
2058901,571400
2058902,571400
2059000,571400
2059100,571400
2059200,571400
2059300,571400
2059400,571400
2059500,571400
2059600,571400
2059700,571400
2059800,571400
2059900,571400
2060001,571400
2060002,571400
2060100,571400
2060200,571400
2060300,571400
2060400,571400
2060500,571400
2060600,571400
2060700,571400
2060800,571400
2060900,571400
2061000,571400
2061100,571400
2061200,571400
2061300,571400
2061400,571400
2061501,571400
2061502,571400
2061503,571400
2061504,571400
2061600,571300
2061700,571300
2061800,571300
2061900,571300
2062000,571300
2062100,571300
2062200,571300
2062300,571300
2062400,571300
2062500,571300
2062600,571300
2062700,571300
2062801,571300
2062802,571300
2062900,571300
2063000,571300
2063100,571300
2063200,571300
2063300,571300
2063400,571300
2063501,571300
2063502,571300
2063600,571300
2063700,571300
2063800,571300
2063900,571300
2064000,571300
2064100,571300
2064200,571300
2064300,571300
2064400,571300
2064500,571300
2064600,571300
2064700,571300
2064800,571300
2064900,571300
2065000,571300
2065100,571300
2065200,571300
2065300,571300
2065401,571800
2065402,571800
2065403,571800
2065500,571800
2065600,571800
2065700,571800
2065801,571800
2065802,571800
2065900,571800
2066001,571800
2066002,571800
2066100,571800
2066201,571800
2066202,571800
2066301,571800
2066302,571800
2066303,571800
2066401,571800
2066402,571800
2066403,571800
2066500,571800
2066600,571800
2066701,571900
2066703,571900
2066704,571900
2066705,571900
2066706,571900
2066800,571900
2066900,571900
2067000,571900
2067100,571900
2067200,571900
2067301,571900
2067302,571900
2067400,571900
2067500,571900
2067600,571900
2067700,571900
2067801,571900
2067802,571900
2067900,571900
2068000,571900
2068100,571900
2068200,571900
2068300,571900
2068400,571900
2068500,571900
2068600,571900
2068700,571900
2068800,571900
2068900,571900
2069001,571900
2069003,572000
2069004,572000
2069005,572000
2069103,572000
2069105,572000
2069106,572000
2069107,572000
2069108,572000
2069203,572000
2069204,572000
2069205,572000
2069206,572000
2069207,572000
2069208,572000
2069303,572000
2069304,572000
2069307,572000
2069308,572000
2069309,572000
2069310,572000
2069311,572000
2069400,572000
2069500,572000
2069600,572000
2069700,572000
2069801,572000
2069802,572000
2069900,572000
2070000,572100
2070101,572100
2070102,572100
2070103,572100
2070104,572100
2070201,572100
2070202,572100
2070203,572100
2070301,572100
2070302,572100
2070303,572100
2070401,572100
2070402,572100
2070403,572100
2070405,572100
2070406,572100
2070500,572100
2070600,572100
2070700,572100
2070800,572100
2070901,572100
2070902,572100
2070903,572100
2071003,572100
2071004,572100
2071005,572100
2071006,572100
2071100,572100
2071201,572200
2071202,572200
2071203,572200
2071204,572200
2071205,572200
2071206,572200
2071207,572200
2071301,572200
2071302,572200
2071304,572200
2071305,572200
2071306,572200
2071307,572200
2071401,572200
2071402,572200
2071403,572200
2071503,572200
2071504,572200
2071505,572200
2071506,572200
2071601,572200
2071602,572200
2071700,565601
2071800,565601
2071901,565601
2071902,565601
2072000,565601
2072101,565700
2072102,565700
2072203,564601
2072204,565601
2072205,564601
2072206,564601
2072300,565700
2072401,565602
2072402,565602
2072403,565602
2072404,565602
2072406,565602
2072407,565602
2072408,565602
2072409,565602
2072411,565602
2072414,565602
2072415,565602
2072416,565602
2072417,565602
2072418,565602
2072419,565602
2072420,565602
2072421,565602
2072422,565602
2072423,565602
2072424,565602
2072425,565602
2072426,565602
2072427,565602
2072504,565604
2072505,565604
2072506,565604
2072507,565604
2072511,565604
2072515,572100
2072516,572200
2072517,565602
2072518,565602
2072519,565602
2072520,572200
2072522,565602
2072524,565603
2072525,565603
2072526,565604
2072527,565604
2072528,572100
2072529,572100
2072530,572200
2072531,572200
2072532,572200
2072533,572200
2072534,565602
2072535,565602
2072536,565602
2072537,565602
2072538,565602
2072539,565602
2072540,565602
2072541,565602
2072542,565602
2072543,565602
2072600,565601
2072800,573901
2072900,573901
2073000,573901
2073103,573903
2073105,573903
2073106,573903
2073107,573903
2073108,573903
2073109,573903
2073110,573903
2073111,573902
2073201,573901
2073202,573903
2073300,573901
2073400,573901
2073500,573901
2073600,573903
2073700,573903
2073800,573903
2073900,573903
2074000,573901
2074100,573901
2074201,573901
2074202,573901
2074301,573903
2074302,573903
2074400,573903
2074500,573903
2074600,573903
2074700,573903
2074800,573903
2074900,573903
2075000,573903
2075101,573903
2075102,573802
2075103,573903
2075200,574001
2075301,574001
2075302,574001
2075401,574001
2075402,574001
2075500,574001
2075600,574001
2075700,574001
2075800,574001
2075900,574001
2076000,574001
2076100,574001
2076200,574001
2076300,574001
2076400,574001
2076500,574001
2076600,574001
2076700,574001
2076800,574001
2076900,574001
2077000,574001
2077100,574001
2077200,574001
2077300,574001
2077400,574001
2077501,574001
2077502,574001
2077503,573526
2077600,574001
2077700,574001
2077800,574001
2077900,574001
2078000,574001
2078100,574001
2078200,574001
2078302,574002
2078303,574001
2078304,574002
2078400,573802
2078500,573802
2078600,573802
2078701,573802
2078702,573802
2078800,573801
2078900,573801
2079000,573801
2079100,573802
2079200,573802
2079300,573801
2079401,573801
2079402,573801
2079500,573801
2079600,573801
2079700,573801
2079800,573801
2079900,573801
2080000,573600
2080100,573600
2080200,573600
2080300,573600
2080400,573600
2080500,573600
2080600,573600
2080700,573600
2080800,573600
2080900,573600
2081000,573600
2081100,573514
2081200,573600
2081300,573700
2081401,573700
2081402,573700
2081403,573700
2081501,573700
2081502,573700
2081601,573700
2081602,573700
2081700,573700
2081800,573700
2081901,573700
2081902,573700
2081903,573700
2082001,573700
2082002,573700
2082100,573700
2082200,573700
2082300,573700
2082400,573700
2082500,573700
2082600,573700
2082700,573700
2082800,573700
2082900,573700
2083000,573700
2083100,573700
2083200,573700
2083300,573700
2083400,573700
2083500,573700
2083600,573700
2083700,574100
2083800,574100
2083900,574100
2084000,574100
2084101,574100
2084102,574303
2084200,574100
2084301,574100
2084302,574303
2084400,574100
2084500,574100
2084600,574100
2084700,574100
2084800,574100
2084900,574100
2085000,574100
2085100,574100
2085202,574200
2085203,574100
2085204,574100
2085302,574100
2085303,574100
2085304,574200
2085400,574100
2085500,574100
2085600,574100
2085700,574100
2085800,574100
2085901,574100
2085903,574100
2085904,574100
2085905,574100
2086000,574100
2086101,573522
2086102,573522
2086103,573522
2086104,573522
2086201,573511
2086203,573511
2086204,573514
2086302,573523
2086303,573523
2086304,573523
2086306,573523
2086307,573523
2086310,573523
2086311,573522
2086312,573523
2086313,573526
2086315,573902
2086316,573902
2086317,573902
2086318,573902
2086401,573526
2086403,573526
2086404,573902
2086406,573524
2086407,573524
2086408,573524
2086409,573524
2086501,573511
2086502,573511
2086605,573513
2086606,573513
2086607,573513
2086608,573513
2086609,573513
2086610,573514
2086611,573514
2086612,573514
2086613,573514
2086614,573514
2086615,573514
2086701,577700
2086704,572500
2086706,573600
2086708,573700
2086709,573700
2086710,574100
2086713,577700
2086714,573513
2086715,573513
2086716,573513
2086720,577700
2086722,573513
2086723,573513
2086724,573513
2086725,573513
2086726,573513
2086729,573514
2086730,573514
2086731,573514
2086732,573514
2086733,573514
2086734,573514
2086735,573514
2086736,573514
2086737,573514
2086738,573514
2086739,573514
2086740,573600
2086801,573514
2086802,573514
2086803,573514
2086900,573514
2087001,573514
2087002,573514
2087101,574200
2087103,574200
2087104,574401
2087200,574200
2087300,574200
2087401,574200
2087402,574200
2087500,574200
2087603,574200
2087604,574200
2087605,574200
2087606,574200
2087607,574200
2087700,574200
2087800,574200
2087900,574200
2088000,574200
2088100,574200
2088200,574200
2088300,574200
2088400,574200
2088500,574200
2088600,574200
2088701,574304
2088703,574304
2088704,574303
2088705,574303
2088800,574304
2088900,574304
2089001,574304
2089002,574304
2089100,574304
2089200,574304
2089300,574304
2089400,574304
2089500,574304
2089600,574304
2089700,574304
2089801,574304
2089802,574304
2089803,574304
2089804,574304
2089900,574302
2090001,574302
2090002,574302
2090101,574302
2090102,574302
2090201,574304
2090202,574304
2090203,574304
2090300,574304
2090402,574303
2090403,574304
2090404,574304
2090500,574302
2090601,574302
2090603,574302
2090604,574302
2090700,574302
2090800,574302
2090900,574302
2091000,574302
2091100,574302
2091200,574302
2091300,574302
2091400,574302
2091500,574302
2091602,574302
2091603,574302
2091604,574302
2091700,574302
2091800,574302
2091900,574302
2092000,574302
2092100,574302
2092200,574302
2092300,574302
2092400,574302
2092500,574302
2092600,574302
2092700,574302
2092800,574302
2092900,574302
2093000,574302
2093100,574302
2093200,574500
2093300,574500
2093400,574500
2093500,574500
2093600,574500
2093701,574401
2093703,574401
2093704,574401
2093705,574401
2093706,574401
2093707,574401
2093803,574401
2093804,574401
2093805,574401
2093806,574401
2093807,574401
2093900,574401
2094001,574401
2094002,574401
2094101,574401
2094102,574401
2094200,574401
2094300,574401
2094400,574401
2094500,574401
2094601,574401
2094602,574401
2094700,574401
2094801,574401
2094802,574401
2094803,574401
2094804,574401
2094805,574401
2094900,574401
2095000,574401
2095101,574401
2095102,574401
2095103,574401
2095202,574701
2095203,574401
2095204,574401
2095205,574401
2095300,574401
2095400,574402
2095500,574402
2095600,574402
2095700,574402
2095800,574402
2095900,574402
2096000,574402
2096100,574402
2096200,574402
2096300,574402
2096400,574402
2096500,574402
2096600,574402
2096700,574402
2096800,574402
2096900,574402
2097000,574402
2097100,574402
2097200,574402
2097300,574402
2097400,574402
2097502,574402
2097503,574402
2097504,574402
2097601,574402
2097602,574402
2097700,574402
2097800,574402
2097900,574701
2098000,574402
2098100,574402
2098200,574402
2098300,574402
2098400,574402
2098501,574600
2098502,574600
2098601,574402
2098602,574600
2098700,574600
2098800,574600
2098900,574600
2099000,574600
2099100,574600
2099200,574600
2099300,574600
2099400,574600
2099500,574600
2099600,574600
2099700,572900
2099800,574600
2099901,574600
2099902,574600
2100000,574600
2100100,574600
2100200,574600
2100300,574600
2100400,574600
2100500,574600
2100600,574600
2100700,574600
2100800,574600
2100900,574600
2101000,574600
2101100,574600
2101200,574600
2101300,574600
2101400,574600
2101500,574600
2101600,574600
2101700,574600
2101801,574600
2101802,574600
2101900,572900
2102002,574702
2102003,574600
2102004,574600
2102005,574702
2102101,574600
2102102,574702
2102200,574702
2102300,574702
2102400,574703
2102501,574703
2102502,574703
2102600,574702
2102700,574702
2102800,574703
2102900,574703
2103001,574703
2103002,574703
2103100,574702
2103200,574702
2103300,574702
2103400,574702
2103500,574702
2103600,574702
2103700,574600
2103800,574702
2103900,574702
2104000,574702
2104100,574800
2104200,574702
2104301,574702
2104302,574702
2104401,574600
2104402,574702
2104500,574800
2104601,574701
2104603,574701
2104604,574701
2104700,574701
2104800,574701
2104903,574701
2104904,574701
2104905,574701
2104906,574701
2104907,574701
2105001,574701
2105002,574701
2105100,574701
2105201,574701
2105202,574701
2105203,574701
2105204,574701
2105300,574701
2105401,577700
2105402,574702
2105501,574800
2105502,574800
2105503,574800
2105600,574800
2105700,574800
2105800,574800
2105900,574800
2106000,574800
2106100,574800
2106200,574800
2106301,577700
2106302,574800
2106400,574800
2106500,574800
2106601,574800
2106602,574800
2106603,574800
2106604,574800
2106605,574800
2106606,574800
2106700,574800
2106800,574800
2106900,574800
2107001,574800
2107002,574800
2107003,574800
2107004,574800
2107100,574800
2107201,574800
2107202,574800
2107300,577700
2107400,574800
2107500,574800
2107600,574800
2107700,574800
2107800,574800
2107900,574800
2108000,574800
2108100,577700
2108201,574900
2108202,574900
2108301,574900
2108303,574900
2108304,574900
2108400,574900
2108501,574900
2108502,574900
2108601,574900
2108602,574900
2108603,574900
2108700,574900
2108801,574900
2108802,574900
2108803,574900
2108804,574900
2108805,574900
2108900,574900
2109000,574900
2109100,574900
2109201,577700
2109202,574900
2109301,577700
2109303,574900
2109304,574900
2109305,574900
2109400,574900
2109501,574900
2109502,574900
2109503,574900
2109600,574900
2109700,574900
2109801,574900
2109802,574900
2109900,574900
2110001,577700
2110003,577700
2110004,574900
2110006,574900
2110007,574900
2110008,574900
2110101,574900
2110102,574900
2110103,574900
2110200,574900
2110301,574900
2110302,574900
2110400,574900
2110500,574900
2110601,574900
2110602,574900
2110700,574900
2110800,575000
2110900,575000
2111000,575000
2111100,575000
2111200,575000
2111300,575000
2111401,575000
2111402,575400
2111500,575000
2111600,575000
2111700,575000
2111800,575000
2111900,575000
2112000,575000
2112101,575000
2112102,575000
2112200,575000
2112300,575000
2112400,575000
2112500,575000
2112600,575000
2112700,575000
2112800,575000
2112900,575000
2113000,575000
2113100,575000
2113201,575000
2113202,575000
2113301,575000
2113302,575000
2113400,575000
2113500,575000
2113601,575000
2113602,575000
2113700,575000
2113800,575000
2113900,575000
2114001,575000
2114002,575000
2114100,575000
2114200,575100
2114300,575100
2114400,575100
2114500,575100
2114600,575100
2114700,575100
2114800,575100
2114900,575100
2115000,575100
2115100,575100
2115200,575100
2115301,575100
2115302,575100
2115303,575100
2115400,575100
2115500,575100
2115601,575100
2115602,575100
2115700,575100
2115800,575100
2115900,575100
2116000,575100
2116100,575100
2116200,575100
2116303,575100
2116304,575100
2116305,575100
2116306,575100
2116307,575100
2116308,575100
2116309,575100
2116310,575100
2116400,577700
2116500,577700
2116600,577700
2116700,577700
2116801,577700
2116802,577700
2116900,577700
2117002,574200
2117003,577700
2117004,574401
2117101,574600
2117102,572900
2117201,574600
2117202,572900
2117203,572900
2117300,572900
2117400,572900
2117500,572900
2117600,572900
2117700,572900
2117800,572900
2117901,572900
2117902,572900
2118001,572900
2118002,572900
2118003,572900
2118101,572900
2118102,572900
2118200,572900
2118300,572900
2118400,572900
2118500,572900
2118600,572900
2118700,572900
2118800,572900
2118900,572900
2119000,572900
2119100,572900
2119200,572900
2119300,572900
2119400,572900
2119500,572900
2119600,572900
2119700,572900
2119800,572900
2119900,572900
2120000,572900
2120100,572900
2120200,572900
2120300,572900
2120400,572900
2120500,572900
2120600,572900
2120700,572900
2120800,572900
2120900,572900
2121000,572900
2121100,572900
2121200,572900
2121300,572900
2121400,572900
2121500,572900
2121600,572900
2121700,572900
2121800,572900
2121900,572900
2122000,572900
2122100,572900
2122200,572900
2122300,572900
2122400,572900
2122500,572900
2122600,572900
2122700,572900
2122800,572900
2122900,572900
2123000,572900
2123100,572900
2123200,572900
2123300,572900
2123400,572900
2123500,572900
2123600,572900
2123700,573000
2123800,573000
2123901,573000
2123902,573000
2124000,573000
2124100,573000
2124200,573000
2124300,573000
2124400,573000
2124500,573000
2124600,573000
2124700,573000
2124801,573000
2124802,573000
2124803,573000
2124900,573000
2125000,573000
2125100,573000
2125200,573000
2125300,573000
2125400,573000
2125500,573000
2125600,573000
2125700,573000
2125800,573000
2125900,573000
2126000,573000
2126100,573000
2126200,573000
2126300,573000
2126401,573000
2126402,573000
2126403,573000
2126501,573000
2126502,573000
2126600,573000
2126700,573000
2126800,573000
2126900,573000
2127000,573000
2127100,573000
2127200,573000
2127300,573000
2127400,573000
2127500,573000
2127600,573000
2127700,573000
2127800,573000
2127900,573000
2128000,573000
2128100,573000
2128200,573000
2128300,573000
2128400,573000
2128500,573000
2128600,573000
2128700,573000
2128800,573000
2128900,573000
2129000,573000
2129100,573000
2129200,573000
2129300,573000
2129400,573000
2129500,573000
2129600,573000
2129700,573000
2129800,573000
2129900,573000
2130000,573000
2130100,573000
2130200,573000
2130300,573000
2130400,573000
2130500,573000
2130600,573000
2130700,573000
2130800,573101
2130900,573101
2131000,573101
2131100,573101
2131200,573101
2131300,573101
2131400,573101
2131500,573101
2131600,573101
2131700,573101
2131800,573101
2131900,573101
2132000,573101
2132100,573101
2132200,573101
2132300,573101
2132400,573101
2132500,573101
2132600,573101
2132700,573101
2132800,573101
2132900,573101
2133000,573101
2133100,573101
2133200,573101
2133300,573101
2133401,573101
2133402,573101
2133403,573101
2133404,573101
2133405,573101
2133406,573101
2133407,573101
2133408,573101
2133500,573101
2133600,573101
2133700,573101
2133800,573101
2133900,573101
2134000,573101
2134100,573101
2134200,573101
2134300,573101
2134400,573101
2134500,573101
2134600,573101
2134700,573101
2134800,573101
2134900,573101
2135000,573101
2135100,573101
2135200,573101
2135300,573101
2135400,573101
2135500,573101
2135600,573101
2135700,573101
2135800,573101
2135900,573101
2136000,573101
2136100,573101
2136200,573101
2136300,573101
2136400,573101
2136500,573101
2136600,573101
2136700,573101
2136800,573101
2136900,573101
2137000,573101
2137102,576800
2137103,576800
2137104,576903
2137400,576600
2137500,576600
2137600,576600
2137700,576600
2137800,576600
2137900,576600
2138000,576600
2138100,576600
2138200,576600
2138300,576600
2138400,573400
2138500,573400
2138600,573400
2138700,573400
2138800,573400
2138900,573400
2139000,573400
2139100,573400
2139200,573400
2139300,573400
2139400,573400
2139500,573400
2139601,573400
2139603,573400
2139604,573400
2139700,573400
2139800,573400
2139900,573400
2140001,573400
2140002,573400
2140100,573400
2140200,573400
2140300,573400
2140400,573400
2140500,573400
2140600,573400
2140700,573400
2140800,573400
2140900,573400
2141001,573400
2141002,573400
2141100,573400
2141200,573400
2141300,573400
2141400,573400
2141500,573400
2141600,573400
2141700,573400
2141800,573400
2141900,573400
2142000,573400
2142100,573400
2142200,573400
2142300,573400
2142400,573400
2142500,573400
2142600,573400
2142700,573400
2142800,573400
2142900,573400
2143000,573400
2143100,573400
2143200,573400
2143300,573400
2143400,573400
2143500,573400
2143600,573400
2143700,573400
2143800,573400
2143900,573400
2144000,573400
2144101,573300
2144102,573300
2144103,573300
2144200,573300
2144300,573300
2144400,573300
2144500,573300
2144600,573300
2144700,573300
2144800,573300
2144900,573300
2145001,573300
2145002,573300
2145003,573300
2145004,573300
2145005,573300
2145100,573300
2145200,573300
2145300,573300
2145400,573300
2145500,573300
2145601,573300
2145602,573300
2145700,573300
2145800,573300
2145900,573300
2146000,573300
2146100,573300
2146200,573300
2146300,573300
2146400,573300
2146500,573300
2146600,573300
2146700,573300
2146800,573300
2146900,573300
2147000,573300
2147100,573300
2147200,573300
2147300,573300
2147400,573300
2147500,573300
2147600,573300
2147700,573300
2147800,573300
2147900,576500
2148000,576500
2148100,576500
2148201,576500
2148202,576500
2148300,576500
2148400,576500
2148500,576500
2148601,576500
2148602,576500
2148700,576500
2148800,576500
2148900,576500
2149000,576500
2149100,576500
2149200,576500
2149300,576500
2149400,575200
2149500,575200
2149600,575200
2149700,575200
2149800,575200
2149900,575200
2150000,575200
2150100,575200
2150200,575200
2150300,575200
2150400,575200
2150500,575200
2150600,575200
2150700,575200
2150800,575200
2150900,575200
2151000,575200
2151100,575200
2151201,575200
2151202,575200
2151300,575200
2151400,575200
2151500,575200
2151600,575200
2151700,575300
2151800,575300
2151900,575300
2152000,575300
2152100,575300
2152201,575300
2152202,575300
2152301,575300
2152302,575300
2152401,575300
2152402,575300
2152501,575300
2152502,575300
2152600,575300
2152700,575300
2152800,575300
2152900,575300
2153000,575300
2153100,575300
2153200,575300
2153300,575300
2153400,575300
2153501,575300
2153502,575300
2153601,575300
2153603,575300
2153604,575300
2153605,575300
2153701,575300
2153702,575300
2153800,575300
2153900,575300
2154000,575300
2154100,575300
2154200,575300
2154300,575300
2154400,575300
2154500,575300
2154600,575300
2154701,575300
2154702,575300
2154800,575300
2154900,575300
2155000,575300
2155100,575300
2155200,575300
2155300,575300
2155400,575300
2155500,575400
2155600,575400
2155700,575400
2155800,575400
2155900,575400
2156000,575500
2156100,575500
2156200,575500
2156300,575500
2156400,575500
2156500,575500
2156600,575500
2156700,575500
2156801,575300
2156802,573200
2156901,573200
2156902,573200
2157000,573200
2157101,573200
2157102,573200
2157200,573200
2157300,573200
2157400,573200
2157500,573200
2157600,573200
2157701,573200
2157702,573200
2157800,573200
2157900,573200
2158000,573200
2158100,573200
2158200,573200
2158300,573200
2158400,573200
2158500,573200
2158600,573200
2158700,573200
2158800,573200
2158900,573200
2159000,573200
2159100,573200
2159201,573200
2159202,573200
2159203,573200
2159204,573200
2159300,573200
2159400,573200
2159500,573200
2159601,573200
2159602,573200
2159603,573200
2159604,573200
2159605,573200
2159606,573200
2159700,573200
2159801,573200
2159802,573200
2159900,573200
2160000,575600
2160101,575600
2160102,575600
2160200,575600
2160301,575600
2160302,575600
2160303,575600
2160400,575600
2160500,575600
2160600,575600
2160700,575600
2160801,575600
2160802,575600
2160900,575600
2161000,575600
2161100,575600
2161201,575600
2161202,575600
2161300,575600
2161400,575600
2161501,575600
2161502,575600
2161503,575600
2161601,575600
2161602,575600
2161700,575600
2161800,575600
2161900,575600
2162000,575600
2162100,575600
2162200,575600
2162300,575600
2162400,575600
2162500,575600
2162600,575600
2162700,575600
2162800,575600
2162901,575600
2162902,575600
2162903,575600
2163000,575600
2163100,575600
2163201,575600
2163202,575600
2163300,576301
2163400,576301
2163500,576301
2163600,576301
2163700,576301
2163800,576301
2163900,576301
2164000,576301
2164100,576301
2164200,576301
2164300,576301
2164400,576301
2164500,576301
2164600,576301
2164700,576301
2164800,576301
2164901,576301
2164902,576301
2165000,576301
2165100,576301
2165200,576301
2165300,576301
2165400,576301
2165500,576301
2165600,576301
2165700,576301
2165800,576301
2165900,576301
2166000,576302
2166100,576302
2166200,576302
2166301,576302
2166302,576302
2166303,576302
2166400,576302
2166500,576302
2166600,576302
2166700,576302
2166800,576302
2166900,576400
2167000,576400
2167100,576400
2167200,576400
2167300,576400
2167400,576400
2167500,576400
2167600,576400
2167700,576400
2167800,576400
2167900,576400
2168000,576400
2168100,576400
2168200,576400
2168300,576400
2168400,576400
2168500,576400
2168600,576400
2168700,576400
2168800,576400
2168900,576400
2169000,576400
2169101,576400
2169102,576400
2169200,576400
2169300,576400
2169401,576400
2169402,576400
2169500,576400
2169600,576400
2169700,576400
2169800,576400
2169901,576400
2169902,576400
2170000,576400
2170101,576400
2170102,576400
2170200,576400
2170300,576400
2170400,576400
2170500,576400
2170600,576400
2170700,576400
2170800,576400
2170901,576400
2170902,576100
2171001,576400
2171002,576400
2171003,576400
2171004,576400
2171005,576400
2171006,576400
2171007,576400
2171100,576200
2171200,576200
2171300,576200
2171400,576200
2171500,576200
2171600,576200
2171700,576200
2171800,576200
2171900,576200
2172000,576200
2172100,576200
2172200,576200
2172300,576200
2172400,576200
2172500,576200
2172600,576200
2172700,576200
2172800,576200
2172900,576200
2173000,576200
2173100,576200
2173200,576200
2173300,577000
2173400,577000
2173501,577000
2173502,577000
2173503,577000
2173600,577000
2173700,577000
2173800,577000
2173900,577000
2174000,577000
2174100,577000
2174200,577000
2174300,577000
2174400,577000
2174500,577000
2174600,577000
2174700,577000
2174800,577000
2174900,577000
2175000,577000
2175100,577000
2175200,577000
2175300,577000
2175400,577000
2175501,577000
2175502,577000
2175600,577000
2175700,577000
2175800,576901
2175900,576901
2176000,576901
2176100,576901
2176200,576901
2176300,576901
2176400,576901
2176500,576901
2176600,576901
2176701,576901
2176702,576901
2176800,576901
2176900,576901
2177000,576901
2177100,576901
2177200,576901
2177300,576901
2177400,576901
2177500,576901
2177600,576901
2177700,576901
2177800,576901
2177900,576903
2178000,576901
2178101,576901
2178102,576901
2178200,576901
2178300,576901
2178400,576901
2178500,576901
2178600,576901
2178700,576901
2178801,576901
2178802,576901
2178900,576903
2179000,576903
2179101,576903
2179102,576903
2179200,576903
2179300,576903
2179400,576903
2179500,576903
2179600,576903
2179700,576903
2179800,576903
2179900,576903
2180001,576903
2180002,576903
2180101,576903
2180102,576903
2180200,576903
2180300,576903
2180400,576903
2180500,576903
2180601,576903
2180602,576903
2180700,576903
2180800,576903
2180900,576903
2181000,576903
2181100,576903
2181201,576903
2181202,576903
2181301,576903
2181302,576903
2181400,576903
2181500,576903
2181600,576903
2181700,576800
2181800,576800
2181900,576800
2182000,576800
2182100,576800
2182200,576800
2182300,576800
2182400,576800
2182501,576800
2182502,576800
2182503,576800
2182504,576800
2182600,576800
2182700,576800
2182800,576800
2182900,576800
2183000,576800
2183100,576800
2183200,576800
2183300,576800
2183400,576800
2183500,576800
2183600,576800
2183700,576800
2183800,576800
2183901,576700
2183902,576800
2184000,576700
2184101,576700
2184102,576800
2184200,576800
2184300,576800
2184400,576800
2184500,576800
2184600,576800
2184700,576800
2184800,576800
2184900,576800
2185000,576800
2185100,576800
2185200,576800
2185300,576800
2185400,576800
2185500,576800
2185600,576700
2185700,576700
2185800,576700
2185900,576700
2186000,576700
2186100,576700
2186200,576700
2186300,576700
2186400,576800
2186500,576700
2186600,576700
2186701,576700
2186702,576700
2186703,576700
2186800,576700
2186900,576700
2187000,576700
2187101,577700
2187102,575000
2187201,575901
2187202,575901
2187203,575901
2187301,577700
2187303,575902
2187304,575901
2187306,575901
2187307,575902
2187402,575902
2187403,575902
2187404,575902
2187405,575902
2187406,575902
2187500,575902
2187600,575902
2187700,575902
2187801,575902
2187802,576001
2187803,576001
2187900,576001
2188001,576001
2188002,576001
2188101,576001
2188102,576001
2188200,576001
2188300,576001
2188400,576001
2188500,576001
2188601,576001
2188602,576001
2188700,576001
2188800,576001
2188900,576001
2189000,576001
2189100,576001
2189200,576001
2189300,576001
2189400,576002
2189500,576002
2189600,576002
2189700,576002
2189800,576002
2189901,576002
2189902,576002
2190001,576100
2190003,576002
2190004,576100
2190100,576002
2190200,576002
2190300,576002
2190400,576002
2190500,576001
2190600,576002
2190700,576001
2190800,576002
2190900,576002
2191000,576002
2191100,576002
2191200,576002
2191301,576002
2191302,576002
2191401,576002
2191402,576002
2191403,576002
2191500,576002
2191602,576002
2191603,576100
2191604,576002
2191605,576100
2191701,576100
2191702,576002
2191800,576002
2191900,576002
2192000,576002
2192100,576002
2192200,576002
2192301,576002
2192302,576002
2192400,576002
2192500,576002
2192600,576002
2192700,576002
2192800,576002
2192900,576002
2193000,576002
2193100,576001
2193200,576001
2193300,576001
2193400,576001
2193500,576001
2193600,576001
2193700,576001
2193801,576001
2193802,576001
2193900,576001
2194001,576100
2194002,576100
2194003,576100
2194101,576002
2194102,576002
2194103,576100
2194201,576100
2194202,576100
2194203,576100
2194301,576100
2194302,576100
2194400,576100
2194500,576100
2194600,576100
2194701,576100
2194702,576100
2194803,576100
2194804,576100
2194805,576100
2194806,576100
2194900,576100
2195000,576100
2195100,576100
2195201,576100
2195202,576100
2195203,576100
2195204,576100
2195300,576100
2195400,576100
2195501,576100
2195502,576100
2195503,576100
2195601,576100
2195602,576100
2195603,576100
2195700,576100
2195800,576100
2195900,576100
2196000,576100
2196100,576100
2196200,576100
2196300,576100
2196400,576100
2196500,576100
2196600,576100
2196700,575800
2196801,575800
2196802,575800
2196901,575800
2196902,575800
2197000,575800
2197101,575800
2197102,575800
2197201,575800
2197202,575800
2197301,575800
2197302,575800
2197400,575800
2197500,575800
2197600,575800
2197700,575800
2197800,575800
2197900,575800
2198001,575800
2198002,575800
2198100,575800
2198201,575800
2198202,575800
2198301,575800
2198302,575800
2198400,575800
2198500,575800
2198600,575701
2198700,575701
2198800,575701
2198901,575701
2198902,575701
2199000,575701
2199101,575701
2199102,575702
2199200,575702
2199300,575702
2199400,575702
2199500,575701
2199600,575701
2199700,575701
2199800,575701
2199900,575701
2200000,575701
2200101,575701
2200102,575701
2200103,575702
2200201,575701
2200202,575702
2200300,575702
2200400,575702
2200500,575702
2200600,577400
2200700,577601
2200800,577601
2200900,577601
2201000,577601
2201100,577601
2201200,577601
2201300,577601
2201400,577602
2201500,577602
2201601,577601
2201602,577602
2201700,577602
2201800,577601
2201901,577601
2201902,577601
2201903,577601
2201904,577601
2202001,577601
2202002,577601
2202003,577601
2202004,577601
2202101,577601
2202102,577601
2202201,577601
2202202,577602
2202203,577601
2202301,577601
2202302,577601
2202303,577602
2202304,577301
2202401,577601
2202402,577301
2202501,577301
2202502,577301
2202601,577301
2202602,577301
2202701,577301
2202702,577301
2202703,577301
2202704,577301
2202800,577301
2202900,577301
2203000,577301
2203101,577301
2203102,577301
2203200,577301
2203300,577301
2203400,577301
2203500,577301
2203600,577301
2203700,577301
2203800,577301
2203900,577301
2204000,577301
2204100,577301
2204200,577301
2204300,577301
2204400,577302
2204500,577302
2204600,577302
2204700,577302
2204800,577400
2204900,577400
2205000,577302
2205100,577302
2205200,577302
2205300,577302
2205400,577302
2205500,577302
2205600,577302
2205701,577302
2205702,577302
2205800,577302
2205901,577302
2205902,577302
2205903,577302
2206001,577302
2206002,577302
2206003,577302
2206004,577302
2206101,577302
2206102,577302
2206103,577302
2206200,577200
2206300,577200
2206400,577200
2206500,577200
2206600,577200
2206700,577200
2206800,577200
2206900,577200
2207000,577200
2207100,577200
2207201,577200
2207202,577200
2207203,577200
2207301,577200
2207302,577200
2207400,577200
2207500,577200
2207600,577200
2207700,577200
2207800,577200
2207900,577200
2208000,577200
2208100,577200
2208200,577200
2208300,577200
2208400,577200
2208500,577200
2208600,577200
2208700,577200
2208800,577200
2208900,577200
2209000,577200
2209100,577200
2209200,577200
2209300,577400
2209400,577400
2209500,577400
2209600,577400
2209700,577400
2209800,577400
2209900,577400
2210000,577400
2210100,577400
2210200,577400
2210300,577400
2210400,577500
2210500,577500
2210600,577500
2210700,577500
2210800,577500
2210900,577500
2211000,577500
2211100,577500
2211200,577500
2211300,577500
2211400,577500
2211500,577500
2211600,577500
2211700,577500
2211800,577500
2211900,577500
2212000,577500
2212100,577500
2212200,577500
2212300,577500
2212400,577500
2212500,577500
2212600,577500
2212700,577101
2212800,577101
2212900,577101
2213000,577101
2213100,577102
2213200,577102
2213300,577500
2213400,577102
2213500,577102
2213600,577102
2213700,577102
2213800,577102
2213900,577102
2214000,577102
2214100,577102
2214200,577102
2214300,577102
2214400,577102
2214500,577102
2214600,577102
2214700,577102
2214800,577102
2214900,577102
2215000,577102
2215100,577102
2215200,577102
2215300,577102
2215400,577102
2215500,577102
2215600,577101
2215700,577102
2215800,577102
2215900,577102
2216000,577102
2216100,577102
2216200,577102
2216300,577102
2216400,577102
2216500,578000
2216600,578000
2216700,578000
2216801,578000
2216802,578000
2216900,578000
2217000,578000
2217100,578000
2217200,578000
2217300,578000
2217400,578000
2217500,578000
2217600,578000
2217700,578000
2217800,578000
2217900,578000
2218000,578000
2218100,578000
2218200,578000
2218300,578000
2218401,578000
2218402,578000
2218500,578000
2218600,578000
2218700,578000
2218800,578000
2218900,578000
2219000,578000
2219100,578000
2219200,578000
2219300,578000
2219400,578000
2219500,578000
2219600,578000
2219700,578000
2219800,578000
2219900,577900
2220000,577900
2220100,577900
2220201,577900
2220202,577900
2220300,577900
2220400,577900
2220500,577900
2220600,577900
2220700,577900
2220800,577900
2220900,577900
2221000,577900
2221102,577900
2221103,578000
2221104,578000
2221200,577900
2221300,577900
2221400,577900
2221500,577900
2221600,577900
2221701,577900
2221702,577900
2221800,577900
2221900,577900
2222000,577900
2222101,578000
2222102,577900
2222201,578000
2222202,577900
2222300,577900
2222400,577900
2222500,577900
2222600,577900
2222700,577900
2222800,577900
2222900,577900
2223000,577900
2223100,577900
2223200,577900
2223300,577900
2223400,549901
2223500,549901
2223600,549901
2223700,549901
2223800,549901
2223900,549901
2224000,549901
2224101,549901
2224102,549901
2224200,549901
2224300,549901
2224400,549901
2224500,549901
2224600,549901
2224701,549901
2224702,578200
2224800,549901
2224903,549901
2224904,549902
2224905,578200
2224906,578402
2225001,549901
2225002,549902
2225100,549901
2225200,578100
2225300,578100
2225400,578100
2225500,578100
2225600,578100
2225700,578100
2225800,578100
2225900,578100
2226000,578100
2226100,578200
2226200,578200
2226300,578200
2226400,578200
2226500,578200
2226600,578200
2226700,578200
2226800,578200
2226900,578200
2227000,578200
2227100,578200
2227200,578200
2227300,578200
2227400,578200
2227500,578200
2227600,578200
2227700,578200
2227800,578200
2227900,578200
2228000,578200
2228100,578200
2228200,578200
2228301,578200
2228302,578200
2228400,578200
2228501,578200
2228502,578402
2228600,578402
2228700,578200
2228800,578200
2228900,578200
2229001,578200
2229002,578401
2229100,578401
2229200,578401
2229300,578401
2229400,578401
2229500,578401
2229600,578401
2229701,578401
2229702,578200
2229801,578401
2229802,578200
2229901,578200
2229902,578402
2230000,578901
2230100,578902
2230200,578902
2230300,578901
2230400,578901
2230500,578901
2230600,578901
2230700,578902
2230800,578902
2230900,578902
2231001,578901
2231002,578901
2231100,578901
2231200,578901
2231300,578901
2231400,578901
2231500,578901
2231600,578901
2231700,578901
2231800,578901
2231900,578902
2232000,578902
2232100,578902
2232200,578902
2232300,578902
2232400,578902
2232500,578902
2232600,578902
2232700,578902
2232800,578902
2232900,578902
2233000,578902
2233100,578902
2233200,578902
2233300,578902
2233400,578902
2233500,578902
2233600,578902
2233700,578902
2233800,578902
2233900,578902
2234000,578902
2234100,578902
2234200,578902
2234301,578902
2234302,578902
2234400,578902
2234500,578902
2234600,578902
2234700,578901
2234801,578700
2234802,578901
2234900,578901
2235000,578901
2235100,578901
2235200,578901
2235300,578901
2235400,578902
2235500,578901
2235600,578700
2235700,578700
2235800,578700
2235900,578700
2236000,578700
2236100,578700
2236200,578700
2236300,578700
2236400,578700
2236500,578700
2236600,578700
2236700,578700
2236800,578700
2236900,578700
2237000,578700
2237100,578700
2237200,578700
2237300,578700
2237400,578700
2237500,578700
2237600,578700
2237700,578700
2237800,578700
2237900,578700
2238000,578700
2238100,578700
2238200,578700
2238300,578700
2238400,578700
2238500,578700
2238600,578700
2238700,578700
2238800,578700
2238900,578700
2239000,578700
2239100,578800
2239200,578800
2239300,578800
2239400,578800
2239500,578800
2239600,578800
2239700,578800
2239800,578800
2239900,578800
2240000,578800
2240100,578800
2240200,578800
2240300,578800
2240400,578800
2240500,578800
2240600,578800
2240700,578800
2240800,578800
2240900,578800
2241000,578800
2241100,578800
2241200,578800
2241301,578800
2241302,578800
2241400,578800
2241500,578800
2241600,578800
2241700,578800
2241800,578800
2241900,578800
2242000,578800
2242100,578800
2242200,578800
2242300,578800
2242400,578800
2242500,578600
2242600,578600
2242700,578600
2242800,578600
2242900,578600
2243000,578600
2243100,578600
2243200,578600
2243300,578600
2243400,578600
2243500,578600
2243600,578600
2243700,578600
2243800,578600
2243900,578600
2244000,578600
2244100,578600
2244200,578600
2244300,578600
2244400,578600
2244500,578600
2244600,578600
2244700,578600
2244800,578600
2244900,578600
2245000,578600
2245100,578600
2245200,578600
2245300,578600
2245400,578600
2245500,578600
2245600,578600
2245700,579000
2245800,579000
2245900,579000
2246000,579000
2246100,579000
2246200,579000
2246300,579000
2246400,579000
2246500,579000
2246600,579000
2246700,579000
2246800,579000
2246900,579000
2247000,579000
2247100,579000
2247200,579100
2247300,579100
2247400,579100
2247500,579100
2247600,579100
2247700,579100
2247800,579100
2247900,579100
2248000,579200
2248100,579200
2248200,579200
2248300,579200
2248400,579200
2248500,579200
2248600,579200
2248700,579200
2248800,579200
2248900,579200
2249000,579200
2249100,579200
2249200,579200
2249300,579200
2249400,579200
2249500,579200
2249600,579200
2249700,579200
2249800,579200
2249900,579200
2250000,579200
2250100,579200
2250200,579200
2250300,579200
2250400,579200
2250500,579200
2250600,579200
2250700,579200
2250800,579200
2250900,579200
2251000,579200
2251100,579200
2251200,579200
2251301,579200
2251302,579200
2251400,579200
2251500,579200
2251600,579200
2251700,579200
2251800,579200
2251900,579200
2252000,579200
2252100,579200
2252200,579200
2252300,578302
2252400,578302
2252501,578302
2252502,578302
2252600,578302
2252700,578302
2252800,578302
2252901,578401
2252902,578401
2253000,578401
2253100,578401
2253201,578302
2253202,578302
2253203,578302
2253300,578302
2253400,578302
2253501,578302
2253502,578302
2253503,578302
2253602,578401
2253603,578401
2253604,578401
2253605,578401
2253606,578401
2253700,578401
2253800,578401
2253900,578401
2254000,578301
2254101,578402
2254102,578402
2254201,578401
2254202,578401
2254301,578401
2254302,578401
2254303,578401
2254400,578401
2254500,578402
2254601,578402
2254602,578402
2254701,578402
2254702,578402
2254800,578402
2254900,578402
2255000,578402
2255100,578402
2255200,578402
2255300,578402
2255400,578402
2255500,578402
2255600,578402
2255700,578402
2255800,578402
2255900,578402
2256000,578402
2256100,578402
2256201,578402
2256202,578402
2256203,578402
2256204,578402
2256205,578402
2256206,578402
2256207,578402
2256208,578402
2256209,578402
2256300,578402
2256400,578402
2256500,578402
2256600,578402
2256700,578402
2256800,578402
2256900,578402
2257000,578301
2257100,578301
2257200,578301
2257300,578301
2257401,578402
2257402,578402
2257403,578402
2257404,578402
2257405,578402
2257406,578402
2257500,579700
2257600,579700
2257700,579700
2257800,579700
2257900,579700
2258000,579700
2258100,579700
2258200,579700
2258300,579700
2258400,579700
2258500,579700
2258600,579700
2258700,579700
2258800,579700
2258900,579700
2259000,579700
2259100,579700
2259200,579700
2259300,579700
2259400,579700
2259500,579700
2259600,579700
2259700,579700
2259800,579700
2259900,579700
2260000,579700
2260100,579700
2260200,579700
2260300,579700
2260400,579700
2260500,579700
2260600,579700
2260700,579700
2260800,579700
2260900,579700
2261000,579700
2261100,579700
2261200,579501
2261300,579501
2261400,579501
2261500,579501
2261600,579501
2261700,579502
2261800,579502
2261900,579502
2262000,579502
2262100,579502
2262200,579400
2262300,579400
2262400,579400
2262500,579502
2262600,579502
2262700,579502
2262800,579502
2262900,579502
2263000,579502
2263100,579502
2263200,579502
2263300,579502
2263400,579502
2263500,579502
2263600,579502
2263700,579502
2263800,579502
2263900,579502
2264000,579502
2264100,579502
2264200,579502
2264300,579502
2264400,579502
2264500,579502
2264600,579502
2264700,579502
2264800,579502
2264900,579502
2265000,579400
2265100,579501
2265200,579501
2265300,579501
2265400,579501
2265500,579501
2265600,579501
2265700,579501
2265800,579501
2265900,579900
2266000,579900
2266100,579900
2266200,579900
2266300,579900
2266400,579900
2266500,579900
2266600,579900
2266700,579900
2266800,579900
2266900,579900
2267000,579900
2267100,579900
2267200,579900
2267300,579900
2267400,579900
2267500,580000
2267600,580000
2267700,580000
2267800,580000
2267900,580000
2268000,580000
2268100,580000
2268200,580000
2268300,580000
2268400,580000
2268500,580000
2268601,580000
2268602,580000
2268700,580000
2268800,580000
2268900,580000
2269000,580000
2269100,580000
2269200,580000
2269300,580000
2269400,580000
2269500,580000
2269600,580000
2269700,580000
2269800,580000
2269900,579803
2270000,579803
2270100,579803
2270200,579803
2270300,579900
2270400,579803
2270500,579803
2270600,579803
2270700,579803
2270800,579803
2270900,579803
2271000,579803
2271100,579803
2271200,579803
2271300,579803
2271400,579803
2271500,579803
2271600,579803
2271700,579803
2271800,579803
2271901,579803
2271902,579803
2271903,579803
2272000,579803
2272100,579803
2272200,579803
2272300,579803
2272400,579803
2272501,579803
2272502,579803
2272601,579803
2272602,579803
2272701,579803
2272702,579804
2272800,579803
2272901,579803
2272902,579803
2273000,579803
2273101,579803
2273102,579803
2273201,579802
2273202,579802
2273300,579802
2273400,580100
2273500,580100
2273600,580100
2273700,580100
2273800,580100
2273900,580100
2274000,580100
2274100,580100
2274200,580100
2274300,580100
2274400,580100
2274500,580100
2274600,580100
2274700,580100
2274800,580100
2274900,580100
2275000,580100
2275101,580100
2275102,580100
2275103,580100
2275200,580100
2275300,580100
2275400,580100
2275500,579802
2275600,579802
2275700,579802
2275800,579802
2275900,579803
2276001,579803
2276002,579803
2276101,579803
2276102,579803
2276103,579803
2276104,580100
2276200,579803
2276300,579803
2276400,579803
2276500,579803
2276600,579802
2276701,579803
2276702,579803
2276800,579803
2276901,579803
2276902,579803
2277000,579802
2277100,579802
2277200,579802
2277300,579802
2277400,580431
2277500,580431
2277600,580431
2277701,580449
2277702,580431
2277801,580449
2277802,580431
2277900,580449
2278000,580449
2278100,580449
2278200,580449
2278300,580431
2278400,580431
2278501,580448
2278503,580431
2278504,580431
2278505,580431
2278600,580448
2278700,580448
2278800,580448
2278901,580448
2278902,580448
2278903,580448
2278904,580448
2278905,580448
2278906,580448
2278907,580448
2279000,580448
2279101,580448
2279102,580448
2279103,580448
2279104,580448
2279200,580448
2279300,580446
2279400,580446
2279500,580446
2279601,580446
2279602,580446
2279603,580446
2279604,580446
2279702,581100
2279703,581100
2279704,580446
2279705,580446
2279803,580442
2279804,580442
2279805,580442
2279806,580442
2279807,580442
2279808,580442
2279809,580442
2279904,580446
2279905,580442
2279906,580442
2279907,580442
2280001,580446
2280003,580442
2280004,580442
2280006,580442
2280007,580442
2280008,580442
2280009,580442
2280010,580442
2280101,580446
2280102,580446
2280103,580446
2280104,580446
2280105,580446
2280200,580446
2280300,580446
2280401,580446
2280500,581100
2280601,581100
2280602,581100
2280603,581100
2280701,581100
2280702,581100
2280703,581100
2280704,581100
2280800,581100
2280901,581100
2280902,581100
2280903,581100
2281000,581100
2281100,581100
2281200,581100
2281300,581100
2281400,581100
2281500,581100
2281600,581100
2281700,581100
2281801,581100
2281802,581100
2281901,581100
2281902,581100
2281903,581100
2281904,581100
2282001,581100
2282002,581100
2282003,581100
2282101,581100
2282102,581100
2282103,581100
2282201,581100
2282202,581100
2282203,581100
2282300,581100
2282400,581100
2282501,581100
2282601,581100
2282602,581100
2282603,581100
2282700,581100
2282800,581100
2282901,581100
2282902,581100
2283101,580200
2283102,580200
2283200,580200
2283300,580200
2283400,580446
2283500,580446
2283600,580446
2283700,580446
2283800,580446
2283900,580446
2284001,580446
2284002,580446
2284100,580446
2284200,580446
2284300,580446
2284400,580446
2284501,581812
2284503,580446
2284504,580446
2284505,580446
2284506,580446
2284507,580446
2284601,580446
2284801,580446
2284900,580446
2285001,580446
2285002,580446
2285003,580446
2285004,580446
2285101,580446
2285200,580446
2285301,580446
2285400,580446
2285500,580446
2285601,580446
2285602,580446
2285603,580446
2285604,580446
2285701,580446
2285702,580446
2285703,580446
2285800,580446
2286002,580446
2286003,580446
2286004,580446
2286005,580446
2286006,580446
2286007,580446
2286008,580446
2286009,580446
2286010,580446
2286100,580446
2286200,580446
2286301,580446
2286302,580446
2286303,580446
2286404,580446
2286405,580446
2286406,580446
2286407,580446
2286501,580446
2286502,580446
2286503,580446
2286504,580446
2286601,580446
2286602,580447
2286700,580447
2286900,580447
2287001,580450
2287002,580449
2287100,580447
2287200,580450
2287300,580450
2287400,580450
2287501,580450
2287502,580447
2287600,580450
2287700,580450
2287800,580600
2287900,580420
2288000,580420
2288100,580420
2288200,580420
2288301,580452
2288302,580452
2288303,580452
2288304,580452
2288305,580452
2288306,580452
2288307,580450
2288308,580452
2288309,580452
2288310,580450
2288401,580450
2288403,580450
2288404,580452
2288501,580450
2288502,580450
2288601,580450
2288602,580450
2288700,580450
2288800,580450
2288900,580450
2289000,580450
2289100,580300
2289200,580300
2289302,580300
2289303,580300
2289304,580300
2289305,580300
2289400,580300
2289500,580300
2289601,580300
2289603,580300
2289604,580300
2289605,580300
2289700,580410
2289800,580410
2289900,580410
2290000,580410
2290100,580410
2290200,580410
2290300,580410
2290401,580410
2290402,580420
2290501,580420
2290502,580449
2290503,580410
2290601,580449
2290602,580449
2290702,580420
2290703,581210
2290704,581210
2290705,581210
2290706,581210
2290707,581210
2290800,580420
2290902,581210
2290903,580420
2290904,581210
2291000,581210
2291101,581210
2291102,581210
2291200,580420
2291301,580420
2291302,581210
2291303,581210
2291304,581210
2291305,581210
2291401,580449
2291402,581220
2291403,581220
2291404,581220
2291500,580449
2291600,580449
2291700,580432
2291801,580431
2291802,580431
2291901,580431
2291902,580431
2292000,580432
2292101,580451
2292102,580432
2292203,580420
2292204,581240
2292207,580432
2292208,580432
2292210,581260
2292213,580450
2292214,580451
2292215,581260
2292216,580432
2292217,581250
2292218,581250
2292219,581250
2292220,580432
2292221,580432
2292222,580432
2292223,580432
2292224,580432
2292302,580451
2292304,580451
2292400,581210
2292500,581210
2292600,581210
2292700,581210
2292800,581210
2292901,581210
2292902,581210
2293000,581210
2293101,581210
2293102,581210
2293201,581210
2293202,581210
2293300,581210
2293400,581210
2293500,581210
2293600,581210
2293700,581220
2293800,581220
2293900,581220
2294000,581220
2294100,581220
2294200,581220
2294300,581220
2294400,581220
2294500,581220
2294600,581220
2294700,581220
2294800,581230
2294900,581230
2295000,581230
2295100,581220
2295200,581220
2295300,581220
2295401,581220
2295402,581220
2295501,581220
2295502,581220
2295503,581220
2295601,581220
2295602,581220
2295701,581220
2295702,581220
2295801,581220
2295802,581220
2295803,581220
2295804,581220
2295805,581220
2295900,581220
2296000,581220
2296100,581230
2296200,581230
2296300,581230
2296400,581210
2296500,581210
2296600,581210
2296700,581210
2296800,581210
2296900,581210
2297000,581210
2297100,581230
2297200,581230
2297300,581230
2297400,581230
2297500,581230
2297600,581230
2297700,581230
2297800,581230
2297900,581230
2298000,581240
2298100,581240
2298201,581230
2298202,581240
2298300,581240
2298400,581230
2298501,581240
2298502,581230
2298600,581240
2298700,581230
2298801,581240
2298802,581230
2298900,581230
2299000,581230
2299100,581240
2299200,581240
2299300,581230
2299400,581230
2299500,581230
2299600,581230
2299700,581230
2299800,581230
2299900,581240
2300001,581240
2300002,581230
2300100,581230
2300200,581230
2300300,581230
2300400,581230
2300501,581230
2300502,581230
2300601,581210
2300602,581230
2300700,581240
2300800,581240
2300900,581240
2301000,581240
2301100,581240
2301200,581240
2301300,581240
2301400,581240
2301500,581240
2301600,581240
2301700,581240
2301800,581240
2301900,581240
2302000,581240
2302100,581250
2302200,581250
2302300,581250
2302400,581250
2302500,581250
2302600,581250
2302700,581240
2302800,581240
2302900,581240
2303001,581240
2303002,581240
2303100,581240
2303200,581250
2303300,581250
2303400,581250
2303501,581250
2303502,581250
2303503,581250
2303504,581250
2303505,581250
2303600,581250
2303700,581250
2303800,581250
2303900,581250
2304000,581250
2304100,581250
2304200,581250
2304300,581250
2304400,581250
2304502,581250
2304504,581250
2304505,581250
2304506,581250
2304507,581250
2304508,581250
2304600,581250
2304700,581260
2304800,581250
2304900,581250
2305000,581250
2305100,581250
2305200,581250
2305300,581250
2305400,581250
2305500,581260
2305600,581260
2305700,581260
2305800,581260
2305900,581260
2306000,581260
2306100,581260
2306200,581260
2306300,581260
2306400,581260
2306501,581260
2306502,581260
2306605,581260
2306606,581260
2306607,581260
2306609,581260
2306610,581260
2306611,581260
2306612,581260
2306613,581260
2306614,581260
2306615,581260
2306616,581260
2306617,581260
2306618,581260
2306620,581260
2306621,581260
2306622,581260
2306623,580420
2306700,581260
2306800,581260
2306900,581260
2307000,581260
2307100,581260
2307201,581260
2307202,581260
2307203,581260
2307204,581260
2307205,581260
2307301,581260
2307302,581260
2307303,581260
2307400,580801
2307500,580801
2307600,580801
2307700,580801
2307800,580801
2307900,580801
2308000,580801
2308100,580801
2308202,580600
2308203,580900
2308204,580600
2308300,580801
2308400,580802
2308500,580802
2308600,580802
2308700,580801
2308800,580801
2308900,580801
2309000,580802
2309100,580802
2309200,580802
2309300,580801
2309400,580801
2309500,580801
2309600,580801
2309700,580801
2309800,580801
2309900,580801
2310001,580801
2310002,580801
2310100,580801
2310200,580801
2310300,580801
2310400,580801
2310500,580801
2310600,580801
2310701,581500
2310702,585601
2310800,585601
2310900,581500
2311000,581500
2311100,585506
2311200,585506
2311300,581500
2311400,581500
2311501,581500
2311502,585506
2311600,581500
2311700,581400
2311801,581400
2311802,581400
2311900,581400
2312000,581400
2312100,581400
2312200,581400
2312300,581400
2312400,581400
2312500,581400
2312600,581400
2312700,581400
2312801,581400
2312802,581400
2312900,581400
2313000,581400
2313100,581400
2313200,581500
2313300,581500
2313400,581400
2313500,581400
2313600,581500
2313700,581500
2313800,581500
2313900,581500
2314000,581500
2314100,581500
2314200,581500
2314300,581500
2314400,581500
2314500,581500
2314600,581500
2314700,581500
2314800,581500
2314900,581500
2315000,581500
2315100,581500
2315200,581500
2315300,581500
2315400,582000
2315500,582000
2315600,582000
2315700,582000
2315801,582000
2315802,582000
2315901,582000
2315902,582000
2316002,582100
2316101,582100
2316102,582100
2316103,582100
2316104,582100
2316201,582100
2316202,582100
2316203,582100
2316204,582100
2316205,582100
2316206,582100
2316207,582100
2316301,582100
2316302,582100
2316303,582100
2316400,582100
2316501,582100
2316502,582100
2316503,582100
2316600,582100
2316700,582100
2316802,582100
2316803,582100
2316804,582100
2316900,582300
2317000,582300
2317100,582300
2317200,582300
2317300,582300
2317400,582300
2317500,582300
2317600,582300
2317700,582300
2317800,582300
2317900,582300
2318000,582300
2318100,582300
2318200,582300
2318300,582300
2318400,582300
2318500,582300
2318600,582300
2318700,582300
2318800,582300
2318900,582500
2319000,582500
2319100,582500
2319200,582500
2319300,582500
2319400,582500
2319500,582500
2319600,582500
2319700,582500
2319800,582500
2319900,582500
2320000,582500
2320100,582500
2320200,582500
2320300,582500
2320400,582500
2320500,582500
2320600,582500
2320700,582500
2320800,582500
2320900,582500
2321000,582500
2321100,582600
2321200,582600
2321300,582600
2321400,582600
2321500,582600
2321600,582800
2321700,582800
2321800,582800
2321900,582800
2322000,582800
2322100,582800
2322200,582800
2322300,582800
2322400,582800
2322500,582800
2322600,582800
2322700,582800
2322800,582800
2322900,582800
2323000,582800
2323100,582800
2323200,582900
2323300,582900
2323400,582900
2323500,582900
2323600,582900
2323700,582900
2323800,582900
2323900,582900
2324000,582900
2324100,582900
2324200,582900
2324300,582900
2324400,583300
2324500,583300
2324600,583300
2324700,583300
2324800,583300
2324900,583300
2325000,582200
2325100,582200
2325202,582401
2325300,582401
2325400,582401
2325500,582401
2325600,582401
2325700,582401
2325800,582402
2325900,582402
2326001,582401
2326002,582401
2326101,582401
2326102,582401
2326103,582401
2326104,582401
2326201,582402
2326202,582402
2326300,582402
2326400,582402
2326500,582401
2326600,582401
2326700,582401
2326801,582401
2326802,582401
2326900,582402
2327001,582402
2327002,582402
2327100,582402
2327200,582402
2327301,582402
2327302,582402
2327303,582402
2327400,582402
2327500,582402
2327601,582402
2327602,582402
2327605,582402
2327606,582402
2327607,582402
2327608,582402
2327609,582402
2327610,582402
2327700,582402
2327802,582402
2327803,582402
2327804,582402
2327805,582402
2327900,583201
2328000,583201
2328100,583201
2328200,583201
2328300,583201
2328400,583201
2328500,583201
2328600,583201
2328700,583201
2328801,583201
2328802,583201
2328900,583202
2329000,583202
2329100,583201
2329200,583201
2329300,583201
2329400,583201
2329500,583202
2329600,583202
2329700,583202
2329800,583202
2329900,583202
2330000,583202
2330100,583202
2330200,583202
2330300,583202
2330400,583202
2330500,583202
2330600,583300
2330700,583300
2330800,583300
2330900,583300
2331001,583300
2331002,583300
2331100,583300
2331200,583300
2331300,583300
2331401,583300
2331402,583300
2331403,583300
2331500,582700
2331600,582700
2331700,582700
2331800,582700
2331900,582700
2332000,582700
2332100,582700
2332200,582700
2332300,582700
2332400,582700
2332500,583400
2332600,583400
2332701,583400
2332702,583400
2332801,583400
2332802,583400
2333000,583000
2333100,583000
2333200,583000
2333300,583000
2333400,583000
2333500,583000
2333600,583000
2333700,583000
2333800,583000
2333900,583000
2334001,583000
2334002,583000
2334003,583000
2334004,583000
2334005,583000
2334006,583000
2334100,583000
2334200,583000
2334301,583100
2334302,583100
2334303,583100
2334304,583100
2334400,583100
2334500,583100
2334600,583100
2334701,583100
2334702,583100
2334703,583100
2334704,583100
2334800,583100
2334900,583100
2335000,583100
2335100,583100
2335200,583100
2335301,583100
2335302,583100
2335400,583100
2335500,583100
2335601,583100
2335602,583100
2335603,583100
2335604,583100
2335701,583500
2335702,583500
2335703,583500
2335704,583500
2335801,583500
2335802,583500
2335803,583500
2335900,583500
2336001,583500
2336002,583500
2336103,583500
2336105,584000
2336106,584000
2336201,584000
2336300,584000
2336400,583500
2336500,583600
2336601,583700
2336602,583700
2336701,583700
2336702,583700
2336801,583700
2336803,583700
2336804,583700
2336806,583700
2336807,583700
2336808,583700
2336900,583700
2337001,583700
2337002,583700
2337003,583700
2337004,583700
2337101,583700
2337102,583700
2337103,583700
2337200,583700
2337301,583700
2337302,583700
2337400,583700
2337500,583700
2337600,583700
2337700,583700
2337800,583700
2337900,583700
2338000,583700
2338100,583700
2338200,583700
2338300,583700
2338400,583700
2338500,583800
2338600,583800
2338700,583800
2338800,583800
2338900,583800
2339000,583800
2339100,583800
2339200,583800
2339300,583800
2339400,583800
2339500,583800
2339600,583800
2339700,583800
2339800,583800
2339900,583800
2340000,583800
2340100,583800
2340201,583700
2340202,583700
2340203,583800
2340301,583500
2340302,583600
2340400,583600
2340500,583600
2340600,583600
2340700,583600
2340801,584000
2340802,584000
2340803,584000
2340900,584000
2341000,584000
2341100,584000
2341200,584000
2341300,584000
2341400,584000
2341500,584000
2341600,584000
2341700,584000
2341800,584000
2341900,584000
2342000,584000
2342100,584000
2342200,584000
2342300,584000
2342400,584000
2342500,584000
2342600,584000
2342700,583900
2342800,583900
2342900,583900
2343000,583900
2343100,583900
2343200,583900
2343300,583900
2343400,583900
2343500,583900
2343600,583900
2343701,583900
2343702,583900
2343800,583900
2343900,583900
2344000,583900
2344100,583900
2344200,583900
2344300,583900
2344400,583900
2344501,583900
2344502,583900
2344600,583900
2344700,581602
2344800,581602
2344901,581602
2344902,581602
2345000,581602
2345100,581602
2345200,581602
2345300,581602
2345400,581602
2345501,581601
2345502,581602
2345601,581601
2345602,581601
2345700,581602
2345800,581601
2345901,581602
2345902,581602
2345903,581602
2346000,581602
2346100,581601
2346200,581601
2346301,581601
2346302,581601
2346400,581601
2346500,581601
2346600,581601
2346702,581601
2346703,581601
2346704,581601
2346705,581601
2346706,581601
2346707,581601
2346708,581601
2346709,581601
2346800,581601
2346900,581601
2347001,581601
2347002,581601
2347003,581601
2347004,581601
2347100,581601
2347200,581601
2347300,581601
2347400,581601
2347500,581601
2347600,581601
2347700,581601
2347801,581601
2347802,581601
2347900,581601
2348000,581601
2348100,581601
2348201,581601
2348300,581601
2348400,581601
2348500,581601
2348602,581601
2348603,581601
2348604,581601
2348606,581601
2348607,581601
2348700,581601
2348800,581601
2348900,581601
2349000,581601
2349100,581601
2349200,581601
2349300,581601
2349400,581601
2349500,581601
2349600,581601
2349700,581601
2349801,584407
2349802,581601
2349905,581601
2350000,581833
2350100,581825
2350201,581825
2350202,581825
2350203,581825
2350204,581825
2350301,581825
2350302,581825
2350306,581825
2350307,581825
2350308,581825
2350400,581825
2350500,581825
2350601,581825
2350701,581825
2350703,581836
2350705,581836
2350800,581836
2350900,581836
2351000,581836
2351100,581836
2351200,581836
2351300,581836
2351400,581836
2351500,581836
2351600,581836
2351700,581836
2351800,581836
2351900,581836
2352000,581836
2352100,581836
2352200,581836
2352300,581836
2352400,581836
2352500,581836
2352600,581836
2352700,581836
2352800,581836
2352900,581836
2353000,581836
2353100,581836
2353200,581836
2353301,581836
2353302,581836
2353303,581836
2353400,581823
2353500,581836
2353601,581836
2353602,581836
2353700,581836
2353800,581836
2353900,581836
2354000,581823
2354101,581823
2354104,581823
2354105,581823
2354106,581823
2354107,581823
2354108,581823
2354109,581823
2354110,581823
2354111,581823
2354112,581823
2354113,581823
2354114,581823
2354115,581823
2354200,581823
2354301,581823
2354302,581823
2354303,581823
2354401,581823
2354402,581823
2354403,581823
2354501,581823
2354502,581823
2354503,581823
2354504,581823
2354600,581823
2354701,581836
2354702,581823
2354801,581836
2354802,581823
2354900,581836
2355000,581836
2355100,581836
2355202,581836
2355203,581836
2355204,580450
2355301,581822
2355303,581822
2355304,581822
2355305,581822
2355400,581822
2355500,581822
2355601,581822
2355602,581836
2355701,581822
2355702,581822
2355703,581822
2355800,581822
2355900,581836
2356000,581836
2356100,581836
2356200,581836
2356300,581836
2356401,581836
2356402,581836
2356500,581836
2356600,581836
2356700,581836
2356800,581836
2356900,581836
2357000,581836
2357101,581725
2357102,581724
2357201,581726
2357202,581726
2357300,581726
2357400,581726
2357500,581726
2357600,581726
2357701,581834
2357703,581836
2357800,581720
2357900,581720
2358001,581726
2358002,581720
2358100,581726
2358200,581726
2358300,581717
2358400,581717
2358501,581717
2358502,581720
2358600,581720
2358700,581720
2358800,581720
2358900,581720
2359000,581720
2359100,581720
2359201,581717
2359202,581720
2359300,581811
2359402,584201
2359404,581715
2359407,581723
2359408,581721
2359501,581723
2359504,581723
2359505,581723
2359506,581723
2359507,581723
2359508,581723
2359509,581723
2359510,581723
2359511,581723
2359512,581723
2359513,581723
2359601,581723
2359603,581723
2359604,581723
2359605,581723
2359702,583900
2359703,581715
2359706,581715
2359708,581715
2359709,581715
2359711,581715
2359712,581715
2359713,581715
2359714,581715
2359715,581715
2359716,581715
2359717,581715
2359718,581715
2359719,581715
2359720,581715
2359721,581715
2359722,581715
2359723,581715
2359724,581715
2359725,581715
2359800,583900
2359903,583300
2359904,583300
2359905,583700
2359906,583700
2360001,581812
2360002,581812
2360003,581811
2360100,581713
2360200,581713
2360300,581713
2360400,582000
2360501,582100
2360502,582900
2360602,582600
2360603,582900
2360604,582100
2360605,582100
2360700,581812
2360800,581812
2360901,581812
2360902,581812
2360903,581812
2360904,581812
2360905,581812
2361001,581812
2361002,580446
2361100,584201
2361200,584201
2361300,584201
2361400,584201
2361500,584201
2361600,584201
2361700,584201
2361800,584201
2361900,584201
2362000,584201
2362100,584201
2362200,584201
2362300,584201
2362400,584201
2362500,584201
2362600,584201
2362700,584201
2362800,584201
2362900,584201
2363000,584201
2363101,584201
2363102,584201
2363204,584201
2363206,584201
2363207,584201
2363208,584201
2363209,584201
2363210,584201
2363211,584201
2363212,584201
2363213,584201
2363214,584201
2363215,584201
2363216,584201
2363217,584201
2363218,584201
2363301,584201
2363302,584201
2363400,584201
2363500,584201
2363600,584201
2363700,584201
2363800,584201
2363901,584201
2363902,584201
2364000,584202
2364100,584202
2364200,584202
2364300,584202
2364400,584202
2364500,584202
2364600,584202
2364700,584202
2364800,584202
2364900,584202
2365001,584202
2365002,584202
2365100,584202
2365200,584202
2365300,584201
2365400,584201
2365501,584202
2365503,584202
2365504,584202
2365505,584202
2365600,584202
2365703,584202
2365704,584202
2365705,584202
2365707,584202
2365708,584202
2365709,584202
2365710,584202
2365711,584202
2365712,584202
2365713,584202
2365714,584202
2365800,584202
2365900,584202
2366000,584202
2366103,584202
2366104,584202
2366106,584202
2366107,584202
2366108,584202
2366109,584202
2366110,584202
2366201,584202
2366202,584202
2366203,584202
2366301,584202
2366303,584202
2366304,584202
2366305,584202
2366306,584202
2366401,584202
2366403,584202
2366404,584202
2366405,584202
2366501,581832
2366502,581832
2366600,581832
2366700,581832
2366800,581832
2366901,581832
2366902,581832
2366903,581832
2366904,581832
2366905,581832
2366906,581832
2366907,581832
2366908,581832
2367001,581833
2367002,581833
2367100,581832
2367201,581832
2367202,581832
2367302,581833
2367303,581833
2367304,581833
2367400,581833
2367500,581833
2367600,581832
2367700,581850
2367800,581850
2367900,581850
2368000,581850
2368100,581850
2368200,581850
2368300,581833
2368400,581833
2368500,581850
2368600,581833
2368700,581833
2368800,581833
2368901,581850
2368902,581850
2369000,581850
2369100,581850
2369200,581850
2369300,581850
2369400,581850
2369500,581850
2369600,581833
2369700,581833
2369800,581833
2369900,581833
2370000,581833
2370100,581833
2370200,581833
2370300,581833
2370400,581841
2370500,584303
2370601,584301
2370602,584301
2370700,584301
2370800,584301
2370900,584301
2371000,584301
2371100,584301
2371200,581833
2371300,581833
2371400,581833
2371500,581833
2371600,581833
2371700,581833
2371800,581833
2371900,581833
2372000,581833
2372100,581833
2372200,581833
2372301,581833
2372302,581833
2372401,581833
2372402,581833
2372500,581833
2372600,584301
2372700,584301
2372801,584301
2372803,584303
2372804,584305
2372900,581833
2373000,581833
2373100,581833
2373200,581833
2373300,581833
2373400,581833
2373501,581833
2373600,581833
2373700,581833
2373800,581833
2373900,581833
2374000,581833
2374100,581833
2374200,581833
2374300,581841
2374400,581841
2374500,581844
2374600,581844
2374700,581841
2374800,581841
2374901,581841
2374902,581841
2375001,581841
2375002,581841
2375100,581841
2375202,580450
2375203,581841
2375204,581841
2375301,581841
2375302,581842
2375400,581841
2375500,581841
2375600,581841
2375700,581841
2375800,581844
2375900,581841
2376000,581841
2376101,581841
2376102,581842
2376201,581841
2376202,581842
2376300,584303
2376400,584303
2376500,584303
2376600,584303
2376701,584303
2376702,584303
2376801,584303
2376802,584303
2376900,584303
2377000,584301
2377100,584301
2377200,584301
2377300,584301
2377401,584301
2377402,584301
2377501,584301
2377502,584301
2377503,584301
2377504,584301
2377600,584301
2377700,584301
2377800,584303
2377901,584303
2377902,584303
2377903,584303
2378000,584303
2378101,584303
2378102,584303
2378201,584303
2378202,584303
2378300,584303
2378400,584303
2378501,584303
2378502,584303
2378503,584303
2378504,584303
2378505,584303
2378506,584303
2378507,584303
2378508,584303
2378509,584303
2378510,584303
2378511,584303
2378512,584303
2378513,584303
2378514,584303
2378600,584301
2378700,584301
2378800,584301
2378900,584301
2379000,584301
2379100,584301
2379200,584301
2379300,584301
2379400,584301
2379500,584301
2379600,584301
2379700,584301
2379800,584301
2379900,584301
2380000,584301
2380100,584301
2380200,584303
2380300,584303
2380400,584303
2380600,581842
2380700,581842
2380800,581842
2380900,581842
2381000,581842
2381100,581842
2381200,581843
2381300,581843
2381400,581843
2381500,581843
2381600,581843
2381700,581843
2381800,581843
2381900,581842
2382000,581843
2382100,581843
2382200,581842
2382300,581842
2382400,581842
2382500,581842
2382601,581842
2382602,581842
2382700,581842
2382800,581842
2382900,581842
2383000,581842
2383101,581842
2383102,581842
2383103,581842
2383200,584407
2383300,584407
2383400,584402
2383500,584402
2383600,584402
2383700,584402
2383802,584407
2383803,584402
2383805,584402
2383900,584407
2384000,584407
2384101,584408
2384102,584408
2384200,584408
2384300,584408
2384400,584408
2384500,584408
2384600,584408
2384700,584403
2384800,584403
2384900,584403
2385000,584403
2385100,584403
2385200,584403
2385300,584404
2385400,584404
2385500,584404
2385600,584404
2385700,584404
2385800,584409
2385900,584409
2386000,584409
2386100,584412
2386200,584412
2386300,584412
2386400,584409
2386500,584409
2386600,584409
2386700,584409
2386800,584409
2386900,584409
2387000,584409
2387100,584409
2387200,584405
2387300,584405
2387400,584405
2387500,584405
2387601,584410
2387602,584405
2387700,584410
2387801,584410
2387802,584410
2387900,584410
2388000,584411
2388100,584411
2388200,584411
2388300,584411
2388400,584410
2388500,584410
2388600,584410
2388701,584410
2388702,584410
2388703,584410
2388704,584410
2388705,584410
2388706,584410
2388707,584410
2388800,584410
2388900,584500
2389000,584500
2389100,584500
2389200,584500
2389300,584500
2389400,584500
2389500,584500
2389600,584500
2389701,584500
2389702,584500
2389800,584500
2389900,584500
2390000,584500
2390100,584500
2390200,584500
2390300,584500
2390400,584500
2390500,584500
2390600,584500
2390700,584500
2390800,584500
2390900,584500
2391000,584500
2391100,584500
2391200,584500
2391300,584500
2391400,584500
2391500,584500
2391600,584500
2391700,584500
2391800,584500
2391900,584500
2392000,584500
2392100,584500
2392200,584500
2392300,584500
2392400,584500
2392500,584500
2392600,584500
2392700,584500
2392800,584500
2392900,584500
2393000,584500
2393100,584500
2393200,584500
2393300,584500
2393400,584500
2393500,584500
2393600,584500
2393700,584500
2393800,584500
2393900,584500
2394000,584500
2394100,584500
2394200,584500
2394300,584500
2394400,584500
2394600,584600
2394700,584600
2394800,584600
2394900,584600
2395000,584600
2395100,584600
2395200,584600
2395300,584600
2395400,584701
2395501,584701
2395502,584701
2395600,584600
2395700,584600
2395800,584600
2395900,584600
2396000,584600
2396100,584600
2396200,584600
2396300,584600
2396400,584600
2396500,584701
2396600,584701
2396700,584701
2396800,584701
2396900,584412
2397000,584412
2397100,584412
2397200,584412
2397300,584701
2397400,584701
2397500,584701
2397600,584701
2397700,584701
2397800,584702
2397901,584701
2397902,584701
2398000,584701
2398100,584703
2398200,584703
2398300,584703
2398400,584702
2398500,584702
2398600,584702
2398700,584702
2398800,584702
2398900,584702
2399000,584702
2399100,584702
2399200,584702
2399300,584938
2399400,584938
2399500,584703
2399600,584938
2399700,584938
2399800,584938
2399900,584938
2400000,584940
2400100,584938
2400200,584938
2400300,584938
2400400,584937
2400500,584937
2400600,584937
2400700,584937
2400800,584937
2400901,584937
2400902,584936
2401000,584936
2401101,584936
2401102,584937
2401201,584939
2401202,584939
2401203,584939
2401204,584939
2401205,584939
2401206,584939
2401207,584939
2401208,584939
2401209,584939
2401301,584939
2401303,584940
2401304,584940
2401401,584939
2401402,584939
2401500,584939
2401600,584939
2401700,584933
2401800,584933
2401900,584931
2402001,584931
2402002,585000
2402100,584922
2402200,584922
2402300,584922
2402400,584922
2402500,584922
2402600,584922
2402701,584932
2402702,584922
2402800,584922
2402901,585110
2402902,584923
2403002,584911
2403003,584932
2403004,585000
2403005,584923
2403006,584923
2403100,585110
2403200,584930
2403300,584930
2403400,584930
2403500,584930
2403600,584930
2403700,584930
2403800,584930
2403900,585110
2404000,585110
2404100,585110
2404200,585110
2404300,585110
2404400,585110
2404500,585110
2404600,585110
2404700,585110
2404800,585110
2404900,585110
2405000,585110
2405100,585110
2405200,585110
2405300,585110
2405400,585110
2405500,585110
2405600,585110
2405700,585110
2405800,585110
2405900,585130
2406000,585130
2406100,585130
2406200,585130
2406300,585130
2406401,585130
2406402,585140
2406500,585130
2406600,585130
2406700,585130
2406800,585130
2406900,585130
2407000,585130
2407100,585140
2407200,585140
2407300,585140
2407400,585140
2407500,585130
2407600,585130
2407700,585130
2407800,585130
2407900,585130
2408000,585130
2408100,585130
2408200,585130
2408300,585130
2408400,585130
2408500,585130
2408600,585130
2408700,585130
2408800,585130
2408900,585130
2409000,585130
2409100,585140
2409200,585120
2409300,585120
2409400,585120
2409500,585120
2409600,585120
2409700,585120
2409800,585120
2409900,585120
2410002,585140
2410003,585120
2410004,585140
2410100,585120
2410200,585140
2410300,585140
2410400,585140
2410500,585140
2410600,585140
2410700,585140
2410800,585120
2410900,585140
2411000,585140
2411100,585140
2411200,585140
2411300,585140
2411400,585140
2411500,585140
2411600,585140
2411700,585140
2411800,585140
2411900,585140
2412000,585140
2412100,585140
2412200,584800
2412300,584800
2412400,584800
2412500,584800
2412600,584800
2412700,584800
2412800,584800
2412900,584800
2413001,584911
2413002,584934
2413101,584911
2413102,584934
2413201,584934
2413202,585140
2413203,584911
2413302,585140
2413303,584800
2413304,584934
2413402,584912
2413403,584912
2413404,584912
2413405,584912
2413406,584935
2413500,584935
2413600,584912
2413701,584912
2413702,584912
2413800,585110
2413900,584912
2414000,584912
2414100,584912
2414200,584912
2414301,584935
2414302,584912
2414401,584912
2414402,584935
2414500,584935
2414600,584935
2414700,584939
2414900,585000
2415000,585000
2415100,585000
2415200,585000
2415300,585000
2415400,585000
2415500,585000
2415600,585000
2415700,585000
2415800,585000
2415901,585000
2415902,585000
2416000,585000
2416100,585000
2416200,585000
2416300,585000
2416402,609011
2416403,585325
2416404,585325
2416500,585325
2416601,585325
2416602,585325
2416603,585325
2416700,585325
2416801,585324
2416802,585324
2416803,585324
2416901,585323
2416902,585313
2417000,585323
2417100,585324
2417200,585313
2417300,585313
2417400,585313
2417502,585321
2417600,585321
2417701,585321
2417800,585321
2417900,585321
2418000,585321
2418103,585312
2418104,585322
2418105,585322
2418106,585312
2418107,585312
2418202,585312
2418203,585322
2418204,585322
2418300,585312
2418402,585312
2418403,585322
2418404,585312
2418500,585320
2418600,585320
2418700,585320
2418800,585311
2418900,585311
2419000,585311
2419100,585311
2419200,585311
2419301,585311
2419302,585311
2419400,585309
2419500,585309
2419600,585309
2419700,585309
2419800,585319
2419901,585317
2419903,585319
2419904,585319
2419905,585319
2420000,585317
2420100,585317
2420200,585318
2420300,585318
2420400,585318
2420500,585318
2420600,585318
2420700,585318
2420800,585307
2420900,585307
2421000,585307
2421100,585307
2421201,585307
2421202,585307
2421301,585317
2421302,585317
2421303,585307
2421304,585317
2421402,585318
2421403,585317
2421404,585318
2421500,585316
2421600,585316
2421700,585316
2421800,585317
2421900,585306
2422000,585306
2422100,585306
2422200,585306
2422300,585306
2422400,585314
2422500,585314
2422600,585314
2422700,585315
2422800,585315
2422900,585315
2423000,585400
2423100,585400
2423200,585400
2423300,585400
2423400,585400
2423500,585400
2423600,585400
2423700,585400
2423800,585400
2423900,585400
2424000,585400
2424100,585400
2424200,585400
2424300,585400
2424400,585400
2424500,585400
2424600,585400
2424700,585400
2424800,585400
2424900,585400
2425000,585400
2425100,585400
2425200,585400
2425300,585400
2425400,585400
2425500,585400
2425600,585400
2425700,585400
2425800,585400
2425900,585400
2426000,585400
2426100,585400
2426200,585400
2426300,585400
2426400,585400
2426501,585506
2426502,580900
2426601,585506
2426602,580900
2426700,585506
2426801,585506
2426802,580900
2426900,585506
2427002,585502
2427003,585502
2427004,585502
2427005,585506
2427006,585502
2427007,585502
2427008,585506
2427101,585502
2427102,585502
2427201,585502
2427202,585502
2427203,585502
2427300,585502
2427400,585502
2427500,585502
2427601,585506
2427603,585506
2427604,585502
2427700,585506
2427801,580900
2427802,585506
2427803,580801
2427804,585506
2427900,585506
2428001,585506
2428002,585506
2428100,585506
2428200,585506
2428300,585506
2428401,580801
2428402,585506
2428500,585506
2428600,585506
2428700,585506
2428801,585506
2428802,585506
2428900,585506
2429000,585506
2429101,585505
2429102,585505
2429200,585505
2429301,585505
2429302,585505
2429400,585506
2429500,585504
2429600,585504
2429700,585504
2429801,585506
2429802,585506
2429900,585506
2430000,585506
2430101,585506
2430103,585504
2430104,585504
2430201,585504
2430202,585504
2430203,585504
2430300,585506
2430400,585504
2430500,585506
2430600,585506
2430701,585506
2430702,585506
2430800,585506
2430901,585506
2430902,585506
2431000,585601
2431100,585601
2431200,585601
2431300,585601
2431400,585601
2431500,585601
2431600,585601
2431700,585601
2431801,585601
2431802,585601
2431900,585601
2432000,585601
2432101,585601
2432102,585602
2432200,585601
2432301,585602
2432302,585602
2432402,585602
2432403,585602
2432404,585602
2432500,585601
2432603,585601
2432604,585601
2432605,585601
2432606,585602
2432607,585602
2432701,585601
2432702,585602
2432802,585601
2432803,585601
2432804,585601
2432805,585601
2432900,585601
2433001,585601
2433002,585601
2433101,585601
2433102,585601
2433201,585601
2433202,585601
2433301,585700
2433302,585700
2433400,585700
2433500,585700
2433600,585700
2433700,585700
2433800,585700
2433901,585700
2433902,585700
2434001,585700
2434002,585700
2434100,585700
2434200,585700
2434301,585700
2434302,585700
2434401,585700
2434402,585700
2434501,585700
2434502,585700
2434503,585700
2434504,585700
2434600,585700
2434701,585700
2434702,585700
2434800,585700
2434900,585700
2435001,585700
2435002,585700
2435003,585700
2435100,585700
2435200,585700
2435301,585700
2435302,585700
2435401,585700
2435402,585700
2435500,585700
2435601,585700
2435602,585700
2435701,585700
2435702,585700
2435801,585700
2435802,585700
2435900,585700
2436001,585700
2436002,585700
2436100,585700
2436201,585700
2436202,585700
2436203,585700
2436300,585700
2436400,585700
2436500,585700
2436600,585700
2436700,585700
2436800,585700
2436900,585700
2437000,585700
2437100,585700
2437201,585700
2437202,585700
2437203,585700
2437204,585700
2437301,585700
2437302,585700
2437401,585700
2437402,585700
2437403,585700
2437500,585700
2437601,585700
2437602,585700
2437700,585700
2437800,585700
2437900,585700
2438000,585700
2438101,585700
2438102,585700
2438201,585806
2438202,585700
2438301,585806
2438302,585803
2438401,585806
2438403,585806
2438404,585806
2438500,585806
2438601,585803
2438603,585807
2438604,585807
2438605,585807
2438701,585807
2438702,585807
2438803,585803
2438804,585807
2438805,585807
2438806,585807
2438807,585807
2438901,585807
2438902,585807
2439001,585803
2439002,585808
2439101,585803
2439102,585803
2439200,585803
2439303,585803
2439304,585803
2439305,585803
2439306,585803
2439402,585808
2439403,585808
2439404,585808
2439500,585808
2439601,585805
2439602,585805
2439603,585805
2439700,585803
2439802,585805
2439803,585803
2439804,585803
2439900,585808
2440001,585805
2440002,585805
2440003,585805
2440100,585805
2440200,585805
2440301,585808
2440302,585808
2440400,585805
2440500,585803
2440600,585803
2440700,585803
2440801,585803
2440802,585803
2440803,585802
2440900,585803
2441000,585803
2441101,585803
2441103,585803
2441104,585808
2441200,585803
2441300,585803
2441400,585802
2441500,585802
2441603,585802
2441605,585802
2441606,585802
2441607,585802
2441608,585802
2441609,585802
2441610,585802
2441701,585802
2441702,585802
2441703,585802
2441801,585802
2441802,585802
2441901,585802
2441902,585803
2442001,585802
2442002,585802
2442101,585803
2442102,585803
2442103,585803
2442200,585803
2442300,586306
2442401,586306
2442403,586306
2442404,586306
2442405,586306
2442500,586306
2442600,586306
2442700,586306
2442800,586306
2442900,586306
2443000,586306
2443100,586306
2443200,586306
2443300,586306
2443400,586306
2443500,586306
2443600,586306
2443700,586306
2443800,586306
2443900,586306
2444001,586306
2444002,586306
2444100,586306
2444200,586306
2444300,586306
2444400,586307
2444500,586307
2444600,586308
2444700,586307
2444800,586307
2444900,586308
2445000,586308
2445101,586308
2445102,586308
2445200,586303
2445300,586308
2445401,586308
2445402,586303
2445500,586308
2445600,586303
2445700,586303
2445800,586303
2445901,586303
2445902,586303
2446002,586307
2446003,586307
2446004,586308
2446005,586308
2446006,586307
2446007,586308
2446100,586308
2446203,586303
2446204,586303
2446205,586303
2446206,586303
2446207,586303
2446301,586308
2446302,586308
2446401,586127
2446406,586112
2446407,586112
2446408,586127
2446409,586112
2446410,586112
2446411,586112
2446412,586112
2446413,586112
2446414,586112
2446415,586112
2446416,586112
2446501,586127
2446502,586127
2446601,586128
2446602,586120
2446702,586112
2446703,586127
2446704,586124
2446802,586120
2446803,586124
2446804,586124
2446805,586124
2446806,586124
2446807,586124
2446903,586120
2446904,586120
2446905,586120
2446906,586120
2446910,586120
2446912,586120
2446913,586120
2446914,586120
2446915,586120
2446916,586120
2446917,586120
2447000,586408
2447101,586409
2447102,586409
2447103,586409
2447104,586409
2447105,586409
2447106,586409
2447107,586409
2447108,586409
2447109,586409
2447201,586001
2447203,586002
2447204,586002
2447301,586002
2447302,586002
2447401,586002
2447402,586002
2447501,586001
2447502,586002
2447604,586124
2447605,586126
2447606,586120
2447607,586120
2447608,586120
2447609,586120
2447701,586124
2447702,586126
2447800,586126
2447900,586129
2448000,586126
2448101,586126
2448102,586126
2448202,586305
2448204,586305
2448207,586305
2448208,586305
2448209,586305
2448210,586305
2448211,586305
2448212,586305
2448213,586305
2448214,586305
2448215,586305
2448216,586305
2448217,586305
2448301,586305
2448303,586306
2448304,586306
2448305,586305
2448307,586305
2448308,586306
2448401,586127
2448402,586127
2448501,586127
2448502,586127
2448503,586127
2448602,586303
2448603,586303
2448604,586303
2448605,586303
2448606,586303
2448607,586303
2448608,586303
2448609,586303
2448700,586303
2448800,586129
2448901,586304
2448903,586304
2448904,586304
2448905,586304
2449001,586304
2449002,586129
2449102,586130
2449103,586130
2449104,586130
2449105,586130
2449106,586129
2449107,586130
2449201,586304
2449202,586304
2449301,586304
2449302,586129
2449401,586129
2449402,586129
2449403,586129
2449501,586129
2449502,586129
2449503,586129
2449504,586129
2449600,586129
2449700,586129
2449800,586121
2449900,586121
2450001,586121
2450005,586306
2450006,586306
2450007,586121
2450008,586122
2450009,586122
2450010,586122
2450011,586122
2450012,586122
2450013,586122
2450014,586122
2450015,586122
2450016,586122
2450017,586122
2450018,586122
2450019,586122
2450020,586122
2450101,586121
2450102,586121
2450103,586121
2450104,586121
2450201,586121
2450209,586307
2450211,586307
2450212,586307
2450213,586307
2450214,586307
2450215,586307
2450216,586307
2450217,586307
2450218,586307
2450219,586121
2450220,586122
2450221,586122
2450222,586121
2450300,586121
2450400,586115
2450500,586115
2450601,586114
2450602,586114
2450702,586115
2450703,586114
2450704,586114
2450705,586114
2450802,586605
2450803,586114
2450804,586114
2450805,586114
2450806,586114
2450900,586408
2451000,586407
2451100,586407
2451201,586407
2451202,586407
2451300,586407
2451400,586408
2451500,586407
2451600,586407
2451700,586407
2451803,586407
2451804,586407
2451805,586407
2451806,586407
2451900,586407
2452000,586407
2452103,586407
2452104,586407
2452105,586407
2452106,586407
2452107,586407
2452200,586408
2452300,586408
2452400,586408
2452501,586408
2452502,586409
2452600,586408
2452700,586408
2452801,586408
2452802,586408
2452900,586409
2453000,586408
2453100,586403
2453201,586403
2453202,586403
2453203,586403
2453300,586403
2453400,586403
2453500,586403
2453600,586403
2453700,586403
2453800,586403
2453900,586403
2454001,586403
2454002,586403
2454101,586403
2454103,586405
2454104,586405
2454106,586405
2454107,586405
2454108,586405
2454109,586405
2454110,586405
2454111,586405
2454112,586405
2454200,586403
2454300,586403
2454400,586403
2454500,586403
2454600,586501
2454701,586504
2454702,586408
2454800,586504
2454901,586503
2454902,586504
2454904,586504
2454905,586503
2454906,586503
2455000,586503
2455101,586503
2455102,586503
2455201,586503
2455203,586503
2455204,586503
2455301,586501
2455303,586404
2455304,586404
2455401,586501
2455403,586404
2455404,586404
2455407,586404
2455408,586404
2455409,586404
2455410,586404
2455411,586404
2455412,586404
2455502,586405
2455503,586407
2455504,586501
2455505,586501
2455601,586604
2455602,586604
2455603,586604
2455704,586604
2455705,586603
2455706,586604
2455707,586603
2455708,586604
2455800,586604
2455900,586604
2456001,586603
2456002,586603
2456003,586603
2456004,586604
2456101,586603
2456102,586603
2456200,587902
2456301,586501
2456302,586501
2456400,586501
2456501,586501
2456502,586501
2456600,586501
2456700,586501
2456800,590400
2456901,586605
2456902,586606
2457001,586605
2457002,586605
2457003,586605
2457004,586605
2457102,586605
2457103,586605
2457105,586603
2457106,586603
2457203,586603
2457204,586603
2457205,586603
2457206,586603
2457207,586603
2457208,586603
2457209,586603
2457210,586603
2457211,586603
2457301,586605
2457302,586606
2457303,586605
2457401,586605
2457402,586606
2457403,586603
2457405,586603
2457406,586603
2457501,586606
2457502,586606
2457504,586605
2457505,586606
2457506,586606
2457507,586606
2457600,586801
2457701,586801
2457702,586802
2457801,586802
2457802,586802
2457900,586801
2458001,586802
2458002,586802
2458100,586802
2458200,586802
2458301,586802
2458302,586802
2458303,586802
2458400,586801
2458500,586802
2458600,586801
2458700,586801
2458800,586801
2458900,586801
2459000,586802
2459100,586802
2459200,586801
2459300,586801
2459400,586801
2459500,586801
2459601,586801
2459602,586801
2459700,586801
2459800,586801
2459901,586801
2459902,586802
2460000,586801
2460101,586802
2460102,586802
2460200,586802
2460300,587100
2460400,587100
2460501,587100
2460502,587100
2460600,587100
2460700,587100
2460800,587100
2460900,587100
2461000,587100
2461100,587100
2461200,587100
2461300,587100
2461400,587100
2461500,587100
2461600,587100
2461700,587100
2461800,587100
2461900,587100
2462000,587100
2462100,587100
2462200,587100
2462300,587100
2462400,587100
2462500,587100
2462600,587100
2462700,587100
2462800,587100
2462900,587100
2463000,587100
2463100,587100
2463200,587100
2463300,587100
2463400,587100
2463500,587100
2463600,587100
2463700,587100
2463800,587100
2463900,587010
2464000,587100
2464100,587100
2464200,587100
2464300,587100
2464400,587100
2464500,587100
2464600,587100
2464700,587100
2464800,587100
2464900,587100
2465000,587100
2465100,587100
2465200,587100
2465300,587100
2465400,587100
2465500,587010
2465601,587010
2465602,586900
2465700,587010
2465800,587010
2465901,587010
2465902,586900
2466000,587010
2466100,587010
2466201,587010
2466202,587010
2466203,586900
2466204,586900
2466205,586900
2466206,586900
2466207,586900
2466208,587010
2466209,587010
2466210,587010
2466300,587010
2466400,587010
2466500,587010
2466600,587010
2466700,587100
2466800,587010
2466901,587010
2466902,587010
2467001,587010
2467002,587010
2467003,587010
2467004,587010
2467005,587010
2467006,587010
2467007,587010
2467008,587010
2467100,587010
2467200,587010
2467300,587010
2467400,587010
2467500,587010
2467600,587010
2467700,587010
2467800,587020
2467900,587020
2468000,587020
2468100,587020
2468200,587020
2468300,587020
2468400,587020
2468500,587020
2468600,587020
2468700,587020
2468800,587020
2468901,586900
2468902,586900
2468903,586900
2468904,586900
2468905,586900
2468906,586900
2469001,586900
2469002,586900
2469100,586900
2469200,586900
2469300,586900
2469400,586900
2469500,586900
2469600,586900
2469700,586900
2469800,586900
2469900,590701
2470000,590701
2470100,590701
2470200,590701
2470300,590701
2470400,590701
2470500,590701
2470600,590702
2470700,590702
2470800,590702
2470900,590702
2471000,590702
2471100,590702
2471200,590702
2471300,590702
2471400,590702
2471500,590702
2471600,590702
2471700,590702
2471800,590702
2471900,590702
2472000,590701
2472100,590701
2472200,590701
2472301,590701
2472302,590701
2472303,590701
2472304,590701
2472400,590701
2472500,590701
2472600,590701
2472700,590701
2472800,590800
2472900,590800
2473000,590800
2473100,590800
2473200,590800
2473300,590800
2473401,590800
2473402,590800
2473404,590800
2473405,590800
2473406,590800
2473500,590800
2473600,590800
2473700,590800
2473800,590800
2473901,590800
2473903,590800
2473904,590800
2473905,590800
2473906,590800
2474000,590800
2474100,590800
2474200,590800
2474300,590800
2474400,590701
2474500,590701
2474601,590701
2474602,590701
2474700,590800
2474801,590800
2474802,590800
2474902,590800
2474903,590800
2474904,590800
2475000,590800
2475100,590800
2475200,590800
2475300,590900
2475400,590900
2475500,590900
2475600,590900
2475700,590900
2475800,590900
2475900,590900
2476000,590900
2476100,590900
2476200,590900
2476301,590900
2476302,590900
2476400,590900
2476500,587701
2476600,587701
2476700,587701
2476800,587701
2476900,587701
2477000,587701
2477100,587701
2477200,587701
2477300,587701
2477400,587701
2477500,587701
2477601,587701
2477602,587701
2477603,587701
2477700,587701
2477800,587701
2477900,587701
2478000,587701
2478100,587701
2478200,587701
2478300,587701
2478401,587701
2478402,587701
2478500,587701
2478600,587701
2478700,587701
2478800,587701
2478900,587701
2479001,587701
2479002,587701
2479100,587701
2479200,587701
2479302,587701
2479303,587701
2479304,587701
2479305,587701
2479400,587701
2479500,587701
2479602,587701
2479603,587400
2479604,587400
2479700,587701
2479800,587701
2479900,587701
2480000,587701
2480100,587701
2480200,587702
2480301,587702
2480302,590300
2480400,587702
2480501,587702
2480502,590300
2480600,587702
2480700,587702
2480800,587702
2480900,587702
2481000,587702
2481101,587702
2481102,587702
2481103,587702
2481104,587702
2481105,587702
2481106,587702
2481200,587702
2481301,587702
2481302,587702
2481303,587702
2481304,587702
2481401,587702
2481402,587702
2481403,587702
2481404,587702
2481405,587702
2481406,587702
2481407,587702
2481408,587702
2481409,587702
2481410,587702
2481500,587702
2481603,587702
2481604,587702
2481605,587702
2481606,587303
2481700,587304
2481800,587304
2481900,587304
2482000,587304
2482100,587304
2482200,587304
2482300,587304
2482400,587303
2482500,587304
2482600,587304
2482700,587304
2482800,587304
2482900,587304
2483000,587304
2483100,587304
2483200,587304
2483300,587304
2483400,587304
2483500,587304
2483601,587303
2483602,587304
2483700,587304
2483803,587302
2483804,587302
2483805,587302
2483806,587302
2483807,587302
2483808,587302
2483809,587302
2483810,587302
2483811,587302
2483903,587302
2483904,587302
2483905,587302
2483907,587302
2483908,587302
2483909,587302
2483910,587302
2484001,587302
2484002,587302
2484101,587302
2484102,587302
2484201,587302
2484203,587302
2484204,587302
2484302,587845
2484303,587702
2484304,590300
2484401,587702
2484402,587845
2484502,587845
2484503,587845
2484504,587845
2484505,587845
2484506,587845
2484507,587845
2484508,587845
2484509,587845
2484510,587845
2484511,587845
2484512,587845
2484513,587845
2484514,587845
2484515,587702
2484516,587845
2484601,587847
2484602,587847
2484603,587847
2484604,587846
2484605,587846
2484606,587846
2484607,587846
2484608,587846
2484609,587846
2484610,587846
2484611,587846
2484612,587846
2484613,587846
2484614,587846
2484615,587846
2484616,587846
2484617,587846
2484618,587846
2484619,587846
2484620,587846
2484701,587303
2484703,587303
2484704,587303
2484705,587304
2484707,587303
2484708,587303
2484709,587303
2484804,587303
2484805,587304
2484807,587303
2484808,587303
2484809,587303
2484810,587303
2484811,587303
2484812,587303
2484900,587842
2485000,587842
2485100,587847
2485200,587847
2485300,587847
2485406,587844
2485407,587844
2485409,587844
2485410,587844
2485411,587844
2485412,587844
2485413,587844
2485414,587844
2485416,587844
2485417,587844
2485418,587844
2485419,587844
2485420,587844
2485421,587844
2485422,587844
2485423,587844
2485424,587844
2485425,587844
2485426,587844
2485427,587844
2485428,587844
2485429,587844
2485430,587844
2485431,587844
2485500,587842
2485600,587842
2485702,587903
2485703,587903
2485704,587903
2485705,587903
2485706,587903
2485707,587903
2485708,587903
2485709,587903
2485710,587903
2485711,587903
2485712,587903
2485801,587903
2485802,587903
2485900,587904
2486000,587904
2486100,587904
2486200,587905
2486300,587905
2486400,587905
2486500,587905
2486600,587904
2486702,587400
2486703,587812
2486704,587830
2486800,587400
2486901,587400
2486902,587812
2487001,587830
2487002,587830
2487003,587830
2487004,587830
2487005,587830
2487006,587830
2487100,587400
2487200,587400
2487300,587400
2487400,587830
2487500,587400
2487600,587400
2487700,587400
2487800,587400
2487900,587400
2488000,587400
2488101,587400
2488102,587400
2488201,587400
2488202,587400
2488300,587400
2488400,587400
2488500,587400
2488601,587400
2488602,587400
2488603,587400
2488604,587400
2488700,587400
2488801,587400
2488802,587812
2488900,587400
2489001,587400
2489002,587812
2489101,587400
2489102,587812
2489200,587400
2489300,587400
2489400,587400
2489500,587400
2489600,587500
2489700,587500
2489803,587500
2489804,587500
2489805,587500
2489806,587500
2489807,587500
2489900,587500
2490000,587500
2490100,587500
2490200,587500
2490300,587500
2490400,587500
2490500,587500
2490600,587500
2490700,587500
2490800,587500
2490900,587500
2491000,587500
2491100,587500
2491201,587500
2491203,587500
2491204,587500
2491300,587500
2491401,587500
2491402,587500
2491501,587500
2491502,587500
2491503,587500
2491504,587500
2491600,587500
2491700,587500
2491800,587500
2491900,587500
2492000,587500
2492100,587500
2492200,587500
2492300,587500
2492400,587500
2492501,587500
2492502,587500
2492503,587500
2492504,587500
2492600,587500
2492700,587500
2492800,587904
2492901,587904
2492903,587904
2492905,587904
2492906,587904
2492907,587904
2492908,587904
2493000,587904
2493101,587904
2493102,587904
2493103,587904
2493104,587904
2493105,587904
2493106,587904
2493107,587904
2493201,587904
2493202,587904
2493203,587904
2493300,587904
2493400,587904
2493500,587904
2493600,587904
2493701,587904
2493702,587904
2493801,587904
2493802,587904
2493901,587811
2493902,587811
2493903,587811
2494000,587811
2494100,587811
2494200,587811
2494300,587902
2494400,587821
2494500,587821
2494600,587821
2494700,587821
2494800,587811
2494900,587811
2495000,587811
2495101,587812
2495104,587812
2495105,587812
2495106,587812
2495108,587812
2495109,587812
2495110,587812
2495111,587812
2495112,587812
2495200,587812
2495300,587812
2495401,587812
2495402,587812
2495403,587812
2495404,587812
2495500,587821
2495600,587821
2495700,587821
2495800,587904
2495900,587821
2496003,587821
2496008,587822
2496009,587822
2496010,587822
2496011,587822
2496012,587822
2496013,587822
2496014,587822
2496015,587822
2496016,587822
2496017,587822
2496018,587822
2496019,587822
2496020,587822
2496021,587822
2496022,587822
2496023,587822
2496024,587822
2496100,587904
2496200,587822
2496300,587822
2496400,587822
2496500,587822
2496600,587822
2496701,587821
2496702,587849
2496800,587849
2496900,587904
2497000,587904
2497100,587821
2497200,587830
2497300,587830
2497401,587830
2497402,587830
2497500,587830
2497600,587830
2497700,587830
2497800,587830
2497900,587830
2498000,587821
2498100,587830
2498200,587830
2498300,587830
2498400,587830
2498501,587830
2498502,587830
2498601,587830
2498602,587500
2498700,587830
2498800,587830
2498901,587500
2498903,587830
2498904,587830
2498905,587830
2499000,587830
2499100,587830
2499200,587830
2499301,587849
2499302,587849
2499303,587849
2499304,587849
2499305,587849
2499306,587848
2499307,587848
2499308,587848
2499400,587842
2499502,587849
2499503,587848
2499504,587848
2499505,587848
2499506,587849
2499507,587849
2499508,587848
2499601,587848
2499602,587848
2499700,587848
2499801,587848
2499802,587848
2499803,587848
2499904,587848
2499905,587848
2499906,587848
2499907,587848
2499908,587848
2499909,587848
2499910,587848
2499911,587848
2499912,587849
2499913,587848
2499914,587848
2499915,587848
2499916,587848
2499917,587848
2499918,587848
2499919,587848
2500001,587848
2500002,587848
2500003,587848
2500004,587848
2500005,587848
2500006,587848
2500007,587849
2500100,587849
2500200,587849
2500300,587904
2500400,587849
2500500,587849
2500600,587904
2500700,587904
2500800,597200
2500900,597200
2501000,587849
2501100,587849
2501200,587904
2501300,587904
2501400,587904
2501500,587904
2501601,587904
2501602,587905
2501700,587904
2501800,590604
2501900,590604
2502001,590604
2502002,590604
2502100,590604
2502200,590604
2502302,590604
2502303,590604
2502304,590604
2502305,590604
2502306,590604
2502307,590604
2502308,590604
2502401,590604
2502402,590604
2502403,590604
2502501,590604
2502502,590604
2502503,590604
2502601,590604
2502602,590604
2502603,590604
2502700,590604
2502800,590604
2502900,590604
2503001,590604
2503002,590604
2503101,590604
2503102,590604
2503200,590604
2503302,590604
2503303,590604
2503304,590604
2503400,588101
2503501,590506
2503503,588101
2503504,590506
2503600,590506
2503701,590507
2503702,590501
2503800,590604
2503901,590604
2503903,590507
2503904,590507
2503905,590501
2503906,590604
2503907,590501
2503908,590501
2504001,590501
2504002,590501
2504003,590501
2504004,590501
2504005,590501
2504006,590501
2504007,590501
2504008,590501
2504009,590501
2504010,590501
2504011,590501
2504012,590501
2504013,590501
2504014,590501
2504106,590602
2504107,590602
2504108,590602
2504109,590602
2504110,590602
2504111,590602
2504112,590602
2504113,590602
2504114,590602
2504115,590602
2504202,590603
2504203,590603
2504205,590603
2504207,590603
2504208,590603
2504210,590603
2504211,590603
2504301,590603
2504302,590603
2504303,590603
2504304,590603
2504305,590603
2504306,590603
2504401,590602
2504402,590602
2504403,590602
2504500,590602
2504602,590602
2504603,590602
2504604,590602
2504707,590602
2504708,590602
2504709,590602
2504710,590602
2504711,590602
2504713,590603
2504714,590603
2504715,590603
2504716,590603
2504717,590603
2504718,590603
2504801,590603
2504803,595600
2504804,590603
2504805,590603
2504901,590602
2504902,590602
2505000,590501
2505101,590501
2505102,590501
2505103,590501
2505104,590501
2505202,590501
2505203,590501
2505204,590501
2505205,590501
2505206,590501
2505207,590501
2505208,590501
2505301,590602
2505302,590602
2505400,590501
2505500,590501
2505601,590501
2505603,590501
2505604,590501
2505701,590507
2505704,590505
2505705,590505
2505706,590505
2505707,590505
2505708,590505
2505709,590505
2505800,590501
2505900,590501
2506000,590501
2506100,590501
2506201,590505
2506202,590505
2506203,590505
2506301,590507
2506304,590505
2506305,590505
2506306,590505
2506307,590505
2506308,590505
2506401,590501
2506402,590505
2506502,590505
2506503,590505
2506504,590505
2506505,590505
2506506,590505
2506507,590505
2506600,590505
2506700,590506
2506800,590507
2506901,590507
2506903,590501
2506905,590501
2506906,590501
2506907,590501
2506908,590501
2506909,590501
2507000,590506
2507101,590504
2507102,590504
2507201,590504
2507202,590504
2507203,590504
2507204,590504
2507205,590504
2507206,590504
2507207,590504
2507300,590504
2507401,590504
2507402,590504
2507501,588102
2507502,588102
2507503,588102
2507504,588102
2507506,588102
2507507,588102
2507603,590506
2507604,590506
2507605,590506
2507606,590506
2507607,588102
2507608,588102
2507609,590506
2507700,590506
2507801,590504
2507803,588102
2507804,588102
2507900,590504
2508000,588102
2508101,588102
2508103,588102
2508104,588102
2508200,588102
2508301,588102
2508302,588102
2508400,588102
2508500,588102
2508600,588102
2508701,588102
2508702,588102
2508802,591900
2508803,588102
2508804,588102
2508900,588101
2509001,588102
2509002,588102
2509100,588102
2509201,588102
2509202,588102
2509303,588101
2509304,588101
2509305,588101
2509306,588101
2509307,588101
2509308,588101
2509309,588101
2509401,588101
2509402,588101
2509500,588101
2509600,588101
2509700,588101
2509805,588101
2509806,588101
2509807,588101
2509808,588101
2509809,588101
2509810,588101
2509811,588101
2509812,588101
2509813,588101
2509903,588101
2509904,588101
2509905,588101
2509906,588101
2509907,588101
2509908,588101
2509909,588101
2510001,588101
2510002,588101
2510003,588101
2510004,588101
2510005,588101
2510006,588101
2510007,588101
2510101,588101
2510102,588101
2510201,588101
2510202,588101
2510301,588300
2510302,588300
2510303,588300
2510304,588300
2510400,588300
2510500,588300
2510601,588300
2510602,588300
2510700,588300
2510800,588300
2510900,588300
2511001,588300
2511002,588300
2511003,588300
2511100,588300
2511200,588300
2511300,588300
2511400,588300
2511501,588300
2511503,588300
2511504,588300
2511505,588300
2511506,588300
2511507,588300
2511601,588300
2511603,588300
2511604,588300
2511605,588300
2511700,588300
2511800,588300
2511900,588300
2512000,588200
2512100,588200
2512200,588200
2512300,588200
2512400,588200
2512500,588200
2512601,588200
2512603,588200
2512604,588200
2512700,588200
2512801,588200
2512802,588200
2512803,588200
2512804,588200
2512805,588200
2512806,588200
2512807,588200
2512808,588200
2512809,588200
2512810,588200
2512900,588200
2513000,588200
2513100,588200
2513201,590400
2513202,590400
2513203,590400
2513204,590400
2513205,590400
2513300,590400
2513400,590400
2513501,590400
2513502,590400
2513504,590400
2513505,590400
2513506,590400
2513600,590400
2513700,590400
2513800,590400
2513900,590400
2514000,590400
2514100,590400
2514200,590400
2514300,590400
2514400,590400
2514500,590400
2514601,590400
2514602,590400
2514701,590400
2514702,590400
2514703,590400
2514704,590400
2514705,590400
2514706,590400
2514707,590400
2514800,590400
2514900,590400
2515000,590400
2515103,590400
2515105,590400
2515106,590400
2515107,590400
2515108,590400
2515109,588401
2515110,590400
2515111,588401
2515112,588401
2515201,590400
2515203,590400
2515204,588401
2515300,589100
2515400,589100
2515500,589100
2515600,589100
2515700,589100
2515800,589100
2515900,589100
2516000,589100
2516100,589100
2516200,589100
2516300,589100
2516401,589100
2516402,589100
2516403,589100
2516500,589100
2516601,589100
2516602,589100
2516700,589100
2516800,589000
2516900,589000
2517000,589000
2517100,589000
2517200,589000
2517300,589000
2517400,589000
2517500,589000
2517600,589000
2517700,589000
2517800,589000
2517900,589000
2518000,588900
2518100,588900
2518200,588900
2518300,588900
2518400,588900
2518504,588900
2518505,588900
2518506,588900
2518507,588900
2518508,588900
2518509,588900
2518510,588900
2518511,588900
2518512,588900
2518513,588900
2518514,588900
2518600,588900
2518700,588900
2518800,588900
2518900,588900
2519000,588900
2519101,588900
2519102,588900
2519201,588900
2519202,588900
2519203,588900
2519300,588900
2519401,588800
2519402,588800
2519403,588800
2519404,588800
2519405,588800
2519501,588800
2519502,588800
2519503,588800
2519504,588800
2519505,588800
2519506,588800
2519507,588800
2519508,588800
2519600,588800
2519700,588800
2519800,588800
2519900,588800
2520000,588800
2520100,588800
2520200,588800
2520300,588800
2520400,588800
2520500,588800
2520601,588800
2520602,588800
2520603,588800
2520701,588800
2520702,588800
2520703,588800
2520802,588800
2520803,588800
2520804,588800
2520805,588800
2520900,588800
2521000,588800
2521100,588800
2521200,588800
2521300,588700
2521400,588700
2521500,588700
2521600,588700
2521700,588700
2521800,588700
2521900,588700
2522000,588700
2522100,588700
2522200,588700
2522300,588700
2522400,588700
2522500,588700
2522600,588700
2522700,588700
2522800,588700
2522900,588700
2523000,588700
2523100,588700
2523200,588700
2523300,588700
2523400,588700
2523501,588600
2523502,588600
2523600,588600
2523700,588600
2523800,588600
2523900,588600
2524000,588600
2524102,588600
2524106,588600
2524107,588600
2524108,588600
2524109,588600
2524110,588600
2524111,588600
2524112,588600
2524201,588600
2524202,588600
2524203,588600
2524300,588600
2524400,588600
2524500,588600
2524601,588600
2524602,588600
2524603,588600
2524604,588600
2524605,588600
2524606,588600
2524607,588600
2524608,588600
2524701,588600
2524702,588600
2524800,588600
2524900,588600
2525000,588600
2525100,588600
2525203,588500
2525205,588500
2525206,588500
2525207,588500
2525208,588500
2525209,588500
2525210,588500
2525300,588500
2525400,588500
2525500,588500
2525600,588500
2525700,588500
2525800,588500
2525900,588500
2526000,588500
2526100,588500
2526200,588500
2526301,588500
2526302,588500
2526400,588500
2526500,588500
2526600,588500
2526701,588500
2526702,588500
2526703,588500
2526704,588500
2526705,588500
2526800,588500
2526900,588500
2527000,588500
2527100,588500
2527201,588500
2527202,588500
2527301,588500
2527302,588500
2527303,588500
2527304,588500
2527305,588500
2527306,588500
2527401,588500
2527402,588500
2527500,588500
2527601,588500
2527602,588500
2527700,588500
2527801,588402
2527804,588402
2527805,588402
2527806,588402
2527807,588402
2527900,588402
2528000,588402
2528100,588402
2528200,588402
2528300,588402
2528400,588402
2528501,588402
2528502,588402
2528503,588402
2528600,588402
2528701,588402
2528702,588402
2528703,588402
2528704,588402
2528801,588402
2528802,588402
2528803,588402
2528901,588402
2528902,588402
2528904,588401
2528905,588401
2528906,588401
2528907,588401
2528908,588401
2528909,588401
2528910,588401
2528912,588401
2528913,588401
2528914,588401
2529003,588401
2529004,588401
2529005,588401
2529006,588401
2529007,588401
2529008,588401
2529009,588401
2529010,588401
2529011,588401
2529012,588401
2529013,588401
2529014,588401
2529015,588401
2529016,588402
2529100,588402
2529200,588402
2529300,588402
2529400,589601
2529501,589601
2529502,589601
2529503,589601
2529601,589601
2529602,589601
2529603,589601
2529701,589601
2529704,589601
2529705,589601
2529706,589601
2529707,589601
2529803,589601
2529804,589601
2529805,589601
2529806,589601
2529807,589601
2529808,589601
2529900,589601
2530000,589602
2530101,589602
2530102,589602
2530200,589602
2530300,589602
2530400,589602
2530501,589602
2530502,589602
2530600,589602
2530700,589602
2530800,589602
2530900,589602
2531000,589602
2531100,589800
2531200,589800
2531300,589800
2531400,589800
2531500,589800
2531600,589800
2531700,589800
2531800,589800
2531900,589800
2532000,589800
2532100,589800
2532200,589800
2532300,589800
2532401,589800
2532402,589800
2532500,589800
2532600,589800
2532700,589800
2532800,589800
2532900,589800
2533000,589900
2533102,589900
2533104,589900
2533105,589900
2533106,589900
2533107,589900
2533108,589900
2533109,589900
2533110,589900
2533201,589900
2533202,589900
2533300,589900
2533400,589900
2533500,589900
2533600,589900
2533700,589900
2533800,589900
2533900,589900
2534000,589900
2534100,589900
2534200,589900
2534300,589900
2534400,589900
2534500,589900
2534600,589900
2534700,589900
2534800,589900
2534900,589900
2535001,589700
2535002,589700
2535003,589700
2535100,589700
2535200,589700
2535300,589700
2535400,589700
2535500,589700
2535600,589700
2535701,589700
2535702,589700
2535703,589700
2535800,589700
2535900,589700
2536000,589700
2536100,589700
2536200,589700
2536300,589700
2536400,589700
2536500,589700
2536600,589700
2536701,589700
2536702,589700
2536801,589700
2536802,589700
2536803,589700
2536900,589700
2537003,590000
2537004,590000
2537005,590000
2537006,590000
2537007,590000
2537008,590000
2537009,590000
2537100,590000
2537200,590000
2537300,590000
2537400,590000
2537500,590000
2537600,590000
2537701,590000
2537702,590000
2537800,590000
2537900,590000
2538000,590000
2538101,590000
2538103,590000
2538104,590000
2538201,590000
2538202,590000
2538203,590000
2538300,590000
2538400,590000
2538500,590000
2538601,590300
2538603,590300
2538604,590300
2538605,590300
2538606,590300
2538701,590300
2538702,590300
2538703,590300
2538800,590300
2538901,590300
2538902,590300
2539001,590300
2539002,590300
2539101,590300
2539102,590300
2539103,590300
2539203,590300
2539204,590300
2539205,590300
2539206,590300
2539300,590200
2539400,590200
2539500,590200
2539601,590200
2539602,590200
2539700,590200
2539800,590200
2539900,590200
2540000,590200
2540100,590200
2540200,590200
2540300,590200
2540400,590200
2540500,590200
2540600,590200
2540700,590200
2540800,590200
2540900,590100
2541000,590100
2541100,590100
2541200,590100
2541300,590100
2541400,590100
2541500,590100
2541600,590100
2541700,590100
2541800,590100
2541900,590100
2542001,590100
2542002,590100
2542100,590100
2542201,590100
2542202,590100
2542300,590100
2542401,590100
2542402,590100
2542500,590100
2542601,589400
2542602,589400
2542700,589400
2542800,589400
2542900,589400
2543000,589400
2543100,589400
2543201,589400
2543202,589400
2543203,589400
2543204,589400
2543300,589400
2543400,589400
2543501,589400
2543502,589400
2543503,589400
2543600,589400
2543700,589400
2543800,589400
2543900,589400
2544000,589400
2544100,589400
2544200,589400
2544300,589400
2544401,589500
2544402,589500
2544403,589500
2544404,589500
2544500,589500
2544600,589500
2544700,589500
2544800,589500
2544900,589500
2545000,589500
2545101,589500
2545102,589500
2545103,589500
2545200,589500
2545300,589500
2545400,589500
2545500,589300
2545600,589300
2545700,589300
2545800,589300
2545901,589300
2545902,589300
2546000,589300
2546100,589300
2546200,589300
2546300,589300
2546400,589300
2546500,589300
2546600,589300
2546700,589300
2546800,589300
2546900,589300
2547000,589300
2547100,589300
2547200,589300
2547300,589300
2547400,589300
2547500,589300
2547600,589200
2547700,589200
2547801,589200
2547802,589200
2547901,589200
2547902,589200
2548000,589200
2548100,589200
2548200,589200
2548300,589200
2548400,589200
2548501,589200
2548502,589200
2548503,589200
2548601,589200
2548602,589200
2548603,589200
2548604,589200
2548700,589200
2548801,589200
2548802,589200
2548803,589200
2548804,589200
2548900,589200
2549000,589200
2549100,589200
2549200,591101
2549300,591101
2549400,591101
2549500,591101
2549600,591101
2549700,591101
2549801,591101
2549802,591101
2549900,591101
2550000,591101
2550100,591101
2550203,591101
2550204,591101
2550205,591101
2550206,591101
2550207,591101
2550300,591101
2550400,591101
2550500,591101
2550600,591101
2550700,591101
2550800,591101
2550900,591102
2551000,591102
2551100,591102
2551200,591102
2551301,591102
2551302,591102
2551400,591102
2551500,591102
2551601,591101
2551604,591101
2551605,591101
2551606,591101
2551607,591101
2551608,591101
2551702,591101
2551703,591101
2551704,591101
2551705,591101
2551800,591102
2551900,591101
2552000,591102
2552100,591102
2552202,591102
2552204,591102
2552205,591102
2552206,591102
2552207,591102
2552208,591102
2552209,591102
2552210,591102
2552211,591102
2552212,591102
2552213,591102
2552214,591102
2552300,591102
2552400,591102
2552500,591102
2552600,591102
2552701,591102
2552703,591102
2552704,591102
2552705,591102
2552706,591102
2552707,591102
2552708,591102
2552709,591102
2552800,591102
2552901,591102
2552903,591102
2552904,591102
2552905,591102
2552906,591102
2552907,591102
2553000,594400
2553100,594400
2553200,594400
2553300,594400
2553402,594400
2553403,594400
2553404,594400
2553405,594400
2553500,591200
2553600,591200
2553702,591200
2553703,591200
2553704,591200
2553801,591200
2553802,591200
2553900,591200
2554002,591200
2554003,591200
2554004,591200
2554005,591200
2554100,591300
2554200,591200
2554300,591300
2554401,591300
2554402,596000
2554501,591300
2554502,591300
2554503,591300
2554504,591300
2554600,591300
2554700,591300
2554800,591300
2554900,591300
2555001,591300
2555002,596000
2555100,591300
2555200,591300
2555300,591300
2555400,591300
2555601,595900
2555602,595900
2555701,595900
2555702,595900
2555902,595900
2555903,595900
2555904,595900
2556000,595900
2556100,595900
2556200,595900
2556300,595900
2556400,595900
2556500,595900
2556600,595900
2556701,595900
2556702,595900
2556800,595900
2556901,595900
2556902,595900
2557000,595900
2557100,595900
2557200,595900
2557300,595900
2557400,595900
2557500,595800
2557600,595800
2557700,595800
2557800,595800
2557900,595800
2558000,595800
2558101,595800
2558102,595800
2558103,595800
2558104,595800
2558200,595800
2558300,595800
2558400,595800
2558500,595800
2558600,595800
2558700,595800
2558800,595800
2558900,595800
2559000,595800
2559100,595800
2559200,595800
2559300,595800
2559400,595800
2559500,595800
2559600,595800
2559700,595800
2559800,595700
2559900,595700
2560000,595700
2560100,595700
2560200,595700
2560300,595700
2560400,595700
2560500,595700
2560601,595700
2560602,595700
2560700,595700
2560801,595700
2560802,595700
2560803,595700
2560900,595700
2561000,595700
2561101,595700
2561102,595700
2561103,595700
2561200,595700
2561301,595700
2561302,595700
2561400,595700
2561501,595700
2561502,595700
2561600,595700
2561700,595700
2561801,595700
2561802,595700
2561803,595700
2561804,595700
2561901,595700
2561902,595700
2562001,595700
2562002,595700
2562003,595700
2562004,595700
2562102,595700
2562103,595700
2562104,595700
2562106,595700
2562107,595700
2562201,595700
2562202,595700
2562300,595700
2562400,595700
2562500,595700
2562600,595700
2562700,595700
2562800,595700
2562900,595600
2563000,595600
2563101,595600
2563102,595600
2563103,595600
2563104,595600
2563200,595600
2563300,595600
2563400,595700
2563500,595600
2563600,595600
2563700,595600
2563800,595600
2563900,595600
2564000,595600
2564100,595600
2564200,595600
2564300,595600
2564400,595600
2564500,595600
2564600,595600
2564700,595600
2564800,595600
2564901,595600
2564902,595600
2565000,595600
2565101,595600
2565102,595600
2565200,595600
2565300,595600
2565400,595600
2565500,595600
2565600,595600
2565700,595600
2565800,595600
2565900,595600
2566000,595600
2566100,595600
2566200,595600
2566300,593700
2566400,593700
2566500,593700
2566600,593700
2566700,593700
2566800,593700
2566900,593700
2567000,593700
2567100,593700
2567200,593700
2567300,593700
2567400,593700
2567500,593700
2567600,593700
2567700,593700
2567800,593700
2567900,593000
2568000,593000
2568100,593000
2568200,593000
2568300,593000
2568401,593000
2568402,593000
2568403,593000
2568404,593000
2568500,593000
2568600,593000
2568700,593000
2568800,593000
2568900,593000
2569000,593000
2569100,593000
2569200,593000
2569300,593000
2569400,593000
2569500,593000
2569601,593000
2569602,593000
2569700,593000
2569800,593000
2569900,593000
2570000,593000
2570100,593000
2570200,593000
2570300,593000
2570400,593800
2570500,593800
2570600,593800
2570700,593800
2570800,593800
2570900,593800
2571000,593800
2571100,593800
2571201,593800
2571202,593800
2571300,593800
2571400,593800
2571500,593800
2571600,593800
2571700,593800
2571800,593800
2571900,593800
2572001,593800
2572002,593800
2572102,593800
2572103,593800
2572104,593800
2572105,593800
2572106,593800
2572200,593800
2572300,593800
2572401,593800
2572402,593800
2572500,593800
2572601,593800
2572602,593800
2572700,593800
2572802,593800
2572803,593800
2572804,593800
2572805,593800
2572806,593800
2572900,593800
2573000,593100
2573102,593100
2573103,593100
2573104,593100
2573105,593100
2573200,593100
2573300,593100
2573400,593100
2573500,593100
2573601,593100
2573602,593100
2573700,593100
2573800,593100
2573900,593100
2574000,593100
2574100,593100
2574200,593100
2574300,593100
2574400,593100
2574500,593100
2574600,593100
2574700,593100
2574800,593100
2574900,593100
2575000,593100
2575100,593100
2575200,593100
2575300,593100
2575400,593100
2575500,593100
2575600,593100
2575700,593100
2575800,593100
2575900,593100
2576000,593100
2576100,593100
2576200,593100
2576300,593100
2576400,593100
2576502,592900
2576505,592900
2576506,592900
2576507,592900
2576508,592900
2576509,592900
2576510,592900
2576511,592900
2576512,592900
2576513,592900
2576601,592900
2576604,592900
2576605,592900
2576606,592900
2576607,592900
2576608,592900
2576700,592900
2576800,592900
2576901,592900
2576902,592900
2577001,592900
2577002,592900
2577100,592900
2577203,592900
2577204,592900
2577205,592900
2577206,592900
2577207,592900
2577300,592900
2577400,592900
2577500,592900
2577600,592900
2577700,592900
2577801,592900
2577802,592900
2577900,592900
2578000,592900
2578100,592900
2578200,592900
2578300,592900
2578400,592900
2578500,592900
2578600,592900
2578700,593900
2578800,593900
2578901,593800
2578902,593800
2578903,593800
2579000,593900
2579101,593900
2579102,593900
2579201,593900
2579202,593900
2579203,593900
2579300,593900
2579401,593900
2579402,593900
2579403,593900
2579501,593900
2579502,593900
2579600,593900
2579700,593900
2579800,593900
2579900,593900
2580000,593900
2580100,593900
2580200,593900
2580301,593900
2580303,593900
2580304,593900
2580305,593900
2580306,593900
2580400,594200
2580500,594200
2580600,594200
2580700,594200
2580800,594200
2580900,594200
2581000,594200
2581100,594200
2581200,594200
2581300,594200
2581400,594200
2581500,594200
2581600,594200
2581700,594200
2581800,594200
2581900,594200
2582000,594200
2582100,594200
2582200,594200
2582300,594200
2582400,594200
2582501,594200
2582503,594200
2582504,594200
2582600,594200
2582700,594200
2582800,594200
2582900,594200
2583000,594200
2583100,594200
2583200,594200
2583300,594200
2583400,594200
2583500,594300
2583600,594300
2583700,594300
2583801,594300
2583802,594300
2583803,594300
2583900,594300
2584000,594300
2584100,594300
2584200,594300
2584300,594300
2584400,594300
2584500,594300
2584600,594300
2584700,594300
2584800,594300
2584900,594300
2585000,594300
2585100,594300
2585200,594300
2585300,594300
2585400,594300
2585500,594300
2585600,594300
2585700,594300
2585800,594300
2585900,594300
2586000,594300
2586100,594300
2586200,594300
2586300,594300
2586400,594300
2586500,594100
2586600,594100
2586700,594100
2586800,594100
2586900,594100
2587000,594100
2587100,594100
2587200,594100
2587300,594100
2587400,594100
2587500,594100
2587600,594100
2587700,594100
2587800,594100
2587900,594100
2588000,594100
2588100,594100
2588200,594100
2588300,594100
2588400,594100
2588500,594100
2588600,594100
2588700,594100
2588800,594100
2588900,594100
2589000,594100
2589101,594100
2589102,594100
2589201,594020
2589203,594020
2589204,594020
2589205,594020
2589206,594020
2589207,594020
2589300,594020
2589402,594020
2589403,594020
2589404,594020
2589405,594020
2589406,594020
2589407,594020
2589500,594020
2589600,594020
2589700,594020
2589800,594020
2589900,594020
2590000,594020
2590100,594020
2590202,594020
2590203,594020
2590204,594020
2590301,594020
2590302,594020
2590400,594020
2590500,594010
2590600,594010
2590700,594010
2590800,594010
2590901,594010
2590902,594010
2590903,594010
2590904,594010
2591000,594010
2591100,594010
2591200,594010
2591300,594010
2591401,594010
2591402,594010
2591500,594010
2591601,594010
2591603,594010
2591604,594010
2591605,594010
2591701,594010
2591702,594010
2591703,594010
2591704,594010
2591705,594010
2591800,594010
2591900,594010
2592000,594010
2592100,594010
2592200,594010
2592300,594010
2592400,594010
2592500,594010
2592600,592701
2592700,592701
2592800,592701
2592900,592701
2593000,592701
2593100,592701
2593200,592701
2593301,592701
2593302,592701
2593303,592701
2593304,592701
2593400,592701
2593500,592701
2593600,592701
2593700,592701
2593800,592701
2593901,592701
2593902,592701
2594000,592701
2594100,592701
2594200,592701
2594300,592701
2594400,592701
2594500,592701
2594600,592701
2594700,592701
2594800,592701
2594900,592701
2595000,592701
2595100,592701
2595200,592701
2595300,592701
2595400,592701
2595500,592701
2595600,592701
2595700,592701
2595800,592702
2595900,592702
2596000,592702
2596100,592702
2596200,592702
2596300,592702
2596400,592702
2596501,592702
2596502,592702
2596600,592702
2596700,592702
2596800,592702
2596900,592702
2597000,592702
2597100,592702
2597200,592702
2597300,592702
2597400,592702
2597500,592702
2597600,592702
2597700,592702
2597800,592702
2597900,592702
2598000,592702
2598100,592702
2598200,592702
2598301,592702
2598302,592702
2598401,592702
2598402,592702
2598403,592702
2598404,592702
2598405,592702
2598500,592702
2598600,592702
2598700,592702
2598800,592702
2598900,592702
2599000,592812
2599100,592812
2599200,592812
2599300,592812
2599400,592812
2599500,592812
2599600,592812
2599700,592812
2599800,592812
2599900,592812
2600000,592812
2600100,592812
2600200,592811
2600300,592811
2600401,592812
2600402,592812
2600500,592812
2600600,592812
2600700,592812
2600800,592812
2600900,592812
2601001,592812
2601002,592812
2601100,592812
2601200,592812
2601300,592812
2601400,592812
2601500,592811
2601600,592811
2601700,592812
2601800,592812
2601900,592812
2602000,592812
2602100,592812
2602200,592811
2602300,592811
2602400,592811
2602500,592811
2602600,592811
2602700,592811
2602801,592811
2602802,592811
2602900,592811
2603000,592811
2603100,592811
2603200,592811
2603301,592820
2603302,592820
2603303,592820
2603400,592820
2603500,592820
2603603,592811
2603604,592811
2603605,592811
2603606,592811
2603607,592811
2603608,592811
2603700,592811
2603800,592811
2603900,592820
2604000,592820
2604100,592820
2604200,592820
2604300,592820
2604400,592820
2604504,592820
2604505,592820
2604506,592820
2604507,592820
2604508,592820
2604509,592820
2604510,592820
2604511,592820
2604512,592820
2604513,592820
2604514,592820
2604515,595700
2604600,592820
2604700,592820
2604801,592820
2604802,592820
2604803,592820
2604804,592820
2604900,593502
2605000,593502
2605100,593502
2605200,593502
2605300,593502
2605400,593502
2605500,593501
2605600,593502
2605700,593502
2605800,593502
2605900,593502
2606001,593502
2606002,593502
2606003,593502
2606100,593502
2606200,593502
2606300,593502
2606400,593502
2606500,593502
2606600,593502
2606700,593502
2606800,593502
2606900,593502
2607000,593502
2607100,593502
2607200,593502
2607300,593502
2607400,593502
2607500,593502
2607600,593502
2607700,593502
2607800,593502
2607900,593502
2608000,593502
2608100,593502
2608200,593502
2608300,593502
2608400,593502
2608500,593501
2608600,593501
2608700,593501
2608800,593501
2608900,593501
2609000,593501
2609100,593501
2609200,593501
2609300,593501
2609400,593501
2609500,593501
2609600,593501
2609700,593501
2609800,593501
2609900,593501
2610000,593501
2610100,593501
2610200,593501
2610300,593501
2610400,593501
2610500,593501
2610600,593501
2610700,593501
2610800,593501
2610900,593501
2611000,593501
2611100,593501
2611200,593501
2611300,593501
2611400,593501
2611500,593600
2611601,593600
2611602,593600
2611603,593600
2611701,593600
2611702,593600
2611703,593600
2611704,593600
2611705,593600
2611800,593600
2611900,593600
2612000,593600
2612100,593600
2612200,593600
2612300,593600
2612400,593600
2612501,593600
2612502,593600
2612600,593600
2612700,593600
2612800,593600
2612900,593600
2613000,593600
2613100,593600
2613200,593600
2613300,593600
2613400,593600
2613500,593400
2613600,593400
2613700,593400
2613800,593400
2613900,593400
2614000,593400
2614100,593400
2614200,593400
2614300,593400
2614400,593400
2614500,593400
2614601,593400
2614602,593400
2614603,593400
2614604,593400
2614700,593400
2614800,593400
2614900,593400
2615000,593400
2615100,593400
2615200,593400
2615300,593400
2615400,593400
2615500,593400
2615600,593400
2615700,593400
2615800,593400
2615901,593400
2615902,593400
2616000,594600
2616100,594600
2616200,594600
2616300,594600
2616400,594600
2616500,594600
2616600,594600
2616700,594600
2616800,594600
2616900,594600
2617000,594600
2617100,594600
2617201,594600
2617202,594600
2617203,594600
2617204,594600
2617300,594600
2617400,594600
2617500,594600
2617601,594600
2617602,594600
2617700,594600
2617800,594600
2617900,594600
2618000,594600
2618100,594600
2618200,594600
2618300,594600
2618400,594600
2618500,594600
2618600,594600
2618700,594600
2618800,594600
2618900,594600
2619000,594600
2619100,594600
2619200,594600
2619300,594600
2619400,594600
2619500,594600
2619600,594600
2619700,594600
2619800,594600
2619901,594600
2619902,594600
2619903,594600
2620000,594600
2620100,594600
2620200,594600
2620300,594600
2620400,594600
2620500,594600
2620600,594600
2620700,594600
2620801,594600
2620802,594600
2620803,594600
2620900,594600
2621000,594600
2621100,594600
2621200,594600
2621300,594600
2621400,594600
2621501,594600
2621502,594600
2621503,594600
2621601,594600
2621602,594600
2621603,594600
2621701,594600
2621702,594600
2621703,594600
2621800,594600
2621900,594600
2622000,594600
2622100,594600
2622200,594600
2622300,594600
2622400,594600
2622500,594600
2622600,594600
2622701,594600
2622702,594600
2622703,594600
2622801,594600
2622802,594600
2622803,594600
2622900,594600
2623000,594600
2623100,594600
2623200,594600
2623300,594600
2623400,594500
2623500,594500
2623600,594500
2623700,594500
2623800,594500
2623900,594500
2624000,594500
2624100,594500
2624200,594500
2624301,594500
2624302,594500
2624401,594500
2624402,594500
2624501,594500
2624502,594500
2624601,594500
2624602,594500
2624700,594500
2624801,594500
2624802,594500
2624803,594500
2624804,594500
2624805,594500
2624900,594400
2625000,594400
2625100,594400
2625200,594400
2625300,594400
2625400,594400
2625500,594400
2625600,594400
2625700,594400
2625800,594400
2625900,594400
2626000,594400
2626100,594400
2626200,594400
2626300,594400
2626400,594400
2626500,594400
2626600,594400
2626700,594400
2626800,594400
2626900,594400
2627000,594400
2627100,594400
2627200,594400
2627300,594400
2627400,595500
2627500,595500
2627600,595500
2627700,595500
2627800,595500
2627900,595500
2628000,595500
2628100,595500
2628200,595500
2628300,595500
2628400,595500
2628500,595500
2628600,595500
2628700,595500
2628800,595500
2628900,595500
2629000,595500
2629100,591101
2629201,590300
2629202,590300
2629203,590300
2629204,590300
2629301,595300
2629302,595300
2629303,595300
2629400,595300
2629501,595300
2629502,595300
2629600,595300
2629700,595300
2629800,595300
2629900,595300
2630000,595300
2630100,595300
2630200,595300
2630300,595300
2630400,595300
2630500,595300
2630600,595300
2630700,595300
2630800,595300
2630900,595300
2631000,595300
2631100,595300
2631200,595300
2631300,595300
2631400,595300
2631501,595300
2631502,595300
2631503,595300
2631600,595300
2631701,595300
2631702,595300
2631703,595300
2631800,595300
2631901,595300
2631902,595300
2631903,595300
2632000,595300
2632100,595300
2632201,595300
2632202,595300
2632300,595300
2632400,595100
2632500,595100
2632600,595100
2632700,595100
2632800,595100
2632900,595100
2633000,595100
2633100,595100
2633200,595100
2633300,595100
2633400,595100
2633500,595100
2633600,595100
2633700,595100
2633800,595100
2633900,595100
2634000,595100
2634100,595100
2634200,595100
2634300,595100
2634400,595100
2634500,595100
2634600,595100
2634700,595100
2634800,595100
2634900,595100
2635000,595200
2635100,595200
2635200,595200
2635300,595200
2635400,595200
2635500,595200
2635600,595200
2635700,595200
2635801,595200
2635802,595200
2635900,595200
2636000,595200
2636100,595200
2636200,595200
2636300,595200
2636400,595200
2636500,595200
2636600,595200
2636700,594900
2636800,594900
2636900,594900
2637000,594900
2637100,594900
2637200,594900
2637300,594900
2637400,594900
2637500,594900
2637600,594900
2637700,594900
2637800,594900
2637900,594900
2638000,594900
2638100,594900
2638201,594900
2638202,594900
2638203,594900
2638300,594900
2638401,594900
2638402,594900
2638403,594900
2638500,590300
2638600,594800
2638701,594800
2638702,594800
2638800,594800
2638900,594800
2639000,594800
2639100,594800
2639200,594800
2639300,594800
2639400,594800
2639500,594800
2639600,594800
2639700,594800
2639800,594800
2639900,594800
2640000,594800
2640100,594800
2640200,594800
2640300,594800
2640400,594800
2640500,594800
2640600,594800
2640700,594800
2640800,594800
2640900,594800
2641000,594800
2641100,594800
2641200,594800
2641300,594800
2641400,594800
2641500,594800
2641600,594800
2641701,594800
2641702,594800
2641800,594800
2641900,594800
2642001,594800
2642002,594800
2642003,594800
2642100,594800
2642200,594800
2642300,594800
2642400,594800
2642500,595000
2642600,595000
2642700,595000
2642800,595000
2642900,595000
2643000,595000
2643100,595000
2643200,595000
2643300,595000
2643400,595000
2643500,595000
2643600,595000
2643700,595000
2643800,595000
2643900,595000
2644000,595000
2644100,595000
2644200,595000
2644300,595000
2644400,595000
2644500,595000
2644600,595000
2644700,595000
2644800,595000
2644901,595000
2644902,595000
2644903,595000
2644904,595000
2644905,595000
2645000,595000
2645100,595400
2645200,595400
2645300,595400
2645400,595400
2645500,595400
2645600,595400
2645700,595400
2645800,595400
2645900,595400
2646000,595400
2646100,595400
2646201,595400
2646202,595400
2646203,595400
2646300,595400
2646400,595400
2646500,595400
2646600,595400
2646700,595400
2646800,595400
2646900,595400
2647000,595400
2647100,595400
2647200,595400
2647300,595400
2647400,595400
2647500,591500
2647600,591500
2647700,591500
2647800,591500
2647900,591500
2648000,591500
2648100,591500
2648200,591500
2648300,591500
2648400,591500
2648500,591500
2648600,591500
2648700,591500
2648800,591500
2648900,591500
2649000,591500
2649100,591500
2649200,591500
2649300,591500
2649400,591500
2649500,591500
2649600,591500
2649700,591500
2649800,591500
2649900,591500
2650000,591500
2650100,591500
2650200,591500
2650300,591500
2650400,591500
2650500,591500
2650600,591500
2650700,591500
2650800,591500
2650900,591500
2651000,591500
2651100,591500
2651200,591500
2651300,591500
2651400,591500
2651500,591500
2651600,591500
2651700,591500
2651800,591500
2651900,591500
2652000,591500
2652100,591500
2652200,591500
2652300,591500
2652400,591500
2652500,591500
2652600,591500
2652700,591500
2652800,591500
2652900,591500
2653000,591500
2653100,591500
2653200,591500
2653300,591500
2653400,591500
2653500,591500
2653600,591500
2653700,591700
2653800,591700
2653900,591700
2654000,591700
2654101,591700
2654102,591700
2654103,591700
2654104,591700
2654105,591700
2654106,591700
2654107,591700
2654200,591700
2654300,591700
2654400,591700
2654500,591700
2654600,591700
2654700,591700
2654801,591700
2654802,591700
2654803,591700
2654900,591700
2655000,591700
2655100,591700
2655200,591700
2655301,591700
2655302,591700
2655303,591700
2655304,591700
2655400,591700
2655500,591700
2655600,591700
2655700,591700
2655800,591700
2655900,591700
2656000,591700
2656100,591700
2656200,591700
2656300,591700
2656400,591700
2656500,591700
2656600,591700
2656700,591700
2656800,591700
2656900,591700
2657000,591700
2657100,591700
2657200,591700
2657300,591700
2657400,591700
2657500,591700
2657600,591700
2657700,591700
2657800,591700
2657900,591700
2658000,591700
2658100,591700
2658200,594700
2658300,594700
2658400,594700
2658500,594700
2658601,594700
2658602,594700
2658603,594700
2658604,594700
2658701,594700
2658702,594700
2658703,594700
2658704,594700
2658801,594700
2658802,594700
2658803,594700
2658804,594700
2658901,594700
2658902,594700
2658903,594700
2659001,594700
2659002,594700
2659003,594700
2659004,594700
2659101,594700
2659102,594700
2659200,594700
2659301,594700
2659302,594700
2659400,594700
2659500,594700
2659600,594700
2659700,594700
2659801,594700
2659802,594700
2659803,594700
2659804,594700
2659900,594700
2660001,594700
2660002,594700
2660003,594700
2660100,594700
2660200,594700
2660300,594700
2660400,594700
2660500,594700
2660600,594700
2660700,591900
2660800,591900
2660900,591900
2661000,591900
2661100,591900
2661200,591900
2661300,591900
2661400,591900
2661500,591900
2661600,591900
2661700,591900
2661800,591900
2661900,591900
2662000,591900
2662100,591900
2662200,591900
2662300,591900
2662400,591900
2662500,591900
2662600,591900
2662700,591900
2662800,591900
2662900,591900
2663000,591900
2663100,591900
2663200,591900
2663301,591900
2663302,591900
2663303,591900
2663304,591900
2663400,591900
2663500,591900
2663600,591900
2663700,591900
2663800,591900
2663900,591800
2664000,591800
2664100,591800
2664200,591800
2664300,591800
2664400,591800
2664500,591800
2664600,591800
2664701,591800
2664702,591800
2664703,591800
2664704,591800
2664801,591800
2664802,591800
2664803,591800
2664804,591800
2664805,591800
2664806,591800
2664900,591800
2665000,591800
2665100,591800
2665200,591800
2665300,591800
2665401,591800
2665402,591800
2665403,591800
2665500,591800
2665600,591800
2665700,592000
2665800,592000
2665900,592000
2666000,592000
2666101,592000
2666102,592000
2666200,592000
2666300,592000
2666400,592000
2666500,592000
2666600,592000
2666700,592000
2666800,592000
2666900,592000
2667000,592000
2667100,592000
2667200,592000
2667300,592000
2667400,592000
2667500,592000
2667600,592000
2667700,592000
2667800,592000
2667900,592000
2668000,592000
2668100,592000
2668200,592000
2668300,592000
2668400,592000
2668501,592000
2668502,592000
2668600,592000
2668700,592000
2668800,592000
2668900,592000
2669000,592000
2669101,592000
2669102,592000
2669103,592000
2669104,592000
2669200,592000
2669300,592000
2669400,592000
2669500,592000
2669600,592000
2669700,592000
2669800,592000
2669901,592000
2669902,592000
2669903,592000
2670000,592000
2670100,592100
2670200,592100
2670300,592100
2670400,592100
2670500,592100
2670601,589200
2670602,589200
2670701,589200
2670702,589200
2670703,589200
2670704,589200
2670800,592100
2670900,592100
2671001,592100
2671002,592100
2671100,592100
2671200,592100
2671300,592100
2671400,592100
2671500,592100
2671600,592100
2671701,592100
2671702,592100
2671703,592100
2671800,592100
2671901,592100
2671902,592100
2672000,592100
2672101,592100
2672102,592100
2672103,592100
2672200,592100
2672300,592100
2672401,592100
2672402,592100
2672500,592100
2672600,592100
2672700,592100
2672800,592100
2672900,592100
2673000,592100
2673100,592100
2673200,592100
2673300,592100
2673400,592100
2673500,592100
2673600,592100
2673700,592200
2673801,592200
2673802,592200
2673900,592200
2674001,592200
2674002,592200
2674101,592200
2674102,592200
2674200,592200
2674300,592200
2674400,592200
2674500,592200
2674600,592200
2674700,592200
2674800,592200
2674900,592200
2675000,592200
2675100,592200
2675200,592200
2675301,592200
2675302,592200
2675400,592200
2675500,592200
2675600,592200
2675700,592200
2675800,592200
2675900,592200
2676000,592200
2676101,592200
2676102,592200
2676200,592200
2676300,592200
2676400,592200
2676500,592200
2676600,592200
2676700,591600
2676800,591600
2676901,591600
2676902,591600
2676903,591600
2676904,591600
2677000,591600
2677100,591600
2677200,591600
2677300,591600
2677400,591600
2677500,591600
2677600,591600
2677700,591600
2677800,591600
2677900,591600
2678000,591600
2678100,591600
2678201,591600
2678202,591600
2678203,591600
2678300,591600
2678400,591600
2678500,591600
2678601,591600
2678602,591600
2678603,591600
2678604,591600
2678605,591600
2678700,591600
2678800,591600
2678900,592500
2679000,592500
2679100,592500
2679200,592500
2679300,592500
2679400,592500
2679500,592500
2679600,592500
2679700,592500
2679800,592500
2679900,592500
2680000,592500
2680100,592500
2680200,592500
2680300,592500
2680400,592500
2680500,592500
2680600,592500
2680700,592500
2680800,592300
2680900,592300
2681000,592300
2681100,592300
2681200,592300
2681300,592300
2681400,592300
2681500,592300
2681600,592300
2681700,592300
2681800,592300
2681900,592300
2682000,592300
2682100,592300
2682200,592300
2682300,592300
2682400,592300
2682500,592300
2682600,592300
2682700,592300
2682801,592300
2682802,592300
2682803,592300
2682900,592300
2683000,592300
2683100,592300
2683200,592300
2683300,592300
2683400,592300
2683500,592300
2683600,592300
2683700,592300
2683800,592300
2683900,592300
2684000,592300
2684100,592300
2684200,592300
2684300,592300
2684400,592300
2684500,592300
2684600,592300
2684700,592300
2684800,592300
2684900,592300
2685000,592300
2685100,592300
2685200,592500
2685300,592500
2685400,592500
2685500,592500
2685600,592500
2685700,592500
2685800,592500
2685900,592500
2686000,592500
2686100,592401
2686200,592401
2686300,592401
2686401,592401
2686402,592401
2686403,592401
2686500,592401
2686600,592402
2686700,592402
2686800,592402
2686900,592402
2687000,592402
2687100,592402
2687200,592402
2687300,592402
2687400,592402
2687500,592402
2687600,592402
2687700,592402
2687800,592402
2687900,592402
2688000,592402
2688100,592402
2688200,592402
2688300,592402
2688400,592402
2688500,592402
2688600,592402
2688700,592402
2688800,592401
2688900,592401
2689000,592401
2689100,592401
2689200,592401
2689300,592401
2689400,592401
2689500,592401
2689600,592401
2689700,592401
2689800,592401
2689900,592401
2690000,592401
2690100,592401
2690200,592401
2690300,592402
2690400,592402
2690500,592401
2690600,592402
2690700,592402
2690800,592402
2690900,592402
2691000,592402
2691100,592402
2691200,592402
2691300,592402
2691400,592402
2691500,592402
2691600,592402
2691700,592402
2691800,592402
2691901,593300
2691902,593300
2691903,593300
2691904,593300
2692001,593300
2692002,593300
2692003,593300
2692004,593300
2692005,593300
2692100,593300
2692200,593300
2692300,593300
2692401,593300
2692402,593300
2692403,593300
2692404,593300
2692501,593300
2692502,593300
2692503,593300
2692600,593300
2692701,593300
2692702,593300
2692703,593300
2692704,593300
2692705,593300
2692706,593300
2692800,593300
2692900,593300
2693000,593300
2693100,593300
2693200,593300
2693300,593300
2693400,593300
2693500,593300
2693600,593300
2693700,593300
2693800,593300
2693900,592600
2694000,592600
2694100,592600
2694200,592600
2694300,592600
2694400,592600
2694501,592600
2694502,592600
2694601,592600
2694602,592600
2694603,592600
2694700,592600
2694801,592600
2694802,592600
2694803,592600
2694804,592600
2694900,592600
2695000,592600
2695100,592600
2695200,592600
2695300,592600
2695400,592600
2695500,592600
2695601,592600
2695602,592600
2695603,592600
2695700,592600
2695800,592600
2695900,592600
2696000,592600
2696100,592600
2696200,592600
2696300,592600
2696400,592600
2696500,593200
2696600,593200
2696700,593200
2696800,593200
2696900,593200
2697000,593200
2697100,593200
2697200,593200
2697300,593200
2697400,593200
2697500,593200
2697600,593200
2697700,593200
2697800,593200
2697900,593200
2698000,593200
2698100,593200
2698200,593200
2698300,593200
2698400,593200
2698500,593200
2698600,593200
2698700,593200
2698801,596000
2698802,596000
2698900,596000
2699001,596000
2699002,596000
2699100,596000
2699202,596000
2699203,596000
2699204,596000
2699205,596000
2699206,596000
2699207,596000
2699208,596000
2699300,596000
2699400,596000
2699500,596000
2699600,596000
2699701,596000
2699702,596000
2699800,596000
2699900,596000
2700000,596000
2700100,596000
2700201,596000
2700202,596000
2700300,596000
2700403,596000
2700404,596000
2700405,596000
2700406,596000
2700501,596000
2700502,596000
2700503,596000
2700600,596000
2700700,596000
2701100,596102
2701200,596102
2701300,596102
2701400,596102
2701501,596102
2701503,596102
2701504,596102
2701505,596102
2701506,596102
2701507,596102
2701600,596102
2701700,596102
2701800,596102
2701900,596102
2702000,596102
2702101,596102
2702102,596102
2702103,596102
2702104,596102
2702200,596102
2702300,596102
2702400,596102
2702501,596102
2702502,596102
2702700,596102
2702800,596102
2702900,596102
2703002,596102
2703003,596102
2703004,596102
2703101,596102
2703102,596102
2703103,596102
2703200,596102
2703300,596102
2703400,596200
2703500,596200
2703600,596200
2703700,596200
2703800,596200
2703900,596200
2704000,596200
2704100,596200
2704200,596200
2704300,596200
2704400,596200
2704501,596200
2704502,596200
2704600,596200
2704700,596200
2704800,596200
2704900,596200
2705000,596200
2705100,596200
2705200,596200
2705300,596200
2705400,596200
2705500,596200
2705600,596200
2705701,596200
2705702,596200
2705800,596200
2705901,596200
2705902,596200
2705903,596200
2706000,596200
2706100,596200
2706200,596200
2706300,596200
2706400,596200
2706500,596200
2706600,596200
2706700,596200
2706800,596200
2706900,596400
2707000,596400
2707100,596400
2707200,596400
2707300,596400
2707400,596400
2707500,596400
2707600,596400
2707700,596400
2707800,596400
2707900,596400
2708000,596400
2708100,596400
2708200,596400
2708300,596400
2708400,596400
2708500,596400
2708600,596400
2708700,596400
2708800,596400
2708900,596400
2709000,596400
2709100,596400
2709200,596400
2709300,596400
2709400,596400
2709500,596400
2709600,596400
2709700,596400
2709801,596400
2709802,596400
2709900,596400
2710000,596400
2710100,596400
2710200,596400
2710300,596400
2710400,596400
2710500,596400
2710600,596400
2710700,596400
2710800,596400
2710900,596400
2711000,596400
2711101,596502
2711102,596502
2711200,596502
2711301,596502
2711302,596502
2711400,596400
2711501,596503
2711502,596503
2711503,596503
2711504,596503
2711601,596503
2711602,596503
2711702,596504
2711801,596503
2711802,596503
2711900,596502
2712001,596502
2712002,596502
2712003,596502
2712004,596502
2712005,596502
2712101,596502
2712102,596600
2712300,596600
2712500,597101
2712600,597101
2712700,597101
2712801,597101
2712802,597101
2712900,597101
2713000,597101
2713100,597101
2713200,597101
2713300,597101
2713400,597101
2713501,597102
2713502,597101
2713601,597101
2713602,597101
2713700,597101
2713800,597101
2713900,596902
2714001,596902
2714002,596902
2714100,596901
2714200,596901
2714300,596901
2714401,596901
2714402,596901
2714500,596901
2714600,596901
2714700,596902
2714800,596902
2714900,596902
2715000,596901
2715100,596902
2715200,596901
2715300,596901
2715400,596902
2715500,596800
2715600,596800
2715700,596800
2715800,596800
2715900,596800
2716001,596800
2716002,596800
2716100,596800
2716200,596800
2716300,596800
2716400,596800
2716500,596800
2716601,597000
2716603,597000
2716700,597000
2716801,597000
2716802,597000
2717000,597000
2717100,597000
2717200,597000
2717300,597000
2717400,597000
2717500,597000
2717700,597200
2717801,597200
2717802,597200
2717803,597200
2717900,597200
2718001,597200
2718002,597200
2718003,597200
2718004,597200
2718005,597200
2718006,597200
2718100,597200
2718200,597512
2718300,597512
2718400,597512
2718500,597512
2718600,597512
2718700,597200
2718800,597200
2718900,597200
2719001,597512
2719002,597512
2719003,597512
2719004,597512
2719005,597512
2719102,597507
2719103,597507
2719104,597507
2719201,597508
2719204,597508
2719205,597508
2719209,597508
2719210,597508
2719211,597508
2719212,597508
2719213,597508
2719214,597508
2719215,597508
2719216,597508
2719217,597508
2719218,597508
2719219,597508
2719220,597508
2719221,597508
2719222,597508
2719223,597508
2719224,597508
2719225,597508
2719226,597508
2719227,597508
2719228,597508
2719229,597508
2719302,597509
2719303,597509
2719304,597509
2719305,597509
2719306,597509
2719307,597509
2719308,597509
2719309,597509
2719310,597513
2719311,597509
2719312,597509
2719313,597509
2719314,597509
2719315,597509
2719316,597509
2719317,597509
2719318,597509
2719319,597509
2719320,597509
2719321,597509
2719322,597509
2719323,597509
2719324,597509
2719404,597513
2719405,597507
2719406,597507
2719407,597507
2719408,597510
2719409,597510
2719410,597510
2719411,597510
2719412,597510
2719413,597510
2719414,597510
2719415,597510
2719416,597513
2719417,597513
2719418,597510
2719419,597510
2719420,597510
2719421,597510
2719422,597510
2719423,597510
2719424,597513
2719425,597510
2719426,597510
2719427,597510
2719428,597510
2719429,597510
2719430,597510
2719431,597510
2719432,597510
2719500,597513
2719600,597512
2719700,597512
2719800,597512
2719901,597512
2719902,597512
2720000,597512
2720100,597512
2720200,597512
2720300,597200
2720400,597200
2720501,597512
2720502,597512
2720600,597512
2720700,597512
2720800,597512
2720900,597200
2721001,597200
2721002,597200
2721100,597512
2721200,597512
2721300,597512
2721400,597512
2721500,597512
2721600,597512
2721701,597503
2721702,597506
2721801,597506
2721802,597503
2721900,597506
2722000,597506
2722100,597506
2722200,597506
2722300,597506
2722400,597506
2722501,597506
2722503,597505
2722504,597505
2722600,597506
2722701,597506
2722703,597300
2722704,597506
2722705,597506
2722706,597506
2722707,597300
2722800,597506
2722900,597506
2723000,597506
2723101,597506
2723102,597300
2723200,597506
2723300,597506
2723400,597506
2723500,597506
2723600,597300
2723701,597300
2723702,597300
2723703,597300
2723704,597300
2723800,597300
2723900,597300
2724000,597300
2724100,597300
2724200,597300
2724300,597300
2724400,597300
2724500,597300
2724600,597300
2724700,597506
2724800,597506
2724900,597506
2725000,597506
2725100,597506
2725200,597506
2725301,597506
2725302,597506
2725303,597506
2725400,597506
2725500,597506
2725600,597506
2725700,597506
2725800,597400
2725900,597400
2726000,597400
2726100,597400
2726200,597400
2726300,597400
2726400,597400
2726500,597400
2726600,597400
2726700,597506
2726800,597506
2726900,597506
2727000,597506
2727100,597506
2727201,597503
2727202,597503
2727300,597506
2727400,597820
2727500,597820
2727600,597820
2727700,597820
2727800,597820
2727900,597820
2728000,597820
2728100,597840
2728200,597840
2728300,597840
2728400,597840
2728500,597840
2728600,597840
2728700,597840
2728800,597850
2728900,597850
2729000,597850
2729100,597850
2729200,597850
2729300,597840
2729400,597840
2729500,597840
2729600,597840
2729700,597840
2729800,597840
2729900,597840
2730000,597840
2730100,597840
2730200,597840
2730300,597840
2730400,597840
2730500,597850
2730600,597850
2730700,597850
2730800,597850
2730900,597850
2731000,597850
2731100,597850
2731200,597850
2731300,597850
2731400,597850
2731500,597850
2731600,597850
2731700,597850
2731800,597850
2731900,597850
2732000,597850
2732100,597850
2732200,597830
2732300,597830
2732400,597840
2732500,597840
2732600,597840
2732700,597840
2732800,597840
2732900,597830
2733000,597840
2733100,597840
2733200,597850
2733300,597830
2733400,597830
2733500,597830
2733600,597830
2733700,597830
2733800,597830
2733900,597830
2734000,597812
2734100,597812
2734200,597812
2734300,597830
2734400,597830
2734500,597830
2734600,597830
2734700,597812
2734801,597812
2734802,597812
2734900,597812
2735000,597812
2735101,597812
2735102,597812
2735200,597812
2735300,597812
2735400,597812
2735501,597812
2735502,597812
2735503,597812
2735600,597812
2735700,597812
2735800,597812
2735900,597812
2736002,597812
2736003,597812
2736004,597812
2736005,597812
2736100,597812
2736200,597811
2736300,597811
2736400,597811
2736500,597811
2736600,597811
2736700,597811
2736800,597811
2736900,597811
2737000,597811
2737100,597811
2737200,597811
2737300,597811
2737400,597811
2737500,597811
2737600,597811
2737700,597811
2737800,597811
2737900,597811
2738000,597811
2738100,597811
2738200,597811
2738300,597820
2738400,597820
2738500,597820
2738600,597820
2738700,597820
2738800,597820
2738900,597820
2739000,597820
2739100,597820
2739200,597820
2739301,597860
2739302,597860
2739303,597860
2739400,597860
2739500,597860
2739600,597860
2739700,597860
2739800,597860
2739900,597860
2740000,597860
2740100,597860
2740200,597860
2740300,597860
2740400,597860
2740500,597860
2740600,597860
2740700,597860
2740800,597860
2740900,597860
2741000,597860
2741100,597860
2741200,597860
2741300,597860
2741400,597860
2741500,597860
2741600,597860
2741700,597860
2741800,597860
2741900,597730
2742000,597730
2742100,597730
2742200,597730
2742300,597730
2742400,597730
2742500,597730
2742600,597730
2742700,597730
2742800,597730
2742900,597730
2743000,597730
2743100,597730
2743200,597730
2743300,597730
2743400,597730
2743500,597730
2743600,597730
2743700,597730
2743801,597730
2743803,597712
2743804,597712
2743805,597712
2743806,597712
2743807,597712
2743808,597712
2743901,597730
2743903,597712
2743904,597712
2744000,597730
2744100,597730
2744200,597730
2744300,597730
2744400,597730
2744500,597730
2744600,597730
2744700,597730
2744800,597730
2744900,597715
2745001,597741
2745002,597741
2745100,597741
2745200,597741
2745300,597741
2745400,597741
2745500,597741
2745600,597741
2745700,597741
2745801,597741
2745802,597714
2745901,597741
2745902,597714
2746000,597714
2746101,597714
2746103,597714
2746104,597714
2746105,597714
2746106,597714
2746107,597714
2746108,597714
2746109,597714
2746201,597741
2746202,597714
2746301,597714
2746302,597715
2746303,597714
2746402,597715
2746403,597715
2746405,597715
2746406,597715
2746407,597715
2746408,597830
2746409,597830
2746410,597715
2746501,597715
2746502,597715
2746503,597715
2746601,597741
2746603,597715
2746604,597715
2746700,597730
2746800,597730
2746901,597730
2746902,597730
2746903,597730
2747000,597730
2747101,597730
2747102,597730
2747202,597730
2747203,597730
2747204,597730
2747300,597730
2747400,597730
2747501,597730
2747503,597713
2747504,597713
2747601,597730
2747602,597730
2747603,597811
2747604,597812
2747605,597812
2747606,597812
2747607,597812
2747608,597713
2747700,597713
2747800,597713
2747900,597811
2748000,597730
2748100,597730
2748200,597730
2748300,597730
2748401,597730
2748402,597712
2748501,597730
2748503,597712
2748504,597712
2748505,597712
2748506,597712
2748507,597712
2748601,597730
2748602,597712
2748700,597730
2748801,597730
2748802,597712
2748900,597741
2749000,597741
2749100,597741
2749200,597741
2749300,597741
2749400,597741
2749500,597741
2749600,597741
2749700,597742
2749800,597742
2749900,597742
2750000,597742
2750100,597742
2750200,597742
2750300,597742
2750400,597741
2750500,597741
2750600,597741
2750700,597741
2750800,597741
2750900,597741
2751000,597741
2751100,597741
2751200,597720
2751300,597720
2751401,597720
2751402,597600
2751500,597720
2751600,597720
2751700,597720
2751800,597720
2751900,597720
2752000,597600
2752101,597600
2752102,597600
2752103,597600
2752104,597600
2752105,597600
2752106,597600
2752107,597720
2752201,597600
2752202,597600
2752300,597600
2752401,597600
2752402,597600
2752501,597600
2752502,597600
2752503,597600
2752600,597600
2752700,597600
2752801,597600
2752802,597600
2752900,597600
2753000,597720
2753100,597720
2753200,597720
2753300,597720
2753401,597720
2753403,597720
2753404,597600
2753405,597720
2753406,597600
2753500,597720
2753601,597600
2753602,597720
2753603,597720
2753700,597720
2753800,597720
2753900,597720
2754000,597720
2754100,597720
2754200,597720
2754300,597720
2754400,597720
2754500,597720
2754600,597720
2754700,597720
2754800,597720
2754900,597720
2755000,597720
2755100,597720
2755200,597720
2755300,597720
2755400,597720
2755500,597720
2755601,597720
2755602,597720
2755700,597720
2755800,597720
2755900,597720
2756000,597720
2756100,597720
2756200,597720
2756300,597720
2756400,597720
2756500,597720
2756600,597720
2756700,597720
2756800,597720
2756900,597720
2757000,597720
2757100,597720
2757200,597720
2757300,597720
2757400,597720
2757500,597720
2757600,598311
2757700,598311
2757800,598311
2757900,598311
2758000,598312
2758100,598312
2758200,598312
2758300,598312
2758400,598312
2758500,598312
2758600,598312
2758700,598312
2758801,598312
2758802,598312
2758901,598312
2758902,598312
2759000,598312
2759100,598312
2759201,598312
2759203,598312
2759204,598312
2759205,598312
2759206,598312
2759207,598312
2759208,598312
2759209,598312
2759300,598312
2759400,598312
2759500,598312
2759600,598312
2759700,598312
2759800,598312
2759900,598312
2760000,598312
2760100,598312
2760200,598312
2760300,598312
2760400,598312
2760500,598312
2760600,598312
2760700,598312
2760800,598312
2760900,598312
2761000,598312
2761100,598312
2761200,598312
2761300,598312
2761400,598312
2761500,598312
2761600,598312
2761700,598312
2761800,598312
2761900,598312
2762000,598312
2762100,598312
2762200,598312
2762300,598312
2762400,598312
2762500,598312
2762600,598312
2762700,598500
2762800,598500
2762900,598500
2763000,598500
2763100,598500
2763200,598500
2763300,598500
2763400,598500
2763500,598500
2763600,598500
2763700,598500
2763800,598500
2763900,598500
2764000,598500
2764100,598500
2764200,598500
2764300,598500
2764400,598500
2764500,598500
2764600,598500
2764700,598500
2764800,598500
2764900,598500
2765000,598500
2765100,598500
2765200,598500
2765302,598600
2765303,598600
2765304,598600
2765305,598600
2765401,598600
2765402,598600
2765500,598600
2765600,598600
2765700,598600
2765800,598600
2765900,598600
2766000,598600
2766100,598600
2766200,598600
2766300,598600
2766400,598600
2766500,598600
2766600,598600
2766700,598600
2766800,598600
2766900,598600
2767000,598600
2767101,598600
2767102,598600
2767103,598600
2767104,598600
2767200,598600
2767300,598600
2767400,598600
2767500,598600
2767600,598600
2767700,598600
2767800,598600
2767900,598600
2768000,598600
2768100,598600
2768200,598600
2768300,598600
2768400,598600
2768500,598600
2768600,598600
2768700,598600
2768801,598600
2768802,598600
2768803,598600
2768804,598600
2768805,598600
2768900,598000
2769000,598000
2769100,598000
2769200,598000
2769300,598000
2769401,598312
2769402,598312
2769500,598312
2769601,598312
2769602,598312
2769700,598312
2769800,598312
2769900,598312
2770000,598312
2770100,598312
2770200,598312
2770300,598312
2770400,598312
2770500,598312
2770600,598312
2770701,598312
2770702,598312
2770800,598312
2770901,598312
2770902,598312
2771000,598312
2771100,598312
2771200,598312
2771300,598312
2771400,598312
2771500,598312
2771601,598312
2771602,598312
2771700,598312
2771800,598202
2771900,598202
2772000,598313
2772100,598313
2772200,598313
2772300,598313
2772400,598313
2772500,598313
2772601,598313
2772602,598313
2772700,598313
2772800,598313
2772900,598313
2773000,598313
2773100,598313
2773200,598313
2773300,598313
2773400,598313
2773500,598313
2773600,598700
2773700,598700
2773800,598700
2773900,598700
2774000,598700
2774100,598700
2774201,598700
2774202,598700
2774300,598700
2774400,598700
2774501,599300
2774504,599300
2774505,599300
2774506,599300
2774507,599300
2774508,599300
2774509,599300
2774603,599300
2774604,599300
2774605,599300
2774606,599300
2774607,599300
2774700,599300
2774801,599300
2774803,599300
2774804,599300
2774805,599300
2774902,599300
2774903,599300
2774904,599300
2774905,599300
2775000,599200
2775100,599200
2775201,599200
2775202,599200
2775300,599200
2775401,599200
2775402,599200
2775500,599200
2775600,599200
2775701,599200
2775702,599200
2775800,599200
2775900,598313
2776000,598314
2776100,598314
2776200,598314
2776300,598314
2776400,598314
2776500,598314
2776600,598314
2776701,598313
2776702,598313
2776800,598313
2776900,598313
2777000,598201
2777100,598201
2777200,598201
2777300,598313
2777400,598313
2777500,598313
2777600,598313
2777700,598313
2777801,598313
2777802,598313
2777900,598313
2778000,598202
2778100,598202
2778200,598202
2778301,598313
2778302,598313
2778401,598202
2778402,598202
2778500,598201
2778600,598313
2778700,598313
2778800,598313
2778900,598313
2779000,598313
2779100,598313
2779201,598313
2779202,598313
2779300,598320
2779401,598320
2779402,598313
2779500,598320
2779601,598313
2779602,598320
2779700,598320
2779800,598320
2779900,598320
2780001,598320
2780002,598320
2780003,598313
2780100,599000
2780200,599000
2780300,599000
2780400,599000
2780500,599000
2780600,599000
2780700,599000
2780800,599000
2780900,599000
2781000,598800
2781100,598800
2781200,598800
2781300,598800
2781400,598800
2781500,598800
2781600,598800
2781700,598800
2781800,598800
2781900,598800
2782000,598800
2782100,598800
2782200,598900
2782300,598900
2782400,598900
2782500,598900
2782600,598900
2782700,598900
2782800,598900
2782900,598900
2783000,598900
2783100,598900
2783200,598900
2783300,598900
2783400,598900
2783500,598900
2783600,598900
2783700,598900
2783801,598900
2783802,598900
2783900,598900
2784000,598900
2784100,598900
2784200,598900
2784300,598900
2784400,598900
2784501,598900
2784502,598900
2784503,598900
2784600,598900
2784700,598900
2784801,598900
2784802,598900
2784900,598900
2785000,598900
2785100,599100
2785200,599100
2785300,599100
2785400,599100
2785500,599100
2785600,599100
2785700,599100
2785801,598900
2785802,599100
2785901,599100
2785902,599100
2786000,599100
2786100,599100
2786200,599100
2786300,599100
2786400,599100
2786500,599100
2786601,599100
2786602,599100
2786700,599100
2786801,599100
2786802,599100
2786900,599100
2787000,599100
2787100,599100
2787200,599100
2787300,599100
2787400,599100
2787500,599100
2787600,599100
2787700,599100
2787800,599100
2787900,599100
2788000,599100
2788100,599400
2788200,599400
2788300,599400
2788400,599400
2788500,599400
2788600,599400
2788700,599400
2788800,599400
2788900,599400
2789000,599400
2789100,599400
2789200,599400
2789300,599400
2789400,599400
2789500,599400
2789600,599400
2789700,599400
2789800,599400
2789900,599400
2790000,599400
2790100,599400
2790200,599400
2790300,599400
2790400,599400
2790500,599400
2790600,599400
2790700,599500
2790800,599500
2790900,599500
2791000,599500
2791100,599500
2791200,599500
2791300,599500
2791400,599500
2791500,599500
2791600,599500
2791700,599500
2791800,599500
2791900,599500
2792000,599500
2792100,599500
2792200,599500
2792300,599500
2792400,599500
2792500,599500
2792600,599500
2792700,599500
2792800,599500
2792900,599500
2793000,599500
2793100,599500
2793200,599500
2793300,599500
2793400,599500
2793500,599500
2793600,599500
2793700,599500
2793800,599500
2793900,599500
2794000,599500
2794100,599500
2794200,599500
2794300,599500
2794400,599500
2794500,599500
2794600,599500
2794700,599500
2794800,599500
2794900,599500
2795000,599500
2795100,599500
2795200,599500
2795300,599500
2795400,599500
2795500,599500
2795600,599500
2795700,599500
2795800,599500
2795900,599500
2796000,599600
2796100,599600
2796200,599600
2796300,599600
2796400,599600
2796500,599600
2796600,599600
2796700,599600
2796800,599600
2796900,599600
2797000,599600
2797100,599600
2797200,599600
2797300,599600
2797400,599600
2797500,599600
2797600,599600
2797700,599600
2797800,599600
2797900,599600
2798000,599600
2798100,599600
2798200,599600
2798300,599700
2798400,599700
2798500,599700
2798600,599700
2798700,599700
2798800,599700
2798900,599700
2799000,599700
2799100,599700
2799200,599700
2799300,599700
2799400,599700
2799500,599700
2799600,599700
2799700,599700
2799800,599700
2799900,599700
2800000,599700
2800100,599700
2800200,599700
2800300,599700
2800400,599700
2800500,599700
2800600,599700
2800700,599700
2800800,599700
2800900,599700
2801000,599700
2801100,599700
2801200,599700
2801300,599700
2801400,599700
2801500,599700
2801600,599800
2801700,599800
2801800,599800
2801900,599800
2802000,599800
2802100,599800
2802200,599800
2802300,599800
2802400,599800
2802501,599800
2802502,599800
2802600,599800
2802700,599800
2802800,599800
2802900,599800
2803000,599800
2803100,599800
2803200,599800
2803300,599800
2803400,599800
2803500,599800
2803600,599800
2803700,599900
2803800,599900
2803900,599900
2804100,600323
2804200,600323
2804300,600323
2804400,600323
2804500,600323
2804600,600323
2804700,600323
2804800,600323
2804900,600323
2805000,600323
2805100,600200
2805200,600200
2805300,600200
2805400,600200
2805500,600200
2805601,600323
2805602,600323
2805603,600323
2805701,600323
2805702,600323
2805800,600323
2805901,600323
2805902,600323
2805904,600323
2805905,600323
2806001,600323
2806002,600323
2806101,600323
2806102,600323
2806104,600323
2806105,600323
2806200,600200
2806300,600200
2806400,600200
2806500,600200
2806600,600200
2806700,600323
2806800,600323
2806900,600323
2807000,600323
2807101,600323
2807102,600323
2807103,600323
2807200,600100
2807300,600100
2807400,600100
2807501,600100
2807502,600100
2807600,600100
2807700,600100
2807800,600100
2807900,600100
2808000,600100
2808100,600100
2808200,600100
2808300,600100
2808400,600100
2808500,600100
2808600,600100
2808700,600100
2808800,600100
2808900,600100
2809000,600100
2809100,600100
2809200,600100
2809300,600100
2809400,600100
2809500,600100
2809600,600100
2809700,600100
2809800,600100
2809900,600100
2810000,600100
2810100,600100
2810200,600100
2810300,600100
2810400,600100
2810500,600100
2810600,600100
2810700,600100
2810800,600100
2810900,600100
2811000,600100
2811100,600100
2811200,600100
2811300,600100
2811400,600100
2811500,600100
2811600,600100
2811700,600100
2811800,600100
2811900,600100
2812000,600100
2812100,600100
2812200,600100
2812300,600100
2812400,600100
2812500,600100
2812600,600323
2812700,600323
2812801,600322
2812803,600323
2812804,600323
2812805,600323
2812806,600323
2812901,600320
2812903,600323
2812904,600320
2813003,600320
2813004,600320
2813005,600320
2813006,600320
2813007,600323
2813008,600323
2813101,600323
2813102,600323
2813103,600323
2813201,600323
2813202,600323
2813300,600323
2813400,600323
2813500,600323
2813600,600323
2813700,600312
2813800,600323
2813901,600323
2813902,600321
2814001,600323
2814002,600323
2814101,600323
2814102,600323
2814202,600323
2814203,600323
2814205,600100
2814206,600100
2814207,600100
2814208,600100
2814209,600100
2814210,600323
2814211,600323
2814212,600323
2814213,600323
2814300,600323
2814400,600323
2814500,600323
2814600,600410
2814700,600410
2814800,600410
2814900,600410
2815000,600410
2815100,600410
2815201,600410
2815202,600420
2815300,600410
2815401,600410
2815402,600420
2815501,600410
2815502,600420
2815503,600420
2815600,600410
2815700,600410
2815800,600410
2815900,600410
2816000,600410
2816100,600410
2816200,600410
2816300,600410
2816400,600410
2816500,600410
2816600,600410
2816700,600410
2816800,600410
2816900,600410
2817000,600410
2817100,600410
2817200,600410
2817300,600410
2817400,600410
2817501,600410
2817502,600410
2817503,600410
2817504,600410
2817505,600410
2817600,600410
2817700,600410
2817800,600410
2817901,600410
2817902,600410
2818000,600410
2818100,600410
2818200,600410
2818300,600410
2818400,600410
2818500,600410
2818600,600410
2818700,600410
2818800,600500
2818900,600500
2819000,600500
2819100,600500
2819200,600500
2819300,600500
2819400,600500
2819500,600500
2819600,600500
2819700,600500
2819800,600500
2819900,600500
2820000,600500
2820100,600500
2820200,600500
2820300,600500
2820400,600500
2820500,600500
2820600,600500
2820700,600500
2820800,600500
2820900,600500
2821000,600500
2821100,600500
2821200,600500
2821300,600500
2821400,600500
2821500,600500
2821600,600500
2821700,600500
2821800,600500
2821901,600500
2821902,600500
2822000,600500
2822100,600500
2822200,600500
2822300,600500
2822400,600500
2822500,600500
2822600,600500
2822701,600410
2822702,600410
2822800,600410
2822900,600410
2823000,600410
2823100,600410
2823200,600410
2823300,600410
2823400,600410
2823500,600410
2823600,600410
2823700,600410
2823800,600410
2823900,600410
2824000,600410
2824100,600410
2824200,600410
2824300,600410
2824400,600410
2824500,600410
2824600,600410
2824700,600410
2824801,600410
2824802,600410
2824803,600410
2824900,600410
2825001,600410
2825002,600410
2825100,600410
2825200,600410
2825300,600410
2825400,600410
2825501,600410
2825502,600410
2825600,600410
2825701,600410
2825702,600410
2825703,600410
2825800,600410
2825900,600410
2826000,600410
2826101,600831
2826102,600822
2826103,600822
2826201,600831
2826202,600822
2826301,600831
2826302,600826
2826400,600826
2826500,600826
2826601,600831
2826602,600826
2826701,600831
2826702,600826
2826800,600826
2826900,600826
2827000,600826
2827100,600826
2827201,600826
2827202,600811
2827300,600826
2827400,600826
2827501,600826
2827502,600811
2827600,600826
2827700,600826
2827800,600811
2827900,600811
2828001,600826
2828002,600811
2828100,600826
2828201,600812
2828202,600812
2828300,600812
2828400,600826
2828500,600826
2828600,600826
2828700,600826
2828801,600826
2828803,600812
2828804,600812
2828901,600826
2828902,600812
2829000,600826
2829100,600826
2829200,600826
2829300,600826
2829400,600826
2829500,600826
2829601,600826
2829602,600826
2829603,600826
2829701,600826
2829702,600812
2829800,600600
2829900,600600
2830000,600600
2830100,600600
2830201,600600
2830202,600600
2830300,600812
2830401,600812
2830402,600812
2830500,600812
2830600,600812
2830701,600826
2830702,600826
2830800,600826
2830900,600813
2831000,600812
2831101,600813
2831102,600813
2831200,600826
2831300,600826
2831400,600826
2831500,600826
2831600,600826
2831700,600826
2831800,600826
2831900,600826
2832000,600826
2832100,600826
2832201,600828
2832202,600828
2832203,600828
2832300,600828
2832400,600826
2832500,600826
2832600,600826
2832700,600826
2832800,600826
2832900,600826
2833000,600826
2833100,600826
2833200,600826
2833300,600826
2833400,600826
2833500,600826
2833600,600826
2833701,600826
2833702,600826
2833800,600826
2833900,600826
2834000,600826
2834100,600826
2834200,600826
2834300,600826
2834400,600826
2834500,600826
2834600,600826
2834700,600826
2834800,600826
2834900,600840
2835000,600840
2835100,600840
2835200,600840
2835300,600826
2835401,600826
2835402,600826
2835403,600826
2835500,600826
2835600,601040
2835700,601040
2835800,601040
2835900,601040
2836001,601040
2836002,601040
2836003,601040
2836004,601040
2836100,601040
2836200,601040
2836301,601040
2836302,601040
2836303,601040
2836304,601040
2836400,601040
2836500,601040
2836600,601040
2836700,601040
2836800,601040
2836900,601040
2837000,601040
2837100,601040
2837200,601040
2837300,601040
2837400,601040
2837500,601040
2837600,601040
2837700,601040
2837800,601040
2837900,601040
2838000,601040
2838100,601040
2838200,601040
2838300,601030
2838400,601030
2838500,601030
2838600,601030
2838700,601030
2838800,601040
2838900,601040
2839000,601040
2839100,601030
2839200,601030
2839300,601030
2839400,601030
2839500,601030
2839600,601030
2839700,601030
2839800,601030
2839900,601030
2840000,601030
2840100,601030
2840200,601030
2840300,601030
2840400,601020
2840500,601020
2840600,601030
2840700,601030
2840800,601030
2840900,601030
2841000,601030
2841100,601030
2841200,601030
2841300,601030
2841400,601030
2841500,601030
2841600,601030
2841700,601030
2841800,601030
2841900,601030
2842000,601030
2842100,601030
2842200,601030
2842300,601030
2842400,601030
2842500,601030
2842601,601030
2842602,601020
2842700,601020
2842800,601020
2842900,601030
2843000,601030
2843100,601020
2843200,601020
2843300,601020
2843400,601020
2843500,601020
2843600,601020
2843700,601020
2843800,601020
2843900,601020
2844000,601020
2844100,601020
2844201,601020
2844202,601020
2844203,601020
2844204,601020
2844205,601020
2844206,601020
2844207,601020
2844301,601020
2844302,601020
2844401,601020
2844402,601020
2844501,601020
2844502,601020
2844600,601020
2844700,601020
2844800,601020
2844900,601010
2845000,601010
2845100,601010
2845200,601010
2845300,601010
2845400,601010
2845500,601020
2845600,601020
2845700,601020
2845800,601020
2845900,601010
2846000,601010
2846100,601010
2846202,601020
2846203,601010
2846204,601010
2846300,601010
2846400,601010
2846500,601010
2846600,601010
2846700,601010
2846800,601020
2846900,601020
2847000,601010
2847100,601010
2847200,601010
2847300,601010
2847400,601010
2847500,601010
2847600,601010
2847700,601010
2847800,601010
2847900,601010
2848000,601010
2848100,601010
2848200,601010
2848301,601010
2848302,601010
2848400,601010
2848500,601010
2848600,601010
2848700,601010
2848900,600831
2849000,600831
2849100,600831
2849200,600831
2849300,600831
2849401,600831
2849402,600822
2849501,600831
2849502,600822
2849600,600831
2849700,600831
2849800,600826
2849902,600830
2849903,600831
2849904,600831
2850000,600831
2850101,600831
2850102,600824
2850200,600824
2850301,600824
2850302,600824
2850401,600831
2850402,600824
2850501,600831
2850502,600824
2850600,600831
2850700,600831
2850801,600831
2850802,600830
2850900,600830
2851001,600830
2851002,600830
2851101,600830
2851102,600830
2851200,600831
2851300,600831
2851401,600831
2851402,600832
2851500,600831
2851600,600831
2851700,600831
2851800,600831
2851900,600827
2852001,600827
2852002,600827
2852100,600831
2852202,600831
2852203,600831
2852204,600831
2852205,600831
2852206,600831
2852300,600831
2852400,600831
2852500,601200
2852600,601200
2852700,601200
2852800,601200
2852900,601200
2853000,601200
2853100,601200
2853200,601200
2853300,601200
2853400,601301
2853500,601301
2853600,601301
2853700,601301
2853800,601301
2853900,601301
2854000,601301
2854100,601301
2854200,601301
2854300,601301
2854400,601301
2854500,601301
2854600,601301
2854700,601301
2854800,601301
2854900,601301
2855000,601301
2855101,601302
2855102,601301
2855201,601302
2855202,601301
2855300,601301
2855400,601400
2855500,601400
2855601,601400
2855602,601400
2855700,601400
2855800,601400
2855900,601400
2856000,601400
2856103,601400
2856104,601400
2856201,601700
2856202,601700
2856301,601700
2856302,601603
2856401,601700
2856402,601603
2856501,601603
2856502,601700
2856602,601604
2856700,601604
2856800,601603
2856900,601603
2857001,601603
2857002,601603
2857101,601604
2857102,601604
2857200,601603
2857300,601603
2857400,601603
2857500,601603
2857600,601603
2857700,601603
2857800,601605
2857900,601605
2858000,601605
2858100,601603
2858200,601603
2858300,601603
2858400,601603
2858501,601603
2858502,601602
2858603,601602
2858604,601602
2858701,601603
2858702,601602
2858800,601602
2858901,601603
2858902,601602
2858903,601602
2859000,601603
2859101,601603
2859102,601602
2859201,601603
2859203,601603
2859204,601602
2859300,605200
2859400,605200
2859500,605200
2859600,605200
2859700,605200
2859800,605200
2859900,605200
2860000,605200
2860100,605200
2860300,605200
2860400,605200
2860500,605200
2860600,605200
2860700,605200
2860800,605200
2860900,605200
2861000,605200
2861100,605200
2861200,605200
2861300,605200
2861400,605200
2861500,605200
2861600,605200
2861700,605200
2861800,605200
2861901,605100
2861903,605100
2861904,605100
2862000,605100
2862100,605100
2862201,605100
2862202,605100
2862203,605100
2862300,605100
2862400,605100
2862500,605100
2862700,605100
2862800,605100
2862900,605100
2863100,604710
2863200,604710
2863301,601603
2863302,601603
2863400,601603
2863500,601603
2863601,601500
2863602,601500
2863700,601500
2863801,601603
2863802,601603
2863803,601603
2863804,601603
2863805,601603
2863806,601603
2863807,601603
2863808,601603
2863809,601603
2863900,601603
2864002,605200
2864100,603602
2864200,603602
2864300,603602
2864400,603601
2864500,603602
2864600,603602
2864700,603602
2864800,603602
2864900,603602
2865000,603601
2865100,603601
2865200,603601
2865300,603601
2865400,603601
2865500,603601
2865601,603601
2865602,603601
2865700,603601
2865800,603601
2865900,603601
2866000,603601
2866101,603601
2866102,603601
2866200,603601
2866300,603601
2866400,603601
2866500,603601
2866600,603602
2866700,603602
2866800,603602
2866900,603602
2867000,603602
2867100,603602
2867200,603602
2867300,603602
2867400,603602
2867500,603602
2867600,603602
2867700,603602
2867800,603602
2867900,603602
2868000,603602
2868100,603602
2868200,603602
2868300,603602
2868400,603602
2868500,603602
2868600,603602
2868700,603602
2868800,603602
2868900,603602
2869000,603602
2869100,603602
2869200,603602
2869300,603602
2869400,603601
2869500,603601
2869600,603602
2869700,603602
2869800,603602
2869900,603602
2870001,603602
2870002,603602
2870100,603602
2870200,603602
2870300,603300
2870400,603300
2870500,603300
2870600,603300
2870700,603300
2870800,603300
2870900,603300
2871001,603300
2871002,603300
2871003,603300
2871004,603300
2871100,603300
2871200,603300
2871300,603300
2871400,603300
2871500,603300
2871600,603300
2871700,603300
2871800,603300
2871900,603300
2872000,603300
2872100,603300
2872200,603300
2872300,603300
2872401,603300
2872402,603300
2872403,603300
2872404,603300
2872500,603300
2872600,603300
2872700,603300
2872800,603300
2872900,603300
2873000,603300
2873100,603300
2873200,603300
2873300,603300
2873400,603300
2873500,603300
2873601,603300
2873602,603300
2873701,603300
2873702,603300
2873703,603300
2873704,603300
2873800,603300
2873900,603300
2874000,603400
2874100,603400
2874200,603400
2874300,603400
2874400,603400
2874500,603400
2874600,603400
2874700,603400
2874800,603400
2874900,603400
2875000,603400
2875100,603400
2875200,603400
2875300,603400
2875400,603400
2875500,603400
2875600,603400
2875700,603400
2875800,603400
2875900,603400
2876000,603400
2876100,603400
2876200,603400
2876300,603400
2876401,603400
2876402,603400
2876500,603400
2876600,603400
2876700,603400
2876800,603220
2876900,603220
2877000,603220
2877100,603220
2877200,603220
2877300,603220
2877400,603220
2877500,603220
2877600,603210
2877700,603210
2877800,603210
2877900,603210
2878000,603210
2878100,603210
2878200,603210
2878300,603210
2878400,603210
2878500,603210
2878600,603210
2878700,603210
2878800,603210
2878901,603210
2878902,603210
2879001,603210
2879002,604720
2879100,604720
2879200,604720
2879300,604720
2879400,604720
2879500,604720
2879600,604720
2879700,604720
2879800,604720
2879900,604720
2880000,604720
2880100,604720
2880200,604710
2880300,604710
2880400,604710
2880500,604710
2880600,604710
2880701,604710
2880702,604710
2880703,604710
2880801,604720
2880802,604720
2880901,604720
2880902,604720
2881000,604720
2881100,604720
2881200,603930
2881300,603930
2881400,603930
2881500,603930
2881600,603930
2881701,603930
2881702,603930
2881800,603930
2881900,603930
2882000,603930
2882100,603930
2882200,603930
2882300,603930
2882400,603930
2882500,603930
2882600,603930
2882700,603930
2882800,603930
2882900,603930
2883000,603930
2883100,603930
2883200,603930
2883300,603930
2883400,603930
2883500,603930
2883600,603930
2883700,603930
2883800,603930
2883900,603930
2884001,603910
2884002,603910
2884100,603910
2884200,603910
2884300,603910
2884400,603910
2884500,603910
2884600,603910
2884700,603910
2884800,603910
2884900,603910
2885000,603910
2885100,603910
2885200,603910
2885300,603910
2885400,603910
2885500,603910
2885600,603910
2885700,603910
2885800,603910
2885900,603910
2886001,603910
2886002,603910
2886100,603910
2886200,603910
2886300,603910
2886400,604010
2886500,603910
2886600,603910
2886700,603910
2886800,603910
2886900,603910
2887000,603910
2887100,603910
2887200,603910
2887300,603920
2887400,603920
2887500,603920
2887600,603920
2887700,603920
2887800,603920
2887900,603920
2888000,603920
2888100,603920
2888201,603920
2888202,603920
2888300,603920
2888400,603920
2888500,603920
2888600,603920
2888700,603920
2888800,603920
2888900,603920
2889000,603920
2889100,603920
2889200,603920
2889300,603920
2889400,603920
2889501,603820
2889502,603820
2889600,603820
2889700,603820
2889800,603820
2889900,603820
2890000,603820
2890100,603820
2890200,603810
2890300,603810
2890401,603810
2890402,603810
2890500,603810
2890600,603810
2890700,603500
2890800,603500
2890900,603500
2891000,603500
2891100,603500
2891201,603500
2891202,603500
2891300,603500
2891400,603500
2891500,603720
2891600,603720
2891700,603720
2891800,603720
2891900,603720
2892000,603720
2892101,603720
2892102,603710
2892200,603720
2892300,603720
2892400,603710
2892500,603710
2892600,603710
2892701,603710
2892702,603710
2892800,603710
2892900,603710
2893000,603710
2893101,603710
2893102,603710
2893200,603710
2893300,603710
2893400,603710
2893500,603710
2893600,603710
2893700,603710
2893800,603710
2893900,603710
2894000,603710
2894100,603710
2894200,603710
2894300,603710
2894400,602800
2894500,602800
2894600,602800
2894700,602800
2894800,602800
2894900,602800
2895000,602800
2895100,602800
2895200,602800
2895300,602900
2895400,602900
2895500,602900
2895600,602900
2895700,602900
2895800,602900
2895900,602900
2896000,602900
2896100,602900
2896200,602900
2896300,602900
2896400,602900
2896500,602900
2896600,602900
2896700,602900
2896800,602900
2896900,602900
2897000,602900
2897100,602900
2897200,602900
2897300,602900
2897400,602900
2897500,602900
2897600,602900
2897700,603000
2897800,603000
2897900,603000
2898000,603000
2898100,603000
2898200,603000
2898300,603000
2898400,603000
2898500,603000
2898600,603000
2898700,603000
2898800,603000
2898900,603000
2899000,603000
2899100,603000
2899200,603000
2899300,603000
2899400,603000
2899500,603000
2899600,603000
2899700,603000
2899800,603000
2899900,603000
2900000,603000
2900100,603000
2900200,603000
2900300,603000
2900400,603000
2900500,603000
2900600,603000
2900700,603000
2900800,603000
2900900,603000
2901000,603100
2901100,603100
2901200,603100
2901300,603100
2901400,603100
2901500,603100
2901600,603100
2901700,603100
2901800,603100
2901900,603100
2902000,603100
2902100,603100
2902200,603100
2902300,603100
2902400,603100
2902500,603100
2902600,603100
2902700,603100
2902800,603100
2902900,603100
2903000,603100
2903100,603100
2903200,603100
2903300,603100
2903400,603100
2903500,603100
2903600,603100
2903700,603100
2903800,603100
2903900,603100
2904000,603100
2904100,603100
2904200,603100
2904300,603100
2904400,603100
2904500,604020
2904600,604020
2904700,604020
2904800,604020
2904900,604020
2905000,604020
2905100,604020
2905201,604010
2905202,604020
2905300,604020
2905400,604020
2905500,604020
2905600,604020
2905700,604010
2905800,604010
2905900,604010
2906001,604010
2906002,604010
2906100,604010
2906200,604010
2906300,604010
2906400,604010
2906500,604010
2906600,604010
2906700,604010
2906800,604010
2906900,604010
2907000,604010
2907100,604010
2907200,604010
2907300,604010
2907400,604010
2907500,604010
2907600,604010
2907700,604010
2907800,603910
2907900,604020
2908000,604020
2908100,604020
2908200,604020
2908300,604020
2908401,604020
2908402,604020
2908403,604020
2908404,604020
2908500,604020
2908600,604020
2908700,604020
2908800,604020
2908900,604020
2909000,604020
2909200,604222
2909300,604222
2909400,604222
2909502,604222
2909503,604222
2909504,604500
2909505,604500
2909600,604222
2909700,604222
2909800,604222
2909900,604222
2910000,604222
2910100,604222
2910200,604221
2910300,604221
2910400,604221
2910500,604221
2910600,604221
2910700,604221
2910800,604221
2910900,604221
2911000,604210
2911100,604210
2911200,604210
2911300,604210
2911400,604210
2911500,604210
2911600,604210
2911700,604210
2911800,604210
2911900,604210
2912000,604210
2912100,604210
2912200,604210
2912300,604210
2912400,604210
2912500,604210
2912600,604210
2912701,604210
2912702,604210
2912703,604210
2912704,604210
2912801,604210
2912802,604210
2912901,604210
2912902,604210
2913000,604210
2913100,604210
2913200,604210
2913300,604210
2913400,604210
2913500,604210
2913600,604210
2913700,604210
2913800,604210
2913900,604210
2914000,604210
2914100,604210
2914200,604210
2914300,604210
2914400,604210
2914500,604210
2914600,604210
2914700,604210
2914800,604210
2914900,604210
2915000,604210
2915100,604210
2915200,604210
2915300,604210
2915400,604210
2915500,604210
2915600,604210
2915700,604210
2915800,604210
2915900,604210
2916000,604210
2916100,604210
2916200,604210
2916300,604210
2916400,604210
2916500,604130
2916600,604130
2916700,604130
2916800,604130
2916900,604130
2917000,604130
2917101,604130
2917102,604130
2917200,604130
2917300,604130
2917401,604130
2917402,604130
2917501,604130
2917502,604130
2917503,604130
2917600,604130
2917701,604130
2917702,604130
2917703,604130
2917704,604130
2917800,604130
2917900,604130
2918000,604130
2918101,604130
2918102,604130
2918200,604130
2918300,604110
2918400,604110
2918500,604110
2918600,604110
2918700,604110
2918800,604110
2918900,604110
2919000,604110
2919100,604110
2919200,604110
2919300,604110
2919400,604110
2919500,604110
2919600,604110
2919700,604110
2919800,604110
2919900,604110
2920000,604110
2920100,604110
2920200,604110
2920300,604110
2920400,604110
2920500,604110
2920600,604110
2920700,604110
2920800,604110
2920900,604110
2921000,604110
2921100,604110
2921200,604110
2921300,604110
2921400,604110
2921500,604110
2921600,604110
2921700,604110
2921800,604110
2921900,604120
2922000,604120
2922100,604120
2922200,604120
2922300,604120
2922400,604120
2922500,604120
2922601,604120
2922602,604120
2922700,604120
2922800,604120
2922900,604120
2923000,604120
2923100,604120
2923200,604120
2923300,604500
2923400,604500
2923500,604500
2923600,604500
2923700,604500
2923800,604500
2923900,604500
2924000,604500
2924100,604500
2924200,604500
2924300,604500
2924400,604500
2924500,604500
2924600,604500
2924700,604500
2924800,604500
2924900,604500
2925000,604500
2925100,604500
2925200,604500
2925300,604500
2925400,604500
2925500,604500
2925601,604500
2925602,604500
2925603,604500
2925700,604500
2925800,604500
2925900,604500
2926000,604500
2926100,604500
2926200,604500
2926300,604500
2926400,604500
2926500,604500
2926600,604500
2926700,604500
2926801,604500
2926802,604500
2926803,604500
2926804,604500
2926805,604500
2926806,604500
2926900,604500
2927000,604500
2927101,604500
2927102,604500
2927103,604500
2927200,604500
2927300,604500
2927400,604500
2927500,604420
2927600,604420
2927700,604420
2927800,604420
2927900,604420
2928000,604420
2928100,604420
2928200,604420
2928300,604420
2928400,604420
2928500,604410
2928600,604410
2928700,604410
2928800,604410
2928900,604410
2929000,604410
2929100,604410
2929200,604410
2929300,604410
2929400,604410
2929500,604410
2929600,604410
2929700,604410
2929800,604410
2929900,604410
2930000,604410
2930100,604420
2930200,604420
2930300,604410
2930400,604410
2930500,604410
2930600,604410
2930700,604410
2930800,604410
2930900,604410
2931000,604410
2931100,604410
2931200,604410
2931300,604410
2931400,604410
2931500,604410
2931600,604410
2931700,604410
2931800,604410
2931900,604410
2932000,604410
2932100,604410
2932200,604410
2932300,604410
2932400,604410
2932500,604300
2932600,604300
2932700,604300
2932800,604300
2932900,604300
2933000,604300
2933100,604611
2933201,605600
2933202,605600
2933203,605600
2933204,605600
2933300,604611
2933400,604611
2933500,604611
2933600,604611
2933700,604611
2933800,604611
2933900,604611
2934000,604611
2934100,604611
2934200,604611
2934300,604611
2934400,604611
2934500,604611
2934600,604611
2934700,604611
2934800,604612
2934900,604612
2935000,604611
2935100,604611
2935200,604611
2935300,604611
2935400,604611
2935500,604611
2935600,604612
2935700,604611
2935801,604612
2935802,604612
2935900,604612
2936000,604612
2936100,604612
2936200,604612
2936300,604612
2936400,604620
2936501,604612
2936502,604612
2936503,604612
2936600,604612
2936700,604612
2936800,604612
2936900,604612
2937000,604612
2937100,604612
2937201,604612
2937202,604612
2937203,604612
2937300,604612
2937401,604612
2937402,604612
2937403,604612
2937500,604612
2937600,604612
2937700,604620
2937800,604620
2937900,604620
2938000,604620
2938100,604620
2938200,604620
2938300,604620
2938400,604620
2938500,604620
2938600,604620
2938700,604620
2938800,604620
2938900,604620
2939000,604620
2939100,604620
2939200,604620
2939300,604620
2939401,604620
2939402,604620
2939501,604620
2939502,604620
2939600,604620
2939700,604620
2939800,604620
2939900,604620
2940001,604620
2940002,604620
2940101,604620
2940102,604620
2940201,604620
2940202,604620
2940301,604620
2940302,604620
2940400,604620
2940500,604620
2940601,604810
2940602,604810
2940603,604810
2940604,604620
2940700,604810
2940800,604810
2940900,604810
2941001,604810
2941002,604620
2941100,604810
2941200,604810
2941300,604810
2941400,604810
2941500,604611
2941600,604821
2941701,604822
2941702,604822
2941800,604822
2941900,604822
2942000,604822
2942100,604822
2942201,604822
2942202,604822
2942301,604822
2942302,604822
2942400,604822
2942500,604822
2942600,604822
2942700,604821
2942801,604821
2942802,604830
2942900,604830
2943000,604830
2943101,604830
2943102,604830
2943201,604830
2943202,604830
2943300,604821
2943400,604821
2943500,604830
2943600,604830
2943700,604830
2943800,604830
2943900,604830
2944000,604830
2944100,604830
2944200,604830
2944300,604830
2944400,604830
2944500,604901
2944600,604901
2944700,604901
2944800,604901
2944900,604901
2945000,604901
2945100,604901
2945200,604901
2945300,604901
2945400,604902
2945500,604902
2945600,604902
2945700,605400
2945800,605400
2945900,605400
2946000,605400
2946100,605400
2946200,605400
2946300,605400
2946400,605400
2946500,605400
2946600,605400
2946700,605400
2946800,605400
2946900,605400
2947000,605400
2947100,605400
2947200,605400
2947300,605400
2947400,605400
2947500,605500
2947600,605500
2947700,605500
2947800,605500
2947900,605500
2948000,605500
2948100,605500
2948200,605500
2948300,605500
2948400,605500
2948500,605500
2948600,605500
2948700,605500
2948800,605500
2948900,605500
2949000,605500
2949100,605500
2949200,605500
2949300,605500
2949400,605500
2949500,605500
2949600,605500
2949700,605500
2949800,605500
2949900,605500
2950000,605600
2950100,605600
2950200,605600
2950300,605600
2950400,605600
2950500,605600
2950600,605600
2950700,605600
2950800,605600
2950900,605600
2951000,605600
2951100,605600
2951200,605600
2951300,605600
2951400,605600
2951500,605600
2951600,605600
2951700,605600
2951801,605600
2951802,605600
2951900,605600
2952001,605600
2952002,605600
2952003,605600
2952100,605600
2952200,605600
2952300,605600
2952400,605600
2952500,605600
2952600,605600
2952700,605910
2952800,605910
2952900,605910
2953000,605910
2953100,605910
2953200,605910
2953300,605910
2953400,605910
2953500,605910
2953600,605910
2953700,605910
2953800,605910
2953900,605910
2954000,605910
2954101,605910
2954102,605910
2954201,605910
2954202,605910
2954300,605910
2954400,605910
2954500,605910
2954600,605920
2954700,605920
2954802,605920
2954803,605920
2954804,605920
2954900,605920
2955000,605920
2955100,605920
2955200,605920
2955300,605920
2955400,605920
2955501,605920
2955502,605920
2955600,605920
2955700,605920
2955800,605920
2955901,605920
2955902,605920
2956000,605920
2956100,605920
2956200,605920
2956300,605920
2956400,605800
2956500,605800
2956600,605800
2956702,602422
2956703,605800
2956704,605800
2956800,605800
2956900,605800
2957000,605800
2957100,605800
2957200,605800
2957300,605800
2957400,605800
2957501,605800
2957502,605800
2957600,605800
2957700,605800
2957800,605800
2957900,605800
2958000,605800
2958100,605800
2958200,605800
2958300,605800
2958400,605800
2958500,605800
2958600,605800
2958700,605800
2958800,605800
2958900,605800
2959000,605800
2959100,605800
2959200,605800
2959300,605800
2959400,605800
2959500,605800
2959600,605800
2959701,605800
2959702,605800
2959800,605800
2959900,602300
2960000,602300
2960100,602300
2960200,602600
2960300,602600
2960400,602600
2960500,602600
2960600,602600
2960700,602600
2960800,602600
2960900,602600
2961000,606300
2961101,606300
2961102,606300
2961103,606300
2961200,606300
2961300,606300
2961400,606300
2961500,606300
2961600,606300
2961700,606300
2961800,606300
2961900,606300
2962000,606300
2962100,606300
2962200,606300
2962300,606300
2962400,606300
2962500,606300
2962600,606300
2962700,606300
2962800,606300
2962900,606300
2963000,606300
2963100,606300
2963200,606300
2963300,606300
2963400,606300
2963500,606300
2963600,606300
2963700,606300
2963800,606100
2963900,606100
2964001,606100
2964002,606100
2964003,606100
2964100,606100
2964200,606100
2964300,606100
2964400,606100
2964500,606100
2964600,606100
2964700,606100
2964800,606100
2964900,606100
2965000,606100
2965100,606100
2965200,606100
2965300,606100
2965400,606100
2965500,606100
2965600,606100
2965700,606100
2965801,606100
2965803,606100
2965804,606100
2965805,606100
2965806,606100
2965807,606100
2965808,606100
2965809,606100
2965901,606100
2965902,606100
2965903,606100
2966000,606100
2966100,606100
2966200,606100
2966300,606100
2966400,606100
2966500,606100
2966603,606100
2966604,606100
2966606,606100
2966607,606100
2966608,606100
2966609,606100
2966610,606100
2966611,606100
2966612,606100
2966613,606100
2966700,606210
2966800,606210
2966900,606210
2967000,606210
2967100,606210
2967200,606210
2967300,606210
2967400,606210
2967500,606210
2967600,606210
2967700,606210
2967800,606210
2967900,606210
2968000,606210
2968100,606210
2968200,606210
2968300,606210
2968400,606210
2968500,606210
2968600,606210
2968700,606210
2968800,606210
2968900,606210
2969000,606210
2969100,606210
2969200,606210
2969300,606210
2969400,606210
2969500,606220
2969600,606220
2969701,606220
2969703,606220
2969704,606220
2969800,606220
2969900,606220
2970000,606220
2970100,606220
2970200,606220
2970300,606220
2970401,606220
2970402,606220
2970500,602100
2970600,602100
2970700,602100
2970800,602100
2970900,602100
2971000,602100
2971100,601900
2971200,601900
2971300,601900
2971400,601900
2971500,601900
2971600,601900
2971700,601900
2971800,601900
2971900,601900
2972000,601900
2972100,601900
2972200,601900
2972301,601900
2972302,601900
2972400,602000
2972500,602000
2972600,602000
2972700,602000
2972800,602000
2972900,602000
2973001,602000
2973002,602000
2973101,602000
2973102,602000
2973103,602000
2973104,602000
2973200,602000
2973300,602000
2973400,602000
2973500,602000
2973600,602200
2973700,602200
2973801,602200
2973802,602200
2973900,602200
2974000,602500
2974100,602500
2974200,602500
2974300,602500
2974400,602500
2974500,602500
2974600,602500
2974701,602500
2974702,602500
2974800,602500
2974900,602500
2975000,602500
2975100,602500
2975200,602500
2975300,602500
2975400,602500
2975500,602500
2975600,602500
2975700,602500
2975800,602500
2975900,602500
2976000,602500
2976101,602500
2976102,602500
2976200,602500
2976301,602500
2976302,606700
2976401,602422
2976402,602422
2976403,602422
2976404,602422
2976405,602422
2976500,602422
2976600,602422
2976701,606220
2976702,606220
2976800,602000
2976900,602000
2977000,602000
2977100,602000
2977201,602000
2977202,602000
2977300,602000
2977400,602000
2977502,602500
2977503,602500
2977505,602500
2977506,602500
2977507,602500
2977508,602500
2977600,602500
2977701,602412
2977702,602412
2977800,602411
2977900,602412
2978000,602412
2978100,602412
2978200,602412
2978300,602412
2978401,602412
2978402,602412
2978403,602412
2978500,602412
2978600,602412
2978700,602412
2978800,602500
2978900,602411
2979000,602411
2979100,602411
2979200,602500
2979300,602500
2979400,602500
2979500,602500
2979600,602500
2979701,602500
2979702,602500
2979801,602422
2979802,602422
2979900,602421
2980000,602421
2980100,602421
2980201,602421
2980202,605910
2980203,602421
2980302,602421
2980303,602421
2980304,602421
2980305,602421
2980402,602421
2980403,602421
2980404,602421
2980405,602421
2980406,602421
2980408,602421
2980409,605800
2980500,602422
2980602,601900
2980603,601900
2980604,602422
2980700,602422
2980800,602500
2980900,602600
2981000,602600
2981100,602600
2981200,602600
2981300,602600
2981401,602600
2981402,602600
2981403,602500
2981500,606700
2981600,606700
2981700,606700
2981800,606700
2981901,606700
2981902,606700
2982000,606700
2982101,606700
2982102,606700
2982200,606700
2982300,606700
2982400,606700
2982500,606700
2982600,606700
2982700,606600
2982800,606600
2982900,606600
2983000,606600
2983100,606500
2983200,606500
2983300,606500
2983400,606500
2983500,606500
2983600,606700
2983700,606700
2983800,606700
2983900,606700
2984000,606700
2984100,606700
2984200,606700
2984300,606700
2984400,606700
2984500,606700
2984600,606700
2984700,606900
2984800,606900
2984900,606900
2985000,606900
2985100,606900
2985200,606900
2985300,606900
2985400,606900
2985500,606900
2985600,606900
2985700,606900
2985801,606900
2985802,606700
2985901,606700
2985903,606700
2985904,606700
2986001,606700
2986002,606700
2986101,606700
2986102,606700
2986200,606700
2986300,606700
2986400,606700
2986500,606700
2986600,606700
2986700,606700
2986801,606700
2986802,606700
2986803,606700
2986804,606700
2986805,606700
2986901,606700
2986902,606700
2987000,606700
2987100,606700
2987200,606700
2987300,606700
2987400,606700
2987501,606700
2987502,606700
2987600,606700
2987700,606700
2987800,606700
2987900,606700
2988000,606700
2988100,606700
2988200,606700
2988300,606700
2988400,606800
2988500,606800
2988600,606800
2988700,606800
2988800,606800
2988900,606800
2989000,606800
2989100,606800
2989200,606800
2989300,606800
2989400,606800
2989500,606800
2989600,606800
2989700,606800
2989800,606800
2989900,606800
2990000,606800
2990100,606800
2990200,606800
2990300,606800
2990400,606800
2990500,606800
2990600,606800
2990700,606800
2990800,606800
2990900,606800
2991000,606800
2991101,607400
2991102,607400
2991200,607400
2991300,607400
2991400,607400
2991500,607400
2991600,607400
2991700,607400
2991800,607400
2991900,607400
2992000,607400
2992100,607400
2992200,607400
2992300,607400
2992400,607400
2992500,607400
2992600,607400
2992700,607400
2992800,607400
2992900,607400
2993000,607400
2993100,607400
2993200,607400
2993300,607400
2993400,607400
2993500,607400
2993600,607400
2993700,607400
2993800,607400
2993900,607400
2994000,607400
2994100,607400
2994200,607400
2994300,607400
2994400,607400
2994500,607400
2994600,607400
2994700,607400
2994800,607400
2994900,607400
2995000,607400
2995100,607400
2995200,607400
2995300,607400
2995400,607400
2995500,607400
2995600,607400
2995700,607400
2995800,607400
2995900,607400
2996000,607400
2996100,607300
2996200,607300
2996300,607300
2996400,607300
2996500,607300
2996600,607300
2996700,607300
2996800,607300
2996900,607300
2997000,607300
2997100,607300
2997200,607100
2997300,607100
2997400,607300
2997500,607300
2997600,607300
2997701,607300
2997702,607300
2997800,607300
2997901,607300
2997902,607300
2998000,607300
2998100,607300
2998200,607300
2998300,607300
2998400,607300
2998500,607300
2998600,607300
2998700,607300
2998800,607300
2998900,607300
2999000,607300
2999102,607300
2999200,607200
2999300,607200
2999400,607200
2999500,607200
2999600,607300
2999701,607300
2999702,610080
2999801,607300
2999802,610080
2999901,610080
2999902,607300
3000000,607300
3000100,607300
3000200,607300
3000300,607300
3000400,607300
3000500,607300
3000600,607300
3000700,607300
3000800,607300
3000900,607300
3001000,607300
3001100,607300
3001200,607000
3001300,607000
3001400,607000
3001500,607000
3001600,607300
3001700,607300
3001800,607300
3001900,607300
3002001,607300
3002002,607400
3002100,607300
3002201,607300
3002202,607400
3002203,607400
3002300,607300
3002400,607300
3002500,607300
3002600,607300
3002700,607300
3002800,607300
3002900,607300
3003000,607300
3003100,607300
3003200,607300
3003300,607300
3003401,607300
3003402,610033
3003501,607300
3003502,607300
3003503,610033
3003601,607300
3003602,610033
3003603,610033
3003700,607300
3003800,607300
3003900,607300
3004001,607300
3004002,610032
3004101,607300
3004102,610032
3004200,607300
3004300,607300
3004401,607300
3004402,610032
3004403,610033
3004500,607300
3004600,607300
3004701,607502
3004702,607501
3004800,607501
3004900,607501
3005000,607501
3005101,607502
3005102,607501
3005200,607501
3005300,607501
3005400,607501
3005500,607501
3005600,607501
3005700,607501
3005800,607501
3005900,607501
3006000,607501
3006100,607501
3006200,607501
3006300,607501
3006400,607501
3006500,607501
3006601,607501
3006602,607501
3006700,607501
3006800,607501
3006900,607501
3007000,607501
3007100,607501
3007200,607501
3007300,607502
3007401,607502
3007402,607502
3007500,607502
3007600,607502
3007700,607502
3007800,607502
3007900,607502
3008000,607502
3008100,607502
3008201,607502
3008202,607502
3008300,607502
3008400,607502
3008500,607502
3008600,607502
3008700,607502
3008800,607502
3008900,607502
3009000,607502
3009100,607502
3009200,607502
3009300,607502
3009400,607800
3009500,607800
3009600,607800
3009700,607800
3009800,607800
3009900,607800
3010000,607800
3010100,607800
3010200,607800
3010300,607700
3010400,607700
3010500,607700
3010600,607700
3010700,607700
3010800,607700
3010900,607502
3011000,607502
3011100,607502
3011201,607502
3011202,607501
3011203,607502
3011300,607502
3011400,607502
3011500,607501
3011601,607502
3011602,607502
3011700,607502
3011800,607502
3011900,607502
3012000,607502
3012100,607502
3012200,607502
3012300,607502
3012400,607502
3012500,607502
3012600,607502
3012700,607502
3012800,607502
3012900,607502
3013000,607502
3013100,607502
3013200,607502
3013300,607502
3013400,607502
3013500,607502
3013600,607502
3013700,607502
3013800,607502
3013900,607600
3014000,607600
3014100,607600
3014200,607600
3014300,607600
3014400,607600
3014500,607600
3014600,607600
3014700,607600
3014800,608000
3014900,608000
3015000,608000
3015100,608000
3015200,608000
3015300,608000
3015400,608000
3015500,608000
3015600,608000
3015700,608000
3015800,608000
3015900,608000
3016000,608000
3016100,608000
3016200,608000
3016300,608000
3016400,608000
3016500,608000
3016600,608000
3016701,608000
3016702,601302
3016800,608000
3016900,608000
3017000,601302
3017100,601302
3017200,608000
3017300,608000
3017400,608000
3017500,608000
3017600,608000
3017700,608000
3017800,608000
3017900,608000
3018000,608000
3018100,608000
3018200,608000
3018300,608000
3018400,608000
3018500,608000
3018600,608000
3018700,607900
3018800,607900
3018900,607900
3019000,607900
3019100,607900
3019200,607900
3019300,607900
3019400,608100
3019500,608100
3019600,608100
3019700,608302
3019800,608302
3019900,608302
3020000,608302
3020100,608302
3020200,608302
3020300,608302
3020400,608302
3020500,608302
3020600,608302
3020700,608302
3020800,608302
3020900,608302
3021000,608302
3021100,608302
3021201,608302
3021202,608302
3021300,608302
3021400,608302
3021500,608302
3021603,608302
3021604,608302
3021605,608302
3021606,608302
3021607,608302
3021608,608302
3021609,608302
3021610,608302
3021700,608302
3021800,608302
3021900,608302
3022000,608302
3022100,608302
3022201,608302
3022202,608302
3022300,608302
3022400,608302
3022500,608302
3022600,608302
3022700,608302
3022800,608302
3022901,610020
3022902,608302
3023001,608302
3023002,608302
3023100,608303
3023201,608303
3023202,608303
3023203,608303
3023300,608303
3023401,608303
3023403,608303
3023404,608303
3023501,608303
3023502,608303
3023503,608303
3023504,608303
3023505,608303
3023506,608303
3023507,608303
3023508,608303
3023509,608303
3023510,608303
3023511,608303
3023600,608500
3023700,608500
3023800,608500
3023900,608500
3024000,608500
3024100,608500
3024200,608500
3024300,608500
3024400,608500
3024500,608500
3024601,608500
3024602,608500
3024603,608500
3024701,608500
3024702,608500
3024703,608500
3024800,608500
3024901,608500
3024902,608500
3025000,608500
3025100,608500
3025200,608500
3025300,608500
3025400,608500
3025500,608500
3025600,608500
3025700,608500
3025800,608500
3025900,608500
3026000,608500
3026100,608500
3026200,608500
3026300,608500
3026400,608500
3026500,608500
3026600,608500
3026700,608500
3026800,608500
3026900,608500
3027000,608500
3027100,608500
3027200,608500
3027300,608500
3027400,608304
3027500,608304
3027600,608304
3027700,608304
3027801,608305
3027802,608304
3027900,608304
3028002,608304
3028003,608304
3028004,608304
3028005,608304
3028006,608304
3028007,608304
3028008,608304
3028009,608304
3028010,608304
3028011,608304
3028012,608304
3028013,608304
3028100,608304
3028200,608304
3028300,608302
3028400,608302
3028500,608302
3028600,608302
3028700,608302
3028800,608302
3028900,608302
3029000,608302
3029100,608302
3029200,608302
3029302,608600
3029303,608600
3029304,608600
3029305,608600
3029400,608600
3029500,608600
3029600,608600
3029700,608600
3029800,608600
3029900,608600
3030000,608600
3030102,608600
3030103,608600
3030104,608600
3030105,608600
3030106,608600
3030201,608600
3030202,608600
3030300,608600
3030400,608600
3030500,608600
3030600,608600
3030700,608600
3030800,608600
3030903,608800
3030904,608800
3030905,608800
3030906,608800
3030908,608800
3030909,608800
3030910,608800
3030911,608800
3030912,608800
3030913,608800
3030914,608800
3030915,608800
3030916,608800
3030917,608304
3030918,608304
3030919,608304
3030920,608304
3030921,608304
3030922,608304
3031001,608304
3031002,608302
3031100,608302
3031200,608302
3031301,608302
3031304,608600
3031306,608600
3031307,608600
3031308,608600
3031309,608600
3031310,608600
3031311,608600
3031312,608600
3031313,608600
3031314,608600
3031401,608302
3031403,608600
3031404,608600
3031405,608600
3031406,608600
3031501,608302
3031504,608600
3031505,608600
3031506,608600
3031507,608600
3031508,608600
3031509,608600
3031510,608600
3031511,608600
3031600,608302
3031700,608302
3031800,608302
3031900,608302
3032001,608302
3032002,608302
3032100,608302
3032200,608302
3032300,609304
3032401,609304
3032402,609304
3032403,609304
3032404,609304
3032405,609304
3032502,609304
3032503,609304
3032504,609304
3032600,609304
3032701,609304
3032702,609304
3032800,609304
3032900,609304
3033000,609304
3033100,609304
3033201,609304
3033203,609302
3033204,609302
3033205,609302
3033301,609304
3033302,609304
3033400,609304
3033500,609304
3033600,609304
3033700,609302
3033800,609302
3033900,609302
3034000,609302
3034100,609302
3034201,609302
3034202,609302
3034300,609302
3034401,609302
3034402,609302
3034500,609302
3034600,609302
3034700,609302
3034800,609302
3034901,609200
3034902,609200
3034903,609200
3034904,609200
3034905,609200
3034906,609200
3034907,609200
3034908,609200
3035003,609200
3035005,609200
3035006,609200
3035007,609200
3035008,609200
3035009,609200
3035105,609200
3035106,609200
3035107,609200
3035108,609200
3035109,609200
3035110,609200
3035111,609200
3035112,609200
3035113,609200
3035201,608800
3035202,608800
3035203,608800
3035204,608800
3035205,608800
3035206,608800
3035301,608800
3035302,608800
3035303,608800
3035304,608800
3035305,608800
3035401,608800
3035402,608800
3035403,608800
3035404,608800
3035500,608800
3035600,608800
3035701,608800
3035702,608800
3035800,608800
3035900,608800
3036000,608800
3036100,608800
3036206,608800
3036207,608800
3036208,608800
3036211,608800
3036212,608800
3036214,608800
3036215,608800
3036216,608800
3036217,608800
3036218,608800
3036219,608800
3036220,608800
3036222,608800
3036223,608800
3036224,608800
3036225,608800
3036226,608800
3036227,608800
3036228,608800
3036229,608800
3036230,608800
3036231,608800
3036232,608800
3036233,608800
3036234,608800
3036235,608800
3036236,608800
3036237,608800
3036238,608800
3036239,608800
3036240,608800
3036241,608800
3036300,608800
3036400,608800
3036500,608800
3036602,608800
3036603,608800
3036604,608800
3036605,608800
3036606,608800
3036701,608800
3036702,609030
3036703,608800
3036704,608800
3036705,608800
3036802,608800
3036805,608800
3036807,608800
3036808,608800
3036809,608800
3036810,608800
3036811,608800
3036812,608800
3036813,608800
3036814,608800
3036815,608800
3036816,608800
3036817,608800
3036818,608800
3036819,608800
3036820,608800
3036821,608800
3036900,609029
3037000,608700
3037101,608700
3037102,608700
3037103,608700
3037200,608700
3037300,608700
3037400,608700
3037500,608700
3037600,608700
3037700,608700
3037800,608700
3037900,608700
3038000,608700
3038103,609031
3038104,609032
3038105,609032
3038106,609032
3038107,609303
3038108,609303
3038109,609303
3038110,609303
3038111,609303
3038112,609303
3038113,609303
3038114,609303
3038202,609304
3038208,609027
3038209,609304
3038211,609304
3038213,609302
3038214,609302
3038215,609302
3038216,609302
3038217,609302
3038218,609302
3038219,609303
3038220,609033
3038221,609302
3038223,609302
3038225,609304
3038226,609304
3038227,609304
3038228,609304
3038229,609304
3038230,609304
3038231,609304
3038232,609302
3038233,609302
3038234,609302
3038235,609302
3038236,609302
3038237,609302
3038238,609302
3038239,609302
3038240,609302
3038241,609302
3038242,609302
3038243,609302
3038244,609302
3038303,608700
3038304,608700
3038305,608700
3038306,608700
3038308,609033
3038309,609033
3038310,608700
3038311,608700
3038400,609029
3038500,609029
3038600,609029
3038701,609029
3038702,609031
3038800,609029
3038901,609029
3038903,609029
3038904,608800
3038905,608800
3038906,608800
3038907,608800
3039000,609029
3039100,609029
3039200,609031
3039300,609013
3039402,609303
3039404,609031
3039405,609031
3039406,609303
3039502,609031
3039504,609303
3039508,609023
3039511,609023
3039512,609023
3039514,609023
3039515,609027
3039516,609027
3039517,609031
3039518,609023
3039519,609023
3039521,609023
3039522,609023
3039523,609023
3039524,609023
3039525,609023
3039526,609023
3039527,609023
3039528,609023
3039529,609023
3039530,609023
3039531,609023
3039532,609023
3039533,609023
3039534,609023
3039535,609023
3039536,609023
3039601,609031
3039602,609031
3039703,609032
3039704,609028
3039705,609028
3039708,609032
3039709,609032
3039710,609032
3039711,609032
3039712,609034
3039713,609034
3039714,609034
3039715,609034
3039716,609034
3039718,609034
3039719,609034
3039720,609034
3039721,609034
3039722,609034
3039723,609034
3039724,609034
3039725,609034
3039726,609034
3039727,609034
3039804,609032
3039805,609028
3039806,609032
3039807,609028
3039808,609032
3039809,609200
3039810,609200
3039811,609200
3039812,609200
3039813,609200
3039814,609200
3039815,609200
3039816,609200
3039817,609200
3039818,609200
3039819,609200
3039820,609200
3039821,609200
3039900,609031
3040001,609035
3040002,609031
3040101,609035
3040104,609022
3040105,609022
3040106,609022
3040107,609022
3040109,609022
3040110,609022
3040111,609022
3040112,609022
3040113,609022
3040114,609022
3040115,609022
3040116,609022
3040117,609022
3040200,609014
3040300,609027
3040401,609014
3040402,610020
3040500,609014
3040602,610020
3040603,609027
3040604,609014
3040700,609014
3040800,610020
3040900,610020
3041001,610020
3041002,610020
3041003,610020
3041101,610020
3041102,610020
3041200,610020
3041300,610020
3041400,610020
3041500,610020
3041600,610020
3041700,610020
3041800,610020
3041901,610020
3041902,610020
3042000,610020
3042100,610020
3042200,608302
3042300,610020
3042400,610020
3042500,610020
3042600,610020
3042700,610020
3042800,610020
3042900,610020
3043000,610020
3043100,610020
3043200,610020
3043300,610020
3043400,610020
3043500,610020
3043600,610020
3043700,610020
3043800,610020
3043900,610020
3044000,610020
3044100,609600
3044200,609600
3044300,609600
3044400,609600
3044500,609600
3044601,610020
3044602,610020
3044700,610020
3044801,610020
3044802,610020
3044900,610020
3045001,610020
3045002,610020
3045100,610020
3045200,610020
3045300,610020
3045400,610020
3045500,610020
3045600,610020
3045700,609400
3045800,609400
3045900,610040
3046001,610020
3046002,610020
3046100,610020
3046200,610020
3046300,610040
3046400,610040
3046500,610040
3046600,610040
3046700,610040
3046800,610020
3046901,610020
3046902,610020
3047000,610020
3047100,610020
3047200,610020
3047300,610020
3047401,610020
3047402,610020
3047403,610020
3047500,610020
3047600,610032
3047700,610032
3047801,607300
3047802,610032
3047900,610032
3048000,610032
3048100,610032
3048201,610032
3048202,610032
3048300,610031
3048400,610031
3048500,610031
3048600,610031
3048700,610031
3048800,610031
3048900,610031
3049000,610031
3049100,610031
3049200,610031
3049300,610031
3049400,610031
3049500,610031
3049600,610031
3049701,610031
3049702,610032
3049800,610031
3049900,609500
3050000,609500
3050100,609500
3050200,610032
3050300,610032
3050400,610032
3050500,610032
3050600,610032
3050700,610032
3050800,610032
3050900,610032
3051000,610032
3051100,610032
3051200,610032
3051300,610032
3051400,610033
3051501,610032
3051502,610010
3051601,610032
3051602,610010
3051701,610032
3051702,610010
3051703,610220
3051704,610033
3051800,610033
3051900,610031
3052001,610032
3052002,610032
3052100,610032
3052200,610010
3052300,610032
3052401,610010
3052402,610010
3052403,610010
3052404,610010
3052405,610010
3052500,610010
3052600,610031
3052700,610032
3052800,610032
3052900,610032
3053000,610032
3053100,610032
3053200,610010
3053300,610010
3053400,610010
3053500,610032
3053601,610033
3053602,610033
3053701,610033
3053702,610033
3053800,610033
3053900,610033
3054000,610033
3054100,610033
3054200,610033
3054301,610010
3054302,610033
3054401,610033
3054402,610080
3054500,610033
3054601,610080
3054602,609800
3054700,610080
3054800,610033
3054900,610033
3055000,610033
3055100,610033
3055200,610033
3055300,610033
3055400,610033
3055500,610033
3055600,610033
3055700,610240
3055800,610240
3055900,610240
3056000,610240
3056100,610240
3056200,610240
3056300,610240
3056400,610240
3056500,610240
3056600,610240
3056700,610240
3056800,610240
3056900,610240
3057000,610240
3057100,610250
3057200,610240
3057300,610240
3057400,610250
3057500,610250
3057600,610250
3057700,610250
3057800,610240
3057900,610240
3058000,610250
3058100,610250
3058200,610240
3058300,610240
3058400,610250
3058500,610250
3058600,610240
3058700,610240
3058800,610250
3058900,610240
3059000,610240
3059100,610240
3059200,610240
3059300,610240
3059400,610240
3059500,610240
3059600,610240
3059700,610240
3059800,610240
3059900,610240
3060000,610230
3060100,610230
3060200,610230
3060300,610230
3060400,610230
3060500,610230
3060600,610230
3060700,610230
3060800,610230
3060900,610230
3061000,610230
3061100,610230
3061200,610230
3061300,610230
3061400,610230
3061500,610230
3061600,610210
3061700,610210
3061800,610210
3061900,610210
3062000,610210
3062100,610210
3062200,610210
3062300,610210
3062400,610210
3062500,610210
3062600,610210
3062700,610210
3062800,610210
3062900,610210
3063000,610210
3063100,610210
3063200,610210
3063300,610210
3063400,610210
3063500,610210
3063600,610210
3063700,610210
3063800,610210
3063900,610210
3064000,610210
3064100,610210
3064200,610230
3064300,610230
3064400,610230
3064500,610250
3064600,610250
3064700,610250
3064800,610250
3064900,610250
3065000,610250
3065100,610220
3065200,610220
3065300,610220
3065400,610220
3065500,610220
3065600,610220
3065700,610220
3065800,610220
3065900,610220
3066000,610220
3066100,610220
3066200,610220
3066300,610220
3066400,610220
3066500,610220
3066600,610220
3066700,610220
3066800,610220
3066900,610220
3067000,610220
3067100,610400
3067200,610400
3067300,610400
3067400,610400
3067500,610400
3067600,610400
3067700,610400
3067800,610400
3067900,610400
3068000,610400
3068100,610400
3068200,610400
3068300,610400
3068400,610400
3068500,610400
3068600,610400
3068700,610400
3068800,610400
3068900,610400
3069000,610400
3069100,610400
3069200,610400
3069300,610400
3069400,610400
3069500,610400
3069600,610400
3069700,610400
3069800,610400
3069900,610400
3070000,610400
3070100,610400
3070200,610400
3070300,610400
3070400,610400
3070500,610400
3070600,610040
3070700,610040
3070800,610040
3070901,610040
3070902,610040
3071000,610040
3071100,610040
3071200,610040
3071300,610040
3071400,610040
3071500,610040
3071600,610020
3071700,610040
3071800,610040
3071900,610040
3072000,610040
3072100,610040
3072200,610040
3072300,610040
3072400,610040
3072500,610040
3072600,610040
3072700,610040
3072800,610040
3072901,610040
3072902,610040
3073000,610040
3073100,610040
3073200,610040
3073300,610040
3073400,610040
3073500,610040
3073600,610040
3073700,610040
3073800,610040
3073900,610040
3074000,610040
3074100,610040
3074200,610040
3074300,610040
3074400,610040
3074500,612740
3074600,610040
3074702,610500
3074703,610040
3074704,610040
3074801,610040
3074802,610500
3074900,610040
3075000,610040
3075100,610040
3075200,610040
3075300,610040
3075400,610040
3075500,610040
3075600,610040
3075700,610040
3075800,610040
3075900,610040
3076000,610040
3076100,610040
3076200,610040
3076300,610040
3076400,610051
3076500,610051
3076600,610051
3076700,610051
3076800,610051
3076900,610051
3077000,610051
3077100,610051
3077200,610051
3077300,610051
3077400,610051
3077500,610051
3077600,612740
3077701,610040
3077702,612740
3077800,610040
3077900,610051
3078000,610051
3078100,610051
3078200,610051
3078300,610051
3078400,610051
3078500,610051
3078600,610051
3078700,610051
3078800,610051
3078900,610051
3079000,610051
3079100,610051
3079200,610051
3079300,610051
3079401,610052
3079402,610052
3079500,610051
3079602,610090
3079603,610051
3079604,610051
3079700,610051
3079800,610051
3079901,610051
3079902,610090
3080001,610051
3080002,610090
3080102,610090
3080103,610051
3080104,610090
3080105,610051
3080106,610051
3080200,610090
3080300,610051
3080402,610090
3080403,610051
3080404,610051
3080500,610051
3080600,610051
3080700,610051
3080800,610051
3080900,610051
3081000,609911
3081100,609912
3081200,609912
3081300,609912
3081400,609912
3081500,609912
3081600,609912
3081701,609912
3081702,609912
3081800,610052
3081900,610052
3082000,610052
3082100,610052
3082200,610052
3082300,610052
3082400,609913
3082500,609913
3082600,610052
3082700,610052
3082801,610052
3082802,609922
3082900,610052
3083000,609922
3083101,609922
3083102,609922
3083201,609922
3083202,609922
3083203,609922
3083300,609922
3083401,609922
3083402,609922
3083403,609922
3083501,609922
3083502,609922
3083701,609921
3083702,609922
3083703,609922
3083801,609921
3083802,609922
3083901,609921
3083902,609922
3084001,609921
3084002,609922
3084100,609922
3084201,609921
3084202,609922
3084300,609922
3084400,609922
3084501,609922
3084502,609922
3084601,609922
3084602,609922
3084700,609922
3084800,610500
3084900,610500
3085000,610500
3085100,610500
3085200,610500
3085300,610500
3085400,610500
3085500,610500
3085600,610500
3085700,610500
3085800,610500
3085900,610500
3086000,610500
3086100,610500
3086200,610500
3086300,610500
3086400,610500
3086500,610500
3086600,610500
3086700,610500
3086800,610500
3086900,610500
3087000,610500
3087100,610500
3087201,610061
3087202,610061
3087301,610061
3087302,610061
3087400,610061
3087501,610010
3087503,610032
3087504,610061
3087600,610061
3087700,610061
3087802,610010
3087803,610032
3087804,610061
3087900,610061
3088000,610061
3088100,610061
3088200,610061
3088300,610061
3088400,610040
3088501,610061
3088502,610061
3088600,610040
3088700,610040
3088800,610040
3088900,610061
3089000,610061
3089100,610061
3089200,610061
3089300,610061
3089400,610061
3089500,610061
3089600,610061
3089700,610061
3089800,610061
3089900,610073
3090000,610073
3090100,610061
3090200,610061
3090300,609911
3090400,610061
3090500,609912
3090600,609911
3090700,609912
3090800,609911
3090900,609912
3091000,609911
3091100,609912
3091201,610061
3091202,610062
3091301,610602
3091302,609912
3091400,609912
3091500,609912
3091600,610062
3091701,609912
3091702,609912
3091801,609912
3091802,609914
3091900,609914
3092000,610061
3092100,610061
3092200,610061
3092300,610061
3092401,610061
3092402,610062
3092500,610061
3092600,610061
3092700,610073
3092800,610061
3092901,610062
3092902,610062
3092903,610062
3092904,610062
3093000,610062
3093100,610074
3093200,610080
3093300,610080
3093400,610080
3093500,610080
3093600,610080
3093700,610080
3093800,610080
3093900,610080
3094000,610080
3094100,610080
3094200,610080
3094300,610080
3094400,610080
3094500,610080
3094600,610080
3094700,610080
3094800,610080
3094900,610080
3095000,610080
3095100,610080
3095200,610080
3095300,610080
3095400,610080
3095500,610080
3095600,610080
3095700,610080
3095800,610080
3095900,610080
3096000,610080
3096100,610080
3096200,610080
3096300,610080
3096400,610080
3096500,610080
3096600,610080
3096701,610080
3096702,610080
3096800,610080
3096900,610080
3097000,610080
3097100,610080
3097200,610080
3097300,610080
3097400,610080
3097500,610080
3097600,610080
3097702,610080
3097703,610080
3097801,610080
3097803,607300
3097804,610080
3097901,609800
3097902,610080
3098001,609800
3098002,610080
3098102,610080
3098103,609800
3098104,609800
3098200,609800
3098300,609800
3098400,609800
3098500,609800
3098600,609800
3098700,609800
3098800,609800
3098900,610601
3099000,610601
3099100,610601
3099200,610601
3099300,610601
3099400,610602
3099500,610601
3099600,610601
3099701,610602
3099702,610602
3099703,610602
3099704,610602
3099705,610602
3099706,610602
3099707,610602
3099708,610602
3099709,610602
3099800,610602
3099900,610601
3100000,610601
3100100,610601
3100200,610601
3100300,610601
3100400,610601
3100500,610601
3100600,610601
3100700,610601
3100800,610601
3100900,610601
3101000,610601
3101100,610601
3101200,610601
3101300,610601
3101400,610601
3101500,610601
3101600,610601
3101700,610601
3101800,610601
3101900,610601
3102000,610601
3102100,610601
3102200,610601
3102300,610601
3102400,610601
3102500,610601
3102600,610601
3102700,610601
3102800,610602
3102900,610602
3103000,610602
3103100,610602
3103201,610602
3103202,610602
3103203,610602
3103300,610602
3103400,610602
3103500,610602
3103600,610602
3103700,610602
3103800,610602
3103900,610602
3104000,610601
3104100,611300
3104200,611300
3104300,611300
3104400,611300
3104500,611300
3104600,611300
3104700,611300
3104800,611300
3104900,611300
3105000,611300
3105100,611300
3105200,611300
3105300,611300
3105400,611300
3105500,611300
3105600,611300
3105700,611300
3105800,611300
3106000,611210
3106100,611210
3106200,611210
3106300,611210
3106400,611210
3106500,611210
3106600,611210
3106700,611210
3106800,611210
3106900,611210
3107000,611210
3107100,611210
3107200,611210
3107300,611210
3107400,611210
3107500,611210
3107600,611210
3107700,611210
3107800,611210
3107900,611210
3108000,611210
3108100,611210
3108200,611210
3108300,611210
3108400,611210
3108500,611210
3108600,611210
3108700,611210
3108800,611210
3108900,611210
3109000,611210
3109100,611210
3109200,611210
3109300,611210
3109400,611210
3109500,611210
3109600,611220
3109700,611220
3109800,611220
3109900,611220
3110000,611220
3110100,611220
3110200,611220
3110300,611220
3110400,611220
3110500,611220
3110600,611220
3110700,611220
3110800,611220
3110900,611220
3111000,611220
3111100,611220
3111200,611220
3111300,611220
3111400,611220
3111500,611220
3111600,611220
3111700,611220
3111800,611220
3111900,611220
3112000,611220
3112100,611220
3112200,611220
3112300,611220
3112400,611700
3112500,611700
3112600,611700
3112700,611700
3112800,611700
3112900,611700
3113000,611700
3113100,611700
3113200,611700
3113300,611700
3113400,611700
3113500,611700
3113600,611700
3113700,611700
3113800,611700
3113900,611700
3114000,611700
3114100,611700
3114200,611700
3114300,611700
3114400,611700
3114500,611700
3114600,611700
3114700,611700
3114800,611700
3114900,611700
3115000,611700
3115100,610800
3115200,610800
3115300,610800
3115400,610800
3115500,610800
3115600,610800
3115700,610800
3115800,610800
3115900,610800
3116000,610800
3116100,610800
3116200,610800
3116300,610800
3116400,610800
3116500,610800
3116600,610800
3116700,610800
3116800,610800
3116900,610800
3117000,610800
3117100,610800
3117200,610800
3117300,610800
3117400,610800
3117500,610800
3117600,610800
3117700,610800
3117800,610800
3117900,610800
3118000,610800
3118100,610800
3118200,610800
3118300,610800
3118400,610800
3118500,610800
3118600,610800
3118700,610800
3118800,610800
3118900,610800
3119000,610800
3119100,610800
3119200,610800
3119300,610800
3119400,610800
3119501,610800
3119502,610800
3119503,610800
3119601,610800
3119602,610800
3119700,610800
3119800,610800
3119900,610800
3120000,610800
3120100,610800
3120200,610700
3120300,610700
3120400,610700
3120500,610700
3120600,610700
3120700,610700
3120800,610700
3120900,610700
3121000,610700
3121100,610700
3121200,610700
3121300,610700
3121400,610700
3121500,610700
3121600,610700
3121700,610700
3121800,610700
3121900,610700
3122000,610700
3122100,610700
3122200,610700
3122300,610700
3122400,610700
3122500,610700
3122600,610700
3122700,610700
3122800,610700
3122900,610700
3123000,610700
3123100,610700
3123200,610700
3123300,610700
3123400,610700
3123500,610700
3123600,610700
3123700,610700
3123800,610700
3123900,610700
3124000,610700
3124100,610700
3124200,610700
3124300,610900
3124400,610900
3124500,610900
3124600,610900
3124700,610900
3124800,610900
3124900,610900
3125000,610900
3125100,610900
3125200,610900
3125300,610900
3125400,610900
3125500,610900
3125600,610900
3125700,610900
3125800,610900
3125900,610900
3126000,610900
3126100,610900
3126200,610900
3126300,610900
3126400,610900
3126500,610900
3126600,610900
3126700,610900
3126800,610900
3126900,610900
3127000,610900
3127100,610900
3127200,610900
3127300,610900
3127400,610900
3127500,610900
3127600,610900
3127700,610900
3127800,610900
3127900,610900
3128000,610900
3128100,610900
3128200,610900
3128300,610900
3128400,610900
3128500,611001
3128600,611001
3128700,611001
3128800,611001
3128900,611001
3129000,611001
3129100,611001
3129200,611001
3129300,611001
3129400,611001
3129500,611001
3129600,611001
3129700,611001
3129800,611001
3129900,611001
3130000,611001
3130100,611001
3130200,611001
3130300,611001
3130400,611001
3130500,611001
3130600,611001
3130700,611001
3130800,611001
3130900,611001
3131000,611001
3131100,611001
3131200,611001
3131300,611001
3131400,611001
3131500,611001
3131600,611001
3131700,611001
3131800,611001
3131900,611001
3132000,611001
3132100,611002
3132200,611002
3132300,611002
3132400,611002
3132500,611002
3132600,611002
3132700,611002
3132800,611002
3132900,611002
3133000,611002
3133100,611002
3133200,611002
3133300,611002
3133400,611002
3133500,611002
3133600,611002
3133700,611002
3133800,611002
3133900,611002
3134000,611002
3134100,611002
3134200,611002
3134300,611002
3134400,611002
3134500,611002
3134600,611002
3134700,611002
3134800,611100
3134900,611100
3135000,611100
3135100,611100
3135200,611100
3135300,611100
3135400,611100
3135500,611100
3135600,611100
3135700,611100
3135800,611100
3135900,611100
3136000,611100
3136100,611100
3136200,611100
3136300,611100
3136400,611100
3136500,611100
3136600,611100
3136700,611100
3136800,611100
3136900,611100
3137000,611100
3137100,611100
3137200,611100
3137300,611100
3137400,611100
3137500,611100
3137600,611100
3137700,611100
3137800,611100
3137900,611100
3138000,611100
3138100,611100
3138200,611100
3138300,611100
3138400,611100
3138500,611100
3138600,611100
3138700,611500
3138801,611500
3138802,611500
3138901,611500
3138902,611500
3139000,611500
3139100,611500
3139200,611500
3139300,611500
3139400,611500
3139500,611500
3139600,611500
3139700,611500
3139800,611500
3139900,611500
3140000,611500
3140100,611500
3140200,611500
3140300,611500
3140400,611500
3140500,611500
3140600,611500
3140700,611500
3140800,611500
3140900,611500
3141000,611500
3141100,611500
3141200,611500
3141300,611500
3141400,611500
3141500,611500
3141601,611500
3141602,611500
3141700,611500
3141800,611500
3141901,611500
3141902,611500
3141903,611500
3142000,611500
3142100,611500
3142200,611500
3142300,611500
3142400,611500
3142500,611400
3142600,611400
3142700,611400
3142800,611400
3142900,611400
3143000,611400
3143100,611400
3143200,611400
3143300,611400
3143400,611400
3143500,611400
3143600,611400
3143700,611400
3143800,611400
3143900,611400
3144000,611400
3144100,611400
3144200,611400
3144300,611400
3144400,611400
3144500,611400
3144600,611400
3144700,611400
3144800,611400
3144900,611400
3145000,611400
3145100,611400
3145200,611400
3145300,611400
3145400,611400
3145500,611400
3145600,611400
3145700,611400
3145800,611400
3145900,611602
3146000,611601
3146100,611601
3146200,611602
3146300,611602
3146400,611601
3146500,611601
3146600,611601
3146700,611601
3146800,611601
3146900,611601
3147000,611601
3147100,611601
3147200,611601
3147300,611601
3147400,611601
3147501,611601
3147502,611601
3147600,611601
3147700,611602
3147800,611602
3147900,611602
3148000,611602
3148100,611602
3148200,611602
3148300,611602
3148400,611602
3148500,611602
3148600,611602
3148700,611602
3148800,611602
3148900,611602
3149000,611602
3149100,611602
3149200,611602
3149300,611602
3149400,611602
3149500,611602
3149600,611602
3149700,611602
3149800,611601
3149900,611601
3150000,611601
3150101,611601
3150102,611601
3150200,611602
3150300,611602
3150401,611601
3150402,611601
3150500,611800
3150600,611800
3150700,611800
3150800,611800
3150900,611800
3151000,611800
3151101,611800
3151102,611800
3151103,611800
3151104,611800
3151200,611800
3151300,611800
3151400,611800
3151501,611800
3151502,611800
3151600,611800
3151700,611800
3151800,611800
3151900,611800
3152000,611800
3152100,611800
3152200,611800
3152301,611800
3152302,611800
3152400,611800
3152500,611800
3152600,611800
3152700,611800
3152800,611800
3152900,611800
3153000,611800
3153100,611800
3153200,611800
3153300,611800
3153401,611800
3153402,611800
3153403,611800
3153404,611800
3153501,609914
3153502,609914
3153503,609914
3153600,611900
3153700,611900
3153800,611900
3153900,611900
3154000,611900
3154100,626500
3154201,613000
3154202,613000
3154203,613000
3154205,613000
3154300,613000
3154400,613000
3154500,613000
3154600,613000
3154700,613000
3154800,613000
3154901,613000
3154902,613000
3155001,613000
3155002,613000
3155003,613000
3155004,613000
3155005,613000
3155006,613000
3155101,613000
3155102,613000
3155200,612100
3155300,612100
3155400,612100
3155500,612100
3155600,612100
3155700,612100
3155800,612100
3155900,612100
3156000,612100
3156100,612100
3156200,612100
3156300,612100
3156400,612100
3156500,612100
3156600,612100
3156700,612100
3156800,612100
3156900,612100
3157000,612100
3157100,612100
3157200,612100
3157300,612100
3157400,612100
3157500,612100
3157600,612100
3157700,612100
3157800,612100
3157900,612100
3158000,612100
3158100,612100
3158200,612100
3158300,612100
3158400,612100
3158500,612100
3158600,612100
3158700,612100
3158800,612100
3158900,612100
3159000,612100
3159100,612100
3159200,612100
3159300,612100
3159400,610074
3159500,610074
3159601,610074
3159602,610074
3159702,610075
3159800,610075
3159901,610074
3160000,610074
3160101,610074
3160200,610074
3160300,610074
3160400,610074
3160500,610074
3160600,609914
3160700,609914
3160800,609914
3160900,609914
3161000,609914
3161100,609914
3161200,609914
3161301,611002
3161302,609914
3161400,610074
3161500,610074
3161600,610074
3161700,610074
3161801,610074
3161802,610072
3161901,610072
3161902,610074
3162000,610072
3162100,610072
3162200,610072
3162301,610072
3162302,610074
3162400,610072
3162500,610072
3162601,610072
3162700,610072
3162800,610073
3162900,610072
3163000,610072
3163100,610072
3163200,610072
3163300,610072
3163400,610072
3163500,610072
3163600,610072
3163700,610072
3163800,610072
3163900,610073
3164000,610072
3164100,610072
3164200,610072
3164300,610072
3164400,610072
3164500,610072
3164600,610072
3164700,610072
3164801,609700
3164802,609700
3164803,610072
3164900,610072
3165000,610072
3165100,610072
3165200,610080
3165300,610072
3165400,610072
3165500,610072
3165600,609700
3165700,609700
3165800,609700
3165900,609700
3166000,609700
3166100,609700
3166200,609700
3166300,609700
3166501,626801
3166800,612400
3166900,612400
3167000,612400
3167100,612400
3167200,612400
3167300,612400
3167400,612400
3167500,612400
3167601,612400
3167602,612400
3167603,612400
3167604,612400
3167700,612400
3167800,612400
3167900,612400
3168000,612400
3168100,612400
3168200,612400
3168300,612400
3168400,612400
3168500,612400
3168600,612400
3168700,612400
3168800,612400
3168901,612400
3168902,612400
3168903,612400
3168904,612400
3168905,612400
3169000,612400
3169100,612400
3169200,612400
3169300,612400
3169400,612400
3169500,612400
3169600,612400
3169703,612901
3169704,612901
3169705,612902
3169800,612901
3169900,612901
3170000,612901
3170101,612714
3170102,612714
3170201,612714
3170202,612714
3170300,612714
3170400,612714
3170500,612714
3170600,612714
3170700,612713
3170800,612713
3170900,612713
3171000,612713
3171100,612714
3171201,612714
3171203,612714
3171204,610040
3171205,612720
3171300,612714
3171400,612714
3171500,612714
3171600,612714
3171700,612714
3171800,612714
3171900,612714
3172000,612714
3172100,612714
3172200,612712
3172300,612712
3172400,612712
3172500,612714
3172600,612714
3172700,612714
3172802,612714
3172803,612714
3172804,612714
3172900,612714
3173200,612714
3173302,612715
3173303,612714
3173304,612714
3173401,612714
3173403,612714
3173404,612714
3173501,612714
3173502,612714
3173503,612714
3173504,612400
3173600,609014
3173700,609014
3173800,609014
3173900,585325
3174000,609013
3174100,609013
3174200,609013
3174300,609013
3174400,609011
3174500,609011
3174600,609011
3174700,609011
3174800,609011
3174900,609011
3175000,609011
3175100,609011
3175200,609011
3175600,609013
3175801,609011
3175803,609011
3175900,609011
3176200,612600
3176300,612600
3176400,612600
3176500,612600
3176600,612600
3176700,612600
3176800,612600
3176900,612600
3177000,612600
3177100,612600
3177200,612600
3177300,612600
3177400,612600
3177500,612600
3177601,612740
3177602,612740
3177700,612740
3177800,612740
3177900,612740
3178000,612740
3178100,612740
3178200,612740
3178300,612740
3178400,612740
3178500,612740
3178600,612720
3178700,612720
3178800,612720
3178900,612720
3179000,612720
3179100,612720
3179200,612720
3179300,612720
3179400,612720
3179500,612720
3179600,612200
3179700,612200
3179800,612200
3179900,612200
3180000,612200
3180100,612200
3180200,612200
3180300,612200
3180400,612200
3180500,612200
3180600,612300
3180700,612300
3180800,612300
3180900,612300
3181000,612300
3181100,612300
3181200,612300
3181300,612300
3181400,612300
3181500,612300
3181600,612300
3181700,612720
3181800,612720
3181900,612720
3182000,612720
3182100,612720
3182200,612720
3182300,612720
3182400,612720
3182500,612720
3182600,612720
3182700,612720
3182800,612720
3182901,612740
3182902,612740
3183001,612740
3183002,612740
3183100,612740
3183200,612740
3183300,612740
3183400,612740
3183500,612740
3183600,612740
3183700,612740
3183800,612740
3183901,612901
3183902,612901
3184000,612901
3184101,612901
3184102,612903
3184201,612901
3184204,612901
3184301,612901
3184302,612901
3184400,612901
3184500,612901
3184601,612740
3184602,612740
3184700,612740
3184800,612740
3184900,612740
3185000,610051
3185100,612740
3185200,610051
3185300,612740
3185400,612740
3185500,612740
3185600,610051
3185701,612740
3185702,612740
3185703,612740
3185800,612740
3185900,612740
3186000,612740
3186100,612740
3186201,612740
3186202,612740
3186301,612740
3186302,612740
3186400,612740
3186500,612740
3186600,612740
3186701,612740
3186800,612740
3186900,612740
3187000,612730
3187100,612730
3187200,612730
3187300,612730
3187400,612730
3187500,612730
3187600,612730
3187700,612730
3187801,612730
3187802,612802
3187902,612730
3187903,612802
3187904,612802
3188000,612730
3188100,612730
3188200,612730
3188300,612730
3188400,612730
3188500,612730
3188600,612730
3188700,612730
3188800,612730
3188900,612730
3189000,612730
3189100,612730
3189200,612730
3189300,612730
3189400,612730
3189500,612730
3189600,612730
3189700,612802
3189800,612802
3189900,612802
3190000,612802
3190100,612802
3190201,612802
3190202,612802
3190300,612801
3190400,612801
3190500,612801
3190600,612801
3190700,612801
3190800,612801
3190900,612801
3191000,612801
3191100,612801
3191200,612801
3191300,612801
3191400,626700
3191600,612730
3191701,612730
3191702,612730
3191800,612730
3191900,612730
3192000,612730
3192100,612730
3192200,612730
3192300,612730
3192400,612730
3192500,612730
3192600,612730
3192700,612730
3192800,612730
3192900,612730
3193000,612730
3193100,612730
3193200,612730
3193300,612730
3193400,612730
3193500,612730
3193600,612730
3193700,612730
3193800,612730
3193900,612730
3194000,612730
3194101,612730
3194102,612500
3194103,612730
3194200,612500
3194300,612500
3194400,612500
3194500,612500
3194600,612500
3194700,612500
3194800,612500
3194900,612500
3201001,536517
3201002,536517
3201003,536517
3201004,536517
3201005,536517
3202001,523110
3202002,523110
3202003,523110
3203001,523105
3203002,523105
3203003,523105
3203004,523105
3204001,523106
3204002,523106
3204003,523106
3205001,523110
3205002,523110
3205003,523110
3206001,523110
3206002,523110
3206003,523110
3207001,523109
3207002,523109
3207003,523109
3208001,523106
3208002,523106
3208003,523106
3209001,523106
3209002,523106
3209003,523106
3210001,523105
3210002,523105
3210003,523105
