Code,proportionToHere
100,8.35E-05
200,9.69E-05
300,9.38E-06
400,4.95E-06
501,0
502,5.94E-06
600,6.43E-06
700,1.04E-05
800,1.74E-05
900,3.96E-06
1000,1.34E-05
1100,4.13E-05
1201,9.84E-05
1202,0
1203,1.68E-05
1204,0.000546493
1301,2.23E-05
1302,4.26E-05
1400,1.04E-05
1500,3.47E-06
1600,0
1700,0
1800,1.44E-05
1900,4.21E-05
2000,8.40E-06
2100,0
2200,3.76E-05
2301,1.09E-05
2302,1.48E-06
2303,1.29E-05
2304,1.29E-05
2305,4.45E-06
2306,1.98E-06
2400,1.34E-05
2500,0
2603,5.45E-06
2604,0.000102836
2605,1.19E-05
2606,4.71E-05
2607,3.43E-05
2608,6.93E-06
2609,1.53E-05
2610,2.77E-05
2611,1.29E-05
2700,2.72E-05
2800,7.91E-06
2900,2.03E-05
3000,1.09E-05
3100,9.38E-06
3200,2.58E-05
3300,3.02E-05
3400,8.89E-06
3501,2.48E-06
3502,5.94E-06
3503,5.02E-05
3504,4.95E-06
3505,4.95E-07
3506,5.45E-06
3600,9.87E-06
3701,6.93E-06
3702,9.38E-06
3800,3.71E-05
3900,2.62E-05
4000,2.87E-05
4101,5.06E-05
4102,2.58E-05
4104,8.40E-06
4105,7.42E-06
4106,7.42E-06
4107,5.45E-06
4108,3.38E-05
4201,3.47E-06
4202,2.97E-06
4203,4.95E-06
4204,7.91E-06
4205,1.48E-06
4206,7.91E-06
4207,7.91E-06
4208,1.09E-05
4209,1.48E-06
4210,3.47E-06
4301,1.63E-05
4302,4.47E-05
4400,2.08E-05
4501,1.98E-06
4502,0
4600,3.96E-06
4700,1.48E-06
4800,7.91E-06
4900,0.000103856
5000,1.19E-05
5100,2.58E-05
5201,1.09E-05
5202,1.48E-06
5300,0
5400,4.95E-07
5500,3.07E-05
5600,0.000544868
5700,2.82E-05
5800,1.98E-06
5900,3.68E-05
6000,7.91E-06
6100,5.94E-06
6200,5.94E-06
6300,7.00E-05
6400,4.45E-06
6500,2.08E-05
6600,2.67E-05
6700,2.77E-05
6800,9.87E-06
6900,2.43E-05
7000,5.45E-06
7101,4.95E-07
7102,3.47E-06
7201,7.91E-06
7202,0.000142029
7300,1.79E-05
7400,6.43E-06
7500,7.91E-06
7600,2.37E-05
7700,8.89E-06
7801,4.95E-06
7802,0
7900,3.22E-05
8000,1.98E-06
8100,4.06E-05
8200,1.19E-05
8301,2.18E-05
8302,0
8401,1.19E-05
8403,1.48E-06
8404,1.14E-05
8501,7.42E-06
8502,2.03E-05
8600,1.58E-05
8700,7.91E-06
8800,6.43E-06
8901,0
8902,1.04E-05
9001,5.94E-06
9002,0
9101,4.35E-05
9102,1.09E-05
9103,3.96E-06
9200,1.14E-05
9300,9.87E-06
9400,2.67E-05
9500,8.89E-06
9600,3.47E-06
9700,1.53E-05
9800,0
9900,2.48E-06
10005,8.40E-06
10006,5.45E-06
10007,3.47E-06
10008,7.91E-06
10009,4.95E-06
10010,6.93E-06
10011,4.95E-07
10012,7.91E-06
10013,2.48E-06
10014,1.48E-06
10101,3.61E-05
10102,2.03E-05
10200,1.48E-06
10300,4.95E-07
10400,1.34E-05
10500,3.61E-05
10600,1.24E-05
10700,5.25E-05
10800,2.97E-06
10900,1.74E-05
11000,7.91E-06
11100,1.24E-05
11200,0
11300,8.40E-06
11400,5.45E-06
11500,4.95E-07
11600,1.98E-06
11700,8.89E-06
11800,3.96E-06
11900,7.42E-06
12000,1.98E-06
12101,0
12102,4.45E-06
12103,4.11E-05
12200,5.45E-06
12300,3.96E-06
12400,1.58E-05
12500,1.19E-05
12601,5.45E-06
12602,1.48E-06
12701,9.87E-06
12702,1.48E-05
12800,2.97E-06
12902,1.19E-05
12903,7.15E-05
12904,4.16E-05
13000,3.17E-05
13100,3.46E-05
13203,3.51E-05
13204,7.42E-06
13205,1.68E-05
13206,2.27E-05
13207,1.29E-05
13300,4.21E-05
13400,1.98E-05
13500,2.39E-05
13600,3.18E-05
13700,2.03E-05
13800,4.95E-07
13900,1.83E-05
14000,0
14100,2.48E-06
14200,0.000288203
14300,1.44E-05
14400,4.11E-05
14500,2.48E-06
14600,4.95E-07
14700,8.89E-06
14800,1.98E-06
14900,2.82E-05
15000,1.39E-05
15100,1.68E-05
15200,1.09E-05
15300,3.12E-05
15401,2.48E-06
15402,6.74E-05
15500,4.11E-05
15600,2.87E-05
15700,1.39E-05
15800,1.79E-05
15900,1.19E-05
16000,9.38E-06
16100,2.59E-05
16200,1.39E-05
16300,1.63E-05
16400,2.48E-06
16500,4.95E-07
16600,1.29E-05
16700,1.34E-05
16800,7.91E-06
16901,0
16902,0
17001,0
17003,0
17005,0
17006,2.39E-05
17100,0
17200,0
17301,5.94E-06
17302,3.10E-05
17402,1.14E-05
17403,1.09E-05
17404,0.000496855
17405,1.48E-06
17406,1.48E-06
17407,4.95E-07
17408,1.48E-06
17409,9.87E-07
17500,1.79E-05
17600,1.44E-05
17700,1.44E-05
17800,1.63E-05
17900,4.95E-06
18000,1.98E-06
18100,1.39E-05
18201,1.68E-05
18202,4.95E-07
18203,3.47E-06
18300,5.45E-06
18400,4.95E-07
18500,4.95E-06
18600,2.97E-06
18700,8.40E-06
18800,1.53E-05
18900,3.96E-05
19000,4.95E-07
19100,8.40E-06
19200,6.93E-06
19300,8.40E-06
19400,0.000117676
19500,0
19600,3.68E-05
19700,1.29E-05
19801,1.53E-05
19802,4.95E-07
19900,2.58E-05
20000,1.68E-05
20100,0
20200,2.82E-05
20300,1.63E-05
20401,3.27E-05
20402,2.53E-05
20500,0.000252045
20600,1.48E-06
20700,1.29E-05
20800,8.40E-06
20900,6.93E-06
21000,3.47E-06
21100,6.43E-06
21200,4.95E-07
21300,3.47E-06
21400,9.87E-06
21500,7.42E-06
21600,4.95E-07
21700,0
21800,0
21900,6.43E-06
22000,1.88E-05
22100,7.91E-06
22200,3.96E-06
22300,8.40E-06
22400,3.96E-06
22500,1.93E-05
22600,6.93E-06
22700,6.93E-06
22800,8.40E-06
22900,3.47E-06
23000,5.94E-06
23100,2.32E-05
23200,7.42E-06
23300,1.24E-05
23400,1.63E-05
23500,0
23600,1.39E-05
23700,1.74E-05
23800,4.42E-05
23900,7.42E-06
24000,1.58E-05
24100,2.97E-06
24201,0
24202,0
24300,4.98E-05
24400,1.53E-05
24500,1.04E-05
24600,7.91E-06
24700,6.93E-06
24800,0
24900,6.43E-06
25000,8.40E-06
25100,1.24E-05
25200,1.58E-05
25300,1.39E-05
25400,1.14E-05
25500,1.48E-05
25600,9.38E-06
25700,3.47E-06
25800,1.14E-05
25900,8.40E-06
26001,4.95E-07
26002,1.04E-05
26100,4.45E-06
26201,6.43E-06
26202,3.37E-05
26301,1.48E-06
26302,8.40E-06
26303,4.95E-07
26304,3.47E-06
26305,4.45E-06
26400,9.38E-06
26500,1.29E-05
26600,6.93E-06
26700,2.97E-06
26800,5.94E-06
26900,6.93E-06
27000,9.87E-07
27100,1.04E-05
27200,0
27300,1.48E-06
27400,3.47E-06
27500,5.94E-06
27600,1.48E-06
27700,7.91E-06
27800,2.48E-06
27900,1.98E-06
28000,4.45E-06
28100,5.94E-06
28201,1.48E-06
28202,2.97E-06
28300,1.19E-05
28400,0
28500,3.00E-05
28600,6.93E-06
28700,5.94E-06
28800,9.87E-07
28900,3.47E-06
29000,3.47E-06
29101,4.95E-07
29102,0
29200,9.38E-06
29301,0
29302,6.43E-06
29400,7.42E-06
29500,8.40E-06
29600,2.48E-06
29700,5.94E-06
29800,1.04E-05
29900,3.96E-06
30000,6.43E-06
30100,3.47E-06
30200,2.97E-06
30300,4.45E-06
30400,7.42E-06
30500,6.43E-06
30600,8.89E-06
30700,1.48E-05
30800,5.94E-06
30900,2.48E-06
31000,2.48E-06
31100,2.48E-06
31200,0.000139089
31300,3.96E-06
31400,7.91E-06
31500,1.74E-05
31600,1.48E-06
31700,4.45E-06
31800,1.34E-05
31900,7.42E-06
32000,4.95E-07
32100,0.000257967
32200,5.94E-06
32300,0.000153929
32400,3.96E-06
32501,1.39E-05
32502,0
32600,1.53E-05
32700,6.93E-06
32800,5.45E-06
32900,6.43E-06
33000,1.14E-05
33100,2.48E-05
33200,6.93E-06
33300,3.96E-06
33400,5.94E-06
33500,2.97E-06
33600,2.92E-05
33700,3.56E-05
33800,2.92E-05
33900,1.44E-05
34000,4.08E-05
34101,3.82E-05
34102,3.96E-06
34201,1.58E-05
34202,1.93E-05
34301,1.48E-05
34302,4.95E-07
34400,1.39E-05
34500,7.91E-06
34600,9.38E-06
34700,2.08E-05
34800,6.43E-06
34900,1.44E-05
35000,1.14E-05
35100,3.47E-06
35200,1.88E-05
35300,5.94E-06
35401,1.48E-06
35402,3.47E-06
35501,1.14E-05
35502,1.48E-06
35600,6.43E-06
35700,2.27E-05
35800,1.93E-05
35900,2.43E-05
36000,6.93E-06
36100,1.19E-05
36202,9.87E-07
36203,1.98E-06
36204,1.98E-06
36301,4.45E-06
36302,1.48E-05
36303,4.45E-06
36401,9.38E-06
36402,1.48E-06
36500,1.14E-05
36600,9.87E-07
36700,1.63E-05
36800,4.95E-06
36901,9.87E-07
36902,1.48E-06
37000,5.32E-05
37100,2.48E-06
37202,9.87E-07
37203,0
37204,4.95E-07
37205,0
37301,0
37302,4.45E-06
37401,1.39E-05
37402,0.000152459
37501,8.40E-06
37502,1.48E-06
37600,8.40E-06
37701,3.47E-06
37702,5.45E-06
37802,3.22E-05
37803,1.39E-05
37804,4.95E-06
37805,2.48E-06
37806,0
37807,8.40E-06
37901,6.93E-06
37902,0
38001,4.95E-06
38002,0
38100,1.29E-05
38200,8.89E-06
38300,5.94E-06
38400,4.95E-06
38500,9.87E-06
38600,9.87E-06
38700,1.09E-05
38800,4.95E-07
38900,3.96E-06
39000,1.58E-05
39100,3.96E-06
39200,6.93E-06
39300,2.48E-06
39400,1.48E-06
39500,9.38E-06
39600,8.40E-06
39701,1.98E-06
39702,2.97E-06
39800,3.96E-06
39900,1.88E-05
40001,0
40002,3.96E-06
40100,4.45E-06
40200,8.40E-06
40300,4.95E-06
40400,4.45E-06
40501,9.87E-06
40502,0
40601,5.94E-06
40602,0
40701,1.93E-05
40702,6.93E-06
40703,1.39E-05
40801,4.02E-05
40802,3.47E-06
40900,1.34E-05
41000,8.89E-06
41100,1.83E-05
41200,3.02E-05
41300,3.12E-05
41401,1.14E-05
41402,1.44E-05
41403,1.58E-05
41500,5.45E-06
41600,1.39E-05
41700,2.43E-05
41800,4.12E-05
41900,1.48E-05
42001,1.39E-05
42002,2.03E-05
42101,6.93E-06
42102,1.24E-05
42103,1.44E-05
42201,5.94E-06
42202,4.06E-05
42300,2.92E-05
42400,1.48E-05
42500,1.48E-05
42600,6.93E-06
42700,1.83E-05
42800,4.95E-07
42900,4.95E-06
43000,2.53E-05
43100,1.58E-05
43200,4.76E-05
43300,1.04E-05
43400,6.93E-06
43500,2.27E-05
43600,1.19E-05
43700,3.47E-06
43800,3.27E-05
43902,3.47E-06
43904,3.12E-05
43905,2.62E-05
43906,3.91E-05
43907,2.48E-05
44003,2.92E-05
44004,2.23E-05
44005,2.58E-05
44006,2.03E-05
44007,2.97E-06
44008,1.24E-05
44101,0
44102,3.66E-05
44201,8.89E-06
44202,0
44301,1.93E-05
44302,0
44402,1.48E-06
44403,0.000150989
44404,2.62E-05
44405,8.89E-06
44406,2.23E-05
44501,5.15E-05
44503,4.45E-06
44504,2.43E-05
44505,1.68E-05
44506,7.42E-06
44507,1.39E-05
44508,9.38E-06
44602,4.17E-05
44603,8.40E-06
44604,8.40E-06
44605,4.22E-05
44606,8.89E-06
44607,1.34E-05
44608,7.91E-06
44609,1.09E-05
44610,2.97E-06
44611,2.55E-05
44701,2.23E-05
44702,2.43E-05
44703,1.48E-06
44801,3.61E-05
44803,1.04E-05
44804,7.42E-06
44805,4.45E-06
44806,9.38E-06
44807,6.93E-06
44808,8.40E-06
44901,5.94E-06
44902,1.98E-06
45000,1.29E-05
45100,7.91E-06
45200,7.42E-06
45300,1.14E-05
45400,8.40E-06
45500,5.45E-06
45600,5.45E-06
45700,2.48E-06
45800,8.89E-06
45901,6.43E-06
45902,6.43E-06
46001,5.94E-06
46002,2.97E-06
46100,5.94E-06
46200,2.48E-06
46300,6.43E-06
46400,7.91E-06
46500,4.45E-06
46600,1.48E-06
46700,5.94E-06
46801,2.97E-06
46802,2.97E-06
46901,1.98E-06
46902,3.47E-06
47001,0
47002,6.43E-06
47100,3.47E-06
47200,3.47E-06
47301,6.43E-06
47302,3.96E-06
47400,9.87E-07
47500,4.45E-06
47601,2.48E-06
47602,9.87E-07
47603,8.40E-06
47701,7.42E-06
47702,4.95E-07
47801,1.98E-06
47802,1.48E-06
47901,9.87E-06
47902,4.95E-07
48001,1.98E-06
48003,0
48004,7.91E-06
48101,0
48102,8.55E-05
48201,0
48203,7.42E-06
48204,9.54E-05
48205,4.45E-06
48301,0
48303,1.29E-05
48304,7.42E-06
48403,0
48404,2.77E-05
48405,0
48406,0
48407,0
48408,1.74E-05
48409,4.47E-05
48410,1.83E-05
48500,1.29E-05
48601,0
48602,4.95E-07
48701,0
48702,1.44E-05
48800,3.96E-06
48900,5.45E-06
49000,9.38E-06
49102,1.34E-05
49103,0
49104,1.98E-06
49105,0
49203,0
49204,3.96E-05
49205,0
49206,2.27E-05
49302,3.32E-05
49303,6.93E-06
49304,3.96E-06
49305,8.40E-06
49306,8.89E-06
49307,7.42E-06
49401,6.20E-05
49403,3.96E-06
49404,1.48E-06
49405,1.29E-05
49406,9.38E-06
49407,1.44E-05
49501,4.95E-06
49502,5.94E-06
49503,1.19E-05
49504,0.000509728
49505,5.45E-06
49506,7.91E-06
49507,5.94E-06
49600,0.000137611
49700,0.000101741
49801,2.97E-05
49802,4.31E-05
49901,2.92E-05
49903,4.45E-06
49904,4.45E-06
49905,7.42E-06
50001,1.93E-05
50002,1.98E-06
50003,3.03E-05
50004,5.45E-06
50100,7.63E-05
50201,9.87E-07
50202,2.48E-06
50303,1.44E-05
50304,7.91E-06
50305,3.38E-05
50306,1.09E-05
50307,5.94E-06
50308,7.91E-06
50309,3.18E-05
50310,3.28E-05
50311,7.42E-06
50400,1.63E-05
50501,4.95E-07
50502,0
50503,1.48E-06
50602,0
50603,2.97E-06
50604,2.48E-06
50605,7.91E-06
50701,0.0005476
50703,0
50704,0
50705,2.87E-05
50706,0
50707,0
50708,0
50802,4.95E-07
50803,9.87E-06
50804,0.000118291
50805,1.98E-06
50806,2.97E-06
50901,0
50902,2.97E-06
51000,1.48E-06
51101,0.00013414
51102,3.00E-05
51201,3.38E-05
51202,3.13E-05
51300,7.00E-05
51401,1.83E-05
51402,2.93E-05
51403,1.34E-05
51405,4.95E-07
51406,4.82E-05
51407,1.53E-05
51408,1.48E-05
51409,1.19E-05
51501,5.82E-05
51502,6.43E-06
51504,4.95E-07
51505,3.47E-06
51506,1.98E-06
51507,4.95E-06
51508,9.87E-07
51601,1.34E-05
51602,0
51700,6.43E-06
51800,7.91E-06
51900,2.97E-06
52001,4.45E-06
52002,4.45E-06
52100,5.94E-06
52200,0
52300,1.34E-05
52400,2.97E-06
52501,1.48E-06
52502,2.97E-06
52600,4.95E-07
52700,1.14E-05
52800,8.40E-06
52902,1.58E-05
52903,8.89E-06
52904,1.29E-05
52905,8.40E-06
52906,1.34E-05
52907,1.24E-05
53001,1.93E-05
53002,1.39E-05
53003,1.24E-05
53004,1.09E-05
53005,1.24E-05
53101,3.68E-05
53102,3.08E-05
53200,9.00E-05
53301,1.04E-05
53303,1.09E-05
53304,3.51E-05
53305,0.000170394
53403,2.32E-05
53404,2.53E-05
53405,3.13E-05
53406,2.72E-05
53407,2.48E-05
53408,8.40E-06
53502,6.93E-06
53503,3.96E-06
53504,3.96E-06
53505,6.93E-06
53506,6.93E-06
53507,3.47E-06
53508,4.45E-06
53509,8.89E-06
53600,0
53700,4.22E-05
53800,5.12E-05
53900,7.75E-05
54000,4.12E-05
54100,5.02E-05
54200,0.000167042
54300,5.27E-05
54400,7.40E-05
54501,9.00E-05
54502,0.000212705
54600,0.000199483
54700,3.38E-05
54801,4.02E-05
54802,0.000277835
54900,9.87E-06
55000,7.91E-06
55100,7.42E-06
55200,1.29E-05
55300,1.39E-05
55400,6.43E-06
55500,9.87E-06
55600,1.63E-05
55700,9.38E-06
55801,1.63E-05
55802,1.09E-05
55900,2.32E-05
56001,7.42E-06
56002,9.38E-06
56100,1.04E-05
56200,2.97E-06
56300,3.58E-05
56400,8.80E-05
56500,2.97E-06
56600,4.95E-06
56700,2.44E-05
56800,1.48E-06
56900,7.86E-05
57000,3.02E-05
57100,8.45E-05
57201,7.50E-05
57202,2.97E-06
57300,0.000135624
57400,1.39E-05
57500,1.58E-05
57600,1.29E-05
57700,2.48E-05
57800,1.34E-05
57900,0.000136121
58000,4.95E-06
58100,1.68E-05
58200,1.48E-05
58300,9.38E-06
58400,1.19E-05
58500,1.34E-05
58600,6.43E-06
58700,1.74E-05
58800,1.83E-05
58901,9.87E-07
58902,0
59000,4.78E-05
59100,0
59200,0
59301,0.000128191
59302,0
59400,2.48E-06
59500,5.45E-06
59600,1.34E-05
59700,3.46E-05
59800,0.000173962
59900,0
60000,3.47E-06
60100,7.42E-06
60200,8.89E-06
60300,1.63E-05
60400,6.93E-06
60500,1.63E-05
60600,2.08E-05
60700,2.53E-05
60800,1.19E-05
60900,1.04E-05
61000,1.74E-05
61100,0
61200,1.83E-05
61300,2.97E-06
61400,0
61501,0
61502,1.83E-05
61600,7.42E-06
61700,5.42E-05
61801,8.89E-06
61802,2.58E-05
61803,5.21E-05
61804,1.44E-05
61805,4.31E-05
61806,1.74E-05
61807,3.02E-05
61808,1.79E-05
61901,6.35E-05
61902,1.88E-05
61904,1.93E-05
61905,1.48E-05
62001,0
62002,4.51E-05
62102,1.39E-05
62105,9.87E-06
62106,1.98E-06
62107,1.39E-05
62108,1.58E-05
62109,2.27E-05
62110,3.66E-05
62202,2.43E-05
62203,1.09E-05
62204,1.68E-05
62205,1.04E-05
62206,4.02E-05
62301,7.42E-06
62303,1.68E-05
62304,0
62401,1.19E-05
62402,4.26E-05
62501,1.09E-05
62502,1.63E-05
62503,1.98E-06
62504,7.91E-06
62505,3.96E-06
62506,1.04E-05
62507,6.93E-06
62600,3.82E-05
62702,4.95E-06
62703,6.69E-05
62704,1.98E-06
62705,1.48E-06
62800,3.12E-05
62900,3.22E-05
63000,4.85E-05
63100,2.87E-05
63200,0.000166809
63300,0
63400,3.46E-05
63500,2.62E-05
63600,1.98E-05
63701,3.92E-05
63703,1.14E-05
63704,4.42E-05
63705,1.83E-05
63801,2.13E-05
63803,4.01E-05
63804,2.97E-05
63805,1.19E-05
63900,4.85E-05
64000,1.63E-05
64100,1.98E-06
64200,2.97E-06
64300,6.05E-05
64401,7.42E-06
64402,1.48E-06
64501,6.93E-06
64503,2.48E-06
64504,4.95E-06
64600,3.91E-05
64700,4.66E-05
64800,1.19E-05
64900,5.45E-06
65000,9.87E-07
65101,0
65102,1.98E-06
65200,2.87E-05
65300,9.38E-06
65400,1.24E-05
65500,7.42E-06
65600,3.12E-05
65700,6.43E-06
65800,7.91E-06
65900,1.48E-06
66000,4.95E-07
66100,7.42E-06
66200,6.93E-06
66300,9.38E-06
66400,1.98E-06
66500,7.42E-06
66600,1.09E-05
66700,2.48E-06
66800,7.42E-06
66900,4.45E-06
67000,0
67100,0
67200,0
67300,7.42E-06
67400,1.04E-05
67500,5.94E-06
67600,5.45E-06
67700,1.48E-06
67800,1.98E-05
67900,1.34E-05
68000,0
68100,3.47E-06
68200,1.34E-05
68300,1.48E-06
68400,1.39E-05
68500,1.34E-05
68600,1.24E-05
68700,1.68E-05
68801,3.66E-05
68802,2.82E-05
68900,2.48E-05
69000,4.35E-05
69100,3.56E-05
69201,3.42E-05
69202,2.48E-06
69300,6.04E-05
69402,9.87E-07
69403,1.14E-05
69404,3.96E-06
69500,3.37E-05
69603,2.08E-05
69604,4.95E-07
69606,2.97E-06
69607,2.43E-05
69608,4.35E-05
69609,2.27E-05
69700,4.56E-05
69800,2.97E-06
69900,6.21E-05
70001,1.39E-05
70002,1.19E-05
70003,1.58E-05
70100,3.12E-05
70201,2.97E-06
70202,0
70203,4.11E-05
70205,9.38E-06
70206,1.58E-05
70207,7.91E-06
70208,1.34E-05
70209,8.40E-06
70300,6.51E-05
70400,2.18E-05
70501,1.09E-05
70502,6.93E-06
70503,3.37E-05
70504,8.40E-06
70505,1.44E-05
70506,1.19E-05
70600,4.95E-07
70700,2.32E-05
70801,2.18E-05
70802,3.91E-05
70903,8.89E-06
70904,3.02E-05
70905,2.48E-06
70906,2.43E-05
70907,1.68E-05
71001,3.96E-06
71002,1.24E-05
71003,2.23E-05
71004,1.29E-05
71005,1.39E-05
71006,6.43E-06
71007,0
71100,3.76E-05
71200,1.93E-05
71301,6.59E-05
71302,1.98E-06
71400,9.87E-06
71500,2.27E-05
71600,3.46E-05
71701,9.87E-07
71702,3.91E-05
71800,4.40E-05
71901,1.98E-06
71902,1.53E-05
72000,4.70E-05
72101,1.98E-06
72102,1.74E-05
72200,2.32E-05
72300,2.58E-05
72401,4.45E-06
72402,0
72403,1.24E-05
72404,0
72501,0
72502,1.98E-06
72601,3.37E-05
72603,4.95E-07
72604,7.42E-06
72605,1.14E-05
72606,1.44E-05
72607,5.94E-06
72702,1.29E-05
72703,1.48E-05
72704,2.67E-05
72705,7.42E-06
72706,1.48E-06
72801,2.97E-06
72802,1.74E-05
72900,1.09E-05
73001,9.38E-06
73002,1.83E-05
73003,1.09E-05
73004,1.48E-05
73005,1.58E-05
73006,4.95E-07
73101,7.91E-06
73102,8.89E-06
73103,3.96E-06
73104,1.48E-06
73105,3.47E-06
73200,1.48E-06
73301,0
73302,9.87E-06
73400,2.58E-05
73501,2.58E-05
73503,2.03E-05
73504,1.39E-05
73505,5.37E-05
73601,3.17E-05
73602,2.97E-05
73701,4.12E-05
73703,1.24E-05
73704,9.87E-06
73705,9.87E-06
73706,1.74E-05
73802,4.95E-06
73803,0
73805,5.45E-06
73806,6.69E-05
73900,2.82E-05
74001,1.04E-05
74002,0
74004,1.29E-05
74005,1.04E-05
74101,7.42E-06
74102,5.79E-05
74203,1.53E-05
74204,1.09E-05
74205,1.48E-05
74206,1.04E-05
74207,8.89E-06
74208,1.04E-05
74209,3.77E-05
74210,1.04E-05
74211,9.38E-06
74304,2.67E-05
74305,9.38E-06
74306,1.19E-05
74307,7.42E-06
74308,8.89E-06
74309,8.40E-06
74310,6.93E-06
74311,2.48E-06
74312,1.14E-05
74400,0
74501,0
74502,0
74601,2.37E-05
74602,4.95E-07
74701,0
74702,9.38E-06
74703,1.29E-05
74704,9.38E-06
74801,1.24E-05
74802,7.91E-06
74803,1.14E-05
74900,4.21E-05
75001,2.08E-05
75002,2.97E-06
75100,2.03E-05
75200,2.92E-05
75300,4.66E-05
75401,1.09E-05
75402,7.42E-06
75403,1.79E-05
75404,9.87E-06
75500,1.14E-05
75601,2.43E-05
75602,7.91E-06
75700,1.48E-06
75800,0
75900,0
76000,9.87E-07
76100,4.95E-07
76200,4.95E-06
76300,5.00E-05
76400,2.23E-05
76500,7.91E-06
76600,0
76701,1.48E-06
76703,0
76704,0
76800,1.48E-06
76901,0
76902,2.97E-06
77000,4.78E-05
77100,1.39E-05
77200,1.68E-05
77300,4.45E-06
77400,2.97E-06
77500,9.38E-06
77600,1.24E-05
77700,1.09E-05
77800,2.97E-05
77901,0
77902,4.90E-05
78001,1.09E-05
78002,1.48E-06
78100,1.44E-05
78200,2.97E-06
78302,2.48E-06
78303,4.95E-07
78304,5.94E-06
78305,7.91E-06
78401,2.37E-05
78402,2.37E-05
78403,1.88E-05
78501,1.74E-05
78502,8.89E-06
78503,6.93E-06
78504,6.43E-06
78601,3.02E-05
78602,3.47E-06
78700,1.83E-05
78800,2.32E-05
78900,1.09E-05
79002,3.86E-05
79003,0
79006,7.42E-06
79007,9.38E-06
79009,9.87E-06
79011,8.40E-06
79012,5.94E-06
79013,5.45E-06
79014,5.94E-06
79015,5.45E-06
79016,6.43E-06
79017,4.95E-06
79101,1.48E-06
79102,6.93E-06
79201,3.96E-06
79202,1.29E-05
79203,1.48E-06
79301,9.38E-06
79302,1.19E-05
79303,7.42E-06
79304,5.45E-06
79305,8.89E-06
79402,5.74E-05
79403,5.94E-06
79404,7.91E-06
79405,7.91E-06
79406,1.04E-05
79407,1.09E-05
79500,4.95E-07
79601,1.48E-06
79603,2.18E-05
79605,4.85E-05
79606,2.27E-05
79701,3.27E-05
79703,2.18E-05
79704,2.23E-05
79802,8.45E-05
79803,0.000519108
79805,7.91E-06
79806,8.89E-06
79807,4.95E-06
79808,3.47E-06
79809,2.97E-06
79810,3.96E-06
79811,5.45E-06
79812,1.48E-06
79813,4.95E-06
79814,3.96E-06
79815,3.47E-06
79816,2.48E-06
79901,4.95E-07
79903,9.87E-07
79904,1.48E-06
80000,7.42E-06
80100,1.29E-05
80200,5.13E-05
80301,7.42E-06
80302,7.91E-06
80400,3.91E-05
80500,2.97E-05
80600,1.83E-05
80700,2.87E-05
80800,2.13E-05
80900,0.000109806
81000,3.32E-05
81100,5.36E-05
81200,1.88E-05
81300,2.03E-05
81401,5.45E-06
81402,1.98E-06
81403,4.95E-06
81404,7.42E-06
81405,5.45E-06
81406,1.98E-06
81407,3.13E-05
81408,1.74E-05
81501,3.47E-06
81502,4.45E-06
81503,9.87E-07
81504,4.95E-07
81505,9.87E-07
81506,3.47E-06
81507,3.96E-06
81508,1.48E-06
81509,1.98E-06
81510,1.48E-06
81511,4.95E-07
81512,9.87E-07
81513,0
81514,2.48E-06
81600,0
81700,9.87E-07
81801,3.96E-06
81805,0
81806,0
81807,0
81809,0
81810,0.000166052
81811,0
81900,2.03E-05
82001,2.18E-05
82002,1.53E-05
82100,2.37E-05
82200,1.83E-05
82300,1.58E-05
82400,2.53E-05
82500,1.48E-05
82601,1.63E-05
82602,8.40E-05
82701,8.89E-06
82703,2.67E-05
82704,2.27E-05
82801,3.47E-06
82803,7.42E-06
82804,8.89E-06
82900,4.45E-06
83001,3.07E-05
83002,1.98E-05
83100,1.34E-05
83200,2.87E-05
83300,2.18E-05
83400,8.89E-06
83500,2.37E-05
83600,1.63E-05
83701,6.93E-06
83702,7.91E-06
83801,2.97E-06
83802,5.45E-06
83803,8.89E-06
83901,3.37E-05
83903,3.76E-05
83904,2.92E-05
84000,1.83E-05
84100,2.03E-05
84200,2.92E-05
84300,1.39E-05
84400,6.73E-05
84500,6.78E-05
84600,0.000150989
84700,1.39E-05
84800,6.43E-06
84900,2.08E-05
85000,4.27E-05
85100,1.53E-05
85200,1.83E-05
85300,2.23E-05
85400,1.79E-05
85501,0.000505248
85502,2.13E-05
85503,4.95E-06
85600,1.88E-05
85700,2.08E-05
85800,2.77E-05
85900,8.40E-06
86000,1.58E-05
86102,9.87E-07
86103,1.19E-05
86104,2.32E-05
86105,2.72E-05
86200,2.82E-05
86300,7.42E-06
86400,3.42E-05
86500,4.92E-05
86600,3.96E-05
86700,1.98E-05
86800,2.82E-05
86900,2.82E-05
87000,1.98E-05
87100,1.14E-05
87200,1.14E-05
87300,3.61E-05
87400,4.66E-05
87500,1.79E-05
87600,1.83E-05
87700,1.98E-05
87800,1.79E-05
87900,1.14E-05
88000,2.37E-05
88100,2.62E-05
88200,3.56E-05
88301,3.27E-05
88302,2.48E-05
88400,2.32E-05
88501,3.47E-06
88502,1.34E-05
88600,1.44E-05
88700,1.74E-05
88801,1.63E-05
88802,2.67E-05
88900,2.08E-05
89000,2.32E-05
89100,2.87E-05
89201,1.83E-05
89202,7.91E-06
89203,1.34E-05
89300,2.92E-05
89400,1.83E-05
89500,1.68E-05
89601,5.45E-06
89602,3.33E-05
89700,3.51E-05
89800,1.39E-05
89900,1.44E-05
90000,1.14E-05
90100,1.04E-05
90200,2.03E-05
90300,2.03E-05
90400,1.68E-05
90500,2.03E-05
90600,1.83E-05
90700,1.74E-05
90800,1.74E-05
90900,2.62E-05
91000,7.42E-06
91100,2.18E-05
91200,2.92E-05
91300,2.53E-05
91400,2.62E-05
91500,1.58E-05
91600,2.27E-05
91700,2.27E-05
91800,2.08E-05
91900,2.08E-05
92000,2.58E-05
92100,2.03E-05
92200,1.93E-05
92300,2.13E-05
92400,1.19E-05
92500,7.91E-06
92600,1.58E-05
92700,9.87E-06
92800,1.34E-05
92900,2.08E-05
93000,1.88E-05
93100,4.37E-05
93200,9.87E-06
93300,5.94E-06
93400,9.87E-06
93500,7.42E-06
93600,1.63E-05
93700,2.67E-05
93800,1.14E-05
93900,1.44E-05
94000,2.62E-05
94100,1.29E-05
94200,1.58E-05
94300,1.44E-05
94400,1.29E-05
94500,2.92E-05
94600,2.82E-05
94700,1.93E-05
94800,7.42E-06
94900,8.89E-06
95000,8.40E-06
95100,2.53E-05
95200,1.93E-05
95301,1.34E-05
95302,1.29E-05
95401,3.96E-06
95402,5.45E-06
95403,1.98E-05
95500,2.77E-05
95601,1.29E-05
95602,1.48E-06
95700,6.43E-06
95800,0
95900,2.72E-05
96000,4.66E-05
96100,0.000546003
96201,8.89E-06
96202,0
96300,5.45E-06
96400,7.42E-06
96500,1.83E-05
96600,1.93E-05
96700,2.78E-05
96800,7.42E-06
96900,6.93E-06
97000,5.51E-05
97100,1.79E-05
97200,1.48E-05
97300,9.87E-06
97400,2.97E-05
97500,1.88E-05
97600,3.96E-06
97700,1.24E-05
97800,3.17E-05
97900,1.48E-05
98000,3.96E-06
98100,1.39E-05
98200,0.000510218
98300,1.88E-05
98400,1.63E-05
98500,2.13E-05
98600,1.44E-05
98700,1.79E-05
98800,9.38E-06
98900,1.29E-05
99000,1.79E-05
99100,0
99200,4.95E-07
99300,4.95E-07
99400,0
99500,0
99600,6.93E-06
99700,4.95E-07
99800,1.48E-06
99902,0
99903,3.96E-06
99904,1.48E-06
100000,2.59E-05
100100,0
100200,1.48E-06
100300,1.98E-06
100400,0
100500,4.95E-07
100600,4.95E-07
100700,2.59E-05
100800,9.87E-07
100901,2.97E-06
100902,8.89E-06
101001,3.38E-05
101002,2.97E-06
101100,6.43E-06
101200,1.63E-05
101301,5.94E-06
101302,3.96E-06
101303,8.40E-06
101304,3.33E-05
101401,9.87E-06
101402,3.47E-06
101501,3.03E-05
101502,4.45E-06
101503,0
101601,3.96E-06
101602,9.87E-07
101700,4.95E-07
101801,3.96E-06
101802,9.87E-06
101803,2.83E-05
101900,2.48E-05
102000,3.17E-05
102100,2.77E-05
102201,9.87E-06
102203,0
102204,2.13E-05
102205,1.29E-05
102206,1.44E-05
102300,3.07E-05
102400,3.27E-05
102500,1.14E-05
102601,2.48E-06
102602,1.04E-05
102701,8.89E-06
102702,2.97E-05
102800,1.58E-05
102901,8.40E-06
102902,9.87E-06
103000,3.68E-05
103100,2.72E-05
103200,3.33E-05
103300,4.45E-06
103400,1.58E-05
103500,0.000148469
103600,2.32E-05
103700,1.83E-05
103800,1.93E-05
103900,1.48E-06
104000,3.13E-05
104100,3.97E-05
104200,6.93E-06
104301,1.98E-05
104302,7.91E-06
104400,2.58E-05
104500,2.37E-05
104600,3.37E-05
104700,6.93E-06
104800,8.89E-06
104900,2.37E-05
105000,1.93E-05
105100,2.27E-05
105200,2.67E-05
105300,1.63E-05
105400,1.79E-05
105500,1.48E-05
105600,3.02E-05
105700,1.68E-05
105800,4.95E-06
105900,1.93E-05
106000,2.03E-05
106100,1.88E-05
106201,1.14E-05
106202,1.79E-05
106203,1.19E-05
106300,4.46E-05
106400,2.97E-06
106500,2.87E-05
106600,2.27E-05
106700,2.18E-05
106801,1.53E-05
106802,1.88E-05
106803,9.87E-06
106901,5.45E-06
106902,8.40E-06
106903,9.87E-06
107000,2.48E-05
107100,1.44E-05
107200,2.32E-05
107300,2.67E-05
107400,1.34E-05
107500,3.66E-05
107602,2.37E-05
107603,2.32E-05
107604,4.66E-05
107700,1.58E-05
107801,2.03E-05
107802,2.53E-05
107803,2.08E-05
107901,1.44E-05
107903,2.62E-05
107904,4.21E-05
107905,3.27E-05
107906,2.43E-05
107907,2.18E-05
107908,7.42E-06
107909,5.94E-06
108000,3.96E-05
108100,0
108200,1.98E-05
108300,7.03E-05
108401,5.45E-06
108402,9.38E-06
108403,0.000510218
108404,4.45E-06
108500,1.74E-05
108600,2.08E-05
108700,1.44E-05
108800,1.29E-05
108900,4.31E-05
109000,1.74E-05
109101,3.27E-05
109102,1.44E-05
109103,1.44E-05
109104,2.48E-06
109200,2.97E-06
109300,0
109401,0
109402,9.87E-06
109403,5.94E-06
109500,1.63E-05
109600,1.98E-05
109700,1.09E-05
109800,2.37E-05
109900,3.37E-05
110001,1.63E-05
110002,2.77E-05
110003,1.58E-05
110101,1.34E-05
110102,2.32E-05
110200,2.27E-05
110300,2.18E-05
110400,2.37E-05
110501,1.63E-05
110502,1.98E-05
110601,2.18E-05
110602,1.74E-05
110603,9.87E-06
110700,4.95E-06
110801,8.89E-06
110802,1.04E-05
110900,5.10E-05
111001,9.38E-06
111002,1.34E-05
111003,7.42E-06
111004,5.94E-06
111005,8.89E-06
111006,1.19E-05
111100,2.27E-05
111200,3.51E-05
111300,2.37E-05
111400,3.46E-05
111501,2.48E-05
111502,5.71E-05
111600,1.48E-05
111700,4.01E-05
111800,2.72E-05
111900,2.48E-06
112000,2.67E-05
112100,2.27E-05
112201,2.82E-05
112202,2.37E-05
112300,4.27E-05
112400,1.04E-05
112500,2.03E-05
112600,2.13E-05
112700,7.42E-06
112800,1.48E-05
112900,4.95E-07
113000,7.91E-06
113100,5.45E-06
113201,1.14E-05
113202,2.53E-05
113300,6.50E-05
113400,0.000524078
113500,1.74E-05
113600,1.39E-05
113700,3.08E-05
113800,2.18E-05
113900,2.48E-06
114000,2.08E-05
114101,3.07E-05
114102,3.96E-06
114201,5.94E-06
114202,2.18E-05
114301,4.87E-05
114302,2.67E-05
114400,7.42E-06
114500,2.48E-05
114600,2.08E-05
114700,2.08E-05
114800,3.68E-05
114900,1.58E-05
115000,2.72E-05
115100,1.93E-05
115200,1.14E-05
115300,4.95E-06
115400,1.09E-05
115500,6.93E-06
115600,1.98E-06
115700,0.000133146
115800,1.98E-06
115900,2.48E-05
116000,1.98E-05
116100,1.29E-05
116200,3.68E-05
116300,0
116400,0.000503288
116500,2.03E-05
116600,6.93E-06
116700,9.38E-06
116800,1.98E-05
116900,2.08E-05
117000,0.000148959
117100,2.53E-05
117200,2.97E-06
117301,2.48E-06
117302,1.63E-05
117303,1.79E-05
117304,0.000507278
117400,1.14E-05
117500,1.48E-05
117600,1.14E-05
117700,1.29E-05
117800,4.18E-05
117900,9.87E-07
118000,8.89E-06
118100,1.04E-05
118200,1.04E-05
118300,7.91E-06
118400,6.43E-06
118500,1.83E-05
118600,0.000756612
118700,1.19E-05
118800,5.94E-06
118900,2.97E-06
119000,9.38E-06
119100,4.45E-06
119200,6.93E-06
119300,8.80E-05
119400,1.04E-05
119500,5.94E-06
119600,1.04E-05
119700,9.87E-06
119800,1.09E-05
119900,1.19E-05
120000,3.47E-06
120100,1.39E-05
120200,1.63E-05
120300,9.38E-06
120400,3.96E-06
120500,1.09E-05
120600,1.04E-05
120700,7.91E-06
120800,1.58E-05
120900,6.93E-06
121000,1.04E-05
121100,5.94E-06
121200,4.45E-06
121300,6.43E-06
121400,5.94E-06
121500,1.19E-05
121600,5.94E-06
121700,9.38E-06
121800,1.98E-05
121900,7.42E-06
122000,1.14E-05
122100,1.24E-05
122200,1.88E-05
122300,1.98E-06
122400,1.19E-05
122500,9.38E-06
122600,3.49E-05
122700,0
122800,0
122900,8.89E-06
123000,9.38E-06
123100,6.93E-06
123200,4.36E-05
123300,1.24E-05
123400,2.59E-05
123500,4.45E-06
123600,6.93E-06
123700,5.94E-06
123801,1.48E-06
123802,3.96E-06
123901,1.24E-05
123902,4.95E-07
123903,1.48E-06
123904,4.95E-07
124000,2.97E-06
124100,5.45E-06
124200,1.24E-05
124300,1.74E-05
124400,1.53E-05
124500,9.87E-06
124600,2.13E-05
124700,1.74E-05
124800,4.95E-06
124900,1.58E-05
125000,3.96E-06
125100,5.94E-06
125200,6.43E-06
125300,1.48E-05
125400,2.03E-05
125500,3.96E-06
125600,2.13E-05
125700,1.19E-05
125800,7.42E-06
125900,8.40E-06
126000,8.40E-06
126100,3.96E-06
126200,1.48E-06
126300,7.42E-06
126400,6.43E-06
126500,1.98E-06
126600,4.95E-06
126700,0
126800,1.48E-05
126900,4.22E-05
127000,4.45E-06
127100,3.47E-06
127200,2.08E-05
127300,9.38E-06
127400,7.91E-06
127500,7.91E-06
127600,6.43E-06
127700,7.42E-06
127800,6.43E-06
127900,4.95E-06
128000,4.45E-06
128100,7.91E-06
128200,6.43E-06
128300,7.91E-06
128400,1.04E-05
128500,1.14E-05
128600,3.89E-05
128701,3.96E-06
128702,1.19E-05
128800,1.04E-05
128900,6.93E-06
129000,6.43E-06
129100,5.45E-06
129200,9.38E-06
129300,2.87E-05
129400,9.38E-06
129500,9.87E-06
129600,2.53E-05
129700,8.89E-06
129800,8.40E-06
129900,1.29E-05
130000,6.43E-06
130100,1.24E-05
130200,1.53E-05
130300,1.24E-05
130400,7.42E-06
130500,1.04E-05
130600,1.88E-05
130700,2.32E-05
130801,1.48E-05
130802,8.89E-06
130803,6.93E-06
130901,2.97E-05
130902,1.14E-05
131000,0
131100,8.40E-06
131200,1.83E-05
131300,6.93E-06
131400,1.98E-05
131500,2.03E-05
131600,4.45E-06
131700,5.94E-06
131801,1.79E-05
131802,0
131803,4.45E-06
131900,1.74E-05
132000,4.83E-05
132100,1.29E-05
132201,1.24E-05
132202,0
132300,2.97E-06
132401,7.91E-06
132402,4.95E-07
132403,6.93E-06
132501,1.34E-05
132502,9.87E-07
132600,1.04E-05
132700,1.29E-05
132801,1.29E-05
132802,3.47E-06
132803,9.87E-07
132804,5.45E-06
132805,3.96E-06
132806,4.45E-06
132807,6.43E-06
132900,4.45E-06
133000,1.53E-05
133100,8.89E-06
133200,1.88E-05
133300,4.45E-06
133411,2.97E-06
133412,3.47E-06
133413,3.47E-06
133414,2.74E-05
133415,2.97E-06
133416,3.47E-06
133417,2.69E-05
133418,1.48E-06
133419,4.45E-06
133420,3.47E-06
133421,2.74E-05
133422,9.87E-07
133423,1.09E-05
133424,1.48E-06
133425,1.24E-05
133426,1.48E-05
133427,4.95E-06
133428,1.48E-06
133429,6.93E-06
133430,1.98E-06
133431,3.96E-06
133432,3.47E-06
133433,2.85E-05
133434,2.97E-06
133435,1.09E-05
133436,1.48E-06
133437,3.47E-06
133438,3.08E-05
133439,3.47E-06
133440,4.95E-06
133441,2.97E-06
133442,2.97E-06
133443,1.98E-06
133444,3.96E-06
133445,4.95E-06
133446,3.47E-06
133447,4.95E-06
133448,7.42E-06
133449,1.53E-05
133450,5.94E-06
133451,4.95E-06
133452,2.48E-06
133453,0.000504758
133501,1.98E-05
133502,1.63E-05
133503,1.48E-05
133504,4.45E-06
133505,4.22E-05
133506,1.29E-05
133600,2.72E-05
133703,1.39E-05
133704,1.53E-05
133705,1.04E-05
133706,1.29E-05
133707,1.29E-05
133708,2.48E-06
133709,7.91E-06
133710,1.09E-05
133711,7.42E-06
133801,8.10E-05
133802,3.22E-05
133900,1.98E-05
134000,4.95E-06
134100,8.40E-06
134201,6.93E-06
134202,6.43E-06
134301,1.48E-05
134302,1.48E-06
134400,5.54E-05
134500,1.53E-05
134600,2.48E-06
134700,1.09E-05
134800,1.34E-05
134901,6.43E-06
134902,5.45E-06
135001,4.95E-07
135002,3.96E-06
135003,4.45E-06
135100,6.93E-06
135201,2.03E-05
135202,0.000520158
135300,1.68E-05
135400,2.48E-05
135500,9.87E-07
135600,4.12E-05
135700,2.48E-05
135800,2.87E-05
135900,1.58E-05
136000,8.40E-06
136101,2.27E-05
136102,2.48E-06
136201,1.98E-06
136202,1.98E-06
136203,9.38E-06
136204,8.89E-06
136205,7.91E-06
136301,1.48E-05
136302,1.04E-05
136303,9.87E-06
136400,3.39E-05
136500,7.42E-06
136600,1.48E-05
136700,0.000140559
136800,4.45E-06
136900,1.48E-05
137000,1.93E-05
137100,3.42E-05
137200,0
137300,1.09E-05
137400,2.27E-05
137501,3.47E-06
137502,2.77E-05
137601,0.000532968
137602,0
137701,1.48E-06
137702,5.94E-06
137703,3.96E-06
137704,5.94E-06
137705,3.96E-06
137706,1.98E-06
137707,5.45E-06
137708,1.74E-05
137800,3.68E-05
137901,3.23E-05
137902,9.87E-07
137903,4.95E-07
137904,1.98E-06
137905,2.97E-06
137906,3.47E-06
137907,3.47E-06
137908,4.95E-07
138002,1.34E-05
138003,1.24E-05
138004,8.89E-06
138101,2.67E-05
138103,1.98E-06
138104,4.45E-06
138105,9.87E-06
138106,8.89E-06
138107,5.32E-05
138201,1.29E-05
138202,1.04E-05
138203,1.04E-05
138300,1.04E-05
138400,9.87E-06
138500,1.68E-05
138601,1.88E-05
138603,1.09E-05
138604,3.08E-05
138605,4.95E-06
138701,3.37E-05
138702,1.14E-05
138807,0
138809,0
138810,3.05E-05
138811,6.43E-06
138812,4.45E-06
138813,4.45E-06
138814,8.40E-06
138815,1.29E-05
138816,6.43E-06
138817,5.45E-06
138818,2.48E-06
138819,1.48E-05
138820,3.17E-05
138821,7.91E-06
138900,3.61E-05
139000,1.63E-05
139102,0
139103,1.98E-06
139104,3.47E-06
139105,4.61E-05
139106,6.93E-06
139107,2.62E-05
139200,1.34E-05
139301,8.40E-06
139302,9.38E-06
139303,4.95E-06
139304,1.09E-05
139305,1.29E-05
139400,4.23E-05
139501,2.18E-05
139504,2.97E-05
139505,2.18E-05
139506,7.42E-06
139507,3.73E-05
139600,0
139700,9.38E-06
139800,7.42E-06
139900,6.93E-06
140000,3.91E-05
140102,1.58E-05
140104,4.51E-05
140105,5.94E-06
140106,1.14E-05
140107,9.87E-06
140108,1.34E-05
140201,2.48E-06
140202,1.09E-05
140203,3.18E-05
140204,4.45E-06
140300,1.74E-05
140400,1.48E-06
140500,4.70E-05
140600,4.95E-07
140700,4.95E-06
140800,1.48E-05
140900,2.32E-05
141001,3.76E-05
141003,9.87E-06
141004,7.91E-06
141005,1.29E-05
141006,1.14E-05
141007,4.11E-05
141101,4.45E-05
141102,4.40E-05
141103,1.98E-05
141200,1.93E-05
141301,1.24E-05
141302,1.44E-05
141303,1.58E-05
141304,3.96E-06
141305,8.40E-06
141306,0
141307,4.95E-07
141400,5.31E-05
141503,4.06E-05
141505,3.61E-05
141506,3.22E-05
141507,5.90E-05
141508,1.04E-05
141510,0.000537603
141511,2.43E-05
141512,2.23E-05
141513,7.42E-06
141514,9.87E-06
141515,1.29E-05
141516,2.97E-06
141517,6.93E-06
141518,1.14E-05
141603,4.45E-05
141605,2.27E-05
141606,1.83E-05
141607,1.53E-05
141608,1.88E-05
141705,3.42E-05
141707,9.38E-06
141708,4.95E-06
141709,1.48E-06
141710,3.96E-06
141711,4.45E-06
141712,4.45E-06
141713,1.24E-05
141714,7.91E-06
141715,6.43E-06
141716,3.96E-06
141717,9.38E-06
141718,1.48E-06
141806,6.43E-06
141807,1.98E-05
141808,3.87E-05
141809,6.93E-06
141810,2.48E-06
141811,1.14E-05
141812,1.68E-05
141813,1.53E-05
141814,6.93E-06
141815,6.43E-06
141816,5.45E-06
141901,4.95E-07
141902,4.45E-05
142000,0
142100,1.29E-05
142200,2.13E-05
142300,2.77E-05
142400,1.68E-05
142500,3.32E-05
142600,1.39E-05
142700,1.44E-05
142800,2.13E-05
142900,0.000138592
143000,9.38E-06
143100,2.08E-05
143200,2.37E-05
143300,1.83E-05
143400,1.34E-05
143500,1.14E-05
143600,3.77E-05
143700,1.53E-05
143800,4.42E-05
143900,2.23E-05
144000,1.09E-05
144100,3.07E-05
144200,3.96E-06
144300,2.48E-05
144400,2.08E-05
144500,1.48E-05
144600,1.74E-05
144700,1.88E-05
144800,1.09E-05
144900,1.44E-05
145000,1.39E-05
145100,1.44E-05
145200,2.03E-05
145300,1.58E-05
145400,3.32E-05
145500,2.97E-05
145600,2.97E-05
145700,1.48E-05
145800,3.17E-05
145900,4.92E-05
146002,2.43E-05
146003,1.24E-05
146004,1.58E-05
146005,8.40E-06
146101,1.63E-05
146102,4.45E-06
146103,8.40E-06
146104,1.14E-05
146105,3.47E-06
146200,3.82E-05
146300,5.11E-05
146400,3.32E-05
146500,2.03E-05
146600,2.18E-05
146701,1.68E-05
146702,1.19E-05
146703,1.68E-05
146704,0
146705,8.89E-06
146800,2.92E-05
146901,4.51E-05
146902,3.92E-05
147000,3.91E-05
147101,2.97E-06
147104,4.95E-07
147106,2.32E-05
147107,1.83E-05
147108,1.58E-05
147109,7.42E-06
147110,4.45E-06
147201,0
147202,0
147206,0
147208,0
147209,0
147211,0
147212,0
147213,0
147214,0
147215,0
147216,8.30E-05
147302,0
147303,0
147305,0
147307,0
147309,0
147310,0
147311,0
147312,0
147314,0
147315,0
147316,0
147317,0
147320,0
147322,0
147323,0
147324,0
147400,1.68E-05
147500,3.82E-05
147600,3.37E-05
147700,1.63E-05
147800,1.34E-05
147900,5.94E-06
148000,1.24E-05
148100,6.43E-06
148201,1.83E-05
148202,4.45E-06
148301,6.93E-06
148302,4.95E-06
148400,2.87E-05
148500,3.56E-05
148601,1.04E-05
148602,1.48E-05
148603,5.94E-06
148701,2.55E-05
148703,7.42E-06
148704,5.94E-06
148705,8.89E-06
148706,1.24E-05
148707,1.09E-05
148801,0
148802,1.83E-05
148900,1.44E-05
149000,2.23E-05
149100,2.18E-05
149200,2.18E-05
149300,2.13E-05
149400,2.37E-05
149500,2.13E-05
149600,1.53E-05
149700,1.79E-05
149800,2.32E-05
149900,3.17E-05
150000,2.23E-05
150103,6.93E-06
150104,3.96E-06
150105,9.38E-06
150106,3.02E-05
150107,7.91E-06
150200,7.38E-05
150300,1.53E-05
150400,2.87E-05
150500,1.09E-05
150600,1.79E-05
150700,1.34E-05
150801,8.40E-06
150802,1.14E-05
150900,2.53E-05
151000,2.18E-05
151101,7.91E-06
151103,8.89E-06
151104,4.95E-06
151201,7.42E-06
151202,2.03E-05
151300,2.37E-05
151400,2.82E-05
151500,3.02E-05
151601,9.87E-06
151602,9.87E-06
151603,8.40E-06
151700,2.18E-05
151800,1.19E-05
151900,1.19E-05
152000,9.87E-06
152100,2.03E-05
152200,2.27E-05
152300,1.74E-05
152400,1.98E-05
152500,2.62E-05
152600,3.02E-05
152700,2.48E-05
152800,4.06E-05
152900,6.84E-05
153000,5.25E-05
153100,3.12E-05
153200,1.63E-05
153300,1.58E-05
153400,1.58E-05
153500,2.77E-05
153600,2.77E-05
153700,3.46E-05
153800,2.13E-05
153902,1.04E-05
153903,1.24E-05
153904,0
154001,1.44E-05
154002,1.74E-05
154100,2.72E-05
154201,5.94E-06
154202,1.04E-05
154300,1.88E-05
154400,2.27E-05
154500,2.67E-05
154600,2.13E-05
154700,3.07E-05
154800,2.72E-05
154900,2.03E-05
155000,2.58E-05
155100,2.48E-05
155200,2.32E-05
155300,2.08E-05
155400,1.44E-05
155500,2.23E-05
155601,4.45E-06
155602,1.09E-05
155604,3.17E-05
155605,4.45E-06
155701,2.32E-05
155704,7.91E-06
155705,2.48E-06
155706,1.63E-05
155707,1.34E-05
155708,1.79E-05
155709,1.34E-05
155801,4.90E-05
155802,6.93E-06
155901,2.62E-05
155902,2.23E-05
156001,3.96E-05
156002,1.14E-05
156101,1.44E-05
156102,2.82E-05
156200,3.42E-05
156301,1.19E-05
156302,3.07E-05
156303,6.19E-05
156304,4.16E-05
156401,5.20E-05
156402,7.42E-06
156403,1.53E-05
156502,2.23E-05
156503,3.02E-05
156505,5.45E-06
156506,3.71E-05
156507,1.83E-05
156601,9.87E-06
156602,1.24E-05
156701,1.19E-05
156702,8.89E-06
156800,2.32E-05
156900,2.37E-05
157000,3.02E-05
157100,3.12E-05
157201,7.42E-06
157202,8.40E-06
157203,1.93E-05
157300,2.67E-05
157400,3.37E-05
157500,2.72E-05
157600,3.22E-05
157700,3.51E-05
157800,2.72E-05
157900,2.37E-05
158000,3.71E-05
158100,2.72E-05
158200,3.71E-05
158300,1.34E-05
158400,1.98E-05
158501,9.87E-06
158502,2.48E-05
158600,2.77E-05
158701,2.92E-05
158702,3.07E-05
158705,2.13E-05
158706,3.51E-05
158707,3.71E-05
158708,1.88E-05
158801,4.45E-05
158804,2.13E-05
158805,2.27E-05
158806,1.39E-05
158807,6.93E-06
158808,1.34E-05
158903,2.82E-05
158904,3.32E-05
158905,9.38E-06
158906,1.34E-05
158907,9.38E-06
158908,4.45E-06
158909,3.96E-06
159002,4.90E-05
159003,3.46E-05
159004,4.70E-05
159100,2.48E-06
159201,9.87E-06
159202,1.04E-05
159203,1.34E-05
159204,6.93E-06
159205,7.91E-06
159300,1.98E-05
159400,3.02E-05
159501,1.09E-05
159502,9.38E-06
159601,1.19E-05
159602,1.04E-05
159700,2.03E-05
159801,9.87E-06
159802,1.53E-05
159900,1.34E-05
160000,2.62E-05
160100,2.62E-05
160201,1.79E-05
160202,1.24E-05
160301,9.87E-06
160302,1.39E-05
160401,1.93E-05
160403,2.82E-05
160404,2.08E-05
160405,2.08E-05
160500,4.21E-05
160600,4.75E-05
160700,2.08E-05
160800,7.42E-06
160900,0
161000,0
161100,4.95E-07
161200,4.95E-06
161300,3.07E-05
161400,2.08E-05
161500,3.47E-06
161600,1.48E-05
161701,1.74E-05
161702,2.97E-06
161800,1.44E-05
161900,2.37E-05
162000,4.16E-05
162100,3.07E-05
162200,2.27E-05
162300,1.14E-05
162400,2.77E-05
162501,3.66E-05
162502,2.13E-05
162600,2.37E-05
162700,3.42E-05
162800,2.92E-05
162900,3.42E-05
163000,2.87E-05
163100,3.46E-05
163200,1.34E-05
163300,2.03E-05
163400,2.37E-05
163500,2.77E-05
163600,2.72E-05
163700,2.53E-05
163800,1.44E-05
163902,5.45E-06
163903,1.09E-05
163904,6.93E-06
163905,1.19E-05
164001,2.13E-05
164002,3.71E-05
164003,2.08E-05
164101,3.27E-05
164102,1.93E-05
164201,3.47E-06
164202,2.77E-05
164203,3.17E-05
164300,1.88E-05
164400,3.02E-05
164501,9.87E-06
164502,1.34E-05
164600,2.08E-05
164700,2.43E-05
164800,3.32E-05
164900,2.87E-05
165000,1.98E-05
165100,2.27E-05
165200,3.22E-05
165300,2.37E-05
165400,2.82E-05
165500,2.77E-05
165602,1.83E-05
165604,1.74E-05
165605,1.24E-05
165606,1.04E-05
165607,1.88E-05
165608,2.13E-05
165609,1.09E-05
165700,2.43E-05
165801,1.93E-05
165805,1.39E-05
165806,1.79E-05
165807,2.82E-05
165808,5.94E-06
165809,4.95E-06
165810,7.91E-06
165811,1.14E-05
165900,4.06E-05
166000,3.91E-05
166102,2.53E-05
166103,3.22E-05
166104,3.76E-05
166105,2.03E-05
166200,3.37E-05
166301,1.09E-05
166302,7.42E-06
166303,1.68E-05
166304,1.29E-05
166305,9.38E-06
166401,3.27E-05
166404,5.00E-05
166405,1.19E-05
166406,1.93E-05
166407,2.13E-05
166408,1.44E-05
166409,1.24E-05
166410,1.39E-05
166500,2.58E-05
166600,4.16E-05
166700,2.62E-05
166800,3.32E-05
166901,1.83E-05
166902,1.39E-05
166903,1.83E-05
166904,1.74E-05
166905,2.18E-05
167000,2.48E-05
167100,2.18E-05
167201,1.24E-05
167202,1.09E-05
167301,1.04E-05
167302,1.09E-05
167303,7.42E-06
167400,1.83E-05
167500,2.27E-05
167601,3.47E-06
167602,2.08E-05
167700,2.62E-05
167800,2.13E-05
167900,3.27E-05
168001,2.67E-05
168002,3.96E-06
168100,2.67E-05
168200,1.14E-05
168300,2.08E-05
168400,2.27E-05
168500,1.83E-05
168601,1.29E-05
168602,2.48E-06
168701,9.38E-06
168702,2.48E-06
168800,9.87E-06
168901,2.53E-05
168902,4.66E-05
169000,3.46E-05
169100,2.13E-05
169200,1.04E-05
169300,1.39E-05
169400,1.79E-05
169500,1.48E-05
169600,1.63E-05
169700,2.97E-05
169800,1.48E-05
169900,1.39E-05
170000,1.19E-05
170100,1.83E-05
170200,2.43E-05
170300,1.79E-05
170401,1.39E-05
170402,3.96E-06
170403,9.87E-06
170500,2.27E-05
170601,1.09E-05
170602,9.87E-06
170603,1.34E-05
170604,4.45E-06
170605,8.40E-06
170700,0
170803,5.26E-05
170805,1.48E-06
170806,0
170807,3.51E-05
170808,4.56E-05
170809,1.29E-05
170810,5.85E-05
170811,1.44E-05
170812,1.74E-05
170900,2.72E-05
171000,7.91E-06
171101,2.18E-05
171102,6.93E-06
171103,1.19E-05
171104,7.42E-06
171201,4.95E-06
171202,6.93E-06
171203,1.04E-05
171204,5.45E-06
171205,3.13E-05
171305,5.05E-05
171306,0.000529048
171308,1.68E-05
171309,1.88E-05
171310,1.63E-05
171311,1.93E-05
171312,1.24E-05
171313,8.89E-06
171314,8.40E-06
171315,8.40E-06
171316,5.45E-06
171317,8.89E-06
171318,1.09E-05
171319,1.04E-05
171320,9.87E-06
171321,9.87E-06
171400,4.82E-05
171500,5.06E-05
171601,1.48E-05
171602,2.67E-05
171603,1.29E-05
171701,4.11E-05
171703,4.95E-07
171704,3.27E-05
171705,1.14E-05
171706,9.03E-05
171707,2.82E-05
171708,1.93E-05
171709,2.48E-05
171803,1.24E-05
171804,3.27E-05
171805,8.89E-06
171806,6.93E-06
171807,8.89E-06
171808,8.40E-06
171809,7.91E-06
171810,5.94E-06
171811,6.43E-06
171902,4.31E-05
171903,2.43E-05
171904,2.27E-05
171906,1.29E-05
171907,1.93E-05
171908,2.03E-05
171909,2.13E-05
171910,2.18E-05
171911,1.24E-05
172000,0
172101,4.95E-06
172102,3.12E-05
172103,5.45E-06
172104,2.97E-06
172105,7.91E-06
172106,6.93E-06
172107,1.44E-05
172108,5.94E-06
172202,2.77E-05
172203,9.87E-06
172204,6.93E-06
172205,9.87E-06
172206,1.09E-05
172207,5.94E-06
172300,3.32E-05
172401,0.000534018
172402,3.07E-05
172501,1.68E-05
172502,3.02E-05
172601,2.67E-05
172603,2.27E-05
172604,3.61E-05
172605,2.23E-05
172702,3.51E-05
172703,2.67E-05
172704,5.16E-05
172802,5.10E-05
172803,2.92E-05
172805,3.66E-05
172806,5.42E-05
172807,4.11E-05
172902,2.32E-05
172903,3.46E-05
172904,3.66E-05
172905,2.62E-05
173003,1.68E-05
173004,2.72E-05
173005,2.32E-05
173006,4.07E-05
173007,7.91E-06
173008,7.91E-06
173009,8.40E-06
173010,8.89E-06
173011,6.93E-06
173012,6.93E-06
173013,8.40E-06
173105,2.18E-05
173106,4.56E-05
173108,4.56E-05
173111,4.35E-05
173112,3.22E-05
173113,1.68E-05
173114,2.58E-05
173115,3.32E-05
173116,6.93E-06
173117,2.43E-05
173118,2.97E-05
173119,1.53E-05
173120,1.44E-05
173121,1.68E-05
173201,3.32E-05
173202,4.11E-05
173305,3.42E-05
173306,4.06E-05
173308,3.96E-05
173309,3.71E-05
173310,3.56E-05
173311,4.56E-05
173312,5.54E-05
173313,3.27E-05
173314,4.06E-05
173404,1.79E-05
173406,3.22E-05
173407,3.66E-05
173408,3.66E-05
173410,1.48E-05
173411,4.95E-06
173412,1.63E-05
173413,2.27E-05
173414,3.07E-05
173415,2.92E-05
173416,2.48E-05
173417,2.87E-05
173418,1.29E-05
173501,2.32E-05
173502,5.25E-05
173504,1.04E-05
173505,9.38E-06
173506,9.38E-06
173507,8.40E-06
173508,1.19E-05
173509,8.40E-06
173601,5.74E-05
173603,4.31E-05
173604,2.03E-05
173605,2.82E-05
173706,2.97E-05
173707,9.38E-06
173708,5.45E-06
173709,9.38E-06
173710,5.94E-06
173711,1.24E-05
173712,7.91E-06
173713,5.45E-06
173714,1.04E-05
173715,1.29E-05
173716,1.34E-05
173717,7.91E-06
173718,1.09E-05
173803,6.83E-05
173804,2.18E-05
173805,3.07E-05
173806,4.80E-05
173807,1.79E-05
173808,2.23E-05
173809,2.48E-06
173810,1.88E-05
173811,2.43E-05
173903,2.97E-05
173904,6.59E-05
173905,3.07E-05
173906,3.37E-05
173907,3.56E-05
173908,1.58E-05
173909,2.97E-06
173910,1.63E-05
173911,1.48E-05
173912,1.74E-05
173913,1.88E-05
173914,2.74E-05
174003,4.01E-05
174004,2.87E-05
174005,2.23E-05
174006,2.48E-05
174007,0
174008,4.95E-06
174009,9.87E-06
174010,9.87E-06
174011,1.44E-05
174012,9.87E-06
174013,4.95E-07
174103,2.13E-05
174104,3.82E-05
174106,1.68E-05
174107,2.23E-05
174108,1.14E-05
174109,8.40E-06
174110,8.89E-06
174111,6.93E-06
174203,1.58E-05
174204,3.66E-05
174208,8.40E-06
174209,1.09E-05
174210,1.09E-05
174211,7.91E-06
174212,1.34E-05
174213,1.09E-05
174214,9.38E-06
174215,7.42E-06
174216,1.04E-05
174217,7.91E-06
174218,9.38E-06
174219,7.91E-06
174220,6.43E-06
174221,7.42E-06
174222,9.87E-06
174301,1.39E-05
174302,1.14E-05
174303,1.58E-05
174304,1.58E-05
174404,3.32E-05
174405,8.40E-06
174406,1.04E-05
174407,6.93E-06
174408,1.53E-05
174409,6.43E-06
174410,1.24E-05
174411,1.63E-05
174412,1.48E-05
174501,2.58E-05
174505,8.40E-06
174506,1.68E-05
174507,2.72E-05
174508,2.53E-05
174509,3.56E-05
174510,3.48E-05
174512,3.47E-06
174513,1.29E-05
174514,1.04E-05
174515,9.87E-06
174516,5.94E-06
174517,1.24E-05
174601,2.87E-05
174604,5.40E-05
174605,3.46E-05
174606,2.72E-05
174607,3.32E-05
174608,1.79E-05
174609,7.42E-06
174610,1.09E-05
174611,9.87E-06
174612,1.14E-05
174613,1.29E-05
174701,1.74E-05
174702,2.58E-05
174703,3.22E-05
174801,2.92E-05
174802,2.03E-05
174902,6.64E-05
174903,5.45E-06
174904,4.36E-05
174905,3.27E-05
174906,2.08E-05
174907,3.07E-05
174908,2.62E-05
175003,3.42E-05
175004,4.95E-06
175006,6.46E-05
175007,1.79E-05
175008,3.66E-05
175009,2.18E-05
175010,2.67E-05
175011,2.97E-05
175012,2.77E-05
175013,5.45E-06
175104,5.45E-06
175105,3.37E-05
175106,2.92E-05
175110,4.45E-06
175111,3.87E-05
175112,6.38E-05
175113,5.79E-05
175114,2.92E-05
175115,5.35E-05
175116,4.95E-06
175119,2.48E-06
175120,8.19E-05
175121,3.22E-05
175122,1.79E-05
175123,8.89E-06
175124,6.93E-06
175125,1.48E-05
175126,6.93E-06
175127,7.91E-06
175128,6.43E-06
175129,1.34E-05
175130,9.87E-07
175131,3.96E-06
175132,1.53E-05
175133,1.04E-05
175134,1.58E-05
175135,1.04E-05
175136,3.96E-06
175137,1.48E-05
175138,5.94E-06
175139,1.24E-05
175140,1.48E-05
175141,1.24E-05
175142,1.53E-05
175143,8.89E-06
175144,1.39E-05
175145,1.19E-05
175200,6.43E-06
175300,8.30E-05
175400,1.98E-06
175501,4.85E-05
175502,0.000144059
175600,7.91E-06
175701,4.95E-06
175702,6.64E-05
175805,2.53E-05
175806,2.03E-05
175808,5.51E-05
175809,4.61E-05
175810,2.37E-05
175811,1.74E-05
175812,2.13E-05
175813,1.19E-05
175814,1.93E-05
175815,3.54E-05
175817,0
175818,3.32E-05
175902,1.04E-05
175903,0.000104681
175904,2.08E-05
175906,2.18E-05
175907,7.42E-06
175908,9.87E-06
175909,1.39E-05
175910,9.87E-06
176003,5.71E-05
176004,6.83E-05
176005,4.95E-07
176006,2.03E-05
176007,2.53E-05
176008,6.43E-05
176101,3.22E-05
176103,1.58E-05
176104,4.45E-06
176105,1.83E-05
176106,4.65E-05
176202,0
176203,0
176204,7.42E-06
176301,1.44E-05
176303,3.47E-06
176304,1.98E-06
176403,4.45E-06
176404,3.42E-05
176406,2.77E-05
176408,4.11E-05
176409,2.48E-05
176410,1.98E-05
176411,6.43E-06
176412,4.45E-06
176413,1.44E-05
176414,4.70E-05
176415,1.63E-05
176501,8.82E-05
176503,3.61E-05
176504,1.14E-05
176505,1.98E-06
176506,1.63E-05
176507,1.24E-05
176508,1.24E-05
176509,9.87E-06
176510,1.39E-05
176511,6.43E-06
176512,1.58E-05
176513,1.53E-05
176514,1.58E-05
176515,1.14E-05
176516,8.40E-06
176517,0
176518,6.93E-06
176602,4.95E-07
176603,9.29E-05
176604,7.42E-06
176700,2.53E-05
176801,1.29E-05
176802,1.14E-05
176901,2.03E-05
176902,4.95E-06
176903,1.24E-05
176904,1.53E-05
176905,1.44E-05
176906,2.48E-06
177000,3.61E-05
177100,2.97E-06
177200,7.42E-06
177300,3.61E-05
177401,1.74E-05
177402,1.53E-05
177403,9.38E-06
177404,1.04E-05
177405,1.24E-05
177500,3.02E-05
177600,2.97E-05
177701,1.58E-05
177702,2.27E-05
177801,3.42E-05
177802,4.11E-05
177803,3.12E-05
177900,1.58E-05
178001,2.48E-05
178002,2.62E-05
178003,3.51E-05
178101,4.06E-05
178102,3.66E-05
178201,2.27E-05
178202,1.88E-05
178203,2.58E-05
178302,0
178303,1.74E-05
178304,2.87E-05
178305,1.79E-05
178307,2.59E-05
178308,5.94E-06
178309,1.58E-05
178310,8.40E-06
178311,8.89E-06
178312,1.48E-05
178313,6.43E-06
178401,1.58E-05
178402,7.42E-06
178403,1.14E-05
178404,2.13E-05
178405,5.35E-05
178406,9.38E-06
178407,1.58E-05
178408,1.14E-05
178409,1.79E-05
178501,5.40E-05
178503,5.40E-05
178504,1.53E-05
178505,9.87E-06
178506,2.48E-06
178507,6.93E-06
178508,7.91E-06
178509,5.94E-06
178510,6.43E-06
178511,1.29E-05
178602,2.08E-05
178605,4.26E-05
178606,1.83E-05
178607,3.27E-05
178608,1.74E-05
178609,2.13E-05
178610,1.34E-05
178611,1.88E-05
178701,8.34E-05
178705,1.14E-05
178706,1.68E-05
178707,2.82E-05
178708,3.27E-05
178709,2.48E-05
178710,8.89E-06
178711,1.98E-05
178712,2.87E-05
178713,1.83E-05
178800,4.01E-05
178900,5.30E-05
179000,0
179101,4.11E-05
179102,2.13E-05
179105,2.87E-05
179108,4.75E-05
179109,5.74E-05
179110,1.24E-05
179111,1.74E-05
179112,1.79E-05
179113,1.09E-05
179114,1.93E-05
179115,1.48E-05
179116,2.62E-05
179117,1.24E-05
179118,2.43E-05
179119,3.27E-05
179120,1.04E-05
179121,3.18E-05
179122,9.38E-06
179123,2.48E-05
179124,7.42E-06
179125,1.58E-05
179126,9.38E-06
179127,1.24E-05
179128,9.38E-06
179129,7.42E-06
179130,1.44E-05
179131,1.14E-05
179132,1.39E-05
179133,7.42E-06
179134,6.43E-06
179135,6.43E-06
179201,0.0001736
179204,5.45E-06
179205,5.45E-06
179206,7.42E-06
179207,1.48E-05
179208,1.19E-05
179209,1.24E-05
179210,1.29E-05
179211,2.62E-05
179212,1.83E-05
179213,1.79E-05
179214,1.63E-05
179215,4.95E-06
179216,7.91E-06
179217,1.04E-05
179218,7.42E-06
179219,7.42E-06
179301,1.98E-05
179303,2.97E-05
179304,5.94E-06
179305,8.89E-06
179306,1.24E-05
179307,1.83E-05
179308,1.14E-05
179401,6.43E-06
179402,1.63E-05
179403,8.40E-06
179404,1.63E-05
179405,1.48E-05
179501,1.63E-05
179502,3.56E-05
179600,8.54E-05
179701,4.75E-05
179703,3.76E-05
179704,2.08E-05
179705,1.68E-05
179801,2.58E-05
179803,2.87E-05
179804,2.32E-05
179805,2.03E-05
179902,5.20E-05
179904,1.98E-05
179905,1.98E-05
179906,1.24E-05
179907,1.34E-05
179908,1.74E-05
179909,1.63E-05
179910,1.68E-05
179911,9.38E-06
179912,2.13E-05
179913,1.53E-05
179914,1.44E-05
179915,1.04E-05
180001,5.72E-05
180003,2.77E-05
180004,4.11E-05
180005,2.13E-05
180101,7.00E-05
180102,0.000126
180103,2.08E-05
180104,2.72E-05
180105,8.12E-05
180106,7.28E-05
180201,3.71E-05
180202,1.98E-05
180203,1.68E-05
180204,2.48E-05
180205,1.79E-05
180206,2.72E-05
180207,2.82E-05
180209,1.09E-05
180210,1.93E-05
180211,2.58E-05
180213,8.40E-06
180214,9.87E-06
180215,3.12E-05
180301,6.40E-05
180302,3.22E-05
180404,1.74E-05
180405,1.63E-05
180406,9.38E-06
180407,1.83E-05
180408,1.29E-05
180409,8.40E-06
180410,1.53E-05
180411,1.79E-05
180412,1.39E-05
180501,1.29E-05
180502,1.24E-05
180503,1.09E-05
180504,1.09E-05
180505,1.39E-05
180506,1.39E-05
180507,2.13E-05
180602,1.79E-05
180603,4.35E-05
180605,5.64E-05
180606,1.04E-05
180607,1.29E-05
180608,1.09E-05
180609,2.53E-05
180610,1.93E-05
180611,1.34E-05
180612,1.88E-05
180613,3.13E-05
180614,1.53E-05
180615,7.91E-06
180616,1.19E-05
180701,1.98E-05
180704,0.0001302
180705,1.88E-05
180706,5.94E-06
180707,1.14E-05
180708,1.63E-05
180709,1.63E-05
180710,1.98E-05
180711,1.88E-05
180712,1.58E-05
180713,1.14E-05
180714,1.19E-05
180715,1.34E-05
180716,2.03E-05
180717,1.88E-05
180809,6.93E-06
180810,3.56E-05
180811,3.96E-06
180813,0.000133643
180815,2.67E-05
180816,2.67E-05
180818,2.97E-05
180819,3.76E-05
180823,3.17E-05
180824,1.98E-05
180825,3.82E-05
180826,3.47E-06
180827,3.37E-05
180828,4.75E-05
180829,3.96E-05
180832,4.11E-05
180834,2.23E-05
180836,4.11E-05
180840,8.89E-06
180841,1.04E-05
180842,3.07E-05
180843,2.92E-05
180844,3.51E-05
180845,2.77E-05
180846,4.11E-05
180847,2.43E-05
180848,4.90E-05
180849,3.61E-05
180850,2.58E-05
180851,3.27E-05
180852,1.93E-05
180853,3.61E-05
180854,2.87E-05
180855,2.62E-05
180856,1.04E-05
180857,1.93E-05
180858,2.53E-05
180859,1.68E-05
180860,1.09E-05
180861,1.63E-05
180862,1.48E-05
180863,1.48E-05
180864,7.91E-06
180865,1.98E-06
180866,4.45E-06
180867,1.04E-05
180868,1.44E-05
180869,7.42E-06
180870,5.94E-06
180871,1.79E-05
180872,5.45E-06
180873,5.94E-06
180874,4.95E-06
180875,5.94E-06
180876,0
180877,1.74E-05
180878,5.94E-06
180901,5.64E-05
180902,1.88E-05
180903,1.34E-05
180904,3.32E-05
181001,6.43E-06
181002,1.48E-05
181003,8.40E-06
181004,3.47E-06
181101,2.92E-05
181102,2.97E-05
181103,2.48E-05
181104,3.17E-05
181105,6.73E-05
181107,3.32E-05
181108,4.06E-05
181109,1.09E-05
181110,1.44E-05
181111,2.18E-05
181112,1.74E-05
181113,1.48E-05
181114,1.04E-05
181115,1.34E-05
181116,1.53E-05
181117,1.34E-05
181118,1.63E-05
181119,1.48E-05
181120,1.48E-05
181121,1.19E-05
181122,1.44E-05
181123,1.44E-05
181124,1.83E-05
181200,6.28E-05
181301,4.11E-05
181302,8.33E-05
181303,4.75E-05
181304,1.83E-05
181305,3.76E-05
181400,6.10E-05
181501,2.08E-05
181502,2.77E-05
181503,3.12E-05
181606,0
181610,0
181612,0
181613,0
181614,0.000495868
181615,0
181616,0
181617,0
181618,3.76E-05
181619,2.13E-05
181620,1.74E-05
181621,2.62E-05
181622,2.72E-05
181701,2.82E-05
181702,2.03E-05
181703,3.66E-05
181800,4.85E-05
181901,3.91E-05
181902,4.35E-05
181904,3.96E-06
181905,4.95E-06
181906,1.29E-05
182001,4.11E-05
182008,3.07E-05
182009,3.37E-05
182010,3.61E-05
182011,1.58E-05
182013,2.32E-05
182014,2.18E-05
182017,2.48E-05
182018,3.82E-05
182019,9.38E-06
182020,1.39E-05
182021,9.87E-06
182022,2.27E-05
182023,1.88E-05
182024,1.24E-05
182025,6.93E-06
182026,1.34E-05
182027,1.04E-05
182028,1.34E-05
182029,8.89E-06
182030,1.34E-05
182100,2.53E-05
182200,1.14E-05
182300,2.97E-05
182400,1.58E-05
182500,2.53E-05
182601,1.14E-05
182602,5.15E-05
182603,1.83E-05
182702,3.27E-05
182705,3.42E-05
182706,9.87E-06
182708,2.82E-05
182709,1.34E-05
182710,1.09E-05
182711,9.38E-06
182802,4.45E-06
182803,3.96E-06
182804,5.45E-06
182805,1.19E-05
182806,9.38E-06
182902,1.34E-05
182903,5.49E-05
182904,2.87E-05
183000,3.17E-05
183100,2.43E-05
183201,3.76E-05
183202,7.91E-06
183300,3.17E-05
183400,3.71E-05
183501,4.95E-07
183502,3.12E-05
183503,2.08E-05
183601,4.95E-07
183602,1.48E-05
183700,9.87E-06
183800,3.96E-06
183902,4.51E-05
183903,1.44E-05
183904,3.22E-05
183906,3.22E-05
183907,3.07E-05
183908,5.94E-06
184000,3.07E-05
184100,2.97E-05
184200,3.02E-05
184300,3.07E-05
184400,2.08E-05
184500,4.51E-05
184600,4.70E-05
184701,4.51E-05
184703,1.24E-05
184704,8.89E-06
184800,5.36E-05
184903,2.43E-05
184904,1.79E-05
184905,2.48E-05
184906,3.37E-05
184907,5.05E-05
184909,8.40E-06
184910,2.62E-05
184911,1.53E-05
184912,2.92E-05
185001,3.96E-05
185003,3.76E-05
185004,0
185005,3.22E-05
185006,3.12E-05
185102,3.71E-05
185103,2.92E-05
185104,3.17E-05
185200,1.04E-05
185301,2.62E-05
185302,4.06E-05
185400,2.13E-05
185500,2.48E-05
185601,1.58E-05
185602,2.08E-05
185603,2.97E-06
185700,2.03E-05
185800,2.82E-05
185901,3.32E-05
185902,2.58E-05
186002,3.12E-05
186003,1.53E-05
186004,2.87E-05
186101,1.24E-05
186103,1.39E-05
186104,4.16E-05
186105,2.58E-05
186200,2.72E-05
186301,2.13E-05
186302,1.34E-05
186401,3.51E-05
186402,3.96E-06
186500,2.13E-05
186600,6.90E-05
186700,3.37E-05
186800,1.98E-05
186900,4.11E-05
187000,2.62E-05
187100,2.32E-05
187200,2.97E-05
187300,3.82E-05
187401,1.88E-05
187404,4.66E-05
187405,5.64E-05
187406,2.82E-05
187407,2.67E-05
187500,3.56E-05
187600,2.87E-05
187700,3.51E-05
187801,2.27E-05
187802,8.89E-06
187803,2.13E-05
187901,3.22E-05
187902,3.61E-05
187903,2.72E-05
188001,3.12E-05
188002,3.27E-05
188100,3.76E-05
188200,3.27E-05
188300,1.88E-05
188401,1.14E-05
188402,3.27E-05
188500,2.62E-05
188601,5.94E-06
188602,1.24E-05
188700,2.58E-05
188800,4.45E-05
188901,1.79E-05
188902,1.09E-05
189001,3.96E-06
189002,1.79E-05
189101,3.42E-05
189103,2.97E-05
189104,3.47E-06
189200,4.21E-05
189302,6.43E-06
189303,1.88E-05
189304,1.88E-05
189305,6.43E-06
189400,0
189500,2.27E-05
189600,2.72E-05
189702,7.42E-06
189703,1.24E-05
189705,2.92E-05
189706,2.53E-05
189707,1.68E-05
189802,7.42E-06
189803,3.12E-05
189804,3.42E-05
189901,2.03E-05
189902,2.43E-05
190000,3.17E-05
190100,3.07E-05
190200,1.68E-05
190300,4.56E-05
190400,3.02E-05
190500,3.32E-05
190600,2.77E-05
190700,1.04E-05
190800,2.32E-05
190900,1.63E-05
191000,2.18E-05
191101,0
191104,3.17E-05
191105,1.09E-05
191106,1.14E-05
191107,1.19E-05
191200,1.68E-05
191301,1.24E-05
191302,9.87E-06
191401,8.40E-06
191402,1.04E-05
191501,6.43E-06
191502,1.19E-05
191600,1.09E-05
191700,1.79E-05
191801,1.34E-05
191803,5.45E-06
191804,1.44E-05
191805,1.14E-05
191901,1.39E-05
191903,1.48E-05
191904,1.58E-05
192000,1.83E-05
192100,1.53E-05
192200,9.87E-06
192300,2.87E-05
192400,2.13E-05
192500,2.43E-05
192600,2.18E-05
192700,3.27E-05
192800,2.37E-05
192900,2.87E-05
193000,1.74E-05
193100,1.74E-05
193200,2.53E-05
193300,1.79E-05
193400,2.23E-05
193500,1.48E-05
193600,1.83E-05
193701,1.98E-05
193702,5.45E-06
193801,1.58E-05
193802,1.14E-05
193900,2.53E-05
194000,3.22E-05
194100,2.58E-05
194200,3.82E-05
194300,2.87E-05
194402,3.76E-05
194403,1.48E-05
194405,4.06E-05
194407,1.83E-05
194408,7.91E-06
194409,3.32E-05
194410,9.87E-06
194501,2.97E-05
194502,3.61E-05
194600,2.87E-05
194700,3.32E-05
194800,4.85E-05
194900,2.92E-05
195001,1.98E-05
195002,4.95E-06
195100,2.87E-05
195200,1.24E-05
195300,1.88E-05
195400,1.83E-05
195500,2.97E-05
195600,2.77E-05
195700,1.19E-05
195800,2.58E-05
195900,3.12E-05
196000,3.02E-05
196100,1.48E-05
196201,1.79E-05
196202,2.92E-05
196301,1.93E-05
196302,2.18E-05
196401,1.44E-05
196402,1.93E-05
196500,2.32E-05
196600,1.48E-05
196700,4.95E-07
196801,1.14E-05
196802,7.42E-06
196900,2.58E-05
197001,1.93E-05
197002,7.42E-06
197100,1.83E-05
197200,1.79E-05
197300,3.12E-05
197401,1.48E-05
197402,1.19E-05
197500,1.58E-05
197600,3.22E-05
197700,1.79E-05
197801,1.34E-05
197802,1.39E-05
197900,1.09E-05
198000,2.13E-05
198100,1.83E-05
198200,3.96E-05
198300,2.18E-05
198401,1.74E-05
198402,3.47E-06
198500,4.95E-07
198600,9.87E-07
198701,0.000157031
198702,9.38E-06
198801,0
198802,7.91E-06
198900,1.09E-05
199001,4.95E-07
199002,1.14E-05
199100,2.27E-05
199201,8.40E-06
199202,5.94E-06
199300,1.53E-05
199400,2.82E-05
199500,2.13E-05
199600,1.34E-05
199700,3.07E-05
199800,4.06E-05
199900,3.56E-05
200000,1.24E-05
200100,2.77E-05
200200,2.62E-05
200300,1.39E-05
200401,1.63E-05
200402,1.29E-05
200500,3.02E-05
200600,2.62E-05
200701,1.88E-05
200702,1.74E-05
200800,2.87E-05
200901,8.40E-06
200902,1.58E-05
201000,3.37E-05
201100,2.92E-05
201200,2.77E-05
201300,2.27E-05
201400,2.48E-05
201501,1.74E-05
201502,1.53E-05
201600,1.68E-05
201701,7.91E-06
201702,1.44E-05
201801,8.40E-06
201802,1.58E-05
201900,2.18E-05
202000,2.18E-05
202101,3.96E-06
202102,1.04E-05
202200,2.58E-05
202300,3.07E-05
202400,2.87E-05
202501,2.43E-05
202502,2.87E-05
202600,6.43E-06
202700,1.98E-06
202801,3.22E-05
202802,3.86E-05
202803,1.53E-05
202900,2.77E-05
203000,8.40E-06
203100,2.03E-05
203200,2.67E-05
203300,2.67E-05
203400,2.43E-05
203500,1.29E-05
203601,1.19E-05
203602,5.94E-06
203700,4.95E-05
203801,1.79E-05
203802,7.91E-06
203900,1.44E-05
204000,2.23E-05
204100,1.14E-05
204200,1.48E-05
204300,1.93E-05
204400,1.58E-05
204500,2.87E-05
204600,1.83E-05
204701,1.14E-05
204702,3.58E-05
204800,8.40E-06
204900,1.04E-05
205001,1.19E-05
205002,2.97E-06
205003,1.44E-05
205100,2.03E-05
205201,2.08E-05
205202,7.42E-06
205300,2.87E-05
205401,1.24E-05
205402,5.94E-06
205500,3.22E-05
205600,2.13E-05
205700,2.62E-05
205801,2.92E-05
205802,2.13E-05
205900,1.93E-05
206001,1.44E-05
206002,4.95E-06
206100,1.88E-05
206200,1.39E-05
206300,2.43E-05
206400,3.07E-05
206500,3.07E-05
206600,1.53E-05
206700,2.08E-05
206800,2.53E-05
206900,1.04E-05
207000,2.53E-05
207100,2.87E-05
207200,2.03E-05
207301,1.39E-05
207302,1.29E-05
207400,2.23E-05
207501,3.22E-05
207502,1.14E-05
207503,4.11E-05
207600,1.83E-05
207701,1.24E-05
207702,9.87E-06
207703,1.53E-05
207704,0
207800,2.18E-05
207900,2.58E-05
208000,1.19E-05
208100,2.13E-05
208201,0.000155399
208202,0
208300,1.48E-05
208400,1.24E-05
208500,3.18E-05
208600,9.87E-07
208700,6.93E-06
208800,2.32E-05
208901,1.19E-05
208902,1.19E-05
208903,6.93E-06
208904,1.24E-05
208905,7.91E-06
208906,1.68E-05
208907,1.14E-05
208908,1.39E-05
209000,7.91E-06
209100,1.98E-06
209200,0
209300,1.48E-05
209400,2.13E-05
209500,2.67E-05
209600,3.27E-05
209701,1.53E-05
209702,2.82E-05
209703,1.93E-05
209800,2.32E-05
209901,2.27E-05
209902,0
210000,2.62E-05
210100,1.48E-05
210201,5.37E-05
210202,3.82E-05
210301,6.04E-05
210302,0
210400,1.79E-05
210500,1.88E-05
210600,1.24E-05
210701,0
210702,4.95E-07
210802,7.21E-05
210803,3.96E-05
210804,3.47E-06
210805,3.96E-06
210806,1.58E-05
210807,1.24E-05
210808,1.14E-05
210809,8.40E-06
210901,3.47E-06
210902,1.48E-05
210903,1.34E-05
210904,2.97E-06
210905,1.58E-05
210906,1.14E-05
210907,9.87E-06
211002,4.66E-05
211003,9.87E-07
211004,8.89E-06
211005,2.18E-05
211100,1.44E-05
211200,5.45E-06
211300,4.45E-06
211401,6.43E-06
211402,2.03E-05
211403,1.39E-05
211501,1.68E-05
211502,9.38E-06
211503,2.48E-06
211600,1.39E-05
211700,3.19E-05
211800,3.82E-05
211900,9.87E-07
212001,1.34E-05
212002,2.48E-06
212102,3.86E-05
212103,3.47E-06
212104,9.87E-06
212105,4.95E-05
212106,1.58E-05
212107,5.94E-06
212108,1.09E-05
212200,1.68E-05
212300,2.72E-05
212401,5.64E-05
212403,1.48E-05
212404,8.40E-06
212405,1.34E-05
212406,5.94E-06
212407,1.19E-05
212408,1.19E-05
212503,1.93E-05
212504,1.44E-05
212505,1.14E-05
212506,7.42E-06
212507,5.45E-06
212508,1.68E-05
212509,7.91E-06
212510,1.68E-05
212600,3.47E-06
212701,3.96E-06
212702,1.68E-05
212703,3.96E-06
212704,4.45E-06
212800,2.48E-06
212900,2.23E-05
213000,2.48E-06
213100,5.30E-05
213200,1.48E-05
213300,0
213401,1.48E-06
213402,3.77E-05
213403,8.40E-06
213404,1.83E-05
213405,3.96E-06
213501,2.97E-05
213502,3.86E-05
213602,3.27E-05
213603,3.76E-05
213604,2.58E-05
213700,9.38E-06
213800,4.56E-05
213900,1.68E-05
214000,1.93E-05
214101,1.58E-05
214102,9.87E-07
214103,1.24E-05
214104,1.48E-06
214105,1.48E-06
214202,5.00E-05
214203,7.91E-06
214204,9.38E-06
214300,1.53E-05
214401,6.43E-06
214402,4.68E-05
214501,8.40E-06
214502,2.92E-05
214601,1.14E-05
214602,1.19E-05
214603,7.42E-06
214604,9.87E-06
214700,1.88E-05
214800,1.44E-05
214900,2.03E-05
215000,8.89E-06
215100,6.93E-06
215201,2.13E-05
215202,2.48E-06
215300,1.83E-05
215400,2.43E-05
215500,4.16E-05
215601,1.29E-05
215602,8.40E-06
215603,1.09E-05
215604,1.14E-05
215700,5.74E-05
215800,4.22E-05
215903,6.43E-06
215904,3.51E-05
215905,6.43E-06
215906,6.93E-06
215907,7.42E-06
215908,9.87E-06
216001,1.29E-05
216002,3.12E-05
216003,2.92E-05
216102,1.63E-05
216103,6.34E-05
216104,4.45E-06
216105,6.43E-06
216106,4.95E-06
216202,9.87E-07
216203,4.45E-06
216205,1.63E-05
216206,1.39E-05
216207,1.29E-05
216208,1.34E-05
216209,1.39E-05
216210,5.94E-06
216211,9.87E-06
216212,1.09E-05
216300,4.45E-05
216401,1.53E-05
216402,1.34E-05
216403,1.58E-05
216500,1.53E-05
216601,7.91E-06
216602,1.98E-05
216603,3.96E-06
216700,2.13E-05
216800,5.40E-05
216901,1.58E-05
216902,1.04E-05
216903,1.48E-05
216904,1.44E-05
216905,1.29E-05
216906,8.89E-06
217000,1.48E-06
217101,0
217102,1.44E-05
217201,9.78E-05
217205,1.74E-05
217206,1.44E-05
217207,1.29E-05
217208,1.09E-05
217209,1.58E-05
217210,1.53E-05
217301,2.03E-05
217302,1.88E-05
217303,1.09E-05
217304,1.83E-05
217305,2.32E-05
217400,4.66E-05
217500,2.97E-05
217601,8.40E-06
217602,1.19E-05
217603,1.24E-05
217604,1.29E-05
217605,1.83E-05
217606,1.83E-05
217701,1.68E-05
217702,1.68E-05
217703,1.29E-05
217704,1.24E-05
217801,9.87E-06
217802,1.04E-05
217803,1.04E-05
217804,1.48E-05
217900,2.03E-05
218000,3.17E-05
218101,1.39E-05
218102,2.72E-05
218200,3.47E-06
218300,2.32E-05
218401,2.18E-05
218402,1.48E-06
218500,1.68E-05
218601,5.26E-05
218602,2.13E-05
218701,4.01E-05
218702,5.05E-05
218801,0.000501811
218802,6.93E-06
218803,7.91E-06
218804,1.44E-05
218805,3.64E-05
218901,2.48E-05
218902,3.37E-05
218903,7.91E-06
219001,3.27E-05
219002,4.90E-05
219003,2.27E-05
219100,7.91E-06
219200,2.48E-05
219301,1.63E-05
219302,1.68E-05
219303,2.48E-05
219304,1.48E-05
219401,8.40E-06
219403,3.96E-06
219404,1.63E-05
219501,4.51E-05
219502,3.46E-05
219503,7.91E-06
219504,1.14E-05
219600,0
219700,2.43E-05
219800,2.72E-05
219900,8.40E-06
220000,1.44E-05
220100,9.87E-07
220200,1.88E-05
220300,2.37E-05
220400,3.61E-05
220500,9.87E-06
220600,2.58E-05
220700,3.27E-05
220800,4.40E-05
220900,2.37E-05
221000,2.82E-05
221100,3.82E-05
221200,6.30E-05
221301,4.16E-05
221303,0
221305,0
221306,0
221400,3.00E-05
221500,5.59E-05
221600,1.63E-05
221700,2.32E-05
221801,1.68E-05
221802,1.48E-06
221902,4.95E-07
221903,4.21E-05
221904,6.93E-06
221905,1.98E-06
221906,0
221907,0
222000,4.95E-07
222100,5.94E-06
222200,8.89E-06
222300,2.48E-06
222400,9.38E-06
222500,1.58E-05
222600,6.93E-06
222700,9.87E-06
222800,1.48E-05
222901,2.37E-05
222902,4.21E-05
222903,8.40E-06
223005,2.27E-05
223006,2.72E-05
223007,3.86E-05
223008,2.92E-05
223009,3.17E-05
223010,2.13E-05
223011,2.03E-05
223012,1.09E-05
223013,2.32E-05
223014,3.46E-05
223015,3.76E-05
223100,1.24E-05
223200,1.88E-05
223300,1.29E-05
223400,1.68E-05
223500,1.19E-05
223600,5.45E-06
223701,6.93E-06
223702,3.71E-05
223801,1.48E-06
223802,7.42E-06
223901,3.47E-06
223902,1.14E-05
223903,1.74E-05
224000,1.24E-05
224104,3.56E-05
224105,5.45E-05
224106,5.74E-05
224107,3.42E-05
224114,1.93E-05
224115,6.25E-05
224116,2.43E-05
224117,2.53E-05
224118,1.29E-05
224119,3.76E-05
224120,3.66E-05
224122,6.93E-06
224123,3.91E-05
224124,5.15E-05
224125,3.61E-05
224126,2.62E-05
224127,2.62E-05
224128,2.97E-05
224129,2.43E-05
224130,2.92E-05
224131,1.63E-05
224132,2.62E-05
224209,4.26E-05
224213,3.12E-05
224214,3.51E-05
224215,2.67E-05
224216,3.96E-05
224218,3.17E-05
224221,1.98E-05
224223,2.82E-05
224224,4.11E-05
224225,4.06E-05
224226,2.18E-05
224227,4.31E-05
224228,2.32E-05
224229,4.45E-05
224230,3.32E-05
224231,5.35E-05
224232,2.97E-05
224233,3.12E-05
224234,3.22E-05
224235,2.77E-05
224236,2.87E-05
224237,2.97E-05
224238,3.66E-05
224239,1.98E-05
224240,1.88E-05
224241,1.29E-05
224242,2.23E-05
224243,8.89E-06
224244,1.48E-05
224245,9.87E-06
224246,1.14E-05
224247,8.40E-06
224248,7.42E-06
224249,2.48E-06
224250,1.39E-05
224251,1.83E-05
224252,1.58E-05
224253,4.45E-06
224254,2.62E-05
224303,4.66E-05
224304,2.77E-05
224305,2.87E-05
224306,4.95E-07
224307,1.39E-05
224308,1.44E-05
224309,1.24E-05
224310,1.48E-05
224311,1.29E-05
224312,1.53E-05
224313,1.19E-05
224314,5.45E-06
224315,1.88E-05
224403,1.34E-05
224407,3.07E-05
224409,1.19E-05
224410,8.89E-06
224411,1.09E-05
224412,7.91E-06
224413,1.14E-05
224414,1.29E-05
224415,1.29E-05
224416,1.83E-05
224417,1.63E-05
224418,1.39E-05
224419,1.24E-05
224420,1.48E-05
224421,8.40E-06
224422,1.53E-05
224423,1.14E-05
224501,0
224502,2.82E-05
224600,2.27E-05
224700,3.76E-05
224800,1.58E-05
224900,3.32E-05
225000,2.72E-05
225100,2.58E-05
225201,3.51E-05
225202,1.04E-05
225302,3.71E-05
225303,6.43E-06
225304,4.56E-05
225305,3.02E-05
225401,2.58E-05
225402,3.42E-05
225501,5.10E-05
225502,1.79E-05
225600,3.02E-05
225701,0
225702,4.56E-05
225802,5.20E-05
225804,1.58E-05
225805,2.23E-05
225806,1.93E-05
225807,1.93E-05
225808,2.53E-05
225809,8.40E-06
225901,3.42E-05
225902,6.78E-05
226002,6.14E-05
226003,4.01E-05
226004,5.79E-05
226005,4.11E-05
226006,2.48E-05
226103,1.98E-05
226104,2.32E-05
226105,3.07E-05
226106,1.79E-05
226107,2.58E-05
226108,1.29E-05
226200,2.48E-05
226301,7.42E-06
226302,2.82E-05
226303,1.39E-05
226401,6.43E-06
226402,8.89E-06
226403,1.19E-05
226501,1.19E-05
226503,8.89E-06
226504,1.53E-05
226505,1.24E-05
226601,5.75E-05
226602,3.51E-05
226700,8.12E-05
226800,3.32E-05
226901,4.45E-06
226902,7.63E-05
226903,5.05E-05
227004,5.15E-05
227005,9.38E-06
227006,3.12E-05
227008,1.98E-05
227009,5.35E-05
227010,2.67E-05
227011,2.87E-05
227012,1.79E-05
227101,5.89E-05
227102,4.70E-05
227203,1.58E-05
227204,6.93E-06
227205,2.32E-05
227206,2.37E-05
227301,3.56E-05
227303,3.02E-05
227304,2.97E-05
227305,2.97E-05
227401,1.83E-05
227402,1.29E-05
227403,2.08E-05
227404,1.39E-05
227405,2.53E-05
227406,1.68E-05
227407,1.88E-05
227500,3.27E-05
227601,5.49E-05
227602,9.87E-06
227701,3.42E-05
227703,2.23E-05
227704,2.32E-05
227705,1.88E-05
227801,1.39E-05
227802,2.58E-05
227803,2.62E-05
227804,2.08E-05
227900,2.43E-05
228000,4.40E-05
228101,3.02E-05
228102,3.07E-05
228202,6.93E-06
228205,2.53E-05
228206,2.03E-05
228207,2.43E-05
228208,3.02E-05
228300,2.43E-05
228400,2.77E-05
228500,2.08E-05
228600,1.93E-05
228701,1.83E-05
228702,2.92E-05
228703,2.18E-05
228801,3.02E-05
228802,3.71E-05
228900,3.66E-05
229001,2.32E-05
229002,1.93E-05
229003,2.18E-05
229004,1.74E-05
229100,3.22E-05
229200,1.53E-05
229300,3.02E-05
229400,2.32E-05
229500,1.48E-05
229600,1.88E-05
229701,1.19E-05
229702,1.93E-05
229800,2.13E-05
229900,3.56E-05
230001,1.34E-05
230002,2.43E-05
230003,2.03E-05
230100,2.48E-05
230200,1.48E-06
230301,2.44E-05
230302,1.98E-06
230401,4.95E-06
230402,0
230500,3.66E-05
230601,1.48E-06
230602,0
230701,0.000134637
230702,0
230801,9.87E-07
230802,1.83E-05
230900,3.32E-05
231001,1.48E-06
231002,2.18E-05
231003,2.87E-05
231100,2.92E-05
231200,1.58E-05
231301,8.40E-06
231302,5.45E-06
231401,9.87E-06
231402,3.96E-06
231500,1.53E-05
231600,1.58E-05
231700,4.40E-05
231800,5.69E-05
231900,2.48E-05
232001,1.74E-05
232002,2.03E-05
232003,2.97E-05
232101,2.43E-05
232102,5.94E-06
232201,6.93E-06
232203,1.98E-05
232204,3.66E-05
232205,1.34E-05
232300,3.46E-05
232400,3.07E-05
232501,8.89E-06
232502,1.14E-05
232503,4.95E-06
232600,2.97E-05
232700,2.62E-05
232800,1.98E-05
232900,2.32E-05
233000,1.14E-05
233101,2.03E-05
233102,2.62E-05
233103,1.68E-05
233200,2.72E-05
233300,4.61E-05
233400,4.61E-05
233500,2.23E-05
233600,2.37E-05
233700,3.22E-05
233800,2.67E-05
233900,3.37E-05
234000,3.27E-05
234101,2.82E-05
234102,5.94E-06
234200,3.91E-05
234301,2.32E-05
234302,2.82E-05
234303,3.96E-06
234401,1.74E-05
234402,2.08E-05
234403,1.74E-05
234500,1.53E-05
234601,1.04E-05
234602,8.40E-06
234700,2.08E-05
234800,2.32E-05
234900,2.92E-05
235003,3.07E-05
235005,1.98E-05
235006,1.29E-05
235007,3.27E-05
235008,2.62E-05
235009,3.61E-05
235010,1.34E-05
235011,5.45E-06
235012,1.48E-05
235013,1.34E-05
235101,1.39E-05
235102,1.34E-05
235103,4.92E-05
235104,9.38E-06
235105,8.40E-06
235200,4.70E-05
235300,5.05E-05
235400,3.46E-05
235501,4.70E-05
235503,1.24E-05
235504,1.29E-05
235505,9.87E-06
235506,1.09E-05
235600,4.06E-05
235705,2.53E-05
235706,2.48E-05
235711,2.82E-05
235712,3.12E-05
235713,2.62E-05
235714,1.48E-05
235715,4.11E-05
235716,2.58E-05
235717,3.22E-05
235718,3.02E-05
235720,2.77E-05
235721,3.27E-05
235722,2.62E-05
235723,1.39E-05
235724,2.08E-05
235725,7.91E-06
235726,1.48E-05
235727,1.09E-05
235728,1.14E-05
235801,1.09E-05
235802,1.58E-05
235803,1.93E-05
235903,4.26E-05
235904,2.67E-05
235905,2.23E-05
235906,1.34E-05
235907,1.98E-05
235908,2.48E-05
236001,2.13E-05
236002,3.02E-05
236003,2.37E-05
236004,2.58E-05
236005,3.51E-05
236006,9.38E-06
236101,1.79E-05
236102,1.58E-05
236103,2.48E-06
236104,6.43E-06
236201,9.03E-05
236202,5.45E-06
236301,4.95E-06
236302,5.00E-05
236400,4.40E-05
236500,3.86E-05
236603,3.22E-05
236605,2.37E-05
236606,2.43E-05
236607,4.31E-05
236608,1.24E-05
236609,2.82E-05
236610,1.14E-05
236611,1.98E-05
236612,1.93E-05
236613,2.08E-05
236614,8.89E-06
236701,6.24E-05
236703,3.02E-05
236704,2.08E-05
236705,5.10E-05
236707,8.89E-06
236708,1.09E-05
236709,1.53E-05
236710,1.34E-05
236711,8.89E-06
236712,2.82E-05
236713,1.93E-05
236714,5.45E-06
236715,1.63E-05
236801,4.61E-05
236802,1.88E-05
236803,5.45E-05
236804,3.37E-05
236809,1.29E-05
236810,2.08E-05
236811,1.83E-05
236812,1.39E-05
236813,1.48E-05
236814,1.98E-05
236815,2.32E-05
236816,1.68E-05
236817,7.91E-06
236818,1.19E-05
236819,2.27E-05
236820,2.08E-05
236821,2.67E-05
236822,2.08E-05
236823,3.66E-05
236824,2.43E-05
236825,1.14E-05
236826,1.63E-05
236827,2.23E-05
236900,1.09E-05
237000,3.96E-05
237100,2.48E-06
237203,4.61E-05
237204,2.08E-05
237205,4.51E-05
237206,2.58E-05
237207,2.87E-05
237208,1.88E-05
237302,6.55E-05
237303,8.40E-06
237304,8.40E-06
237305,4.95E-06
237306,1.34E-05
237307,3.13E-05
237402,4.95E-07
237403,8.89E-06
237404,2.32E-05
237501,1.39E-05
237502,1.98E-06
237600,3.56E-05
237700,1.53E-05
237800,3.46E-05
237901,1.53E-05
237902,2.37E-05
238001,5.32E-05
238002,3.66E-05
238101,2.43E-05
238102,9.87E-06
238103,2.48E-06
238200,7.42E-06
238302,4.45E-06
238303,1.44E-05
238304,8.40E-06
238305,9.87E-06
238306,1.24E-05
238401,1.53E-05
238402,2.67E-05
238403,2.08E-05
238404,1.79E-05
238405,7.91E-06
238501,1.24E-05
238502,2.08E-05
238503,2.43E-05
238504,3.07E-05
238505,2.58E-05
238600,2.37E-05
238702,1.88E-05
238703,0
238704,1.48E-05
238705,1.58E-05
238706,8.40E-06
238707,1.34E-05
238708,1.09E-05
238801,1.24E-05
238802,6.43E-06
238803,5.45E-06
238804,2.58E-05
238900,1.44E-05
239000,1.98E-05
239101,9.87E-06
239102,3.47E-06
239103,7.91E-06
239104,3.33E-05
239105,2.13E-05
239200,3.02E-05
239300,5.05E-05
239400,2.23E-05
239501,1.14E-05
239504,1.74E-05
239505,2.77E-05
239506,1.68E-05
239507,1.39E-05
239508,2.32E-05
239509,1.58E-05
239510,1.09E-05
239511,5.45E-06
239600,1.14E-05
239700,2.77E-05
239801,2.18E-05
239802,2.08E-05
239804,4.95E-06
239805,2.03E-05
239806,6.53E-05
239900,4.95E-07
240000,2.53E-05
240101,2.62E-05
240102,1.04E-05
240200,1.98E-05
240301,9.38E-06
240302,7.91E-06
240303,1.53E-05
240304,1.44E-05
240305,4.95E-06
240401,2.37E-05
240402,4.45E-06
240502,2.08E-05
240503,2.48E-05
240504,4.45E-06
240505,2.48E-05
240601,9.87E-06
240602,1.44E-05
240603,9.38E-06
240604,9.87E-06
240700,3.66E-05
240800,3.02E-05
240900,1.88E-05
241000,2.18E-05
241100,2.18E-05
241200,1.83E-05
241300,1.29E-05
241400,1.58E-05
241500,1.83E-05
241600,4.95E-07
241700,1.24E-05
241800,1.53E-05
241900,3.27E-05
242000,4.45E-06
242100,4.11E-05
242200,3.61E-05
242300,1.98E-05
242400,1.93E-05
242501,7.42E-06
242502,3.66E-05
242600,2.97E-05
242700,0
242800,0
242900,0
243000,0
243100,0
243200,4.45E-06
243300,3.56E-05
243400,1.39E-05
243501,2.32E-05
243502,1.74E-05
243600,2.32E-05
243700,1.68E-05
243800,8.40E-06
243900,3.37E-05
244001,5.49E-05
244002,1.09E-05
244100,3.82E-05
244200,3.71E-05
244300,5.69E-05
244400,3.27E-05
244500,2.82E-05
244600,7.42E-06
244700,2.62E-05
244800,2.08E-05
244900,1.34E-05
245000,3.66E-05
245100,3.71E-05
245200,2.82E-05
245300,2.72E-05
245400,3.51E-05
245500,2.23E-05
245600,2.72E-05
245700,3.12E-05
245800,2.58E-05
245900,2.82E-05
246000,3.07E-05
246103,4.45E-06
246105,1.34E-05
246106,1.39E-05
246107,2.37E-05
246108,2.53E-05
246109,8.40E-06
246200,2.03E-05
246300,2.37E-05
246400,1.93E-05
246500,2.08E-05
246601,1.74E-05
246602,5.45E-06
246700,3.17E-05
246800,1.44E-05
246900,2.97E-05
247000,1.34E-05
247100,1.93E-05
247200,1.58E-05
247300,2.43E-05
247400,2.67E-05
247500,2.48E-05
247600,2.23E-05
247700,1.74E-05
247800,2.77E-05
247900,2.92E-05
248000,1.24E-05
248100,2.08E-05
248200,2.58E-05
248300,8.89E-06
248400,2.13E-05
248500,1.83E-05
248600,2.27E-05
248700,2.43E-05
248800,0.000150989
248900,2.03E-05
249001,2.92E-05
249003,5.64E-05
249004,1.53E-05
249005,1.24E-05
249006,1.58E-05
249007,1.83E-05
249008,1.29E-05
249009,1.24E-05
249100,1.88E-05
249200,1.68E-05
249300,2.72E-05
249400,2.53E-05
249500,3.46E-05
249600,3.22E-05
249700,2.03E-05
249800,2.37E-05
249900,1.79E-05
250000,1.58E-05
250101,4.95E-07
250102,1.44E-05
250103,2.18E-05
250104,1.68E-05
250105,7.42E-06
250106,1.93E-05
250107,1.09E-05
250108,1.09E-05
250109,1.53E-05
250110,6.93E-06
250200,1.24E-05
250300,1.88E-05
250400,2.53E-05
250500,1.53E-05
250600,2.27E-05
250700,2.37E-05
250800,1.44E-05
250900,2.58E-05
251000,2.67E-05
251101,1.58E-05
251102,1.04E-05
251103,2.13E-05
251200,2.67E-05
251300,1.83E-05
251400,1.48E-05
251500,2.97E-05
251600,2.18E-05
251700,2.72E-05
251800,2.58E-05
251900,2.37E-05
252000,3.37E-05
252100,2.72E-05
252200,2.58E-05
252300,2.32E-05
252400,2.23E-05
252500,3.56E-05
252600,3.66E-05
252700,2.62E-05
252800,1.63E-05
252900,2.03E-05
253000,2.58E-05
253100,2.87E-05
253200,3.22E-05
253300,2.23E-05
253400,2.67E-05
253501,2.92E-05
253502,4.95E-06
253600,2.32E-05
253700,1.34E-05
253800,2.32E-05
253900,4.95E-07
254000,2.43E-05
254100,2.37E-05
254200,2.67E-05
254301,1.74E-05
254302,8.40E-06
254400,2.27E-05
254500,2.32E-05
254600,2.18E-05
254700,2.03E-05
254800,1.63E-05
254900,2.18E-05
255000,2.87E-05
255100,3.27E-05
255200,3.02E-05
255300,2.58E-05
255400,1.83E-05
255500,3.66E-05
255600,3.27E-05
255701,1.19E-05
255702,1.58E-05
255800,2.23E-05
255900,1.19E-05
256000,1.29E-05
256100,2.92E-05
256200,2.37E-05
256300,2.82E-05
256400,2.48E-05
256500,2.92E-05
256600,2.27E-05
256700,1.48E-05
256801,5.45E-06
256802,1.48E-05
256900,3.27E-05
257001,1.53E-05
257002,8.89E-06
257003,1.98E-05
257004,5.94E-06
257100,2.77E-05
257201,1.79E-05
257202,7.91E-06
257203,1.98E-06
257300,4.75E-05
257400,3.76E-05
257500,4.01E-05
257601,1.63E-05
257602,6.43E-06
257701,1.29E-05
257702,3.82E-05
257800,2.72E-05
257900,3.32E-05
258001,2.53E-05
258002,9.73E-05
258100,3.42E-05
258200,4.75E-05
258300,2.03E-05
258400,1.83E-05
258500,2.97E-05
258600,3.71E-05
258700,2.58E-05
258801,3.27E-05
258802,4.95E-06
258901,6.43E-06
258902,1.79E-05
259000,2.13E-05
259100,2.87E-05
259200,2.58E-05
259300,2.82E-05
259401,8.40E-06
259402,1.04E-05
259403,1.48E-05
259404,9.38E-06
259501,1.24E-05
259502,4.06E-05
259601,1.34E-05
259602,4.95E-06
259700,1.63E-05
259800,1.04E-05
259900,2.18E-05
260000,2.32E-05
260100,1.88E-05
260200,3.17E-05
260300,3.42E-05
260400,3.76E-05
260500,1.39E-05
260600,1.63E-05
260700,1.58E-05
260800,1.39E-05
260901,1.19E-05
260902,4.45E-06
261000,1.58E-05
261100,3.17E-05
261201,2.18E-05
261202,7.91E-06
261300,2.82E-05
261401,1.98E-05
261402,2.67E-05
261403,1.58E-05
261501,2.27E-05
261502,2.97E-06
261503,1.74E-05
261504,6.43E-06
261601,2.97E-06
261602,9.87E-06
261603,1.63E-05
261700,3.32E-05
261801,3.96E-06
261802,1.74E-05
261803,1.19E-05
261900,3.46E-05
262001,2.62E-05
262002,1.58E-05
262003,2.27E-05
262100,3.17E-05
262201,7.42E-06
262202,1.14E-05
262301,8.40E-06
262302,8.89E-06
262401,1.24E-05
262402,8.89E-06
262500,2.48E-05
262600,2.82E-05
262702,9.38E-06
262703,8.89E-06
262704,7.42E-06
262705,1.44E-05
262800,2.97E-05
262900,1.53E-05
263001,1.98E-05
263002,2.97E-06
263100,1.88E-05
263200,1.93E-05
263301,5.45E-06
263302,1.09E-05
263303,9.87E-06
263304,1.83E-05
263305,9.38E-06
263306,9.87E-06
263400,1.74E-05
263500,3.61E-05
263600,1.88E-05
263700,5.45E-05
263801,2.13E-05
263802,8.40E-06
263900,4.01E-05
264000,1.63E-05
264101,1.39E-05
264102,1.63E-05
264200,4.40E-05
264300,5.05E-05
264400,4.26E-05
264500,1.88E-05
264600,2.53E-05
264700,6.59E-05
264800,2.67E-05
264901,0
264904,0
264905,8.89E-06
264906,2.23E-05
264907,1.63E-05
264908,1.58E-05
264909,7.42E-06
264910,1.63E-05
264911,1.98E-05
264912,1.24E-05
264913,1.74E-05
265001,1.09E-05
265002,9.87E-07
265003,1.98E-05
265004,2.48E-05
265005,5.94E-06
265100,4.95E-07
265200,0
265300,1.63E-05
265400,3.27E-05
265500,1.58E-05
265600,3.12E-05
265700,0.000498836
265800,2.48E-06
265900,6.93E-06
266000,9.87E-07
266100,0
266200,9.87E-07
266300,0
266401,0
266402,1.53E-05
266403,1.19E-05
266501,0
266502,1.98E-06
266600,2.23E-05
266700,1.34E-05
266800,3.66E-05
266900,2.48E-06
267000,9.87E-07
267100,2.23E-05
267200,2.87E-05
267300,2.43E-05
267400,1.93E-05
267500,1.04E-05
267601,2.23E-05
267602,3.17E-05
267701,7.42E-06
267703,1.68E-05
267704,1.24E-05
267705,1.29E-05
267706,9.38E-06
267707,1.58E-05
267708,9.38E-06
267800,3.66E-05
267901,2.97E-05
267902,3.46E-05
268000,4.01E-05
268100,1.34E-05
268200,4.11E-05
268300,3.66E-05
268400,1.79E-05
268500,2.18E-05
268600,3.91E-05
268700,3.02E-05
268800,2.62E-05
268900,2.62E-05
269000,1.74E-05
269101,1.79E-05
269102,2.08E-05
269200,5.05E-05
269300,2.03E-05
269400,2.18E-05
269500,1.09E-05
269600,5.20E-05
269700,1.58E-05
269800,2.77E-05
269900,2.92E-05
270000,2.62E-05
270100,4.01E-05
270201,3.33E-05
270202,2.23E-05
270300,2.87E-05
270400,2.53E-05
270500,2.23E-05
270600,1.93E-05
270700,1.68E-05
270800,2.08E-05
270900,2.23E-05
271000,1.58E-05
271100,1.44E-05
271200,1.63E-05
271300,3.22E-05
271400,2.43E-05
271500,2.67E-05
271600,2.72E-05
271700,2.37E-05
271800,2.87E-05
271900,3.32E-05
272001,2.97E-06
272002,2.27E-05
272100,2.43E-05
272200,2.03E-05
272300,1.98E-05
272401,5.94E-06
272402,5.45E-06
272403,5.54E-05
272500,3.56E-05
272600,2.77E-05
272703,3.12E-05
272704,2.92E-05
272705,8.89E-06
272706,2.62E-05
272707,2.58E-05
272800,4.21E-05
272900,1.44E-05
273000,2.97E-05
273100,1.79E-05
273201,3.86E-05
273203,1.74E-05
273204,2.92E-05
273205,2.03E-05
273206,9.38E-06
273300,4.06E-05
273400,2.67E-05
273500,7.91E-06
273600,2.77E-05
273700,1.39E-05
273800,1.88E-05
273900,1.58E-05
274000,1.63E-05
274100,9.87E-06
274202,1.63E-05
274203,2.87E-05
274204,1.68E-05
274205,1.39E-05
274206,1.44E-05
274300,1.44E-05
274401,2.72E-05
274402,1.98E-05
274502,2.53E-05
274503,6.43E-06
274504,1.53E-05
274505,3.47E-06
274506,5.94E-06
274600,2.67E-05
274700,1.93E-05
274800,1.74E-05
274900,1.04E-05
275000,3.02E-05
275101,1.88E-05
275102,1.24E-05
275200,2.18E-05
275301,7.42E-06
275302,1.04E-05
275400,2.03E-05
275500,2.03E-05
275601,1.44E-05
275602,8.89E-06
275603,9.87E-06
275700,2.08E-05
275800,1.24E-05
275900,2.27E-05
276002,2.32E-05
276003,1.53E-05
276004,9.87E-06
276005,8.89E-06
276006,1.24E-05
276007,1.14E-05
276101,3.96E-06
276102,8.89E-06
276201,6.43E-06
276202,9.38E-06
276300,2.23E-05
276400,4.45E-05
276500,2.58E-05
276601,1.34E-05
276602,1.98E-05
276603,2.82E-05
276700,1.14E-05
276800,2.37E-05
276900,3.07E-05
277000,5.45E-06
277100,5.20E-05
277200,2.03E-05
277301,3.22E-05
277302,2.77E-05
277400,4.45E-05
277500,4.01E-05
277600,3.32E-05
277701,1.79E-05
277702,2.03E-05
277703,1.24E-05
277704,1.79E-05
277801,4.35E-05
277802,1.09E-05
277901,5.84E-05
277902,0
278001,3.22E-05
278003,2.32E-05
278005,3.02E-05
278006,1.29E-05
278007,3.37E-05
278008,3.27E-05
278009,2.72E-05
278102,3.71E-05
278103,4.95E-05
278104,8.89E-06
278105,1.24E-05
278106,2.27E-05
278107,9.87E-06
278108,1.04E-05
278109,1.88E-05
278201,2.67E-05
278203,1.04E-05
278204,1.39E-05
278205,7.91E-06
278206,2.43E-05
278207,5.45E-05
278208,1.39E-05
278209,8.89E-06
278210,1.04E-05
278211,1.19E-05
278212,1.93E-05
278213,1.39E-05
278301,9.38E-06
278302,1.14E-05
278303,1.34E-05
278304,1.83E-05
278402,5.30E-05
278403,4.35E-05
278406,1.34E-05
278407,2.18E-05
278408,1.24E-05
278409,1.93E-05
278410,6.43E-06
278411,9.87E-06
278412,1.34E-05
278502,3.27E-05
278504,2.97E-05
278505,2.87E-05
278506,3.17E-05
278509,8.40E-06
278510,2.97E-05
278511,2.72E-05
278512,1.29E-05
278514,4.11E-05
278515,4.45E-06
278516,1.53E-05
278517,1.48E-05
278601,1.48E-05
278602,3.96E-06
278603,1.53E-05
278701,1.48E-05
278702,9.38E-06
278800,0
278902,2.58E-05
278903,1.09E-05
278904,1.24E-05
278905,3.47E-06
278906,1.09E-05
279000,1.53E-05
279101,2.92E-05
279102,3.96E-05
279201,6.59E-05
279202,4.70E-05
279300,3.56E-05
279400,1.29E-05
279500,6.34E-05
279600,1.74E-05
279700,4.85E-05
279800,9.38E-06
279900,2.48E-05
280000,1.58E-05
280101,2.08E-05
280102,2.37E-05
280103,1.74E-05
280200,4.45E-05
280301,1.48E-05
280302,0.000170309
280303,4.45E-06
280304,0.000137108
280401,3.66E-05
280402,4.06E-05
280500,3.27E-05
280600,2.58E-05
280701,2.82E-05
280703,2.97E-05
280704,5.30E-05
280705,2.62E-05
280706,2.32E-05
280707,3.32E-05
280708,3.46E-05
280709,3.27E-05
280710,3.76E-05
280712,1.29E-05
280713,1.68E-05
280714,1.19E-05
280715,1.58E-05
280716,1.24E-05
280802,1.88E-05
280803,1.29E-05
280804,1.29E-05
280805,1.63E-05
280806,1.29E-05
280807,1.48E-05
280808,1.93E-05
280809,5.94E-06
280810,1.68E-05
280811,3.47E-06
280812,6.93E-06
280901,8.89E-06
280904,2.23E-05
280905,6.04E-05
280906,1.74E-05
280907,1.79E-05
280908,9.38E-06
281000,1.24E-05
281101,1.09E-05
281102,1.24E-05
281103,2.62E-05
281201,5.94E-06
281202,9.87E-06
281300,3.56E-05
281401,3.17E-05
281402,2.67E-05
281403,2.23E-05
281502,3.61E-05
281506,5.05E-05
281509,3.91E-05
281510,2.58E-05
281511,2.77E-05
281512,1.34E-05
281513,2.62E-05
281514,7.91E-06
281515,3.07E-05
281516,2.13E-05
281517,1.34E-05
281518,1.98E-05
281519,2.23E-05
281520,1.63E-05
281601,4.06E-05
281602,1.68E-05
281700,6.71E-05
281800,5.59E-05
281902,1.53E-05
281903,3.96E-06
281904,1.04E-05
281905,9.87E-06
282007,3.96E-06
282008,3.18E-05
282009,5.94E-06
282012,0
282013,1.09E-05
282014,9.38E-06
282015,8.40E-06
282016,9.38E-06
282017,1.09E-05
282018,9.87E-06
282019,6.93E-06
282020,2.97E-06
282021,5.45E-06
282022,1.53E-05
282023,5.94E-06
282024,9.87E-06
282025,1.09E-05
282026,1.04E-05
282027,1.39E-05
282101,7.91E-06
282102,1.39E-05
282103,1.14E-05
282200,0
282301,0
282302,7.82E-05
282400,2.58E-05
282500,6.93E-06
282601,6.43E-06
282602,8.89E-06
282603,9.38E-06
282604,5.94E-06
282605,5.45E-06
282606,9.87E-06
282701,4.95E-06
282702,5.94E-06
282703,6.43E-06
282704,9.38E-06
282807,3.91E-05
282808,3.37E-05
282809,2.58E-05
282810,1.14E-05
282811,1.34E-05
282812,1.14E-05
282813,1.09E-05
282814,1.09E-05
282815,1.04E-05
282816,1.29E-05
282817,6.93E-06
282818,1.44E-05
282819,9.38E-06
282820,7.42E-06
282821,1.63E-05
282822,8.40E-06
282823,1.19E-05
282824,8.40E-06
282825,1.19E-05
282900,7.07E-05
283001,3.12E-05
283002,3.12E-05
283100,6.64E-05
283200,2.77E-05
283301,6.93E-06
283302,1.14E-05
283303,7.91E-06
283304,1.19E-05
283305,1.53E-05
283306,1.29E-05
283307,1.14E-05
283400,9.38E-06
283500,4.11E-05
283601,4.90E-05
283602,3.02E-05
283700,2.43E-05
283800,2.82E-05
283901,1.53E-05
283902,2.67E-05
284000,3.86E-05
284101,1.24E-05
284102,1.29E-05
284103,1.24E-05
284104,1.34E-05
284200,2.08E-05
284301,1.14E-05
284302,8.89E-06
284303,5.94E-06
284304,1.29E-05
284305,1.19E-05
284400,2.27E-05
284500,1.79E-05
284600,2.82E-05
284701,6.64E-05
284702,3.71E-05
284800,2.87E-05
284900,2.62E-05
285001,5.94E-06
285002,1.79E-05
285003,1.34E-05
285004,1.53E-05
285005,9.87E-06
285100,5.59E-05
285201,2.48E-06
285202,5.94E-06
285302,1.48E-06
285303,2.97E-06
285304,5.45E-06
285401,1.24E-05
285402,1.39E-05
285403,1.14E-05
285500,3.91E-05
285600,4.70E-05
285701,2.37E-05
285702,3.76E-05
285703,4.31E-05
285800,2.77E-05
285900,1.83E-05
286000,1.48E-06
286100,2.72E-05
286200,1.93E-05
286300,1.58E-05
286400,2.32E-05
286500,2.32E-05
286600,3.96E-05
286701,9.38E-06
286702,7.42E-06
286703,1.34E-05
286704,6.93E-06
286705,1.19E-05
286801,1.34E-05
286802,2.82E-05
286803,1.88E-05
286900,4.70E-05
287000,2.48E-05
287101,7.42E-06
287102,1.93E-05
287200,2.58E-05
287300,2.62E-05
287400,2.77E-05
287500,1.39E-05
287600,1.74E-05
287700,2.08E-05
287803,1.88E-05
287804,1.79E-05
287805,1.53E-05
287806,7.42E-06
287900,2.32E-05
288000,3.12E-05
288100,1.88E-05
288201,1.19E-05
288202,1.34E-05
288301,3.07E-05
288302,5.45E-06
288401,5.45E-06
288402,1.09E-05
288500,1.44E-05
288600,1.48E-05
288700,1.39E-05
288800,2.37E-05
288900,2.43E-05
289000,2.53E-05
289100,3.42E-05
289200,9.87E-07
289300,0
289400,6.56E-05
289500,1.58E-05
289601,9.87E-06
289602,1.29E-05
289700,1.53E-05
289800,2.77E-05
289901,1.14E-05
289902,7.42E-06
290001,1.48E-05
290002,1.19E-05
290003,7.91E-06
290100,1.68E-05
290200,2.72E-05
290300,9.87E-06
290401,1.14E-05
290402,1.58E-05
290501,1.34E-05
290502,1.14E-05
290601,1.04E-05
290602,1.19E-05
290603,7.42E-06
290701,1.29E-05
290702,2.53E-05
290703,2.48E-05
290800,7.49E-05
290900,2.92E-05
291000,2.72E-05
291101,2.62E-05
291102,1.48E-06
291201,1.53E-05
291202,9.87E-06
291203,1.53E-05
291301,4.95E-06
291302,1.04E-05
291303,2.03E-05
291304,1.79E-05
291400,1.04E-05
291500,2.58E-05
291600,2.03E-05
291700,2.03E-05
291800,1.39E-05
291900,1.68E-05
292001,1.04E-05
292002,9.87E-06
292003,6.93E-06
292004,9.38E-06
292005,8.89E-06
292101,8.40E-06
292102,1.19E-05
292103,1.14E-05
292104,5.94E-06
292200,2.82E-05
292300,2.72E-05
292401,2.08E-05
292402,2.13E-05
292403,1.93E-05
292500,3.56E-05
292600,2.43E-05
292700,2.72E-05
292800,1.39E-05
292900,8.40E-06
293001,2.58E-05
293002,1.93E-05
293100,3.02E-05
293200,1.09E-05
293301,2.18E-05
293302,6.43E-06
293401,1.63E-05
293402,6.93E-06
293501,1.19E-05
293502,3.46E-05
293503,7.42E-06
293600,2.43E-05
293701,1.39E-05
293702,7.42E-06
293703,2.48E-06
293801,3.51E-05
293802,3.96E-05
293900,1.48E-05
294001,2.62E-05
294002,7.91E-06
294101,1.24E-05
294102,1.98E-05
294200,9.87E-06
294300,8.40E-06
294401,1.83E-05
294402,1.53E-05
294501,1.34E-05
294502,1.09E-05
294503,1.04E-05
294504,1.19E-05
294505,1.68E-05
294600,2.43E-05
294701,1.04E-05
294702,1.29E-05
294801,6.93E-06
294802,9.87E-06
294900,2.43E-05
295001,3.96E-06
295002,2.03E-05
295100,2.97E-06
295200,1.53E-05
295300,3.43E-05
295401,6.43E-06
295402,1.19E-05
295500,2.03E-05
295600,1.98E-05
295700,2.03E-05
295800,3.66E-05
295900,1.68E-05
296000,1.88E-05
296100,6.43E-06
296200,2.43E-05
296300,3.47E-06
296400,3.32E-05
296500,2.87E-05
296600,1.04E-05
296700,1.14E-05
296800,3.51E-05
296900,4.45E-06
297000,1.74E-05
297100,2.53E-05
297200,1.34E-05
297301,5.94E-06
297302,5.94E-06
297400,3.96E-06
297501,1.48E-05
297502,3.47E-06
297600,9.87E-06
297700,1.83E-05
297800,6.40E-05
297900,1.98E-05
298000,3.61E-05
298100,2.18E-05
298200,2.92E-05
298301,7.91E-06
298302,7.91E-06
298303,1.29E-05
298304,9.87E-06
298400,3.17E-05
298501,1.63E-05
298502,1.63E-05
298503,1.19E-05
298504,1.53E-05
298600,2.32E-05
298701,6.93E-06
298702,1.19E-05
298801,1.98E-05
298802,3.48E-05
298803,9.87E-06
298901,4.26E-05
298903,2.23E-05
298904,1.63E-05
298905,4.06E-05
299000,3.47E-06
299101,4.95E-06
299102,1.98E-05
299200,2.62E-05
299300,2.48E-06
299402,3.76E-05
299404,8.40E-06
299405,2.77E-05
299406,6.43E-06
299407,9.38E-06
299500,2.27E-05
299600,1.44E-05
299700,1.53E-05
299800,3.51E-05
299900,1.48E-05
300001,1.68E-05
300002,8.40E-06
300100,1.44E-05
300200,1.14E-05
300300,2.82E-05
300400,1.79E-05
300501,2.03E-05
300502,2.13E-05
300503,7.91E-06
300600,1.88E-05
300701,2.92E-05
300702,2.53E-05
300800,1.04E-05
300900,3.47E-06
301000,1.53E-05
301100,2.27E-05
301200,1.88E-05
301300,1.63E-05
301400,3.27E-05
301500,3.17E-05
301600,1.83E-05
301700,3.82E-05
301800,0
301901,2.58E-05
301902,1.44E-05
301903,1.88E-05
302001,1.24E-05
302002,1.04E-05
302003,8.89E-06
302004,1.19E-05
302101,4.45E-06
302102,3.96E-06
302103,8.40E-06
302104,6.93E-06
302105,4.45E-06
302203,8.89E-06
302204,9.87E-06
302205,1.19E-05
302206,8.89E-06
302207,8.40E-06
302208,9.87E-06
302300,1.34E-05
302401,9.38E-06
302402,6.43E-06
302403,9.87E-06
302501,2.87E-05
302502,1.24E-05
302504,9.38E-06
302505,9.87E-06
302506,1.29E-05
302601,1.79E-05
302602,1.04E-05
302701,7.42E-06
302702,5.45E-06
302703,9.87E-06
302704,9.87E-06
302705,9.38E-06
302706,7.91E-06
302801,9.87E-06
302802,3.13E-05
302803,7.91E-06
302900,3.91E-05
303001,2.44E-05
303002,1.14E-05
303101,2.77E-05
303102,2.72E-05
303202,3.07E-05
303203,1.83E-05
303204,0.000514208
303205,1.14E-05
303300,0
303400,1.93E-05
303501,0
303502,2.62E-05
303600,0.000167299
303700,4.21E-05
303800,5.00E-05
303901,3.51E-05
303902,1.53E-05
304000,4.95E-07
304100,4.70E-05
304200,4.95E-07
304300,2.97E-05
304400,0
304500,1.24E-05
304600,2.18E-05
304700,1.19E-05
304800,1.39E-05
304900,1.83E-05
305000,1.88E-05
305100,1.48E-06
305201,2.70E-05
305202,9.87E-07
305300,3.42E-05
305400,2.48E-05
305500,5.80E-05
305600,5.69E-05
305700,2.43E-05
305800,2.62E-05
305900,1.04E-05
306000,2.92E-05
306100,3.17E-05
306200,9.38E-06
306300,2.32E-05
306400,1.79E-05
306500,2.48E-05
306600,2.23E-05
306700,3.76E-05
306800,2.37E-05
306900,2.92E-05
307000,1.93E-05
307100,1.63E-05
307200,1.74E-05
307300,3.91E-05
307400,3.71E-05
307500,6.93E-06
307600,2.13E-05
307700,1.24E-05
307800,1.79E-05
307900,2.08E-05
308000,2.77E-05
308100,2.03E-05
308200,3.42E-05
308300,3.37E-05
308401,1.83E-05
308403,6.93E-06
308404,2.97E-06
308500,1.83E-05
308601,5.94E-06
308602,2.08E-05
308700,1.79E-05
308800,1.53E-05
308900,2.23E-05
309000,8.40E-06
309100,1.83E-05
309200,2.08E-05
309300,1.34E-05
309400,1.44E-05
309501,1.44E-05
309502,9.87E-06
309600,1.93E-05
309701,1.09E-05
309702,6.93E-06
309800,1.83E-05
309900,1.04E-05
310000,2.27E-05
310100,1.74E-05
310200,1.88E-05
310300,4.87E-05
310400,8.40E-06
310500,2.23E-05
310600,1.98E-05
310700,2.43E-05
310800,0
310900,2.08E-05
311000,2.48E-05
311100,9.38E-06
311200,1.98E-05
311300,2.43E-05
311400,3.76E-05
311500,2.92E-05
311600,2.67E-05
311700,1.74E-05
311800,1.98E-05
311900,1.79E-05
312000,2.18E-05
312100,4.01E-05
312200,3.37E-05
312300,3.17E-05
312401,7.91E-06
312402,2.03E-05
312501,1.09E-05
312502,2.23E-05
312600,2.82E-05
312701,1.53E-05
312702,8.89E-06
312800,4.51E-05
312900,1.79E-05
313000,3.51E-05
313100,4.01E-05
313200,2.32E-05
313300,1.74E-05
313400,3.12E-05
313500,3.76E-05
313600,7.42E-06
313700,2.82E-05
313800,2.77E-05
313900,2.32E-05
314001,3.96E-06
314002,2.72E-05
314100,2.62E-05
314200,2.62E-05
314300,3.07E-05
314400,1.68E-05
314500,2.37E-05
314600,2.77E-05
314700,4.21E-05
314801,2.32E-05
314802,1.24E-05
314901,7.42E-06
314902,2.18E-05
314903,9.38E-06
314904,1.34E-05
315001,6.93E-06
315002,9.38E-06
315003,1.29E-05
315100,1.29E-05
315200,1.39E-05
315300,1.83E-05
315400,2.32E-05
315500,2.67E-05
315600,2.62E-05
315700,1.98E-05
315800,1.04E-05
315900,2.32E-05
316000,1.44E-05
316100,1.09E-05
316201,5.94E-06
316202,7.42E-06
316300,0
316400,1.44E-05
316500,1.79E-05
316600,1.04E-05
316700,2.53E-05
316800,1.63E-05
316900,1.29E-05
317000,1.68E-05
317100,2.72E-05
317200,2.18E-05
317300,2.23E-05
317400,9.38E-06
317500,1.29E-05
317600,1.34E-05
317700,7.91E-06
317800,2.18E-05
317900,1.53E-05
318000,2.23E-05
318100,2.03E-05
318200,2.53E-05
318300,1.53E-05
318400,2.08E-05
318500,8.89E-06
318600,1.68E-05
318700,1.63E-05
318801,2.48E-06
318802,5.45E-06
318900,2.82E-05
319000,9.38E-06
319100,1.58E-05
319200,1.98E-05
319300,2.87E-05
319400,3.22E-05
319500,4.02E-05
319600,1.24E-05
319700,1.93E-05
319801,3.76E-05
319802,7.91E-06
319900,2.77E-05
320000,5.94E-06
320100,6.43E-06
320200,6.43E-06
320300,6.43E-06
320400,1.09E-05
320500,2.48E-05
320600,1.53E-05
320700,3.56E-05
320800,1.44E-05
320900,2.27E-05
321000,2.43E-05
321100,1.39E-05
321200,2.72E-05
321300,1.83E-05
321400,0.000156449
321500,3.47E-06
321600,2.53E-05
321700,2.97E-05
321800,2.27E-05
321900,3.71E-05
322001,9.87E-06
322002,1.79E-05
322101,2.43E-05
322102,9.38E-06
322200,2.58E-05
322300,1.88E-05
322400,1.74E-05
322500,1.79E-05
322600,1.79E-05
322700,2.58E-05
322800,1.93E-05
322900,1.53E-05
323000,1.79E-05
323100,4.06E-05
323200,1.63E-05
323300,1.58E-05
323400,7.91E-06
323500,4.26E-05
323600,3.42E-05
323700,3.56E-05
323800,2.32E-05
323900,1.39E-05
324000,1.53E-05
324100,3.12E-05
324200,2.43E-05
324300,1.53E-05
324400,1.93E-05
324500,3.12E-05
324600,1.98E-05
324700,1.44E-05
324800,2.43E-05
324901,2.87E-05
324902,1.48E-05
325000,1.98E-05
325100,2.32E-05
325200,2.37E-05
325300,4.16E-05
325401,0
325402,2.97E-05
325500,3.17E-05
325600,1.63E-05
325700,1.24E-05
325800,1.79E-05
325900,1.44E-05
326000,1.53E-05
326100,3.82E-05
326201,1.24E-05
326202,7.91E-06
326203,8.89E-06
326204,8.40E-06
326205,1.09E-05
326300,0
326400,0
326500,0
326600,1.79E-05
326700,7.91E-06
326801,1.19E-05
326802,5.45E-06
326900,2.43E-05
327000,9.87E-07
327100,2.48E-06
327200,9.87E-06
327300,1.04E-05
327400,2.03E-05
327500,4.61E-05
327600,4.45E-06
327700,1.98E-05
327800,2.58E-05
327900,2.13E-05
328000,1.53E-05
328100,1.04E-05
328200,0
328300,2.53E-05
328400,3.13E-05
328500,1.83E-05
328600,1.04E-05
328700,1.68E-05
328800,1.88E-05
328900,1.29E-05
329000,1.98E-05
329100,4.37E-05
329200,0
329300,1.34E-05
329400,1.48E-05
329500,5.45E-06
329600,9.87E-07
329700,3.53E-05
329800,5.67E-05
329900,3.73E-05
330000,1.19E-05
330100,1.48E-05
330200,3.63E-05
330300,1.44E-05
330400,1.04E-05
330500,1.14E-05
330600,1.04E-05
330700,2.18E-05
330800,1.09E-05
330900,0
331000,0
331100,0
331200,6.93E-06
331300,1.09E-05
331400,1.68E-05
331500,1.68E-05
331600,1.14E-05
331700,1.44E-05
331800,1.24E-05
331900,1.58E-05
332000,1.48E-05
332100,2.58E-05
332200,1.53E-05
332300,1.48E-05
332400,1.68E-05
332500,1.83E-05
332600,1.68E-05
332700,1.39E-05
332800,1.53E-05
332900,9.38E-06
333000,0
333100,2.37E-05
333200,1.48E-05
333300,7.21E-05
333400,2.23E-05
333500,1.53E-05
333600,2.23E-05
333700,1.93E-05
333800,1.63E-05
333900,2.08E-05
334000,2.13E-05
334100,1.68E-05
334200,1.09E-05
334300,1.58E-05
334400,9.87E-06
334500,9.87E-07
334600,1.29E-05
334700,3.77E-05
334800,1.14E-05
334900,1.04E-05
335000,2.53E-05
335100,9.87E-06
335200,0
335300,7.42E-06
335400,1.74E-05
335500,0
335600,0
335700,1.88E-05
335800,1.79E-05
335900,1.79E-05
336000,2.53E-05
336100,5.16E-05
336200,2.32E-05
336300,1.58E-05
336400,3.07E-05
336500,2.67E-05
336600,2.48E-05
336700,2.48E-05
336800,0
336900,1.48E-06
337000,3.77E-05
337100,1.74E-05
337200,1.53E-05
337300,8.40E-06
337400,9.38E-06
337500,2.27E-05
337600,2.67E-05
337700,1.39E-05
337800,0
337901,8.40E-06
337902,1.09E-05
337903,2.97E-06
337904,7.42E-06
338001,8.40E-06
338002,7.42E-06
338003,8.40E-06
338100,2.23E-05
338200,2.08E-05
338300,1.88E-05
338400,6.93E-06
338500,2.37E-05
338600,1.93E-05
338700,4.57E-05
338801,5.45E-06
338802,8.40E-06
338803,1.39E-05
338901,7.91E-06
338902,9.38E-06
338903,6.43E-06
339001,8.40E-06
339002,1.04E-05
339100,3.54E-05
339200,0
339300,0
339400,2.23E-05
339500,1.44E-05
339600,2.53E-05
339700,1.44E-05
339800,1.44E-05
339900,1.79E-05
340000,1.53E-05
340100,2.13E-05
340200,2.58E-05
340300,2.27E-05
340400,1.98E-05
340500,2.97E-06
340602,4.95E-06
340604,0
340605,0
340608,0
340609,0
340611,8.89E-06
340613,0
340614,0
340615,0
340616,0
340700,5.10E-05
340801,2.48E-06
340802,1.19E-05
340900,1.79E-05
341001,5.45E-06
341002,8.89E-06
341003,7.42E-06
341101,1.09E-05
341102,8.40E-06
341103,1.58E-05
341104,6.93E-06
341200,3.02E-05
341300,1.19E-05
341400,2.23E-05
341500,4.21E-05
341600,2.62E-05
341700,2.08E-05
341801,8.40E-06
341802,9.38E-06
341803,7.91E-06
341804,9.87E-06
341805,8.89E-06
341900,3.42E-05
342000,0.000153439
342100,2.08E-05
342200,1.93E-05
342300,1.93E-05
342400,2.67E-05
342500,1.34E-05
342600,3.71E-05
342700,3.61E-05
342801,2.37E-05
342802,8.40E-06
342900,2.08E-05
343000,2.92E-05
343100,2.67E-05
343200,3.02E-05
343300,1.48E-05
343400,1.53E-05
343500,1.93E-05
343600,1.68E-05
343701,6.93E-06
343703,1.74E-05
343704,6.43E-06
343705,7.91E-06
343801,7.42E-06
343802,1.68E-05
343900,1.48E-05
344000,1.63E-05
344101,1.14E-05
344102,6.43E-06
344200,3.07E-05
344300,2.27E-05
344400,3.91E-05
344501,1.48E-05
344502,5.94E-06
344601,4.45E-06
344602,1.48E-05
344701,2.97E-06
344702,2.72E-05
344800,3.91E-05
344901,2.53E-05
344902,8.40E-06
345000,3.76E-05
345100,1.79E-05
345200,2.23E-05
345300,3.12E-05
345400,3.71E-05
345500,1.34E-05
345600,1.24E-05
345700,4.35E-05
345800,3.22E-05
345900,3.17E-05
346000,4.85E-05
346100,4.80E-05
346200,5.54E-05
346303,1.39E-05
346304,4.95E-07
346305,1.88E-05
346306,1.34E-05
346307,1.04E-05
346400,2.27E-05
346500,1.63E-05
346600,1.79E-05
346701,5.94E-06
346702,2.48E-06
346800,3.51E-05
346900,4.90E-05
347000,2.08E-05
347100,2.13E-05
347201,1.74E-05
347202,2.97E-06
347300,3.71E-05
347400,2.13E-05
347500,1.34E-05
347600,2.13E-05
347700,2.87E-05
347800,2.32E-05
347900,2.53E-05
348000,3.32E-05
348100,3.47E-06
348200,1.39E-05
348300,1.09E-05
348400,2.37E-05
348500,2.43E-05
348601,1.14E-05
348602,8.40E-06
348700,1.53E-05
348800,3.02E-05
348900,3.07E-05
349000,3.22E-05
349100,2.23E-05
349200,1.53E-05
349300,2.58E-05
349400,3.17E-05
349500,1.63E-05
349600,2.18E-05
349700,3.12E-05
349801,1.09E-05
349802,3.12E-05
349901,6.93E-06
349902,3.42E-05
349904,1.39E-05
349905,1.09E-05
349906,8.89E-06
349907,1.53E-05
349908,7.42E-06
350000,3.02E-05
350101,2.48E-05
350102,9.38E-06
350203,1.09E-05
350204,9.38E-06
350205,1.48E-05
350206,1.19E-05
350207,9.87E-06
350300,3.66E-05
350401,1.29E-05
350402,1.19E-05
350501,7.91E-06
350502,1.24E-05
350503,8.89E-06
350504,1.58E-05
350600,2.37E-05
350700,2.97E-05
350800,3.42E-05
350901,9.87E-06
350902,9.38E-06
350903,1.48E-05
350904,2.03E-05
350905,3.96E-06
351000,2.92E-05
351100,4.16E-05
351201,2.08E-05
351202,8.89E-06
351300,3.47E-06
351401,2.23E-05
351402,1.98E-06
351500,0
351600,1.98E-06
351700,2.32E-05
351800,2.37E-05
351900,2.13E-05
352000,2.23E-05
352100,1.48E-05
352200,1.79E-05
352300,1.44E-05
352400,0.000161839
352500,2.87E-05
352602,3.96E-05
352603,2.72E-05
352604,2.77E-05
352700,0
352800,0
352900,2.32E-05
353000,1.93E-05
353100,1.83E-05
353200,1.68E-05
353300,2.03E-05
353400,1.48E-05
353500,1.74E-05
353601,3.07E-05
353602,3.12E-05
353700,2.53E-05
353801,1.44E-05
353802,3.02E-05
353803,1.63E-05
353900,4.70E-05
354000,4.90E-05
354100,2.23E-05
354201,3.27E-05
354202,9.38E-06
354300,2.18E-05
354400,4.31E-05
354500,2.43E-05
354600,4.56E-05
354700,3.17E-05
354800,3.61E-05
354900,9.38E-06
355000,2.37E-05
355101,3.07E-05
355102,3.96E-06
355200,4.95E-05
355300,3.51E-05
355400,1.88E-05
355500,2.53E-05
355601,9.38E-06
355603,7.91E-06
355604,7.91E-06
355605,1.53E-05
355606,2.97E-06
355700,2.92E-05
355800,3.22E-05
355900,3.56E-05
356001,1.48E-06
356002,1.98E-05
356100,2.23E-05
356201,1.04E-05
356202,1.04E-05
356203,8.40E-06
356204,9.38E-06
356300,3.02E-05
356401,1.83E-05
356402,8.89E-06
356501,9.38E-06
356502,1.19E-05
356503,1.09E-05
356504,8.40E-06
356600,2.13E-05
356700,7.91E-06
356800,2.53E-05
356900,2.27E-05
357000,2.27E-05
357100,8.89E-06
357200,0
357300,3.46E-05
357400,9.38E-06
357500,1.44E-05
357600,2.48E-06
357700,8.89E-06
357800,2.08E-05
357900,1.74E-05
358000,2.03E-05
358100,3.76E-05
358200,3.51E-05
358300,1.14E-05
358407,0
358409,0
358410,2.39E-05
358411,0
358413,0
358414,0
358415,4.95E-07
358416,0
358417,0
358418,0
358419,0
358422,0
358423,2.39E-05
358424,0
358425,0
358428,0
358430,0
358431,0
358433,0
358434,1.53E-05
358435,0
358437,0
358438,0
358439,0
358440,0
358441,0
358442,1.98E-06
358443,0
358500,8.40E-06
358600,6.93E-06
358700,1.09E-05
358800,1.98E-05
358900,9.38E-06
359000,1.74E-05
359100,1.63E-05
359200,1.83E-05
359300,1.09E-05
359400,4.70E-05
359500,2.58E-05
359600,4.01E-05
359701,1.09E-05
359702,0
359800,7.91E-06
359900,1.39E-05
360000,7.42E-06
360100,9.87E-07
360200,3.37E-05
360300,2.13E-05
360400,3.27E-05
360500,2.48E-05
360600,2.53E-05
360700,2.23E-05
360800,2.62E-05
360900,8.89E-06
361000,1.04E-05
361100,1.74E-05
361200,7.42E-06
361300,2.37E-05
361400,1.24E-05
361500,4.61E-05
361600,4.21E-05
361701,1.09E-05
361702,2.08E-05
361703,9.87E-06
361800,3.22E-05
361900,2.03E-05
362000,3.27E-05
362100,1.34E-05
362201,2.48E-05
362202,3.96E-06
362300,2.72E-05
362400,2.13E-05
362501,1.88E-05
362502,9.38E-06
362600,3.02E-05
362701,5.94E-06
362702,1.88E-05
362800,3.07E-05
362900,2.13E-05
363001,2.62E-05
363002,1.74E-05
363003,8.89E-06
363100,3.76E-05
363200,2.23E-05
363301,1.19E-05
363302,1.09E-05
363400,2.37E-05
363501,1.53E-05
363502,2.43E-05
363600,2.03E-05
363700,1.93E-05
363800,2.08E-05
363901,1.09E-05
363902,4.35E-05
364001,1.83E-05
364002,1.09E-05
364100,2.67E-05
364200,2.03E-05
364300,2.67E-05
364401,3.32E-05
364402,0
364500,3.86E-05
364601,6.78E-05
364602,2.03E-05
364700,1.09E-05
364800,1.68E-05
364900,2.72E-05
365000,2.48E-06
365100,1.74E-05
365200,2.23E-05
365300,2.08E-05
365400,1.88E-05
365500,2.72E-05
365600,0
365700,1.34E-05
365800,3.91E-05
365900,1.34E-05
366000,3.27E-05
366100,2.08E-05
366201,3.22E-05
366202,6.43E-06
366300,3.07E-05
366401,2.97E-05
366402,2.48E-06
366501,1.79E-05
366502,0
366601,0
366602,3.96E-05
366700,3.32E-05
366800,1.58E-05
366901,4.80E-05
366902,2.08E-05
367000,2.72E-05
367100,3.51E-05
367200,2.77E-05
367300,1.44E-05
367400,2.87E-05
367500,3.42E-05
367601,9.87E-06
367602,1.98E-06
367701,1.19E-05
367702,4.27E-05
367703,1.34E-05
367704,2.48E-06
367800,2.13E-05
367900,2.53E-05
368000,2.23E-05
368100,1.93E-05
368200,2.87E-05
368300,3.22E-05
368400,2.82E-05
368500,1.44E-05
368601,1.04E-05
368602,2.13E-05
368700,1.83E-05
368800,1.88E-05
368900,3.32E-05
369000,4.90E-05
369101,2.43E-05
369102,2.18E-05
369103,6.43E-06
369200,2.43E-05
369300,1.34E-05
369400,2.77E-05
369501,1.58E-05
369502,8.40E-06
369600,2.37E-05
369701,1.48E-05
369702,1.53E-05
369800,2.37E-05
369900,3.22E-05
370000,2.62E-05
370100,2.13E-05
370200,2.72E-05
370300,2.72E-05
370400,2.37E-05
370500,1.79E-05
370600,3.96E-05
370700,2.77E-05
370800,4.40E-05
370900,2.97E-05
371001,1.79E-05
371002,1.19E-05
371100,2.58E-05
371201,2.18E-05
371202,2.23E-05
371300,2.77E-05
371400,1.74E-05
371501,4.95E-06
371502,3.42E-05
371600,2.23E-05
371700,4.80E-05
371800,4.35E-05
371900,2.82E-05
372000,3.51E-05
372101,2.53E-05
372102,3.17E-05
372103,1.83E-05
372104,2.58E-05
372200,3.76E-05
372300,3.02E-05
372400,3.42E-05
372500,2.27E-05
372600,2.27E-05
372700,1.68E-05
372800,1.29E-05
372900,1.93E-05
373001,7.91E-06
373002,1.79E-05
373100,3.82E-05
373200,2.23E-05
373300,1.53E-05
373400,9.87E-06
373500,1.88E-05
373600,1.53E-05
373700,2.27E-05
373800,1.93E-05
373900,2.53E-05
374000,2.43E-05
374101,1.44E-05
374102,1.58E-05
374200,2.23E-05
374300,2.43E-05
374400,3.71E-05
374500,2.67E-05
374600,3.12E-05
374700,3.02E-05
374800,2.43E-05
374900,1.63E-05
375001,6.43E-06
375002,1.09E-05
375100,1.09E-05
375200,1.93E-05
375300,2.43E-05
375400,2.48E-05
375500,2.23E-05
375600,1.93E-05
375700,3.17E-05
375800,2.37E-05
375900,2.92E-05
376000,1.79E-05
376101,1.39E-05
376102,5.45E-06
376200,3.02E-05
376300,3.37E-05
376401,1.53E-05
376402,1.24E-05
376403,1.19E-05
376500,2.43E-05
376600,2.37E-05
376700,1.93E-05
376800,1.24E-05
376900,3.61E-05
377000,1.58E-05
377100,1.83E-05
377200,1.98E-05
377301,1.53E-05
377302,0
377303,1.34E-05
377304,7.91E-06
377401,9.87E-06
377402,8.40E-06
377403,1.24E-05
377500,6.35E-05
377600,2.18E-05
377701,1.79E-05
377702,9.38E-06
377800,1.29E-05
377901,9.87E-06
377902,5.45E-06
378001,6.93E-06
378002,1.63E-05
378003,8.89E-06
378100,3.66E-05
378201,1.19E-05
378202,3.47E-06
378301,2.27E-05
378302,1.04E-05
378303,2.27E-05
378401,1.29E-05
378402,5.45E-06
378500,1.63E-05
378601,1.14E-05
378602,1.48E-05
378701,1.48E-05
378702,1.04E-05
378800,3.82E-05
378901,2.08E-05
378902,1.98E-05
379000,2.72E-05
379100,4.80E-05
379200,5.05E-05
379300,2.77E-05
379401,2.23E-05
379402,9.38E-06
379403,1.68E-05
379500,4.35E-05
379600,4.61E-05
379700,2.53E-05
379800,3.37E-05
379900,1.48E-05
380001,8.40E-06
380002,1.44E-05
380003,1.34E-05
380100,2.37E-05
380200,3.17E-05
380300,3.17E-05
380400,2.43E-05
380502,1.24E-05
380503,1.74E-05
380504,1.44E-05
380505,1.24E-05
380506,1.14E-05
380600,2.72E-05
380700,3.42E-05
380800,2.62E-05
380900,2.58E-05
381000,2.43E-05
381101,3.66E-05
381102,1.79E-05
381200,3.66E-05
381301,1.88E-05
381302,1.63E-05
381400,4.70E-05
381500,2.58E-05
381600,2.32E-05
381700,3.91E-05
381801,1.93E-05
381802,1.19E-05
381900,4.56E-05
382000,2.13E-05
382101,1.19E-05
382102,1.09E-05
382103,1.14E-05
382104,1.14E-05
382200,3.82E-05
382300,4.16E-05
382400,5.45E-06
382500,1.48E-05
382600,2.03E-05
382700,3.27E-05
382800,3.32E-05
382901,9.87E-06
382902,1.44E-05
382903,9.38E-06
382904,1.53E-05
383000,1.68E-05
383100,3.66E-05
383200,2.62E-05
383300,3.86E-05
383400,2.58E-05
383500,3.17E-05
383600,4.11E-05
383701,1.68E-05
383702,1.53E-05
383703,1.53E-05
383704,9.87E-06
383801,5.56E-05
383802,3.66E-05
383900,3.02E-05
384000,1.98E-05
384100,1.74E-05
384200,2.37E-05
384300,2.67E-05
384400,2.82E-05
384500,3.12E-05
384600,2.53E-05
384701,2.32E-05
384703,1.88E-05
384704,1.39E-05
384705,1.14E-05
384800,2.67E-05
384901,2.08E-05
384902,1.68E-05
384903,3.96E-06
385000,1.98E-05
385100,2.08E-05
385200,5.45E-06
385300,2.58E-05
385400,1.74E-05
385500,2.08E-05
385600,1.29E-05
385700,1.29E-05
385801,0
385802,0
385803,0
385900,1.79E-05
386001,1.34E-05
386002,8.89E-06
386003,4.95E-07
386100,3.56E-05
386200,3.07E-05
386300,4.80E-05
386401,2.18E-05
386402,3.22E-05
386502,2.03E-05
386503,1.68E-05
386504,3.96E-05
386505,3.17E-05
386600,2.82E-05
386700,3.61E-05
386801,1.58E-05
386802,2.27E-05
386803,1.63E-05
386901,1.53E-05
386902,1.39E-05
386903,1.19E-05
386904,1.63E-05
387002,3.07E-05
387003,5.79E-05
387004,1.53E-05
387005,9.87E-06
387006,1.04E-05
387007,9.38E-06
387008,1.48E-05
387009,0
387100,5.10E-05
387200,3.56E-05
387300,3.76E-05
387401,1.24E-05
387402,8.89E-06
387500,3.22E-05
387601,3.17E-05
387602,4.51E-05
387701,6.43E-06
387702,1.04E-05
387801,1.14E-05
387802,7.42E-06
387900,1.63E-05
388000,2.67E-05
388100,3.71E-05
388200,2.27E-05
388301,4.61E-05
388302,8.40E-06
388401,1.19E-05
388402,5.45E-06
388500,2.48E-05
388600,1.04E-05
388700,3.32E-05
388800,2.92E-05
388900,3.56E-05
389001,1.39E-05
389003,1.19E-05
389004,2.53E-05
389005,6.93E-06
389101,3.61E-05
389102,3.46E-05
389200,0
389300,9.87E-07
389400,0.000132159
389500,9.87E-07
389601,3.22E-05
389602,4.16E-05
389700,2.72E-05
389800,2.27E-05
389900,1.29E-05
390000,5.89E-05
390100,1.79E-05
390200,4.40E-05
390300,0
390401,0
390402,0
390501,2.58E-05
390502,2.55E-05
390600,1.44E-05
390701,2.48E-06
390702,1.04E-05
390801,1.53E-05
390802,4.95E-06
390900,1.68E-05
391000,3.02E-05
391100,2.72E-05
391200,3.12E-05
391300,2.18E-05
391400,4.80E-05
391500,1.83E-05
391601,0
391602,3.27E-05
391700,1.98E-05
391800,2.92E-05
391900,1.19E-05
392000,1.63E-05
392100,3.76E-05
392200,7.91E-06
392300,3.32E-05
392400,6.43E-06
392500,1.04E-05
392600,1.83E-05
392700,1.19E-05
392800,3.51E-05
392900,4.95E-06
393000,2.18E-05
393100,1.93E-05
393200,3.56E-05
393300,3.22E-05
393400,2.87E-05
393500,2.23E-05
393600,1.93E-05
393701,8.89E-06
393702,4.51E-05
393800,2.37E-05
393900,2.13E-05
394000,4.80E-05
394100,2.08E-05
394200,2.23E-05
394300,1.98E-05
394400,3.12E-05
394500,1.53E-05
394600,2.18E-05
394700,2.48E-05
394800,1.34E-05
394900,2.72E-05
395000,1.48E-05
395100,3.91E-05
395200,2.43E-05
395300,2.27E-05
395400,3.32E-05
395500,2.13E-05
395600,3.17E-05
395700,3.61E-05
395800,0
395900,2.53E-05
396000,2.32E-05
396100,2.43E-05
396200,2.62E-05
396300,3.27E-05
396400,1.44E-05
396500,8.89E-06
396600,7.42E-06
396700,0
396800,2.58E-05
396900,1.88E-05
397000,2.62E-05
397100,2.67E-05
397200,1.63E-05
397300,2.32E-05
397400,1.79E-05
397500,1.29E-05
397600,0
397700,2.58E-05
397800,1.98E-05
397900,1.14E-05
398000,2.37E-05
398100,9.87E-06
398200,1.83E-05
398300,2.87E-05
398400,1.98E-05
398500,1.93E-05
398600,1.24E-05
398700,1.58E-05
398800,1.88E-05
398900,2.43E-05
399000,2.53E-05
399100,1.83E-05
399200,4.95E-06
399300,1.48E-05
399400,3.37E-05
399500,1.79E-05
399600,1.88E-05
399700,2.13E-05
399800,1.14E-05
399900,1.39E-05
400000,1.68E-05
400100,1.58E-05
400200,1.34E-05
400300,2.23E-05
400400,1.04E-05
400500,2.92E-05
400600,2.48E-05
400700,1.79E-05
400800,1.44E-05
400900,2.03E-05
401000,1.83E-05
401100,1.53E-05
401200,1.74E-05
401300,9.38E-06
401400,1.29E-05
401500,1.29E-05
401600,3.07E-05
401700,2.62E-05
401800,5.16E-05
401900,2.62E-05
402000,2.82E-05
402100,3.71E-05
402200,5.00E-05
402300,1.34E-05
402400,2.82E-05
402500,2.32E-05
402600,2.03E-05
402700,1.93E-05
402800,3.17E-05
402900,1.74E-05
403000,2.08E-05
403100,2.37E-05
403200,2.87E-05
403300,2.43E-05
403400,1.98E-05
403500,1.93E-05
403600,3.37E-05
403700,1.39E-05
403800,1.63E-05
403900,2.03E-05
404000,2.48E-05
404100,1.68E-05
404200,1.79E-05
404300,1.39E-05
404400,1.63E-05
404500,1.79E-05
404600,1.79E-05
404700,9.87E-06
404800,3.96E-06
404900,1.19E-05
405000,1.83E-05
405100,1.58E-05
405200,2.37E-05
405300,2.87E-05
405400,2.27E-05
405500,2.62E-05
405600,3.61E-05
405700,3.56E-05
405800,1.79E-05
405900,7.42E-06
406000,2.48E-05
406101,8.40E-06
406102,1.39E-05
406201,5.94E-06
406202,1.14E-05
406300,2.48E-06
406401,9.87E-06
406402,1.44E-05
406403,6.93E-06
406404,7.91E-06
406501,1.58E-05
406502,1.39E-05
406601,1.48E-05
406602,3.47E-06
406603,0.000140559
406700,9.38E-06
406800,1.34E-05
406900,1.44E-05
407000,1.14E-05
407100,9.38E-06
407200,8.40E-06
407300,1.09E-05
407400,1.48E-05
407500,1.04E-05
407600,1.44E-05
407700,1.34E-05
407800,1.93E-05
407900,4.61E-05
408000,1.14E-05
408100,2.48E-05
408200,1.24E-05
408300,1.34E-05
408400,9.38E-06
408500,2.87E-05
408600,1.44E-05
408700,2.77E-05
408800,1.24E-05
408900,1.34E-05
409000,1.44E-05
409100,1.34E-05
409200,3.47E-06
409300,1.39E-05
409400,1.29E-05
409500,1.48E-05
409600,1.34E-05
409700,1.68E-05
409800,9.38E-06
409900,1.04E-05
410000,0.000160859
410100,1.09E-05
410200,9.38E-06
410300,9.38E-06
410400,1.44E-05
410500,1.68E-05
410600,1.79E-05
410700,1.93E-05
410800,1.88E-05
410900,1.14E-05
411000,2.48E-06
411100,2.18E-05
411200,1.63E-05
411300,1.34E-05
411400,2.97E-06
411500,7.91E-06
411600,1.98E-06
411700,4.45E-06
411800,2.08E-05
411900,1.24E-05
412000,1.34E-05
412100,9.87E-06
412200,0.000182139
412301,5.20E-05
412302,4.70E-05
412401,2.03E-05
412402,1.48E-06
412500,1.53E-05
412600,6.43E-06
412700,5.45E-06
412800,1.29E-05
412900,0
413001,9.87E-06
413002,9.38E-06
413003,7.42E-06
413004,7.42E-06
413005,1.29E-05
413006,1.68E-05
413100,1.14E-05
413200,0
413300,5.66E-05
413400,1.63E-05
413500,4.95E-06
413600,9.87E-06
413700,4.32E-05
413800,8.89E-06
413900,2.08E-05
414000,2.13E-05
414100,1.98E-05
414200,2.27E-05
414300,1.14E-05
414400,7.91E-06
414500,4.45E-06
414600,1.04E-05
414700,1.53E-05
414800,1.44E-05
414900,1.29E-05
415000,9.38E-06
415100,3.07E-05
415200,3.96E-06
415300,3.47E-06
415400,1.09E-05
415500,1.34E-05
415600,4.66E-05
415700,1.24E-05
415800,1.04E-05
415900,1.98E-06
416000,2.82E-05
416100,1.19E-05
416200,5.94E-06
416300,1.09E-05
416400,1.29E-05
416500,8.89E-06
416600,1.68E-05
416700,1.14E-05
416800,7.42E-06
416900,1.68E-05
417001,9.38E-06
417002,1.19E-05
417003,2.48E-06
417100,1.04E-05
417200,0
417300,2.98E-05
417400,0
417500,1.53E-05
417600,2.87E-05
417700,4.95E-06
417800,1.98E-06
417900,2.97E-06
418000,8.89E-06
418100,0
418200,1.34E-05
418300,1.48E-05
418400,1.53E-05
418500,2.97E-06
418600,1.14E-05
418700,2.18E-05
418800,3.22E-05
418900,1.39E-05
419000,1.29E-05
419100,3.96E-06
419200,2.18E-05
419300,5.45E-06
419400,2.53E-05
419500,2.37E-05
419600,2.32E-05
419702,0
419703,0
419704,3.23E-05
419705,8.40E-06
419706,8.89E-06
419800,7.91E-06
419900,1.88E-05
420000,1.79E-05
420100,1.14E-05
420201,1.44E-05
420202,1.14E-05
420203,1.39E-05
420204,7.91E-06
420300,1.34E-05
420400,0.000162819
420500,4.06E-05
420600,7.42E-06
420700,3.47E-06
420801,5.94E-06
420802,2.27E-05
420803,6.43E-06
420804,3.96E-06
420805,7.91E-06
420806,6.43E-06
420807,1.74E-05
420900,3.37E-05
421000,1.14E-05
421100,2.48E-06
421200,0.000165829
421300,1.88E-05
421400,1.48E-05
421500,1.44E-05
421600,1.98E-05
421700,1.79E-05
421800,1.88E-05
421900,2.03E-05
422000,1.39E-05
422100,2.82E-05
422200,4.95E-06
422300,7.91E-06
422400,1.19E-05
422500,1.68E-05
422600,3.02E-05
422700,6.93E-06
422800,1.58E-05
422900,1.74E-05
423000,1.29E-05
423100,1.04E-05
423200,1.14E-05
423300,1.63E-05
423400,2.27E-05
423500,2.97E-05
423600,0
423700,1.83E-05
423800,0
423900,2.62E-05
424000,3.56E-05
424100,1.88E-05
424200,3.66E-05
424300,1.44E-05
424400,7.42E-06
424500,8.14E-05
424600,1.09E-05
424701,8.89E-06
424702,1.29E-05
424800,2.77E-05
424900,1.58E-05
425000,1.63E-05
425100,1.98E-05
425200,1.53E-05
425300,1.88E-05
425400,1.19E-05
425500,1.83E-05
425600,0
425701,2.72E-05
425702,1.29E-05
425800,1.88E-05
425900,1.09E-05
426000,6.93E-06
426101,6.93E-06
426102,1.04E-05
426103,5.94E-06
426104,2.27E-05
426105,4.95E-06
426106,1.34E-05
426107,4.56E-05
426108,4.95E-07
426200,2.97E-05
426301,9.87E-06
426302,6.93E-06
426303,6.93E-06
426304,1.98E-06
426400,1.19E-05
426500,2.23E-05
426601,1.79E-05
426602,1.44E-05
426700,1.53E-05
426800,1.98E-05
426900,0.000146019
427000,1.04E-05
427100,1.24E-05
427200,1.19E-05
427300,1.93E-05
427400,1.93E-05
427500,2.23E-05
427600,2.37E-05
427700,2.27E-05
427800,1.44E-05
427900,1.34E-05
428000,7.42E-06
428100,4.95E-07
428200,1.19E-05
428300,1.19E-05
428400,9.38E-06
428500,9.87E-07
428600,2.23E-05
428700,2.37E-05
428800,1.29E-05
428900,3.77E-05
429000,1.34E-05
429100,1.09E-05
429200,2.53E-05
429300,6.66E-05
429400,1.14E-05
429500,3.96E-06
429600,2.37E-05
429700,1.58E-05
429800,8.40E-06
429900,1.74E-05
430000,1.14E-05
430100,5.06E-05
430200,1.04E-05
430300,9.38E-06
430400,1.14E-05
430500,1.74E-05
430600,1.14E-05
430700,9.38E-06
430800,4.76E-05
430900,1.63E-05
431000,2.23E-05
431100,4.45E-06
431200,1.79E-05
431300,1.98E-05
431400,9.38E-06
431500,7.42E-06
431600,1.48E-05
431700,1.29E-05
431800,1.68E-05
431900,9.38E-06
432000,1.83E-05
432100,1.74E-05
432200,1.93E-05
432300,1.14E-05
432400,2.59E-05
432500,0
432601,7.42E-06
432602,1.79E-05
432603,8.40E-06
432604,4.61E-05
432700,0.000145529
432800,9.87E-07
432900,0.000224605
433001,3.53E-05
433003,4.57E-05
433004,3.56E-05
433005,2.32E-05
433006,8.89E-06
433101,2.23E-05
433102,2.72E-05
433103,2.18E-05
433200,0.000197469
433302,3.66E-05
433303,5.45E-05
433304,1.39E-05
433305,5.16E-05
433306,1.74E-05
433307,3.91E-05
433401,3.96E-06
433402,6.73E-05
433403,1.39E-05
433404,8.40E-06
433501,2.97E-06
433502,4.80E-05
433503,0.000192164
433600,0.000141049
433700,0.000171864
433801,3.96E-06
433802,0.000178304
433900,1.74E-05
434000,2.69E-05
434101,2.92E-05
434103,0.0002359
434104,7.77E-05
434105,8.54E-05
434200,0.000234359
434300,0.000132159
434401,3.07E-05
434402,4.40E-05
434403,6.73E-05
434500,5.35E-05
434601,1.44E-05
434602,2.48E-05
434603,4.95E-07
434701,5.36E-05
434702,1.09E-05
434703,3.37E-05
434801,1.14E-05
434802,6.93E-05
434901,0
434902,6.43E-06
435000,2.87E-05
435100,6.19E-05
435201,9.87E-06
435202,6.93E-06
435204,2.82E-05
435205,2.13E-05
435300,9.87E-07
435400,0.000138592
435500,1.39E-05
435601,1.63E-05
435602,1.39E-05
435603,1.14E-05
435604,7.91E-06
435700,8.40E-06
435801,2.97E-06
435802,8.53E-05
435900,9.87E-07
436001,1.74E-05
436002,3.82E-05
436100,0.000291759
436201,4.66E-05
436202,1.68E-05
436203,2.23E-05
436204,2.08E-05
436300,5.54E-05
436401,3.32E-05
436402,2.23E-05
436500,0.000133643
436600,8.67E-05
436700,1.79E-05
436801,2.53E-05
436803,3.71E-05
436804,2.23E-05
436805,2.32E-05
436901,1.74E-05
436902,4.21E-05
436903,4.21E-05
436904,6.88E-05
437000,0.000114885
437101,0.000153439
437102,0.000107201
437200,0
437300,4.95E-07
437400,0
437500,0
437600,0.000166319
437701,2.97E-06
437702,5.89E-05
437800,2.97E-05
437901,1.63E-05
437902,4.95E-06
437903,0.000133146
438000,4.37E-05
438102,0
438103,0.000132159
438104,6.19E-05
438106,3.02E-05
438107,4.16E-05
438203,2.97E-06
438204,0
438206,3.56E-05
438209,0.000183609
438210,9.87E-07
438211,9.52E-05
438212,4.06E-05
438213,7.49E-05
438214,4.66E-05
438215,3.96E-05
438216,7.98E-05
438217,0
438218,4.95E-07
438219,1.48E-06
438220,1.68E-05
438221,1.79E-05
438222,1.53E-05
438223,2.53E-05
438301,0.000136611
438302,3.22E-05
438303,1.44E-05
438304,2.18E-05
438306,4.16E-05
438307,4.95E-07
438308,1.48E-06
438309,3.18E-05
438402,2.58E-05
438404,4.82E-05
438406,4.56E-05
438408,5.10E-05
438409,9.87E-06
438410,1.09E-05
438411,2.93E-05
438412,3.17E-05
438413,1.48E-05
438414,1.14E-05
438501,9.87E-06
438502,5.49E-05
438503,3.02E-05
438600,2.32E-05
438700,9.88E-05
438800,0.000262937
438901,6.28E-05
438902,9.14E-05
439000,4.87E-05
439100,9.14E-05
439200,8.60E-05
439303,4.95E-07
439304,3.96E-06
439305,7.42E-06
439306,3.47E-06
439307,8.40E-06
439308,1.98E-06
439309,9.87E-06
439310,3.96E-06
439311,7.91E-06
439400,0
439500,0
439602,9.87E-07
439603,4.45E-06
439604,1.98E-06
439700,0
439800,4.95E-07
439900,3.27E-05
440000,0
440104,0
440105,0
440106,0
440107,0
440108,0
440109,0
440110,0
440113,4.45E-05
440114,0
440115,5.45E-06
440116,5.94E-06
440117,0
440118,0
440119,0
440120,0
440121,0
440200,8.30E-05
440300,0
440400,0
440501,3.37E-05
440502,4.95E-06
440503,8.89E-06
440600,3.82E-05
440700,6.83E-05
440800,0
440901,4.26E-05
440902,5.40E-05
440903,1.83E-05
440904,1.79E-05
441000,2.48E-06
441101,5.49E-05
441102,2.77E-05
441200,2.23E-05
441300,2.18E-05
441400,5.94E-06
441501,1.34E-05
441502,2.27E-05
441503,2.97E-05
441504,3.56E-05
441505,2.82E-05
441506,3.47E-06
441600,0
441700,4.95E-07
441800,9.87E-07
441900,2.97E-06
442000,9.38E-06
442100,0
442200,4.95E-07
442300,0
442400,5.10E-05
442500,9.87E-06
442600,7.91E-06
442700,4.95E-06
442800,5.40E-05
442900,1.68E-05
443000,2.18E-05
443100,2.39E-05
443200,0.000159389
443300,0
443401,0.000166319
443402,0
443500,2.72E-05
443600,3.37E-05
443700,2.27E-05
443800,3.47E-06
443900,0
444000,8.89E-06
444100,2.03E-05
444200,1.48E-05
444300,1.14E-05
444400,2.18E-05
444501,4.12E-05
444502,1.24E-05
444600,2.67E-05
444701,7.42E-06
444702,5.16E-05
444801,2.32E-05
444802,9.87E-06
444900,1.04E-05
445000,2.27E-05
445100,2.13E-05
445200,2.18E-05
445300,0
445400,1.44E-05
445500,2.53E-05
445600,3.86E-05
445700,9.87E-06
445800,1.83E-05
445900,2.77E-05
446000,4.17E-05
446100,4.01E-05
446200,5.15E-05
446300,4.35E-05
446400,3.73E-05
446500,2.32E-05
446600,3.46E-05
446700,3.37E-05
446801,1.29E-05
446802,1.14E-05
446901,2.13E-05
446902,1.34E-05
447000,3.27E-05
447100,3.91E-05
447200,5.54E-05
447300,3.82E-05
447400,1.79E-05
447500,1.58E-05
447600,2.92E-05
447700,2.37E-05
447801,1.19E-05
447802,1.88E-05
447803,1.14E-05
447901,2.03E-05
447902,2.97E-06
447903,4.95E-06
448000,1.93E-05
448100,3.12E-05
448200,2.92E-05
448301,6.93E-06
448302,1.68E-05
448400,3.07E-05
448500,2.67E-05
448600,3.86E-05
448700,2.67E-05
448800,4.56E-05
448900,2.82E-05
449000,3.02E-05
449100,4.95E-05
449200,2.03E-05
449300,2.72E-05
449400,4.95E-07
449500,0
449600,1.79E-05
449700,4.27E-05
449800,2.53E-05
449900,1.93E-05
450000,1.58E-05
450100,3.53E-05
450200,3.37E-05
450300,0.000137108
450400,3.66E-05
450500,1.53E-05
450600,0
450701,4.45E-06
450702,3.47E-06
450703,1.19E-05
450704,3.47E-06
450800,1.74E-05
450901,9.87E-07
450902,2.13E-05
451000,2.67E-05
451100,9.87E-07
451200,0
451300,0.0001988
451400,0
451500,1.39E-05
451600,5.94E-06
451700,9.87E-06
451800,3.61E-05
451900,1.98E-06
452000,6.09E-05
452100,2.97E-05
452200,0.000157919
452300,2.97E-06
452400,9.87E-06
452500,2.43E-05
452600,7.91E-06
452700,1.44E-05
452800,5.94E-06
452900,3.17E-05
453000,5.41E-05
453101,1.58E-05
453102,4.35E-05
453103,1.68E-05
453200,4.11E-05
453300,1.14E-05
453400,7.91E-06
453500,9.87E-07
453600,1.79E-05
453700,2.32E-05
453800,0.000139579
453900,2.08E-05
454000,3.46E-05
454100,9.87E-06
454200,2.03E-05
454300,5.41E-05
454400,0.000156939
454500,6.76E-05
454600,2.77E-05
454700,0.000297497
454800,0.000156939
454900,0
455000,0
455100,3.32E-05
455200,1.93E-05
455300,1.83E-05
455400,6.43E-06
455500,1.98E-05
455600,1.98E-05
455700,2.13E-05
455800,2.58E-05
455900,6.43E-06
456000,2.97E-05
456100,1.79E-05
456200,2.03E-05
456300,6.25E-05
456400,9.87E-06
456500,1.98E-05
456600,8.40E-06
456701,1.09E-05
456702,0
456800,2.08E-05
456900,2.32E-05
457000,3.27E-05
457100,2.18E-05
457200,0
457300,0
457400,0
457500,0
457600,1.58E-05
457700,4.07E-05
457800,3.96E-05
457900,3.32E-05
458000,4.17E-05
458100,2.27E-05
458200,4.80E-05
458300,1.44E-05
458401,1.04E-05
458402,2.13E-05
458500,3.37E-05
458600,1.83E-05
458700,2.18E-05
458800,3.82E-05
458900,2.82E-05
459000,2.97E-05
459100,2.08E-05
459200,2.87E-05
459300,1.68E-05
459401,3.12E-05
459402,2.13E-05
459403,1.39E-05
459500,3.76E-05
459600,1.24E-05
459700,1.88E-05
459800,7.91E-06
459900,1.74E-05
460000,1.34E-05
460100,1.29E-05
460200,1.19E-05
460300,9.87E-06
460400,1.04E-05
460500,2.58E-05
460601,1.93E-05
460602,8.89E-06
460603,9.38E-06
460604,7.42E-06
460700,3.56E-05
460800,2.97E-05
460900,1.79E-05
461000,2.23E-05
461100,1.79E-05
461200,1.58E-05
461300,6.14E-05
461401,1.24E-05
461402,1.14E-05
461403,8.89E-06
461404,7.42E-06
461405,6.43E-06
461406,1.04E-05
461500,1.68E-05
461600,1.53E-05
461700,3.27E-05
461800,2.87E-05
461900,3.66E-05
462000,4.11E-05
462101,1.93E-05
462102,1.48E-05
462200,1.14E-05
462300,1.74E-05
462400,6.93E-06
462500,1.68E-05
462601,4.45E-06
462602,1.19E-05
462700,2.82E-05
462806,7.91E-06
462808,1.19E-05
462809,3.51E-05
462810,1.88E-05
462811,9.87E-06
462812,1.14E-05
462813,1.63E-05
462814,8.89E-06
462815,1.39E-05
462816,4.95E-06
462817,1.29E-05
462818,1.53E-05
462819,1.29E-05
462820,5.45E-06
462821,1.09E-05
462822,1.48E-05
462823,4.80E-05
462824,1.09E-05
462900,9.38E-06
463001,6.43E-06
463003,4.95E-06
463004,1.04E-05
463005,8.89E-06
463006,5.94E-06
463007,9.38E-06
463008,5.94E-06
463102,4.16E-05
463103,1.19E-05
463104,9.87E-06
463105,1.14E-05
463106,1.19E-05
463200,2.37E-05
463300,2.32E-05
463400,4.70E-05
463500,4.80E-05
463601,3.42E-05
463602,2.37E-05
463703,5.15E-05
463705,4.45E-05
463706,1.93E-05
463707,3.22E-05
463708,6.51E-05
463709,9.38E-06
463800,1.19E-05
463901,1.68E-05
463902,0
464000,2.87E-05
464100,1.93E-05
464200,4.16E-05
464300,2.32E-05
464400,2.03E-05
464501,1.44E-05
464503,6.43E-06
464504,1.48E-05
464600,1.48E-05
464700,3.66E-05
464800,3.12E-05
464900,3.37E-05
465000,3.17E-05
465101,2.37E-05
465102,3.76E-05
465201,4.06E-05
465202,3.96E-05
465301,1.58E-05
465302,5.45E-06
465303,0.000132653
465304,8.05E-05
465305,0.0001211
465306,5.49E-05
465307,2.48E-05
465400,4.51E-05
465501,7.42E-06
465502,7.42E-06
465503,9.38E-06
465504,1.04E-05
465601,7.91E-06
465602,9.87E-06
465701,6.93E-06
465702,1.19E-05
465800,1.79E-05
465900,1.68E-05
466001,9.38E-06
466002,9.87E-06
466003,6.93E-06
466101,4.16E-05
466103,1.34E-05
466104,4.11E-05
466105,1.09E-05
466106,1.88E-05
466200,1.68E-05
466300,1.83E-05
466400,2.08E-05
466500,1.63E-05
466600,1.68E-05
466700,2.87E-05
466800,1.58E-05
466900,1.29E-05
467000,2.08E-05
467100,1.98E-05
467200,1.93E-05
467300,1.68E-05
467400,1.79E-05
467500,1.88E-05
467600,2.67E-05
467700,3.02E-05
467800,2.43E-05
467900,1.74E-05
468000,1.34E-05
468100,1.53E-05
468200,2.13E-05
468300,1.19E-05
468400,9.38E-06
468500,3.96E-05
468600,9.38E-06
468700,1.04E-05
468801,4.80E-05
468802,5.99E-05
468900,4.95E-06
469000,9.38E-06
469100,1.14E-05
469200,2.53E-05
469300,3.02E-05
469400,2.08E-05
469500,2.27E-05
469600,2.27E-05
469700,2.03E-05
469800,1.24E-05
469900,6.43E-06
470000,2.08E-05
470100,1.53E-05
470200,1.74E-05
470300,2.72E-05
470400,5.94E-06
470500,2.08E-05
470600,1.74E-05
470700,1.83E-05
470800,2.27E-05
470900,2.23E-05
471000,1.04E-05
471100,1.29E-05
471200,1.04E-05
471300,1.98E-05
471400,7.42E-06
471501,8.89E-06
471502,3.96E-06
471600,1.63E-05
471701,1.58E-05
471702,5.94E-06
471800,9.87E-06
471900,5.45E-06
472000,1.98E-05
472100,1.14E-05
472200,1.29E-05
472300,1.34E-05
472400,1.24E-05
472501,5.45E-06
472502,6.93E-06
472600,1.74E-05
472700,2.48E-05
472800,2.53E-05
472900,1.44E-05
473000,1.98E-05
473100,1.98E-05
473200,7.91E-06
473300,1.39E-05
473400,1.24E-05
473500,1.29E-05
473600,1.63E-05
473700,9.38E-06
473800,1.09E-05
473900,2.13E-05
474000,8.40E-06
474100,1.34E-05
474200,1.88E-05
474300,1.53E-05
474400,1.14E-05
474500,2.32E-05
474600,1.24E-05
474700,2.23E-05
474800,1.04E-05
474901,6.93E-06
474902,8.89E-06
475000,2.62E-05
475100,9.38E-06
475200,1.34E-05
475301,2.48E-06
475302,1.14E-05
475400,1.29E-05
475500,4.95E-06
475600,2.37E-05
475701,1.19E-05
475702,1.14E-05
475800,2.03E-05
475900,0
476000,0
476100,0
476200,1.53E-05
476300,3.32E-05
476400,2.92E-05
476500,0
476600,3.07E-05
476700,2.53E-05
476800,0
476900,1.19E-05
477000,3.22E-05
477100,3.07E-05
477201,2.32E-05
477202,2.72E-05
477300,3.27E-05
477400,1.14E-05
477500,1.79E-05
477600,2.32E-05
477700,4.11E-05
477800,2.77E-05
477900,1.79E-05
478000,0
478100,1.98E-05
478200,1.04E-05
478300,1.63E-05
478400,1.83E-05
478500,1.14E-05
478600,2.27E-05
478700,2.08E-05
478800,2.23E-05
478900,1.68E-05
479000,2.13E-05
479100,1.63E-05
479200,2.32E-05
479300,2.08E-05
479400,2.03E-05
479500,1.98E-05
479601,5.94E-06
479602,7.42E-06
479700,1.34E-05
479800,9.38E-06
479900,1.44E-05
480001,8.89E-06
480002,8.89E-06
480100,1.83E-05
480200,2.23E-05
480300,1.58E-05
480400,2.03E-05
480500,2.53E-05
480601,3.32E-05
480603,3.56E-05
480604,1.04E-05
480605,7.91E-06
480606,1.04E-05
480607,1.04E-05
480608,6.43E-06
480700,6.43E-06
480800,2.08E-05
480900,2.13E-05
481000,3.02E-05
481101,1.19E-05
481102,2.27E-05
481103,5.45E-06
481201,5.45E-06
481202,1.58E-05
481301,1.29E-05
481302,2.97E-06
481400,4.26E-05
481500,2.72E-05
481600,2.27E-05
481700,1.09E-05
481801,1.04E-05
481802,1.19E-05
481901,1.04E-05
481902,2.08E-05
482000,1.98E-05
482101,9.87E-06
482102,2.08E-05
482103,2.48E-06
482201,1.74E-05
482202,7.91E-06
482300,3.63E-05
482400,1.04E-05
482500,6.36E-05
482600,1.34E-05
482700,2.43E-05
482800,2.62E-05
482900,2.72E-05
483000,3.27E-05
483101,2.48E-05
483102,2.48E-05
483200,3.56E-05
483300,3.66E-05
483400,1.88E-05
483500,9.38E-06
483600,1.88E-05
483700,4.06E-05
483800,3.02E-05
483900,3.82E-05
484000,2.08E-05
484100,1.14E-05
484201,2.48E-06
484202,1.29E-05
484300,1.98E-05
484400,2.32E-05
484500,1.98E-05
484600,3.66E-05
484700,2.32E-05
484800,1.34E-05
484900,1.29E-05
485000,2.64E-05
485100,8.40E-06
485200,1.39E-05
485300,1.09E-05
485400,1.19E-05
485500,2.48E-06
485600,1.04E-05
485700,1.83E-05
485800,2.53E-05
485900,7.91E-06
486000,9.38E-06
486100,1.74E-05
486200,2.77E-05
486300,3.51E-05
486400,2.87E-05
486500,3.42E-05
486600,4.06E-05
486700,2.03E-05
486800,1.63E-05
486900,2.08E-05
487000,3.46E-05
487100,2.62E-05
487200,3.91E-05
487300,2.03E-05
487400,1.83E-05
487500,2.18E-05
487600,2.87E-05
487700,2.87E-05
487800,2.27E-05
487900,3.61E-05
488001,1.53E-05
488002,1.53E-05
488100,4.06E-05
488200,1.58E-05
488300,1.83E-05
488400,2.13E-05
488500,1.09E-05
488600,5.30E-05
488700,1.04E-05
488800,4.06E-05
488900,3.46E-05
489001,2.03E-05
489002,5.94E-06
489100,2.87E-05
489201,3.47E-06
489202,8.89E-06
489300,1.14E-05
489400,2.03E-05
489500,2.23E-05
489600,5.45E-05
489700,1.34E-05
489801,9.38E-06
489802,1.58E-05
489900,2.72E-05
490000,2.53E-05
490100,2.58E-05
490200,1.24E-05
490300,3.86E-05
490400,1.88E-05
490500,2.87E-05
490600,2.13E-05
490701,0
490703,9.87E-06
490704,1.88E-05
490800,0
490900,2.08E-05
491000,1.63E-05
491100,1.09E-05
491200,3.02E-05
491301,8.21E-05
491302,3.17E-05
491400,4.66E-05
491500,7.91E-06
491600,1.83E-05
491700,2.48E-05
491800,4.51E-05
491900,3.22E-05
492000,2.67E-05
492100,1.24E-05
492200,1.53E-05
492300,3.86E-05
492400,3.56E-05
492500,4.82E-05
492600,3.61E-05
492700,1.39E-05
492800,1.79E-05
492900,1.09E-05
493000,1.29E-05
493100,2.18E-05
493200,4.92E-05
493300,2.27E-05
493400,3.12E-05
493500,2.67E-05
493600,3.56E-05
493700,2.62E-05
493800,2.43E-05
493900,5.10E-05
494000,2.43E-05
494100,3.38E-05
494200,2.97E-05
494300,3.02E-05
494400,4.01E-05
494500,2.87E-05
494600,1.48E-05
494700,7.42E-06
494802,1.48E-06
494803,1.34E-05
494804,1.74E-05
494805,7.42E-06
494806,1.34E-05
494807,1.48E-06
494901,3.42E-05
494902,5.94E-06
495000,2.32E-05
495100,2.08E-05
495200,1.68E-05
495300,2.92E-05
495400,2.27E-05
495500,2.77E-05
495600,0.000510708
495700,5.00E-05
495800,4.51E-05
495900,3.91E-05
496000,3.82E-05
496101,4.35E-05
496102,2.37E-05
496201,2.18E-05
496202,2.67E-05
496203,2.23E-05
496300,3.22E-05
496400,0
496500,0
496600,1.79E-05
496700,3.02E-05
496800,3.76E-05
496900,2.23E-05
497000,2.27E-05
497100,9.87E-06
497200,3.02E-05
497300,1.74E-05
497400,2.08E-05
497500,2.08E-05
497600,3.27E-05
497700,1.74E-05
497800,2.08E-05
497900,4.11E-05
498000,3.71E-05
498100,1.93E-05
498201,1.79E-05
498202,7.42E-06
498300,2.53E-05
498400,1.98E-05
498500,2.67E-05
498600,2.27E-05
498700,9.87E-07
498801,2.82E-05
498802,2.72E-05
498900,2.32E-05
499000,1.58E-05
499100,2.43E-05
499200,1.48E-05
499301,4.95E-06
499302,2.97E-06
499400,1.63E-05
499501,2.48E-06
499502,7.42E-06
499600,3.02E-05
499700,1.44E-05
499801,8.89E-06
499802,9.87E-06
499803,8.40E-06
499804,8.89E-06
499900,1.74E-05
500000,1.74E-05
500100,1.98E-05
500200,1.63E-05
500300,1.14E-05
500400,3.22E-05
500500,2.18E-05
500600,1.58E-05
500700,1.44E-05
500800,1.93E-05
500900,3.91E-05
501000,2.23E-05
501101,5.45E-06
501102,7.91E-06
501103,6.43E-06
501104,1.04E-05
501105,8.40E-06
501200,2.43E-05
501301,1.63E-05
501302,1.14E-05
501400,4.16E-05
501500,2.18E-05
501600,3.71E-05
501700,1.98E-05
501800,5.16E-05
501901,2.43E-05
501902,3.47E-06
501903,2.53E-05
502000,4.01E-05
502100,2.43E-05
502201,1.93E-05
502202,2.18E-05
502300,5.26E-05
502400,0
502500,2.23E-05
502601,2.08E-05
502602,9.38E-06
502700,3.46E-05
502800,2.23E-05
502900,1.74E-05
503000,2.87E-05
503100,2.13E-05
503200,3.12E-05
503300,5.94E-06
503401,1.88E-05
503402,2.77E-05
503403,1.29E-05
503500,1.74E-05
503600,2.87E-05
503700,2.48E-05
503800,2.67E-05
503900,1.79E-05
504000,4.22E-05
504100,2.62E-05
504200,2.97E-05
504300,2.23E-05
504400,1.63E-05
504500,2.48E-05
504601,1.63E-05
504602,8.89E-06
504701,2.58E-05
504702,6.93E-06
504800,3.32E-05
504900,2.03E-05
505000,2.62E-05
505101,1.09E-05
505102,6.93E-06
505200,3.07E-05
505301,3.07E-05
505302,3.47E-06
505400,2.18E-05
505500,6.55E-05
505600,2.32E-05
505700,2.08E-05
505801,1.19E-05
505802,1.53E-05
505803,8.89E-06
505900,3.56E-05
506000,1.98E-05
506100,3.51E-05
506200,1.98E-05
506300,6.93E-06
506400,3.66E-05
506500,2.87E-05
506600,9.38E-06
506700,1.09E-05
506800,4.40E-05
506900,3.17E-05
507000,2.92E-05
507101,1.39E-05
507102,9.38E-06
507200,1.93E-05
507301,1.79E-05
507302,1.09E-05
507400,3.22E-05
507500,2.92E-05
507600,1.79E-05
507701,2.13E-05
507702,1.44E-05
507800,3.07E-05
507900,2.67E-05
508000,1.74E-05
508100,1.98E-05
508200,3.32E-05
508300,3.07E-05
508400,1.74E-05
508500,2.82E-05
508600,9.87E-06
508700,1.19E-05
508800,1.68E-05
508900,1.34E-05
509000,3.07E-05
509100,1.53E-05
509200,2.97E-06
509300,4.95E-07
509400,3.47E-06
509500,1.29E-05
509600,1.74E-05
509700,3.37E-05
509800,1.14E-05
509900,3.56E-05
510000,1.34E-05
510100,2.18E-05
510200,2.03E-05
510300,2.37E-05
510400,2.08E-05
510500,3.56E-05
510600,2.72E-05
510701,1.68E-05
510702,6.43E-06
510801,7.91E-06
510802,9.87E-06
510803,3.38E-05
510804,1.34E-05
510901,8.89E-06
510902,9.38E-06
510903,7.91E-06
510904,9.87E-06
510905,1.39E-05
511001,9.38E-06
511002,1.09E-05
511003,1.04E-05
511004,7.91E-06
511100,1.34E-05
511200,2.08E-05
511300,2.27E-05
511400,3.22E-05
511500,2.32E-05
511600,6.56E-05
511700,2.03E-05
511800,3.07E-05
511900,3.86E-05
512000,1.44E-05
512100,4.75E-05
512200,1.93E-05
512300,3.32E-05
512400,2.87E-05
512500,2.32E-05
512600,2.08E-05
512700,2.53E-05
512800,2.27E-05
512900,1.09E-05
513000,1.53E-05
513100,2.13E-05
513200,3.51E-05
513300,1.48E-05
513400,1.68E-05
513500,2.92E-05
513600,1.68E-05
513700,1.29E-05
513800,1.48E-05
513900,1.63E-05
514000,4.16E-05
514100,2.37E-05
514200,2.67E-05
514301,1.29E-05
514302,0
514400,2.18E-05
514500,2.58E-05
514600,3.27E-05
514700,1.88E-05
514800,4.31E-05
514900,2.48E-05
515001,1.88E-05
515002,3.53E-05
515003,1.09E-05
515004,1.63E-05
515005,4.95E-07
515102,2.37E-05
515103,2.77E-05
515104,4.01E-05
515105,5.45E-06
515201,3.76E-05
515202,3.17E-05
515203,4.31E-05
515303,8.40E-06
515304,1.04E-05
515305,9.38E-06
515306,8.40E-06
515307,7.42E-06
515308,6.93E-06
515309,6.43E-06
515310,2.97E-06
515311,1.14E-05
515312,8.89E-06
515313,5.45E-06
515314,6.43E-06
515315,1.14E-05
515316,8.40E-06
515401,2.82E-05
515402,6.45E-05
515403,1.83E-05
515501,5.45E-06
515502,1.19E-05
515503,1.14E-05
515603,1.39E-05
515604,1.58E-05
515605,1.93E-05
515606,1.19E-05
515607,4.34E-05
515608,1.48E-05
515609,7.42E-06
515610,5.94E-06
515611,3.28E-05
515612,2.97E-06
515613,6.43E-06
515614,3.47E-06
515615,3.47E-06
515616,9.87E-07
515703,1.48E-06
515704,0.000160496
515705,1.53E-05
515707,4.17E-05
515708,1.09E-05
515709,1.98E-06
515710,5.45E-06
515711,1.98E-06
515712,7.91E-06
515713,6.43E-06
515714,4.95E-06
515715,7.42E-06
515716,5.45E-06
515717,1.09E-05
515801,3.12E-05
515802,0
515901,1.53E-05
515902,2.03E-05
516002,9.87E-07
516003,4.95E-07
516004,0
516005,0
516006,0
516007,0
516008,9.87E-07
516009,1.98E-06
516010,2.98E-05
516011,9.87E-06
516012,3.47E-06
516013,1.34E-05
516100,3.53E-05
516201,4.02E-05
516202,1.98E-05
516301,1.98E-05
516302,2.58E-05
516401,6.15E-05
516403,3.53E-05
516404,7.91E-06
516405,2.97E-06
516406,3.13E-05
516407,7.42E-06
516503,4.37E-05
516505,3.02E-05
516507,6.07E-05
516508,1.48E-05
516509,1.48E-05
516510,4.71E-05
516511,2.58E-05
516601,2.97E-05
516602,2.03E-05
516603,3.61E-05
516701,2.23E-05
516702,3.91E-05
516703,2.67E-05
516704,1.58E-05
516705,3.17E-05
516800,3.27E-05
516900,8.65E-05
517000,3.32E-05
517101,0
517102,2.48E-06
517200,0
517300,0
517400,1.48E-06
517500,1.48E-06
517600,0
517700,1.63E-05
517800,3.07E-05
517900,1.24E-05
518000,3.22E-05
518100,3.17E-05
518200,2.37E-05
518300,1.88E-05
518400,1.98E-05
518500,1.98E-05
518600,1.48E-05
518700,2.32E-05
518800,3.96E-06
518900,1.34E-05
519000,2.03E-05
519100,2.43E-05
519200,2.18E-05
519300,1.68E-05
519400,2.27E-05
519500,1.88E-05
519600,4.45E-06
519701,1.53E-05
519702,1.88E-05
519800,2.23E-05
519900,3.96E-06
520000,2.53E-05
520101,2.13E-05
520102,1.34E-05
520200,1.34E-05
520300,2.72E-05
520400,1.04E-05
520500,8.89E-06
520600,3.12E-05
520700,3.17E-05
520800,3.61E-05
520900,2.87E-05
521001,1.58E-05
521002,4.45E-06
521100,1.88E-05
521200,3.07E-05
521300,1.98E-05
521400,7.91E-06
521500,2.23E-05
521600,2.23E-05
521700,3.61E-05
521800,3.56E-05
521900,2.08E-05
522000,2.08E-05
522100,2.23E-05
522200,3.27E-05
522300,2.58E-05
522401,6.43E-06
522402,6.93E-06
522500,3.47E-06
522600,2.87E-05
522701,2.97E-06
522702,9.38E-06
522703,3.96E-06
522800,3.07E-05
522900,1.68E-05
523000,2.18E-05
523100,3.46E-05
523200,2.58E-05
523300,1.68E-05
523400,2.27E-05
523500,1.74E-05
523600,1.19E-05
523700,2.13E-05
523800,5.10E-05
523900,0
524000,1.39E-05
524100,2.43E-05
524200,2.32E-05
524300,3.82E-05
524400,1.39E-05
524500,4.12E-05
524600,5.45E-05
524700,4.21E-05
524800,0
524900,1.34E-05
525000,1.79E-05
525100,1.63E-05
525200,2.48E-05
525300,1.93E-05
525400,2.18E-05
525500,5.59E-05
525600,2.87E-05
525700,2.23E-05
525800,2.43E-05
525900,1.24E-05
526000,2.77E-05
526100,2.08E-05
526200,4.11E-05
526300,2.18E-05
526400,1.48E-05
526500,2.62E-05
526600,4.06E-05
526700,1.48E-05
526801,9.87E-06
526802,4.45E-06
526900,3.37E-05
527000,1.79E-05
527100,1.83E-05
527200,2.62E-05
527300,5.61E-05
527400,3.27E-05
527500,9.38E-06
527600,1.48E-05
527700,2.32E-05
527800,1.68E-05
527900,2.48E-05
528000,2.27E-05
528100,1.83E-05
528201,2.08E-05
528202,2.72E-05
528300,2.58E-05
528400,2.23E-05
528500,2.18E-05
528601,4.45E-06
528602,0
528700,1.39E-05
528800,1.39E-05
528900,1.44E-05
529000,9.38E-06
529100,8.89E-06
529200,2.58E-05
529300,2.18E-05
529400,4.95E-07
529500,1.79E-05
529600,1.68E-05
529700,1.58E-05
529800,4.21E-05
529900,3.61E-05
530000,2.82E-05
530100,1.88E-05
530200,3.02E-05
530300,0.000162329
530400,2.08E-05
530500,2.67E-05
530600,2.92E-05
530700,1.34E-05
530800,8.40E-06
530900,3.96E-06
531000,8.40E-06
531100,2.18E-05
531200,2.72E-05
531300,9.87E-07
531400,2.23E-05
531500,2.58E-05
531600,2.18E-05
531700,4.95E-07
531800,1.48E-06
531900,0.000144059
532000,1.44E-05
532101,4.82E-05
532102,2.03E-05
532103,1.34E-05
532200,1.24E-05
532300,1.63E-05
532400,0
532501,1.04E-05
532502,8.40E-06
532503,1.44E-05
532600,2.13E-05
532700,4.82E-05
532800,1.48E-05
532900,1.98E-05
533000,4.16E-05
533100,3.56E-05
533200,3.46E-05
533300,2.82E-05
533400,2.67E-05
533502,1.09E-05
533503,1.04E-05
533504,1.24E-05
533505,8.89E-06
533506,9.38E-06
533507,5.94E-06
533601,2.77E-05
533602,3.02E-05
533700,1.48E-05
533800,9.87E-06
533900,2.43E-05
534001,1.09E-05
534002,1.24E-05
534100,5.45E-06
534200,1.04E-05
534300,1.83E-05
534400,2.92E-05
534500,3.27E-05
534602,2.97E-06
534603,1.68E-05
534604,1.39E-05
534700,2.62E-05
534800,9.38E-06
534900,2.97E-05
535000,1.98E-05
535100,2.77E-05
535201,1.63E-05
535202,2.18E-05
535203,2.03E-05
535204,2.43E-05
535205,1.24E-05
535206,2.18E-05
535207,1.68E-05
535300,2.18E-05
535400,1.93E-05
535500,0
535600,4.66E-05
535700,2.67E-05
535800,4.61E-05
535900,2.92E-05
536000,1.14E-05
536100,0
536200,0
536300,4.70E-05
536400,1.83E-05
536500,2.77E-05
536601,8.40E-06
536602,7.91E-06
536700,2.92E-05
536800,3.17E-05
536900,2.97E-05
537000,2.48E-05
537100,3.07E-05
537200,2.62E-05
537300,3.17E-05
537400,2.27E-05
537500,3.22E-05
537601,1.24E-05
537602,1.04E-05
537603,1.09E-05
537604,1.19E-05
537605,1.29E-05
537701,3.96E-06
537702,1.04E-05
537703,1.19E-05
537704,1.19E-05
537800,2.43E-05
537900,1.68E-05
538001,3.47E-06
538002,9.38E-06
538003,1.44E-05
538004,1.53E-05
538005,3.73E-05
538100,2.23E-05
538200,1.98E-05
538300,1.58E-05
538400,3.56E-05
538500,2.87E-05
538600,2.03E-05
538700,1.83E-05
538801,8.89E-06
538802,1.34E-05
538900,1.79E-05
539000,1.48E-05
539100,2.27E-05
539200,1.24E-05
539300,1.39E-05
539400,9.87E-06
539500,7.42E-06
539600,5.94E-06
539700,1.04E-05
539800,2.43E-05
539901,2.03E-05
539902,2.48E-06
540001,4.70E-05
540002,3.66E-05
540100,2.67E-05
540201,2.13E-05
540202,3.91E-05
540300,4.51E-05
540400,3.02E-05
540500,3.66E-05
540600,3.82E-05
540700,0
540800,3.37E-05
540900,1.39E-05
541000,2.23E-05
541100,4.01E-05
541200,3.37E-05
541300,2.08E-05
541400,3.02E-05
541500,3.07E-05
541600,1.48E-05
541701,1.83E-05
541702,9.87E-07
541800,2.37E-05
541900,1.24E-05
542000,4.85E-05
542100,2.67E-05
542200,3.02E-05
542300,4.95E-05
542400,2.82E-05
542501,2.97E-06
542502,0.000178219
542600,2.43E-05
542700,3.46E-05
542800,4.90E-05
542900,5.40E-05
543000,8.89E-06
543100,1.58E-05
543200,3.17E-05
543300,1.63E-05
543400,4.06E-05
543500,2.03E-05
543600,9.87E-06
543700,3.51E-05
543800,2.97E-05
543900,2.43E-05
544000,2.62E-05
544100,1.63E-05
544200,2.48E-06
544301,0
544302,4.95E-06
544400,4.95E-06
544500,8.89E-06
544600,1.74E-05
544700,3.18E-05
544800,0
544900,2.87E-05
545000,2.72E-05
545100,2.27E-05
545200,1.83E-05
545300,1.93E-05
545400,3.92E-05
545500,1.44E-05
545600,4.27E-05
545700,3.32E-05
545800,8.40E-06
545900,2.58E-05
546000,7.91E-06
546100,1.44E-05
546200,4.95E-07
546300,1.29E-05
546400,2.03E-05
546500,2.58E-05
546600,1.58E-05
546700,2.72E-05
546800,3.37E-05
546900,1.48E-05
547001,1.48E-05
547002,8.89E-06
547100,1.48E-05
547200,1.34E-05
547300,3.07E-05
547401,3.68E-05
547402,7.91E-06
547403,3.96E-06
547501,1.74E-05
547502,8.40E-06
547600,1.24E-05
547700,3.91E-05
547800,4.95E-07
547900,0.000149519
548000,2.67E-05
548101,3.47E-06
548102,8.89E-06
548103,1.34E-05
548104,1.04E-05
548200,2.18E-05
548300,1.34E-05
548400,1.39E-05
548500,2.03E-05
548600,2.32E-05
548701,1.93E-05
548702,2.97E-06
548800,9.87E-06
548901,8.89E-06
548902,4.95E-06
549000,1.48E-05
549100,1.93E-05
549200,2.87E-05
549300,2.37E-05
549400,2.18E-05
549501,1.34E-05
549502,1.44E-05
549600,9.38E-06
549700,2.62E-05
549801,8.40E-06
549802,1.24E-05
549900,1.09E-05
550000,3.82E-05
550100,2.32E-05
550200,1.98E-05
550300,2.92E-05
550400,2.43E-05
550500,2.23E-05
550600,2.18E-05
550700,1.63E-05
550800,1.83E-05
550900,1.98E-05
551000,2.32E-05
551100,3.91E-05
551200,1.93E-05
551300,1.09E-05
551401,9.87E-06
551402,3.47E-06
551500,2.97E-05
551600,3.61E-05
551700,2.82E-05
551800,1.79E-05
551900,1.39E-05
552000,1.48E-05
552100,2.87E-05
552200,2.08E-05
552300,1.44E-05
552400,3.02E-05
552500,1.53E-05
552600,9.87E-06
552700,3.02E-05
552800,2.08E-05
552900,2.92E-05
553000,1.98E-05
553100,1.83E-05
553200,1.98E-05
553300,4.40E-05
553400,2.58E-05
553500,6.93E-06
553600,1.88E-05
553700,2.67E-05
553800,4.31E-05
553900,2.77E-05
554000,1.48E-05
554100,1.58E-05
554201,1.93E-05
554202,2.48E-06
554300,1.44E-05
554400,1.68E-05
554500,1.44E-05
554600,1.63E-05
554700,1.79E-05
554800,4.87E-05
554900,2.08E-05
555000,2.37E-05
555100,5.45E-06
555200,2.18E-05
555300,1.74E-05
555400,1.53E-05
555500,4.95E-06
555600,6.43E-06
555700,1.48E-05
555800,1.48E-05
555900,1.19E-05
556000,2.43E-05
556100,1.79E-05
556200,2.18E-05
556300,2.18E-05
556400,2.03E-05
556500,2.62E-05
556600,2.08E-05
556700,3.96E-06
556800,1.48E-05
556900,4.75E-05
557000,2.67E-05
557100,2.23E-05
557200,2.18E-05
557300,1.68E-05
557401,2.18E-05
557402,4.45E-06
557500,3.32E-05
557600,3.02E-05
557700,1.44E-05
557800,3.71E-05
557900,4.17E-05
558000,4.85E-05
558100,2.82E-05
558200,4.31E-05
558300,3.46E-05
558401,7.42E-06
558402,2.32E-05
558500,5.69E-05
558600,2.23E-05
558701,1.63E-05
558702,4.95E-06
558800,2.03E-05
558900,2.92E-05
559001,1.19E-05
559002,1.09E-05
559100,2.23E-05
559200,2.08E-05
559301,4.45E-06
559302,1.39E-05
559303,1.09E-05
559401,7.91E-06
559402,3.96E-06
559403,6.43E-06
559404,1.39E-05
559500,2.43E-05
559600,2.48E-05
559701,7.91E-06
559702,7.91E-06
559703,4.45E-06
559704,7.91E-06
559800,3.86E-05
559900,2.58E-05
560000,3.07E-05
560100,4.06E-05
560200,2.53E-05
560300,3.61E-05
560400,3.37E-05
560500,2.23E-05
560600,9.87E-06
560700,1.74E-05
560800,2.77E-05
560900,2.18E-05
561000,6.84E-05
561100,3.82E-05
561200,1.34E-05
561300,9.38E-06
561400,1.88E-05
561500,1.68E-05
561600,1.19E-05
561700,1.44E-05
561800,2.32E-05
561900,2.67E-05
562000,1.48E-05
562100,2.82E-05
562200,2.67E-05
562300,2.72E-05
562400,2.77E-05
562500,5.94E-06
562600,0
562700,2.58E-05
562800,2.97E-05
562900,2.13E-05
563000,1.63E-05
563100,2.27E-05
563200,2.97E-05
563300,2.18E-05
563400,6.43E-06
563500,1.09E-05
563600,1.83E-05
563700,1.83E-05
563800,0
563901,2.27E-05
563902,2.03E-05
564000,3.42E-05
564100,2.18E-05
564200,2.13E-05
564300,2.77E-05
564401,7.91E-06
564402,7.91E-06
564403,8.40E-06
564404,3.96E-06
564405,0
564501,1.98E-05
564502,2.13E-05
564600,2.58E-05
564700,1.98E-05
564800,2.27E-05
564900,1.93E-05
565000,3.22E-05
565100,3.76E-05
565201,1.39E-05
565202,9.87E-06
565300,1.74E-05
565400,2.82E-05
565500,1.53E-05
565600,3.82E-05
565700,2.62E-05
565800,2.27E-05
565900,3.76E-05
566000,2.43E-05
566100,2.13E-05
566200,5.71E-05
566300,3.27E-05
566400,2.48E-05
566500,3.12E-05
566600,1.53E-05
566700,2.53E-05
566800,0.000175699
566900,2.72E-05
567000,2.27E-05
567100,1.53E-05
567200,1.74E-05
567300,4.45E-06
567401,4.47E-05
567402,5.94E-06
567500,2.77E-05
567600,2.82E-05
567700,1.58E-05
567800,2.82E-05
567900,3.71E-05
568000,1.74E-05
568100,3.66E-05
568200,1.68E-05
568300,4.96E-05
568400,5.11E-05
568500,2.67E-05
568600,1.39E-05
568700,2.43E-05
568800,4.56E-05
568900,2.37E-05
569000,7.91E-06
569100,2.82E-05
569200,3.76E-05
569300,1.48E-05
569400,2.82E-05
569501,6.43E-06
569502,1.24E-05
569503,1.83E-05
569504,1.63E-05
569600,3.86E-05
569700,4.45E-06
569800,4.95E-07
569900,2.82E-05
570000,4.95E-07
570100,0
570200,1.98E-05
570300,1.93E-05
570400,2.27E-05
570500,2.48E-05
570600,3.71E-05
570701,3.96E-06
570702,1.79E-05
570801,1.19E-05
570802,1.14E-05
570900,2.27E-05
571001,1.24E-05
571002,9.87E-06
571003,3.96E-06
571004,4.95E-06
571100,2.53E-05
571201,5.94E-06
571202,2.87E-05
571301,5.45E-06
571302,2.67E-05
571400,2.48E-05
571500,2.62E-05
571600,2.58E-05
571700,0
571800,4.11E-05
571900,2.72E-05
572001,5.45E-06
572002,2.23E-05
572100,3.86E-05
572200,1.93E-05
572300,1.48E-05
572400,4.31E-05
572500,3.96E-05
572600,2.32E-05
572701,7.91E-06
572702,1.24E-05
572801,9.38E-06
572802,9.38E-06
572900,4.26E-05
573000,3.22E-05
573100,3.82E-05
573200,3.37E-05
573300,3.56E-05
573400,2.87E-05
573500,3.22E-05
573600,3.56E-05
573700,3.02E-05
573800,2.87E-05
573900,2.23E-05
574000,3.51E-05
574100,3.27E-05
574200,2.18E-05
574300,2.72E-05
574400,4.21E-05
574500,1.74E-05
574600,1.39E-05
574700,1.79E-05
574800,2.97E-05
574900,3.07E-05
575000,3.66E-05
575100,2.23E-05
575200,2.27E-05
575300,1.98E-05
575400,2.32E-05
575500,1.63E-05
575600,3.07E-05
575700,1.48E-05
575800,1.68E-05
575900,1.68E-05
576000,1.14E-05
576100,2.27E-05
576200,5.94E-06
576300,6.93E-06
576400,1.68E-05
576500,1.98E-05
576600,2.53E-05
576700,1.53E-05
576800,1.53E-05
576900,2.43E-05
577000,9.87E-06
577100,2.23E-05
577200,2.53E-05
577300,2.13E-05
577400,1.63E-05
577500,2.08E-05
577600,2.08E-05
577700,2.82E-05
577800,1.79E-05
577900,2.92E-05
578000,3.37E-05
578100,1.68E-05
578200,2.23E-05
578300,2.77E-05
578400,2.32E-05
578500,9.87E-07
578600,1.34E-05
578701,1.88E-05
578702,1.44E-05
578800,3.32E-05
578900,2.32E-05
579000,4.95E-06
579100,3.27E-05
579200,0
579300,3.07E-05
579400,3.46E-05
579500,2.77E-05
579600,2.27E-05
579700,1.34E-05
579800,1.93E-05
579900,3.42E-05
580000,2.77E-05
580100,1.14E-05
580200,1.98E-05
580300,2.67E-05
580400,2.18E-05
580500,2.13E-05
580600,1.93E-05
580700,3.37E-05
580800,1.88E-05
580900,3.02E-05
581000,2.82E-05
581100,3.32E-05
581200,4.26E-05
581300,3.37E-05
581400,3.51E-05
581500,1.79E-05
581600,1.09E-05
581700,3.27E-05
581800,6.73E-05
581900,1.88E-05
582000,3.51E-05
582100,1.63E-05
582200,1.68E-05
582301,1.09E-05
582302,6.43E-06
582400,3.37E-05
582500,1.24E-05
582600,3.12E-05
582700,2.82E-05
582800,1.83E-05
582900,2.37E-05
583000,2.58E-05
583100,1.14E-05
583200,1.19E-05
583300,2.58E-05
583400,1.93E-05
583500,2.03E-05
583600,4.73E-05
583702,2.97E-05
583703,7.42E-06
583704,1.79E-05
583800,1.63E-05
583900,2.13E-05
584001,1.79E-05
584002,1.68E-05
584003,1.53E-05
584100,3.86E-05
584200,1.88E-05
584300,3.27E-05
584401,1.48E-06
584402,2.77E-05
584501,2.82E-05
584502,9.87E-06
584600,1.88E-05
584701,1.34E-05
584702,6.93E-06
584800,2.58E-05
584900,3.07E-05
585000,4.11E-05
585101,3.07E-05
585102,3.32E-05
585200,3.27E-05
585300,1.83E-05
585401,6.43E-06
585402,1.04E-05
585500,3.07E-05
585600,2.08E-05
585700,4.61E-05
585800,1.53E-05
585900,4.70E-05
586000,3.96E-05
586100,2.67E-05
586200,1.44E-05
586300,2.65E-05
586400,2.62E-05
586500,5.20E-05
586600,3.17E-05
586700,3.56E-05
586800,3.37E-05
586901,2.18E-05
586902,7.42E-06
587000,1.93E-05
587100,3.07E-05
587200,1.74E-05
587300,1.09E-05
587400,2.87E-05
587500,4.35E-05
587600,3.07E-05
587700,3.91E-05
587801,3.96E-05
587802,4.90E-05
587900,3.76E-05
588001,3.42E-05
588003,2.77E-05
588004,2.92E-05
588100,1.79E-05
588200,1.44E-05
588301,3.17E-05
588302,5.45E-05
588401,3.56E-05
588402,2.62E-05
588500,1.68E-05
588600,3.27E-05
588700,1.83E-05
588800,3.91E-05
588901,5.05E-05
588902,2.58E-05
589001,1.14E-05
589002,5.49E-05
589101,4.70E-05
589102,2.77E-05
589201,1.74E-05
589202,1.53E-05
589204,1.24E-05
589205,3.91E-05
589206,1.09E-05
589300,3.37E-05
589400,2.62E-05
589501,2.18E-05
589502,5.94E-06
589600,2.18E-05
589700,2.23E-05
589801,3.47E-06
589802,1.68E-05
589900,3.02E-05
590001,2.58E-05
590002,1.58E-05
590003,2.23E-05
590100,2.48E-05
590200,1.48E-05
590300,3.02E-05
590400,3.02E-05
590500,2.27E-05
590601,2.48E-06
590602,1.29E-05
590701,4.61E-05
590702,0
590800,3.96E-05
590900,2.53E-05
591000,2.72E-05
591100,2.37E-05
591200,3.51E-05
591301,9.38E-06
591302,3.12E-05
591401,8.40E-06
591402,6.93E-06
591403,9.38E-06
591404,1.24E-05
591501,1.39E-05
591502,1.48E-05
591600,2.13E-05
591701,4.95E-06
591702,1.29E-05
591703,1.34E-05
591704,1.58E-05
591800,2.32E-05
591900,0
592000,1.53E-05
592101,2.37E-05
592102,2.87E-05
592200,3.61E-05
592300,3.61E-05
592400,2.37E-05
592500,2.72E-05
592600,2.58E-05
592700,2.62E-05
592800,4.56E-05
592900,2.87E-05
593000,2.43E-05
593100,1.79E-05
593200,2.82E-05
593300,3.07E-05
593400,3.27E-05
593500,2.62E-05
593600,2.08E-05
593700,2.53E-05
593800,2.27E-05
593900,1.98E-05
594000,3.61E-05
594100,3.37E-05
594200,3.51E-05
594300,2.87E-05
594400,3.07E-05
594500,3.37E-05
594601,6.43E-06
594602,8.40E-06
594603,6.43E-06
594604,7.42E-06
594701,1.19E-05
594702,1.04E-05
594703,1.44E-05
594704,1.09E-05
594800,4.71E-05
594901,2.58E-05
594902,3.12E-05
595000,1.39E-05
595100,3.17E-05
595200,4.11E-05
595301,7.42E-06
595302,7.91E-06
595303,1.29E-05
595304,6.93E-06
595305,1.24E-05
595306,1.09E-05
595400,2.03E-05
595500,3.27E-05
595600,1.53E-05
595700,2.43E-05
595800,2.77E-05
595900,1.34E-05
596000,1.44E-05
596100,2.67E-05
596200,3.46E-05
596300,9.87E-06
596401,5.45E-06
596402,5.94E-06
596501,1.83E-05
596502,1.68E-05
596600,2.23E-05
596700,4.61E-05
596800,3.22E-05
596900,3.46E-05
597000,1.93E-05
597100,3.37E-05
597200,1.79E-05
597300,2.08E-05
597400,2.43E-05
597500,2.58E-05
597600,3.56E-05
597700,1.19E-05
597800,2.67E-05
597900,1.14E-05
598001,1.14E-05
598002,8.40E-06
598100,1.88E-05
598200,2.87E-05
598300,3.37E-05
598400,2.92E-05
598500,1.48E-05
598600,3.13E-05
598700,4.16E-05
598800,2.77E-05
598900,2.58E-05
599000,1.83E-05
599100,1.14E-05
599200,1.09E-05
599300,1.83E-05
599400,2.48E-05
599500,2.37E-05
599600,1.48E-05
599700,2.53E-05
599800,2.18E-05
599900,1.24E-05
600000,1.34E-05
600100,1.14E-05
600200,1.48E-05
600300,2.48E-05
600400,9.38E-06
600500,5.69E-05
600600,3.86E-05
600700,3.56E-05
600800,9.87E-06
600900,0.000132159
601000,4.45E-06
601100,9.87E-07
601200,2.67E-05
601300,3.82E-05
601400,2.48E-06
601500,2.97E-06
601600,2.23E-05
601700,0
601800,1.98E-06
601901,3.96E-06
601902,6.93E-06
601903,1.24E-05
601904,2.48E-05
601905,7.91E-06
602000,1.39E-05
602100,8.89E-06
602200,0
602300,1.83E-05
602401,7.91E-06
602402,2.82E-05
602501,9.87E-07
602503,0
602504,0
602600,2.43E-05
602700,1.53E-05
602800,3.07E-05
602900,4.31E-05
603000,3.02E-05
603100,6.93E-06
603201,1.83E-05
603202,1.09E-05
603300,2.08E-05
603400,3.37E-05
603500,2.08E-05
603600,2.03E-05
603700,3.51E-05
603800,2.72E-05
603900,1.19E-05
604000,3.66E-05
604100,1.98E-05
604200,1.48E-05
604300,2.48E-05
604400,2.97E-05
604500,2.23E-05
604600,3.56E-05
604700,2.18E-05
604800,1.63E-05
604900,9.87E-06
605000,2.32E-05
605100,1.93E-05
605200,1.53E-05
605300,1.98E-05
605400,9.38E-06
605500,1.98E-05
605601,1.63E-05
605602,8.40E-06
605603,1.68E-05
605604,1.68E-05
605700,3.46E-05
605800,2.13E-05
605900,3.51E-05
606000,2.72E-05
606100,3.76E-05
606201,2.87E-05
606202,1.58E-05
606203,1.58E-05
606300,0
606400,2.97E-05
606500,3.27E-05
606600,4.40E-05
606700,0
606800,2.58E-05
606900,3.96E-05
607000,3.71E-05
607100,6.93E-06
607200,1.29E-05
607301,1.09E-05
607302,1.74E-05
607400,4.95E-07
607500,9.87E-07
607601,9.87E-07
607602,0
607700,1.48E-06
607800,0
607900,4.95E-07
608000,1.98E-06
608100,9.87E-07
608200,0
608302,0
608306,0
608312,0
608315,0
608319,0
608322,0
608323,0
608328,0
608331,0
608332,0
608333,0
608334,0
608335,0
608337,0
608338,0
608339,0
608340,0
608341,0
608342,0
608343,0
608344,0
608345,0
608347,0
608349,0
608350,0
608351,0
608352,0
608353,1.98E-06
608354,4.95E-07
608355,0
608356,0
608357,0
608358,0
608359,0
608360,0
608362,0
608363,0
608365,0
608366,0
608367,0
608368,0
608369,0
608370,0
608400,1.34E-05
608500,2.23E-05
608601,1.04E-05
608602,1.53E-05
608700,2.18E-05
608800,2.23E-05
608900,2.92E-05
609001,1.53E-05
609002,1.68E-05
609100,2.87E-05
609200,5.35E-05
609300,2.58E-05
609400,3.27E-05
609500,3.86E-05
609600,1.63E-05
609700,1.29E-05
609801,1.39E-05
609802,1.68E-05
609803,4.66E-05
609804,7.42E-06
609901,1.48E-05
609902,5.94E-06
610000,4.16E-05
610101,1.09E-05
610102,1.14E-05
610103,1.19E-05
610104,1.53E-05
610200,1.68E-05
610300,3.32E-05
610401,1.48E-05
610402,1.04E-05
610403,1.74E-05
610404,9.38E-06
610405,4.95E-06
610500,3.17E-05
610601,2.03E-05
610602,9.87E-06
610603,9.87E-06
610700,4.80E-05
610800,3.71E-05
610900,3.51E-05
611000,3.32E-05
611100,3.96E-05
611200,2.32E-05
611300,2.32E-05
611400,0.000173739
611500,1.14E-05
611600,0
611700,1.44E-05
611800,0
611900,2.88E-05
612000,1.58E-05
612100,3.07E-05
612200,0.000132159
612300,0
612400,9.87E-07
612501,1.74E-05
612502,1.09E-05
612600,3.86E-05
612700,2.77E-05
612800,1.34E-05
612901,1.24E-05
612902,2.23E-05
612903,2.72E-05
613000,3.91E-05
613100,3.82E-05
613200,2.53E-05
613300,2.62E-05
613400,2.92E-05
613500,1.58E-05
613600,1.79E-05
613700,1.79E-05
613800,5.62E-05
613900,2.77E-05
614000,0
614100,8.63E-05
614200,3.47E-06
614301,1.58E-05
614302,9.38E-06
614400,1.58E-05
614501,0
614502,6.93E-06
614600,2.67E-05
614701,1.24E-05
614702,5.45E-06
614703,1.24E-05
614801,1.04E-05
614802,1.34E-05
614803,7.42E-06
614900,4.26E-05
615000,3.61E-05
615101,1.09E-05
615102,7.91E-06
615103,8.89E-06
615200,2.92E-05
615300,6.93E-06
615400,1.24E-05
615500,2.37E-05
615600,4.31E-05
615700,2.92E-05
615800,1.83E-05
615900,4.01E-05
616000,3.76E-05
616100,2.18E-05
616200,4.16E-05
616300,4.51E-05
616401,2.23E-05
616402,6.93E-06
616500,2.97E-05
616600,1.53E-05
616700,1.88E-05
616800,2.37E-05
616900,3.12E-05
617000,5.56E-05
617100,4.16E-05
617201,9.38E-06
617202,1.29E-05
617203,9.38E-06
617204,1.39E-05
617301,9.87E-06
617302,9.38E-06
617303,9.87E-06
617304,7.42E-06
617400,2.08E-05
617500,2.62E-05
617600,2.23E-05
617700,1.98E-05
617800,2.67E-05
617900,3.46E-05
618000,2.23E-05
618100,2.37E-05
618200,3.66E-05
618300,1.79E-05
618400,3.12E-05
618500,1.98E-05
618600,8.40E-06
618700,1.93E-05
618801,3.96E-06
618802,5.45E-06
618803,2.53E-05
618900,2.58E-05
619000,3.91E-05
619100,1.48E-05
619200,1.48E-05
619300,4.76E-05
619400,1.79E-05
619500,1.79E-05
619600,3.12E-05
619700,1.68E-05
619800,2.43E-05
619900,2.82E-05
620000,4.16E-05
620100,1.79E-05
620200,1.53E-05
620300,1.09E-05
620400,2.53E-05
620500,1.88E-05
620600,0.000162819
620701,0
620702,9.87E-07
620800,1.48E-06
620900,9.87E-06
621000,9.87E-07
621100,2.03E-05
621200,0
621300,9.87E-07
621400,9.87E-07
621500,0
621600,4.95E-07
621700,0.000132159
621800,0
621900,4.95E-07
622000,0.000132159
622100,0
622200,0
622300,9.87E-07
622400,0
622500,0
622600,0
622700,0
622800,9.87E-07
622900,0.000264317
623000,4.95E-07
623100,6.64E-05
623200,1.44E-05
623300,0
623400,4.95E-06
623500,5.59E-05
623600,3.17E-05
623700,4.07E-05
623800,1.14E-05
623901,3.96E-06
623902,1.39E-05
624000,2.37E-05
624100,4.12E-05
624200,1.93E-05
624301,1.44E-05
624302,2.97E-06
624400,2.67E-05
624500,3.32E-05
624600,1.88E-05
624700,3.82E-05
624800,3.46E-05
624900,1.44E-05
625000,3.71E-05
625101,1.04E-05
625102,6.43E-06
625103,1.58E-05
625104,1.74E-05
625200,3.02E-05
625301,8.89E-06
625302,6.93E-06
625303,8.89E-06
625400,0.00012841
625500,3.07E-05
625600,3.42E-05
625701,1.44E-05
625702,1.39E-05
625703,9.87E-06
625704,1.24E-05
625800,0
625900,7.42E-06
626000,3.22E-05
626101,9.38E-06
626102,7.42E-06
626103,1.24E-05
626104,1.04E-05
626201,1.04E-05
626202,9.87E-06
626203,8.40E-06
626204,8.40E-06
626302,4.40E-05
626303,3.61E-05
626304,3.47E-06
626401,4.45E-06
626402,2.32E-05
626403,2.03E-05
626404,1.44E-05
626500,1.14E-05
626600,3.71E-05
626700,5.99E-05
626801,1.93E-05
626802,3.71E-05
626901,2.92E-05
626902,6.93E-06
627000,2.62E-05
627101,2.62E-05
627102,2.13E-05
627203,1.74E-05
627204,2.13E-05
627205,3.27E-05
627206,3.17E-05
627207,4.21E-05
627300,6.14E-05
627400,0
627500,0.000142589
627600,5.05E-05
627700,3.42E-05
627800,9.87E-07
627900,2.18E-05
628001,3.91E-05
628002,3.96E-05
628100,3.27E-05
628201,1.14E-05
628202,7.91E-06
628203,0
628204,1.09E-05
628205,7.42E-06
628300,3.47E-06
628400,3.96E-05
628500,5.05E-05
628601,1.09E-05
628602,1.19E-05
628603,8.89E-06
628700,9.87E-07
628800,1.29E-05
628900,1.39E-05
629000,0
629100,3.76E-05
629201,6.93E-06
629202,1.68E-05
629203,1.88E-05
629204,4.88E-05
629301,9.87E-06
629302,3.12E-05
629303,3.76E-05
629400,3.22E-05
629500,2.48E-05
629600,1.74E-05
629700,1.34E-05
629800,2.58E-05
629900,1.44E-05
630001,5.94E-06
630002,8.89E-06
630003,9.38E-06
630004,8.40E-06
630005,9.38E-06
630006,9.87E-06
630100,1.09E-05
630200,2.82E-05
630300,2.13E-05
630400,2.48E-05
630500,2.43E-05
630600,1.29E-05
630700,1.98E-05
630800,2.48E-05
630900,2.67E-05
631000,5.45E-06
631101,3.47E-06
631102,7.42E-06
631200,3.17E-05
631300,1.39E-05
631400,2.18E-05
631500,1.68E-05
631600,1.34E-05
631700,1.63E-05
631800,2.23E-05
631900,1.39E-05
632000,1.88E-05
632100,1.09E-05
632200,1.53E-05
632300,1.09E-05
632400,1.53E-05
632500,1.63E-05
632600,6.43E-06
632701,9.87E-06
632702,3.47E-06
632800,1.04E-05
632900,1.48E-05
633000,1.88E-05
633100,1.68E-05
633200,4.45E-06
633300,1.34E-05
633400,2.18E-05
633500,1.44E-05
633600,1.58E-05
633700,1.88E-05
633800,2.58E-05
633900,9.87E-06
634000,1.79E-05
634100,2.27E-05
634200,1.58E-05
634304,4.95E-07
634308,0
634317,0
634326,0
634331,0
634334,0
634335,0
634336,0
634337,0
634340,0
634341,0
634343,2.97E-06
634344,0
634345,0
634346,0
634347,0
634348,0
634349,0
634350,0
634351,0
634352,0
634354,0
634355,0
634357,0
634358,0
634359,0
634360,0
634361,0
634362,0
634363,0
634364,0
634366,0
634367,0
634368,0
634371,0
634372,0
634373,0
634374,0
634375,0
634376,0
634377,0
634378,0
634379,4.95E-07
634380,0
634381,0
634383,0
634384,0
634385,0
634386,0
634387,0
634388,0
634389,0
634390,0
634391,0
634392,0
634393,0
634394,0
634395,0
634400,3.02E-05
634500,2.13E-05
634600,1.63E-05
634700,1.88E-05
634800,3.02E-05
634900,1.79E-05
635001,5.94E-06
635002,4.45E-06
635100,1.29E-05
635200,2.43E-05
635300,1.44E-05
635400,2.53E-05
635500,1.09E-05
635601,3.02E-05
635602,2.03E-05
635700,1.58E-05
635800,3.61E-05
635901,2.18E-05
635902,2.72E-05
636000,2.27E-05
636100,2.67E-05
636200,1.93E-05
636300,2.13E-05
636400,5.54E-05
636500,3.07E-05
636600,1.34E-05
636700,2.82E-05
636800,2.67E-05
636900,1.68E-05
637000,0
637100,0
637200,0
637300,3.27E-05
637400,1.48E-05
637500,0
637601,0
637602,0
637701,0
637702,4.95E-07
637801,0
637802,0
637900,0
638001,2.48E-06
638002,3.43E-05
638100,9.87E-06
638200,1.19E-05
638300,1.24E-05
638400,1.48E-05
638500,1.98E-05
638600,1.58E-05
638700,6.43E-06
638801,1.04E-05
638802,8.40E-06
638803,1.04E-05
638903,1.34E-05
638904,1.19E-05
638905,1.04E-05
638906,1.39E-05
638907,1.98E-05
638908,0
639000,4.95E-07
639100,0
639201,0
639202,0
639300,0
639400,0
639500,4.95E-07
639601,0
639602,3.07E-05
639700,0
639800,2.72E-05
639900,3.07E-05
640001,2.72E-05
640002,0
640101,1.44E-05
640102,1.68E-05
640200,2.27E-05
640300,3.12E-05
640400,1.79E-05
640500,1.68E-05
640600,3.22E-05
640700,2.67E-05
640800,2.23E-05
640901,3.61E-05
640902,5.45E-06
641001,1.83E-05
641002,5.94E-06
641100,1.58E-05
641200,4.61E-05
641300,2.53E-05
641401,1.83E-05
641402,2.37E-05
641501,1.98E-05
641502,4.11E-05
641503,1.98E-05
641600,3.56E-05
641700,1.74E-05
641800,3.22E-05
641900,5.30E-05
642000,2.43E-05
642100,3.37E-05
642200,2.53E-05
642300,2.32E-05
642400,5.20E-05
642500,3.42E-05
642600,2.82E-05
642700,1.74E-05
642801,2.67E-05
642802,3.82E-05
642900,2.48E-05
643000,2.58E-05
643100,3.37E-05
643200,3.66E-05
643300,3.22E-05
643401,3.07E-05
643402,5.45E-06
643500,4.26E-05
643600,3.71E-05
643700,4.45E-05
643801,3.46E-05
643802,3.46E-05
643900,3.12E-05
644000,3.32E-05
644101,3.96E-05
644102,4.31E-05
644103,1.98E-05
644104,4.95E-07
644200,3.42E-05
644300,4.95E-07
644400,4.95E-07
644501,1.63E-05
644502,1.44E-05
644503,1.14E-05
644504,1.34E-05
644600,2.18E-05
644700,2.13E-05
644800,3.61E-05
644900,2.03E-05
645000,3.12E-05
645100,2.62E-05
645200,2.37E-05
645300,2.53E-05
645400,4.07E-05
645500,1.74E-05
645600,2.13E-05
645700,2.43E-05
645800,2.37E-05
645900,2.13E-05
646000,1.58E-05
646100,2.37E-05
646200,2.37E-05
646300,3.12E-05
646401,1.04E-05
646402,2.82E-05
646500,1.88E-05
646600,2.27E-05
646700,3.51E-05
646800,2.72E-05
646900,4.70E-05
647000,3.71E-05
647100,2.53E-05
647200,3.17E-05
647300,2.53E-05
647400,3.71E-05
647500,3.07E-05
647601,2.13E-05
647603,8.40E-06
647604,7.91E-06
647605,1.24E-05
647701,4.45E-06
647702,1.19E-05
647703,7.42E-06
647704,2.87E-05
647800,3.82E-05
647900,2.08E-05
648000,2.32E-05
648100,2.23E-05
648200,4.01E-05
648300,2.37E-05
648400,1.48E-06
648500,3.86E-05
648600,4.51E-05
648701,7.91E-06
648702,1.63E-05
648800,2.13E-05
648900,2.08E-05
649001,4.45E-06
649002,1.29E-05
649100,1.79E-05
649200,2.23E-05
649300,3.76E-05
649400,2.72E-05
649500,3.07E-05
649600,1.98E-06
649700,3.96E-05
649800,2.43E-05
649900,4.66E-05
650000,6.74E-05
650100,3.02E-05
650200,3.61E-05
650300,3.32E-05
650401,1.34E-05
650402,1.39E-05
650500,2.27E-05
650600,2.87E-05
650700,2.97E-05
650800,1.63E-05
650900,1.09E-05
651000,4.61E-05
651100,2.72E-05
651201,1.24E-05
651202,1.14E-05
651203,1.48E-05
651300,2.48E-05
651400,2.37E-05
651500,2.58E-05
651600,1.63E-05
651700,2.67E-05
651800,2.67E-05
651900,3.07E-05
652000,1.68E-05
652100,2.13E-05
652200,3.37E-05
652300,1.68E-05
652400,1.83E-05
652500,2.43E-05
652600,1.79E-05
652700,9.38E-06
652801,2.82E-05
652802,1.98E-06
652900,2.43E-05
653001,7.91E-06
653002,1.48E-05
653100,3.02E-05
653200,1.93E-05
653300,1.19E-05
653400,2.87E-05
653501,9.87E-06
653502,8.89E-06
653503,1.68E-05
653601,1.14E-05
653602,1.74E-05
653603,6.43E-06
653701,3.91E-05
653702,4.45E-06
653800,2.43E-05
653900,1.63E-05
654000,4.51E-05
654100,2.08E-05
654200,1.48E-05
654300,2.23E-05
654400,1.63E-05
654500,2.48E-05
654600,3.07E-05
654700,1.98E-05
654800,1.53E-05
654903,5.94E-06
654904,8.89E-06
654905,1.14E-05
654906,8.89E-06
654907,8.89E-06
655001,1.04E-05
655002,2.03E-05
655101,8.89E-06
655102,1.04E-05
655103,9.87E-06
655200,7.42E-06
655301,1.53E-05
655302,3.47E-06
655400,2.13E-05
655500,4.61E-05
655600,2.77E-05
655701,1.83E-05
655702,2.27E-05
655800,1.68E-05
655900,3.27E-05
656000,2.92E-05
656101,7.42E-06
656102,3.86E-05
656200,4.06E-05
656301,3.91E-05
656302,8.40E-06
656401,2.13E-05
656402,1.09E-05
656500,1.48E-05
656600,3.51E-05
656700,1.74E-05
656800,2.62E-05
656900,3.12E-05
657000,1.63E-05
657100,6.38E-05
657200,5.54E-05
657300,5.59E-05
657400,2.03E-05
657500,1.34E-05
657601,1.39E-05
657602,1.14E-05
657700,2.87E-05
657800,2.27E-05
657900,3.56E-05
658000,3.96E-05
658100,1.63E-05
658201,2.37E-05
658202,1.14E-05
658300,2.97E-05
658401,1.39E-05
658402,3.66E-05
658500,5.10E-05
658600,5.64E-05
658700,1.04E-05
658800,2.72E-05
658900,2.13E-05
659000,2.92E-05
659100,5.35E-05
659200,5.10E-05
659300,6.43E-06
659400,3.27E-05
659500,5.94E-06
659600,2.48E-05
659701,2.32E-05
659702,5.69E-05
659800,3.82E-05
659900,3.02E-05
660000,1.79E-05
660100,3.56E-05
660200,3.37E-05
660300,2.82E-05
660400,1.68E-05
660500,2.03E-05
660600,3.82E-05
660700,3.07E-05
660800,2.62E-05
660900,2.08E-05
661000,4.66E-05
661100,4.95E-05
661200,2.87E-05
661300,3.91E-05
661400,1.53E-05
661500,2.32E-05
661600,3.27E-05
661700,5.10E-05
661800,3.66E-05
661900,3.61E-05
662000,3.27E-05
662100,3.76E-05
662200,3.37E-05
662300,4.01E-05
662400,4.95E-06
662500,5.35E-05
662601,2.13E-05
662602,2.77E-05
662700,2.18E-05
662800,2.53E-05
662900,3.46E-05
663000,2.48E-05
663100,1.14E-05
663200,1.48E-06
663300,0
663400,2.97E-06
663500,0
663600,2.62E-05
663700,1.93E-05
663800,4.85E-05
663900,3.96E-05
664000,3.46E-05
664100,2.53E-05
664200,2.27E-05
664300,1.83E-05
664400,2.58E-05
664500,1.88E-05
664600,1.09E-05
664700,3.27E-05
664800,1.58E-05
664900,3.12E-05
665000,5.05E-05
665101,2.43E-05
665102,3.32E-05
665200,4.75E-05
665300,5.69E-05
665400,5.20E-05
665500,6.14E-05
665601,1.09E-05
665602,2.32E-05
665700,5.74E-05
665800,2.18E-05
665900,2.77E-05
666000,1.34E-05
666100,4.31E-05
666200,1.79E-05
666301,6.93E-06
666302,1.88E-05
666400,2.18E-05
666500,3.86E-05
666600,2.43E-05
666700,7.24E-05
666800,4.95E-06
666900,4.76E-05
667000,1.53E-05
667100,2.48E-05
667200,3.56E-05
667300,3.17E-05
667400,2.27E-05
667500,2.27E-05
667601,2.72E-05
667602,3.96E-06
667700,4.80E-05
667801,6.93E-06
667802,2.13E-05
667900,2.13E-05
668000,2.53E-05
668100,3.12E-05
668200,1.98E-05
668300,3.07E-05
668400,3.51E-05
668500,3.76E-05
668600,1.93E-05
668700,4.66E-05
668801,1.74E-05
668802,5.45E-06
668901,1.79E-05
668902,9.87E-06
669000,2.13E-05
669100,2.58E-05
669200,2.92E-05
669300,2.27E-05
669401,1.24E-05
669402,1.14E-05
669500,1.74E-05
669601,2.43E-05
669602,2.32E-05
669700,3.71E-05
669800,1.68E-05
669900,2.13E-05
670000,2.97E-05
670100,2.13E-05
670200,2.58E-05
670300,1.48E-05
670400,1.74E-05
670500,3.12E-05
670600,3.12E-05
670700,2.37E-05
670801,1.83E-05
670802,3.47E-06
670901,1.68E-05
670902,2.27E-05
670903,7.42E-06
671000,1.63E-05
671100,2.18E-05
671200,4.07E-05
671300,2.37E-05
671400,2.62E-05
671501,9.38E-06
671502,1.44E-05
671503,1.68E-05
671600,3.46E-05
671700,4.45E-05
671801,1.79E-05
671802,9.87E-06
671803,9.38E-06
671804,1.34E-05
671900,1.98E-05
672001,6.43E-06
672002,8.89E-06
672003,1.29E-05
672004,5.45E-06
672101,2.72E-05
672103,1.48E-05
672104,1.98E-05
672105,1.09E-05
672200,2.53E-05
672300,2.48E-05
672400,2.72E-05
672500,3.42E-05
672600,3.32E-05
672700,2.67E-05
672801,2.62E-05
672802,7.42E-06
672900,4.31E-05
673000,2.03E-05
673100,2.48E-05
673201,9.87E-06
673202,1.58E-05
673203,1.14E-05
673301,1.34E-05
673302,2.48E-05
673303,2.72E-05
673401,8.40E-06
673402,1.98E-05
673500,2.03E-05
673600,2.58E-05
673700,3.42E-05
673800,3.32E-05
673900,1.83E-05
674000,1.63E-05
674100,1.63E-05
674200,2.77E-05
674300,1.68E-05
674400,1.48E-06
674500,2.97E-06
674600,1.09E-05
674700,1.68E-05
674800,2.97E-06
674900,2.48E-06
675000,1.48E-06
675100,2.85E-05
675200,2.53E-05
675300,4.75E-05
675400,3.42E-05
675500,2.77E-05
675600,2.43E-05
675700,3.51E-05
675801,9.38E-06
675802,9.38E-06
675803,1.58E-05
675804,2.13E-05
675901,9.87E-06
675902,1.29E-05
675903,1.19E-05
675904,9.38E-06
676000,1.24E-05
676101,1.44E-05
676102,1.34E-05
676103,1.29E-05
676104,1.24E-05
676200,1.63E-05
676301,3.51E-05
676302,1.68E-05
676402,2.97E-05
676403,2.43E-05
676404,3.17E-05
676500,4.51E-05
676602,2.77E-05
676603,2.97E-05
676604,6.93E-06
676605,2.67E-05
676700,3.27E-05
676800,1.19E-05
676900,5.45E-05
677000,3.51E-05
677100,4.26E-05
677200,4.01E-05
677300,3.86E-05
677400,1.58E-05
677501,7.91E-06
677502,1.44E-05
677503,1.24E-05
677504,1.68E-05
677505,9.38E-06
677600,2.97E-05
677700,1.63E-05
677800,3.12E-05
677901,4.40E-05
677902,2.87E-05
677904,2.82E-05
677905,2.77E-05
678001,1.53E-05
678003,1.14E-05
678004,3.42E-05
678100,2.53E-05
678200,3.02E-05
678300,3.82E-05
678400,3.56E-05
678501,3.71E-05
678502,2.48E-05
678601,1.79E-05
678602,6.43E-06
678700,2.92E-05
678801,4.80E-05
678802,6.43E-06
678803,3.42E-05
678900,5.10E-05
679000,2.92E-05
679100,4.56E-05
679200,2.77E-05
679301,5.94E-05
679304,6.09E-05
679306,3.17E-05
679307,3.71E-05
679308,1.29E-05
679309,1.14E-05
679310,7.91E-06
679311,5.94E-06
679400,1.39E-05
679500,1.79E-05
679600,3.42E-05
679700,2.18E-05
679801,3.51E-05
679802,2.82E-05
679804,4.35E-05
679805,2.43E-05
679806,3.22E-05
679807,3.46E-05
679808,2.58E-05
679809,4.95E-05
679810,3.56E-05
679811,3.71E-05
679812,0
679813,1.79E-05
679814,6.43E-06
679900,4.40E-05
680001,2.48E-05
680002,3.96E-06
680100,3.82E-05
680200,4.51E-05
680300,4.31E-05
680401,9.87E-06
680402,1.24E-05
680403,1.44E-05
680404,1.34E-05
680501,1.68E-05
680502,3.91E-05
680503,1.79E-05
680601,3.51E-05
680602,4.61E-05
680705,4.95E-05
680706,4.56E-05
680708,2.37E-05
680709,9.87E-07
680711,4.45E-06
680712,5.94E-06
680713,8.89E-06
680714,1.04E-05
680715,1.58E-05
680716,1.24E-05
680717,9.38E-06
680718,1.48E-05
680719,1.24E-05
680720,1.14E-05
680721,9.38E-06
680722,1.04E-05
680723,1.39E-05
680724,1.04E-05
680725,1.04E-05
680726,6.93E-06
680727,2.53E-05
680728,8.89E-06
680801,5.20E-05
680804,4.45E-06
680805,1.14E-05
680806,1.58E-05
680807,1.68E-05
680808,1.24E-05
680809,1.19E-05
680810,1.09E-05
680900,1.83E-05
681000,2.72E-05
681101,3.51E-05
681103,2.87E-05
681104,2.32E-05
681105,1.19E-05
681203,1.48E-05
681207,6.93E-06
681208,1.04E-05
681209,6.43E-06
681210,2.13E-05
681211,4.95E-07
681212,7.42E-06
681213,8.40E-06
681214,1.93E-05
681215,1.88E-05
681216,3.96E-06
681217,1.29E-05
681218,1.14E-05
681219,7.91E-06
681220,1.19E-05
681303,3.22E-05
681304,0
681308,0
681309,5.45E-05
681310,2.48E-05
681311,3.76E-05
681312,2.03E-05
681317,4.21E-05
681318,2.87E-05
681319,6.64E-05
681320,1.68E-05
681321,2.37E-05
681323,1.34E-05
681324,3.02E-05
681325,2.37E-05
681326,2.37E-05
681327,3.86E-05
681328,1.58E-05
681329,3.02E-05
681330,2.13E-05
681331,8.89E-06
681332,1.44E-05
681333,1.19E-05
681334,1.98E-05
681335,2.13E-05
681336,8.89E-06
681337,3.17E-05
681338,2.77E-05
681400,1.88E-05
681500,4.11E-05
681600,3.71E-05
681700,3.37E-05
681800,2.08E-05
681900,3.12E-05
682000,1.98E-05
682100,2.92E-05
682200,2.08E-05
682301,3.37E-05
682302,5.94E-06
682400,3.46E-05
682500,2.77E-05
682600,3.17E-05
682700,2.37E-05
682800,3.86E-05
682900,4.01E-05
683000,3.32E-05
683100,1.79E-05
683200,2.13E-05
683300,4.45E-05
683400,2.18E-05
683500,4.31E-05
683600,2.58E-05
683700,9.87E-06
683800,1.68E-05
683900,2.82E-05
684000,1.29E-05
684100,1.98E-05
684200,1.44E-05
684300,2.53E-05
684400,2.23E-05
684500,1.88E-05
684601,1.53E-05
684602,1.63E-05
684701,8.40E-06
684702,6.93E-06
684800,2.08E-05
684900,2.03E-05
685000,3.61E-05
685100,3.02E-05
685200,3.07E-05
685300,2.32E-05
685400,2.08E-05
685500,1.68E-05
685600,2.03E-05
685700,1.93E-05
685800,2.08E-05
685900,1.14E-05
686000,3.07E-05
686100,3.02E-05
686200,2.43E-05
686300,2.58E-05
686400,4.70E-05
686501,1.93E-05
686502,1.58E-05
686600,4.06E-05
686700,3.76E-05
686800,3.56E-05
686900,2.18E-05
687001,5.06E-05
687002,6.93E-06
687003,1.19E-05
687004,9.38E-06
687005,1.98E-06
687101,1.63E-05
687102,3.82E-05
687200,1.79E-05
687300,1.48E-05
687401,7.42E-06
687402,5.45E-06
687500,1.74E-05
687600,2.92E-05
687700,3.61E-05
687801,4.11E-05
687802,5.45E-06
687900,2.62E-05
688000,2.82E-05
688101,4.51E-05
688102,1.63E-05
688200,2.62E-05
688300,2.53E-05
688400,3.02E-05
688500,1.29E-05
688600,2.48E-05
688700,1.83E-05
688800,2.87E-05
688900,1.79E-05
689000,2.23E-05
689100,1.58E-05
689200,1.58E-05
689300,3.51E-05
689400,3.27E-05
689500,1.88E-05
689600,1.68E-05
689700,2.82E-05
689800,2.62E-05
689900,2.18E-05
690000,3.32E-05
690100,3.56E-05
690200,2.67E-05
690300,3.32E-05
690400,1.79E-05
690500,4.21E-05
690600,2.53E-05
690700,4.21E-05
690800,1.63E-05
690900,2.53E-05
691000,2.13E-05
691101,7.91E-06
691102,1.14E-05
691103,9.87E-06
691104,9.38E-06
691201,1.14E-05
691202,9.87E-06
691203,1.63E-05
691300,3.27E-05
691400,2.67E-05
691500,2.48E-05
691600,2.27E-05
691700,1.48E-05
691800,1.88E-05
691900,2.77E-05
692000,1.98E-05
692100,1.04E-05
692201,1.19E-05
692202,1.14E-05
692301,2.27E-05
692302,2.03E-05
692400,2.62E-05
692500,1.19E-05
692600,3.07E-05
692700,2.08E-05
692801,5.94E-06
692802,1.29E-05
692803,1.09E-05
692804,7.42E-06
692805,6.93E-06
692900,3.17E-05
693001,1.44E-05
693002,1.34E-05
693003,9.87E-06
693004,9.38E-06
693100,1.83E-05
693200,1.88E-05
693300,2.43E-05
693400,2.43E-05
693500,2.97E-05
693600,4.11E-05
693700,2.13E-05
693801,1.34E-05
693802,1.48E-05
693803,1.48E-05
693900,2.23E-05
694000,2.03E-05
694100,3.42E-05
694200,1.44E-05
694300,2.18E-05
694400,2.82E-05
694501,3.66E-05
694502,3.17E-05
694503,3.96E-06
694600,1.44E-05
694700,1.83E-05
694800,3.82E-05
694900,1.29E-05
695001,3.71E-05
695002,3.86E-05
695101,2.97E-06
695102,1.48E-05
695200,3.07E-05
695300,9.87E-06
695400,2.53E-05
695500,2.48E-05
695600,2.77E-05
695700,2.03E-05
695800,6.10E-05
695900,2.32E-05
696000,2.62E-05
696101,2.60E-05
696102,2.82E-05
696200,1.04E-05
696301,3.27E-05
696302,3.96E-06
696400,2.58E-05
696500,2.48E-05
696600,1.24E-05
696701,2.97E-06
696702,1.68E-05
696801,0
696804,2.72E-05
696805,1.79E-05
696806,1.98E-05
696807,1.44E-05
696808,1.34E-05
696809,2.18E-05
696900,0
697000,4.95E-06
697100,0
697200,2.53E-05
697300,3.37E-05
697400,1.34E-05
697500,2.58E-05
697600,2.67E-05
697700,2.92E-05
697800,3.42E-05
697900,2.53E-05
698000,1.98E-05
698100,3.02E-05
698200,2.77E-05
698300,2.13E-05
698400,1.24E-05
698500,6.93E-06
698600,2.23E-05
698700,2.23E-05
698800,1.98E-05
698900,1.79E-05
699000,1.79E-05
699100,2.58E-05
699200,1.88E-05
699300,1.58E-05
699400,1.58E-05
699500,1.24E-05
699600,1.83E-05
699700,1.24E-05
699800,1.34E-05
699900,1.39E-05
700000,1.29E-05
700100,9.87E-06
700200,7.42E-06
700300,1.68E-05
700400,1.98E-05
700500,1.98E-05
700601,4.75E-05
700602,2.37E-05
700700,9.87E-07
700800,2.18E-05
700900,3.17E-05
701000,2.32E-05
701100,1.04E-05
701201,6.93E-06
701202,7.42E-06
701300,1.34E-05
701400,2.77E-05
701500,1.09E-05
701600,2.43E-05
701700,3.27E-05
701800,3.17E-05
701900,4.40E-05
702000,2.03E-05
702100,1.34E-05
702201,5.45E-06
702202,2.97E-06
702300,1.34E-05
702401,3.96E-06
702402,2.13E-05
702500,4.01E-05
702600,1.68E-05
702700,1.88E-05
702800,1.79E-05
702900,2.03E-05
703000,2.37E-05
703100,2.62E-05
703200,1.74E-05
703300,1.98E-05
703400,2.18E-05
703500,1.68E-05
703600,2.67E-05
703700,3.07E-05
703800,3.32E-05
703900,1.88E-05
704000,1.48E-05
704100,1.83E-05
704200,9.87E-06
704300,1.83E-05
704400,2.23E-05
704501,6.93E-06
704502,1.19E-05
704600,1.44E-05
704700,1.39E-05
704800,1.63E-05
704900,1.44E-05
705000,1.48E-05
705100,2.23E-05
705200,1.83E-05
705300,2.62E-05
705400,1.74E-05
705500,1.63E-05
705600,2.03E-05
705700,1.48E-05
705800,1.74E-05
705900,1.48E-05
706000,1.79E-05
706100,2.62E-05
706201,6.43E-06
706202,1.14E-05
706300,2.87E-05
706400,2.08E-05
706500,1.68E-05
706600,2.13E-05
706700,3.51E-05
706800,1.88E-05
706900,4.95E-05
707000,2.62E-05
707100,1.04E-05
707200,2.77E-05
707300,3.02E-05
707400,2.27E-05
707500,1.34E-05
707600,2.08E-05
707700,1.58E-05
707800,2.48E-05
707900,1.19E-05
708000,2.18E-05
708100,2.37E-05
708200,4.21E-05
708300,1.58E-05
708400,1.48E-05
708500,2.82E-05
708600,2.62E-05
708700,2.03E-05
708800,1.58E-05
708900,1.63E-05
709000,2.58E-05
709100,1.79E-05
709200,2.03E-05
709300,4.16E-05
709400,2.87E-05
709500,2.58E-05
709600,1.58E-05
709700,1.88E-05
709800,1.53E-05
709900,2.32E-05
710000,1.58E-05
710100,3.17E-05
710200,2.18E-05
710300,2.18E-05
710400,2.32E-05
710510,4.35E-05
710511,7.91E-06
710512,3.96E-05
710515,2.03E-05
710516,1.68E-05
710517,2.18E-05
710518,1.34E-05
710519,4.26E-05
710520,1.14E-05
710521,3.61E-05
710522,6.20E-05
710523,1.83E-05
710524,2.18E-05
710525,2.18E-05
710526,3.12E-05
710527,0
710528,2.82E-05
710529,6.93E-06
710530,2.72E-05
710531,1.39E-05
710532,1.29E-05
710533,1.63E-05
710534,6.43E-06
710601,4.35E-05
710602,3.96E-05
710700,2.92E-05
710801,2.67E-05
710803,1.29E-05
710804,2.92E-05
710902,3.96E-06
710903,2.77E-05
710904,1.39E-05
710905,3.02E-05
711005,2.97E-05
711007,3.61E-05
711008,1.93E-05
711009,3.86E-05
711010,4.35E-05
711014,5.15E-05
711015,3.27E-05
711018,4.31E-05
711019,3.12E-05
711020,2.87E-05
711021,4.16E-05
711022,3.32E-05
711023,0
711024,2.92E-05
711025,2.62E-05
711026,3.51E-05
711027,4.01E-05
711028,8.89E-06
711029,2.62E-05
711030,3.12E-05
711031,2.58E-05
711032,9.38E-06
711033,1.48E-05
711034,1.74E-05
711035,1.79E-05
711114,3.17E-05
711117,1.79E-05
711122,3.22E-05
711129,3.22E-05
711131,2.32E-05
711133,3.42E-05
711137,3.02E-05
711138,4.51E-05
711139,4.94E-05
711141,1.19E-05
711144,1.19E-05
711145,2.58E-05
711147,3.12E-05
711148,1.14E-05
711149,2.97E-05
711151,3.22E-05
711152,1.98E-05
711153,2.77E-05
711154,2.27E-05
711155,1.98E-05
711156,2.58E-05
711157,1.48E-05
711158,1.98E-05
711159,2.43E-05
711160,2.58E-05
711161,1.88E-05
711162,1.79E-05
711163,1.24E-05
711164,1.83E-05
711165,9.38E-06
711166,1.19E-05
711167,1.14E-05
711168,1.44E-05
711169,2.67E-05
711170,1.68E-05
711171,1.14E-05
711172,2.87E-05
711173,2.92E-05
711174,2.13E-05
711175,3.12E-05
711176,2.92E-05
711177,3.02E-05
711178,1.29E-05
711179,3.47E-06
711180,6.93E-06
711181,6.93E-06
711182,7.42E-06
711183,1.04E-05
711184,1.04E-05
711185,4.95E-06
711186,1.29E-05
711187,1.04E-05
711188,1.44E-05
711189,8.89E-06
711190,1.29E-05
711191,1.24E-05
711192,1.58E-05
711193,1.29E-05
711194,9.38E-06
711195,1.74E-05
711196,1.14E-05
711197,1.74E-05
711200,0
711301,0
711302,0
711402,4.31E-05
711403,4.21E-05
711404,1.48E-06
711405,4.95E-07
711406,4.21E-05
711408,3.32E-05
711410,1.74E-05
711411,1.83E-05
711412,2.48E-05
711413,2.48E-05
711414,2.67E-05
711500,9.87E-07
711600,2.74E-05
711701,0
711702,4.95E-07
711703,0.000144549
711704,3.61E-05
711705,3.61E-05
711706,2.77E-05
711709,0
711715,1.09E-05
711716,0
711717,1.34E-05
711718,2.48E-05
711719,9.87E-06
711720,2.18E-05
711721,8.40E-06
711722,1.34E-05
711723,2.48E-05
711724,1.53E-05
711725,2.67E-05
711727,4.95E-05
711728,3.02E-05
711729,3.42E-05
711730,2.18E-05
711731,3.96E-05
711732,1.98E-05
711733,1.53E-05
711734,1.68E-05
711735,1.79E-05
711736,2.77E-05
711737,2.58E-05
711738,1.39E-05
711739,1.98E-05
711740,2.32E-05
711741,1.24E-05
711742,1.29E-05
711743,4.11E-05
711801,9.87E-07
711804,3.07E-05
711805,3.96E-05
711806,4.11E-05
711807,3.27E-05
711808,2.43E-05
711809,0
711810,1.14E-05
711811,4.95E-07
711812,5.54E-05
711813,3.37E-05
711814,3.61E-05
711815,3.66E-05
711816,3.37E-05
711817,2.53E-05
711818,2.53E-05
711819,3.07E-05
711901,0
711902,0
711904,2.27E-05
711905,3.37E-05
711906,1.39E-05
711907,3.51E-05
711908,3.02E-05
711909,5.05E-05
711910,2.23E-05
711911,4.80E-05
711912,1.04E-05
712001,2.23E-05
712002,4.40E-05
712005,2.43E-05
712006,3.17E-05
712007,3.27E-05
712008,3.46E-05
712009,3.27E-05
712010,2.82E-05
712011,1.88E-05
712012,3.61E-05
712013,3.56E-05
712014,1.68E-05
712015,3.02E-05
712016,2.77E-05
712017,2.72E-05
712019,3.51E-05
712020,3.42E-05
712021,2.43E-05
712022,2.58E-05
712025,3.46E-05
712026,5.89E-05
712027,2.13E-05
712028,2.43E-05
712029,2.72E-05
712030,1.58E-05
712031,7.14E-05
712032,2.37E-05
712033,3.76E-05
712034,2.67E-05
712035,8.89E-06
712036,1.88E-05
712037,2.18E-05
712038,1.39E-05
712039,2.53E-05
712101,4.21E-05
712102,2.67E-05
712104,2.18E-05
712105,3.37E-05
712106,3.66E-05
712107,2.82E-05
712108,4.40E-05
712110,3.51E-05
712111,1.04E-05
712112,2.08E-05
712113,3.82E-05
712114,4.31E-05
712118,3.17E-05
712119,1.74E-05
712120,2.53E-05
712121,0.0001519
712122,8.89E-05
712123,1.63E-05
712124,2.62E-05
712125,2.23E-05
712126,1.93E-05
712127,1.39E-05
712128,1.63E-05
712129,1.04E-05
712130,1.93E-05
712131,1.44E-05
712132,1.79E-05
712133,1.34E-05
712134,7.42E-06
712135,2.37E-05
712136,2.27E-05
712201,3.61E-05
712203,0.000111385
712204,0
712205,1.14E-05
712206,2.03E-05
712207,9.87E-06
712208,1.29E-05
712209,2.03E-05
712210,1.63E-05
712211,1.63E-05
712212,1.48E-05
712213,1.53E-05
712214,1.98E-05
712215,1.09E-05
712216,1.83E-05
712217,1.14E-05
712218,1.88E-05
712219,2.27E-05
712220,8.40E-06
712221,1.14E-05
712222,1.19E-05
712223,9.87E-06
712224,1.39E-05
712225,1.98E-05
712226,2.37E-05
712227,3.47E-06
712228,2.08E-05
712229,1.63E-05
712230,9.38E-06
712231,1.39E-05
712232,1.88E-05
712302,2.48E-06
712303,0
712304,2.48E-05
712305,0
712401,0.0001197
712402,2.08E-05
712403,3.61E-05
712404,2.72E-05
712405,5.74E-05
712500,0.0003136
712600,5.49E-05
712701,1.48E-05
712702,3.47E-06
712801,2.65E-05
712802,0
712803,4.85E-05
712804,2.87E-05
712805,2.13E-05
712806,4.06E-05
712807,3.12E-05
712808,5.05E-05
712809,5.00E-05
712902,5.94E-05
712903,1.83E-05
712904,3.76E-05
712905,1.83E-05
713003,3.17E-05
713005,2.03E-05
713006,1.79E-05
713007,3.17E-05
713009,2.58E-05
713010,4.11E-05
713011,3.46E-05
713012,1.74E-05
713013,3.32E-05
713014,3.71E-05
713015,3.66E-05
713016,1.79E-05
713017,9.38E-06
713018,2.23E-05
713019,3.66E-05
713100,0.0001715
713201,6.24E-05
713202,5.05E-05
713203,1.19E-05
713204,2.08E-05
713205,2.08E-05
713206,4.95E-05
713207,2.67E-05
713208,4.21E-05
713209,4.06E-05
713210,2.67E-05
713211,3.86E-05
713300,3.47E-06
713400,1.58E-05
713501,6.43E-06
713502,3.96E-06
713600,1.68E-05
713700,1.83E-05
713800,1.88E-05
713900,1.39E-05
714000,1.39E-05
714100,2.67E-05
714200,1.39E-05
714300,3.02E-05
714400,3.46E-05
714500,2.43E-05
714600,1.74E-05
714700,2.53E-05
714802,3.96E-05
714803,1.04E-05
714804,1.29E-05
714805,1.09E-05
714806,2.37E-05
714900,1.93E-05
715000,3.22E-05
715100,1.63E-05
715200,1.04E-05
715300,2.13E-05
715400,3.17E-05
715504,3.07E-05
715505,4.51E-05
715506,2.77E-05
715507,3.37E-05
715509,2.08E-05
715510,2.67E-05
715511,1.74E-05
715512,9.87E-06
715513,1.14E-05
715514,9.87E-06
715605,2.43E-05
715606,4.16E-05
715607,3.56E-05
715608,3.37E-05
715609,4.85E-05
715610,2.87E-05
715611,2.62E-05
715612,1.74E-05
715613,2.72E-05
715614,2.48E-06
715615,1.19E-05
715616,2.82E-05
715617,1.83E-05
715618,9.87E-06
715619,1.29E-05
715620,9.38E-06
715701,1.83E-05
715703,4.21E-05
715704,3.12E-05
715801,4.85E-05
715802,2.58E-05
715803,2.32E-05
715804,4.95E-05
715805,2.53E-05
715904,5.20E-05
715906,5.40E-05
715907,2.87E-05
715909,6.93E-06
715910,1.04E-05
715911,4.45E-05
715912,3.51E-05
715913,2.77E-05
715914,1.53E-05
715915,9.87E-06
715916,6.43E-06
715917,1.58E-05
716007,1.39E-05
716008,8.89E-06
716009,1.53E-05
716010,2.03E-05
716011,9.87E-06
716012,7.42E-06
716013,1.09E-05
716014,6.93E-06
716015,1.29E-05
716016,1.53E-05
716017,1.34E-05
716018,7.42E-06
716019,1.09E-05
716020,2.97E-06
716101,1.34E-05
716102,1.48E-05
716103,1.39E-05
716104,1.58E-05
716105,7.42E-06
716106,9.87E-06
716202,9.59E-05
716203,5.35E-05
716204,1.58E-05
716205,9.87E-06
716206,1.48E-05
716300,1.79E-05
716401,3.71E-05
716402,1.98E-06
716500,1.29E-05
716601,1.44E-05
716602,1.39E-05
716603,1.04E-05
716604,3.79E-05
716605,9.87E-07
716700,5.45E-06
716800,4.95E-07
716900,3.47E-06
717000,0
717100,4.95E-07
717201,4.95E-06
717202,3.86E-05
717300,2.58E-05
717400,2.87E-05
717501,1.68E-05
717502,1.48E-05
717503,1.04E-05
717504,1.74E-05
717505,1.88E-05
717506,9.87E-07
717600,1.29E-05
717701,2.03E-05
717704,1.53E-05
717705,1.04E-05
717706,1.29E-05
717707,2.23E-05
717708,2.58E-05
717802,3.22E-05
717803,4.45E-05
717804,2.18E-05
717805,2.43E-05
717902,2.13E-05
717903,2.48E-06
717905,1.19E-05
717906,1.63E-05
717907,1.04E-05
718003,9.87E-07
718004,1.14E-05
718005,2.13E-05
718006,2.03E-05
718007,1.14E-05
718008,9.38E-06
718100,2.48E-05
718201,1.98E-05
718202,2.87E-05
718203,2.72E-05
718300,2.97E-06
718401,3.22E-05
718402,4.90E-05
718501,5.94E-06
718502,1.63E-05
718503,1.19E-05
718504,1.53E-05
718505,1.19E-05
718506,8.40E-06
718507,4.45E-06
718508,8.40E-06
718509,1.09E-05
718510,1.14E-05
718511,9.87E-06
718601,9.87E-07
718602,1.34E-05
718603,1.44E-05
718604,1.48E-05
718605,9.87E-06
718606,6.43E-06
718607,6.43E-06
718608,4.95E-06
718700,2.72E-05
718800,2.72E-05
718900,0.000176009
719000,0
719101,6.43E-06
719102,1.44E-05
719103,1.48E-05
719104,1.09E-05
719105,1.04E-05
719106,1.29E-05
719201,2.77E-05
719203,1.24E-05
719204,2.03E-05
719205,2.27E-05
719301,4.66E-05
719302,2.82E-05
719303,2.67E-05
719304,4.66E-05
719400,0.0001113
719500,2.82E-05
719600,3.71E-05
719701,2.27E-05
719702,1.63E-05
719703,1.53E-05
719801,3.91E-05
719802,1.39E-05
719901,2.77E-05
719902,1.44E-05
719903,1.93E-05
719904,1.34E-05
719905,2.18E-05
720000,8.61E-05
720100,3.47E-06
720200,4.45E-06
720300,3.96E-05
720401,1.14E-05
720402,3.22E-05
720500,0
720600,3.51E-05
720700,3.66E-05
720800,2.72E-05
720900,4.21E-05
721000,1.93E-05
721100,1.74E-05
721200,2.62E-05
721300,2.08E-05
721400,2.48E-05
721500,2.32E-05
721600,1.63E-05
721700,1.98E-05
721800,2.08E-05
721900,2.48E-05
722000,1.98E-05
722100,2.23E-05
722201,9.38E-06
722202,1.24E-05
722203,1.63E-05
722204,7.42E-06
722301,2.37E-05
722302,8.40E-06
722400,3.86E-05
722501,1.58E-05
722502,8.89E-06
722600,2.53E-05
722700,3.17E-05
722800,1.39E-05
722900,1.39E-05
723000,2.67E-05
723100,2.48E-05
723201,1.58E-05
723202,2.27E-05
723203,2.87E-05
723300,3.86E-05
723400,2.58E-05
723500,8.40E-06
723600,4.16E-05
723701,1.88E-05
723702,2.67E-05
723800,3.96E-06
723900,1.44E-05
724000,6.59E-05
724101,2.18E-05
724102,0.000132653
724200,3.51E-05
724300,3.07E-05
724401,2.03E-05
724402,1.04E-05
724500,1.19E-05
724600,3.61E-05
724700,2.48E-05
724800,2.58E-05
724900,2.87E-05
725000,1.83E-05
725100,3.22E-05
725200,2.53E-05
725300,2.48E-06
725400,2.03E-05
725500,1.68E-05
725601,4.51E-05
725602,1.24E-05
725700,1.39E-05
725800,2.43E-05
725900,3.76E-05
726000,1.98E-06
726101,0
726102,0
726200,3.27E-05
726300,1.09E-05
726400,0.000190359
726500,3.86E-05
726600,0
726700,0
726800,1.98E-06
726900,4.11E-05
727000,4.95E-06
727100,4.45E-06
727200,2.75E-05
727300,0
727400,4.66E-05
727500,3.66E-05
727600,8.89E-06
727700,4.95E-07
727800,4.95E-07
727901,1.24E-05
727902,2.43E-05
727903,1.58E-05
728001,2.23E-05
728002,2.67E-05
728101,1.93E-05
728102,1.34E-05
728200,2.62E-05
728300,2.03E-05
728400,2.48E-05
728500,1.48E-06
728605,6.43E-06
728606,1.98E-05
728607,2.32E-05
728608,4.95E-05
728609,2.23E-05
728610,2.62E-05
728611,3.76E-05
728612,3.66E-05
728613,4.16E-05
728614,2.82E-05
728615,2.03E-05
728616,2.27E-05
728617,2.62E-05
728618,2.92E-05
728619,2.32E-05
728620,3.51E-05
728621,9.87E-06
728622,1.04E-05
728623,1.24E-05
728624,9.38E-06
728625,1.48E-05
728626,1.24E-05
728627,4.95E-07
728700,5.54E-05
728801,1.58E-05
728802,7.42E-06
728803,1.53E-05
728804,1.74E-05
728805,9.38E-06
728806,1.48E-05
728807,2.67E-05
728808,1.34E-05
728809,1.63E-05
728810,1.83E-05
728811,1.29E-05
728812,2.48E-06
728900,4.95E-07
729000,2.48E-05
729100,2.13E-05
729200,2.32E-05
729300,4.56E-05
729400,6.43E-06
729500,2.32E-05
729600,2.03E-05
729700,0
729800,9.45E-05
729901,5.45E-05
729902,7.77E-05
729903,3.51E-05
730001,5.99E-05
730002,8.19E-05
730100,3.91E-05
730200,3.61E-05
730301,1.34E-05
730302,1.48E-05
730303,1.24E-05
730401,1.63E-05
730402,1.39E-05
730403,1.04E-05
730500,3.37E-05
730601,2.97E-06
730602,1.19E-05
730701,3.51E-05
730702,3.27E-05
730704,3.32E-05
730706,5.49E-05
730707,3.32E-05
730708,4.92E-05
730709,2.77E-05
730710,1.88E-05
730711,1.48E-05
730712,1.39E-05
730713,2.27E-05
730714,1.58E-05
730715,1.09E-05
730716,1.63E-05
730717,1.58E-05
730718,1.48E-05
730719,2.18E-05
730720,1.39E-05
730800,7.21E-05
730900,3.22E-05
731000,1.68E-05
731103,2.97E-05
731104,4.01E-05
731105,3.22E-05
731106,3.32E-05
731200,2.48E-05
731300,1.74E-05
731400,1.68E-05
731500,3.61E-05
731600,3.27E-05
731700,2.13E-05
731800,1.63E-05
731900,2.18E-05
732001,6.43E-06
732002,1.14E-05
732100,2.13E-05
732200,2.97E-05
732300,2.08E-05
732400,3.96E-05
732500,1.63E-05
732601,2.87E-05
732602,3.17E-05
732603,2.23E-05
732700,2.23E-05
732801,3.12E-05
732802,1.63E-05
732901,2.23E-05
732902,2.23E-05
732903,2.37E-05
733000,4.35E-05
733100,4.56E-05
733201,2.23E-05
733202,2.43E-05
733300,4.11E-05
733400,2.43E-05
733501,2.82E-05
733502,2.23E-05
733600,3.42E-05
733700,4.21E-05
733800,4.61E-05
733900,4.06E-05
734005,1.14E-05
734006,2.23E-05
734007,2.03E-05
734008,1.68E-05
734009,2.62E-05
734010,2.32E-05
734101,4.40E-05
734102,4.45E-05
734201,5.84E-05
734202,1.98E-05
734300,3.02E-05
734400,4.11E-05
734501,1.39E-05
734502,2.87E-05
734601,1.48E-05
734602,3.07E-05
734603,1.79E-05
734701,1.63E-05
734702,3.07E-05
734703,1.74E-05
734800,4.06E-05
734901,5.15E-05
734902,5.45E-06
735000,2.23E-05
735100,9.87E-06
735200,6.59E-05
735300,4.90E-05
735400,3.56E-05
735500,3.37E-05
735600,8.89E-06
735700,3.07E-05
735800,1.83E-05
735900,2.27E-05
736000,3.02E-05
736101,4.80E-05
736102,1.44E-05
736200,3.42E-05
736300,2.13E-05
736400,2.32E-05
736501,1.98E-05
736502,2.53E-05
736601,2.53E-05
736602,1.19E-05
736701,2.87E-05
736702,2.53E-05
736800,3.66E-05
736900,1.48E-06
737000,5.54E-05
737102,4.75E-05
737103,4.61E-05
737104,1.19E-05
737105,2.03E-05
737106,2.37E-05
737200,2.92E-05
737301,3.66E-05
737302,2.27E-05
737400,9.38E-06
737500,5.35E-05
737600,3.51E-05
737700,2.32E-05
737801,2.18E-05
737802,1.34E-05
737901,1.83E-05
737902,1.34E-05
738000,2.18E-05
738101,1.48E-05
738102,8.89E-06
738200,2.58E-05
738300,3.07E-05
738401,2.08E-05
738402,8.89E-06
738500,4.06E-05
738600,6.20E-05
738700,3.17E-05
738800,1.34E-05
738901,1.44E-05
738902,7.91E-06
739000,2.77E-05
739100,2.92E-05
739200,1.88E-05
739300,1.74E-05
739400,2.92E-05
739500,1.63E-05
739600,2.37E-05
739700,2.87E-05
739801,2.53E-05
739802,0.000148959
739901,2.48E-05
739902,3.17E-05
740000,4.45E-05
740100,4.26E-05
740200,7.04E-05
740300,5.45E-05
740400,6.91E-05
740500,4.51E-05
740600,2.87E-05
740700,3.91E-05
740800,2.67E-05
740901,1.63E-05
740902,1.68E-05
740903,7.42E-06
741001,9.38E-06
741002,1.53E-05
741003,1.53E-05
741101,1.98E-05
741102,1.44E-05
741201,9.38E-06
741202,2.92E-05
741301,2.18E-05
741302,3.07E-05
741401,1.63E-05
741402,1.53E-05
741403,1.44E-05
741500,2.13E-05
741601,9.38E-06
741602,1.44E-05
741700,2.18E-05
741800,1.04E-05
741900,2.77E-05
742000,2.82E-05
742101,2.13E-05
742102,3.76E-05
742201,3.07E-05
742202,2.23E-05
742300,2.43E-05
742400,3.66E-05
742500,2.37E-05
742600,1.58E-05
742700,2.62E-05
742800,2.23E-05
742900,1.14E-05
743000,4.06E-05
743100,3.46E-05
743200,5.69E-05
743300,2.53E-05
743400,1.68E-05
743500,5.69E-05
743600,5.15E-05
743700,2.13E-05
743800,2.48E-05
743900,4.31E-05
744000,2.48E-05
744100,1.48E-05
744200,2.72E-05
744300,1.44E-05
744400,1.98E-05
744500,2.53E-05
744600,2.43E-05
744700,1.79E-05
744800,2.43E-05
744900,2.82E-05
745000,3.37E-05
745100,2.37E-05
745200,2.82E-05
745300,4.01E-05
745400,3.86E-05
745500,3.86E-05
745600,1.79E-05
745700,1.58E-05
745800,2.92E-05
745900,2.67E-05
746000,2.37E-05
746100,3.46E-05
746200,2.37E-05
746301,4.85E-05
746308,4.95E-05
746309,5.15E-05
746310,4.40E-05
746311,1.58E-05
746312,6.83E-05
746313,4.35E-05
746314,3.96E-06
746315,2.62E-05
746316,3.86E-05
746317,1.83E-05
746318,2.37E-05
746319,1.88E-05
746320,2.48E-05
746321,2.27E-05
746322,1.19E-05
746400,0
746500,3.37E-05
746601,1.04E-05
746602,1.83E-05
746700,2.48E-05
746800,1.74E-05
746900,2.32E-05
747000,2.37E-05
747100,2.92E-05
747200,2.87E-05
747300,2.67E-05
747401,1.48E-05
747402,3.96E-06
747500,2.53E-05
747601,1.68E-05
747602,3.96E-06
747700,2.53E-05
747801,1.24E-05
747802,6.93E-06
747803,1.34E-05
747804,1.44E-05
747900,6.73E-05
748000,3.71E-05
748100,2.77E-05
748200,1.53E-05
748301,1.44E-05
748302,5.94E-06
748400,1.68E-05
748500,4.95E-06
748600,3.82E-05
748700,1.68E-05
748800,3.51E-05
748900,3.07E-05
749001,2.48E-06
749002,4.06E-05
749100,3.63E-05
749200,1.14E-05
749300,0
749400,0
749500,0
749600,0
749700,0
749800,4.95E-07
749900,0
750000,2.53E-05
750100,0
750200,1.74E-05
750300,3.51E-05
750400,4.31E-05
750500,3.12E-05
750600,2.72E-05
750700,5.05E-05
750800,5.59E-05
750900,2.82E-05
751000,2.77E-05
751100,3.46E-05
751200,4.16E-05
751300,3.37E-05
751400,9.38E-06
751500,2.92E-05
751600,0
751700,0
751800,3.27E-05
751900,2.77E-05
752000,4.80E-05
752100,2.58E-05
752201,4.95E-06
752202,1.24E-05
752300,5.05E-05
752400,3.27E-05
752500,1.29E-05
752601,4.95E-06
752602,1.88E-05
752700,2.82E-05
752801,3.47E-06
752802,2.08E-05
752900,3.27E-05
753000,1.68E-05
753100,1.98E-05
753201,1.29E-05
753202,2.58E-05
753302,1.24E-05
753303,1.39E-05
753304,5.45E-06
753401,1.98E-05
753402,3.96E-06
753500,3.02E-05
753600,3.51E-05
753700,2.48E-05
753800,3.02E-05
753900,5.30E-05
754000,9.87E-07
754100,1.44E-05
754200,3.32E-05
754300,2.72E-05
754400,1.68E-05
754500,2.18E-05
754600,2.58E-05
754700,1.63E-05
754800,1.74E-05
754900,3.42E-05
755000,1.58E-05
755100,2.43E-05
755200,1.58E-05
755300,2.32E-05
755400,3.17E-05
755500,3.12E-05
755600,2.82E-05
755700,2.48E-05
755800,1.74E-05
755900,3.07E-05
756000,3.56E-05
756100,2.48E-05
756200,2.27E-05
756300,2.03E-05
756400,1.74E-05
756500,1.63E-05
756600,3.96E-05
756700,2.43E-05
756800,1.53E-05
756901,1.74E-05
756902,7.91E-06
757001,1.14E-05
757002,1.19E-05
757003,4.95E-06
757100,2.23E-05
757200,2.37E-05
757300,8.89E-06
757400,3.66E-05
757500,4.01E-05
757601,6.43E-06
757602,1.63E-05
757700,5.10E-05
757800,1.58E-05
757900,1.63E-05
758000,1.44E-05
758100,1.79E-05
758200,8.89E-06
758300,2.67E-05
758400,6.69E-05
758500,2.03E-05
758600,3.12E-05
758700,2.97E-05
758800,2.18E-05
758900,2.13E-05
759000,2.37E-05
759100,1.44E-05
759200,1.19E-05
759300,2.18E-05
759400,2.43E-05
759503,2.67E-05
759504,2.67E-05
759505,1.29E-05
759507,1.48E-05
759508,9.38E-06
759509,1.79E-05
759510,1.63E-05
759511,1.74E-05
759512,7.42E-06
759513,8.89E-06
759514,4.16E-05
759515,4.75E-05
759516,1.93E-05
759517,1.53E-05
759518,2.23E-05
759519,1.68E-05
759520,1.58E-05
759521,3.46E-05
759522,2.72E-05
759523,1.68E-05
759524,1.53E-05
759525,1.58E-05
759600,1.04E-05
759702,5.49E-05
759711,4.21E-05
759712,4.95E-05
759713,5.49E-05
759715,5.69E-05
759717,2.77E-05
759719,5.74E-05
759721,1.63E-05
759722,1.63E-05
759723,3.12E-05
759724,2.32E-05
759725,4.06E-05
759727,5.05E-05
759728,4.40E-05
759729,3.51E-05
759730,4.66E-05
759731,1.04E-05
759732,2.32E-05
759733,2.27E-05
759734,2.13E-05
759735,2.97E-05
759736,1.83E-05
759737,1.04E-05
759738,4.06E-05
759739,3.12E-05
759740,1.68E-05
759741,1.98E-05
759742,1.53E-05
759743,1.58E-05
759744,1.14E-05
759745,1.88E-05
759800,1.98E-05
759901,5.89E-05
759902,2.43E-05
759903,1.79E-05
760000,9.38E-06
760113,2.53E-05
760114,4.51E-05
760117,3.46E-05
760119,1.48E-05
760120,2.77E-05
760121,3.07E-05
760122,3.66E-05
760123,6.29E-05
760124,2.72E-05
760125,3.46E-05
760126,3.96E-06
760127,2.87E-05
760128,1.68E-05
760129,2.67E-05
760130,1.24E-05
760131,1.44E-05
760132,2.32E-05
760133,2.43E-05
760134,4.45E-05
760135,3.22E-05
760136,4.26E-05
760137,1.93E-05
760138,5.79E-05
760139,3.86E-05
760140,3.37E-05
760141,4.56E-05
760142,0
760143,9.38E-06
760144,9.87E-06
760145,1.74E-05
760146,1.39E-05
760147,1.93E-05
760148,1.88E-05
760149,1.79E-05
760150,1.88E-05
760151,1.83E-05
760152,9.38E-06
760200,0
760300,4.95E-06
760400,5.15E-05
760500,1.24E-05
760600,4.95E-06
760701,2.48E-06
760702,6.59E-05
760703,3.96E-05
760705,2.23E-05
760706,2.92E-05
760707,2.87E-05
760708,2.72E-05
760801,0
760803,4.31E-05
760804,2.92E-05
760805,5.89E-05
760806,5.49E-05
760807,3.96E-05
760808,2.72E-05
760809,7.84E-05
760810,6.24E-05
760811,5.15E-05
760812,1.29E-05
760902,6.93E-06
760903,3.76E-05
760904,7.28E-05
760905,0
761000,3.22E-05
761100,2.48E-06
761200,1.14E-05
761300,1.24E-05
761400,9.38E-06
761500,1.98E-05
761601,1.44E-05
761602,2.27E-05
761603,3.47E-06
761700,5.45E-06
761800,5.94E-06
761900,2.48E-06
762000,2.18E-05
762100,2.43E-05
762200,1.98E-05
762301,1.14E-05
762302,6.43E-06
762400,1.48E-06
762501,1.14E-05
762502,1.98E-06
762600,7.42E-06
762700,3.02E-05
762800,3.91E-05
762900,1.63E-05
763000,1.88E-05
763100,9.38E-06
763201,6.43E-06
763202,1.04E-05
763300,1.44E-05
763400,7.91E-06
763500,5.94E-06
763600,1.19E-05
763700,1.34E-05
763800,2.82E-05
763900,3.51E-05
764000,1.83E-05
764100,4.12E-05
764201,2.03E-05
764202,0
764300,3.76E-05
764400,2.27E-05
764501,1.48E-06
764502,6.93E-06
764600,0
764700,3.12E-05
764800,1.14E-05
764901,2.32E-05
764902,2.62E-05
765001,8.40E-06
765002,1.24E-05
765003,9.38E-06
765004,0.000151479
765101,0
765102,0
765103,1.09E-05
765104,1.48E-06
765105,2.48E-06
765106,8.40E-06
765107,3.47E-06
765108,5.45E-06
765109,5.94E-06
765110,6.43E-06
765111,3.47E-06
765200,6.93E-06
765300,4.45E-06
765401,3.32E-05
765402,1.79E-05
765403,2.18E-05
765404,1.19E-05
765405,1.04E-05
765406,2.18E-05
765407,2.18E-05
765408,2.62E-05
765409,1.34E-05
765410,0
765500,1.53E-05
765600,5.10E-05
765700,2.48E-06
765800,3.42E-05
765900,1.39E-05
766000,1.53E-05
766100,1.63E-05
766200,1.98E-06
766301,1.09E-05
766302,2.08E-05
766303,1.88E-05
766400,2.87E-05
766500,5.45E-06
766600,1.98E-06
766700,9.52E-05
766800,5.59E-05
766901,2.13E-05
766902,2.37E-05
766903,1.34E-05
766904,1.74E-05
767001,3.71E-05
767002,2.82E-05
767003,3.51E-05
767004,5.30E-05
767100,3.51E-05
767201,4.45E-06
767202,1.04E-05
767203,1.14E-05
767204,1.14E-05
767301,2.48E-05
767302,4.75E-05
767400,9.31E-05
767501,4.21E-05
767502,5.21E-05
767503,1.34E-05
767600,3.66E-05
767701,1.14E-05
767702,8.40E-06
767703,1.44E-05
767704,1.24E-05
767705,0
767803,1.39E-05
767804,1.93E-05
767805,1.48E-05
767806,1.19E-05
767807,1.93E-05
767808,1.98E-06
767809,1.58E-05
767810,1.34E-05
767811,9.38E-06
767812,3.91E-05
767813,1.19E-05
767902,2.48E-05
767903,5.40E-05
767907,3.96E-05
767909,2.13E-05
767910,3.71E-05
767911,2.62E-05
767912,4.26E-05
767913,2.48E-05
767914,2.92E-05
767915,1.74E-05
767916,1.79E-05
767917,1.98E-05
767918,1.39E-05
767919,1.98E-05
767920,2.67E-05
767921,0
767922,2.60E-05
768001,2.82E-05
768002,2.13E-05
768003,2.92E-05
768005,3.82E-05
768006,2.58E-05
768007,3.07E-05
768008,4.31E-05
768009,1.39E-05
768010,3.46E-05
768100,2.82E-05
768200,4.61E-05
768300,2.32E-05
768400,2.13E-05
768500,2.13E-05
768601,5.45E-06
768602,2.82E-05
768603,1.04E-05
768700,2.03E-05
768800,1.48E-05
768900,1.79E-05
769008,2.85E-05
769011,3.27E-05
769012,3.56E-05
769014,2.72E-05
769016,2.37E-05
769017,1.93E-05
769018,2.23E-05
769019,1.63E-05
769020,2.13E-05
769021,2.13E-05
769022,2.58E-05
769023,1.19E-05
769024,1.63E-05
769025,1.63E-05
769026,3.07E-05
769027,1.98E-05
769028,2.32E-05
769029,1.58E-05
769030,1.88E-05
769032,1.58E-05
769034,0.0001001
769035,1.14E-05
769036,1.19E-05
769037,2.27E-05
769038,2.32E-05
769039,2.32E-05
769040,5.05E-05
769041,1.48E-05
769042,1.39E-05
769043,1.53E-05
769044,1.09E-05
769045,2.62E-05
769046,9.38E-06
769047,3.02E-05
769048,3.07E-05
769049,4.95E-06
769050,1.19E-05
769051,1.04E-05
769052,1.48E-06
769053,1.34E-05
769054,1.63E-05
769100,2.08E-05
769200,2.58E-05
769300,3.07E-05
769401,1.34E-05
769402,7.42E-06
769403,1.48E-05
769500,1.29E-05
769600,1.98E-05
769700,1.14E-05
769800,2.48E-05
769900,3.02E-05
770000,1.98E-05
770100,2.27E-05
770200,2.08E-05
770300,1.24E-05
770400,1.79E-05
770500,3.32E-05
770600,1.98E-05
770700,3.51E-05
770800,1.34E-05
770900,2.77E-05
771000,2.18E-05
771100,2.58E-05
771200,2.48E-05
771300,3.22E-05
771400,1.93E-05
771500,2.53E-05
771600,1.83E-05
771700,1.39E-05
771800,1.63E-05
771900,1.68E-05
772000,2.62E-05
772100,1.44E-05
772200,1.19E-05
772300,2.48E-05
772400,1.29E-05
772500,1.68E-05
772601,2.27E-05
772602,3.96E-05
772700,3.02E-05
772802,3.07E-05
772803,1.48E-05
772804,1.79E-05
772805,8.40E-06
772806,1.24E-05
772902,2.97E-06
772903,1.98E-05
772904,3.32E-05
772906,0
772907,1.98E-05
772908,7.42E-06
772909,1.83E-05
773000,2.03E-05
773100,3.32E-05
773200,3.27E-05
773300,2.03E-05
773400,4.31E-05
773501,3.46E-05
773502,3.71E-05
773600,3.42E-05
773701,2.48E-05
773702,2.37E-05
773801,8.40E-05
773804,4.80E-05
773807,4.80E-05
773810,3.42E-05
773812,2.53E-05
773813,3.86E-05
773814,3.71E-05
773815,2.77E-05
773816,2.82E-05
773817,2.37E-05
773818,2.32E-05
773819,1.83E-05
773820,3.51E-05
773901,3.32E-05
773902,3.17E-05
774001,1.98E-05
774002,2.48E-05
774003,1.39E-05
774101,3.27E-05
774102,4.61E-05
774103,1.63E-05
774104,5.20E-05
774105,3.76E-05
774201,2.18E-05
774202,3.27E-05
774204,2.72E-05
774205,3.96E-05
774207,2.37E-05
774208,2.08E-05
774209,1.83E-05
774210,1.44E-05
774211,1.19E-05
774212,2.18E-05
774213,3.96E-06
774214,1.19E-05
774215,5.94E-06
774216,2.13E-05
774301,4.01E-05
774303,2.82E-05
774304,4.21E-05
774305,4.11E-05
774306,2.37E-05
774402,2.92E-05
774403,2.82E-05
774404,3.56E-05
774405,4.11E-05
774406,2.48E-05
774408,4.85E-05
774409,4.40E-05
774410,1.98E-05
774411,1.74E-05
774412,1.63E-05
774419,2.18E-05
774420,3.61E-05
774422,1.88E-05
774423,5.64E-05
774424,4.70E-05
774429,3.22E-05
774430,3.46E-05
774431,5.30E-05
774432,3.66E-05
774433,4.90E-05
774434,5.20E-05
774435,3.37E-05
774436,4.56E-05
774437,3.32E-05
774438,4.11E-05
774439,2.03E-05
774440,3.51E-05
774441,3.02E-05
774442,3.66E-05
774443,3.71E-05
774444,2.97E-05
774445,2.77E-05
774446,4.61E-05
774447,1.83E-05
774448,2.13E-05
774449,2.53E-05
774450,3.37E-05
774451,2.92E-05
774502,3.37E-05
774503,2.13E-05
774504,2.03E-05
774505,2.58E-05
774601,3.12E-05
774602,3.51E-05
774701,4.11E-05
774702,3.37E-05
774801,4.35E-05
774802,2.32E-05
774900,4.01E-05
775000,1.63E-05
775100,2.87E-05
775200,2.03E-05
775300,2.48E-05
775400,3.12E-05
775500,1.83E-05
775600,2.67E-05
775700,4.01E-05
775802,2.37E-05
775803,2.87E-05
775804,3.07E-05
775805,5.89E-05
775806,5.99E-05
775808,3.56E-05
775809,4.16E-05
775812,2.48E-05
775813,3.86E-05
775815,3.12E-05
775816,4.40E-05
775817,1.09E-05
775818,1.83E-05
775819,1.19E-05
775820,1.14E-05
775821,1.29E-05
775822,1.83E-05
775823,8.89E-06
775824,5.45E-06
775901,4.35E-05
775902,1.88E-05
776000,5.10E-05
776101,2.32E-05
776102,5.35E-05
776200,3.17E-05
776301,6.43E-06
776302,1.83E-05
776400,1.93E-05
776500,1.53E-05
776600,1.93E-05
776700,1.98E-05
776800,1.39E-05
776900,1.68E-05
777000,2.37E-05
777100,2.37E-05
777201,3.27E-05
777202,1.79E-05
777300,2.72E-05
777401,2.77E-05
777402,4.51E-05
777502,2.58E-05
777503,4.11E-05
777504,2.23E-05
777601,1.44E-05
777602,1.58E-05
777700,3.51E-05
777800,2.62E-05
777900,3.46E-05
778000,1.98E-05
778100,2.58E-05
778200,2.23E-05
778300,3.12E-05
778400,2.48E-05
778500,3.61E-05
778600,3.42E-05
778700,2.37E-05
778800,3.46E-05
778901,5.94E-06
778902,2.23E-05
779000,2.48E-05
779100,1.44E-05
779200,1.79E-05
779300,4.35E-05
779400,2.48E-05
779500,2.62E-05
779600,4.66E-05
779700,2.87E-05
779800,1.79E-05
779900,2.48E-05
780000,1.63E-05
780100,2.03E-05
780202,3.46E-05
780204,5.69E-05
780205,4.66E-05
780207,0
780208,0
780209,4.95E-07
780210,4.95E-07
780302,0
780303,4.11E-05
780304,0.000514698
780403,4.95E-07
780404,3.96E-06
780407,4.95E-07
780409,5.69E-05
780410,6.64E-05
780411,4.16E-05
780412,1.88E-05
780413,3.12E-05
780414,9.24E-05
780415,2.53E-05
780416,2.97E-06
780417,1.63E-05
780501,4.83E-05
780504,4.31E-05
780506,1.39E-05
780507,2.03E-05
780508,3.51E-05
780509,2.77E-05
780510,1.48E-06
780511,1.34E-05
780512,7.91E-06
780513,1.14E-05
780514,1.44E-05
780600,3.71E-05
780700,5.05E-05
780800,1.98E-05
780901,1.74E-05
780902,5.94E-06
781001,5.40E-05
781002,3.12E-05
781003,3.07E-05
781100,3.96E-06
781200,2.97E-05
781301,2.97E-06
781302,0.000133146
781400,3.96E-06
781500,3.51E-05
781600,2.48E-05
781700,3.71E-05
781800,0
781900,1.48E-06
782000,9.87E-06
782100,4.95E-07
782200,4.95E-05
782300,0
782400,7.91E-06
782500,2.59E-05
782600,1.39E-05
782700,0
782800,8.89E-06
782900,1.79E-05
783000,0.000496363
783101,1.29E-05
783102,1.39E-05
783200,9.87E-06
783300,3.32E-05
783400,0.000166319
783500,1.74E-05
783600,1.58E-05
783700,4.45E-05
783800,2.54E-05
783900,4.95E-07
784000,0
784100,1.04E-05
784200,1.29E-05
784300,8.89E-06
784400,1.68E-05
784500,5.95E-05
784600,1.24E-05
784700,1.24E-05
784801,6.43E-06
784802,1.04E-05
784900,9.87E-07
785000,4.40E-05
785100,3.71E-05
785200,8.89E-06
785300,1.09E-05
785400,3.32E-05
785500,1.98E-05
785600,1.98E-05
785700,2.08E-05
785800,3.02E-05
785900,7.91E-06
786000,8.40E-06
786100,2.23E-05
786200,1.68E-05
786300,9.87E-06
786400,2.75E-05
786500,1.58E-05
786600,1.34E-05
786700,9.87E-07
786801,2.92E-05
786802,3.82E-05
786901,3.42E-05
786902,2.27E-05
787000,4.56E-05
787100,3.51E-05
787200,3.82E-05
787300,1.79E-05
787400,6.19E-05
787500,5.10E-05
787601,1.93E-05
787602,3.17E-05
787603,2.23E-05
787700,2.67E-05
787800,0.000150989
787900,4.95E-06
788000,2.43E-05
788101,2.82E-05
788102,1.93E-05
788201,1.79E-05
788202,1.74E-05
788203,1.63E-05
788300,4.56E-05
788400,1.48E-05
788500,9.38E-06
788601,2.87E-05
788602,3.56E-05
788700,5.64E-05
788800,1.14E-05
788901,3.12E-05
788902,7.91E-06
788903,1.79E-05
789001,6.93E-06
789002,1.88E-05
789003,1.14E-05
789101,1.48E-05
789102,1.14E-05
789103,1.04E-05
789104,7.91E-06
789201,1.14E-05
789202,1.19E-05
789301,1.09E-05
789302,1.44E-05
789401,2.08E-05
789402,1.98E-05
789501,1.63E-05
789502,1.34E-05
789600,3.46E-05
789700,2.43E-05
789801,2.18E-05
789802,1.48E-05
789803,1.83E-05
789804,2.23E-05
789805,1.88E-05
789901,2.13E-05
789902,9.87E-06
790000,3.86E-05
790100,1.58E-05
790200,3.46E-05
790300,0
790400,1.53E-05
790500,3.46E-05
790601,1.39E-05
790602,2.48E-05
790700,3.86E-05
790800,4.61E-05
790900,4.56E-05
791000,1.14E-05
791101,1.09E-05
791102,1.19E-05
791103,8.89E-06
791201,1.34E-05
791202,7.42E-06
791203,7.91E-06
791204,8.89E-06
791205,8.89E-06
791206,1.98E-06
791207,3.96E-06
791300,2.72E-05
791400,2.58E-05
791500,1.68E-05
791600,1.48E-06
791700,1.63E-05
791801,0
791802,1.98E-06
791803,6.93E-06
791804,7.91E-06
791900,2.48E-06
792000,9.87E-07
792100,4.95E-07
792201,1.34E-05
792202,7.91E-06
792301,9.87E-06
792302,7.91E-06
792401,0
792402,1.14E-05
792403,1.88E-05
792501,1.39E-05
792502,7.42E-06
792503,8.89E-06
792504,1.24E-05
792601,4.95E-07
792602,2.03E-05
792603,1.93E-05
792700,2.23E-05
792800,4.95E-06
792900,2.13E-05
793000,1.48E-06
793100,1.29E-05
793200,2.97E-06
793301,1.48E-05
793302,1.88E-05
793400,2.27E-05
793501,7.91E-06
793502,8.89E-06
793503,1.19E-05
793504,1.04E-05
793601,1.14E-05
793602,1.34E-05
793603,8.89E-06
793604,9.87E-06
793605,1.04E-05
793700,3.61E-05
793800,1.09E-05
793900,9.83E-05
794000,2.18E-05
794100,2.72E-05
794200,2.97E-05
794300,2.03E-05
794400,2.58E-05
794500,1.74E-05
794600,2.32E-05
794700,2.03E-05
794800,1.63E-05
794900,3.02E-05
795001,1.09E-05
795002,1.09E-05
795100,1.98E-05
795200,2.23E-05
795301,9.38E-06
795302,9.87E-06
795400,4.26E-05
795500,3.22E-05
795600,3.27E-05
795700,3.17E-05
795801,3.32E-05
795802,2.23E-05
795900,2.87E-05
796000,2.03E-05
796100,1.39E-05
796200,4.95E-05
796300,2.18E-05
796400,2.53E-05
796500,2.37E-05
796600,3.17E-05
796700,2.67E-05
796800,1.88E-05
796900,2.43E-05
797000,2.62E-05
797100,2.87E-05
797200,4.11E-05
797300,3.86E-05
797400,3.56E-05
797500,3.56E-05
797600,1.63E-05
797700,2.67E-05
797800,2.27E-05
797900,1.93E-05
798000,1.68E-05
798101,4.45E-06
798102,1.68E-05
798200,3.86E-05
798300,1.79E-05
798400,1.14E-05
798500,1.14E-05
798600,1.93E-05
798700,1.58E-05
798802,6.93E-06
798803,1.39E-05
798804,1.09E-05
798901,7.42E-06
798902,3.86E-05
799000,4.85E-05
799102,1.79E-05
799105,2.77E-05
799106,1.98E-05
799107,2.82E-05
799108,1.93E-05
799109,2.03E-05
799110,2.97E-05
799111,2.32E-05
799112,2.43E-05
799113,1.29E-05
799117,1.48E-06
799118,9.87E-07
799119,0
799120,1.98E-06
799121,1.48E-06
799122,8.40E-06
799123,6.93E-06
799124,3.47E-06
799125,5.45E-06
799126,1.34E-05
799127,1.79E-05
799128,9.38E-06
799129,3.47E-06
799130,1.29E-05
799131,8.89E-06
799132,1.04E-05
799133,1.34E-05
799134,1.19E-05
799200,1.53E-05
799300,2.43E-05
799400,2.77E-05
799500,3.61E-05
799600,1.79E-05
799700,3.56E-05
799800,1.34E-05
799900,1.98E-05
800000,2.43E-05
800101,1.68E-05
800102,4.75E-05
800103,1.58E-05
800201,4.85E-05
800202,1.48E-05
800303,2.43E-05
800304,3.37E-05
800305,3.76E-05
800307,1.63E-05
800308,1.19E-05
800309,1.68E-05
800310,2.53E-05
800311,9.38E-06
800312,2.23E-05
800313,1.68E-05
800314,2.08E-05
800315,1.44E-05
800400,4.51E-05
800500,3.46E-05
800600,2.18E-05
800700,2.32E-05
800800,4.26E-05
800900,2.13E-05
801001,1.24E-05
801002,7.42E-06
801101,7.42E-06
801102,1.19E-05
801103,1.19E-05
801104,8.89E-06
801200,3.02E-05
801300,3.32E-05
801400,1.98E-05
801500,2.23E-05
801600,2.48E-06
801700,3.27E-05
801800,2.97E-05
801901,3.96E-06
801902,3.96E-06
802000,1.88E-05
802100,2.08E-05
802200,2.48E-05
802300,2.77E-05
802400,2.62E-05
802501,2.58E-05
802502,1.83E-05
802600,1.58E-05
802700,1.63E-05
802801,2.97E-06
802802,1.04E-05
802803,2.97E-06
802900,2.48E-05
803000,1.74E-05
803100,2.27E-05
803200,4.88E-05
803301,2.32E-05
803302,1.19E-05
803303,2.53E-05
803400,7.42E-06
803500,1.74E-05
803601,1.09E-05
803602,1.09E-05
803701,5.45E-06
803702,1.74E-05
803703,6.43E-06
803801,5.94E-06
803802,7.91E-06
803803,1.14E-05
803900,1.19E-05
804000,2.43E-05
804100,2.92E-05
804200,2.43E-05
804300,1.98E-05
804400,2.32E-05
804500,2.03E-05
804600,1.68E-05
804701,1.04E-05
804702,1.88E-05
804801,1.48E-05
804802,1.09E-05
804901,2.77E-05
804902,2.72E-05
805000,7.91E-06
805100,1.83E-05
805200,8.40E-06
805300,2.32E-05
805400,2.62E-05
805500,1.39E-05
805601,2.18E-05
805602,1.58E-05
805604,1.48E-05
805605,1.04E-05
805701,1.44E-05
805703,7.42E-06
805704,1.09E-05
805705,5.45E-06
805801,9.38E-06
805802,1.63E-05
805803,8.40E-06
805901,1.09E-05
805902,1.14E-05
806001,1.74E-05
806002,1.24E-05
806101,1.44E-05
806102,1.34E-05
806103,7.42E-06
806203,2.32E-05
806204,3.51E-05
806205,3.02E-05
806206,3.46E-05
806207,3.46E-05
806208,3.56E-05
806301,4.45E-05
806303,1.19E-05
806304,4.95E-07
806401,1.19E-05
806402,1.88E-05
806502,9.87E-07
806504,0
806505,0
806506,7.42E-06
806601,1.44E-05
806602,2.18E-05
806603,1.88E-05
806604,0.0001176
806700,8.40E-05
806800,1.04E-05
806900,3.22E-05
807000,2.48E-05
807100,3.37E-05
807200,2.72E-05
807300,3.02E-05
807400,4.95E-06
807500,1.24E-05
807600,1.39E-05
807700,4.47E-05
807802,1.98E-06
807803,2.08E-05
807804,0
807900,4.45E-06
808001,7.13E-05
808002,5.05E-05
808101,1.58E-05
808102,3.47E-06
808200,2.77E-05
808301,6.43E-06
808302,2.93E-05
808402,4.66E-05
808403,2.72E-05
808404,1.14E-05
808501,4.01E-05
808502,1.48E-06
808602,9.87E-07
808603,1.14E-05
808604,9.38E-06
808605,1.14E-05
808606,9.87E-06
808607,0
808608,1.74E-05
808701,0.000164849
808702,9.87E-07
808800,1.93E-05
808901,3.61E-05
808902,3.66E-05
809002,1.29E-05
809003,1.74E-05
809004,5.45E-06
809005,0
809006,1.48E-05
809101,2.08E-05
809103,9.87E-06
809104,1.24E-05
809200,1.44E-05
809300,2.08E-05
809400,2.53E-05
809501,0
809502,0
809600,2.13E-05
809701,3.86E-05
809702,2.48E-05
809800,8.89E-06
809900,4.75E-05
810000,7.70E-05
810100,1.19E-05
810200,2.97E-06
810300,2.62E-05
810400,2.58E-05
810500,3.76E-05
810603,1.83E-05
810604,5.45E-05
810605,4.06E-05
810606,4.80E-05
810607,2.65E-05
810608,2.72E-05
810609,6.43E-06
810610,9.38E-06
810611,1.29E-05
810612,5.94E-06
810700,5.20E-05
810800,3.37E-05
810901,1.24E-05
810902,1.93E-05
810903,1.09E-05
810904,1.53E-05
811001,2.97E-05
811002,3.51E-05
811100,4.40E-05
811200,5.16E-05
811300,4.56E-05
811401,2.48E-06
811402,6.43E-06
811500,9.38E-06
811600,0.000187599
811700,2.72E-05
811802,1.14E-05
811803,3.96E-06
811804,2.48E-06
811805,4.70E-05
811900,1.83E-05
812001,6.93E-06
812002,4.95E-06
812100,1.48E-05
812201,1.39E-05
812202,3.96E-06
812301,1.19E-05
812303,9.87E-07
812304,3.96E-06
812400,1.98E-05
812500,9.87E-07
812600,2.18E-05
812700,1.19E-05
812800,4.45E-06
812900,2.13E-05
813001,1.19E-05
813002,1.98E-06
813100,1.58E-05
813200,1.68E-05
813300,3.02E-05
813400,3.42E-05
813501,2.48E-06
813502,2.37E-05
813601,1.53E-05
813602,1.98E-06
813701,4.45E-06
813702,6.93E-06
813800,3.56E-05
813900,1.09E-05
814001,1.04E-05
814002,1.34E-05
814003,1.39E-05
814100,5.45E-06
814200,2.82E-05
814303,3.96E-06
814304,1.83E-05
814305,5.45E-06
814306,3.32E-05
814402,2.87E-05
814403,1.48E-06
814404,1.98E-06
814501,3.66E-05
814502,2.58E-05
814600,2.18E-05
814701,2.48E-06
814702,7.42E-06
814800,2.77E-05
814900,6.93E-06
815000,1.83E-05
815100,1.04E-05
815200,1.53E-05
815301,1.44E-05
815302,1.44E-05
815303,1.48E-05
815304,4.45E-06
815401,4.90E-05
815402,3.47E-06
815501,3.86E-05
815503,1.79E-05
815504,3.96E-06
815603,8.89E-06
815604,3.27E-05
815605,1.14E-05
815606,0
815607,0
815702,1.09E-05
815703,0
815704,3.42E-05
815801,1.39E-05
815802,4.95E-06
815900,3.37E-05
816000,2.23E-05
816100,2.67E-05
816200,1.53E-05
816302,1.29E-05
816303,1.04E-05
816304,1.44E-05
816305,1.63E-05
816401,3.27E-05
816403,1.98E-06
816404,7.42E-06
816405,1.48E-05
816504,2.62E-05
816508,1.44E-05
816509,7.42E-06
816510,5.45E-06
816511,1.29E-05
816512,8.89E-06
816513,7.42E-06
816514,1.29E-05
816515,1.44E-05
816516,9.38E-06
816517,1.98E-05
816518,1.48E-05
816519,1.53E-05
816520,2.48E-06
816521,1.14E-05
816522,1.48E-06
816523,9.87E-07
816524,5.45E-06
816525,1.58E-05
816526,6.93E-06
816527,1.24E-05
816528,1.29E-05
816529,1.19E-05
816530,1.68E-05
816531,9.87E-06
816532,1.63E-05
816533,1.04E-05
816534,6.93E-06
816535,1.14E-05
816536,9.38E-06
816537,7.42E-06
816538,2.13E-05
816539,1.29E-05
816600,2.37E-05
816701,1.14E-05
816702,3.32E-05
816703,2.67E-05
816704,3.42E-05
816705,4.61E-05
816800,2.53E-05
816900,4.61E-05
817001,5.79E-05
817002,1.48E-06
817101,1.98E-06
817102,2.97E-06
817200,3.86E-05
817300,1.44E-05
817400,7.91E-06
817500,2.58E-05
817600,0.000151969
817701,4.85E-05
817702,1.14E-05
817703,1.29E-05
817704,2.03E-05
817705,1.19E-05
817706,8.40E-06
817800,4.95E-05
817901,4.45E-05
817902,1.79E-05
817903,2.53E-05
818000,2.82E-05
818101,3.23E-05
818102,1.48E-05
818103,8.40E-06
818200,3.86E-05
818300,1.48E-05
818400,2.62E-05
818500,7.91E-06
818600,3.47E-06
818700,8.40E-06
818800,9.87E-07
818900,0
819000,3.47E-06
819100,0
819200,5.25E-05
819301,1.44E-05
819302,1.29E-05
819400,2.27E-05
819501,1.39E-05
819502,1.68E-05
819600,4.70E-05
819700,3.32E-05
819800,2.48E-05
819900,2.43E-05
820000,3.66E-05
820100,2.87E-05
820200,2.87E-05
820300,1.88E-05
820400,1.48E-05
820503,2.32E-05
820504,1.88E-05
820505,1.58E-05
820506,1.29E-05
820507,1.14E-05
820508,8.40E-06
820600,5.89E-05
820701,3.07E-05
820702,3.82E-05
820703,2.97E-05
820704,2.67E-05
820800,9.38E-06
820900,2.13E-05
821001,3.51E-05
821002,3.22E-05
821101,3.17E-05
821102,3.17E-05
821200,1.48E-05
821301,5.05E-05
821302,3.32E-05
821303,2.23E-05
821400,4.95E-06
821500,1.98E-05
821600,4.66E-05
821700,1.98E-05
821800,3.91E-05
821900,1.98E-05
822000,1.24E-05
822100,3.17E-05
822200,2.62E-05
822300,2.23E-05
822401,5.59E-05
822405,2.92E-05
822406,2.18E-05
822407,2.27E-05
822408,1.68E-05
822409,7.91E-06
822410,1.68E-05
822411,1.68E-05
822412,1.09E-05
822413,6.93E-06
822414,1.34E-05
822415,8.40E-06
822416,6.43E-06
822417,9.38E-06
822418,1.58E-05
822419,1.14E-05
822500,2.67E-05
822600,2.13E-05
822701,1.68E-05
822702,1.63E-05
822703,1.24E-05
822704,4.95E-06
822705,2.97E-06
822800,7.42E-06
822900,2.58E-05
823000,9.87E-07
823100,1.14E-05
823200,1.63E-05
823300,3.96E-06
823401,3.27E-05
823403,8.40E-06
823404,1.14E-05
823405,5.94E-06
823406,9.87E-06
823407,1.09E-05
823408,1.48E-05
823409,1.58E-05
823410,1.29E-05
823411,9.87E-06
823500,3.47E-06
823600,9.87E-07
823700,5.45E-06
823800,4.95E-07
823900,1.44E-05
824000,2.08E-05
824100,5.54E-05
824200,4.95E-06
824301,2.97E-06
824302,8.40E-06
824401,9.38E-06
824402,1.44E-05
824403,1.29E-05
824404,9.87E-06
824405,9.87E-06
824406,9.38E-06
824407,8.40E-06
824408,8.40E-06
824500,8.40E-06
824601,9.87E-06
824602,5.45E-06
824700,1.44E-05
824801,4.95E-06
824803,1.79E-05
824804,1.48E-05
824901,5.94E-06
824903,1.04E-05
824904,2.48E-06
825000,1.24E-05
825101,3.96E-06
825103,2.48E-06
825105,9.87E-07
825106,5.94E-06
825201,4.45E-06
825202,1.39E-05
825301,1.29E-05
825302,3.07E-05
825400,1.09E-05
825500,2.62E-05
825600,8.89E-06
825700,7.91E-06
825800,1.58E-05
825900,1.74E-05
826000,1.14E-05
826100,4.95E-06
826201,3.96E-06
826202,2.48E-06
826300,5.94E-06
826400,1.24E-05
826500,1.53E-05
826601,7.42E-06
826602,2.62E-05
826603,3.22E-05
826700,1.24E-05
826802,2.08E-05
826803,2.37E-05
826804,9.38E-06
826902,5.94E-06
826903,2.97E-06
826904,1.98E-06
826905,6.93E-06
826906,7.42E-06
826907,3.96E-06
826908,1.44E-05
826909,3.96E-06
827001,1.48E-05
827003,2.97E-06
827004,2.13E-05
827100,1.83E-05
827200,3.91E-05
827300,9.87E-06
827400,1.24E-05
827500,1.44E-05
827601,4.95E-06
827603,9.38E-06
827604,2.97E-06
827700,9.87E-06
827800,2.72E-05
827901,2.23E-05
827902,1.74E-05
828001,1.48E-06
828002,9.87E-07
828003,1.53E-05
828100,1.39E-05
828202,7.42E-06
828203,2.77E-05
828204,1.48E-06
828302,1.04E-05
828303,8.89E-06
828304,8.40E-06
828400,2.97E-06
828501,5.45E-06
828503,1.98E-06
828504,3.47E-06
828505,4.45E-06
828602,1.04E-05
828603,9.87E-06
828604,8.89E-06
828700,9.38E-06
828800,1.53E-05
828900,1.53E-05
829000,1.29E-05
829100,1.58E-05
829200,1.68E-05
829300,3.92E-05
829401,3.47E-06
829402,1.48E-06
829403,1.98E-06
829404,4.45E-06
829405,1.48E-06
829406,5.45E-06
829407,4.45E-06
829408,1.98E-06
829409,1.98E-06
829410,4.95E-07
829411,3.96E-06
829500,3.82E-05
829600,1.53E-05
829700,1.98E-06
829800,5.94E-06
829900,5.62E-05
830000,3.96E-06
830100,4.45E-06
830200,1.63E-05
830300,1.29E-05
830400,1.14E-05
830500,3.02E-05
830600,2.92E-05
830700,1.44E-05
830800,3.71E-05
830900,2.03E-05
831000,1.53E-05
831100,1.19E-05
831200,2.87E-05
831300,3.96E-06
831400,1.83E-05
831500,1.39E-05
831601,1.09E-05
831602,4.95E-07
831700,2.23E-05
831800,2.62E-05
831900,3.42E-05
832000,1.39E-05
832101,1.63E-05
832102,1.24E-05
832103,1.19E-05
832201,1.63E-05
832202,6.43E-06
832300,4.95E-06
832400,1.68E-05
832500,6.43E-06
832601,7.42E-06
832602,0
832700,1.48E-05
832800,4.11E-05
832900,3.82E-05
833001,1.09E-05
833002,9.87E-07
833101,4.45E-06
833102,7.91E-06
833201,1.14E-05
833203,6.93E-06
833204,4.45E-06
833205,2.97E-06
833206,6.43E-06
833207,2.97E-06
833300,1.39E-05
833400,4.45E-06
833500,8.89E-06
833601,1.88E-05
833602,4.95E-07
833701,3.27E-05
833702,3.46E-05
833800,3.07E-05
833900,0
834000,4.80E-05
834100,2.97E-06
834200,9.38E-06
834300,2.13E-05
834400,2.32E-05
834501,2.62E-05
834502,2.08E-05
834503,2.37E-05
834600,4.21E-05
834701,4.52E-05
834702,1.34E-05
834800,4.95E-07
834900,1.53E-05
835000,4.21E-05
835101,1.48E-05
835102,9.87E-06
835201,2.97E-06
835202,5.54E-05
835300,2.62E-05
835401,1.04E-05
835402,9.38E-06
835403,1.14E-05
835404,4.16E-05
835405,7.42E-06
835406,1.09E-05
835407,1.34E-05
835408,1.14E-05
835501,1.93E-05
835502,2.58E-05
835503,1.83E-05
835504,1.29E-05
835601,4.06E-05
835603,5.45E-06
835604,1.14E-05
835605,1.34E-05
835700,0
835801,4.31E-05
835803,3.91E-05
835804,2.58E-05
835900,2.37E-05
836000,4.92E-05
836100,1.68E-05
836200,2.08E-05
836300,6.43E-06
836400,1.63E-05
836500,2.27E-05
836600,2.77E-05
836701,6.43E-06
836702,1.53E-05
836703,2.97E-06
836800,0.000513228
836901,2.87E-05
836902,1.79E-05
836903,4.11E-05
836904,4.31E-05
837001,6.78E-05
837002,3.42E-05
837101,3.27E-05
837102,2.62E-05
837201,2.77E-05
837203,1.04E-05
837204,9.87E-06
837205,7.91E-06
837206,2.48E-06
837207,6.93E-06
837208,8.40E-06
837209,0
837300,0.000213359
837400,2.48E-06
837500,6.43E-06
837600,9.87E-06
837700,2.77E-05
837800,2.97E-05
837900,0
838001,0
838002,0
838101,5.05E-05
838102,1.93E-05
838200,2.72E-05
838300,4.95E-05
838400,2.97E-05
838500,0.00013414
838600,1.48E-06
838700,4.45E-06
838800,1.93E-05
838900,6.88E-05
839000,9.52E-05
839100,9.87E-07
839200,4.95E-07
839300,4.61E-05
839401,1.04E-05
839402,0
839500,9.87E-07
839600,6.43E-06
839700,2.03E-05
839800,3.86E-05
839900,9.38E-06
840000,5.35E-05
840101,1.34E-05
840102,9.87E-06
840103,1.39E-05
840104,1.09E-05
840105,1.58E-05
840200,3.37E-05
840300,1.68E-05
840400,1.04E-05
840500,8.40E-06
840601,9.87E-07
840602,0
840603,2.13E-05
840700,3.33E-05
840801,0.000519108
840802,2.13E-05
840901,0
840902,4.45E-06
841001,1.48E-06
841002,9.87E-07
841100,2.92E-05
841200,1.79E-05
841300,2.53E-05
841400,1.98E-05
841501,2.97E-06
841502,0.000159879
841600,1.09E-05
841700,1.04E-05
841801,2.92E-05
841802,1.98E-06
841900,2.23E-05
842000,7.42E-06
842101,2.18E-05
842102,2.23E-05
842200,1.88E-05
842300,1.34E-05
842401,1.53E-05
842402,7.42E-06
842500,7.42E-06
842601,1.19E-05
842602,3.96E-06
842700,1.83E-05
842800,2.23E-05
842900,2.03E-05
843000,7.42E-06
843100,1.14E-05
843200,1.63E-05
843300,8.89E-06
843401,8.89E-06
843402,7.91E-06
843403,1.58E-05
843404,2.48E-06
843500,4.13E-05
843600,1.04E-05
843700,1.98E-05
843800,2.97E-05
843900,1.68E-05
844000,1.29E-05
844100,4.45E-05
844200,2.58E-05
844300,5.03E-05
844400,1.83E-05
844500,3.61E-05
844600,2.53E-05
844700,2.77E-05
844800,1.34E-05
844901,2.97E-06
844902,1.98E-06
845000,2.87E-05
845100,4.16E-05
845200,1.24E-05
845300,3.47E-06
845400,7.91E-06
845500,1.88E-05
845600,1.68E-05
845700,1.68E-05
845800,1.24E-05
845900,6.43E-06
846000,7.42E-06
846101,8.40E-06
846102,6.15E-05
846103,2.67E-05
846200,3.47E-06
846300,7.91E-06
846401,0
846402,9.87E-07
846500,1.74E-05
846601,1.58E-05
846602,4.95E-06
846700,1.14E-05
846800,8.40E-06
846900,5.45E-06
847000,1.44E-05
847101,0
847102,9.38E-06
847200,1.48E-05
847300,1.24E-05
847400,5.45E-06
847500,5.45E-06
847600,1.19E-05
847700,3.05E-05
847800,2.48E-06
847900,1.44E-05
848001,1.48E-06
848002,2.97E-06
848100,5.45E-06
848201,1.98E-06
848202,0
848300,5.45E-06
848400,4.95E-07
848500,7.42E-06
848600,9.38E-06
848700,8.89E-06
848800,5.94E-06
848900,9.38E-06
849001,1.04E-05
849002,6.93E-06
849100,4.45E-06
849200,6.93E-06
849300,4.45E-06
849400,9.38E-06
849500,9.38E-06
849600,6.43E-06
849700,0
849800,0
849900,0
850000,0
850100,0
850200,1.48E-06
850300,8.89E-06
850400,2.08E-05
850500,6.43E-06
850600,8.89E-06
850700,0
850800,1.24E-05
850900,5.94E-06
851000,2.23E-05
851100,0
851200,2.67E-05
851300,9.87E-06
851400,2.18E-05
851500,1.24E-05
851600,2.53E-05
851700,1.58E-05
851800,2.23E-05
851900,1.29E-05
852001,3.96E-06
852002,5.45E-06
852100,1.88E-05
852200,3.07E-05
852300,1.04E-05
852400,9.87E-06
852500,1.63E-05
852600,1.09E-05
852700,7.42E-06
852800,6.93E-06
852900,3.96E-06
853000,1.98E-06
853100,1.14E-05
853201,8.40E-06
853202,6.43E-06
853203,1.39E-05
853300,1.34E-05
853400,4.95E-06
853500,5.94E-06
853600,1.48E-05
853700,3.27E-05
853801,3.17E-05
853802,5.94E-06
853900,3.82E-05
854001,3.24E-05
854002,1.98E-06
854101,1.39E-05
854102,8.40E-06
854103,9.87E-06
854104,1.24E-05
854201,2.08E-05
854202,5.66E-05
854300,1.48E-05
854400,4.32E-05
854501,5.02E-05
854502,2.97E-06
854503,3.96E-06
854504,5.94E-06
854505,2.83E-05
854506,1.19E-05
854600,4.95E-06
854700,2.08E-05
854800,3.07E-05
854901,2.08E-05
854902,2.72E-05
855001,7.91E-06
855002,2.18E-05
855003,2.13E-05
855100,4.95E-05
855201,1.34E-05
855202,1.68E-05
855203,1.68E-05
855204,1.68E-05
855300,1.09E-05
855400,1.93E-05
855500,7.42E-06
855600,2.08E-05
855701,1.14E-05
855702,4.95E-06
855801,0
855802,1.68E-05
855901,2.48E-06
855902,8.89E-06
855903,8.89E-06
856001,7.91E-06
856002,6.43E-06
856003,6.43E-06
856004,1.39E-05
856005,1.14E-05
856101,2.53E-05
856102,1.68E-05
856104,3.47E-06
856105,9.38E-06
856106,1.04E-05
856200,2.72E-05
856300,1.58E-05
856400,0
856500,1.83E-05
856600,1.58E-05
856700,2.97E-05
856800,1.39E-05
856900,2.13E-05
857000,1.34E-05
857100,2.13E-05
857200,3.71E-05
857300,2.82E-05
857400,1.34E-05
857500,5.94E-06
857600,2.48E-06
857700,1.04E-05
857800,1.98E-05
857900,7.42E-06
858000,1.58E-05
858100,1.24E-05
858200,1.93E-05
858300,1.83E-05
858401,1.39E-05
858402,1.04E-05
858403,7.42E-06
858500,9.38E-06
858601,9.87E-06
858602,1.19E-05
858700,1.34E-05
858800,5.40E-05
858900,2.32E-05
859000,1.68E-05
859100,3.66E-05
859200,1.63E-05
859300,1.58E-05
859400,2.08E-05
859500,1.04E-05
859600,4.80E-05
859702,9.87E-07
859703,2.53E-05
859704,4.85E-05
859705,3.07E-05
859801,5.66E-05
859802,1.83E-05
859900,2.48E-06
860000,3.12E-05
860100,3.32E-05
860200,1.93E-05
860300,3.32E-05
860400,5.90E-05
860500,1.74E-05
860600,2.03E-05
860700,1.68E-05
860800,1.74E-05
860900,2.08E-05
861000,1.53E-05
861100,8.50E-05
861201,2.32E-05
861202,1.93E-05
861301,4.45E-06
861302,7.42E-06
861401,3.17E-05
861402,1.04E-05
861502,0.000504758
861503,1.88E-05
861504,3.97E-05
861600,1.19E-05
861700,3.03E-05
861800,9.87E-06
861900,2.18E-05
862000,7.91E-06
862100,3.96E-06
862201,0
862203,0
862204,0
862205,0
862207,0
862209,0
862210,0
862302,0
862303,0
862304,0
862305,0
862400,0
862501,2.72E-05
862502,1.58E-05
862600,1.88E-05
862700,1.53E-05
862800,1.14E-05
862900,1.39E-05
863000,3.66E-05
863100,0
863200,1.63E-05
863300,2.27E-05
863400,2.23E-05
863500,1.58E-05
863600,2.82E-05
863700,2.48E-05
863800,1.74E-05
863900,3.96E-06
864000,2.13E-05
864100,6.40E-05
864200,4.75E-05
864300,1.53E-05
864400,3.46E-05
864500,2.92E-05
864600,1.68E-05
864700,2.43E-05
864800,7.91E-06
864900,1.83E-05
865000,1.48E-05
865100,2.13E-05
865200,2.58E-05
865300,1.93E-05
865400,2.23E-05
865500,1.48E-05
865600,5.66E-05
865700,2.62E-05
865800,1.68E-05
865901,1.24E-05
865902,5.94E-06
865903,9.87E-06
865904,5.94E-06
866001,1.98E-06
866002,1.09E-05
866003,4.95E-06
866004,1.29E-05
866100,2.87E-05
866200,2.92E-05
866300,0
866400,2.13E-05
866500,2.08E-05
866600,1.83E-05
866700,1.83E-05
866800,1.88E-05
866900,1.24E-05
867000,9.38E-06
867100,8.40E-06
867200,2.27E-05
867300,1.24E-05
867400,4.40E-05
867500,2.18E-05
867600,1.44E-05
867700,2.08E-05
867800,2.67E-05
867900,2.77E-05
868000,2.87E-05
868100,3.71E-05
868200,2.37E-05
868300,1.48E-05
868400,1.93E-05
868501,2.82E-05
868502,1.98E-05
868600,1.88E-05
868700,2.92E-05
868800,7.42E-06
868900,6.43E-06
869000,1.04E-05
869100,3.27E-05
869200,1.68E-05
869300,2.37E-05
869400,2.37E-05
869500,1.88E-05
869600,2.03E-05
869700,1.98E-05
869800,2.67E-05
869900,1.19E-05
870000,1.53E-05
870100,2.87E-05
870200,2.18E-05
870300,1.53E-05
870400,2.58E-05
870500,1.93E-05
870600,3.61E-05
870700,2.08E-05
870801,1.04E-05
870802,1.48E-06
870900,2.13E-05
871000,1.04E-05
871100,7.91E-06
871200,1.09E-05
871300,2.23E-05
871400,3.37E-05
871500,1.29E-05
871600,2.18E-05
871700,1.74E-05
871800,1.63E-05
871900,1.19E-05
872000,2.08E-05
872100,3.47E-06
872201,8.40E-06
872202,3.46E-05
872203,2.37E-05
872301,7.42E-06
872302,1.44E-05
872400,4.40E-05
872500,1.44E-05
872600,3.32E-05
872701,1.24E-05
872702,5.45E-06
872800,2.72E-05
872900,2.08E-05
873000,3.02E-05
873100,2.87E-05
873201,3.51E-05
873202,1.48E-05
873300,3.27E-05
873400,3.76E-05
873500,2.67E-05
873600,2.53E-05
873701,8.40E-06
873702,2.37E-05
873800,6.50E-05
873900,1.58E-05
874000,1.98E-05
874100,7.91E-06
874200,8.40E-06
874300,2.18E-05
874400,2.27E-05
874500,2.23E-05
874600,1.19E-05
874700,2.67E-05
874800,1.74E-05
874900,2.97E-05
875000,3.02E-05
875100,3.61E-05
875202,3.96E-05
875203,2.48E-06
875204,3.12E-05
875205,1.79E-05
875300,1.14E-05
875400,1.53E-05
875500,1.79E-05
875600,9.87E-06
875700,1.53E-05
875800,1.58E-05
875900,1.58E-05
876000,3.91E-05
876100,1.14E-05
876201,2.48E-06
876202,4.45E-06
876300,1.24E-05
876400,2.23E-05
876500,2.18E-05
876600,2.43E-05
876701,1.24E-05
876702,2.08E-05
876800,5.05E-05
876900,4.31E-05
877000,6.43E-06
877100,1.88E-05
877201,2.82E-05
877202,2.37E-05
877300,2.58E-05
877400,2.18E-05
877500,1.19E-05
877600,2.13E-05
877700,2.62E-05
877800,2.27E-05
877900,2.87E-05
878000,2.03E-05
878100,1.88E-05
878200,1.34E-05
878300,3.37E-05
878401,1.63E-05
878402,2.37E-05
878501,3.32E-05
878502,1.63E-05
878503,1.09E-05
878601,1.79E-05
878602,1.09E-05
878700,8.89E-06
878800,3.86E-05
878900,2.67E-05
879000,5.16E-05
879100,3.86E-05
879200,2.82E-05
879300,1.63E-05
879400,1.68E-05
879500,3.37E-05
879601,3.27E-05
879602,1.68E-05
879603,6.93E-06
879700,4.95E-07
879800,5.94E-06
879900,2.23E-05
880000,3.37E-05
880100,1.39E-05
880201,8.40E-06
880202,3.47E-06
880300,1.48E-05
880400,1.19E-05
880500,1.14E-05
880600,6.93E-06
880700,2.08E-05
880800,1.88E-05
880900,1.34E-05
881000,2.13E-05
881100,1.63E-05
881200,2.77E-05
881300,1.68E-05
881400,1.29E-05
881500,1.74E-05
881600,9.87E-06
881700,3.27E-05
881800,3.12E-05
881900,3.46E-05
882000,3.22E-05
882100,3.27E-05
882200,3.96E-05
882300,2.97E-05
882400,2.72E-05
882500,0
882600,4.87E-05
882700,2.27E-05
882800,0
882900,3.12E-05
883000,4.11E-05
883100,0
883200,1.48E-06
883300,3.17E-05
883400,3.37E-05
883500,3.17E-05
883600,3.17E-05
883700,4.80E-05
883800,2.13E-05
883900,1.93E-05
884000,2.27E-05
884100,4.45E-06
884201,2.03E-05
884202,2.77E-05
884300,3.27E-05
884400,3.27E-05
884500,2.58E-05
884600,2.27E-05
884700,2.23E-05
884800,2.08E-05
884900,2.43E-05
885000,4.40E-05
885100,2.18E-05
885200,2.27E-05
885300,1.63E-05
885400,2.62E-05
885501,5.45E-06
885502,1.58E-05
885600,1.19E-05
885700,1.19E-05
885801,2.82E-05
885802,6.93E-06
885900,2.43E-05
886000,2.82E-05
886100,1.93E-05
886200,2.08E-05
886300,1.29E-05
886400,1.09E-05
886500,2.18E-05
886600,1.53E-05
886700,2.08E-05
886800,1.63E-05
886901,1.29E-05
886902,2.97E-06
887000,1.63E-05
887100,2.03E-05
887200,2.37E-05
887300,2.87E-05
887400,2.62E-05
887501,1.14E-05
887502,8.40E-06
887503,3.47E-06
887601,3.27E-05
887602,7.42E-06
887701,1.98E-05
887702,1.24E-05
887800,3.27E-05
887900,1.48E-05
888000,3.71E-05
888100,2.37E-05
888200,2.37E-05
888301,3.23E-05
888302,2.03E-05
888400,2.13E-05
888500,1.58E-05
888600,2.62E-05
888700,1.98E-05
888800,1.93E-05
888900,1.79E-05
889000,2.08E-05
889100,2.58E-05
889201,1.34E-05
889202,6.93E-06
889301,1.09E-05
889302,1.14E-05
889401,4.61E-05
889403,2.13E-05
889404,1.58E-05
889405,7.42E-06
889406,1.63E-05
889407,1.04E-05
889408,1.74E-05
889409,1.29E-05
889500,4.51E-05
889600,3.27E-05
889701,1.88E-05
889702,1.29E-05
889800,5.79E-05
889900,0.000525548
890000,5.15E-05
890100,4.95E-05
890200,4.75E-05
890300,4.56E-05
890400,2.97E-05
890500,4.75E-05
890600,2.08E-05
890700,2.03E-05
890800,1.44E-05
890900,1.44E-05
891000,3.02E-05
891100,2.08E-05
891200,2.13E-05
891300,2.27E-05
891400,0.000130985
891500,3.22E-05
891600,5.94E-06
891700,1.14E-05
891801,2.82E-05
891802,2.62E-05
891900,2.53E-05
892000,3.42E-05
892100,2.82E-05
892200,3.96E-05
892300,5.20E-05
892400,2.13E-05
892500,1.58E-05
892600,9.87E-07
892700,2.39E-05
892800,3.96E-06
892900,3.91E-05
893000,4.95E-07
893100,3.48E-05
893200,5.30E-05
893300,3.32E-05
893400,1.58E-05
893500,2.53E-05
893600,1.29E-05
893700,1.63E-05
893801,7.42E-06
893802,1.19E-05
893901,1.39E-05
893902,9.87E-06
894000,7.42E-06
894100,1.58E-05
894200,0
894300,5.05E-05
894400,2.67E-05
894500,2.32E-05
894600,2.48E-05
894700,1.19E-05
894800,3.96E-06
894900,4.45E-06
895000,4.95E-07
895100,1.74E-05
895200,2.32E-05
895300,1.68E-05
895400,2.58E-05
895500,3.22E-05
895600,2.18E-05
895700,1.93E-05
895800,3.66E-05
895900,2.43E-05
896001,1.48E-06
896002,6.09E-05
896100,0.000527088
896200,1.24E-05
896300,1.04E-05
896401,1.04E-05
896402,1.29E-05
896500,4.06E-05
896600,3.02E-05
896700,0
896800,3.46E-05
896900,3.96E-05
897000,3.86E-05
897101,4.06E-05
897102,3.12E-05
897201,1.88E-05
897202,2.87E-05
897203,1.58E-05
897204,1.34E-05
897301,1.93E-05
897302,1.34E-05
897400,2.62E-05
897503,4.06E-05
897505,4.26E-05
897506,3.22E-05
897507,2.87E-05
897508,2.62E-05
897509,8.89E-06
897510,2.23E-05
897511,1.83E-05
897601,7.42E-06
897602,4.95E-06
897701,1.68E-05
897702,2.82E-05
897801,1.14E-05
897802,3.22E-05
897902,1.93E-05
897903,2.08E-05
897904,4.11E-05
897905,2.37E-05
897906,1.68E-05
897907,2.37E-05
898000,1.88E-05
898100,1.79E-05
898203,7.91E-06
898204,3.96E-06
898205,2.70E-05
898206,2.03E-05
898207,2.37E-05
898300,2.72E-05
898401,1.88E-05
898402,4.45E-06
898403,6.93E-06
898500,3.76E-05
898600,3.82E-05
898700,3.12E-05
898800,2.03E-05
898900,2.43E-05
899000,3.27E-05
899100,1.34E-05
899200,2.23E-05
899300,3.02E-05
899400,2.58E-05
899500,1.34E-05
899600,2.62E-05
899700,1.68E-05
899801,5.26E-05
899802,4.95E-06
899900,1.98E-05
900000,1.44E-05
900100,8.89E-06
900200,2.58E-05
900300,2.43E-05
900400,4.76E-05
900500,1.93E-05
900600,2.43E-05
900700,1.24E-05
900800,2.82E-05
900901,6.43E-06
900902,1.24E-05
901000,1.14E-05
901100,3.07E-05
901200,3.82E-05
901301,1.83E-05
901302,2.77E-05
901400,2.67E-05
901500,4.01E-05
901600,1.93E-05
901700,1.98E-05
901800,1.79E-05
901901,1.39E-05
901902,1.58E-05
902000,1.04E-05
902100,1.53E-05
902200,3.32E-05
902300,3.27E-05
902400,3.22E-05
902500,3.42E-05
902600,2.67E-05
902700,2.18E-05
902800,1.48E-05
902901,2.97E-06
902902,3.22E-05
903001,1.48E-06
903002,4.35E-05
903100,1.24E-05
903201,4.45E-06
903202,1.19E-05
903203,1.29E-05
903300,1.58E-05
903400,2.08E-05
903500,1.98E-05
903600,1.83E-05
903700,2.77E-05
903800,2.13E-05
903900,9.38E-06
904000,2.53E-05
904100,9.38E-06
904200,2.23E-05
904300,2.72E-05
904400,2.67E-05
904500,1.14E-05
904601,1.98E-06
904602,2.82E-05
904700,3.17E-05
904800,1.98E-05
904900,3.42E-05
905000,2.32E-05
905100,1.74E-05
905200,4.35E-05
905300,2.03E-05
905402,3.32E-05
905403,8.40E-06
905404,1.58E-05
905405,7.42E-06
905406,1.04E-05
905500,4.01E-05
905600,2.27E-05
905701,4.45E-06
905702,2.08E-05
905805,3.91E-05
905807,3.37E-05
905808,2.03E-05
905809,2.72E-05
905810,2.32E-05
905811,2.87E-05
905812,2.13E-05
905901,2.62E-05
905902,2.27E-05
906000,2.53E-05
906100,2.03E-05
906200,2.37E-05
906301,1.29E-05
906302,2.37E-05
906404,2.87E-05
906405,2.87E-05
906406,3.96E-06
906407,5.45E-06
906408,1.29E-05
906409,1.63E-05
906410,1.58E-05
906411,2.27E-05
906501,5.54E-05
906502,2.67E-05
906600,4.90E-05
906700,2.62E-05
906800,2.82E-05
906900,1.88E-05
907000,2.97E-05
907100,2.53E-05
907200,4.16E-05
907301,3.02E-05
907302,4.31E-05
907401,4.95E-07
907402,7.34E-05
907500,4.95E-07
907601,0
907602,2.92E-05
907700,3.47E-06
907800,0
907900,4.95E-07
908000,9.87E-07
908100,0.000223959
908200,2.82E-05
908300,2.37E-05
908400,1.58E-05
908501,1.24E-05
908502,7.00E-05
908600,2.77E-05
908700,5.95E-05
908800,4.52E-05
908900,8.48E-05
909000,3.27E-05
909100,0
909200,1.39E-05
909301,6.93E-06
909302,1.98E-06
909401,1.53E-05
909402,9.87E-07
909500,2.78E-05
909601,1.24E-05
909602,6.93E-06
909700,6.93E-06
909800,0
909900,8.40E-06
910000,4.95E-07
910100,2.48E-06
910200,0
910300,0
910400,3.08E-05
910500,2.97E-06
910600,2.97E-06
910700,0
910800,1.19E-05
910900,0
911000,0
911101,9.87E-06
911102,0
911200,1.48E-06
911300,0.000141049
911401,1.44E-05
911402,4.95E-07
911500,1.14E-05
911600,0
911700,0
911800,3.96E-06
911900,2.48E-06
912000,0
912100,9.87E-07
912200,4.95E-06
912300,9.87E-06
912400,4.71E-05
912500,0
912600,3.96E-06
912700,2.97E-06
912800,1.48E-06
912900,5.45E-06
913000,1.93E-05
913100,7.42E-06
913200,9.87E-07
913300,0
913400,1.98E-06
913500,0
913600,0
913700,0
913800,1.98E-06
913900,2.97E-06
914000,9.87E-07
914100,2.44E-05
914200,1.79E-05
914300,0
914400,2.62E-05
914500,0
914600,1.98E-05
914700,4.70E-05
914801,1.74E-05
914802,7.42E-06
914900,1.88E-05
915000,1.53E-05
915101,1.39E-05
915102,7.42E-06
915103,4.95E-06
915200,1.19E-05
915300,2.53E-05
915400,0
915500,4.95E-07
915600,4.95E-07
915700,9.87E-07
915800,4.95E-07
915900,4.95E-07
916000,4.95E-07
916101,9.87E-07
916102,4.95E-07
916200,2.97E-06
916301,2.77E-05
916302,5.15E-05
916401,6.43E-06
916402,0
916500,2.72E-05
916600,1.68E-05
916701,8.40E-06
916702,9.38E-06
916703,5.45E-06
916800,1.48E-05
916900,1.44E-05
917001,1.24E-05
917002,1.48E-05
917003,1.83E-05
917100,2.18E-05
917200,6.43E-06
917300,2.32E-05
917400,2.03E-05
917500,9.87E-06
917600,2.43E-05
917700,4.85E-05
917800,6.93E-06
917900,4.01E-05
918000,5.15E-05
918100,2.87E-05
918200,3.27E-05
918300,3.71E-05
918400,9.87E-06
918500,1.19E-05
918600,2.37E-05
918700,2.32E-05
918800,1.58E-05
918900,1.74E-05
919000,3.82E-05
919100,2.87E-05
919200,2.13E-05
919300,4.31E-05
919400,1.88E-05
919500,1.68E-05
919600,2.03E-05
919700,2.53E-05
919801,3.12E-05
919802,8.89E-06
919901,1.83E-05
919902,3.32E-05
920000,4.26E-05
920103,2.27E-05
920104,1.98E-05
920105,2.23E-05
920106,2.37E-05
920201,3.07E-05
920202,2.48E-05
920301,2.87E-05
920302,1.68E-05
920401,4.51E-05
920402,2.13E-05
920500,2.58E-05
920600,3.42E-05
920701,1.48E-05
920702,2.43E-05
920800,2.08E-05
920901,3.12E-05
920902,3.76E-05
921001,2.32E-05
921002,1.63E-05
921100,9.38E-06
921200,2.58E-05
921302,1.19E-05
921303,1.53E-05
921304,1.79E-05
921305,1.63E-05
921401,2.62E-05
921402,4.21E-05
921501,1.48E-05
921503,3.42E-05
921504,1.63E-05
921603,2.18E-05
921604,5.05E-05
921605,2.97E-05
921606,2.43E-05
921607,3.27E-05
921701,1.34E-05
921702,1.58E-05
921703,1.74E-05
921800,2.13E-05
921900,3.17E-05
922000,1.48E-05
922101,1.19E-05
922102,2.08E-05
922201,2.18E-05
922202,1.93E-05
922300,1.93E-05
922400,1.24E-05
922500,2.48E-05
922600,2.92E-05
922700,1.39E-05
922800,4.21E-05
922900,2.43E-05
923000,1.04E-05
923101,2.82E-05
923102,1.34E-05
923200,2.82E-05
923300,2.32E-05
923400,2.58E-05
923500,1.48E-05
923600,2.62E-05
923700,2.82E-05
923800,1.88E-05
923900,3.07E-05
924000,1.98E-05
924100,2.23E-05
924200,1.09E-05
924300,3.02E-05
924400,2.08E-05
924500,2.32E-05
924600,3.27E-05
924703,1.24E-05
924704,3.02E-05
924705,2.58E-05
924706,2.53E-05
924707,5.45E-06
924800,3.02E-05
924901,8.89E-06
924902,2.08E-05
924903,4.45E-06
925000,2.87E-05
925100,2.03E-05
925201,1.24E-05
925202,9.87E-06
925203,1.09E-05
925301,1.04E-05
925303,3.46E-05
925304,9.38E-06
925400,3.61E-05
925500,2.67E-05
925600,1.39E-05
925700,1.68E-05
925800,2.32E-05
925900,1.34E-05
926000,1.98E-05
926100,2.62E-05
926200,2.77E-05
926300,2.03E-05
926400,2.92E-05
926500,2.87E-05
926600,2.18E-05
926700,2.92E-05
926800,2.27E-05
926900,2.32E-05
927001,3.27E-05
927003,1.93E-05
927004,1.58E-05
927101,1.79E-05
927103,2.08E-05
927104,1.14E-05
927105,8.89E-06
927201,1.63E-05
927203,1.24E-05
927204,1.04E-05
927206,1.48E-05
927207,1.39E-05
927208,4.45E-06
927300,2.08E-05
927401,1.48E-05
927402,1.48E-06
927502,0
927503,4.95E-07
927504,0
927505,9.38E-06
927506,1.09E-05
927507,9.87E-06
927508,1.14E-05
927600,3.27E-05
927700,3.32E-05
927801,1.09E-05
927802,1.44E-05
927803,1.63E-05
927804,1.44E-05
927805,1.19E-05
927901,2.03E-05
927902,2.67E-05
928000,3.02E-05
928100,2.97E-05
928200,1.34E-05
928301,9.38E-06
928302,1.48E-05
928401,1.29E-05
928402,3.47E-06
928500,1.88E-05
928600,1.98E-05
928700,1.58E-05
928800,2.13E-05
928900,2.32E-05
929001,2.62E-05
929002,5.45E-06
929100,2.03E-05
929200,9.87E-06
929300,2.48E-05
929400,1.34E-05
929501,0
929502,9.87E-07
929602,0
929604,1.24E-05
929605,2.58E-05
929606,2.97E-05
929700,2.58E-05
929800,2.13E-05
929900,1.44E-05
930000,3.56E-05
930101,8.89E-06
930102,0
930103,4.45E-06
930200,2.03E-05
930300,1.04E-05
930401,4.45E-06
930402,5.45E-06
930403,1.19E-05
930404,1.04E-05
930405,1.39E-05
930500,1.09E-05
930601,1.79E-05
930602,9.87E-06
930603,1.98E-05
930604,1.04E-05
930700,2.27E-05
930800,2.92E-05
930901,1.04E-05
930902,0
931000,6.36E-05
931100,2.58E-05
931200,1.29E-05
931300,4.17E-05
931400,1.53E-05
931500,1.19E-05
931600,1.48E-05
931701,1.14E-05
931702,1.83E-05
931703,8.89E-06
931800,2.32E-05
931900,3.46E-05
932000,1.44E-05
932100,1.98E-05
932200,1.29E-05
932300,2.37E-05
932400,1.04E-05
932500,6.35E-05
932600,1.04E-05
932700,5.94E-06
932801,1.19E-05
932802,1.14E-05
932900,9.38E-06
933000,4.95E-06
933100,4.95E-07
933200,4.95E-07
933300,3.47E-06
933400,9.87E-07
933500,8.40E-06
933600,5.94E-06
933700,7.91E-06
933800,1.98E-06
933900,2.97E-06
934000,5.94E-06
934100,1.48E-06
934200,1.48E-06
934300,6.93E-06
934400,1.74E-05
934500,3.47E-06
934600,3.47E-06
934700,4.95E-07
934801,0
934802,5.94E-06
934900,0
935000,1.24E-05
935100,2.48E-06
935200,1.34E-05
935300,1.98E-05
935400,6.43E-06
935500,1.68E-05
935600,0.0001309
935700,1.83E-05
935800,5.94E-06
935900,3.63E-05
936001,9.87E-07
936002,4.95E-06
936100,0
936200,0
936300,0
936400,7.42E-06
936501,1.48E-05
936502,6.93E-06
936600,8.40E-06
936700,4.95E-07
936800,4.45E-06
936900,3.47E-06
937000,1.48E-06
937100,1.39E-05
937200,9.87E-06
937300,1.09E-05
937400,6.43E-06
937500,1.19E-05
937600,1.04E-05
937700,9.87E-06
937800,3.96E-06
937900,1.79E-05
938000,2.58E-05
938100,3.82E-05
938201,2.37E-05
938202,1.09E-05
938301,2.97E-05
938302,1.09E-05
938303,1.34E-05
938400,4.58E-05
938500,4.56E-05
938602,3.38E-05
938603,1.48E-06
938604,4.45E-06
938701,2.18E-05
938702,0
938800,0
938900,0
939000,3.47E-06
939100,7.42E-06
939200,8.40E-06
939301,0
939302,7.91E-06
939400,2.48E-06
939500,4.45E-06
939600,6.93E-06
939700,1.14E-05
939800,7.42E-06
939900,3.49E-05
940001,2.48E-06
940002,1.98E-06
940100,6.93E-06
940200,7.42E-06
940300,0
940400,0
940500,6.93E-06
940600,9.87E-07
940701,4.95E-06
940702,1.09E-05
940800,1.53E-05
940900,2.97E-06
941002,2.48E-06
941003,9.38E-06
941004,2.97E-06
941005,9.87E-07
941100,3.47E-06
941200,1.34E-05
941300,4.95E-06
941402,1.09E-05
941403,5.94E-06
941404,2.48E-06
941500,0
941600,9.87E-07
941700,3.96E-06
941800,0
941900,2.82E-05
942000,1.19E-05
942100,2.23E-05
942201,1.14E-05
942202,3.96E-06
942203,4.01E-05
942300,1.58E-05
942400,1.53E-05
942500,2.72E-05
942600,2.32E-05
942701,2.18E-05
942702,1.44E-05
942800,1.93E-05
942900,1.44E-05
943000,1.19E-05
943100,2.67E-05
943200,1.14E-05
943300,2.03E-05
943401,1.44E-05
943402,2.72E-05
943403,2.67E-05
943500,2.72E-05
943600,1.79E-05
943700,2.87E-05
943800,1.83E-05
943900,0.000134637
944000,1.48E-05
944100,5.94E-06
944200,1.09E-05
944300,4.21E-05
944400,1.09E-05
944500,4.95E-07
944600,8.89E-06
944700,2.03E-05
944800,2.08E-05
944900,8.89E-06
945000,2.37E-05
945100,1.29E-05
945200,9.87E-06
945300,8.40E-06
945400,1.39E-05
945500,3.96E-06
945600,1.34E-05
945700,7.91E-06
945800,1.53E-05
945900,1.24E-05
946000,8.89E-06
946100,2.03E-05
946200,1.53E-05
946300,1.44E-05
946400,9.87E-06
946500,1.58E-05
946600,3.37E-05
946700,4.95E-07
946800,1.44E-05
946900,1.98E-05
947000,1.48E-06
947100,1.98E-06
947200,1.98E-05
947300,4.95E-06
947400,6.93E-06
947500,1.74E-05
947600,4.95E-07
947700,1.48E-06
947800,1.44E-05
947900,6.43E-06
948001,1.04E-05
948002,1.48E-06
948100,7.91E-06
948200,1.39E-05
948300,1.29E-05
948400,1.34E-05
948500,1.63E-05
948600,1.29E-05
948700,7.42E-06
948801,1.68E-05
948802,1.98E-06
948900,1.74E-05
949000,4.45E-06
949100,6.43E-06
949200,5.94E-06
949300,6.93E-06
949400,2.27E-05
949500,1.68E-05
949601,5.45E-06
949602,3.96E-06
949700,3.69E-05
949800,2.72E-05
949900,1.53E-05
950000,8.40E-06
950100,2.58E-05
950200,1.19E-05
950300,2.77E-05
950400,1.93E-05
950500,1.34E-05
950600,1.48E-06
950700,7.91E-06
950800,8.40E-06
950900,2.97E-06
951001,6.43E-06
951002,8.89E-06
951101,2.48E-06
951102,9.38E-06
951201,0
951202,1.14E-05
951300,1.79E-05
951400,6.43E-06
951500,0.000269266
951600,6.43E-06
951704,3.46E-05
951705,5.94E-05
951706,6.04E-05
951707,0.0001358
951708,3.22E-05
951709,6.43E-06
951710,4.45E-05
951711,9.87E-07
951801,2.18E-05
951802,9.87E-07
951803,9.87E-07
951902,2.13E-05
951903,3.82E-05
951904,2.72E-05
951905,2.37E-05
951906,1.88E-05
951907,2.18E-05
951908,3.27E-05
951909,2.23E-05
951910,1.44E-05
951911,0.0001106
951912,4.90E-05
951913,0.000196
952006,2.53E-05
952007,1.68E-05
952008,1.74E-05
952009,2.18E-05
952010,2.53E-05
952015,3.27E-05
952018,4.80E-05
952019,2.27E-05
952020,3.82E-05
952021,3.56E-05
952023,2.18E-05
952026,2.18E-05
952027,3.22E-05
952028,9.87E-06
952029,2.77E-05
952030,2.27E-05
952031,3.86E-05
952032,1.79E-05
952033,2.27E-05
952034,2.08E-05
952035,1.88E-05
952036,1.39E-05
952037,1.48E-05
952038,5.30E-05
952039,1.83E-05
952040,1.48E-05
952041,1.34E-05
952042,1.58E-05
952043,1.48E-05
952044,8.89E-06
952045,6.93E-06
952046,1.74E-05
952047,1.29E-05
952048,1.44E-05
952049,1.44E-05
952050,1.53E-05
952051,1.39E-05
952052,4.45E-06
952053,4.95E-06
952054,2.48E-06
952055,4.45E-06
952056,1.48E-06
952057,3.47E-06
952058,7.42E-06
952059,1.14E-05
952060,1.63E-05
952061,1.44E-05
952062,1.44E-05
952063,1.44E-05
952064,1.74E-05
952065,1.44E-05
952066,1.39E-05
952067,4.45E-06
952068,2.13E-05
952104,1.88E-05
952105,3.71E-05
952106,4.26E-05
952107,3.07E-05
952108,1.93E-05
952109,2.77E-05
952113,2.18E-05
952114,1.98E-05
952115,3.37E-05
952116,2.27E-05
952117,2.08E-05
952118,2.18E-05
952119,2.18E-05
952120,1.98E-05
952121,1.58E-05
952122,7.91E-06
952123,1.09E-05
952124,1.39E-05
952125,2.03E-05
952126,2.37E-05
952127,1.34E-05
952201,1.14E-05
952202,6.93E-06
952203,7.91E-06
952204,1.79E-05
952205,1.19E-05
952206,1.09E-05
952207,1.44E-05
952208,5.94E-06
952209,1.83E-05
952210,1.04E-05
952211,4.95E-06
952212,3.96E-06
952213,1.19E-05
952214,2.62E-05
952215,1.24E-05
952216,9.87E-06
952217,8.40E-06
952218,7.42E-06
952219,1.24E-05
952220,5.94E-06
952221,1.09E-05
952222,1.88E-05
952223,1.34E-05
952224,1.44E-05
952225,1.53E-05
952226,7.42E-06
952227,1.09E-05
952228,7.91E-06
952229,1.14E-05
952230,1.19E-05
952231,1.74E-05
952232,7.42E-06
952233,1.83E-05
952234,9.87E-06
952235,1.14E-05
952236,1.79E-05
952237,6.93E-06
952238,1.14E-05
952239,2.03E-05
952302,2.27E-05
952304,1.19E-05
952305,2.23E-05
952306,1.44E-05
952308,2.43E-05
952309,2.08E-05
952310,1.79E-05
952311,1.09E-05
952312,8.89E-06
952313,3.66E-05
952314,5.25E-05
952316,2.72E-05
952317,2.58E-05
952318,2.53E-05
952319,1.14E-05
952320,1.29E-05
952321,3.61E-05
952322,0.0002107
952323,3.51E-05
952324,5.89E-05
952325,5.54E-05
952326,3.17E-05
952327,2.43E-05
952328,1.19E-05
952329,1.53E-05
952330,1.68E-05
952331,1.44E-05
952332,1.39E-05
952333,1.48E-05
952334,7.91E-06
952400,7.95E-05
952500,2.08E-05
952601,6.43E-06
952602,5.45E-06
952700,1.44E-05
952800,2.37E-05
952900,3.86E-05
953001,2.48E-06
953002,2.18E-05
953100,2.67E-05
953200,2.92E-05
953300,1.19E-05
953400,1.09E-05
953500,1.09E-05
953600,1.63E-05
953700,3.86E-05
953800,1.98E-05
953900,2.08E-05
954000,1.98E-05
954100,1.74E-05
954203,0
954204,7.42E-06
954206,1.83E-05
954207,1.74E-05
954208,2.72E-05
954209,2.03E-05
954210,2.27E-05
954211,1.48E-06
954300,4.95E-07
954403,1.93E-05
954405,1.48E-05
954406,1.58E-05
954407,2.18E-05
954408,1.79E-05
954409,2.48E-06
954410,1.48E-06
954411,1.14E-05
954412,9.87E-07
954500,3.51E-05
954600,2.18E-05
954700,3.76E-05
954801,2.43E-05
954802,1.48E-06
954901,2.97E-06
954903,3.96E-06
954904,4.45E-06
955000,1.44E-05
955100,1.14E-05
955201,8.40E-06
955202,1.79E-05
955203,1.79E-05
955204,6.43E-06
955300,0
955400,2.53E-05
955500,3.82E-05
955600,1.88E-05
955700,2.67E-05
955800,9.87E-06
955900,5.10E-05
956001,5.20E-05
956002,4.40E-05
956100,3.46E-05
956200,2.03E-05
956300,3.07E-05
956401,5.99E-05
956402,1.79E-05
956500,2.77E-05
956601,4.75E-05
956602,4.56E-05
956700,5.56E-05
956802,2.67E-05
956803,1.09E-05
956804,1.34E-05
956805,1.14E-05
956806,1.83E-05
956900,1.34E-05
957000,1.79E-05
957100,1.83E-05
957200,1.79E-05
957300,9.87E-06
957401,2.67E-05
957402,1.19E-05
957500,2.32E-05
957600,2.53E-05
957700,4.45E-05
957801,3.47E-06
957802,3.61E-05
957901,3.56E-05
957902,1.93E-05
958000,1.63E-05
958100,7.91E-06
958200,3.56E-05
958300,8.89E-06
958401,0
958402,3.66E-05
958501,1.98E-05
958502,1.19E-05
958503,1.09E-05
958504,1.53E-05
958600,1.14E-05
958700,2.67E-05
958800,3.02E-05
958901,3.47E-06
958902,7.98E-05
959001,6.93E-06
959002,9.45E-05
959101,2.23E-05
959102,1.44E-05
959103,1.88E-05
959104,2.23E-05
959107,8.89E-06
959108,2.27E-05
959109,6.43E-06
959110,1.93E-05
959111,1.83E-05
959112,1.53E-05
959113,1.39E-05
959114,0
959115,2.97E-06
959201,1.68E-05
959202,6.43E-06
959203,8.40E-06
959204,2.13E-05
959300,1.34E-05
959400,2.97E-06
959500,1.63E-05
959600,2.48E-05
959700,3.07E-05
959800,3.22E-05
959901,1.14E-05
959902,1.39E-05
959903,9.38E-06
959904,4.45E-06
959905,8.40E-06
960003,6.43E-06
960004,8.89E-06
960005,1.14E-05
960006,1.48E-06
960007,1.14E-05
960008,1.39E-05
960009,7.42E-06
960100,3.66E-05
960200,1.34E-05
960300,7.28E-05
960400,8.54E-05
960500,7.65E-05
960601,1.98E-05
960602,8.89E-06
960603,2.77E-05
960604,1.68E-05
960700,9.38E-06
960800,1.24E-05
960901,1.79E-05
960902,2.92E-05
960903,1.44E-05
960904,1.09E-05
961000,3.61E-05
961100,3.22E-05
961200,2.23E-05
961300,2.08E-05
961400,4.40E-05
961500,2.48E-05
961600,2.43E-05
961700,3.82E-05
961800,2.92E-05
961900,3.27E-05
962000,1.09E-05
962100,2.03E-05
962200,7.53E-05
962300,2.18E-05
962400,2.37E-05
962500,2.97E-05
962601,3.12E-05
962602,0
962700,4.95E-07
962800,0
962900,4.45E-06
963000,2.97E-06
963100,7.91E-06
963200,3.32E-05
963300,3.82E-05
963400,6.25E-05
963500,2.62E-05
963600,2.48E-05
963700,1.53E-05
963800,3.77E-05
963900,3.46E-05
964000,4.37E-05
964100,3.76E-05
964200,1.88E-05
964300,2.72E-05
964400,1.88E-05
964500,1.24E-05
964600,1.79E-05
964700,2.67E-05
964800,1.19E-05
964900,0.000141049
965000,5.94E-06
965100,3.47E-06
965200,3.96E-06
965300,1.98E-06
965400,2.32E-05
965501,3.32E-05
965502,3.42E-05
965504,3.42E-05
965505,2.48E-06
965600,1.39E-05
965700,4.21E-05
965800,1.19E-05
965900,2.37E-05
966001,8.89E-06
966002,5.45E-06
966003,1.19E-05
966004,1.39E-05
966101,9.38E-06
966102,9.38E-06
966103,5.94E-06
966104,7.42E-06
966201,8.89E-06
966202,7.91E-06
966203,8.40E-06
966204,8.40E-06
966300,0.000535488
966400,0
966500,5.31E-05
966600,5.45E-05
966700,4.16E-05
966800,3.66E-05
966901,1.98E-06
966902,6.93E-06
966903,4.45E-06
966904,3.43E-05
966905,8.40E-06
967001,9.38E-06
967002,7.91E-06
967003,1.09E-05
967004,6.93E-06
967005,1.09E-05
967006,7.91E-06
967100,3.12E-05
967201,1.58E-05
967202,1.68E-05
967203,2.23E-05
967300,5.94E-06
967401,3.22E-05
967402,3.96E-05
967500,5.25E-05
967601,3.46E-05
967602,4.80E-05
967700,4.16E-05
967801,2.27E-05
967802,1.63E-05
967901,2.82E-05
967902,3.86E-05
968000,4.21E-05
968101,2.87E-05
968102,4.61E-05
968201,1.14E-05
968202,3.53E-05
968203,1.24E-05
968204,1.09E-05
968301,1.83E-05
968302,1.19E-05
968400,1.88E-05
968501,2.37E-05
968503,1.24E-05
968504,1.29E-05
968505,1.19E-05
968506,9.87E-06
968507,7.42E-06
968601,1.39E-05
968602,8.40E-06
968603,7.91E-06
968604,7.91E-06
968605,1.68E-05
968701,1.88E-05
968702,2.13E-05
968703,1.83E-05
968705,6.93E-06
968706,3.96E-06
968707,5.94E-06
968708,1.04E-05
968709,5.94E-06
968710,3.96E-06
968711,5.94E-06
968800,2.92E-05
968900,2.23E-05
969000,9.38E-06
969100,1.39E-05
969201,4.45E-06
969203,7.42E-06
969204,1.09E-05
969205,0
969300,1.83E-05
969400,1.14E-05
969500,9.38E-06
969601,3.47E-06
969602,9.38E-06
969603,8.89E-06
969701,4.95E-06
969702,5.94E-06
969703,1.98E-06
969704,1.14E-05
969705,8.89E-06
969706,5.45E-06
969707,3.96E-06
969708,6.93E-06
969709,7.42E-06
969800,4.21E-05
969900,1.24E-05
970000,2.72E-05
970100,9.38E-06
970200,1.63E-05
970300,9.38E-06
970401,7.42E-06
970402,9.87E-06
970403,5.45E-06
970404,3.58E-05
970405,9.38E-06
970406,4.95E-06
970500,2.23E-05
970601,9.38E-06
970602,1.83E-05
970603,1.04E-05
970700,2.37E-05
970800,3.12E-05
970900,1.48E-05
971000,2.32E-05
971100,1.68E-05
971200,4.66E-05
971300,1.98E-05
971400,1.19E-05
971500,2.77E-05
971601,1.39E-05
971602,8.89E-06
971700,3.07E-05
971800,1.68E-05
971900,2.27E-05
972000,2.32E-05
972100,1.79E-05
972201,1.34E-05
972202,5.94E-06
972203,1.19E-05
972204,5.94E-06
972301,7.91E-06
972302,3.47E-06
972303,1.14E-05
972304,7.91E-06
972400,1.88E-05
972500,2.23E-05
972600,2.62E-05
972700,2.82E-05
972800,1.93E-05
972901,3.96E-05
972902,4.61E-05
972903,1.24E-05
973000,1.48E-06
973100,0
973200,0
973300,1.48E-06
973400,4.95E-07
973500,9.87E-06
973600,0.000134637
973700,0
973800,4.95E-07
973900,1.14E-05
974000,1.29E-05
974100,1.44E-05
974200,1.14E-05
974300,1.79E-05
974400,1.63E-05
974500,1.74E-05
974601,7.42E-06
974602,9.38E-06
974701,4.95E-06
974702,1.58E-05
974800,1.34E-05
974901,5.94E-06
974902,6.43E-06
974903,6.43E-06
974904,1.14E-05
974905,6.93E-06
975000,1.48E-05
975100,1.63E-05
975200,1.14E-05
975300,1.58E-05
975402,1.29E-05
975403,4.16E-05
975404,1.34E-05
975500,4.01E-05
975600,9.38E-06
975700,3.66E-05
975801,1.63E-05
975802,9.38E-06
975803,3.47E-06
975900,1.63E-05
976001,1.39E-05
976002,0
976003,1.48E-06
976004,1.04E-05
976101,3.71E-05
976102,1.29E-05
976200,4.26E-05
976300,3.86E-05
976400,2.95E-05
976500,5.45E-06
976600,1.48E-06
976701,4.95E-07
976702,3.47E-06
976712,2.37E-05
976713,3.37E-05
976714,8.40E-06
976715,2.97E-05
976716,2.48E-06
976717,4.95E-05
976721,1.53E-05
976722,4.06E-05
976723,3.86E-05
976724,2.32E-05
976725,1.68E-05
976726,3.82E-05
976727,3.27E-05
976728,1.74E-05
976729,8.68E-05
976730,5.25E-05
976731,6.14E-05
976732,4.66E-05
976733,4.21E-05
976734,1.34E-05
976735,1.68E-05
976736,3.12E-05
976737,1.68E-05
976738,1.04E-05
976739,7.42E-06
976801,1.44E-05
976802,3.47E-06
976901,6.69E-05
976902,1.34E-05
977001,1.04E-05
977002,1.09E-05
977100,1.24E-05
977201,9.87E-06
977202,4.95E-07
977301,1.48E-06
977305,2.23E-05
977306,4.80E-05
977307,2.18E-05
977308,2.67E-05
977309,3.37E-05
977310,2.97E-05
977311,2.72E-05
977400,2.27E-05
977500,2.92E-05
977600,1.98E-05
977701,1.58E-05
977702,9.38E-06
977703,1.29E-05
977801,1.79E-05
977802,1.88E-05
977803,1.98E-05
977901,1.48E-06
977902,2.97E-06
978001,3.79E-05
978002,1.53E-05
978003,6.93E-06
978004,4.95E-06
978005,1.98E-06
978102,6.43E-06
978107,3.82E-05
978108,5.25E-05
978109,2.53E-05
978110,3.37E-05
978112,2.23E-05
978113,2.72E-05
978114,2.53E-05
978115,2.87E-05
978116,4.11E-05
978117,3.22E-05
978118,6.43E-06
978119,1.19E-05
978120,9.38E-06
978121,1.68E-05
978122,5.45E-06
978123,9.87E-06
978124,8.40E-06
978125,1.98E-06
978200,3.37E-05
978300,2.37E-05
978400,3.82E-05
978500,7.00E-05
978600,1.44E-05
978700,2.43E-05
978801,2.82E-05
978803,1.48E-06
978804,0
978900,4.95E-07
979000,0
979101,2.77E-05
979102,2.23E-05
979200,5.94E-06
979302,2.53E-05
979303,3.02E-05
979304,4.45E-05
979400,9.38E-06
979500,4.95E-07
979601,3.47E-06
979602,2.97E-06
979603,1.83E-05
979604,3.96E-06
979700,6.43E-06
979801,3.47E-06
979802,0
979803,0
979804,7.91E-06
979900,2.08E-05
980001,2.27E-05
980002,3.71E-05
980003,1.53E-05
980101,1.19E-05
980102,4.95E-06
980103,1.19E-05
980104,4.95E-06
980105,9.38E-06
980200,6.93E-06
980300,4.61E-05
980400,2.48E-05
980500,2.27E-05
980600,2.23E-05
980700,5.45E-06
980800,2.23E-05
980900,2.87E-05
981001,2.87E-05
981002,0
981100,9.87E-06
981200,1.19E-05
981300,1.29E-05
981400,1.24E-05
981500,1.48E-05
981600,2.18E-05
981700,1.48E-06
981800,7.91E-06
981900,2.75E-05
982000,4.45E-06
982100,1.09E-05
982200,1.04E-05
982301,3.17E-05
982302,3.76E-05
982400,4.45E-06
982500,9.38E-06
982600,6.43E-06
982700,1.53E-05
982800,1.19E-05
982901,9.87E-06
982902,1.19E-05
983001,9.38E-06
983002,2.23E-05
983003,1.19E-05
983004,0.000150989
983101,1.83E-05
983102,1.79E-05
983103,2.32E-05
983200,1.44E-05
983301,4.83E-05
983303,0
983304,8.40E-06
983305,4.95E-06
983306,5.94E-06
983400,1.19E-05
983500,1.19E-05
983600,1.09E-05
983701,5.45E-06
983702,3.47E-06
983800,9.38E-06
983900,1.39E-05
984000,7.42E-06
984100,1.58E-05
984200,2.67E-05
984300,9.87E-06
984402,1.14E-05
984404,9.87E-06
984405,1.79E-05
984406,1.48E-05
984409,1.34E-05
984410,1.48E-06
984411,6.43E-06
984412,7.91E-06
984413,0
984414,9.87E-07
984415,0
984501,2.18E-05
984502,1.74E-05
984505,2.82E-05
984506,2.53E-05
984507,1.93E-05
984508,2.32E-05
984509,1.74E-05
984600,1.74E-05
984701,1.79E-05
984702,9.38E-06
984703,9.87E-06
984704,2.62E-05
984705,1.44E-05
984706,8.40E-06
984800,5.36E-05
984900,0.000549923
985000,4.45E-06
985100,2.43E-05
985200,8.36E-05
985300,1.93E-05
985400,2.37E-05
985500,1.29E-05
985601,1.14E-05
985602,3.96E-06
985603,6.43E-06
985700,2.62E-05
985801,1.39E-05
985803,3.96E-06
985804,6.93E-06
985901,4.95E-05
985902,3.96E-06
986000,0.000154909
986100,2.82E-05
986201,4.95E-06
986202,1.09E-05
986203,8.89E-06
986300,2.43E-05
986400,8.89E-06
986500,1.88E-05
986601,8.89E-06
986602,8.89E-06
986603,1.14E-05
986604,1.29E-05
986605,6.43E-06
986700,1.88E-05
986800,6.93E-06
986900,6.93E-06
987000,9.38E-06
987100,1.68E-05
987200,7.91E-06
987300,1.48E-05
987400,3.47E-06
987500,1.44E-05
987600,2.03E-05
987700,7.42E-06
987801,4.95E-07
987802,9.87E-07
987803,4.95E-06
987901,4.01E-05
987902,5.45E-05
988000,1.19E-05
988100,2.03E-05
988200,9.87E-06
988300,2.67E-05
988400,1.48E-05
988501,1.48E-06
988502,1.04E-05
988600,2.08E-05
988700,2.67E-05
988800,2.43E-05
988901,2.53E-05
988902,4.95E-07
989000,1.04E-05
989100,2.43E-05
989201,4.23E-05
989202,8.89E-06
989301,1.19E-05
989303,7.42E-06
989304,8.40E-06
989305,1.19E-05
989306,6.43E-06
989307,6.93E-06
989308,1.24E-05
989309,1.14E-05
989310,2.97E-06
989311,1.48E-06
989400,2.13E-05
989500,1.24E-05
989600,1.34E-05
989700,1.14E-05
989800,9.38E-06
989901,0.000163379
989902,2.67E-05
990000,1.74E-05
990100,4.51E-05
990200,3.12E-05
990300,1.88E-05
990400,2.43E-05
990500,1.24E-05
990600,2.27E-05
990700,2.08E-05
990800,1.88E-05
990900,4.26E-05
991000,1.58E-05
991100,1.48E-05
991200,4.45E-06
991301,7.42E-06
991302,1.48E-06
991303,2.48E-06
991400,6.43E-06
991500,1.09E-05
991600,4.45E-06
991702,0
991703,6.93E-06
991704,0
991800,1.79E-05
991900,1.53E-05
992000,1.93E-05
992100,8.89E-06
992200,4.95E-07
992301,3.33E-05
992302,0
992303,0
992400,4.02E-05
992500,0.000507768
992600,3.77E-05
992701,6.93E-06
992702,5.45E-06
992801,3.15E-05
992802,3.96E-06
992900,8.40E-06
993000,0
993102,2.69E-05
993103,1.48E-06
993104,1.48E-06
993200,2.48E-06
993300,9.35E-05
993400,0
993500,5.94E-06
993600,3.47E-06
993700,9.87E-07
993800,2.48E-06
993900,8.89E-06
994000,8.89E-06
994101,9.87E-07
994103,1.48E-06
994104,1.63E-05
994200,4.01E-05
994300,1.93E-05
994400,1.19E-05
994501,1.98E-06
994502,4.95E-07
994600,1.04E-05
994701,9.87E-07
994702,8.89E-06
994703,5.94E-06
994800,9.87E-06
994900,9.87E-06
995000,1.68E-05
995100,1.88E-05
995200,1.19E-05
995300,6.43E-06
995400,1.48E-06
995501,1.79E-05
995502,4.45E-06
995600,7.42E-06
995701,2.67E-05
995702,4.95E-07
995802,4.95E-06
995803,1.48E-06
995804,6.43E-06
995901,9.87E-07
995902,1.74E-05
996000,1.88E-05
996101,0
996102,4.95E-06
996200,1.44E-05
996300,4.61E-05
996400,1.58E-05
996500,6.75E-05
996600,1.63E-05
996700,2.43E-05
996800,1.09E-05
996900,1.68E-05
997000,1.48E-06
997100,1.68E-05
997200,1.98E-05
997300,3.47E-06
997400,1.83E-05
997500,1.74E-05
997600,1.39E-05
997700,8.40E-06
997800,4.45E-06
997900,1.98E-06
998000,0
998100,4.95E-07
998200,1.34E-05
998300,0
998400,0
998500,2.58E-05
998600,3.97E-05
998700,0
998800,2.27E-05
998901,1.24E-05
998902,9.87E-07
999000,3.17E-05
999101,0
999102,4.35E-05
999201,4.95E-06
999202,1.48E-06
999300,1.63E-05
999400,3.27E-05
999500,0
999600,0
999700,1.48E-05
999800,1.14E-05
999900,2.08E-05
1000000,1.93E-05
1000100,8.89E-06
1000200,6.43E-06
1000300,1.63E-05
1000400,8.89E-06
1000500,1.63E-05
1000600,1.39E-05
1000700,8.40E-06
1000800,4.95E-06
1000900,1.83E-05
1001002,1.68E-05
1001003,2.39E-05
1001004,5.45E-06
1001101,8.89E-06
1001103,9.87E-06
1001104,3.53E-05
1001105,8.12E-05
1001201,0
1001202,2.97E-06
1001203,1.53E-05
1001300,5.45E-06
1001401,1.68E-05
1001402,5.94E-06
1001501,7.42E-06
1001502,6.43E-06
1001601,4.95E-07
1001602,9.87E-07
1001700,3.47E-06
1001800,1.14E-05
1001900,1.68E-05
1002000,9.38E-06
1002100,6.93E-06
1002200,6.93E-06
1002300,1.53E-05
1002400,5.94E-06
1002500,1.68E-05
1002600,4.45E-06
1002701,4.45E-06
1002703,9.87E-07
1002704,0
1002802,1.48E-06
1002803,9.87E-07
1002804,3.47E-06
1002805,9.87E-07
1002806,4.95E-07
1002900,1.53E-05
1003000,8.40E-06
1003100,1.14E-05
1003200,1.09E-05
1003300,8.89E-06
1003400,5.94E-06
1003501,9.87E-07
1003502,1.88E-05
1003600,1.68E-05
1003700,8.89E-06
1003800,6.43E-06
1003900,9.38E-06
1004000,3.33E-05
1004101,5.94E-06
1004102,2.97E-06
1004200,4.95E-06
1004300,1.34E-05
1004400,1.29E-05
1004500,8.85E-05
1004600,8.89E-06
1004700,2.48E-05
1004800,6.43E-06
1004901,2.97E-06
1004902,0.000108469
1005002,0
1005003,0
1005004,0
1005101,2.48E-05
1005102,7.91E-06
1005200,1.79E-05
1005300,2.13E-05
1005400,1.98E-06
1005500,0
1005600,1.44E-05
1005700,1.83E-05
1005800,9.87E-06
1005900,4.95E-06
1006000,2.32E-05
1006100,4.45E-06
1006200,5.45E-06
1006301,1.48E-06
1006302,1.14E-05
1006400,4.52E-05
1006500,1.74E-05
1006600,7.91E-06
1006700,9.87E-07
1006800,2.03E-05
1006900,1.44E-05
1007001,1.29E-05
1007002,0
1007100,1.29E-05
1007201,0
1007202,2.48E-06
1007300,3.63E-05
1007400,2.54E-05
1007500,1.09E-05
1007601,0
1007602,1.29E-05
1007700,3.82E-05
1007800,2.27E-05
1007900,9.87E-07
1008000,6.93E-06
1008100,3.32E-05
1008200,1.24E-05
1008300,8.89E-06
1008400,8.89E-06
1008500,1.93E-05
1008600,1.34E-05
1008701,5.45E-06
1008702,5.45E-06
1008800,1.44E-05
1008900,1.44E-05
1009000,2.48E-06
1009100,1.83E-05
1009200,1.09E-05
1009300,2.37E-05
1009400,8.89E-06
1009500,1.53E-05
1009600,2.62E-05
1009700,2.72E-05
1009801,1.79E-05
1009802,1.48E-06
1009900,1.68E-05
1010000,3.96E-06
1010101,9.87E-07
1010102,2.97E-06
1010103,4.95E-06
1010201,3.96E-06
1010202,9.87E-06
1010300,6.43E-06
1010400,3.47E-06
1010500,1.19E-05
1010600,8.40E-06
1010701,1.93E-05
1010702,3.96E-06
1010801,1.04E-05
1010802,0
1010900,1.19E-05
1011000,1.98E-06
1011100,8.89E-06
1011200,4.02E-05
1011301,9.87E-07
1011302,4.95E-07
1011303,4.95E-07
1011401,4.95E-06
1011403,0
1011404,4.95E-07
1011405,0
1011500,5.45E-06
1011601,4.95E-07
1011602,3.96E-06
1011603,1.48E-06
1011604,0
1011701,3.47E-06
1011702,9.87E-07
1011800,6.93E-06
1011900,2.48E-06
1012000,3.47E-06
1012100,2.48E-06
1012200,0.000166052
1012300,0
1012400,3.96E-06
1012500,3.47E-06
1012600,4.45E-06
1012700,1.39E-05
1012800,7.42E-06
1012900,3.96E-06
1013000,4.95E-07
1013100,4.95E-07
1013200,0
1013300,0
1013400,0
1013501,2.97E-06
1013502,2.48E-06
1013601,4.95E-07
1013602,4.95E-07
1013701,9.87E-06
1013702,3.47E-06
1013801,5.45E-06
1013802,4.95E-07
1013901,4.45E-06
1013902,0
1014001,1.48E-06
1014002,4.95E-07
1014100,5.45E-06
1014200,1.48E-06
1014300,1.98E-06
1014400,9.87E-07
1014500,7.42E-06
1014600,6.93E-06
1014700,1.48E-06
1014801,4.45E-06
1014802,4.95E-06
1014900,4.95E-06
1015000,7.42E-06
1015100,8.89E-06
1015200,3.96E-06
1015301,3.47E-06
1015302,0
1015400,1.83E-05
1015500,8.89E-06
1015600,1.04E-05
1015700,0.000268279
1015800,1.44E-05
1015900,8.40E-06
1016001,0
1016003,5.45E-06
1016004,0
1016005,5.94E-06
1016006,0
1016101,9.87E-07
1016102,4.95E-07
1016202,4.95E-07
1016203,3.96E-06
1016204,2.48E-06
1016301,7.91E-06
1016302,0
1016400,4.95E-07
1016500,3.47E-06
1016600,0
1016700,9.87E-07
1016800,3.96E-06
1016900,7.42E-06
1017000,9.87E-07
1017100,8.89E-06
1017200,2.97E-06
1017301,2.97E-06
1017302,3.47E-06
1017303,1.48E-06
1017400,9.09E-05
1017500,8.89E-06
1017600,1.83E-05
1017700,3.15E-05
1017800,4.95E-06
1017900,2.97E-06
1018000,9.87E-06
1018100,4.95E-06
1018200,1.14E-05
1018300,4.45E-06
1018401,3.47E-06
1018402,1.48E-06
1018500,3.96E-06
1018600,2.98E-05
1018700,7.42E-06
1018800,5.45E-06
1018900,0
1019000,1.19E-05
1019101,3.47E-06
1019102,2.97E-06
1019103,0
1019104,0
1019200,6.93E-06
1019300,3.12E-05
1019401,2.97E-06
1019402,0
1019500,1.58E-05
1019601,2.48E-06
1019602,4.95E-07
1019603,0
1019700,9.87E-07
1019800,2.37E-05
1019902,2.59E-05
1019903,9.87E-06
1019904,3.15E-05
1020001,7.42E-06
1020002,1.48E-06
1020101,9.87E-07
1020102,5.45E-06
1020201,1.09E-05
1020202,4.95E-07
1020301,6.43E-06
1020302,3.47E-06
1020400,2.08E-05
1020500,3.77E-05
1020600,2.03E-05
1020700,1.14E-05
1020800,1.29E-05
1020901,0
1020902,0
1021000,7.42E-06
1021100,4.95E-07
1021200,4.95E-06
1021301,4.95E-07
1021302,1.48E-06
1021400,1.63E-05
1021500,5.45E-06
1021600,4.45E-06
1021700,1.79E-05
1021800,1.63E-05
1021900,6.93E-06
1022000,9.87E-07
1022100,9.87E-06
1022200,1.39E-05
1022300,4.95E-06
1022400,9.87E-07
1022500,3.47E-06
1022600,0
1022700,8.40E-05
1022800,1.98E-06
1022900,3.47E-06
1023000,0.000166052
1023100,0.000177952
1023200,0
1023300,0.00016853
1023400,1.48E-06
1023500,2.97E-06
1023600,1.98E-06
1023700,3.96E-06
1023800,1.98E-06
1023900,2.48E-06
1024000,6.43E-06
1024100,1.98E-06
1024200,1.98E-06
1024300,5.94E-06
1024400,5.52E-05
1024500,2.48E-06
1024600,9.87E-07
1024700,1.98E-06
1024800,1.48E-06
1024900,9.87E-07
1025001,4.95E-07
1025002,3.96E-06
1025101,0
1025102,3.48E-05
1025201,2.48E-06
1025202,0
1025300,1.29E-05
1025400,8.30E-05
1025500,9.87E-07
1025600,1.48E-06
1025700,4.45E-06
1025801,4.95E-07
1025802,4.95E-07
1025803,2.48E-06
1025901,0
1025902,4.95E-07
1025903,0
1025904,0
1026001,4.95E-07
1026002,4.95E-07
1026003,4.95E-07
1026004,4.95E-07
1026005,4.95E-07
1026006,4.95E-07
1026007,4.95E-07
1026008,9.87E-07
1026101,4.95E-07
1026102,2.97E-06
1026103,1.98E-06
1026104,0
1026105,9.87E-07
1026106,0
1026107,9.87E-07
1026108,9.87E-07
1026109,1.48E-06
1026110,1.48E-06
1026200,4.25E-05
1026301,0
1026302,5.45E-06
1026401,0.000439677
1026402,9.87E-07
1026403,9.87E-07
1026404,2.48E-06
1026405,4.95E-07
1026406,9.87E-07
1026503,1.98E-06
1026504,9.87E-07
1026505,1.48E-06
1026506,9.87E-07
1026507,9.87E-07
1026508,9.87E-07
1026509,6.83E-05
1026510,3.96E-06
1026601,8.40E-05
1026602,0
1026701,5.94E-06
1026702,3.96E-06
1026800,2.55E-05
1026900,4.95E-07
1027000,3.47E-06
1027100,1.98E-06
1027200,9.87E-07
1027300,4.45E-06
1027400,4.45E-06
1027500,1.98E-06
1027601,4.45E-06
1027602,3.96E-06
1027702,5.45E-06
1027703,1.24E-05
1027704,7.91E-06
1027800,1.14E-05
1027900,4.95E-06
1028000,0.000172485
1028100,8.75E-05
1028200,4.95E-07
1028300,2.97E-06
1028400,6.93E-06
1028500,8.40E-06
1028600,4.45E-06
1028700,6.43E-06
1028801,0
1028802,5.45E-06
1028900,0
1029001,2.69E-05
1029002,8.40E-06
1029100,4.95E-07
1029200,3.96E-06
1029300,3.47E-06
1029400,1.98E-06
1029500,3.47E-06
1029600,7.91E-06
1029700,2.48E-06
1029800,2.97E-06
1029900,1.48E-06
1030000,8.40E-06
1030100,8.40E-06
1030200,4.45E-06
1030300,8.89E-06
1030400,4.45E-06
1030500,1.48E-06
1030600,4.95E-07
1030700,1.19E-05
1030800,9.38E-06
1030900,8.89E-06
1031000,6.93E-06
1031100,4.95E-07
1031200,6.43E-06
1031300,4.95E-06
1031400,9.87E-06
1031500,3.96E-06
1031600,1.19E-05
1031701,2.95E-05
1031702,8.40E-06
1031800,1.79E-05
1031900,1.79E-05
1032001,2.97E-06
1032002,2.23E-05
1032100,1.53E-05
1032201,3.96E-06
1032202,1.34E-05
1032300,1.04E-05
1032400,1.74E-05
1032500,1.53E-05
1032600,8.89E-06
1032700,1.39E-05
1032800,8.89E-06
1032900,5.94E-06
1033000,1.19E-05
1033100,0
1033200,9.87E-07
1033300,8.89E-06
1033400,1.68E-05
1033500,1.29E-05
1033600,1.53E-05
1033700,2.58E-05
1033800,5.94E-06
1033900,1.68E-05
1034000,4.95E-07
1034100,8.40E-06
1034200,1.88E-05
1034300,1.09E-05
1034400,8.89E-06
1034500,8.47E-05
1034600,1.48E-06
1034700,2.48E-06
1034800,0
1034900,9.87E-07
1035000,4.95E-07
1035100,4.95E-07
1035200,3.23E-05
1035300,1.34E-05
1035400,1.29E-05
1035500,3.81E-05
1035600,9.87E-06
1035700,8.40E-06
1035800,1.48E-05
1035900,1.39E-05
1036000,1.44E-05
1036100,1.29E-05
1036200,1.83E-05
1036300,1.53E-05
1036400,5.45E-06
1036500,2.27E-05
1036600,0
1036700,1.48E-06
1036800,1.48E-06
1036900,2.97E-06
1037000,5.45E-06
1037100,1.48E-06
1037200,1.98E-06
1037300,1.98E-05
1037400,8.40E-06
1037500,5.45E-06
1037600,1.48E-06
1037700,1.09E-05
1037800,2.97E-06
1037900,1.34E-05
1038000,3.96E-06
1038100,1.19E-05
1038200,1.63E-05
1038300,5.45E-06
1038400,4.45E-06
1038500,7.91E-06
1038600,3.47E-06
1038700,2.97E-06
1038800,7.42E-06
1038900,7.91E-06
1039000,1.88E-05
1039100,3.96E-06
1039201,0
1039202,4.45E-06
1039300,0.00041711
1039400,1.48E-06
1039501,8.30E-05
1039502,8.30E-05
1039503,8.30E-05
1039600,3.47E-06
1039700,9.87E-07
1039800,9.87E-07
1039900,3.47E-06
1040000,1.98E-06
1040100,4.45E-06
1040200,1.48E-06
1040300,0
1040400,3.96E-06
1040500,3.47E-06
1040600,0
1040700,1.98E-06
1040800,2.48E-06
1040900,2.97E-06
1041000,2.97E-06
1041100,2.97E-06
1041200,9.87E-07
1041300,6.93E-06
1041400,1.98E-06
1041500,4.95E-06
1041600,9.87E-07
1041701,2.48E-06
1041702,4.95E-07
1041703,4.95E-07
1041800,6.43E-06
1041901,5.45E-06
1041902,8.89E-06
1042000,4.95E-06
1042100,1.98E-06
1042200,4.95E-07
1042300,3.96E-06
1042400,8.40E-06
1042500,0.000134637
1042600,0
1042701,0.000849251
1042702,3.47E-06
1042703,8.60E-05
1042800,0
1042900,0
1043000,1.83E-05
1043101,5.94E-06
1043102,2.48E-06
1043202,0
1043203,9.87E-07
1043204,2.48E-06
1043205,0
1043206,2.48E-06
1043207,3.96E-06
1043208,1.48E-06
1043209,1.58E-05
1043210,5.45E-06
1043211,4.45E-06
1043212,9.87E-07
1043301,0
1043302,0
1043400,0
1043501,4.57E-05
1043502,4.95E-07
1043602,6.93E-06
1043603,0
1043604,9.87E-07
1043605,0
1043701,0
1043702,0
1043703,0
1043802,4.22E-05
1043803,0
1043804,0.000502798
1043805,2.85E-05
1043806,4.95E-06
1043900,3.96E-06
1044001,2.78E-05
1044002,1.04E-05
1044003,6.93E-06
1044004,7.91E-06
1044005,1.48E-06
1044006,7.91E-06
1044007,3.47E-06
1044100,4.82E-05
1044200,9.84E-05
1044300,7.21E-05
1044400,6.95E-05
1044500,8.65E-05
1044600,6.07E-05
1044700,3.73E-05
1044800,4.95E-07
1044900,2.48E-06
1045000,2.97E-06
1045102,0
1045103,1.09E-05
1045104,0
1045105,9.87E-07
1045106,4.95E-07
1045107,9.87E-07
1045108,1.98E-06
1045109,4.95E-07
1045110,4.95E-07
1045111,9.87E-07
1045112,0
1045113,9.87E-07
1045114,4.95E-07
1045200,0
1045301,0
1045302,0
1045401,6.15E-05
1045402,0
1045403,4.95E-06
1045404,2.97E-06
1045405,2.48E-06
1045406,3.47E-06
1045407,2.48E-06
1045408,2.97E-06
1045409,1.48E-06
1045410,1.98E-06
1045411,1.48E-06
1045412,3.47E-06
1045413,2.48E-06
1045414,1.48E-06
1045415,7.42E-06
1045504,2.77E-05
1045505,4.82E-05
1045507,0
1045508,2.08E-05
1045509,7.42E-06
1045510,1.74E-05
1045511,3.43E-05
1045512,1.98E-06
1045513,7.42E-06
1045516,3.47E-06
1045517,4.45E-06
1045518,2.74E-05
1045519,0.000498836
1045520,3.96E-06
1045522,1.48E-06
1045523,1.98E-06
1045524,1.98E-06
1045525,9.87E-07
1045526,0
1045527,1.98E-06
1045528,9.87E-07
1045600,1.04E-05
1045702,0
1045705,6.43E-06
1045706,9.87E-07
1045707,2.97E-06
1045708,1.98E-06
1045709,6.43E-06
1045710,2.49E-05
1045711,6.43E-06
1045712,4.45E-06
1045801,1.14E-05
1045802,3.33E-05
1045803,0
1045902,0
1045903,1.09E-05
1045905,6.41E-05
1045906,4.95E-06
1046005,3.76E-05
1046009,5.45E-06
1046010,1.74E-05
1046011,8.89E-06
1046012,4.01E-05
1046014,1.68E-05
1046015,2.97E-05
1046016,3.47E-06
1046017,5.94E-06
1046018,1.04E-05
1046019,2.32E-05
1046020,1.24E-05
1046021,4.45E-06
1046022,9.87E-07
1046023,5.94E-06
1046024,3.96E-06
1046025,7.91E-06
1046026,7.42E-06
1046027,6.43E-06
1046028,4.45E-06
1046029,6.93E-06
1046030,8.40E-06
1046031,7.91E-06
1046032,3.28E-05
1046033,7.42E-06
1046034,3.96E-06
1046035,8.89E-06
1046036,7.42E-06
1046037,7.42E-06
1046038,9.38E-06
1046039,4.45E-06
1046040,1.63E-05
1046100,4.95E-06
1046203,0
1046204,3.82E-05
1046205,0
1046206,0
1046207,0
1046208,0
1046301,0
1046302,9.87E-07
1046401,6.26E-05
1046402,2.03E-05
1046403,0
1046501,2.48E-05
1046502,6.43E-06
1046601,3.96E-06
1046602,2.97E-06
1046603,2.97E-06
1046604,3.08E-05
1046703,3.47E-06
1046704,0.000504268
1046705,4.95E-06
1046706,3.18E-05
1046707,1.14E-05
1046708,3.23E-05
1046709,2.74E-05
1046710,5.45E-06
1046711,4.95E-06
1046712,5.07E-05
1046801,7.91E-06
1046802,6.43E-06
1046803,7.91E-06
1046804,9.38E-06
1046805,5.94E-06
1046806,6.43E-06
1046807,4.45E-06
1046901,5.94E-06
1046902,3.96E-06
1046903,4.95E-06
1046904,1.34E-05
1046905,1.48E-06
1047004,6.93E-06
1047005,5.82E-05
1047006,1.63E-05
1047007,8.01E-05
1047008,1.24E-05
1047009,6.43E-06
1047101,6.35E-05
1047102,3.76E-05
1047103,1.53E-05
1047200,1.63E-05
1047300,0.000108911
1047400,0
1047501,0.000498346
1047502,7.42E-06
1047503,2.48E-06
1047601,2.48E-06
1047604,1.09E-05
1047605,2.97E-06
1047606,2.97E-06
1047607,3.96E-06
1047608,2.97E-06
1047609,1.98E-06
1047610,4.95E-06
1047611,0
1047701,3.82E-05
1047702,0
1047803,2.48E-06
1047804,0
1047805,1.04E-05
1047806,9.46E-05
1047903,3.33E-05
1047904,2.53E-05
1047905,3.47E-06
1047906,1.48E-06
1047907,2.49E-05
1047908,3.96E-06
1047909,2.97E-06
1047910,2.69E-05
1047911,2.48E-06
1047912,3.47E-06
1047913,2.48E-06
1047914,3.96E-06
1047915,1.48E-06
1048001,7.35E-05
1048002,4.95E-07
1048101,2.82E-05
1048102,0
1048200,0
1048302,0
1048303,0
1048304,9.87E-07
1048305,0
1048402,0
1048404,0
1048406,1.48E-06
1048407,0
1048408,0
1048409,0
1048500,9.87E-07
1048603,0
1048605,0
1048606,0
1048607,0
1048608,0
1048700,0.000503778
1048800,3.46E-05
1048900,2.27E-05
1049000,6.43E-06
1049100,1.48E-05
1049200,8.40E-06
1049300,0
1049400,1.48E-05
1049500,1.74E-05
1049601,3.12E-05
1049602,8.40E-06
1049700,1.04E-05
1049800,3.68E-05
1049900,4.66E-05
1050000,0
1050100,9.38E-06
1050200,1.58E-05
1050300,2.88E-05
1050400,1.09E-05
1050500,5.45E-06
1050600,0.000146999
1050700,6.43E-06
1050800,1.48E-06
1050901,7.42E-06
1050902,8.40E-06
1050903,4.45E-06
1051001,1.19E-05
1051002,3.47E-06
1051100,0
1051200,9.87E-06
1051300,2.48E-06
1051400,1.44E-05
1051500,1.29E-05
1051600,5.70E-05
1051700,1.39E-05
1051800,1.93E-05
1051900,1.14E-05
1052000,1.93E-05
1052100,1.09E-05
1052200,9.87E-07
1052300,9.87E-07
1052400,3.48E-05
1052500,3.96E-06
1052600,2.49E-05
1052700,1.58E-05
1052800,5.94E-06
1052900,5.07E-05
1053000,2.62E-05
1053100,8.40E-06
1053200,8.89E-06
1053300,4.95E-07
1053400,1.58E-05
1053500,0
1053600,1.79E-05
1053700,1.83E-05
1053800,1.88E-05
1053900,1.98E-05
1054000,1.39E-05
1054102,2.48E-06
1054103,9.87E-06
1054104,4.95E-06
1054105,9.87E-06
1054201,8.89E-06
1054202,7.91E-06
1054203,1.04E-05
1054301,6.93E-06
1054302,1.14E-05
1054400,1.98E-05
1054500,3.47E-06
1054600,3.43E-05
1054701,1.48E-05
1054702,1.98E-06
1054800,2.58E-05
1054900,1.48E-05
1055001,4.42E-05
1055002,3.52E-05
1055003,1.98E-05
1055100,2.67E-05
1055200,3.12E-05
1055300,1.93E-05
1055401,3.27E-05
1055402,1.63E-05
1055500,4.95E-07
1055600,9.87E-06
1055700,4.37E-05
1055800,9.87E-06
1055900,6.43E-06
1056001,5.45E-06
1056002,1.88E-05
1056100,7.83E-05
1056201,3.22E-05
1056202,0
1056300,2.32E-05
1056402,2.87E-05
1056403,1.98E-06
1056404,9.38E-06
1056502,8.35E-05
1056503,0
1056504,0
1056505,1.79E-05
1056601,7.42E-06
1056602,0
1056701,4.95E-07
1056703,0.000616476
1056704,0
1056705,6.64E-05
1056801,1.98E-05
1056802,1.79E-05
1056803,1.19E-05
1056900,1.44E-05
1057001,5.01E-05
1057002,0
1057003,1.98E-06
1057101,0
1057102,2.27E-05
1057201,1.53E-05
1057202,1.48E-06
1057302,4.07E-05
1057304,1.98E-06
1057305,3.47E-06
1057306,4.45E-06
1057401,2.97E-06
1057402,8.89E-06
1057403,2.75E-05
1057501,2.97E-05
1057502,1.88E-05
1057600,1.83E-05
1057701,6.93E-06
1057702,4.95E-07
1057801,5.45E-06
1057802,0
1057900,1.09E-05
1058000,2.48E-06
1058100,1.53E-05
1058200,2.37E-05
1058300,4.45E-06
1058400,6.43E-06
1058500,4.45E-06
1058600,6.93E-06
1058700,7.91E-06
1058801,5.45E-06
1058802,6.43E-06
1058901,3.96E-06
1058902,9.87E-07
1059001,4.45E-06
1059002,6.93E-06
1059003,9.38E-06
1059100,4.95E-06
1059202,0
1059208,0
1059209,3.96E-06
1059210,4.95E-07
1059211,5.45E-06
1059212,5.45E-06
1059213,9.87E-07
1059214,1.98E-06
1059215,3.08E-05
1059216,2.48E-06
1059217,4.45E-06
1059218,7.42E-06
1059219,7.91E-06
1059220,6.43E-06
1059221,2.48E-06
1059222,5.94E-06
1059223,2.97E-06
1059224,5.93E-05
1059225,2.93E-05
1059226,2.48E-06
1059302,9.87E-07
1059304,0
1059305,3.47E-06
1059306,4.95E-07
1059307,0.000526683
1059309,0.000107441
1059310,7.42E-06
1059311,4.95E-06
1059312,6.93E-06
1059313,6.43E-06
1059314,5.94E-06
1059315,2.59E-05
1059402,0
1059403,9.09E-05
1059404,0
1059503,5.45E-06
1059504,1.93E-05
1059505,0
1059506,0
1059507,0
1059603,5.45E-06
1059607,4.95E-06
1059608,4.45E-06
1059612,3.74E-05
1059613,0
1059614,0
1059615,0
1059616,5.45E-06
1059617,4.95E-06
1059618,2.97E-06
1059619,1.48E-06
1059620,4.95E-07
1059621,0
1059622,9.87E-07
1059623,9.87E-07
1059624,1.48E-06
1059625,1.98E-06
1059626,4.95E-06
1059627,1.48E-06
1059628,3.29E-05
1059629,4.95E-06
1059630,1.98E-06
1059631,1.48E-06
1059632,3.96E-06
1059633,9.87E-07
1059634,3.96E-06
1059635,4.95E-06
1059636,0
1059701,0
1059703,0
1059704,4.95E-07
1059804,2.97E-06
1059805,2.48E-06
1059806,9.87E-07
1059807,2.48E-06
1059808,1.48E-06
1059809,4.93E-05
1059810,1.98E-06
1059811,1.48E-06
1059812,2.97E-06
1059813,2.64E-05
1059814,5.45E-06
1059815,1.48E-06
1059816,2.48E-06
1059904,2.83E-05
1059905,5.94E-06
1059906,5.45E-06
1059907,3.47E-06
1059908,2.88E-05
1059909,2.88E-05
1059910,3.63E-05
1060003,3.47E-06
1060004,3.96E-06
1060005,1.09E-05
1060006,3.96E-06
1060007,1.48E-06
1060103,1.98E-06
1060104,1.98E-06
1060105,1.48E-06
1060106,3.47E-06
1060107,8.89E-06
1060109,1.48E-06
1060110,9.87E-07
1060111,4.95E-07
1060112,4.95E-07
1060210,1.48E-06
1060211,1.98E-06
1060212,1.98E-06
1060213,9.87E-07
1060214,2.97E-06
1060215,1.98E-06
1060216,2.48E-06
1060217,1.98E-06
1060218,9.87E-07
1060219,4.95E-07
1060220,1.48E-06
1060221,9.87E-07
1060222,1.48E-06
1060223,1.48E-06
1060224,4.95E-07
1060225,4.95E-07
1060226,4.95E-07
1060300,0
1060404,0
1060406,3.96E-06
1060408,3.47E-06
1060409,0
1060411,0
1060412,1.48E-06
1060413,1.98E-06
1060414,9.87E-07
1060415,2.74E-05
1060416,3.47E-06
1060417,1.48E-06
1060418,2.48E-06
1060419,4.45E-06
1060420,3.32E-05
1060421,4.66E-05
1060422,0.000116781
1060423,4.95E-07
1060424,1.98E-06
1060425,3.48E-05
1060426,3.47E-06
1060427,1.29E-05
1060428,8.89E-06
1060429,6.43E-06
1060430,6.43E-06
1060431,3.96E-06
1060432,3.96E-06
1060501,6.93E-06
1060502,8.40E-06
1060503,2.55E-05
1060601,0
1060602,0
1060701,3.12E-05
1060702,1.44E-05
1060703,2.92E-05
1060801,3.73E-05
1060802,1.34E-05
1060900,1.93E-05
1061001,3.96E-06
1061004,1.53E-05
1061005,5.71E-05
1061006,1.39E-05
1061007,3.87E-05
1061008,1.39E-05
1061009,7.42E-06
1061010,9.38E-06
1061100,0.000562468
1061201,6.81E-05
1061202,1.48E-05
1061300,1.24E-05
1061401,3.28E-05
1061402,6.43E-06
1061403,5.45E-06
1061404,4.95E-06
1061501,0
1061503,3.61E-05
1061506,1.29E-05
1061507,1.98E-05
1061508,1.39E-05
1061509,2.32E-05
1061601,1.29E-05
1061603,9.38E-06
1061604,1.19E-05
1061605,8.89E-06
1061606,8.89E-06
1061702,0
1061703,8.30E-05
1061704,0
1061800,2.82E-05
1061900,7.91E-06
1062000,1.39E-05
1062100,7.91E-06
1062200,5.45E-06
1062300,6.43E-06
1062400,4.45E-06
1062500,2.13E-05
1062600,1.29E-05
1062700,4.45E-06
1062800,2.48E-06
1062900,2.43E-05
1063000,1.58E-05
1063100,1.93E-05
1063200,1.48E-06
1063301,4.95E-07
1063303,7.42E-06
1063304,1.74E-05
1063306,1.88E-05
1063307,2.77E-05
1063401,1.83E-05
1063402,2.97E-06
1063500,6.93E-06
1063600,7.42E-06
1063700,1.39E-05
1063800,2.97E-06
1063901,9.87E-07
1063902,9.38E-06
1064000,1.68E-05
1064100,6.43E-06
1064200,7.42E-06
1064300,1.74E-05
1064400,4.95E-06
1064500,4.95E-07
1064600,1.14E-05
1064700,1.48E-06
1064800,2.97E-06
1064900,5.94E-06
1065000,8.89E-06
1065100,1.98E-06
1065200,1.48E-06
1065300,7.91E-06
1065400,1.24E-05
1065500,1.74E-05
1065600,1.34E-05
1065700,9.87E-06
1065800,1.14E-05
1065900,7.91E-06
1066000,4.45E-06
1066100,1.34E-05
1066200,8.40E-06
1066300,1.48E-05
1066400,6.93E-06
1066500,2.48E-06
1066600,4.45E-06
1066700,5.45E-06
1066800,1.44E-05
1066900,1.14E-05
1067000,7.91E-06
1067100,4.45E-06
1067200,5.45E-06
1067300,5.45E-06
1067400,9.87E-07
1067501,1.98E-06
1067502,2.97E-06
1067600,2.48E-06
1067700,2.48E-06
1067800,6.93E-06
1067903,8.40E-06
1067904,4.95E-06
1067905,1.19E-05
1067906,1.19E-05
1067907,2.97E-06
1067908,9.38E-06
1067909,5.94E-06
1068001,0.000162819
1068002,7.91E-06
1068100,5.94E-06
1068200,1.58E-05
1068301,1.58E-05
1068302,4.95E-07
1068400,3.33E-05
1068500,1.48E-05
1068600,1.09E-05
1068700,3.96E-06
1068800,6.43E-06
1068900,5.45E-06
1069000,5.94E-06
1069100,4.13E-05
1069200,2.48E-06
1069300,2.97E-06
1069401,1.39E-05
1069402,0
1069500,2.23E-05
1069600,8.89E-06
1069700,1.48E-05
1069800,1.93E-05
1069900,5.45E-06
1070000,8.40E-06
1070100,0.000146999
1070200,1.74E-05
1070300,2.67E-05
1070400,4.95E-06
1070500,2.48E-06
1070600,1.48E-06
1070700,4.95E-07
1070800,4.95E-07
1070900,0
1071000,2.39E-05
1071100,1.48E-06
1071200,3.47E-06
1071300,5.94E-06
1071401,2.37E-05
1071402,9.87E-06
1071501,1.98E-06
1071502,2.64E-05
1071600,3.82E-05
1071700,9.87E-07
1071800,2.37E-05
1071900,2.53E-05
1072000,1.74E-05
1072101,2.58E-05
1072102,4.45E-06
1072201,1.09E-05
1072202,1.34E-05
1072301,2.97E-06
1072302,1.09E-05
1072303,6.93E-06
1072304,7.91E-06
1072400,8.40E-06
1072501,9.87E-06
1072502,1.04E-05
1072601,2.82E-05
1072602,2.08E-05
1072700,2.58E-05
1072800,4.22E-05
1072900,4.45E-06
1073000,2.03E-05
1073100,1.53E-05
1073200,1.68E-05
1073300,3.17E-05
1073400,1.34E-05
1073500,1.98E-06
1073600,4.95E-06
1073700,9.87E-07
1073800,3.47E-06
1073901,1.48E-05
1073902,6.93E-06
1074000,5.94E-06
1074100,5.45E-06
1074200,2.48E-06
1074300,9.38E-06
1074400,4.95E-06
1074500,2.48E-06
1074600,3.47E-06
1074700,3.96E-06
1074800,9.38E-06
1074900,1.48E-06
1075000,4.45E-06
1075100,1.93E-05
1075200,1.04E-05
1075300,9.87E-07
1075400,4.45E-06
1075500,9.87E-06
1075602,0
1075603,5.94E-06
1075604,3.47E-06
1075700,1.98E-06
1075801,6.93E-06
1075802,8.89E-06
1075804,1.48E-06
1075805,3.07E-05
1075901,4.45E-06
1075902,3.54E-05
1076000,1.39E-05
1076100,1.19E-05
1076200,0
1076300,2.08E-05
1076400,1.63E-05
1076501,1.48E-05
1076502,0
1076601,1.14E-05
1076602,1.98E-06
1076700,4.45E-06
1076800,1.48E-06
1076900,4.45E-06
1077001,6.43E-06
1077002,3.47E-06
1077100,1.24E-05
1077201,3.49E-05
1077202,9.14E-05
1077300,6.93E-06
1077401,0.000506298
1077402,7.42E-06
1077403,1.14E-05
1077404,8.89E-06
1077501,8.89E-06
1077502,7.42E-06
1077503,7.91E-06
1077601,5.45E-06
1077602,6.93E-06
1077603,4.45E-06
1077700,2.18E-05
1077800,3.96E-05
1077901,6.93E-06
1077902,1.34E-05
1077903,2.97E-06
1078001,1.04E-05
1078002,7.42E-06
1078003,7.42E-06
1078004,3.96E-06
1078101,1.48E-06
1078102,5.94E-06
1078103,1.98E-06
1078104,1.14E-05
1078201,9.87E-06
1078202,9.87E-07
1078203,6.43E-06
1078204,8.89E-06
1078205,8.40E-06
1078300,2.37E-05
1078400,3.51E-05
1078500,6.43E-06
1078600,1.19E-05
1078700,0.000133146
1078800,6.93E-06
1078900,7.91E-06
1079000,4.45E-06
1079100,1.98E-05
1079200,4.87E-05
1079300,9.87E-07
1079400,4.45E-06
1079500,3.47E-06
1079600,6.43E-06
1079700,4.95E-07
1079800,2.37E-05
1079900,4.22E-05
1080000,1.04E-05
1080100,1.68E-05
1080200,3.37E-05
1080300,4.11E-05
1080400,9.87E-07
1080500,1.93E-05
1080600,2.32E-05
1080700,4.11E-05
1080800,3.23E-05
1080900,1.14E-05
1081001,1.98E-06
1081002,2.97E-06
1081003,1.98E-06
1081004,0.000500817
1081005,4.95E-07
1081006,2.74E-05
1081100,1.34E-05
1081200,5.45E-06
1081300,5.45E-06
1081400,3.47E-06
1081500,1.68E-05
1081600,4.32E-05
1081700,2.97E-06
1081800,4.95E-06
1081900,3.77E-05
1082000,5.94E-06
1082100,2.18E-05
1082201,6.43E-06
1082202,6.43E-06
1082301,1.19E-05
1082302,2.32E-05
1082303,7.00E-05
1082400,0.000506298
1082500,9.87E-06
1082600,1.63E-05
1082701,1.98E-06
1082702,3.47E-06
1082703,2.97E-06
1082704,3.96E-06
1082705,3.47E-06
1082706,3.47E-06
1082707,1.48E-06
1082708,2.97E-06
1082709,4.45E-06
1082710,9.87E-07
1082800,2.03E-05
1082901,4.95E-07
1082902,2.27E-05
1082903,9.87E-06
1082904,5.94E-06
1082905,2.32E-05
1083001,2.53E-05
1083002,1.79E-05
1083101,1.39E-05
1083102,0
1083202,3.47E-06
1083203,3.87E-05
1083204,4.45E-06
1083205,1.04E-05
1083206,1.74E-05
1083301,2.27E-05
1083303,4.95E-07
1083304,0
1083305,6.43E-06
1083400,1.04E-05
1083502,9.87E-07
1083503,7.91E-06
1083504,5.45E-06
1083601,1.04E-05
1083602,3.47E-06
1083701,2.48E-06
1083702,9.87E-07
1083800,3.96E-06
1083900,4.45E-06
1084000,8.89E-06
1084100,3.47E-06
1084200,2.48E-06
1084300,0.000182362
1084400,8.89E-06
1084500,3.96E-06
1084601,6.93E-06
1084603,3.00E-05
1084604,4.95E-06
1084700,4.45E-06
1084800,4.95E-07
1084900,3.96E-06
1085000,3.51E-05
1085100,1.63E-05
1085200,8.89E-06
1085301,2.48E-06
1085302,2.78E-05
1085400,1.44E-05
1085500,2.37E-05
1085600,1.19E-05
1085700,1.53E-05
1085800,3.86E-05
1085900,2.03E-05
1086001,5.94E-06
1086002,4.45E-06
1086003,3.96E-06
1086004,9.38E-06
1086103,1.04E-05
1086104,1.63E-05
1086105,7.91E-06
1086106,8.40E-06
1086107,5.94E-06
1086201,7.42E-06
1086202,9.38E-06
1086203,1.04E-05
1086204,1.14E-05
1086301,1.09E-05
1086302,8.40E-06
1086303,6.43E-06
1086304,4.45E-06
1086400,1.44E-05
1086500,2.97E-05
1086601,5.45E-06
1086602,1.19E-05
1086707,5.45E-06
1086708,7.42E-06
1086709,7.91E-06
1086710,1.34E-05
1086711,5.94E-06
1086712,1.29E-05
1086713,8.89E-06
1086714,1.04E-05
1086715,1.04E-05
1086716,6.93E-06
1086717,1.29E-05
1086800,1.79E-05
1086900,1.74E-05
1087000,2.43E-05
1087100,1.83E-05
1087200,1.34E-05
1087300,1.19E-05
1087400,1.48E-05
1087500,1.29E-05
1087600,1.74E-05
1087700,1.44E-05
1087800,3.51E-05
1087900,0
1088000,4.95E-07
1088100,2.48E-06
1088200,2.49E-05
1088300,4.95E-07
1088400,9.38E-06
1088500,9.38E-06
1088600,2.13E-05
1088700,1.53E-05
1088800,1.83E-05
1088900,1.39E-05
1089000,7.42E-06
1089100,4.95E-07
1089200,4.45E-06
1089300,1.63E-05
1089400,0
1089503,8.89E-06
1089504,9.87E-06
1089505,9.38E-06
1089506,8.40E-06
1089507,8.89E-06
1089508,4.95E-06
1089509,6.93E-06
1089600,6.43E-06
1089700,1.39E-05
1089800,1.83E-05
1089900,3.12E-05
1090000,3.07E-05
1090100,2.58E-05
1090200,2.72E-05
1090300,2.67E-05
1090400,2.27E-05
1090500,2.08E-05
1090600,1.83E-05
1090700,1.24E-05
1090800,1.44E-05
1090901,6.43E-06
1090903,9.87E-06
1090904,3.96E-06
1090905,1.98E-06
1091000,1.19E-05
1091100,1.19E-05
1091200,1.29E-05
1091300,3.47E-06
1091400,1.53E-05
1091501,1.14E-05
1091502,1.83E-05
1091600,1.14E-05
1091701,1.48E-06
1091702,8.40E-06
1091800,1.68E-05
1091900,1.79E-05
1092000,8.40E-06
1092100,1.39E-05
1092200,1.24E-05
1092300,1.74E-05
1092402,0.000146696
1092403,4.95E-07
1092404,5.94E-06
1092405,4.95E-07
1092500,1.29E-05
1092600,1.74E-05
1092700,5.94E-06
1092800,4.95E-06
1092901,1.48E-06
1092902,5.94E-06
1093000,1.58E-05
1093100,7.42E-06
1093200,7.91E-06
1093300,1.04E-05
1093400,3.84E-05
1093500,1.48E-06
1093600,1.63E-05
1093700,8.40E-06
1093800,1.53E-05
1093900,7.42E-06
1094000,1.14E-05
1094101,1.19E-05
1094102,4.45E-06
1094200,1.48E-05
1094300,4.45E-06
1094400,7.91E-06
1094500,1.04E-05
1094600,6.43E-06
1094700,6.93E-06
1094800,9.87E-06
1094900,6.43E-06
1095000,7.91E-06
1095100,6.93E-06
1095200,5.45E-06
1095300,9.38E-06
1095400,8.40E-06
1095500,5.94E-06
1095600,5.45E-06
1095700,5.94E-06
1095800,5.45E-06
1095900,8.40E-06
1096000,1.98E-06
1096100,4.95E-06
1096200,2.97E-06
1096300,4.95E-07
1096400,8.40E-06
1096500,2.97E-06
1096600,0
1096700,0
1096800,1.39E-05
1096900,1.68E-05
1097000,1.48E-06
1097100,3.47E-06
1097200,5.94E-06
1097300,7.42E-06
1097400,1.19E-05
1097500,4.45E-06
1097600,7.91E-06
1097700,4.95E-06
1097800,9.87E-06
1097900,3.47E-06
1098000,4.45E-06
1098100,1.29E-05
1098200,4.95E-06
1098300,6.93E-06
1098400,1.48E-06
1098500,7.91E-06
1098601,2.48E-06
1098602,4.95E-07
1098603,1.98E-06
1098604,4.45E-06
1098700,4.45E-06
1098800,2.18E-05
1098900,2.77E-05
1099000,6.93E-06
1099100,1.04E-05
1099200,5.94E-06
1099300,5.45E-06
1099400,1.48E-05
1099500,9.38E-06
1099600,3.19E-05
1099700,7.42E-06
1099800,8.89E-06
1099900,1.83E-05
1100000,7.91E-06
1100101,9.87E-07
1100102,2.97E-06
1100200,2.97E-06
1100300,1.98E-06
1100400,1.24E-05
1100500,8.40E-06
1100600,1.09E-05
1100700,7.42E-06
1100800,1.29E-05
1100900,6.43E-06
1101000,4.45E-06
1101100,2.87E-05
1101200,1.14E-05
1101300,1.24E-05
1101400,2.67E-05
1101500,3.12E-05
1101600,1.19E-05
1101700,1.39E-05
1101800,2.48E-05
1101900,1.19E-05
1102000,2.23E-05
1102100,9.87E-06
1102200,9.87E-06
1102300,1.98E-05
1102400,7.42E-06
1102501,4.95E-07
1102502,3.47E-06
1102600,8.89E-06
1102700,1.44E-05
1102800,4.16E-05
1102900,4.90E-05
1103000,7.30E-05
1103100,1.58E-05
1103200,1.04E-05
1103301,2.48E-05
1103302,2.13E-05
1103400,2.43E-05
1103500,2.48E-05
1103600,1.98E-05
1103700,6.93E-06
1103800,3.96E-06
1103900,4.45E-06
1104000,9.87E-06
1104100,1.48E-06
1104200,4.95E-07
1104300,1.98E-06
1104400,2.48E-06
1104500,4.95E-07
1104600,0
1104700,8.89E-06
1104800,6.43E-06
1104900,0.000145039
1105000,9.38E-06
1105100,8.89E-06
1105200,9.38E-06
1105301,1.29E-05
1105302,1.98E-06
1105400,4.02E-05
1105500,1.44E-05
1105600,1.19E-05
1105700,1.04E-05
1105800,7.91E-06
1105900,1.24E-05
1106000,1.29E-05
1106101,2.97E-06
1106102,4.95E-07
1106103,1.09E-05
1106200,2.97E-06
1106300,4.95E-06
1106400,1.98E-06
1106500,2.97E-06
1106602,1.34E-05
1106603,6.43E-06
1106604,3.96E-06
1106605,7.91E-06
1106700,1.98E-06
1106800,1.48E-06
1106900,1.98E-06
1107000,6.43E-06
1107100,2.87E-05
1107200,1.68E-05
1107300,4.45E-06
1107400,1.98E-05
1107500,4.95E-06
1107600,5.94E-06
1107702,4.95E-06
1107703,1.48E-06
1107704,6.93E-06
1107705,5.94E-06
1107800,3.47E-06
1107900,7.91E-06
1108000,1.29E-05
1108100,8.40E-06
1108200,1.63E-05
1108300,7.42E-06
1108400,9.38E-06
1108500,8.40E-06
1108600,1.34E-05
1108700,3.47E-06
1108800,6.43E-06
1108900,8.40E-06
1109000,5.94E-06
1109100,8.89E-06
1109200,5.94E-06
1109300,6.93E-06
1109400,5.45E-06
1109500,8.40E-06
1109601,5.94E-06
1109602,4.45E-06
1109700,4.95E-06
1109800,2.48E-06
1109900,8.89E-06
1110000,8.40E-06
1110100,1.14E-05
1110200,1.09E-05
1110300,2.97E-06
1110400,7.42E-06
1110500,1.29E-05
1110600,8.40E-06
1110700,1.63E-05
1110800,8.90E-05
1110900,8.89E-06
1111000,1.68E-05
1111100,1.48E-05
1111200,1.04E-05
1111300,7.42E-06
1111400,2.43E-05
1111500,1.14E-05
1111600,9.38E-06
1111700,2.43E-05
1111800,1.04E-05
1111900,1.14E-05
1112001,7.42E-06
1112002,9.38E-06
1112100,4.95E-07
1112201,1.48E-06
1112202,4.95E-07
1112300,1.19E-05
1112401,1.09E-05
1112402,1.48E-06
1112500,4.95E-06
1112600,1.48E-06
1112700,5.27E-05
1112800,0.000108296
1112901,7.91E-06
1112902,3.48E-05
1112903,1.98E-06
1113000,1.74E-05
1113101,6.43E-06
1113102,5.45E-06
1113200,1.29E-05
1113301,1.98E-06
1113302,7.91E-06
1113400,5.45E-06
1113500,1.19E-05
1113600,1.14E-05
1113700,4.95E-06
1113800,8.40E-06
1113900,4.45E-06
1114000,5.45E-06
1114100,1.58E-05
1114201,6.93E-06
1114202,3.96E-06
1114300,1.24E-05
1114400,8.89E-06
1114500,1.29E-05
1114601,1.98E-06
1114602,4.95E-07
1114700,9.38E-06
1114801,2.97E-06
1114802,6.43E-06
1114901,3.96E-06
1114902,2.97E-06
1115000,4.95E-06
1115100,8.40E-06
1115200,4.95E-06
1115300,1.98E-06
1115400,1.58E-05
1115500,1.68E-05
1115600,3.47E-06
1115700,1.04E-05
1115801,3.47E-06
1115802,3.47E-06
1115803,2.48E-06
1115901,4.95E-07
1115902,5.94E-06
1116000,6.93E-06
1116100,7.91E-06
1116200,0
1116300,1.34E-05
1116400,1.58E-05
1116500,1.93E-05
1116601,8.89E-06
1116602,6.43E-06
1116701,1.04E-05
1116702,7.42E-06
1116800,5.45E-06
1116900,2.27E-05
1117000,2.32E-05
1117101,1.48E-05
1117102,1.98E-06
1117201,1.24E-05
1117202,8.89E-06
1117300,1.58E-05
1117400,3.47E-06
1117500,2.97E-06
1117600,3.47E-06
1117702,1.63E-05
1117703,9.87E-07
1117704,9.87E-07
1117800,9.87E-07
1117901,4.95E-06
1117902,2.97E-06
1118001,4.80E-05
1118003,1.63E-05
1118004,3.02E-05
1118005,7.91E-06
1118102,1.09E-05
1118104,1.74E-05
1118105,7.42E-06
1118106,5.94E-06
1118107,1.04E-05
1118108,1.48E-06
1118109,8.89E-06
1118110,5.45E-06
1118111,6.93E-06
1118112,8.89E-06
1118113,6.43E-06
1118203,4.45E-06
1118204,7.42E-06
1118205,5.45E-06
1118206,5.94E-06
1118207,6.93E-06
1118208,6.43E-06
1118209,1.09E-05
1118301,2.92E-05
1118303,7.91E-06
1118304,1.48E-05
1118400,0.000135127
1118500,9.87E-06
1118600,1.24E-05
1118700,4.95E-07
1118800,0
1118901,1.48E-05
1118902,4.95E-06
1119000,1.58E-05
1119100,4.95E-07
1119200,3.47E-06
1119300,1.29E-05
1119400,1.79E-05
1119500,2.08E-05
1119600,2.97E-05
1119702,1.58E-05
1119703,9.38E-06
1119704,1.19E-05
1119705,1.04E-05
1119706,5.94E-06
1119801,9.87E-06
1119802,1.04E-05
1119803,1.04E-05
1119804,8.40E-06
1119805,4.95E-07
1119901,3.18E-05
1119902,2.97E-06
1119903,4.45E-06
1119904,8.89E-06
1119905,8.89E-06
1119906,8.89E-06
1120000,1.44E-05
1120101,9.38E-06
1120102,6.93E-06
1120103,4.45E-06
1120104,7.42E-06
1120105,7.91E-06
1120106,1.44E-05
1120107,6.43E-06
1120108,5.45E-06
1120109,3.47E-06
1120200,9.87E-07
1120301,1.44E-05
1120302,6.93E-06
1120400,3.32E-05
1120500,1.24E-05
1120601,2.03E-05
1120602,3.66E-05
1120700,4.82E-05
1120800,7.42E-06
1120900,1.93E-05
1121000,2.13E-05
1121100,1.93E-05
1121200,2.97E-05
1121301,1.24E-05
1121302,1.48E-06
1121303,9.87E-07
1121304,1.14E-05
1121400,2.13E-05
1121500,2.43E-05
1121600,2.48E-05
1121700,1.53E-05
1121801,5.79E-05
1121802,3.37E-05
1121900,1.44E-05
1122000,1.19E-05
1122100,1.24E-05
1122200,4.95E-06
1122300,7.42E-06
1122400,1.09E-05
1122500,1.48E-05
1122600,2.85E-05
1122700,2.58E-05
1122800,9.87E-06
1122901,2.58E-05
1122902,5.94E-06
1123000,2.37E-05
1123100,2.32E-05
1123200,3.12E-05
1123300,3.42E-05
1123400,1.58E-05
1123500,2.03E-05
1123600,1.74E-05
1123700,7.91E-06
1123801,3.47E-06
1123802,3.47E-06
1123900,0.000510708
1124001,5.45E-06
1124002,0
1124100,1.24E-05
1124200,2.97E-05
1124301,4.02E-05
1124302,3.96E-06
1124400,1.93E-05
1124500,1.48E-05
1124600,0.000146999
1124700,3.96E-06
1124800,1.98E-06
1124901,1.74E-05
1124902,1.98E-06
1125001,2.97E-06
1125002,3.47E-06
1125100,3.44E-05
1125200,1.24E-05
1125301,2.82E-05
1125302,4.95E-07
1125400,2.03E-05
1125500,2.32E-05
1125600,7.91E-06
1125700,1.34E-05
1125800,1.53E-05
1125900,1.19E-05
1126000,2.82E-05
1126100,5.94E-06
1126200,4.95E-06
1126300,1.19E-05
1126400,1.68E-05
1126500,1.19E-05
1126600,8.40E-06
1126700,7.91E-06
1126800,6.93E-06
1126900,2.97E-06
1127001,6.43E-06
1127002,3.28E-05
1127100,3.54E-05
1127200,0.000146019
1127300,1.19E-05
1127400,1.98E-05
1127501,4.95E-06
1127502,4.45E-06
1127601,2.97E-05
1127602,2.97E-06
1127701,8.40E-06
1127702,4.95E-07
1127703,9.87E-06
1127800,1.93E-05
1127901,2.97E-06
1127902,1.09E-05
1128001,1.48E-05
1128003,1.48E-06
1128004,1.09E-05
1128101,5.45E-06
1128102,7.42E-06
1128200,4.45E-06
1128300,5.94E-06
1128400,1.98E-05
1128500,1.29E-05
1128600,9.38E-06
1128700,1.83E-05
1128800,1.44E-05
1128900,1.74E-05
1129000,1.68E-05
1129100,4.61E-05
1129200,1.48E-05
1129300,1.98E-05
1129401,2.93E-05
1129402,9.38E-06
1129501,5.45E-06
1129502,8.89E-06
1129600,1.68E-05
1129700,1.04E-05
1129800,2.08E-05
1129900,0
1130000,7.91E-06
1130100,9.87E-07
1130200,4.45E-06
1130300,0.000143079
1130400,1.04E-05
1130500,2.27E-05
1130600,1.34E-05
1130700,1.79E-05
1130800,1.68E-05
1130900,1.53E-05
1131000,2.27E-05
1131101,1.14E-05
1131102,1.63E-05
1131200,2.97E-06
1131301,7.42E-06
1131302,1.58E-05
1131400,1.04E-05
1131500,1.79E-05
1131600,2.27E-05
1131700,1.34E-05
1131800,1.29E-05
1131900,3.47E-06
1132000,1.34E-05
1132101,2.67E-05
1132102,3.56E-05
1132200,2.59E-05
1132300,1.48E-06
1132400,7.91E-06
1132501,4.04E-05
1132502,1.98E-06
1132601,3.47E-06
1132602,9.87E-07
1132700,1.24E-05
1132800,1.04E-05
1132900,0.000508258
1133000,6.93E-06
1133101,9.87E-07
1133102,4.95E-06
1133201,1.98E-06
1133204,2.97E-06
1133205,2.48E-06
1133206,2.97E-06
1133301,1.19E-05
1133302,1.68E-05
1133401,5.94E-06
1133402,2.97E-06
1133501,5.45E-06
1133502,0
1133600,0
1133700,1.14E-05
1133800,1.04E-05
1133900,2.27E-05
1134000,8.40E-06
1134100,2.48E-06
1134202,1.48E-06
1134203,2.97E-06
1134204,6.93E-06
1134301,2.48E-06
1134302,8.40E-06
1134400,5.45E-06
1134500,2.97E-06
1134600,3.96E-06
1134700,7.91E-06
1134800,8.40E-06
1134900,1.44E-05
1135000,3.51E-05
1135100,1.39E-05
1135200,1.98E-05
1135300,1.19E-05
1135400,3.07E-05
1135500,1.44E-05
1135600,2.23E-05
1135702,5.94E-06
1135703,4.45E-06
1135704,9.87E-07
1135800,9.87E-07
1135901,1.74E-05
1135902,1.04E-05
1136000,3.02E-05
1136100,2.97E-05
1136200,2.13E-05
1136300,3.37E-05
1136400,2.03E-05
1136500,1.88E-05
1136600,8.40E-06
1136701,7.91E-06
1136702,6.93E-06
1136801,1.19E-05
1136802,0
1136900,1.98E-06
1137000,1.48E-05
1137100,1.48E-05
1137200,4.45E-06
1137300,2.48E-05
1137400,1.19E-05
1137500,6.93E-06
1137600,9.87E-06
1137700,1.34E-05
1137800,1.04E-05
1137900,1.04E-05
1138000,8.40E-06
1138100,9.38E-06
1138200,1.14E-05
1138300,1.39E-05
1138400,1.58E-05
1138500,8.40E-06
1138600,8.40E-06
1138700,7.91E-06
1138800,5.45E-06
1138904,1.79E-05
1138905,2.32E-05
1138906,1.88E-05
1138907,2.53E-05
1138908,7.91E-06
1138909,1.63E-05
1139000,0
1139100,4.95E-07
1139200,4.95E-07
1139300,9.87E-07
1139401,4.95E-07
1139402,0
1139500,0
1139600,0
1139700,0
1139800,7.42E-06
1139900,7.42E-06
1140000,1.48E-05
1140100,9.38E-06
1140200,6.43E-06
1140300,1.44E-05
1140400,4.45E-06
1140500,7.42E-06
1140600,1.39E-05
1140700,5.94E-06
1140800,1.19E-05
1140900,3.47E-06
1141000,8.40E-06
1141100,8.40E-06
1141200,9.87E-06
1141300,9.38E-06
1141400,1.09E-05
1141500,1.39E-05
1141600,1.14E-05
1141700,1.29E-05
1141800,8.89E-06
1141900,7.42E-06
1142000,8.40E-06
1142100,8.40E-06
1142200,1.79E-05
1142300,4.45E-06
1142400,6.93E-06
1142500,1.58E-05
1142600,1.14E-05
1142700,1.04E-05
1142800,9.87E-06
1142900,6.43E-06
1143000,9.38E-06
1143100,0
1143200,0
1143300,6.43E-06
1143400,8.89E-06
1143500,7.42E-06
1143600,1.04E-05
1143700,7.91E-06
1143800,6.93E-06
1143900,0
1144000,1.58E-05
1144100,8.89E-06
1144200,1.48E-05
1144300,8.40E-06
1144400,1.04E-05
1144500,2.49E-05
1144600,1.29E-05
1144700,0
1144800,0
1144900,6.43E-06
1145000,9.87E-07
1145100,0
1145200,8.40E-06
1145300,8.40E-06
1145401,4.95E-07
1145402,4.95E-07
1145500,8.40E-06
1145600,1.68E-05
1145701,1.34E-05
1145702,7.42E-06
1145800,2.13E-05
1145900,1.04E-05
1146000,1.29E-05
1146101,6.93E-06
1146102,9.38E-06
1146200,1.09E-05
1146301,1.04E-05
1146302,9.87E-06
1146400,1.63E-05
1146500,1.58E-05
1146601,1.19E-05
1146602,5.94E-06
1146700,0
1146800,8.89E-06
1146900,4.95E-06
1147000,2.53E-05
1147100,2.32E-05
1147200,1.83E-05
1147300,1.39E-05
1147400,1.39E-05
1147500,3.47E-06
1147600,5.45E-06
1147700,1.34E-05
1147800,1.24E-05
1147900,1.09E-05
1148000,9.87E-06
1148100,9.38E-06
1148200,1.34E-05
1148300,5.94E-06
1148400,1.83E-05
1148500,1.29E-05
1148600,1.09E-05
1148700,1.14E-05
1148800,7.91E-06
1148900,8.40E-06
1149000,1.58E-05
1149100,8.40E-06
1149200,9.87E-06
1149300,1.58E-05
1149400,3.07E-05
1149500,0
1149600,1.14E-05
1149700,3.68E-05
1149800,0
1149900,0
1150000,1.19E-05
1150100,1.98E-05
1150200,1.53E-05
1150300,9.38E-06
1150400,2.18E-05
1150500,1.44E-05
1150601,1.39E-05
1150602,1.83E-05
1150603,7.91E-06
1150604,4.45E-06
1150702,0
1150703,1.24E-05
1150704,5.45E-06
1150801,8.40E-06
1150802,2.48E-06
1150903,8.89E-06
1150904,8.89E-06
1150905,1.04E-05
1150906,6.43E-06
1150907,1.24E-05
1150908,7.42E-06
1150909,8.40E-06
1151001,1.09E-05
1151002,8.89E-06
1151003,6.43E-06
1151004,1.09E-05
1151101,4.95E-06
1151102,2.62E-05
1151200,8.89E-06
1151301,9.38E-06
1151302,2.97E-06
1151401,0
1151402,0
1151500,0
1151600,0
1151701,1.98E-06
1151702,6.54E-05
1151800,2.97E-06
1151901,2.85E-05
1151902,4.45E-06
1152000,7.91E-06
1152100,3.96E-06
1152201,4.75E-05
1152202,4.45E-06
1152301,0
1152302,1.98E-06
1152401,2.97E-06
1152402,1.29E-05
1152501,5.94E-06
1152502,6.43E-06
1152601,4.45E-06
1152602,3.96E-06
1152700,1.09E-05
1152800,1.09E-05
1152900,1.79E-05
1153001,2.37E-05
1153002,2.67E-05
1153003,1.53E-05
1153004,2.32E-05
1153100,4.56E-05
1153203,2.53E-05
1153204,4.45E-06
1153205,9.87E-06
1153206,1.53E-05
1153207,3.96E-06
1153208,1.58E-05
1153300,3.42E-05
1153401,4.57E-05
1153402,3.32E-05
1153501,1.79E-05
1153503,4.57E-05
1153504,1.48E-05
1153505,1.93E-05
1153601,1.63E-05
1153602,1.68E-05
1153604,7.42E-06
1153605,9.38E-06
1153606,7.42E-06
1153607,7.42E-06
1153701,6.64E-05
1153702,2.72E-05
1153801,4.66E-05
1153802,1.74E-05
1153900,3.02E-05
1154001,9.38E-06
1154002,8.89E-06
1154003,1.19E-05
1154004,8.40E-06
1154005,7.91E-06
1154101,1.83E-05
1154102,2.92E-05
1154201,1.04E-05
1154202,1.09E-05
1154203,8.40E-06
1154301,1.19E-05
1154302,7.91E-06
1154303,7.91E-06
1154304,1.04E-05
1154305,1.24E-05
1154306,4.45E-06
1154400,2.82E-05
1154501,1.48E-05
1154502,7.91E-06
1154503,1.24E-05
1154504,6.93E-06
1154601,1.19E-05
1154602,8.89E-06
1154701,3.61E-05
1154702,1.74E-05
1154801,8.40E-06
1154802,6.43E-06
1154803,8.40E-06
1154804,5.94E-06
1154901,1.48E-05
1154902,8.89E-06
1154903,9.87E-06
1155000,1.39E-05
1155101,9.87E-06
1155102,1.19E-05
1155103,8.89E-06
1155200,2.53E-05
1155300,1.98E-05
1155401,1.14E-05
1155402,8.89E-06
1155500,6.40E-05
1155601,8.89E-06
1155602,6.43E-06
1155603,3.15E-05
1155700,2.03E-05
1155800,5.94E-06
1155900,9.23E-05
1156000,0.000184744
1156100,1.63E-05
1156200,2.58E-05
1156300,1.83E-05
1156400,2.27E-05
1156501,4.45E-06
1156502,4.45E-06
1156503,6.93E-06
1156504,1.14E-05
1156505,3.96E-06
1156506,7.91E-06
1156507,4.95E-06
1156600,3.61E-05
1156700,4.90E-05
1156800,4.45E-05
1156900,1.74E-05
1157000,2.58E-05
1157100,2.72E-05
1157200,1.29E-05
1157301,2.48E-05
1157302,2.37E-05
1157401,2.48E-06
1157402,1.19E-05
1157403,2.72E-05
1157404,2.67E-05
1157500,4.40E-05
1157601,2.58E-05
1157602,1.74E-05
1157700,3.66E-05
1157800,3.37E-05
1157901,1.04E-05
1157902,6.93E-06
1157903,1.04E-05
1157904,8.89E-06
1157905,8.40E-06
1157906,1.09E-05
1158000,2.67E-05
1158101,4.16E-05
1158102,4.95E-06
1158200,2.77E-05
1158300,5.10E-05
1158401,3.17E-05
1158403,1.58E-05
1158405,2.92E-05
1158406,2.97E-06
1158407,1.39E-05
1158501,4.95E-07
1158502,3.51E-05
1158600,3.66E-05
1158700,3.12E-05
1158800,4.26E-05
1158900,5.20E-05
1159000,4.45E-05
1159101,6.10E-05
1159102,2.48E-06
1159201,2.08E-05
1159202,1.24E-05
1159301,1.83E-05
1159302,1.48E-05
1159303,2.18E-05
1159401,1.63E-05
1159403,3.96E-06
1159404,8.89E-06
1159405,1.19E-05
1159406,1.44E-05
1159407,1.29E-05
1159501,9.87E-06
1159502,1.14E-05
1159503,1.04E-05
1159600,6.43E-06
1159700,2.97E-05
1159800,2.43E-05
1159901,6.43E-06
1159902,2.37E-05
1160000,4.21E-05
1160103,2.13E-05
1160104,1.63E-05
1160105,1.04E-05
1160106,7.91E-06
1160107,1.14E-05
1160108,6.43E-06
1160109,6.43E-06
1160200,3.37E-05
1160301,1.63E-05
1160302,1.44E-05
1160401,1.48E-05
1160402,1.53E-05
1160500,2.92E-05
1160600,3.27E-05
1160700,4.90E-05
1160801,1.39E-05
1160802,1.04E-05
1160803,1.63E-05
1160901,1.29E-05
1160902,1.74E-05
1160903,7.91E-06
1161001,1.19E-05
1161002,4.45E-06
1161003,1.98E-06
1161101,2.58E-05
1161104,3.42E-05
1161106,1.98E-05
1161107,3.22E-05
1161108,3.22E-05
1161109,3.17E-05
1161110,1.93E-05
1161111,2.37E-05
1161200,1.98E-05
1161301,9.87E-06
1161302,9.38E-06
1161303,1.34E-05
1161304,1.29E-05
1161400,4.16E-05
1161505,2.97E-05
1161506,2.77E-05
1161507,2.08E-05
1161508,9.38E-06
1161509,1.34E-05
1161510,1.09E-05
1161511,0
1161512,1.34E-05
1161513,1.39E-05
1161514,9.87E-06
1161515,7.91E-06
1161516,1.58E-05
1161517,1.24E-05
1161518,1.63E-05
1161600,3.22E-05
1161700,1.98E-05
1161801,1.19E-05
1161802,8.89E-06
1161803,8.40E-06
1161804,1.09E-05
1161901,1.19E-05
1161903,2.43E-05
1161904,1.14E-05
1161905,1.29E-05
1162000,2.82E-05
1162100,3.76E-05
1162200,0.000170799
1162300,2.32E-05
1162401,1.34E-05
1162402,6.16E-05
1162403,8.40E-06
1162404,1.04E-05
1162501,2.58E-05
1162502,2.62E-05
1162600,1.79E-05
1162701,4.16E-05
1162702,6.43E-06
1162800,0.000135127
1162901,0
1162902,0
1163001,9.87E-06
1163002,1.48E-06
1163100,0.000176834
1163200,4.52E-05
1163300,4.95E-07
1163400,9.87E-07
1163500,1.09E-05
1163600,2.48E-06
1163700,7.42E-06
1163800,0
1163900,0
1164000,0
1164100,0
1164200,9.87E-07
1164300,0
1164400,0
1164500,5.94E-06
1164600,3.87E-05
1164700,3.47E-06
1164800,4.95E-07
1164900,9.87E-07
1165000,1.09E-05
1165100,2.97E-06
1165200,8.89E-06
1165300,2.08E-05
1165400,9.38E-06
1165500,1.93E-05
1165600,2.27E-05
1165700,3.23E-05
1165800,7.42E-06
1165900,0
1166000,2.08E-05
1166100,4.01E-05
1166200,1.93E-05
1166300,1.19E-05
1166400,0.000283147
1166500,9.87E-07
1166600,5.94E-06
1166701,1.34E-05
1166702,1.58E-05
1166703,7.91E-06
1166704,4.95E-07
1166800,0
1166901,1.14E-05
1166902,4.95E-06
1166903,2.83E-05
1167000,2.72E-05
1167101,8.40E-06
1167102,4.95E-06
1167103,5.94E-06
1167104,6.43E-06
1167200,2.97E-05
1167301,2.48E-06
1167302,6.43E-06
1167303,1.09E-05
1167304,7.42E-06
1167401,3.96E-06
1167402,7.91E-06
1167403,8.89E-06
1167404,7.42E-06
1167500,1.98E-05
1167601,1.98E-06
1167602,1.83E-05
1167700,2.32E-05
1167801,1.48E-06
1167803,1.39E-05
1167804,8.89E-06
1167900,2.13E-05
1168001,1.09E-05
1168002,8.89E-06
1168003,5.94E-06
1168100,0
1168200,3.37E-05
1168300,2.72E-05
1168400,2.67E-05
1168501,0.000168279
1168502,0
1168600,1.79E-05
1168700,2.87E-05
1168800,3.32E-05
1168900,2.77E-05
1169000,4.87E-05
1169101,1.14E-05
1169102,3.92E-05
1169201,0
1169202,0
1169203,8.89E-06
1169204,6.93E-06
1169301,2.97E-05
1169302,2.67E-05
1169400,1.53E-05
1169500,2.37E-05
1169600,2.97E-05
1169700,2.87E-05
1169800,1.09E-05
1169900,2.53E-05
1170001,1.98E-05
1170002,2.43E-05
1170003,3.47E-06
1170100,4.27E-05
1170200,1.48E-05
1170300,0
1170400,0
1170500,0
1170600,2.48E-05
1170700,2.53E-05
1170800,3.02E-05
1170900,2.32E-05
1171000,2.03E-05
1171100,3.76E-05
1171201,3.61E-05
1171202,5.45E-06
1171300,3.71E-05
1171400,2.97E-05
1171500,1.63E-05
1171600,8.89E-06
1171700,1.98E-06
1171800,2.77E-05
1171900,1.88E-05
1172000,3.56E-05
1172100,2.97E-05
1172200,3.12E-05
1172301,2.32E-05
1172302,2.32E-05
1172303,1.93E-05
1172400,1.53E-05
1172500,2.97E-05
1172600,4.51E-05
1172700,1.63E-05
1172800,4.11E-05
1172900,1.34E-05
1173000,2.43E-05
1173101,6.93E-06
1173102,7.91E-06
1173103,9.87E-06
1173200,2.37E-05
1173300,2.13E-05
1173400,2.43E-05
1173500,1.39E-05
1173600,1.34E-05
1173700,3.32E-05
1173800,2.32E-05
1173900,3.27E-05
1174000,4.61E-05
1174100,1.98E-05
1174200,1.63E-05
1174300,2.67E-05
1174400,2.87E-05
1174500,1.09E-05
1174602,0
1174603,0
1174604,0
1174701,7.91E-06
1174702,8.89E-06
1174800,2.97E-05
1174900,2.97E-05
1175000,9.18E-05
1175100,8.89E-06
1175201,4.95E-07
1175202,8.06E-05
1175300,3.86E-05
1175400,5.45E-06
1175500,1.58E-05
1175600,1.93E-05
1175701,1.29E-05
1175702,2.48E-05
1175800,2.72E-05
1175900,1.34E-05
1176000,3.22E-05
1176100,1.74E-05
1176200,2.18E-05
1176300,2.43E-05
1176400,3.37E-05
1176500,2.23E-05
1176601,6.43E-06
1176602,8.89E-06
1176603,9.38E-06
1176604,7.91E-06
1176605,6.93E-06
1176606,9.87E-07
1176700,2.67E-05
1176800,2.53E-05
1176900,1.98E-05
1177000,1.68E-05
1177100,1.74E-05
1177201,7.42E-06
1177202,1.48E-06
1177300,4.95E-07
1177400,3.42E-05
1177500,4.95E-07
1177600,4.57E-05
1177700,1.48E-05
1177800,9.38E-06
1177900,6.93E-06
1178002,3.91E-05
1178003,3.76E-05
1178004,3.86E-05
1178100,4.75E-05
1178201,6.43E-06
1178202,3.66E-05
1178300,2.43E-05
1178400,2.92E-05
1178500,2.72E-05
1178600,2.13E-05
1178700,4.80E-05
1178800,4.06E-05
1178900,0
1179001,1.98E-05
1179002,1.19E-05
1179100,4.01E-05
1179200,4.35E-05
1179301,3.42E-05
1179302,1.93E-05
1179401,2.13E-05
1179402,2.82E-05
1179403,3.91E-05
1179502,5.45E-05
1179503,1.74E-05
1179504,1.24E-05
1179505,3.46E-05
1179506,2.97E-05
1179602,3.76E-05
1179605,4.70E-05
1179606,4.96E-05
1179607,2.37E-05
1179608,1.93E-05
1179609,2.77E-05
1179610,2.23E-05
1179701,3.51E-05
1179702,2.53E-05
1179801,1.88E-05
1179802,6.44E-05
1179901,1.88E-05
1179902,1.98E-05
1179903,3.22E-05
1180001,4.90E-05
1180004,4.16E-05
1180005,1.48E-05
1180006,5.64E-05
1180007,3.42E-05
1180010,4.16E-05
1180011,4.26E-05
1180012,3.66E-05
1180013,2.37E-05
1180014,2.27E-05
1180015,6.69E-05
1180016,5.94E-06
1180017,1.19E-05
1180018,6.93E-06
1180019,1.74E-05
1180020,1.19E-05
1180021,1.24E-05
1180100,5.59E-05
1180201,0
1180202,1.88E-05
1180203,2.37E-05
1180301,2.32E-05
1180304,1.93E-05
1180305,1.88E-05
1180306,4.75E-05
1180307,9.87E-06
1180308,0
1180309,0
1180403,2.48E-05
1180404,4.16E-05
1180405,8.89E-06
1180406,1.14E-05
1180407,1.93E-05
1180408,1.53E-05
1180409,1.98E-05
1180501,4.95E-07
1180502,0
1180601,4.87E-05
1180602,5.36E-05
1180603,1.14E-05
1180700,4.27E-05
1180800,2.67E-05
1180901,0
1180902,0
1180903,0
1181001,1.88E-05
1181002,3.76E-05
1181100,3.46E-05
1181201,2.08E-05
1181202,6.43E-06
1181301,1.88E-05
1181302,1.53E-05
1181401,2.97E-06
1181402,2.27E-05
1181403,5.45E-06
1181404,5.94E-06
1181405,2.48E-06
1181406,7.42E-06
1181500,1.48E-06
1181600,1.83E-05
1181701,1.58E-05
1181703,1.98E-05
1181704,1.34E-05
1181705,1.98E-06
1181706,4.95E-06
1181801,5.94E-06
1181802,3.63E-05
1181803,9.38E-06
1181804,3.77E-05
1181903,4.95E-07
1181904,6.43E-06
1181905,1.09E-05
1181906,1.68E-05
1181907,1.53E-05
1181908,1.68E-05
1181909,1.14E-05
1182000,0
1182100,0.000137081
1182202,0
1182203,0.000166052
1182205,0.000118166
1182206,7.42E-06
1182207,2.27E-05
1182300,0.000170799
1182400,0
1182500,0
1182600,0
1182702,0
1182703,8.89E-06
1182704,6.43E-06
1182705,7.42E-06
1182706,1.48E-05
1182800,3.86E-05
1182900,4.26E-05
1183003,2.87E-05
1183004,4.31E-05
1183005,1.63E-05
1183006,1.88E-05
1183007,1.79E-05
1183101,1.04E-05
1183102,1.44E-05
1183103,8.40E-06
1183104,1.44E-05
1183201,8.40E-06
1183202,1.14E-05
1183203,5.45E-06
1183204,6.43E-06
1183205,6.93E-06
1183206,1.48E-05
1183207,8.89E-06
1183300,1.79E-05
1183401,4.95E-06
1183402,9.87E-07
1183403,6.93E-06
1183404,1.09E-05
1183405,1.04E-05
1183406,6.43E-06
1183407,1.09E-05
1183408,1.83E-05
1183409,5.45E-06
1183501,4.57E-05
1183502,2.37E-05
1183601,1.58E-05
1183602,2.97E-06
1183700,3.02E-05
1183803,1.48E-05
1183804,3.71E-05
1183805,6.93E-06
1183806,3.96E-06
1183807,0.000171374
1183808,2.18E-05
1183809,1.39E-05
1183901,8.40E-06
1183902,5.94E-06
1183903,7.91E-06
1183904,1.14E-05
1183905,6.43E-06
1183906,1.04E-05
1184000,0
1184100,0
1184200,1.79E-05
1184300,7.91E-06
1184401,0
1184402,0
1184500,2.97E-06
1184600,1.29E-05
1184700,0
1184801,1.29E-05
1184802,4.27E-05
1184901,2.03E-05
1184902,0.000123711
1185000,4.98E-05
1185100,4.16E-05
1185201,0.000118656
1185202,3.96E-05
1185300,4.26E-05
1185400,5.56E-05
1185500,4.16E-05
1185600,1.19E-05
1185700,0
1185800,1.53E-05
1185900,2.72E-05
1186000,2.08E-05
1186100,7.42E-06
1186201,3.58E-05
1186202,2.53E-05
1186301,3.53E-05
1186302,3.47E-06
1186303,4.95E-05
1186304,4.95E-06
1186400,6.93E-06
1186500,1.34E-05
1186600,0
1186701,2.77E-05
1186702,1.58E-05
1186703,7.42E-06
1186704,3.17E-05
1186705,2.62E-05
1186800,0
1186901,1.88E-05
1186902,3.66E-05
1187001,2.37E-05
1187002,1.93E-05
1187100,2.23E-05
1187201,1.24E-05
1187203,2.48E-05
1187204,1.93E-05
1187207,2.37E-05
1187208,4.06E-05
1187209,1.98E-05
1187300,3.66E-05
1187401,4.21E-05
1187402,1.98E-06
1187403,6.86E-05
1187500,3.51E-05
1187600,0
1187700,0
1187800,0
1187901,4.71E-05
1187902,1.63E-05
1187903,3.07E-05
1188001,3.71E-05
1188002,3.17E-05
1188102,0.000100761
1188103,1.79E-05
1188104,1.09E-05
1188200,2.67E-05
1188300,2.77E-05
1188401,1.93E-05
1188403,6.93E-06
1188404,2.32E-05
1188405,6.43E-06
1188501,1.74E-05
1188502,1.29E-05
1188601,2.18E-05
1188602,1.68E-05
1188603,2.48E-06
1188700,0
1188802,0
1188804,0
1188805,2.39E-05
1188806,0
1188807,2.48E-06
1188808,4.95E-07
1188900,1.09E-05
1189001,1.04E-05
1189002,9.38E-06
1189003,7.91E-06
1189004,6.93E-06
1189101,1.39E-05
1189102,9.38E-06
1189103,1.04E-05
1189200,4.01E-05
1189302,4.45E-05
1189303,1.04E-05
1189304,7.91E-06
1189305,1.34E-05
1189400,0
1189500,0
1189601,0.000100009
1189602,4.66E-05
1189603,6.54E-05
1189701,3.02E-05
1189702,5.95E-05
1189703,2.67E-05
1189800,4.80E-05
1189900,1.48E-05
1190000,0
1190100,2.62E-05
1190200,4.27E-05
1190301,0.0001043
1190302,7.21E-05
1190303,2.37E-05
1190304,2.18E-05
1190305,2.48E-05
1190400,6.38E-05
1190500,1.88E-05
1190601,1.63E-05
1190602,3.96E-06
1190603,1.04E-05
1190701,1.04E-05
1190702,2.48E-05
1190703,2.13E-05
1190704,5.30E-05
1190705,2.37E-05
1190706,1.79E-05
1190707,2.27E-05
1190708,1.39E-05
1190709,3.86E-05
1190801,2.03E-05
1190802,2.82E-05
1190803,3.96E-05
1190804,4.61E-05
1190805,1.58E-05
1190806,3.27E-05
1190807,0.000124289
1190808,4.45E-05
1190809,4.16E-05
1190810,8.40E-06
1190811,0.000162819
1190903,2.97E-05
1190904,1.29E-05
1190905,1.34E-05
1190906,1.44E-05
1190907,1.79E-05
1190908,0
1190909,1.24E-05
1191001,4.61E-05
1191002,5.35E-05
1191100,2.97E-06
1191202,4.32E-05
1191203,0
1191204,4.95E-06
1191205,0
1191206,0
1191301,3.73E-05
1191302,9.87E-07
1191400,0.000103816
1191500,3.46E-05
1191600,5.59E-05
1191701,2.43E-05
1191702,2.18E-05
1191703,1.74E-05
1191802,1.98E-06
1191803,6.93E-06
1191804,1.19E-05
1191805,1.14E-05
1191900,2.92E-05
1192001,2.27E-05
1192002,3.07E-05
1192003,3.91E-05
1192104,1.68E-05
1192105,3.27E-05
1192106,1.98E-05
1192107,2.67E-05
1192108,1.93E-05
1192111,2.97E-05
1192112,3.42E-05
1192113,1.68E-05
1192114,2.53E-05
1192115,4.95E-07
1192116,1.29E-05
1192117,8.89E-06
1192118,8.40E-06
1192119,1.48E-06
1192120,8.89E-06
1192121,1.04E-05
1192122,6.93E-06
1192123,2.97E-06
1192124,4.45E-06
1192125,8.40E-06
1192126,6.93E-06
1192127,0
1192128,0
1192129,1.98E-06
1192130,0
1192131,2.48E-06
1192132,9.87E-07
1192133,1.68E-05
1192134,3.47E-06
1192201,7.49E-05
1192202,0.0001946
1192203,3.86E-05
1192204,1.93E-05
1192205,3.12E-05
1192209,1.44E-05
1192210,1.63E-05
1192211,7.42E-06
1192212,1.24E-05
1192213,1.24E-05
1192214,1.83E-05
1192215,1.53E-05
1192216,1.48E-05
1192217,1.44E-05
1192218,1.09E-05
1192219,3.47E-06
1192220,1.19E-05
1192221,1.19E-05
1192222,1.83E-05
1192223,2.48E-06
1192224,6.43E-06
1192225,1.39E-05
1192226,1.04E-05
1192227,1.39E-05
1192228,4.45E-06
1192229,6.93E-06
1192230,7.42E-06
1192231,7.42E-06
1192232,1.48E-06
1192233,2.97E-06
1192234,6.93E-06
1192300,5.25E-05
1192400,5.79E-05
1192500,2.97E-05
1192602,0
1192603,3.56E-05
1192604,6.74E-05
1192701,2.85E-05
1192702,7.91E-06
1192800,0
1192900,2.18E-05
1193001,4.95E-06
1193002,1.98E-06
1193100,2.97E-05
1193201,5.64E-05
1193202,1.74E-05
1193204,7.91E-06
1193207,6.43E-06
1193208,4.85E-05
1193209,2.37E-05
1193210,1.58E-05
1193211,1.98E-05
1193212,2.43E-05
1193213,1.88E-05
1193214,2.18E-05
1193215,2.97E-05
1193216,1.04E-05
1193217,1.34E-05
1193218,9.87E-06
1193219,1.74E-05
1193220,1.09E-05
1193303,2.18E-05
1193305,3.07E-05
1193306,1.48E-06
1193307,4.95E-06
1193308,1.58E-05
1193309,1.29E-05
1193310,1.29E-05
1193311,1.29E-05
1193312,7.91E-06
1193313,1.14E-05
1193314,8.89E-06
1193315,1.48E-06
1193402,1.04E-05
1193403,2.72E-05
1193404,2.32E-05
1193501,2.27E-05
1193502,2.53E-05
1193503,1.39E-05
1193601,4.11E-05
1193602,3.42E-05
1193701,5.45E-06
1193702,2.72E-05
1193800,5.45E-05
1193900,5.79E-05
1194000,4.45E-06
1194100,0
1194200,4.95E-07
1194300,0.000529042
1194400,7.35E-05
1194501,9.87E-06
1194502,6.43E-06
1194503,3.18E-05
1194504,2.48E-06
1194505,1.09E-05
1194600,1.53E-05
1194700,7.91E-06
1194800,1.39E-05
1194900,1.48E-05
1195000,8.89E-06
1195100,6.43E-06
1195200,6.31E-05
1195300,1.79E-05
1195400,4.16E-05
1195500,1.24E-05
1195600,1.04E-05
1195700,0
1195800,3.73E-05
1195900,2.37E-05
1196000,1.93E-05
1196100,2.27E-05
1196200,5.76E-05
1196300,3.12E-05
1196400,2.87E-05
1196500,4.11E-05
1196600,3.02E-05
1196700,4.70E-05
1196800,4.71E-05
1196900,2.53E-05
1197000,5.21E-05
1197100,2.58E-05
1197200,3.86E-05
1197300,3.37E-05
1197400,2.18E-05
1197500,2.13E-05
1197600,2.37E-05
1197700,3.96E-05
1197800,2.58E-05
1197900,1.24E-05
1198000,1.63E-05
1198100,2.77E-05
1198200,3.86E-05
1198300,1.93E-05
1198400,2.03E-05
1198500,3.66E-05
1198601,2.58E-05
1198603,1.39E-05
1198604,1.14E-05
1198605,7.91E-06
1198700,2.62E-05
1198800,0.000547963
1198900,5.26E-05
1199000,3.27E-05
1199100,4.52E-05
1199201,3.12E-05
1199202,2.74E-05
1199301,2.18E-05
1199302,3.08E-05
1199400,4.18E-05
1199500,2.27E-05
1199601,5.45E-06
1199602,2.13E-05
1199700,2.48E-05
1199800,2.72E-05
1199900,3.46E-05
1200000,1.98E-05
1200100,3.22E-05
1200200,2.72E-05
1200300,3.07E-05
1200401,3.46E-05
1200402,3.51E-05
1200500,2.72E-05
1200600,4.61E-05
1200700,2.72E-05
1200800,1.74E-05
1200900,6.90E-05
1201000,2.53E-05
1201100,4.11E-05
1201200,2.67E-05
1201300,3.47E-06
1201400,1.53E-05
1201500,1.34E-05
1201601,5.36E-05
1201604,3.37E-05
1201605,2.53E-05
1201606,2.53E-05
1201700,2.72E-05
1201800,1.09E-05
1201900,1.53E-05
1202000,1.44E-05
1202100,1.68E-05
1202200,1.93E-05
1202300,4.11E-05
1202405,3.91E-05
1202406,3.66E-05
1202407,4.06E-05
1202408,8.89E-06
1202409,1.88E-05
1202410,4.45E-06
1202411,1.09E-05
1202412,1.19E-05
1202413,8.89E-06
1202414,1.34E-05
1202415,8.40E-06
1202500,0.000532478
1202600,0
1202700,4.95E-07
1202800,0
1202901,1.53E-05
1202902,1.09E-05
1203000,2.23E-05
1203100,0
1203203,1.48E-05
1203204,1.88E-05
1203205,1.58E-05
1203206,3.33E-05
1203207,5.45E-06
1203300,0
1203400,0
1203500,4.95E-07
1203600,4.95E-06
1203700,0
1203800,0
1203900,4.95E-07
1204000,2.97E-06
1204100,9.87E-07
1204200,0
1204300,1.24E-05
1204401,3.47E-06
1204403,6.23E-05
1204404,3.91E-05
1204502,0
1204508,0
1204510,2.39E-05
1204511,0
1204512,0
1204513,0
1204514,0
1204515,0
1204516,0
1204517,0
1204602,3.07E-05
1204603,9.87E-06
1204604,4.95E-06
1204605,1.44E-05
1204702,1.53E-05
1204704,4.40E-05
1204705,3.32E-05
1204707,3.86E-05
1204708,3.71E-05
1204709,4.01E-05
1204710,2.87E-05
1204711,6.24E-05
1204712,1.79E-05
1204713,2.27E-05
1204714,2.48E-05
1204806,1.34E-05
1204811,1.19E-05
1204812,1.14E-05
1204813,1.58E-05
1204814,1.14E-05
1204815,1.04E-05
1204816,4.76E-05
1204817,1.58E-05
1204818,3.96E-06
1204819,1.44E-05
1204820,6.93E-06
1204821,7.91E-06
1204822,7.42E-06
1204823,1.29E-05
1204824,7.91E-06
1204825,7.91E-06
1204826,8.40E-06
1204827,1.39E-05
1204828,9.87E-06
1204912,2.23E-05
1204915,1.09E-05
1204917,2.48E-05
1204918,2.58E-05
1204920,3.42E-05
1204921,2.72E-05
1204922,2.37E-05
1204923,1.19E-05
1204924,7.19E-05
1204925,4.26E-05
1204926,1.09E-05
1204927,1.93E-05
1204928,1.93E-05
1204929,7.42E-06
1204930,1.48E-05
1204931,1.09E-05
1204932,1.63E-05
1204933,2.23E-05
1204934,1.14E-05
1204935,9.38E-06
1204936,1.04E-05
1204937,1.44E-05
1204938,9.38E-06
1204939,7.42E-06
1204940,6.43E-06
1204941,1.04E-05
1204942,6.43E-06
1204943,7.91E-06
1204944,9.87E-06
1204945,9.87E-06
1204946,1.19E-05
1204947,9.87E-06
1204948,7.42E-06
1204949,6.93E-06
1204950,7.42E-06
1204951,8.89E-06
1204952,9.38E-06
1204953,6.43E-06
1204954,6.93E-06
1204955,6.93E-06
1204956,5.94E-06
1205005,0
1205009,2.03E-05
1205011,1.93E-05
1205012,3.56E-05
1205015,4.47E-05
1205019,2.03E-05
1205023,3.22E-05
1205024,3.51E-05
1205025,1.19E-05
1205026,2.37E-05
1205027,3.91E-05
1205028,2.27E-05
1205029,3.27E-05
1205030,3.07E-05
1205031,3.22E-05
1205032,2.58E-05
1205035,1.53E-05
1205036,3.07E-05
1205037,2.62E-05
1205038,2.18E-05
1205039,2.27E-05
1205040,1.24E-05
1205041,2.08E-05
1205042,3.22E-05
1205044,2.13E-05
1205047,4.95E-07
1205050,3.02E-05
1205051,2.67E-05
1205052,2.67E-05
1205053,8.40E-06
1205054,1.19E-05
1205057,2.43E-05
1205058,1.98E-05
1205059,2.53E-05
1205060,2.48E-06
1205061,2.53E-05
1205062,1.68E-05
1205063,1.24E-05
1205064,1.24E-05
1205065,1.44E-05
1205066,8.40E-06
1205067,1.24E-05
1205068,1.29E-05
1205069,9.87E-06
1205070,1.14E-05
1205071,1.19E-05
1205072,3.51E-05
1205073,1.29E-05
1205074,1.19E-05
1205075,1.88E-05
1205076,2.43E-05
1205077,1.98E-05
1205078,4.92E-05
1205079,1.83E-05
1205080,1.04E-05
1205081,3.48E-05
1205082,1.24E-05
1205083,7.91E-06
1205084,3.27E-05
1205085,2.03E-05
1205086,2.08E-05
1205087,1.44E-05
1205088,9.87E-06
1205089,1.63E-05
1205090,2.27E-05
1205091,2.03E-05
1205092,1.29E-05
1205093,1.93E-05
1205094,4.85E-05
1205095,6.93E-06
1205096,1.09E-05
1205097,8.40E-06
1205098,9.87E-06
1205102,0
1205103,7.42E-06
1205104,1.14E-05
1205105,1.04E-05
1205106,1.74E-05
1205200,1.48E-05
1205300,3.02E-05
1205401,1.88E-05
1205403,3.32E-05
1205404,1.93E-05
1205405,3.12E-05
1205406,2.43E-05
1205407,2.82E-05
1205408,1.83E-05
1205409,0
1205501,0
1205502,9.87E-07
1205601,0
1205602,9.38E-06
1205603,0
1205700,0
1205800,0
1205900,3.86E-05
1206001,1.98E-05
1206002,2.82E-05
1206003,2.27E-05
1206004,3.56E-05
1206100,0
1206202,1.63E-05
1206203,3.12E-05
1206204,3.91E-05
1206302,5.94E-06
1206305,1.83E-05
1206306,3.96E-06
1206307,1.68E-05
1206308,7.91E-06
1206309,1.98E-05
1206310,9.87E-06
1206311,7.91E-06
1206312,1.74E-05
1206313,1.29E-05
1206314,9.87E-06
1206315,7.68E-05
1206316,8.40E-06
1206317,1.39E-05
1206318,5.45E-06
1206319,8.89E-06
1206320,1.14E-05
1206321,3.96E-06
1206322,1.04E-05
1206323,1.34E-05
1206401,2.27E-05
1206402,4.11E-05
1206403,4.29E-05
1206501,1.98E-05
1206503,2.97E-06
1206504,3.47E-06
1206505,9.87E-07
1206600,6.43E-06
1206701,9.87E-07
1206703,4.95E-05
1206704,7.18E-05
1206705,3.27E-05
1206806,3.07E-05
1206807,5.45E-06
1206811,1.63E-05
1206812,2.62E-05
1206813,2.43E-05
1206815,3.12E-05
1206816,4.21E-05
1206817,3.86E-05
1206819,1.98E-05
1206820,2.43E-05
1206821,1.98E-05
1206822,3.12E-05
1206823,2.23E-05
1206830,5.64E-05
1206831,1.79E-05
1206832,2.23E-05
1206833,2.23E-05
1206834,1.19E-05
1206835,1.88E-05
1206836,8.89E-06
1206837,9.87E-06
1206838,6.93E-06
1206839,9.87E-06
1206840,9.38E-06
1206841,8.40E-06
1206842,7.42E-06
1206843,8.40E-06
1206844,1.24E-05
1206845,1.19E-05
1206846,1.09E-05
1206847,1.48E-05
1206848,1.93E-05
1206849,1.74E-05
1206850,1.24E-05
1206851,1.29E-05
1206852,6.43E-06
1206853,4.45E-06
1206854,6.93E-06
1206855,7.42E-06
1206856,4.45E-06
1206857,5.45E-06
1206858,1.63E-05
1206859,1.29E-05
1206860,1.24E-05
1206861,5.94E-06
1206862,1.04E-05
1206902,2.48E-06
1206904,0
1206906,1.39E-05
1206907,1.39E-05
1206908,1.48E-05
1206909,1.29E-05
1206910,2.08E-05
1206911,3.56E-05
1206912,2.08E-05
1206913,2.53E-05
1206914,1.79E-05
1206915,2.43E-05
1206916,1.53E-05
1206917,2.32E-05
1206918,1.98E-05
1206919,1.34E-05
1206920,1.44E-05
1206921,4.45E-06
1206922,1.53E-05
1206923,2.32E-05
1206924,1.34E-05
1207002,1.98E-06
1207003,1.58E-05
1207005,1.98E-06
1207006,6.93E-06
1207101,1.98E-05
1207102,8.40E-06
1207202,2.48E-05
1207203,9.87E-07
1207204,5.45E-06
1207300,1.68E-05
1207400,2.82E-05
1207500,7.87E-05
1207600,1.04E-05
1207700,1.24E-05
1207801,8.40E-06
1207802,1.14E-05
1207900,6.43E-06
1208001,6.43E-06
1208003,2.48E-06
1208004,3.47E-06
1208100,4.26E-05
1208202,2.48E-06
1208203,1.98E-06
1208204,5.45E-06
1208205,8.40E-06
1208300,1.04E-05
1208400,3.61E-05
1208501,9.38E-06
1208502,8.89E-06
1208503,4.95E-06
1208504,7.42E-06
1208505,2.97E-06
1208506,5.45E-06
1208507,6.43E-06
1208600,0.000167299
1208700,2.77E-05
1208800,4.56E-05
1208900,2.97E-06
1209001,0
1209002,0.000105555
1209100,0
1209200,1.98E-06
1209300,1.14E-05
1209400,2.72E-05
1209501,0
1209502,2.87E-05
1209600,1.14E-05
1209700,6.42E-05
1209801,0
1209802,4.75E-05
1209900,2.97E-05
1210000,2.87E-05
1210100,2.27E-05
1210200,1.04E-05
1210300,1.98E-05
1210401,4.07E-05
1210402,8.40E-06
1210403,1.29E-05
1210404,5.94E-06
1210500,4.16E-05
1210600,2.48E-05
1210700,2.53E-05
1210800,1.74E-05
1210900,4.95E-07
1211000,1.93E-05
1211100,4.95E-06
1211200,7.42E-06
1211300,4.95E-06
1211400,1.98E-06
1211500,6.93E-06
1211601,1.93E-05
1211603,2.43E-05
1211604,3.56E-05
1211701,3.96E-06
1211702,6.93E-06
1211800,1.48E-05
1211900,3.17E-05
1212000,4.95E-07
1212101,1.29E-05
1212102,5.94E-06
1212201,1.58E-05
1212202,1.53E-05
1212300,3.02E-05
1212400,7.42E-06
1212500,7.91E-06
1212603,5.45E-06
1212604,1.48E-05
1212605,2.77E-05
1212606,3.47E-06
1212609,9.87E-07
1212610,0
1212612,3.47E-06
1212613,3.47E-06
1212614,6.43E-06
1212615,7.42E-06
1212616,5.45E-06
1212617,4.95E-06
1212618,4.95E-06
1212619,6.93E-06
1212620,9.87E-07
1212621,3.96E-06
1212622,3.47E-06
1212623,2.48E-06
1212624,1.48E-06
1212625,1.48E-06
1212626,9.87E-07
1212627,2.59E-05
1212700,6.43E-06
1212800,2.62E-05
1212900,9.38E-06
1213000,1.79E-05
1213100,1.74E-05
1213200,1.44E-05
1213300,1.48E-05
1213401,6.43E-06
1213402,7.91E-06
1213500,0
1213600,9.38E-06
1213700,2.97E-05
1213801,3.27E-05
1213802,3.47E-05
1213900,4.95E-06
1214001,1.14E-05
1214002,2.18E-05
1214003,2.03E-05
1214100,3.66E-05
1214201,2.97E-05
1214203,6.74E-05
1214204,2.82E-05
1214205,2.62E-05
1214300,1.63E-05
1214400,1.93E-05
1214500,1.88E-05
1214601,2.87E-05
1214603,1.24E-05
1214604,4.02E-05
1214605,9.38E-06
1214606,1.39E-05
1214700,4.31E-05
1214800,0.00013414
1214900,3.22E-05
1215000,1.09E-05
1215100,1.48E-05
1215200,1.44E-05
1215300,3.51E-05
1215400,0
1215500,4.26E-05
1215600,9.87E-07
1215700,2.48E-05
1215801,6.93E-06
1215802,2.87E-05
1215900,5.20E-05
1216000,3.12E-05
1216101,8.89E-06
1216102,2.72E-05
1216200,2.32E-05
1216300,2.32E-05
1216400,2.18E-05
1216501,2.48E-05
1216502,3.96E-06
1216600,2.82E-05
1216700,3.46E-05
1216800,4.21E-05
1216902,1.14E-05
1216903,2.92E-05
1216904,1.04E-05
1216905,9.87E-06
1216906,1.19E-05
1217001,1.19E-05
1217002,2.72E-05
1217003,2.67E-05
1217101,3.12E-05
1217103,1.24E-05
1217104,1.19E-05
1217200,3.22E-05
1217300,5.45E-06
1217400,3.37E-05
1217500,2.03E-05
1217600,1.58E-05
1217700,2.82E-05
1217800,1.53E-05
1217900,4.26E-05
1218000,2.48E-05
1218100,2.03E-05
1218200,2.13E-05
1218300,1.19E-05
1218400,2.43E-05
1218500,1.34E-05
1218600,1.19E-05
1218700,1.83E-05
1218801,9.38E-06
1218802,6.93E-06
1218900,2.77E-05
1219000,2.82E-05
1219100,1.98E-05
1219201,2.97E-05
1219202,3.32E-05
1219300,1.98E-05
1219401,1.74E-05
1219402,1.44E-05
1219500,1.34E-05
1219601,3.32E-05
1219602,1.83E-05
1219700,3.32E-05
1219800,1.24E-05
1219900,1.68E-05
1220001,2.18E-05
1220002,1.74E-05
1220100,2.27E-05
1220200,1.14E-05
1220300,1.88E-05
1220400,5.66E-05
1220501,2.72E-05
1220502,2.18E-05
1220600,3.51E-05
1220700,4.32E-05
1220800,1.48E-05
1220900,1.63E-05
1221000,2.32E-05
1221100,0.000147489
1221200,1.48E-05
1221300,2.48E-05
1221400,3.02E-05
1221500,2.37E-05
1221600,1.44E-05
1221700,0
1221803,1.34E-05
1221804,1.83E-05
1221805,1.39E-05
1221806,1.24E-05
1221807,1.29E-05
1221808,8.89E-06
1221809,8.89E-06
1221810,8.40E-06
1221901,4.95E-06
1221902,9.38E-06
1221903,4.95E-06
1221904,3.96E-06
1222001,1.04E-05
1222002,7.91E-06
1222003,8.40E-06
1222004,8.89E-06
1222005,0.000134637
1222101,1.44E-05
1222102,1.44E-05
1222103,1.24E-05
1222104,7.42E-06
1222105,1.29E-05
1222106,1.24E-05
1222200,4.26E-05
1222300,1.68E-05
1222401,2.23E-05
1222402,8.40E-06
1222403,2.77E-05
1222500,3.17E-05
1222600,1.88E-05
1222700,2.18E-05
1222800,2.08E-05
1222900,2.13E-05
1223000,7.42E-06
1223100,1.58E-05
1223200,7.42E-06
1223301,2.62E-05
1223302,5.45E-06
1223400,1.34E-05
1223500,1.98E-06
1223600,1.58E-05
1223700,3.13E-05
1223800,4.02E-05
1223900,2.93E-05
1224000,6.02E-05
1224100,2.48E-05
1224200,2.48E-05
1224301,1.68E-05
1224302,4.45E-05
1224401,2.23E-05
1224402,2.13E-05
1224500,3.91E-05
1224600,0
1224701,1.19E-05
1224702,0
1224800,6.93E-06
1224900,4.95E-07
1225000,1.98E-06
1225100,0
1225200,4.95E-07
1225300,2.18E-05
1225400,1.93E-05
1225500,2.13E-05
1225600,0
1225700,6.43E-06
1225801,0
1225802,2.18E-05
1225900,1.58E-05
1226000,3.07E-05
1226100,2.18E-05
1226201,9.87E-07
1226202,7.91E-06
1226300,1.74E-05
1226400,1.88E-05
1226500,1.68E-05
1226600,1.93E-05
1226700,1.48E-05
1226800,3.96E-06
1226900,1.74E-05
1227000,1.39E-05
1227100,2.87E-05
1227200,2.18E-05
1227300,2.62E-05
1227400,1.98E-05
1227500,1.68E-05
1227600,8.40E-06
1227700,7.91E-06
1227800,2.27E-05
1227900,1.68E-05
1228001,1.83E-05
1228002,2.27E-05
1228100,5.45E-06
1228200,1.63E-05
1228300,8.89E-06
1228400,1.63E-05
1228500,2.43E-05
1228600,8.40E-06
1228700,2.48E-05
1228800,1.79E-05
1228900,2.77E-05
1229000,1.93E-05
1229100,1.48E-05
1229200,8.40E-06
1229300,1.58E-05
1229401,1.04E-05
1229402,3.66E-05
1229403,2.97E-05
1229500,1.88E-05
1229601,1.34E-05
1229602,3.47E-06
1229701,1.29E-05
1229702,0
1229703,1.44E-05
1229704,1.53E-05
1229705,6.43E-06
1229800,5.89E-05
1229901,4.85E-05
1229902,3.27E-05
1229903,2.13E-05
1230000,3.02E-05
1230100,2.53E-05
1230200,1.74E-05
1230300,2.53E-05
1230401,3.02E-05
1230402,1.58E-05
1230500,4.01E-05
1230601,2.77E-05
1230602,2.08E-05
1230706,2.97E-05
1230707,3.91E-05
1230711,5.94E-06
1230712,1.63E-05
1230713,1.29E-05
1230714,2.08E-05
1230715,2.62E-05
1230716,2.97E-05
1230717,1.83E-05
1230718,3.46E-05
1230719,4.51E-05
1230720,3.61E-05
1230721,2.08E-05
1230723,3.91E-05
1230724,1.53E-05
1230725,1.48E-05
1230726,1.19E-05
1230727,1.09E-05
1230728,7.42E-06
1230801,3.37E-05
1230802,2.53E-05
1230900,2.13E-05
1231003,4.95E-05
1231005,1.34E-05
1231006,1.34E-05
1231007,1.09E-05
1231008,9.87E-06
1231009,9.38E-06
1231010,7.42E-06
1231011,8.89E-06
1231012,1.63E-05
1231100,2.13E-05
1231200,2.72E-05
1231300,1.19E-05
1231400,3.77E-05
1231500,1.19E-05
1231600,3.77E-05
1231700,4.45E-06
1231800,2.13E-05
1231900,8.75E-05
1232000,0.000136121
1232101,9.87E-07
1232102,3.28E-05
1232200,2.58E-05
1232300,4.57E-05
1232400,4.95E-06
1232500,7.91E-06
1232600,1.98E-06
1232700,0
1232800,7.42E-06
1232900,1.09E-05
1233000,5.47E-05
1233100,3.89E-05
1233200,2.49E-05
1233300,4.95E-07
1233400,0.000132159
1233500,0
1233600,2.48E-06
1233700,1.98E-06
1233800,7.36E-05
1233900,4.95E-07
1234000,4.95E-07
1234100,2.54E-05
1234200,8.89E-06
1234300,1.48E-06
1234400,2.97E-06
1234500,0
1234600,9.87E-07
1234700,2.44E-05
1234800,4.45E-06
1234900,4.95E-07
1235000,4.95E-07
1235100,2.39E-05
1235200,0.000157528
1235301,6.43E-06
1235302,5.45E-06
1235303,3.96E-06
1235304,5.94E-06
1235400,2.53E-05
1235500,1.98E-05
1235600,2.87E-05
1235700,3.17E-05
1235800,3.82E-05
1235900,1.88E-05
1236000,0
1236100,2.54E-05
1236200,4.95E-07
1236300,1.98E-06
1236400,0.000137605
1236500,0
1236600,4.78E-05
1236700,2.32E-05
1236800,4.02E-05
1236900,4.17E-05
1237000,4.27E-05
1237100,4.17E-05
1237200,3.33E-05
1237300,4.95E-07
1237400,1.48E-05
1237500,1.48E-05
1237600,2.23E-05
1237700,1.79E-05
1237800,1.09E-05
1237900,1.58E-05
1238000,1.44E-05
1238100,1.74E-05
1238200,1.63E-05
1238300,8.40E-06
1238400,7.42E-06
1238500,1.48E-05
1238600,1.93E-05
1238700,1.39E-05
1238800,1.44E-05
1238900,8.89E-06
1239000,2.08E-05
1239100,1.79E-05
1239200,2.27E-05
1239300,1.83E-05
1239401,4.95E-06
1239402,8.89E-06
1239403,1.14E-05
1239500,2.97E-05
1239600,1.24E-05
1239700,1.68E-05
1239800,1.88E-05
1239900,8.40E-06
1240000,1.24E-05
1240100,1.98E-05
1240201,4.95E-06
1240202,9.87E-06
1240203,5.94E-06
1240300,1.19E-05
1240400,4.61E-05
1240500,2.18E-05
1240600,2.03E-05
1240700,1.58E-05
1240800,1.19E-05
1240900,0.000144059
1241000,1.74E-05
1241100,3.07E-05
1241200,1.74E-05
1241300,1.88E-05
1241400,4.07E-05
1241500,2.43E-05
1241600,1.19E-05
1241700,1.63E-05
1241800,1.44E-05
1241900,1.88E-05
1242000,1.19E-05
1242100,1.53E-05
1242200,8.40E-06
1242300,1.44E-05
1242400,0.000168924
1242500,1.98E-05
1242600,1.93E-05
1242700,1.34E-05
1242800,2.53E-05
1242900,1.19E-05
1243000,2.53E-05
1243100,5.22E-05
1243200,9.59E-05
1243300,4.96E-05
1243401,2.23E-05
1243402,2.03E-05
1243500,0.000172509
1243601,2.64E-05
1243602,9.87E-06
1243603,1.34E-05
1243604,8.40E-06
1243700,3.27E-05
1243800,2.03E-05
1243900,0.000171374
1244000,2.53E-05
1244100,1.19E-05
1244200,1.58E-05
1244300,4.02E-05
1244400,4.43E-05
1244500,1.88E-05
1244600,2.23E-05
1244700,6.95E-05
1244800,4.42E-05
1244900,3.71E-05
1245001,2.43E-05
1245002,2.43E-05
1245003,1.63E-05
1245101,4.01E-05
1245102,1.34E-05
1245200,3.76E-05
1245300,2.32E-05
1245400,2.62E-05
1245500,1.88E-05
1245600,3.27E-05
1245701,1.88E-05
1245702,1.79E-05
1245801,8.40E-06
1245802,2.97E-05
1245901,2.82E-05
1245902,3.37E-05
1246000,4.99E-05
1246100,5.94E-06
1246200,8.89E-06
1246300,1.04E-05
1246400,7.76E-05
1246500,5.45E-06
1246600,8.89E-06
1246700,5.10E-05
1246801,2.37E-05
1246802,2.72E-05
1246900,7.91E-06
1247000,4.45E-06
1247100,3.92E-05
1247200,7.91E-06
1247300,1.74E-05
1247400,2.72E-05
1247500,1.29E-05
1247600,0.000506788
1247700,2.43E-05
1247800,4.25E-05
1247901,3.32E-05
1247902,2.64E-05
1248000,7.69E-05
1248100,8.40E-06
1248200,4.12E-05
1248300,1.04E-05
1248400,0
1248500,3.82E-05
1248600,1.34E-05
1248700,3.18E-05
1248800,1.24E-05
1248900,6.93E-06
1249001,1.88E-05
1249002,4.66E-05
1249100,1.83E-05
1249200,1.29E-05
1249300,1.19E-05
1249400,1.98E-06
1249500,3.07E-05
1249602,2.18E-05
1249603,5.16E-05
1249604,9.87E-07
1249605,1.98E-05
1249606,2.53E-05
1249700,2.92E-05
1249801,1.44E-05
1249802,1.39E-05
1249803,8.89E-06
1249804,1.29E-05
1249901,8.65E-05
1249902,1.48E-06
1250001,5.36E-05
1250002,3.47E-06
1250004,1.29E-05
1250005,4.45E-06
1250101,4.45E-06
1250102,1.68E-05
1250200,2.32E-05
1250300,2.53E-05
1250401,8.55E-05
1250402,2.48E-06
1250500,1.29E-05
1250600,1.14E-05
1250701,1.34E-05
1250702,4.45E-06
1250703,2.97E-06
1250704,0.000522231
1250705,3.96E-06
1250706,1.48E-06
1250707,7.42E-06
1250708,2.97E-06
1250709,0
1250801,5.45E-06
1250802,5.45E-06
1250803,1.98E-06
1250804,1.48E-06
1250900,2.97E-06
1251000,6.93E-06
1251100,7.03E-05
1251202,6.76E-05
1251203,1.19E-05
1251204,3.12E-05
1251205,7.88E-05
1251206,3.32E-05
1251207,4.95E-07
1251300,1.53E-05
1251400,6.93E-06
1251500,1.63E-05
1251603,8.89E-06
1251604,1.83E-05
1251605,6.98E-05
1251606,0
1251607,6.43E-06
1251608,8.40E-06
1251609,1.04E-05
1251700,2.75E-05
1251800,4.95E-07
1251900,4.87E-05
1252000,3.56E-05
1252100,7.91E-06
1252201,0
1252202,0
1252300,3.43E-05
1252400,1.19E-05
1252501,0
1252503,7.91E-06
1252504,1.98E-06
1252602,3.96E-06
1252603,2.69E-05
1252604,0
1252700,1.83E-05
1252801,3.71E-05
1252802,1.24E-05
1252803,8.40E-06
1252900,1.29E-05
1253001,0
1253002,3.66E-05
1253100,2.80E-05
1253200,7.42E-06
1253300,1.24E-05
1253400,1.98E-06
1253501,1.68E-05
1253502,1.93E-05
1253601,3.63E-05
1253602,2.67E-05
1253701,6.61E-05
1253702,1.68E-05
1253800,4.82E-05
1253901,1.74E-05
1253903,4.01E-05
1253905,3.02E-05
1253906,4.56E-05
1253907,2.23E-05
1253908,5.45E-05
1254000,1.39E-05
1254100,2.92E-05
1254200,2.27E-05
1254301,3.46E-05
1254302,1.04E-05
1254303,9.87E-06
1254304,1.48E-05
1254305,6.93E-06
1254306,1.04E-05
1254307,1.63E-05
1254403,1.68E-05
1254404,2.72E-05
1254405,0
1254407,3.17E-05
1254408,8.89E-06
1254409,1.19E-05
1254410,9.87E-06
1254411,1.09E-05
1254412,1.19E-05
1254501,1.79E-05
1254502,2.87E-05
1254503,2.27E-05
1254504,2.67E-05
1254505,1.48E-05
1254600,4.11E-05
1254700,2.58E-05
1254800,1.09E-05
1254900,2.23E-05
1255000,1.29E-05
1255100,1.34E-05
1255200,3.82E-05
1255300,2.43E-05
1255400,6.20E-05
1255500,2.18E-05
1255600,1.63E-05
1255700,2.43E-05
1255800,2.27E-05
1255900,2.13E-05
1256000,2.43E-05
1256100,2.72E-05
1256201,5.54E-05
1256204,2.92E-05
1256205,3.07E-05
1256207,2.62E-05
1256208,2.27E-05
1256209,1.74E-05
1256210,5.06E-05
1256302,3.56E-05
1256305,9.38E-06
1256306,1.39E-05
1256307,7.91E-06
1256308,9.87E-06
1256309,9.38E-06
1256310,8.89E-06
1256311,9.87E-07
1256312,1.79E-05
1256313,1.29E-05
1256314,4.36E-05
1256400,2.48E-05
1256500,2.97E-06
1256600,6.93E-06
1256700,2.18E-05
1256800,1.39E-05
1256900,4.76E-05
1257000,1.44E-05
1257100,8.89E-06
1257200,2.62E-05
1257300,1.44E-05
1257400,1.79E-05
1257500,0
1257600,5.45E-06
1257700,0.000523588
1257800,1.48E-06
1257900,0
1258000,0
1258100,0
1258200,0
1258300,0
1258401,3.27E-05
1258402,0
1258403,0
1258501,1.98E-05
1258503,1.83E-05
1258504,1.19E-05
1258505,5.45E-06
1258506,3.28E-05
1258601,2.03E-05
1258602,1.24E-05
1258603,3.96E-06
1258604,2.88E-05
1258702,0
1258703,1.29E-05
1258704,4.95E-06
1258705,5.27E-05
1258706,2.97E-06
1258707,3.96E-06
1258708,2.49E-05
1258800,8.89E-06
1258901,8.30E-05
1258902,0.000135026
1258903,0
1259000,7.87E-05
1259101,8.89E-06
1259104,4.45E-06
1259105,1.98E-06
1259106,1.98E-06
1259200,7.33E-05
1259300,7.13E-05
1259401,8.30E-05
1259402,5.94E-06
1259500,0
1259600,2.65E-05
1259700,1.04E-05
1259800,1.44E-05
1259900,2.08E-05
1260000,1.63E-05
1260100,6.93E-06
1260201,3.66E-05
1260202,0
1260301,5.45E-06
1260302,3.61E-05
1260401,1.63E-05
1260402,4.16E-05
1260500,1.09E-05
1260600,1.29E-05
1260700,1.09E-05
1260800,8.89E-06
1260900,6.93E-06
1261001,6.93E-06
1261002,8.40E-06
1261100,2.13E-05
1261200,1.39E-05
1261300,7.91E-06
1261400,0.00010571
1261500,0.000130729
1261601,3.07E-05
1261602,2.53E-05
1261603,1.04E-05
1261604,3.17E-05
1261700,1.29E-05
1261800,4.46E-05
1261900,9.38E-06
1262000,2.87E-05
1262100,6.93E-06
1262200,1.74E-05
1262300,2.53E-05
1262400,1.79E-05
1262500,5.00E-05
1262600,4.45E-06
1262700,1.44E-05
1262800,6.43E-06
1262901,3.05E-05
1262902,3.96E-06
1263000,3.47E-06
1263100,1.68E-05
1263200,2.48E-05
1263300,1.68E-05
1263400,1.04E-05
1263500,3.47E-06
1263600,4.95E-07
1263700,1.29E-05
1263801,1.09E-05
1263802,8.40E-06
1263900,2.08E-05
1264000,1.98E-05
1264100,2.08E-05
1264201,5.94E-06
1264202,4.95E-07
1264301,1.98E-06
1264303,0
1264304,1.14E-05
1264305,9.87E-07
1264401,2.48E-06
1264402,4.95E-07
1264403,9.87E-07
1264404,4.02E-05
1264501,3.86E-05
1264502,1.98E-06
1264503,2.64E-05
1264505,3.47E-06
1264506,1.44E-05
1264507,1.63E-05
1264508,1.44E-05
1264509,9.87E-06
1264510,8.89E-06
1264511,1.48E-05
1264512,3.47E-06
1264600,5.95E-05
1264701,0
1264702,3.61E-05
1264703,3.27E-05
1264704,4.95E-07
1264800,0
1264900,3.96E-06
1265001,3.96E-06
1265002,1.48E-06
1265003,0
1265100,1.24E-05
1265200,6.78E-05
1265302,0
1265304,4.95E-07
1265305,0
1265306,0
1265307,0
1265308,8.29E-05
1265309,1.98E-06
1265400,1.09E-05
1265501,1.14E-05
1265502,2.27E-05
1265600,1.04E-05
1265701,5.45E-06
1265702,9.38E-06
1265800,1.68E-05
1265900,1.88E-05
1266000,1.09E-05
1266100,3.51E-05
1266201,3.47E-06
1266202,1.98E-06
1266300,1.14E-05
1266403,7.91E-06
1266404,3.87E-05
1266405,1.09E-05
1266406,1.14E-05
1266407,8.40E-06
1266501,4.95E-07
1266502,7.42E-06
1266503,1.04E-05
1266609,1.68E-05
1266610,1.53E-05
1266611,1.58E-05
1266612,2.97E-06
1266613,1.53E-05
1266614,1.09E-05
1266615,1.48E-05
1266616,1.29E-05
1266617,3.73E-05
1266618,9.87E-06
1266619,1.39E-05
1266620,1.79E-05
1266621,1.63E-05
1266701,6.43E-06
1266702,1.98E-06
1266703,7.42E-06
1266704,2.83E-05
1266801,0.000168434
1266803,4.42E-05
1266805,1.09E-05
1266806,1.34E-05
1266903,9.87E-06
1266904,9.38E-06
1266905,1.19E-05
1266906,1.34E-05
1266907,1.14E-05
1267004,1.04E-05
1267005,1.53E-05
1267006,0.000148469
1267007,1.19E-05
1267008,1.24E-05
1267009,3.73E-05
1267010,1.53E-05
1267011,4.17E-05
1267103,6.43E-06
1267104,6.93E-06
1267105,4.95E-07
1267106,9.38E-06
1267107,3.28E-05
1267108,4.95E-06
1267109,1.04E-05
1267110,6.93E-06
1267111,2.97E-06
1267112,1.14E-05
1267113,2.74E-05
1267114,5.45E-06
1267115,0.000135624
1267116,3.03E-05
1267117,1.19E-05
1267201,5.94E-06
1267202,7.42E-06
1267203,5.45E-06
1267301,3.87E-05
1267302,9.38E-06
1267303,1.39E-05
1267304,7.91E-06
1267400,3.63E-05
1267500,1.88E-05
1267600,0.000524568
1267701,1.44E-05
1267703,1.58E-05
1267704,1.34E-05
1267705,1.98E-06
1267800,2.03E-05
1267900,3.17E-05
1268000,2.77E-05
1268100,2.27E-05
1268205,2.58E-05
1268206,3.46E-05
1268207,2.03E-05
1268208,1.74E-05
1268209,2.27E-05
1268210,2.62E-05
1268211,1.34E-05
1268212,1.93E-05
1268300,0.000116331
1268400,2.97E-05
1268501,0.000201209
1268502,5.06E-05
1268600,2.37E-05
1268700,8.05E-05
1268801,2.27E-05
1268803,3.47E-06
1268804,1.29E-05
1268900,4.87E-05
1269000,1.98E-05
1269100,1.83E-05
1269200,2.03E-05
1269300,1.74E-05
1269400,3.27E-05
1269500,1.48E-05
1269600,3.32E-05
1269701,3.61E-05
1269702,3.96E-05
1269800,3.07E-05
1269900,1.24E-05
1270000,2.67E-05
1270100,2.87E-05
1270200,4.66E-05
1270300,1.98E-05
1270400,2.82E-05
1270501,1.58E-05
1270503,3.96E-06
1270504,2.53E-05
1270600,0.000138102
1270700,1.24E-05
1270800,2.75E-05
1270900,0
1271000,4.90E-05
1271100,3.82E-05
1271200,2.62E-05
1271300,1.63E-05
1271400,3.47E-06
1271500,1.98E-05
1271600,2.18E-05
1271700,2.77E-05
1271800,2.82E-05
1271900,8.40E-06
1272000,2.92E-05
1272100,2.18E-05
1272200,3.76E-05
1272300,3.82E-05
1272400,2.32E-05
1272500,1.88E-05
1272600,2.77E-05
1272700,2.58E-05
1272800,3.17E-05
1272900,2.27E-05
1273000,1.19E-05
1273100,1.58E-05
1273200,7.60E-05
1273300,4.47E-05
1273400,3.02E-05
1273500,3.28E-05
1273600,6.71E-05
1273700,3.18E-05
1273800,0
1273900,5.17E-05
1274000,0
1274100,0
1274200,4.93E-05
1274300,4.95E-07
1274400,1.44E-05
1274500,2.48E-06
1274600,2.97E-06
1274700,2.58E-05
1274800,5.11E-05
1274900,1.19E-05
1275000,9.87E-07
1275105,1.74E-05
1275108,2.13E-05
1275109,2.48E-05
1275110,1.39E-05
1275111,2.08E-05
1275112,8.89E-06
1275113,1.63E-05
1275114,3.92E-05
1275115,1.63E-05
1275116,1.63E-05
1275117,1.83E-05
1275200,2.87E-05
1275301,2.72E-05
1275302,0.000495868
1275400,0
1275500,0
1275600,4.95E-06
1275700,4.95E-07
1275800,9.87E-07
1275900,4.95E-06
1276000,4.95E-07
1276100,3.47E-06
1276201,6.78E-05
1276202,0
1276300,1.98E-06
1276401,2.39E-05
1276402,0
1276500,5.94E-06
1276602,5.45E-06
1276603,3.56E-05
1276604,3.27E-05
1276700,4.45E-06
1276800,6.93E-06
1276901,5.94E-06
1276902,3.96E-05
1277000,3.47E-06
1277101,3.27E-05
1277102,0.000172779
1277201,4.25E-05
1277202,6.88E-05
1277301,0.000150039
1277302,0.000181249
1277303,0.000120299
1277304,4.80E-05
1277401,0.000117849
1277402,1.04E-05
1277501,1.63E-05
1277502,2.93E-05
1277601,1.34E-05
1277602,1.34E-05
1277700,1.24E-05
1277800,1.44E-05
1277900,0
1278001,0
1278002,7.92E-05
1278101,9.73E-05
1278102,0.000324288
1278103,5.79E-05
1278104,2.32E-05
1278201,8.12E-05
1278202,0.000170819
1278203,3.81E-05
1278204,3.42E-05
1278304,1.48E-06
1278305,1.98E-06
1278307,3.96E-06
1278308,5.45E-06
1278309,3.42E-05
1278310,4.95E-07
1278311,7.42E-06
1278312,2.48E-06
1278313,9.38E-06
1278314,6.93E-06
1278315,4.45E-06
1278316,3.19E-05
1278317,3.47E-06
1278318,1.48E-06
1278319,4.98E-05
1278320,8.40E-06
1278321,4.95E-06
1278322,9.87E-07
1278402,0.000202614
1278403,4.46E-05
1278404,4.21E-05
1278405,0
1278406,2.93E-05
1278407,3.47E-06
1278500,9.87E-07
1278600,6.63E-05
1278700,0.000121826
1278801,1.48E-06
1278802,0
1278900,0.000131709
1279004,0
1279006,3.27E-05
1279007,1.29E-05
1279008,2.69E-05
1279009,6.93E-06
1279010,9.87E-06
1279011,3.47E-06
1279012,0.000327292
1279014,1.48E-05
1279015,2.53E-05
1279016,2.23E-05
1279017,5.36E-05
1279018,4.66E-05
1279023,1.19E-05
1279024,4.95E-07
1279025,1.14E-05
1279026,1.09E-05
1279027,1.19E-05
1279028,1.44E-05
1279029,1.68E-05
1279030,1.48E-05
1279031,1.93E-05
1279032,1.34E-05
1279033,1.09E-05
1279034,1.14E-05
1279035,1.44E-05
1279036,1.39E-05
1279037,2.08E-05
1279038,1.53E-05
1279039,8.40E-06
1279040,6.43E-06
1279041,8.89E-06
1279042,9.87E-06
1279105,2.97E-06
1279106,4.32E-05
1279107,1.24E-05
1279108,2.48E-06
1279109,3.47E-06
1279110,2.03E-05
1279111,1.19E-05
1279113,1.14E-05
1279114,3.18E-05
1279115,1.48E-06
1279116,9.38E-06
1279117,4.60E-05
1279202,4.95E-06
1279203,0
1279204,8.40E-06
1279205,1.48E-06
1279300,2.97E-06
1279403,1.14E-05
1279404,1.29E-05
1279405,3.53E-05
1279406,1.09E-05
1279407,0.000186859
1279408,3.28E-05
1279409,6.93E-06
1279501,4.95E-07
1279502,4.61E-05
1279601,1.48E-06
1279602,4.45E-06
1279700,0
1279801,0.000135171
1279802,3.37E-05
1279901,0.000197562
1279902,0
1279904,1.48E-06
1279905,4.16E-05
1279906,4.95E-07
1279907,4.95E-07
1279908,2.72E-05
1280002,0
1280003,3.27E-05
1280005,3.46E-05
1280009,0
1280010,2.54E-05
1280011,1.39E-05
1280012,1.98E-06
1280013,5.56E-05
1280014,7.42E-06
1280015,3.96E-06
1280016,9.87E-06
1280017,9.38E-06
1280018,4.45E-06
1280101,2.97E-06
1280102,5.45E-06
1280103,4.95E-07
1280104,8.89E-06
1280201,1.09E-05
1280202,3.27E-05
1280302,3.27E-05
1280303,6.93E-06
1280304,5.94E-06
1280305,1.68E-05
1280306,9.87E-06
1280400,0
1280501,3.61E-05
1280503,3.27E-05
1280504,1.98E-06
1280601,2.67E-05
1280603,0.000360464
1280604,6.54E-05
1280702,0
1280705,0.000106929
1280706,0.000555556
1280707,5.41E-05
1280708,0.000135668
1280801,3.27E-05
1280802,0
1280900,6.43E-06
1281001,6.93E-06
1281002,5.45E-06
1281004,0
1281005,9.87E-07
1281006,8.30E-05
1281100,1.48E-06
1281200,0.000184033
1281300,0
1281401,0.000496855
1281403,4.95E-06
1281404,5.94E-06
1281405,2.97E-06
1281406,2.48E-06
1281407,2.97E-06
1281408,4.45E-06
1281409,3.96E-06
1281410,3.96E-06
1281411,2.97E-06
1281412,3.47E-06
1281413,1.98E-06
1281414,3.47E-06
1281415,9.85E-05
1281501,3.96E-06
1281502,1.48E-06
1281503,2.48E-06
1281504,3.61E-05
1281505,7.77E-05
1281601,0.000492849
1281602,4.21E-05
1281700,8.30E-05
1281800,2.64E-05
1281900,6.93E-06
1282000,5.94E-06
1282100,9.87E-07
1282200,2.98E-05
1282300,5.07E-05
1282400,2.93E-05
1282500,3.96E-06
1282600,4.95E-06
1282701,1.19E-05
1282702,4.95E-07
1282800,3.28E-05
1282900,3.47E-06
1283000,6.11E-05
1283100,8.89E-06
1283200,0.000497352
1283300,2.97E-06
1283400,8.89E-06
1283500,5.94E-06
1283600,9.87E-06
1283700,1.34E-05
1283800,1.29E-05
1283900,2.49E-05
1284000,3.33E-05
1284100,1.19E-05
1284200,4.83E-05
1284300,9.87E-07
1284400,7.91E-06
1284500,4.95E-06
1284600,8.40E-06
1284701,7.42E-06
1284702,9.87E-06
1284801,4.95E-06
1284802,2.97E-06
1284900,8.40E-06
1285000,3.96E-06
1285100,0
1285200,1.04E-05
1285300,7.91E-06
1285400,7.91E-06
1285500,1.48E-05
1285600,8.89E-06
1285700,7.91E-06
1285800,8.40E-06
1285900,7.42E-06
1286000,1.44E-05
1286100,1.53E-05
1286200,0.000498836
1286300,2.37E-05
1286400,8.40E-06
1286500,5.45E-06
1286600,8.89E-06
1286700,7.91E-06
1286800,4.45E-06
1286900,1.88E-05
1287000,1.09E-05
1287100,1.09E-05
1287200,1.04E-05
1287300,0
1287400,4.95E-06
1287500,1.53E-05
1287600,9.87E-06
1287700,1.04E-05
1287800,8.89E-06
1287900,2.48E-06
1288001,3.27E-05
1288002,3.27E-05
1288100,6.93E-06
1288200,0
1288300,4.95E-06
1288400,3.38E-05
1288500,6.93E-06
1288601,9.87E-07
1288602,3.47E-06
1288701,3.52E-05
1288702,3.27E-05
1288802,0.000109031
1288803,0
1288804,9.00E-05
1288900,0.000116693
1289001,0.000166052
1289002,0
1289102,4.95E-07
1289106,0.000249077
1289107,0
1289108,0
1289109,0
1289110,0
1289111,8.30E-05
1289200,4.95E-06
1289300,5.45E-06
1289400,6.93E-06
1289500,1.04E-05
1289600,3.47E-06
1289700,1.09E-05
1289800,2.95E-05
1289900,6.93E-06
1290000,7.42E-06
1290100,9.87E-07
1290200,5.94E-06
1290300,5.45E-06
1290400,4.95E-06
1290500,2.97E-06
1290600,2.97E-06
1290700,4.45E-06
1290800,4.95E-06
1290900,9.87E-07
1291000,2.97E-06
1291100,1.98E-06
1291200,5.94E-06
1291300,3.96E-06
1291400,3.96E-06
1291500,5.45E-06
1291600,3.47E-06
1291700,0
1291800,3.96E-05
1291900,4.95E-07
1292000,4.95E-06
1292100,2.97E-06
1292200,3.96E-06
1292300,7.91E-06
1292400,1.48E-06
1292500,5.94E-06
1292600,7.42E-06
1292700,1.04E-05
1292800,5.94E-06
1292900,2.37E-05
1293000,1.58E-05
1293100,1.24E-05
1293200,0.000151019
1293301,2.97E-06
1293302,1.29E-05
1293401,8.85E-05
1293402,9.87E-07
1293501,9.87E-07
1293502,1.53E-05
1293600,2.67E-05
1293701,4.95E-06
1293702,3.96E-06
1293800,1.98E-06
1293900,0
1294001,0.000388667
1294002,0.000204968
1294003,1.48E-06
1294101,0
1294102,4.31E-05
1294103,2.54E-05
1294200,9.87E-07
1294300,9.54E-05
1294400,5.26E-05
1294500,1.44E-05
1294601,4.17E-05
1294602,0.000535488
1294700,9.87E-06
1294800,1.79E-05
1294900,1.83E-05
1295000,2.97E-06
1295100,2.03E-05
1295200,1.04E-05
1295301,0
1295302,2.48E-06
1295400,3.96E-06
1295500,1.98E-06
1295600,9.87E-06
1295700,1.93E-05
1295800,6.93E-06
1295900,9.38E-06
1296000,3.96E-06
1296100,3.47E-06
1296201,4.95E-06
1296202,1.48E-06
1296300,1.24E-05
1296400,2.48E-06
1296500,3.96E-06
1296601,2.97E-06
1296602,0
1296701,2.82E-05
1296702,1.98E-06
1296801,3.76E-05
1296803,3.66E-05
1296804,3.37E-05
1296805,5.05E-05
1296902,1.24E-05
1296903,4.40E-05
1296904,2.27E-05
1297001,4.04E-05
1297002,3.42E-05
1297101,1.58E-05
1297102,8.40E-06
1297200,1.04E-05
1297300,1.79E-05
1297400,2.97E-06
1297501,6.43E-06
1297502,9.87E-07
1297600,1.58E-05
1297701,1.83E-05
1297702,6.43E-06
1297800,7.42E-06
1297902,0
1297903,9.38E-06
1297904,3.47E-06
1297905,0
1298000,3.47E-06
1298100,4.45E-06
1298200,2.27E-05
1298300,1.44E-05
1298403,3.47E-06
1298404,1.09E-05
1298405,4.45E-06
1298406,7.42E-06
1298500,8.89E-06
1298601,7.91E-06
1298602,4.45E-06
1298702,5.45E-06
1298704,3.96E-06
1298705,0
1298706,9.87E-06
1298707,2.97E-06
1298801,1.39E-05
1298802,5.94E-06
1298901,3.96E-06
1298902,9.87E-07
1298903,4.45E-06
1299000,1.83E-05
1299102,4.95E-07
1299103,7.23E-05
1299104,4.95E-06
1299105,0
1299200,3.96E-06
1299300,1.09E-05
1299400,7.42E-06
1299500,1.29E-05
1299600,4.45E-06
1299700,8.54E-05
1299800,1.34E-05
1299900,3.82E-05
1300001,2.48E-06
1300002,5.45E-06
1300100,4.95E-06
1300200,1.53E-05
1300300,2.32E-05
1300400,1.83E-05
1300500,2.77E-05
1300600,1.14E-05
1300700,4.45E-06
1300800,4.95E-06
1300901,2.37E-05
1300902,1.98E-06
1301001,3.96E-06
1301002,2.97E-06
1301101,1.14E-05
1301102,9.87E-07
1301200,2.32E-05
1301301,0
1301302,2.27E-05
1301303,4.45E-06
1301400,1.19E-05
1301501,4.95E-07
1301502,4.80E-05
1301600,0
1301700,1.93E-05
1301800,2.48E-06
1301900,1.58E-05
1302000,5.94E-06
1302100,1.98E-06
1302200,2.23E-05
1302301,0
1302302,0
1302400,8.40E-06
1302500,1.98E-05
1302600,1.48E-06
1302700,2.48E-06
1302800,1.48E-05
1302900,1.63E-05
1303000,1.14E-05
1303101,0
1303102,8.30E-05
1303103,0
1303201,0
1303202,2.97E-05
1303203,8.30E-05
1303301,0
1303302,0.000262447
1303400,5.94E-06
1303500,8.40E-06
1303600,8.89E-06
1303700,0.000168033
1303801,0.000166052
1303802,0
1303900,3.22E-05
1304000,2.48E-05
1304100,2.37E-05
1304200,1.83E-05
1304301,5.94E-06
1304302,6.93E-06
1304400,1.74E-05
1304500,0
1304601,7.42E-06
1304602,4.45E-06
1304700,9.38E-06
1304800,2.69E-05
1304900,0
1305000,6.93E-06
1305100,0.000162974
1305200,0
1305300,1.48E-05
1305400,3.92E-05
1305500,0
1305601,1.88E-05
1305602,5.51E-05
1305701,0
1305702,3.58E-05
1305801,0
1305802,4.02E-05
1305901,1.44E-05
1305903,2.48E-05
1305904,2.82E-05
1305905,3.73E-05
1305907,1.98E-05
1305908,8.89E-06
1305909,5.45E-06
1306000,4.95E-06
1306101,9.87E-07
1306102,0
1306104,2.37E-05
1306105,1.79E-05
1306106,1.58E-05
1306200,1.93E-05
1306300,2.27E-05
1306400,1.79E-05
1306500,1.83E-05
1306600,1.09E-05
1306700,1.24E-05
1306800,2.43E-05
1306900,1.39E-05
1307000,1.14E-05
1307100,2.13E-05
1307200,2.18E-05
1307300,7.26E-05
1307400,1.88E-05
1307500,1.79E-05
1307600,0.000551953
1307700,2.53E-05
1307800,1.44E-05
1307900,1.53E-05
1308000,4.45E-06
1308100,2.08E-05
1308200,2.92E-05
1308300,2.67E-05
1308400,1.63E-05
1308500,3.17E-05
1308600,4.32E-05
1308701,2.48E-05
1308702,1.68E-05
1308800,2.97E-05
1308900,2.37E-05
1309003,1.24E-05
1309004,2.03E-05
1309005,4.45E-06
1309006,2.48E-06
1309007,1.39E-05
1309008,1.74E-05
1309100,1.63E-05
1309200,1.48E-06
1309300,4.95E-07
1309400,1.83E-05
1309501,2.53E-05
1309502,3.96E-06
1309601,9.87E-06
1309602,1.34E-05
1309603,3.96E-06
1309701,2.23E-05
1309702,7.45E-05
1309800,0.000160369
1309900,1.44E-05
1310000,4.32E-05
1310100,8.89E-06
1310200,1.19E-05
1310300,2.92E-05
1310400,1.53E-05
1310500,1.58E-05
1310600,3.07E-05
1310700,4.45E-05
1310800,1.48E-05
1310900,9.87E-07
1311000,3.96E-06
1311100,1.48E-05
1311200,1.58E-05
1311300,2.37E-05
1311400,1.79E-05
1311500,1.98E-05
1311600,2.43E-05
1311700,4.16E-05
1311800,1.93E-05
1311900,4.70E-05
1312000,2.72E-05
1312100,1.98E-05
1312200,3.56E-05
1312301,4.45E-05
1312303,3.32E-05
1312304,2.43E-05
1312305,1.09E-05
1312306,5.61E-05
1312400,0.000134637
1312500,3.51E-05
1312600,1.88E-05
1312700,2.43E-05
1312800,3.18E-05
1312900,2.18E-05
1313000,1.79E-05
1313100,3.37E-05
1313200,1.68E-05
1313300,1.93E-05
1313400,3.07E-05
1313500,1.98E-05
1313601,2.82E-05
1313603,2.27E-05
1313604,2.67E-05
1313605,3.17E-05
1313608,2.62E-05
1313609,2.43E-05
1313610,2.13E-05
1313611,1.68E-05
1313612,1.19E-05
1313701,0
1313703,0
1313705,2.39E-05
1313706,0
1313801,9.55E-05
1313802,0
1313900,5.45E-06
1314000,0
1314100,9.87E-07
1314200,9.38E-06
1314300,1.34E-05
1314400,9.38E-06
1314500,8.89E-06
1314600,1.48E-05
1314700,6.93E-06
1314800,1.39E-05
1314900,0
1315000,4.95E-07
1315100,0
1315200,0.000132653
1315300,2.32E-05
1315400,1.98E-05
1315500,1.39E-05
1315600,1.39E-05
1315700,1.04E-05
1315800,5.45E-06
1315900,1.44E-05
1316000,2.23E-05
1316100,1.44E-05
1316200,1.19E-05
1316300,2.27E-05
1316400,1.24E-05
1316500,5.94E-06
1316600,1.34E-05
1316700,1.93E-05
1316800,1.44E-05
1316900,0
1317000,0
1317100,1.24E-05
1317200,6.93E-06
1317300,1.09E-05
1317400,2.08E-05
1317500,9.38E-06
1317600,9.38E-06
1317700,1.68E-05
1317800,4.95E-07
1317900,1.09E-05
1318000,9.87E-07
1318100,1.63E-05
1318200,1.04E-05
1318300,1.48E-05
1318400,4.95E-06
1318500,1.34E-05
1318600,1.29E-05
1318700,1.24E-05
1318800,1.29E-05
1318900,1.29E-05
1319000,1.58E-05
1319100,1.44E-05
1319200,1.39E-05
1319300,4.53E-05
1319400,1.53E-05
1319500,1.09E-05
1319600,9.38E-06
1319700,7.91E-06
1319800,1.04E-05
1319901,3.02E-05
1319902,1.14E-05
1319903,8.40E-06
1320000,7.42E-06
1320101,1.39E-05
1320102,8.37E-05
1320200,1.63E-05
1320301,1.68E-05
1320302,2.37E-05
1320401,2.48E-05
1320402,1.83E-05
1320403,1.58E-05
1320404,2.08E-05
1320501,3.17E-05
1320502,3.18E-05
1320600,0
1320700,1.34E-05
1320801,8.89E-06
1320802,9.87E-06
1320901,6.43E-06
1320902,9.38E-06
1320903,9.38E-06
1320904,6.43E-06
1321000,1.48E-05
1321100,1.19E-05
1321200,1.98E-05
1321300,1.34E-05
1321400,3.02E-05
1321500,0.000155399
1321600,2.18E-05
1321700,1.79E-05
1321801,1.83E-05
1321802,1.98E-06
1321900,4.12E-05
1322000,7.42E-06
1322101,1.53E-05
1322102,2.48E-06
1322201,1.48E-06
1322202,1.14E-05
1322300,1.09E-05
1322400,1.53E-05
1322500,7.91E-06
1322601,8.89E-06
1322602,2.97E-06
1322700,5.45E-06
1322801,4.95E-07
1322802,7.42E-06
1322803,9.87E-07
1322900,1.48E-06
1323000,9.87E-07
1323100,2.18E-05
1323201,1.79E-05
1323202,2.97E-06
1323204,3.47E-06
1323205,8.89E-06
1323301,1.29E-05
1323302,1.98E-06
1323303,2.48E-06
1323401,3.47E-06
1323402,8.89E-06
1323500,6.43E-06
1323600,6.43E-06
1323701,1.44E-05
1323702,4.95E-06
1323800,3.96E-06
1323900,6.43E-06
1324000,4.45E-06
1324100,4.95E-06
1324201,1.53E-05
1324202,0
1324300,1.98E-05
1324400,5.94E-06
1324500,2.18E-05
1324601,0
1324602,1.83E-05
1324700,3.34E-05
1324800,5.94E-06
1324900,0
1325000,1.34E-05
1325100,1.04E-05
1325200,3.22E-05
1325300,2.87E-05
1325400,0.000113859
1325500,2.62E-05
1325600,1.29E-05
1325700,3.47E-06
1325800,3.96E-05
1325902,1.48E-06
1325903,4.95E-06
1325904,4.90E-05
1325905,4.95E-07
1326001,8.89E-06
1326002,9.87E-06
1326101,2.32E-05
1326102,0
1326105,5.79E-05
1326106,1.74E-05
1326107,3.86E-05
1326108,4.21E-05
1326109,2.43E-05
1326110,1.63E-05
1326111,1.24E-05
1326112,4.95E-07
1326113,2.13E-05
1326114,2.72E-05
1326115,2.67E-05
1326116,1.63E-05
1326117,2.58E-05
1326200,2.48E-06
1326300,9.87E-06
1326400,5.94E-06
1326500,6.43E-06
1326600,1.04E-05
1326700,5.45E-06
1326800,8.89E-06
1326900,4.95E-06
1327000,7.42E-06
1327100,7.42E-06
1327200,1.04E-05
1327300,7.91E-06
1327400,8.40E-06
1327500,0.000142029
1327600,9.87E-06
1327700,4.45E-06
1327800,1.48E-05
1327900,8.89E-06
1328000,1.04E-05
1328100,2.48E-06
1328200,0
1328300,1.48E-06
1328400,9.87E-07
1328501,2.48E-06
1328502,2.48E-06
1328600,0
1328700,0
1328800,2.08E-05
1328900,7.42E-06
1329000,1.34E-05
1329100,1.34E-05
1329200,1.09E-05
1329300,1.48E-05
1329400,1.24E-05
1329500,4.45E-06
1329600,3.96E-06
1329700,8.40E-06
1329800,0
1329900,0
1330001,6.54E-05
1330002,0.000131214
1330101,0.000104969
1330102,1.48E-06
1330201,3.96E-05
1330202,0
1330203,0
1330301,1.98E-06
1330302,0
1330400,5.45E-06
1330501,4.95E-06
1330502,0
1330601,0.000113344
1330602,0
1330700,1.19E-05
1330800,1.04E-05
1330900,1.09E-05
1331000,9.38E-06
1331100,7.42E-06
1331201,1.58E-05
1331202,0
1331300,6.93E-06
1331401,1.14E-05
1331402,4.95E-07
1331500,3.24E-05
1331600,1.34E-05
1331700,5.94E-06
1331801,4.95E-07
1331802,4.95E-07
1331900,9.87E-07
1332000,4.95E-07
1332100,9.87E-07
1332200,0.000332103
1332300,0
1332400,1.39E-05
1332500,9.24E-05
1332600,0
1332701,8.35E-05
1332702,0
1332800,2.48E-06
1332901,8.75E-05
1332902,0
1333001,0.000254026
1333002,0
1333100,1.19E-05
1333200,1.98E-06
1333300,1.63E-05
1333400,7.42E-06
1333500,1.88E-05
1333600,3.42E-05
1333701,1.14E-05
1333702,0
1333800,0
1333900,1.74E-05
1334000,8.89E-06
1334100,1.88E-05
1334200,2.43E-05
1334300,8.89E-06
1334400,1.93E-05
1334500,3.96E-06
1334600,1.39E-05
1334700,1.93E-05
1334800,2.27E-05
1334900,2.48E-05
1335000,5.45E-06
1335100,1.44E-05
1335200,1.14E-05
1335300,8.89E-06
1335400,4.45E-06
1335500,8.65E-05
1335600,0
1335700,9.74E-05
1335800,0.000168033
1335900,0.000340503
1336000,0.000166052
1336101,4.95E-07
1336102,5.45E-06
1336103,0
1336201,5.45E-06
1336203,9.87E-07
1336204,7.42E-06
1336300,3.03E-05
1336400,1.24E-05
1336500,2.18E-05
1336601,2.72E-05
1336602,4.76E-05
1336700,3.91E-05
1336800,1.19E-05
1336900,1.34E-05
1337000,9.38E-06
1337100,1.29E-05
1337203,9.87E-06
1337204,1.48E-06
1337205,1.93E-05
1337206,1.83E-05
1337207,3.02E-05
1337302,0
1337303,3.76E-05
1337304,5.94E-06
1337305,4.45E-06
1337306,4.45E-06
1337401,4.29E-05
1337402,1.83E-05
1337501,6.55E-05
1337502,2.32E-05
1337600,1.44E-05
1337700,2.72E-05
1337800,1.19E-05
1337901,9.38E-06
1337902,9.87E-07
1338001,4.95E-07
1338002,7.42E-06
1338101,1.04E-05
1338102,3.47E-06
1338105,7.35E-05
1338106,1.74E-05
1338107,0
1338108,0
1338200,2.97E-06
1338300,1.29E-05
1338400,1.04E-05
1338500,4.45E-06
1338601,4.95E-07
1338602,3.47E-06
1338603,4.95E-07
1338604,4.95E-07
1338701,6.43E-06
1338702,6.93E-06
1338800,4.32E-05
1338900,2.48E-06
1339000,1.83E-05
1339100,0
1339200,8.89E-06
1339300,1.98E-06
1339400,4.95E-07
1339500,1.48E-06
1339600,9.38E-06
1339700,2.59E-05
1339800,1.88E-05
1339900,1.29E-05
1340000,3.56E-05
1340100,2.03E-05
1340200,1.83E-05
1340300,2.08E-05
1340400,1.83E-05
1340501,3.08E-05
1340502,4.95E-07
1340503,1.58E-05
1340600,1.83E-05
1340700,2.27E-05
1340800,4.21E-05
1340900,1.29E-05
1341000,1.93E-05
1341100,2.37E-05
1341200,1.79E-05
1341300,2.53E-05
1341400,2.18E-05
1341500,5.11E-05
1341600,1.74E-05
1341700,2.97E-06
1341800,8.40E-06
1341900,1.39E-05
1342000,5.45E-06
1342100,0
1342200,2.87E-05
1342300,6.93E-06
1342400,1.48E-05
1342500,1.68E-05
1342600,9.87E-06
1342700,8.89E-06
1342800,3.96E-06
1342901,0
1342902,1.09E-05
1343000,6.43E-06
1343100,1.48E-06
1343200,2.48E-06
1343300,6.43E-06
1343400,4.95E-06
1343500,2.48E-06
1343600,2.97E-06
1343700,1.24E-05
1343800,9.87E-07
1343900,1.29E-05
1344000,1.48E-06
1344100,1.98E-06
1344200,1.98E-06
1344300,0
1344400,2.97E-06
1344500,5.94E-06
1344600,3.96E-06
1344700,5.94E-06
1344800,3.96E-06
1344900,3.96E-06
1345000,2.48E-06
1345100,9.87E-07
1345200,1.04E-05
1345301,2.74E-05
1345302,0
1345400,1.09E-05
1345500,0
1345600,2.97E-06
1345700,3.96E-06
1345801,3.47E-06
1345802,4.95E-07
1345900,0.000137108
1346000,6.43E-06
1346100,2.97E-06
1346200,2.97E-06
1346301,2.23E-05
1346302,1.34E-05
1346401,7.42E-06
1346402,4.01E-05
1346500,1.63E-05
1346600,9.87E-07
1346700,1.29E-05
1346800,2.48E-06
1346900,4.45E-06
1347000,9.87E-07
1347100,3.96E-06
1347200,1.29E-05
1347300,4.95E-06
1347400,4.95E-06
1347500,5.45E-06
1347600,1.29E-05
1347700,2.97E-06
1347800,4.45E-06
1347900,4.95E-07
1348000,3.96E-06
1348100,6.93E-06
1348200,3.96E-06
1348300,2.48E-06
1348400,2.65E-05
1348500,9.87E-07
1348600,1.48E-06
1348700,7.91E-06
1348800,1.04E-05
1348900,9.87E-07
1349000,9.87E-07
1349100,4.95E-07
1349201,3.47E-06
1349202,1.98E-06
1349203,9.87E-07
1349300,9.87E-07
1349400,2.97E-06
1349500,4.45E-06
1349600,1.58E-05
1349703,4.45E-06
1349704,1.04E-05
1349705,2.48E-06
1349706,5.45E-06
1349800,1.98E-06
1349901,0
1349902,1.19E-05
1350000,1.48E-06
1350101,9.87E-07
1350102,0
1350200,1.88E-05
1350300,2.83E-05
1350400,0.000115311
1350500,3.47E-06
1350601,5.94E-06
1350602,0
1350700,1.04E-05
1350800,1.29E-05
1350900,2.97E-06
1351000,9.87E-06
1351100,8.40E-06
1351200,4.45E-06
1351301,1.98E-06
1351302,1.98E-06
1351401,1.24E-05
1351402,0
1351501,9.38E-06
1351502,1.83E-05
1351600,2.97E-05
1351700,1.19E-05
1351800,9.87E-06
1351900,0.000201524
1352000,0.000229745
1352101,3.32E-05
1352102,4.95E-07
1352200,1.39E-05
1352300,1.19E-05
1352401,9.38E-06
1352402,0
1352500,0
1352600,1.98E-06
1352700,1.63E-05
1352801,2.97E-06
1352802,3.96E-06
1352900,7.42E-06
1353001,9.87E-07
1353002,0
1353100,7.42E-06
1353200,0.000177462
1353300,2.48E-06
1353400,4.45E-06
1353500,1.09E-05
1353601,0
1353602,7.42E-06
1353700,0
1353800,0
1353900,2.23E-05
1354000,9.87E-07
1354100,3.47E-06
1354200,4.95E-07
1354300,1.98E-06
1354400,2.48E-06
1354500,9.38E-06
1354601,8.89E-06
1354602,4.95E-07
1354700,5.94E-06
1354801,1.48E-06
1354802,1.98E-06
1354900,1.98E-06
1355001,2.23E-05
1355002,2.27E-05
1355100,3.76E-05
1355200,0.000181554
1355301,2.97E-06
1355302,2.97E-06
1355400,1.04E-05
1355501,1.48E-06
1355502,0
1355600,2.37E-05
1355700,2.83E-05
1355801,4.95E-06
1355802,1.04E-05
1355901,2.97E-06
1355902,0.000136611
1356000,6.93E-06
1356100,5.45E-06
1356200,4.95E-06
1356300,1.98E-06
1356400,6.93E-06
1356500,1.98E-06
1356600,6.56E-05
1356700,1.04E-05
1356800,6.43E-06
1356900,8.89E-06
1357000,1.04E-05
1357100,1.48E-06
1357200,2.48E-06
1357301,0
1357302,1.98E-05
1357400,1.19E-05
1357500,3.96E-06
1357600,6.71E-05
1357700,3.22E-05
1357800,1.09E-05
1357901,3.47E-06
1357902,5.45E-06
1358000,1.53E-05
1358100,2.08E-05
1358201,2.03E-05
1358202,1.88E-05
1358300,1.48E-05
1358400,1.79E-05
1358502,0
1358503,2.48E-06
1358504,4.12E-05
1358505,4.47E-05
1358601,4.01E-05
1358602,1.39E-05
1358700,1.34E-05
1358801,4.56E-05
1358802,1.93E-05
1358901,2.97E-06
1358902,9.87E-07
1359001,7.55E-05
1359002,1.93E-05
1359100,1.29E-05
1359200,2.48E-06
1359300,9.87E-07
1359400,2.37E-05
1359500,3.71E-05
1359600,2.58E-05
1359700,2.92E-05
1359800,7.91E-06
1359900,3.32E-05
1360000,1.04E-05
1360100,1.24E-05
1360200,4.51E-05
1360300,1.29E-05
1360400,1.74E-05
1360500,1.39E-05
1360600,1.29E-05
1360700,4.45E-06
1360800,2.37E-05
1360901,3.47E-06
1360902,9.87E-07
1361001,3.63E-05
1361002,1.98E-06
1361003,1.44E-05
1361100,4.87E-05
1361200,6.43E-06
1361300,2.55E-05
1361400,1.63E-05
1361500,4.45E-06
1361600,2.03E-05
1361700,6.43E-06
1361800,3.15E-05
1361900,4.95E-06
1362000,3.96E-06
1362100,1.53E-05
1362200,4.95E-06
1362300,3.96E-06
1362400,4.45E-06
1362500,1.53E-05
1362600,5.45E-06
1362700,2.13E-05
1362800,1.19E-05
1362900,1.48E-05
1363000,1.09E-05
1363100,5.94E-06
1363200,6.43E-06
1363300,4.16E-05
1363401,1.09E-05
1363402,4.45E-06
1363501,0
1363502,9.87E-06
1363600,6.93E-06
1363700,1.98E-06
1363800,8.89E-06
1363900,1.19E-05
1364000,7.91E-06
1364100,1.53E-05
1364200,5.94E-06
1364300,1.98E-06
1364400,6.43E-06
1364500,4.06E-05
1364600,1.14E-05
1364700,2.13E-05
1364800,1.68E-05
1364900,4.45E-06
1365000,5.94E-06
1365100,1.48E-06
1365200,1.14E-05
1365300,5.94E-06
1365400,6.43E-06
1365500,1.44E-05
1365600,1.58E-05
1365700,4.95E-07
1365800,0.000426321
1365900,2.37E-05
1366000,3.42E-05
1366100,3.56E-05
1366200,2.58E-05
1366300,3.76E-05
1366400,2.48E-05
1366500,3.76E-05
1366600,2.23E-05
1366700,3.22E-05
1366800,2.23E-05
1366900,2.43E-05
1367000,2.27E-05
1367100,1.63E-05
1367200,2.08E-05
1367300,1.48E-05
1367400,2.97E-05
1367500,2.23E-05
1367601,4.02E-05
1367602,1.34E-05
1367701,1.34E-05
1367702,2.97E-06
1367703,2.48E-06
1367801,1.63E-05
1367802,3.96E-06
1367900,3.22E-05
1368000,8.89E-06
1368100,3.42E-05
1368200,2.32E-05
1368300,4.61E-05
1368400,2.55E-05
1368500,2.18E-05
1368600,2.08E-05
1368700,1.83E-05
1368800,2.67E-05
1368900,2.03E-05
1369000,2.32E-05
1369100,1.93E-05
1369200,1.79E-05
1369300,4.32E-05
1369400,1.98E-05
1369500,3.82E-05
1369600,4.12E-05
1369700,1.44E-05
1369800,1.39E-05
1369900,1.83E-05
1370000,5.94E-06
1370100,0.000130191
1370200,7.35E-05
1370300,4.95E-07
1370400,4.95E-07
1370500,5.45E-06
1370600,0
1370700,0
1370800,4.95E-07
1370900,0
1371000,9.87E-07
1371100,0.000133146
1371200,0
1371300,1.48E-06
1371400,3.47E-06
1371500,4.95E-07
1371600,2.39E-05
1371700,4.95E-07
1371800,9.87E-07
1371900,0
1372000,1.98E-06
1372100,1.63E-05
1372200,2.82E-05
1372300,0
1372400,2.97E-06
1372500,9.87E-07
1372600,0
1372700,3.96E-06
1372800,9.87E-07
1372900,2.39E-05
1373000,5.94E-06
1373100,1.79E-05
1373200,1.88E-05
1373300,1.53E-05
1373400,1.74E-05
1373500,2.32E-05
1373600,1.34E-05
1373700,9.87E-07
1373800,4.92E-05
1373900,1.48E-06
1374000,3.37E-05
1374100,2.18E-05
1374200,2.37E-05
1374300,2.62E-05
1374400,2.67E-05
1374500,1.48E-06
1374601,2.13E-05
1374602,8.40E-06
1374700,2.53E-05
1374800,3.22E-05
1374900,2.13E-05
1375000,2.92E-05
1375100,1.74E-05
1375200,3.17E-05
1375300,1.83E-05
1375400,1.53E-05
1375500,1.09E-05
1375600,1.68E-05
1375700,2.18E-05
1375802,0
1375803,2.97E-06
1375804,0
1375900,2.58E-05
1376000,1.34E-05
1376100,2.58E-05
1376200,2.23E-05
1376300,1.93E-05
1376400,1.44E-05
1376500,1.34E-05
1376602,4.56E-05
1376603,0.0001008
1376604,9.24E-05
1376701,1.19E-05
1376702,1.93E-05
1376800,3.27E-05
1376900,2.43E-05
1377001,1.39E-05
1377002,1.53E-05
1377100,2.97E-05
1377201,2.43E-05
1377202,2.08E-05
1377300,9.38E-06
1377400,2.67E-05
1377501,3.46E-05
1377502,2.77E-05
1377600,3.56E-05
1377701,1.24E-05
1377702,1.24E-05
1377800,2.03E-05
1377900,1.44E-05
1378000,1.58E-05
1378100,2.72E-05
1378200,1.79E-05
1378300,2.32E-05
1378400,2.27E-05
1378500,1.53E-05
1378600,2.92E-05
1378700,2.23E-05
1378800,1.93E-05
1378900,1.79E-05
1379000,1.83E-05
1379100,2.03E-05
1379201,2.23E-05
1379202,1.93E-05
1379300,1.68E-05
1379400,2.37E-05
1379500,3.37E-05
1379600,7.91E-06
1379700,2.87E-05
1379800,2.67E-05
1379900,2.48E-05
1380001,9.38E-06
1380002,4.45E-06
1380003,1.98E-06
1380100,2.03E-05
1380200,2.67E-05
1380300,2.43E-05
1380400,2.23E-05
1380500,3.22E-05
1380600,2.97E-05
1380700,2.77E-05
1380800,0.000274747
1380900,1.24E-05
1381000,1.68E-05
1381100,1.98E-05
1381200,2.87E-05
1381300,2.03E-05
1381400,7.42E-06
1381500,2.82E-05
1381600,1.24E-05
1381700,1.24E-05
1381801,1.98E-06
1381802,1.88E-05
1381803,2.13E-05
1381900,6.99E-05
1382000,2.87E-05
1382100,2.92E-05
1382200,6.64E-05
1382300,3.17E-05
1382400,1.53E-05
1382500,2.37E-05
1382600,2.62E-05
1382700,1.34E-05
1382800,3.86E-05
1382900,0.000144059
1383000,1.24E-05
1383100,1.34E-05
1383200,1.53E-05
1383300,2.48E-05
1383400,3.27E-05
1383501,2.48E-05
1383502,2.82E-05
1383600,2.87E-05
1383700,4.40E-05
1383800,1.48E-05
1383900,2.62E-05
1384000,1.34E-05
1384100,2.08E-05
1384200,2.77E-05
1384300,2.37E-05
1384400,3.66E-05
1384500,4.61E-05
1384600,2.18E-05
1384700,2.13E-05
1384800,3.51E-05
1384901,2.58E-05
1384902,2.53E-05
1385000,4.16E-05
1385101,4.70E-05
1385103,1.98E-05
1385104,2.48E-05
1385105,1.79E-05
1385200,2.82E-05
1385300,4.61E-05
1385401,2.18E-05
1385402,1.98E-05
1385403,2.03E-05
1385500,9.87E-06
1385600,1.48E-05
1385700,2.23E-05
1385800,4.60E-05
1385901,1.79E-05
1385902,9.87E-07
1386000,3.47E-06
1386101,6.43E-06
1386102,4.95E-06
1386200,1.68E-05
1386300,1.14E-05
1386400,8.89E-06
1386500,1.79E-05
1386600,1.53E-05
1386700,3.07E-05
1386800,2.93E-05
1386900,1.63E-05
1387000,1.39E-05
1387100,1.39E-05
1387200,1.98E-05
1387300,3.82E-05
1387400,1.39E-05
1387500,9.38E-06
1387600,2.23E-05
1387700,2.58E-05
1387800,2.03E-05
1387901,0
1387902,0
1388000,8.02E-05
1388100,1.88E-05
1388200,3.22E-05
1388300,1.58E-05
1388400,0.000136121
1388501,2.87E-05
1388502,0
1388600,1.98E-06
1388700,5.94E-06
1388800,2.03E-05
1388900,1.98E-05
1389000,1.34E-05
1389100,1.39E-05
1389200,3.76E-05
1389301,1.14E-05
1389302,1.93E-05
1389400,2.27E-05
1389500,2.27E-05
1389601,1.58E-05
1389602,2.48E-06
1389701,1.39E-05
1389702,1.68E-05
1389800,2.48E-05
1389900,2.58E-05
1390001,1.79E-05
1390002,2.37E-05
1390100,2.13E-05
1390200,3.96E-06
1390300,2.97E-06
1390400,1.34E-05
1390500,7.42E-06
1390600,2.37E-05
1390700,2.43E-05
1390800,2.13E-05
1390900,3.43E-05
1391000,9.87E-07
1391100,1.48E-06
1391200,1.14E-05
1391300,1.39E-05
1391400,1.63E-05
1391500,3.02E-05
1391600,2.13E-05
1391701,6.43E-06
1391702,1.98E-06
1391703,1.48E-06
1391800,8.89E-06
1391900,1.19E-05
1392001,4.45E-06
1392002,1.04E-05
1392100,3.91E-05
1392200,3.81E-05
1392300,7.91E-06
1392400,1.24E-05
1392500,7.03E-05
1392600,0.000104472
1392700,3.47E-06
1392800,1.63E-05
1392900,7.08E-05
1393000,0.000231726
1393100,4.95E-07
1393200,9.87E-07
1393301,6.54E-05
1393302,4.95E-07
1393400,3.27E-05
1393501,0.000412476
1393502,4.16E-05
1393600,6.54E-05
1393700,9.87E-07
1393800,2.97E-06
1393900,3.96E-06
1394000,3.47E-06
1394100,1.04E-05
1394200,1.48E-06
1394300,6.93E-06
1394400,1.48E-06
1394500,3.15E-05
1394600,7.42E-06
1394701,0
1394702,8.90E-05
1394801,0.000415129
1394803,0.000499639
1394804,3.81E-05
1394900,0.000498155
1395000,0.000166052
1395100,0.000166052
1395200,2.37E-05
1395300,1.29E-05
1395400,9.87E-07
1395500,1.98E-06
1395600,5.45E-06
1395700,4.95E-06
1395800,1.04E-05
1395900,5.45E-06
1396000,3.47E-06
1396101,1.48E-06
1396102,0.000296099
1396103,9.87E-07
1396104,4.45E-06
1396105,3.47E-06
1396200,5.94E-06
1396300,1.58E-05
1396400,3.59E-05
1396500,3.47E-06
1396600,9.87E-07
1396700,3.47E-06
1396800,7.91E-06
1396901,7.91E-06
1396902,4.95E-07
1397000,7.42E-06
1397101,2.97E-06
1397102,3.42E-05
1397200,7.42E-06
1397300,4.95E-07
1397400,5.45E-06
1397501,6.93E-06
1397502,1.63E-05
1397600,2.48E-06
1397700,9.87E-07
1397800,8.40E-06
1397900,5.94E-06
1398001,5.45E-06
1398002,3.47E-06
1398100,3.96E-06
1398200,8.89E-06
1398300,3.39E-05
1398400,8.89E-06
1398500,3.96E-06
1398600,1.58E-05
1398700,6.83E-05
1398800,9.38E-06
1398900,4.95E-06
1399000,2.48E-06
1399100,2.48E-06
1399200,2.97E-06
1399300,8.40E-06
1399400,4.95E-07
1399500,1.48E-06
1399600,4.95E-06
1399701,0
1399702,5.45E-06
1399800,0.000236178
1399900,1.68E-05
1400000,3.37E-05
1400100,9.87E-06
1400200,6.93E-06
1400300,6.43E-06
1400400,4.04E-05
1400501,3.47E-06
1400502,0.000497352
1400503,1.98E-06
1400504,9.87E-07
1400505,6.43E-06
1400506,5.45E-06
1400507,1.98E-06
1400508,4.95E-07
1400509,1.48E-06
1400510,3.47E-06
1400600,6.43E-06
1400700,1.79E-05
1400800,1.29E-05
1400900,2.97E-06
1401000,6.43E-06
1401100,0
1401201,2.43E-05
1401202,1.29E-05
1401301,3.61E-05
1401302,0
1401401,4.95E-07
1401402,2.13E-05
1401502,0
1401503,4.80E-05
1401504,1.29E-05
1401505,9.87E-06
1401506,1.04E-05
1401507,1.44E-05
1401600,7.35E-05
1401701,9.87E-06
1401702,2.23E-05
1401703,1.93E-05
1401704,2.62E-05
1401705,1.68E-05
1401706,7.91E-06
1401707,2.18E-05
1401801,3.37E-05
1401802,0
1401803,0
1401804,0
1401901,3.96E-06
1401902,4.45E-06
1401903,0
1402000,8.89E-06
1402100,4.22E-05
1402200,1.53E-05
1402300,1.48E-05
1402400,1.74E-05
1402501,5.94E-06
1402503,1.04E-05
1402504,7.91E-06
1402505,1.04E-05
1402506,7.42E-06
1402507,6.93E-06
1402508,1.39E-05
1402509,1.53E-05
1402510,1.04E-05
1402511,1.24E-05
1402512,0
1402600,3.68E-05
1402700,8.89E-06
1402800,2.08E-05
1402900,3.77E-05
1403001,0
1403002,5.45E-06
1403100,3.96E-06
1403201,3.96E-06
1403202,4.95E-07
1403300,1.83E-05
1403400,2.43E-05
1403500,9.24E-05
1403601,1.14E-05
1403602,1.48E-06
1403700,1.39E-05
1403800,4.11E-05
1403900,1.88E-05
1404000,1.24E-05
1404100,6.93E-06
1404200,5.45E-05
1404300,2.13E-05
1404400,3.38E-05
1404500,1.29E-05
1404600,1.58E-05
1404700,2.08E-05
1404800,2.82E-05
1404900,3.96E-06
1405001,1.04E-05
1405002,1.04E-05
1405003,6.43E-06
1405004,1.88E-05
1405005,1.58E-05
1405006,3.28E-05
1405007,8.40E-06
1405100,1.14E-05
1405200,2.48E-05
1405300,1.24E-05
1405401,2.58E-05
1405402,1.88E-05
1405403,4.45E-06
1405500,0.000163869
1405600,5.31E-05
1405700,2.97E-06
1405800,5.94E-06
1405900,1.58E-05
1406000,2.97E-06
1406101,1.39E-05
1406102,4.26E-05
1406200,3.94E-05
1406300,4.57E-05
1406400,1.98E-06
1406501,1.04E-05
1406502,5.45E-06
1406600,4.82E-05
1406701,2.48E-06
1406702,1.14E-05
1406801,2.13E-05
1406802,1.79E-05
1406900,9.87E-07
1407000,3.02E-05
1407100,1.74E-05
1407200,3.82E-05
1407300,1.74E-05
1407400,2.72E-05
1407500,9.87E-06
1407600,3.97E-05
1407700,7.91E-06
1407800,2.62E-05
1407901,2.82E-05
1407902,4.82E-05
1408001,1.83E-05
1408003,2.18E-05
1408004,2.23E-05
1408100,4.95E-06
1408200,4.57E-05
1408301,1.19E-05
1408302,1.48E-06
1408401,1.39E-05
1408402,1.63E-05
1408500,1.44E-05
1408600,3.02E-05
1408700,1.09E-05
1408800,9.87E-06
1408900,2.37E-05
1409000,2.32E-05
1409100,9.38E-06
1409200,5.45E-06
1409300,3.47E-06
1409400,7.86E-05
1409500,1.24E-05
1409600,1.39E-05
1409700,0.000835207
1409800,5.45E-06
1409900,1.79E-05
1410000,1.68E-05
1410100,2.32E-05
1410200,1.79E-05
1410300,2.97E-05
1410400,4.52E-05
1410500,0.000249077
1410601,1.98E-06
1410602,3.96E-06
1410700,1.34E-05
1410801,2.92E-05
1410803,1.09E-05
1410804,8.89E-06
1410901,7.42E-06
1410902,1.39E-05
1411000,1.44E-05
1411100,3.51E-05
1411200,3.17E-05
1411300,0
1411400,3.07E-05
1411500,0.000747232
1411600,3.05E-05
1411700,0.000263427
1411800,9.87E-06
1411900,8.30E-05
1412000,0.000668169
1412100,1.44E-05
1412200,1.29E-05
1412300,3.02E-05
1412400,1.29E-05
1412500,0
1412600,5.92E-05
1412700,8.89E-06
1412800,6.95E-05
1412900,2.27E-05
1413000,1.48E-06
1413100,2.37E-05
1413200,3.17E-05
1413300,1.48E-06
1413400,2.03E-05
1413501,5.31E-05
1413502,4.02E-05
1413600,8.40E-06
1413701,9.87E-07
1413702,2.98E-05
1413703,0
1413801,2.77E-05
1413802,4.95E-07
1413900,0.00016612
1414001,3.47E-06
1414002,1.29E-05
1414003,1.39E-05
1414100,6.43E-06
1414200,3.96E-05
1414300,0.000301048
1414400,0.000199046
1414501,4.95E-07
1414503,2.48E-06
1414504,3.47E-06
1414505,4.95E-07
1414600,7.25E-05
1414700,3.22E-05
1414800,2.03E-05
1414901,6.93E-06
1414903,4.06E-05
1414904,3.12E-05
1414905,2.43E-05
1415000,9.87E-07
1415100,9.09E-05
1415200,9.24E-05
1415300,2.97E-06
1415400,1.24E-05
1415500,4.95E-06
1415600,1.29E-05
1415700,2.97E-06
1415800,1.39E-05
1415900,9.59E-05
1416000,0.000152489
1416100,0.000146539
1416200,0
1416301,2.13E-05
1416302,2.72E-05
1416400,8.40E-06
1416500,2.13E-05
1416600,1.24E-05
1416700,0.000149519
1416800,2.53E-05
1416900,9.10E-05
1417000,2.27E-05
1417100,2.39E-05
1417200,2.69E-05
1417300,3.18E-05
1417400,2.48E-06
1417500,0
1417600,7.42E-06
1417700,8.40E-06
1417800,7.91E-06
1417900,4.95E-06
1418000,8.40E-06
1418100,7.42E-06
1418200,2.08E-05
1418300,8.89E-06
1418400,5.45E-06
1418500,9.87E-07
1418600,2.98E-05
1418700,6.93E-06
1418800,0
1418900,0
1419000,2.97E-06
1419100,4.11E-05
1419200,1.98E-06
1419300,4.71E-05
1419400,1.98E-06
1419500,4.95E-07
1419600,2.77E-05
1419700,1.93E-05
1419800,6.93E-06
1419900,0
1420000,0
1420100,2.49E-05
1420200,1.29E-05
1420300,3.96E-06
1420400,7.90E-05
1420500,4.12E-05
1420600,2.13E-05
1420700,2.87E-05
1420801,8.89E-06
1420802,4.95E-06
1420803,6.43E-06
1420804,5.45E-06
1420900,1.79E-05
1421000,2.37E-05
1421100,2.08E-05
1421200,1.39E-05
1421300,2.03E-05
1421400,3.68E-05
1421500,1.53E-05
1421600,2.64E-05
1421701,8.89E-06
1421702,3.96E-06
1421703,7.91E-06
1421800,6.02E-05
1421900,4.45E-06
1422000,4.42E-05
1422100,1.68E-05
1422200,1.93E-05
1422300,0
1422400,0
1422500,1.79E-05
1422600,1.29E-05
1422700,4.52E-05
1422800,2.18E-05
1422900,1.98E-05
1423000,1.53E-05
1423100,1.24E-05
1423200,6.91E-05
1423300,3.53E-05
1423400,1.63E-05
1423500,4.98E-05
1423600,6.56E-05
1423700,0
1423800,1.48E-06
1423900,2.54E-05
1424000,2.54E-05
1424100,0.000267782
1424200,0
1424300,4.95E-07
1424400,7.91E-06
1424500,0
1424600,4.02E-05
1424700,1.63E-05
1424800,2.18E-05
1424900,8.89E-06
1425000,2.62E-05
1425100,1.63E-05
1425201,4.95E-06
1425202,4.45E-06
1425203,6.43E-06
1425300,1.68E-05
1425400,1.53E-05
1425500,1.24E-05
1425600,1.68E-05
1425700,1.04E-05
1425801,5.45E-06
1425802,1.04E-05
1425901,1.04E-05
1425902,9.38E-06
1426000,1.29E-05
1426100,1.63E-05
1426200,2.08E-05
1426300,0
1426400,0
1426500,0
1426600,2.48E-06
1426700,0
1426800,4.95E-07
1426900,3.96E-06
1427000,9.87E-07
1427100,0
1427200,4.95E-07
1427300,0
1427400,4.95E-07
1427500,1.98E-06
1427600,9.87E-07
1427700,6.93E-06
1427801,9.87E-07
1427802,4.95E-07
1427901,4.95E-07
1427902,0
1427903,0
1427905,0
1427906,0.000495868
1427909,0
1427910,0
1427911,0
1427912,0
1427913,0
1427914,0
1427915,0
1428000,4.95E-07
1428100,0
1428200,0
1428300,9.87E-07
1428400,1.48E-06
1428500,0
1428600,2.48E-06
1428700,0
1428800,4.45E-06
1428900,1.48E-05
1429000,1.98E-06
1429100,5.01E-05
1429200,1.48E-05
1429300,2.72E-05
1429400,2.32E-05
1429500,9.38E-06
1429600,1.04E-05
1429700,4.45E-06
1429800,0
1429900,0
1430000,0
1430100,4.95E-06
1430200,0
1430300,3.43E-05
1430400,1.63E-05
1430500,2.03E-05
1430600,2.77E-05
1430700,3.86E-05
1430800,4.16E-05
1430900,2.82E-05
1431000,1.14E-05
1431100,1.53E-05
1431200,5.21E-05
1431300,0.000104921
1431400,5.17E-05
1431500,3.87E-05
1431600,2.13E-05
1431700,1.53E-05
1431800,2.83E-05
1431900,2.39E-05
1432000,1.24E-05
1432100,6.43E-06
1432200,1.44E-05
1432300,7.35E-05
1432400,1.79E-05
1432500,1.44E-05
1432600,3.32E-05
1432700,3.96E-05
1432800,2.32E-05
1432900,2.48E-05
1433000,1.88E-05
1433100,7.42E-06
1433200,1.88E-05
1433300,2.13E-05
1433400,5.11E-05
1433500,3.22E-05
1433600,2.08E-05
1433700,7.42E-06
1433800,8.40E-06
1433900,2.48E-05
1434000,1.04E-05
1434100,1.24E-05
1434200,1.24E-05
1434300,1.24E-05
1434400,1.58E-05
1434500,2.37E-05
1434600,2.08E-05
1434700,8.89E-06
1434800,2.97E-06
1434900,2.43E-05
1435000,1.88E-05
1435100,1.68E-05
1435200,0
1435300,1.53E-05
1435400,8.89E-06
1435500,3.76E-05
1435600,2.48E-05
1435700,8.14E-05
1435800,2.72E-05
1435900,9.87E-07
1436000,1.58E-05
1436100,2.32E-05
1436200,2.27E-05
1436300,2.62E-05
1436400,0
1436500,1.74E-05
1436600,6.93E-06
1436700,3.47E-06
1436800,1.68E-05
1436900,1.63E-05
1437000,1.24E-05
1437100,3.47E-06
1437200,2.03E-05
1437300,4.66E-05
1437400,3.32E-05
1437500,1.68E-05
1437600,2.13E-05
1437700,1.63E-05
1437800,2.27E-05
1437900,1.79E-05
1438000,2.58E-05
1438100,1.88E-05
1438200,1.29E-05
1438300,2.03E-05
1438400,1.19E-05
1438500,2.58E-05
1438600,8.40E-06
1438701,1.09E-05
1438702,1.34E-05
1438800,1.93E-05
1438900,2.98E-05
1439000,1.83E-05
1439100,1.34E-05
1439200,2.18E-05
1439300,1.98E-05
1439400,1.53E-05
1439500,4.95E-07
1439600,4.02E-05
1439700,1.83E-05
1439800,1.09E-05
1439900,1.93E-05
1440000,1.53E-05
1440100,2.08E-05
1440200,2.13E-05
1440300,1.24E-05
1440401,5.94E-06
1440402,1.74E-05
1440500,1.63E-05
1440600,2.43E-05
1440700,2.87E-05
1440800,2.32E-05
1440900,2.08E-05
1441000,3.17E-05
1441100,1.58E-05
1441200,0
1441300,1.88E-05
1441400,2.03E-05
1441500,1.19E-05
1441600,1.39E-05
1441700,1.68E-05
1441800,1.58E-05
1441900,1.58E-05
1442000,1.74E-05
1442100,1.19E-05
1442200,1.98E-05
1442300,1.63E-05
1442400,2.72E-05
1442500,1.44E-05
1442600,2.08E-05
1442700,2.48E-05
1442800,0
1442900,7.91E-06
1443000,2.62E-05
1443100,1.79E-05
1443200,1.74E-05
1443300,4.45E-06
1443400,2.43E-05
1443500,1.44E-05
1443600,2.82E-05
1443700,1.68E-05
1443800,1.93E-05
1443900,1.74E-05
1444000,1.24E-05
1444100,1.53E-05
1444200,2.53E-05
1444300,7.91E-06
1444401,3.96E-06
1444402,7.91E-06
1444500,1.04E-05
1444600,1.68E-05
1444700,5.45E-06
1444800,2.27E-05
1444900,1.68E-05
1445000,1.53E-05
1445100,1.83E-05
1445200,8.40E-06
1445300,1.93E-05
1445400,1.79E-05
1445500,8.89E-06
1445600,1.68E-05
1445700,6.93E-06
1445800,1.14E-05
1445900,4.45E-06
1446000,9.87E-06
1446100,6.93E-06
1446200,0
1446300,1.39E-05
1446400,1.04E-05
1446500,8.40E-06
1446600,2.58E-05
1446700,1.63E-05
1446800,7.42E-06
1446900,2.53E-05
1447000,8.89E-06
1447100,2.58E-05
1447200,2.23E-05
1447300,2.48E-06
1447400,1.58E-05
1447500,1.79E-05
1447600,2.48E-05
1447700,1.88E-05
1447800,2.18E-05
1447900,1.44E-05
1448000,2.13E-05
1448102,3.27E-05
1448103,0
1448104,1.29E-05
1448105,6.93E-06
1448106,3.47E-06
1448107,1.63E-05
1448200,1.24E-05
1448300,8.40E-06
1448400,3.76E-05
1448500,9.87E-06
1448600,3.02E-05
1448700,3.92E-05
1448800,1.68E-05
1448900,1.79E-05
1449000,2.37E-05
1449100,1.53E-05
1449200,3.97E-05
1449300,1.48E-05
1449400,1.39E-05
1449500,3.48E-05
1449600,1.74E-05
1449700,1.39E-05
1449800,1.39E-05
1449900,1.63E-05
1450000,1.53E-05
1450100,9.87E-06
1450200,3.53E-05
1450300,1.98E-05
1450400,1.09E-05
1450500,1.39E-05
1450600,9.87E-06
1450700,2.32E-05
1450800,2.23E-05
1450900,2.72E-05
1451000,2.72E-05
1451100,2.27E-05
1451200,2.82E-05
1451300,1.24E-05
1451400,2.18E-05
1451500,2.53E-05
1451600,1.93E-05
1451700,2.82E-05
1451800,2.03E-05
1451900,2.97E-05
1452000,3.07E-05
1452100,1.39E-05
1452200,2.27E-05
1452300,1.79E-05
1452400,3.02E-05
1452500,3.56E-05
1452600,1.63E-05
1452700,8.40E-06
1452800,4.75E-05
1452900,1.48E-05
1453000,1.19E-05
1453100,1.29E-05
1453200,2.27E-05
1453300,1.44E-05
1453400,1.74E-05
1453500,1.24E-05
1453600,1.29E-05
1453700,0
1453800,2.48E-06
1453900,3.47E-06
1454000,3.12E-05
1454100,1.53E-05
1454200,2.32E-05
1454300,2.32E-05
1454400,1.04E-05
1454500,3.02E-05
1454600,1.79E-05
1454700,2.32E-05
1454800,1.53E-05
1454900,4.95E-06
1455006,2.48E-05
1455007,1.04E-05
1455011,6.43E-06
1455012,1.63E-05
1455013,4.45E-06
1455014,7.91E-06
1455015,1.04E-05
1455016,5.94E-06
1455017,1.63E-05
1455018,9.38E-06
1455019,8.89E-06
1455020,8.89E-06
1455021,1.09E-05
1455022,7.91E-06
1455023,1.04E-05
1455024,8.40E-06
1455025,1.04E-05
1455026,4.95E-06
1455027,9.38E-06
1455028,1.24E-05
1455029,9.38E-06
1455030,6.43E-06
1455031,6.93E-06
1455032,8.40E-06
1455033,6.93E-06
1455100,4.95E-07
1455201,1.58E-05
1455203,1.04E-05
1455204,8.40E-06
1455205,7.91E-06
1455300,2.23E-05
1455402,2.13E-05
1455403,3.22E-05
1455404,2.82E-05
1455405,1.63E-05
1455500,2.67E-05
1455600,3.22E-05
1455701,2.77E-05
1455702,3.42E-05
1455703,1.53E-05
1455800,5.16E-05
1455901,6.43E-06
1455902,1.24E-05
1455903,1.44E-05
1456000,1.14E-05
1456101,1.24E-05
1456102,1.24E-05
1456103,6.43E-06
1456104,9.87E-06
1456201,1.29E-05
1456202,1.24E-05
1456203,8.89E-06
1456204,8.40E-06
1456301,9.87E-06
1456302,3.87E-05
1456303,4.95E-06
1456401,7.91E-06
1456402,9.87E-06
1456501,9.87E-06
1456502,1.04E-05
1456503,9.87E-06
1456504,1.53E-05
1456601,1.29E-05
1456602,1.04E-05
1456603,8.40E-06
1456701,1.14E-05
1456702,1.29E-05
1456703,1.04E-05
1456704,7.42E-06
1456705,9.87E-06
1456801,9.38E-06
1456802,7.91E-06
1456803,6.43E-06
1456804,5.45E-06
1456900,1.39E-05
1457001,1.68E-05
1457002,8.89E-06
1457103,9.87E-06
1457104,9.87E-06
1457105,1.14E-05
1457106,2.48E-06
1457107,1.09E-05
1457108,1.58E-05
1457109,1.93E-05
1457110,0
1457201,1.39E-05
1457202,1.29E-05
1457302,2.13E-05
1457303,6.43E-06
1457304,2.72E-05
1457400,3.96E-06
1457500,2.92E-05
1457600,3.07E-05
1457700,2.37E-05
1457800,8.05E-05
1457900,3.07E-05
1458000,3.86E-05
1458100,1.19E-05
1458201,4.95E-06
1458202,1.19E-05
1458300,1.19E-05
1458400,3.22E-05
1458500,2.48E-05
1458600,3.02E-05
1458700,2.53E-05
1458801,8.89E-06
1458802,0.000154909
1458901,1.34E-05
1458902,9.38E-06
1459000,5.16E-05
1459100,2.13E-05
1459200,3.96E-05
1459301,1.09E-05
1459302,0.000276217
1459400,4.95E-07
1459500,3.51E-05
1459600,2.67E-05
1459700,1.34E-05
1459800,1.53E-05
1459900,2.58E-05
1460000,4.51E-05
1460100,1.83E-05
1460200,1.44E-05
1460301,6.43E-06
1460302,1.24E-05
1460303,5.45E-06
1460400,4.01E-05
1460500,1.58E-05
1460600,5.25E-05
1460700,3.07E-05
1460800,4.06E-05
1460901,3.51E-05
1460902,2.87E-05
1461001,2.13E-05
1461004,3.32E-05
1461009,1.29E-05
1461010,3.77E-05
1461011,1.19E-05
1461012,1.34E-05
1461013,1.39E-05
1461014,1.14E-05
1461015,4.95E-06
1461016,1.14E-05
1461017,9.87E-06
1461018,1.39E-05
1461101,6.93E-06
1461102,1.04E-05
1461103,6.43E-06
1461201,6.43E-06
1461202,8.89E-06
1461203,1.09E-05
1461204,1.09E-05
1461300,2.87E-05
1461401,1.58E-05
1461402,9.38E-06
1461403,1.63E-05
1461501,1.19E-05
1461502,9.87E-06
1461503,8.40E-06
1461601,1.09E-05
1461602,2.77E-05
1461603,1.63E-05
1461701,1.19E-05
1461702,7.42E-06
1461801,4.45E-06
1461802,1.04E-05
1461901,9.38E-06
1461902,9.87E-06
1462000,0.000585143
1462100,0.000375213
1462201,1.44E-05
1462202,8.40E-06
1462300,3.89E-05
1462401,5.01E-05
1462402,1.98E-06
1462500,1.93E-05
1462600,1.09E-05
1462700,2.43E-05
1462800,3.51E-05
1462901,2.27E-05
1462902,1.14E-05
1463000,2.13E-05
1463100,4.45E-06
1463200,2.97E-05
1463300,9.87E-06
1463401,3.96E-06
1463402,1.98E-06
1463500,1.39E-05
1463601,3.47E-06
1463602,9.38E-06
1463700,1.68E-05
1463801,4.45E-06
1463802,1.48E-06
1463803,1.48E-06
1463900,1.19E-05
1464000,4.45E-06
1464101,2.97E-06
1464102,2.48E-06
1464200,1.14E-05
1464300,3.96E-06
1464400,4.95E-06
1464500,3.96E-06
1464600,1.24E-05
1464700,6.43E-06
1464800,1.29E-05
1464900,2.48E-06
1465000,1.98E-06
1465100,6.43E-06
1465200,3.47E-06
1465300,3.47E-06
1465400,3.47E-06
1465503,6.93E-06
1465505,1.19E-05
1465506,3.47E-06
1465507,1.48E-05
1465508,1.79E-05
1465601,1.34E-05
1465602,2.48E-06
1465603,3.96E-06
1465700,2.67E-05
1465801,7.91E-06
1465802,2.37E-05
1465901,4.22E-05
1465903,1.44E-05
1465904,1.29E-05
1465905,1.24E-05
1466001,1.39E-05
1466002,1.93E-05
1466101,1.14E-05
1466102,7.91E-06
1466201,5.94E-06
1466202,1.34E-05
1466300,1.04E-05
1466401,3.91E-05
1466403,1.74E-05
1466404,1.04E-05
1466405,1.83E-05
1466406,1.34E-05
1466407,1.74E-05
1466408,1.63E-05
1466409,1.19E-05
1466410,1.53E-05
1466411,1.29E-05
1466412,1.48E-05
1466413,1.09E-05
1466414,1.04E-05
1466415,8.23E-05
1466501,3.68E-05
1466502,3.42E-05
1466600,4.07E-05
1466704,1.63E-05
1466705,3.27E-05
1466706,3.46E-05
1466707,2.82E-05
1466708,3.46E-05
1466709,4.45E-06
1466710,3.66E-05
1466801,1.88E-05
1466802,3.96E-06
1466901,4.22E-05
1466902,0.000124779
1467001,2.97E-06
1467002,6.93E-06
1467003,2.48E-06
1467101,2.08E-05
1467102,1.14E-05
1467103,6.43E-06
1467200,2.13E-05
1467301,1.29E-05
1467302,0
1467400,4.35E-05
1467500,2.37E-05
1467600,1.98E-05
1467700,6.43E-06
1467801,9.87E-06
1467802,0
1467901,2.97E-06
1467902,4.45E-06
1467903,5.94E-06
1467904,1.98E-06
1467905,2.78E-05
1467906,3.47E-06
1467907,1.98E-06
1468000,1.63E-05
1468100,1.58E-05
1468200,1.79E-05
1468300,1.83E-05
1468400,1.58E-05
1468500,1.98E-05
1468600,2.27E-05
1468700,4.66E-05
1468801,9.38E-06
1468802,1.14E-05
1468901,4.95E-06
1468902,2.78E-05
1468903,1.48E-06
1469000,1.39E-05
1469100,4.95E-06
1469201,1.48E-05
1469202,1.04E-05
1469302,1.04E-05
1469303,2.77E-05
1469304,8.40E-06
1469305,4.95E-07
1469400,3.91E-05
1469500,9.38E-06
1469600,2.13E-05
1469703,1.09E-05
1469704,2.48E-06
1469706,2.18E-05
1469707,0
1469708,1.98E-06
1469709,1.93E-05
1469710,1.53E-05
1469801,4.45E-06
1469802,7.42E-06
1469902,1.63E-05
1469904,7.91E-06
1469905,5.45E-06
1469906,2.48E-06
1470001,9.87E-07
1470002,2.78E-05
1470003,3.47E-06
1470101,1.48E-06
1470102,1.29E-05
1470103,2.48E-06
1470205,0
1470207,3.47E-06
1470209,8.89E-06
1470210,7.42E-06
1470211,7.42E-06
1470213,7.42E-05
1470214,5.45E-06
1470215,0
1470216,6.43E-06
1470217,9.87E-07
1470218,6.24E-05
1470305,3.61E-05
1470306,4.95E-07
1470307,3.96E-06
1470308,9.87E-07
1470309,1.74E-05
1470311,3.86E-05
1470313,2.48E-05
1470314,2.67E-05
1470315,2.03E-05
1470316,3.91E-05
1470317,1.39E-05
1470318,2.32E-05
1470319,2.72E-05
1470400,4.95E-06
1470500,4.45E-06
1470600,2.03E-05
1470700,2.08E-05
1470800,1.09E-05
1470900,1.79E-05
1471000,1.39E-05
1471100,2.58E-05
1471201,2.97E-06
1471202,0.0001141
1471300,4.31E-05
1471401,6.69E-05
1471402,5.45E-06
1471500,9.87E-07
1471600,1.98E-06
1471700,1.24E-05
1471800,2.03E-05
1471900,1.48E-06
1472000,1.19E-05
1472100,1.83E-05
1472200,4.95E-06
1472300,8.40E-06
1472402,9.87E-07
1472403,4.95E-07
1472404,0
1472405,2.97E-06
1472500,3.91E-05
1472600,6.43E-06
1472701,9.87E-07
1472702,8.40E-06
1472801,2.48E-06
1472803,3.17E-05
1472804,6.45E-05
1472900,1.04E-05
1473000,1.74E-05
1473100,8.89E-06
1473200,2.53E-05
1473300,0
1473400,9.87E-07
1473500,0
1473600,4.95E-06
1473700,2.48E-06
1473803,1.88E-05
1473804,1.24E-05
1473805,1.24E-05
1473806,1.79E-05
1473807,1.19E-05
1473808,1.14E-05
1473809,7.91E-06
1473810,1.29E-05
1473811,9.87E-06
1473901,1.44E-05
1473902,4.21E-05
1474001,3.46E-05
1474002,4.40E-05
1474003,4.35E-05
1474106,1.93E-05
1474107,8.89E-06
1474108,1.14E-05
1474109,8.89E-06
1474110,1.04E-05
1474111,1.79E-05
1474112,1.44E-05
1474113,1.48E-05
1474114,1.39E-05
1474115,1.93E-05
1474116,1.09E-05
1474117,1.58E-05
1474118,1.04E-05
1474201,1.44E-05
1474203,2.13E-05
1474204,2.82E-05
1474300,3.82E-05
1474400,4.40E-05
1474500,3.66E-05
1474600,3.42E-05
1474700,2.43E-05
1474800,2.27E-05
1474900,3.46E-05
1475000,4.35E-05
1475100,3.17E-05
1475200,2.48E-05
1475300,2.43E-05
1475400,3.12E-05
1475500,2.82E-05
1475600,2.72E-05
1475701,2.67E-05
1475702,1.98E-05
1475800,3.71E-05
1475900,2.67E-05
1476000,1.93E-05
1476100,2.18E-05
1476200,1.93E-05
1476300,1.83E-05
1476400,2.67E-05
1476500,2.77E-05
1476600,1.79E-05
1476700,2.18E-05
1476800,1.93E-05
1476900,1.63E-05
1477000,2.43E-05
1477100,1.79E-05
1477200,1.48E-05
1477300,2.48E-05
1477400,1.74E-05
1477500,4.06E-05
1477600,1.04E-05
1477700,1.98E-05
1477800,1.48E-05
1477900,0
1478000,2.72E-05
1478100,2.18E-05
1478200,2.87E-05
1478300,7.42E-06
1478400,5.45E-06
1478500,1.83E-05
1478600,2.37E-05
1478700,4.45E-06
1478800,1.48E-05
1478900,9.87E-06
1479000,1.39E-05
1479100,1.74E-05
1479200,1.29E-05
1479300,1.93E-05
1479400,3.17E-05
1479500,1.58E-05
1479600,2.48E-05
1479700,1.34E-05
1479800,1.14E-05
1479900,2.58E-05
1480000,2.32E-05
1480100,2.72E-05
1480200,2.43E-05
1480301,1.44E-05
1480302,1.09E-05
1480303,9.38E-06
1480400,2.43E-05
1480500,2.18E-05
1480600,3.12E-05
1480700,1.68E-05
1480800,2.13E-05
1480900,3.17E-05
1481000,2.32E-05
1481100,1.29E-05
1481200,2.37E-05
1481300,2.03E-05
1481400,2.08E-05
1481501,5.45E-06
1481502,9.87E-07
1481601,9.87E-06
1481602,6.93E-06
1481700,7.91E-06
1481800,8.89E-06
1481900,2.03E-05
1482000,4.61E-05
1482100,0
1482200,2.13E-05
1482300,2.37E-05
1482400,1.68E-05
1482500,5.01E-05
1482600,2.23E-05
1482700,2.32E-05
1482800,1.44E-05
1482900,1.19E-05
1483000,2.92E-05
1483100,2.08E-05
1483200,2.08E-05
1483300,2.72E-05
1483400,2.03E-05
1483500,0
1483600,1.83E-05
1483700,1.83E-05
1483800,3.32E-05
1483900,2.32E-05
1484000,2.48E-06
1484100,1.83E-05
1484200,2.72E-05
1484300,1.14E-05
1484400,2.18E-05
1484500,1.79E-05
1484600,1.83E-05
1484700,1.14E-05
1484800,1.98E-05
1484900,1.98E-05
1485000,2.03E-05
1485100,2.67E-05
1485200,2.72E-05
1485300,1.58E-05
1485400,6.43E-06
1485500,1.29E-05
1485600,2.03E-05
1485700,2.32E-05
1485800,2.87E-05
1485900,1.14E-05
1486000,2.08E-05
1486100,1.83E-05
1486200,2.67E-05
1486300,3.07E-05
1486400,1.19E-05
1486500,5.94E-06
1486600,2.48E-06
1486700,3.77E-05
1486800,3.46E-05
1486900,1.98E-06
1487000,3.51E-05
1487100,1.39E-05
1487200,1.34E-05
1487300,1.98E-05
1487400,1.14E-05
1487500,2.92E-05
1487600,2.32E-05
1487700,1.88E-05
1487800,2.48E-06
1487900,5.45E-06
1488000,2.18E-05
1488100,8.40E-06
1488200,3.58E-05
1488300,3.32E-05
1488400,1.88E-05
1488500,7.30E-05
1488600,1.88E-05
1488700,8.89E-06
1488800,0
1488900,4.95E-07
1489000,0
1489100,2.32E-05
1489200,1.58E-05
1489300,6.43E-06
1489400,6.43E-06
1489500,0
1489600,0
1489700,0.000191829
1489801,6.93E-06
1489802,3.47E-06
1489900,0
1490000,0
1490100,9.87E-07
1490200,1.34E-05
1490300,2.18E-05
1490401,5.94E-06
1490402,4.95E-06
1490403,5.94E-06
1490404,6.93E-06
1490405,6.93E-06
1490500,2.23E-05
1490600,4.31E-05
1490700,1.98E-06
1490800,0
1490900,0.000135624
1491000,9.87E-07
1491100,8.89E-06
1491200,0.000132159
1491300,4.95E-07
1491400,3.47E-06
1491500,0
1491600,2.48E-06
1491700,0
1491800,0
1491900,0
1492000,0
1492100,2.64E-05
1492200,0
1492300,0
1492400,4.95E-07
1492500,0
1492600,0.000132159
1492700,9.87E-07
1492800,0
1492900,0
1493000,0
1493100,0
1493200,0
1493300,0
1493400,1.48E-05
1493501,0
1493502,9.38E-06
1493600,4.52E-05
1493700,1.93E-05
1493800,1.98E-06
1493900,4.95E-07
1494000,1.29E-05
1494100,4.95E-07
1494200,0
1494300,1.68E-05
1494400,0
1494500,1.98E-06
1494600,2.48E-06
1494700,3.47E-06
1494800,9.38E-06
1494900,7.91E-06
1495000,1.29E-05
1495100,1.53E-05
1495200,2.53E-05
1495300,8.89E-06
1495400,5.45E-06
1495500,2.13E-05
1495600,7.70E-05
1495700,4.07E-05
1495800,7.42E-06
1495900,0.000177324
1496000,1.14E-05
1496100,2.13E-05
1496200,1.74E-05
1496300,1.04E-05
1496400,1.74E-05
1496500,2.43E-05
1496600,8.40E-06
1496700,7.40E-05
1496800,1.63E-05
1496900,1.83E-05
1497000,1.98E-05
1497100,4.56E-05
1497200,2.43E-05
1497300,2.08E-05
1497400,9.38E-06
1497500,9.87E-06
1497600,2.77E-05
1497700,1.39E-05
1497800,3.97E-05
1497900,1.24E-05
1498001,2.03E-05
1498002,3.96E-06
1498100,1.93E-05
1498200,1.19E-05
1498300,1.29E-05
1498400,8.89E-06
1498500,1.24E-05
1498600,1.29E-05
1498700,2.37E-05
1498800,1.48E-05
1498900,1.68E-05
1499000,1.14E-05
1499100,1.93E-05
1499200,1.24E-05
1499300,8.89E-06
1499400,1.93E-05
1499500,1.48E-05
1499600,1.74E-05
1499700,1.79E-05
1499800,1.53E-05
1499900,1.14E-05
1500000,2.18E-05
1500100,3.37E-05
1500200,1.63E-05
1500300,3.96E-05
1500400,2.92E-05
1500500,9.87E-06
1500600,0
1500700,8.40E-06
1500800,1.39E-05
1500900,1.09E-05
1501000,1.98E-05
1501100,2.72E-05
1501200,2.92E-05
1501300,1.83E-05
1501400,2.67E-05
1501500,1.34E-05
1501600,2.53E-05
1501700,2.53E-05
1501800,2.27E-05
1501900,2.87E-05
1502000,2.67E-05
1502100,1.14E-05
1502200,1.29E-05
1502300,2.37E-05
1502400,1.98E-05
1502501,8.40E-06
1502502,5.94E-06
1502600,2.18E-05
1502700,2.32E-05
1502800,3.32E-05
1502900,1.63E-05
1503000,9.38E-06
1503100,2.23E-05
1503201,1.48E-05
1503202,6.43E-06
1503203,4.95E-07
1503204,6.93E-06
1503205,1.04E-05
1503300,1.68E-05
1503400,1.29E-05
1503500,1.93E-05
1503600,2.27E-05
1503700,1.53E-05
1503800,1.53E-05
1503900,3.07E-05
1504000,2.32E-05
1504100,2.48E-05
1504200,2.53E-05
1504300,2.53E-05
1504400,4.57E-05
1504500,2.92E-05
1504600,2.03E-05
1504700,9.87E-06
1504800,3.22E-05
1504900,2.87E-05
1505000,2.87E-05
1505100,0
1505200,5.97E-05
1505300,2.08E-05
1505400,1.29E-05
1505500,1.58E-05
1505600,1.93E-05
1505700,9.87E-06
1505800,2.18E-05
1505900,2.48E-05
1506000,1.68E-05
1506101,1.58E-05
1506102,1.58E-05
1506200,2.32E-05
1506300,1.19E-05
1506401,4.06E-05
1506402,3.47E-06
1506500,1.19E-05
1506600,8.40E-06
1506701,1.48E-05
1506702,1.48E-05
1506800,2.13E-05
1506901,8.89E-06
1506902,1.53E-05
1507001,1.68E-05
1507002,1.93E-05
1507101,4.95E-06
1507102,1.29E-05
1507103,5.94E-06
1507200,6.93E-06
1507300,1.53E-05
1507400,3.42E-05
1507500,1.44E-05
1507600,1.44E-05
1507702,0
1507703,7.42E-06
1507704,7.91E-06
1507705,1.09E-05
1507706,1.34E-05
1507707,1.34E-05
1507800,1.63E-05
1507900,3.22E-05
1508001,1.29E-05
1508002,1.14E-05
1508003,5.45E-06
1508004,8.42E-05
1508101,7.42E-06
1508102,1.24E-05
1508103,9.38E-06
1508200,3.82E-05
1508300,5.94E-06
1508400,1.04E-05
1508500,4.02E-05
1508600,1.68E-05
1508700,3.17E-05
1508800,4.35E-05
1508900,3.27E-05
1509000,3.17E-05
1509100,0.000119085
1509200,3.66E-05
1509300,1.88E-05
1509400,3.42E-05
1509500,0
1509600,0
1509700,0
1509800,3.42E-05
1509900,4.01E-05
1510000,1.98E-05
1510100,1.19E-05
1510200,7.65E-05
1510300,1.98E-06
1510400,2.27E-05
1510500,2.48E-05
1510600,3.37E-05
1510700,2.13E-05
1510800,2.32E-05
1510900,6.93E-06
1511000,1.24E-05
1511101,3.73E-05
1511102,4.95E-07
1511103,0
1511200,1.44E-05
1511300,6.81E-05
1511400,1.74E-05
1511500,1.39E-05
1511600,3.58E-05
1511700,9.87E-06
1511800,4.08E-05
1511900,0
1512000,4.95E-06
1512100,7.08E-05
1512200,4.95E-06
1512300,7.42E-06
1512400,9.87E-07
1512500,1.48E-05
1512600,2.48E-06
1512700,8.40E-06
1512800,7.42E-06
1512900,1.98E-06
1513000,1.39E-05
1513100,4.45E-06
1513200,7.42E-06
1513300,0.00067015
1513400,0.000417607
1513500,6.93E-06
1513600,1.58E-05
1513700,3.47E-06
1513800,9.87E-07
1513900,5.45E-06
1514000,1.09E-05
1514100,6.93E-06
1514200,8.89E-06
1514300,3.84E-05
1514400,0.000334581
1514500,7.91E-06
1514600,5.94E-06
1514700,7.42E-06
1514800,1.19E-05
1514900,8.89E-06
1515000,1.24E-05
1515100,2.08E-05
1515200,4.95E-06
1515300,7.91E-06
1515400,3.00E-05
1515500,4.13E-05
1515600,9.38E-06
1515700,1.19E-05
1515800,7.91E-06
1515901,2.48E-06
1515903,3.96E-06
1515904,4.95E-07
1516000,3.47E-06
1516100,4.45E-06
1516201,4.16E-05
1516202,0
1516203,0
1516300,7.42E-06
1516400,2.62E-05
1516500,3.86E-05
1516600,8.40E-06
1516700,1.79E-05
1516800,4.45E-06
1516900,1.39E-05
1517000,3.18E-05
1517100,2.72E-05
1517200,1.83E-05
1517300,1.79E-05
1517400,8.40E-06
1517500,0.000497352
1517600,2.37E-05
1517700,1.34E-05
1517800,2.37E-05
1517900,2.53E-05
1518000,3.12E-05
1518100,1.83E-05
1518200,4.07E-05
1518300,1.48E-06
1518400,6.93E-06
1518500,1.14E-05
1518600,2.72E-05
1518700,4.95E-07
1518800,3.47E-06
1518900,1.79E-05
1519000,1.34E-05
1519100,1.39E-05
1519200,1.53E-05
1519300,3.71E-05
1519400,2.67E-05
1519500,1.24E-05
1519600,1.48E-06
1519700,1.58E-05
1519801,2.67E-05
1519802,2.37E-05
1519803,2.77E-05
1519900,3.42E-05
1520000,4.95E-07
1520100,0.000187839
1520200,5.45E-06
1520300,0
1520400,0
1520500,0.000135624
1520600,0
1520700,9.87E-07
1520800,3.68E-05
1520900,2.98E-05
1521000,9.87E-06
1521100,3.47E-06
1521200,1.24E-05
1521300,1.48E-05
1521400,2.18E-05
1521500,6.93E-06
1521600,3.12E-05
1521700,1.98E-05
1521800,2.82E-05
1521900,2.13E-05
1522000,2.32E-05
1522100,9.87E-06
1522200,2.72E-05
1522300,1.09E-05
1522400,2.03E-05
1522500,1.39E-05
1522600,1.24E-05
1522700,2.58E-05
1522800,2.92E-05
1522900,0.000153439
1523001,1.83E-05
1523002,0
1523100,1.68E-05
1523200,3.22E-05
1523301,1.79E-05
1523302,0
1523402,6.93E-06
1523403,2.87E-05
1523404,1.98E-06
1523501,1.53E-05
1523502,0
1523601,1.34E-05
1523602,1.98E-06
1523700,9.87E-06
1523800,1.48E-05
1523900,8.89E-06
1524000,5.40E-05
1524100,8.89E-06
1524201,4.95E-06
1524202,3.96E-06
1524300,1.58E-05
1524400,9.87E-07
1524500,1.29E-05
1524600,7.42E-06
1524702,1.19E-05
1524703,1.24E-05
1524704,3.47E-06
1524800,5.45E-06
1524900,1.48E-05
1525000,1.93E-05
1525100,2.67E-05
1525200,1.74E-05
1525300,1.09E-05
1525400,8.89E-06
1525500,8.40E-06
1525601,4.45E-06
1525602,9.87E-07
1525700,1.29E-05
1525800,4.95E-06
1525900,9.87E-06
1526000,8.40E-06
1526100,3.34E-05
1526200,4.95E-06
1526300,1.83E-05
1526400,2.97E-06
1526500,7.42E-06
1526600,6.43E-06
1526701,4.95E-06
1526702,3.47E-06
1526800,8.89E-06
1526900,9.38E-06
1527000,2.97E-06
1527100,3.96E-06
1527200,7.42E-06
1527301,6.93E-06
1527302,9.87E-07
1527400,4.45E-06
1527500,2.97E-06
1527600,1.48E-06
1527701,2.48E-06
1527702,3.39E-05
1527801,3.47E-06
1527802,3.47E-06
1527900,1.04E-05
1528000,5.94E-06
1528100,2.97E-06
1528200,0
1528300,0
1528400,0.000132159
1528500,1.44E-05
1528600,1.63E-05
1528700,0.000156539
1528800,9.87E-07
1528900,8.40E-06
1529000,9.87E-06
1529100,1.83E-05
1529200,2.58E-05
1529300,1.53E-05
1529400,1.53E-05
1529500,1.98E-06
1529600,1.34E-05
1529700,3.46E-05
1529800,2.13E-05
1529900,1.93E-05
1530000,2.23E-05
1530100,2.03E-05
1530200,2.92E-05
1530300,1.09E-05
1530400,2.03E-05
1530500,2.58E-05
1530600,1.24E-05
1530700,1.44E-05
1530800,1.53E-05
1530900,2.03E-05
1531000,3.87E-05
1531100,4.95E-06
1531200,2.27E-05
1531300,2.43E-05
1531400,3.38E-05
1531500,3.18E-05
1531600,2.32E-05
1531700,3.82E-05
1531800,1.48E-05
1531900,5.45E-06
1532000,1.74E-05
1532100,1.44E-05
1532200,1.44E-05
1532300,5.94E-06
1532400,7.91E-06
1532500,1.79E-05
1532600,1.58E-05
1532700,6.93E-06
1532800,1.44E-05
1532900,1.58E-05
1533000,6.93E-06
1533100,0.000506298
1533200,1.14E-05
1533300,1.04E-05
1533400,3.47E-06
1533500,1.34E-05
1533600,1.83E-05
1533700,2.27E-05
1533800,1.58E-05
1533900,8.89E-06
1534000,1.48E-05
1534101,0.000166547
1534102,1.04E-05
1534201,4.95E-06
1534202,5.45E-06
1534300,7.91E-06
1534401,4.95E-06
1534402,9.87E-07
1534500,4.45E-06
1534600,3.64E-05
1534700,2.97E-06
1534800,5.45E-06
1534900,7.42E-06
1535000,1.04E-05
1535100,5.45E-06
1535200,2.48E-06
1535300,8.89E-06
1535400,8.40E-06
1535501,1.09E-05
1535502,5.45E-06
1535600,6.93E-06
1535700,5.45E-06
1535800,8.89E-06
1535900,6.43E-06
1536000,1.48E-06
1536100,1.24E-05
1536200,4.95E-06
1536300,4.95E-06
1536400,1.14E-05
1536500,5.45E-06
1536600,8.89E-06
1536700,8.89E-06
1536800,1.98E-05
1536900,1.79E-05
1537000,0.000172982
1537100,7.42E-06
1537200,8.89E-06
1537300,1.14E-05
1537401,1.24E-05
1537402,5.94E-06
1537500,6.04E-05
1537600,1.63E-05
1537700,1.04E-05
1537800,0.000171995
1537901,1.09E-05
1537902,0
1538000,5.94E-06
1538100,1.09E-05
1538200,3.34E-05
1538300,4.45E-06
1538400,9.87E-06
1538500,7.91E-06
1538600,1.19E-05
1538700,8.40E-06
1538800,9.38E-06
1538901,6.43E-06
1538902,6.93E-06
1539000,6.43E-06
1539100,5.94E-06
1539200,1.34E-05
1539300,9.38E-06
1539400,1.14E-05
1539501,6.43E-06
1539502,1.48E-06
1539600,1.98E-06
1539700,5.45E-06
1539800,1.98E-06
1539900,9.87E-07
1540000,4.95E-07
1540100,2.48E-06
1540200,3.47E-06
1540300,3.47E-06
1540400,4.95E-07
1540500,9.38E-06
1540600,4.45E-06
1540700,3.02E-05
1540800,1.58E-05
1540900,4.45E-06
1541000,0.000136611
1541100,1.83E-05
1541200,1.34E-05
1541300,1.98E-05
1541400,2.88E-05
1541500,4.95E-06
1541600,1.48E-06
1541700,7.91E-06
1541800,1.34E-05
1541900,1.19E-05
1542000,4.07E-05
1542100,1.68E-05
1542200,1.74E-05
1542300,1.19E-05
1542400,3.47E-06
1542500,9.87E-06
1542600,6.93E-06
1542700,8.40E-06
1542800,1.19E-05
1542900,5.45E-06
1543000,4.95E-06
1543100,3.87E-05
1543200,2.97E-06
1543300,2.97E-06
1543400,0
1543500,0
1543600,1.09E-05
1543700,1.24E-05
1543800,7.42E-06
1543900,5.45E-06
1544000,1.09E-05
1544100,9.24E-05
1544200,6.43E-06
1544300,9.38E-06
1544400,1.44E-05
1544500,7.91E-06
1544600,6.43E-06
1544701,6.93E-06
1544702,1.98E-06
1544800,2.62E-05
1544900,2.97E-06
1545000,6.43E-06
1545100,1.98E-06
1545200,1.48E-06
1545300,1.48E-06
1545400,7.91E-06
1545500,3.96E-06
1545600,5.94E-06
1545701,5.94E-06
1545702,0
1545800,3.96E-06
1545900,0
1546000,1.98E-05
1546100,2.92E-05
1546200,1.29E-05
1546300,3.27E-05
1546400,4.95E-06
1546500,1.44E-05
1546600,1.58E-05
1546700,1.68E-05
1546800,2.97E-05
1546900,1.34E-05
1547000,1.34E-05
1547100,2.27E-05
1547200,2.13E-05
1547300,9.87E-07
1547400,4.95E-07
1547500,1.74E-05
1547600,0
1547701,2.18E-05
1547702,4.40E-05
1547800,1.63E-05
1547900,1.68E-05
1548000,9.38E-06
1548100,1.19E-05
1548201,1.88E-05
1548202,1.63E-05
1548300,1.93E-05
1548400,1.83E-05
1548500,3.12E-05
1548600,1.74E-05
1548700,1.88E-05
1548800,1.09E-05
1548900,1.29E-05
1549000,5.45E-06
1549100,2.27E-05
1549200,2.32E-05
1549301,2.62E-05
1549302,1.93E-05
1549400,2.18E-05
1549501,3.42E-05
1549502,1.09E-05
1549600,2.72E-05
1549700,1.88E-05
1549800,1.68E-05
1549901,2.97E-06
1549903,1.79E-05
1549904,2.58E-05
1550003,2.62E-05
1550004,3.96E-05
1550005,2.43E-05
1550006,1.98E-05
1550007,2.92E-05
1550100,3.71E-05
1550200,2.43E-05
1550300,5.83E-05
1550401,2.90E-05
1550402,9.87E-07
1550502,1.04E-05
1550503,3.59E-05
1550505,1.04E-05
1550506,2.67E-05
1550600,8.40E-06
1550700,7.42E-06
1550800,5.11E-05
1550900,1.34E-05
1551000,3.37E-05
1551100,1.44E-05
1551200,3.02E-05
1551300,4.87E-05
1551400,1.58E-05
1551500,2.27E-05
1551600,3.32E-05
1551700,2.72E-05
1551800,5.94E-06
1551900,1.24E-05
1552000,5.94E-06
1552100,5.94E-06
1552200,8.40E-06
1552300,6.93E-06
1552401,9.87E-07
1552402,9.87E-07
1552403,0
1552500,1.58E-05
1552600,1.39E-05
1552701,1.29E-05
1552702,0.000169517
1552801,1.34E-05
1552802,1.48E-06
1552901,2.48E-06
1552902,5.45E-06
1553000,5.45E-06
1553100,3.27E-05
1553200,2.72E-05
1553300,1.63E-05
1553400,4.11E-05
1553500,7.42E-06
1553600,3.22E-05
1553700,1.68E-05
1553800,4.17E-05
1553901,3.68E-05
1553903,6.43E-06
1553904,5.45E-06
1553905,0
1554000,5.94E-06
1554100,3.96E-06
1554201,8.40E-06
1554202,2.72E-05
1554300,5.94E-06
1554400,2.97E-06
1554500,8.89E-06
1554600,9.87E-06
1554700,8.40E-06
1554800,5.45E-06
1554900,1.39E-05
1555001,2.62E-05
1555002,6.15E-05
1555100,3.71E-05
1555200,3.22E-05
1555302,9.87E-07
1555303,1.63E-05
1555304,9.38E-06
1555400,1.44E-05
1555500,2.62E-05
1555602,7.42E-06
1555603,9.87E-07
1555605,2.85E-05
1555606,1.98E-06
1555607,5.94E-06
1555702,5.94E-06
1555703,4.45E-06
1555705,2.97E-06
1555706,9.38E-06
1555707,6.43E-06
1555800,1.93E-05
1555900,2.18E-05
1556001,1.74E-05
1556002,0
1556100,7.91E-06
1556201,1.98E-06
1556203,8.40E-06
1556205,4.95E-07
1556206,1.88E-05
1556207,2.58E-05
1556208,2.13E-05
1556209,2.97E-06
1556210,6.43E-06
1556308,1.58E-05
1556309,4.45E-06
1556310,1.48E-06
1556311,1.98E-06
1556312,5.20E-05
1556313,1.09E-05
1556314,1.14E-05
1556315,9.87E-06
1556316,2.32E-05
1556317,1.34E-05
1556318,1.53E-05
1556319,9.38E-06
1556320,1.39E-05
1556321,1.34E-05
1556322,1.24E-05
1556323,1.34E-05
1556324,9.87E-06
1556325,9.38E-06
1556326,3.47E-06
1556327,1.14E-05
1556328,9.87E-06
1556401,2.97E-06
1556402,8.40E-06
1556501,7.42E-06
1556504,2.67E-05
1556505,0
1556506,1.93E-05
1556507,2.62E-05
1556508,1.04E-05
1556509,4.95E-07
1556601,6.43E-06
1556603,0
1556604,3.02E-05
1556605,2.32E-05
1556606,4.21E-05
1556701,1.44E-05
1556702,2.18E-05
1556703,1.39E-05
1556801,2.23E-05
1556804,1.98E-06
1556805,5.45E-06
1556806,2.72E-05
1556901,4.45E-06
1556902,2.97E-06
1556903,4.95E-06
1557001,4.45E-06
1557002,6.93E-06
1557100,2.03E-05
1557200,1.93E-05
1557300,1.39E-05
1557400,1.63E-05
1557500,8.40E-06
1557602,2.92E-05
1557603,2.97E-06
1557604,8.40E-06
1557605,7.91E-06
1557705,3.82E-05
1557707,2.92E-05
1557708,1.53E-05
1557709,2.48E-05
1557710,2.08E-05
1557711,5.45E-06
1557712,1.48E-05
1557713,1.58E-05
1557714,1.34E-05
1557715,1.44E-05
1557716,1.48E-06
1557803,1.48E-05
1557804,1.79E-05
1557805,1.79E-05
1557809,3.51E-05
1557810,1.14E-05
1557811,1.44E-05
1557812,8.40E-06
1557813,6.43E-06
1557814,7.91E-06
1557815,9.38E-06
1557816,6.43E-06
1557817,7.91E-06
1557818,9.38E-06
1557819,8.40E-06
1557820,1.09E-05
1557821,1.19E-05
1557822,4.95E-06
1557823,5.45E-06
1557824,1.34E-05
1557901,8.12E-05
1557902,5.45E-06
1557904,1.48E-06
1557905,9.87E-07
1558001,3.47E-06
1558002,2.44E-05
1558003,7.42E-06
1558005,7.91E-06
1558006,5.00E-05
1558007,1.24E-05
1558100,4.98E-05
1558200,2.18E-05
1558300,1.39E-05
1558400,6.93E-06
1558500,8.89E-06
1558600,1.34E-05
1558701,1.44E-05
1558702,9.79E-05
1558800,2.62E-05
1558900,2.55E-05
1559001,7.35E-05
1559002,5.25E-05
1559003,3.71E-05
1559100,5.05E-05
1559201,3.47E-06
1559202,0
1559301,4.95E-07
1559302,4.95E-07
1559400,7.42E-06
1559500,5.45E-06
1559600,1.48E-06
1559700,2.72E-05
1559800,1.63E-05
1559900,2.92E-05
1560000,2.82E-05
1560101,1.98E-06
1560103,1.34E-05
1560104,1.39E-05
1560105,9.38E-06
1560201,2.77E-05
1560202,2.97E-06
1560300,1.39E-05
1560400,4.56E-05
1560500,2.62E-05
1560600,2.67E-05
1560700,3.46E-05
1560800,2.37E-05
1560900,1.68E-05
1561000,2.92E-05
1561100,1.48E-05
1561200,1.68E-05
1561300,1.63E-05
1561400,1.53E-05
1561500,2.48E-06
1561600,1.98E-05
1561701,1.19E-05
1561702,2.18E-05
1561800,1.48E-05
1561900,3.56E-05
1562000,2.62E-05
1562100,2.67E-05
1562200,3.61E-05
1562301,1.83E-05
1562302,2.13E-05
1562303,1.93E-05
1562401,3.66E-05
1562402,1.53E-05
1562406,6.93E-06
1562407,5.94E-06
1562408,1.44E-05
1562409,9.87E-06
1562410,1.04E-05
1562411,8.40E-06
1562412,3.68E-05
1562413,9.38E-06
1562414,9.87E-06
1562415,6.43E-06
1562416,2.43E-05
1562417,1.34E-05
1562418,1.09E-05
1562419,1.24E-05
1562420,8.89E-06
1562501,1.09E-05
1562502,5.69E-05
1562601,1.68E-05
1562602,1.39E-05
1562700,1.63E-05
1562801,9.87E-07
1562802,3.96E-06
1562901,0
1562902,0
1563000,7.91E-06
1563100,4.95E-07
1563201,6.43E-06
1563202,1.68E-05
1563203,6.93E-06
1563300,7.42E-06
1563401,6.93E-06
1563402,3.07E-05
1563500,5.45E-06
1563600,7.42E-06
1563700,1.53E-05
1563800,2.48E-06
1563900,1.34E-05
1564000,3.87E-05
1564100,0.000516168
1564200,4.42E-05
1564301,4.95E-06
1564302,2.48E-06
1564400,1.79E-05
1564500,2.03E-05
1564600,4.95E-06
1564700,5.94E-06
1564800,7.91E-06
1564900,1.53E-05
1565000,1.74E-05
1565101,7.91E-06
1565102,1.34E-05
1565103,4.95E-07
1565200,1.98E-05
1565300,2.32E-05
1565400,2.62E-05
1565500,1.34E-05
1565600,2.37E-05
1565700,7.42E-06
1565800,6.93E-06
1565900,1.74E-05
1566000,1.24E-05
1566100,1.83E-05
1566200,6.93E-06
1566300,1.58E-05
1566400,2.03E-05
1566500,2.13E-05
1566600,1.83E-05
1566700,1.79E-05
1566800,1.68E-05
1566900,1.83E-05
1567000,7.91E-06
1567100,4.87E-05
1567200,4.95E-06
1567300,1.63E-05
1567400,1.24E-05
1567500,4.57E-05
1567600,1.04E-05
1567700,1.39E-05
1567800,1.68E-05
1567900,1.44E-05
1568000,1.44E-05
1568100,8.89E-06
1568200,1.29E-05
1568300,2.03E-05
1568400,2.37E-05
1568500,1.79E-05
1568600,1.88E-05
1568700,9.87E-06
1568800,1.88E-05
1568900,1.93E-05
1569000,3.02E-05
1569100,1.24E-05
1569200,1.58E-05
1569300,2.23E-05
1569400,9.38E-06
1569501,4.47E-05
1569502,1.53E-05
1569601,5.94E-06
1569602,3.96E-06
1569701,1.68E-05
1569702,1.29E-05
1569801,3.63E-05
1569802,1.14E-05
1569900,1.04E-05
1570000,1.24E-05
1570100,7.91E-06
1570200,2.03E-05
1570301,1.29E-05
1570302,8.89E-06
1570400,1.79E-05
1570500,2.03E-05
1570600,2.08E-05
1570700,1.09E-05
1570800,1.53E-05
1570900,2.62E-05
1571000,1.04E-05
1571100,2.03E-05
1571200,4.95E-06
1571300,3.96E-06
1571400,1.74E-05
1571500,6.93E-06
1571600,2.32E-05
1571700,1.74E-05
1571800,1.19E-05
1571900,1.14E-05
1572000,1.58E-05
1572101,4.95E-06
1572102,9.38E-06
1572200,2.37E-05
1572300,4.87E-05
1572400,1.53E-05
1572500,1.14E-05
1572600,3.76E-05
1572700,2.77E-05
1572801,8.89E-06
1572802,9.38E-06
1572901,1.83E-05
1572902,1.53E-05
1573001,1.04E-05
1573002,1.58E-05
1573003,1.24E-05
1573100,6.43E-06
1573200,9.38E-06
1573300,9.38E-06
1573400,1.14E-05
1573500,2.97E-05
1573600,1.53E-05
1573700,4.45E-06
1573800,2.18E-05
1573900,1.93E-05
1574000,1.39E-05
1574100,1.44E-05
1574200,2.48E-06
1574300,1.83E-05
1574400,2.23E-05
1574500,2.32E-05
1574600,9.38E-06
1574700,1.58E-05
1574800,3.17E-05
1574900,1.14E-05
1575000,1.48E-05
1575100,1.48E-05
1575200,2.48E-05
1575300,3.47E-06
1575400,2.62E-05
1575500,7.42E-06
1575601,8.40E-06
1575602,1.53E-05
1575701,1.14E-05
1575702,3.47E-06
1575801,1.14E-05
1575802,1.34E-05
1575901,1.19E-05
1575902,5.94E-06
1576001,9.87E-06
1576002,1.34E-05
1576100,9.38E-06
1576200,1.58E-05
1576301,1.58E-05
1576302,6.43E-06
1576401,1.44E-05
1576402,9.38E-06
1576501,1.39E-05
1576502,8.89E-06
1576600,1.63E-05
1576700,1.93E-05
1576800,1.98E-05
1576900,1.53E-05
1577001,1.19E-05
1577002,1.29E-05
1577003,6.93E-06
1577100,2.03E-05
1577200,2.27E-05
1577301,5.94E-06
1577302,8.40E-06
1577303,1.68E-05
1577400,1.53E-05
1577500,8.40E-06
1577600,1.83E-05
1577701,8.89E-06
1577702,1.09E-05
1577703,8.89E-06
1577704,9.38E-06
1577705,8.40E-06
1577800,2.08E-05
1577900,8.89E-06
1578000,1.39E-05
1578100,7.91E-06
1578200,1.39E-05
1578300,0
1578400,1.48E-05
1578501,5.94E-06
1578502,2.37E-05
1578601,1.83E-05
1578602,1.44E-05
1578700,1.14E-05
1578800,1.04E-05
1578900,2.32E-05
1579000,1.68E-05
1579100,9.87E-06
1579200,1.98E-05
1579302,3.22E-05
1579303,5.94E-06
1579304,3.96E-06
1579305,7.91E-06
1579306,1.04E-05
1579401,8.40E-06
1579402,1.04E-05
1579500,0
1579601,9.87E-06
1579602,7.42E-06
1579700,1.79E-05
1579800,1.44E-05
1579900,8.89E-06
1580001,1.29E-05
1580002,6.43E-06
1580100,1.88E-05
1580200,1.88E-05
1580300,1.19E-05
1580400,1.04E-05
1580500,1.14E-05
1580600,9.87E-06
1580700,8.89E-06
1580800,8.89E-06
1580900,9.38E-06
1581000,1.53E-05
1581100,7.91E-06
1581200,3.43E-05
1581300,1.93E-05
1581400,1.39E-05
1581500,4.61E-05
1581600,1.79E-05
1581700,1.34E-05
1581800,8.89E-06
1581900,1.39E-05
1582000,1.68E-05
1582100,2.08E-05
1582200,2.32E-05
1582300,6.93E-06
1582400,2.32E-05
1582500,1.09E-05
1582600,1.44E-05
1582700,2.43E-05
1582800,2.03E-05
1582900,1.88E-05
1583000,1.58E-05
1583100,2.03E-05
1583201,1.24E-05
1583202,5.94E-06
1583300,4.95E-06
1583400,1.98E-05
1583500,6.43E-06
1583600,8.89E-06
1583700,1.09E-05
1583800,4.45E-06
1583900,2.97E-05
1584001,8.89E-06
1584002,9.38E-06
1584101,6.93E-06
1584102,7.91E-06
1584103,3.42E-05
1584200,1.58E-05
1584300,0
1584400,2.62E-05
1584502,2.08E-05
1584503,3.76E-05
1584504,1.58E-05
1584601,1.63E-05
1584602,1.48E-06
1584701,1.14E-05
1584702,1.24E-05
1584703,1.14E-05
1584800,0
1584900,2.53E-05
1585000,4.12E-05
1585100,1.29E-05
1585200,2.08E-05
1585300,2.08E-05
1585400,1.88E-05
1585500,3.42E-05
1585600,1.79E-05
1585700,1.88E-05
1585800,1.04E-05
1585901,1.14E-05
1585902,6.93E-06
1586000,9.87E-06
1586100,6.43E-06
1586201,9.38E-06
1586202,2.48E-06
1586300,0
1586400,1.98E-05
1586500,1.14E-05
1586600,7.91E-06
1586700,1.29E-05
1586800,2.23E-05
1586900,2.67E-05
1587000,4.95E-07
1587100,0.000524078
1587200,2.03E-05
1587300,2.97E-06
1587400,4.95E-06
1587501,1.48E-05
1587502,3.96E-06
1587600,5.94E-06
1587700,0
1587800,0
1587901,0
1587903,0
1587904,0
1587910,0
1587913,4.95E-07
1587914,0
1587915,0
1587916,0
1587917,0
1587918,0
1587919,0
1587920,0
1587921,0
1587922,0
1588000,0
1588100,2.87E-05
1588200,2.77E-05
1588300,1.63E-05
1588400,1.48E-05
1588500,1.58E-05
1588600,2.43E-05
1588700,1.44E-05
1588800,1.24E-05
1588900,9.38E-06
1589000,1.19E-05
1589100,5.94E-06
1589200,4.52E-05
1589300,1.04E-05
1589400,4.61E-05
1589500,6.43E-06
1589600,1.48E-05
1589700,2.92E-05
1589800,3.48E-05
1589900,7.42E-06
1590000,9.87E-06
1590100,1.68E-05
1590200,1.39E-05
1590300,1.58E-05
1590400,1.83E-05
1590500,1.53E-05
1590600,2.97E-06
1590700,6.93E-06
1590800,1.34E-05
1590900,1.04E-05
1591000,3.96E-06
1591100,9.87E-07
1591200,2.44E-05
1591300,4.95E-07
1591400,6.43E-06
1591500,4.95E-07
1591600,0
1591700,4.45E-06
1591800,9.87E-07
1591900,9.87E-07
1592000,1.48E-06
1592100,4.95E-07
1592200,0
1592300,2.39E-05
1592400,2.54E-05
1592500,4.95E-06
1592600,4.95E-07
1592700,0
1592800,2.44E-05
1592900,0
1593000,1.09E-05
1593100,0
1593200,0
1593300,0
1593400,0
1593500,1.48E-06
1593600,0
1593700,0
1593800,4.95E-07
1593900,4.95E-07
1594000,0.000136611
1594100,1.98E-06
1594200,0.000133146
1594300,0
1594400,0
1594500,3.47E-06
1594600,6.93E-06
1594700,0
1594800,3.08E-05
1594900,5.47E-05
1595000,2.92E-05
1595100,6.71E-05
1595200,1.74E-05
1595300,3.82E-05
1595400,6.36E-05
1595500,2.27E-05
1595600,2.13E-05
1595700,6.43E-06
1595800,2.13E-05
1595900,1.14E-05
1596000,4.71E-05
1596100,4.45E-06
1596200,2.48E-06
1596300,1.93E-05
1596400,0.000143569
1596500,5.06E-05
1596600,1.74E-05
1596700,0
1596800,2.08E-05
1596900,1.79E-05
1597000,1.68E-05
1597100,3.13E-05
1597200,2.43E-05
1597300,2.23E-05
1597400,2.23E-05
1597500,5.94E-06
1597600,4.45E-06
1597700,7.42E-06
1597800,1.19E-05
1597900,4.45E-06
1598000,1.48E-06
1598101,1.79E-05
1598102,8.40E-06
1598200,2.27E-05
1598300,1.74E-05
1598401,5.45E-06
1598402,0
1598501,1.29E-05
1598502,4.95E-07
1598601,4.45E-06
1598602,0
1598700,1.14E-05
1598800,1.19E-05
1598900,5.94E-06
1599000,7.09E-05
1599100,2.32E-05
1599200,2.03E-05
1599300,2.53E-05
1599400,1.58E-05
1599500,9.87E-06
1599600,2.62E-05
1599700,2.48E-06
1599800,1.19E-05
1599900,3.96E-05
1600001,1.04E-05
1600002,1.24E-05
1600100,1.24E-05
1600200,1.88E-05
1600301,9.38E-06
1600302,1.14E-05
1600303,5.94E-06
1600400,4.34E-05
1600500,1.14E-05
1600600,3.77E-05
1600700,3.82E-05
1600800,5.45E-06
1600901,5.94E-06
1600902,1.24E-05
1600903,3.53E-05
1601000,1.68E-05
1601100,4.95E-07
1601200,1.98E-05
1601300,1.14E-05
1601400,2.27E-05
1601500,1.14E-05
1601600,2.32E-05
1601701,3.96E-06
1601702,6.43E-06
1601703,9.38E-06
1601704,5.45E-06
1601801,7.91E-06
1601802,1.04E-05
1601803,7.42E-06
1601900,2.18E-05
1602000,1.74E-05
1602100,1.79E-05
1602200,3.32E-05
1602300,8.89E-06
1602400,4.45E-05
1602500,3.37E-05
1602600,2.82E-05
1602701,2.58E-05
1602702,2.27E-05
1602800,8.89E-06
1602900,1.39E-05
1603000,1.79E-05
1603100,1.14E-05
1603200,1.09E-05
1603301,3.17E-05
1603302,0
1603400,1.79E-05
1603500,5.00E-05
1603600,4.06E-05
1603700,2.72E-05
1603800,6.43E-06
1603900,2.97E-05
1604000,1.53E-05
1604100,2.08E-05
1604200,2.48E-06
1604300,2.97E-06
1604400,4.42E-05
1604501,1.34E-05
1604502,4.95E-06
1604600,0.000148959
1604700,2.03E-05
1604800,1.88E-05
1604900,4.95E-06
1605000,9.87E-07
1605100,6.93E-06
1605200,4.95E-06
1605300,2.27E-05
1605400,2.13E-05
1605500,1.93E-05
1605600,1.19E-05
1605700,3.12E-05
1605800,3.32E-05
1605900,1.98E-05
1606000,3.17E-05
1606100,4.45E-05
1606200,3.12E-05
1606300,1.14E-05
1606401,0
1606402,2.43E-05
1606403,2.23E-05
1606501,3.17E-05
1606502,2.23E-05
1606600,7.91E-06
1606700,1.34E-05
1606800,4.48E-05
1606900,2.37E-05
1607001,2.87E-05
1607002,1.98E-06
1607100,1.93E-05
1607200,2.53E-05
1607300,1.53E-05
1607400,1.53E-05
1607501,1.09E-05
1607502,4.45E-06
1607600,0.000166547
1607700,9.38E-06
1607800,1.58E-05
1607900,1.58E-05
1608000,5.45E-06
1608100,5.94E-06
1608200,5.94E-06
1608300,1.04E-05
1608400,9.87E-06
1608500,8.40E-06
1608600,1.04E-05
1608700,5.49E-05
1608800,7.42E-06
1608900,2.27E-05
1609000,1.63E-05
1609100,1.74E-05
1609200,2.37E-05
1609300,9.38E-06
1609400,1.58E-05
1609500,1.34E-05
1609600,1.19E-05
1609700,8.40E-06
1609800,8.89E-06
1609900,5.45E-06
1610000,3.47E-06
1610100,3.96E-06
1610200,7.42E-06
1610300,1.04E-05
1610400,7.42E-06
1610500,6.93E-06
1610600,3.96E-06
1610700,6.43E-06
1610800,1.48E-05
1610900,1.79E-05
1611000,6.93E-06
1611100,1.09E-05
1611200,1.29E-05
1611300,3.47E-06
1611400,1.63E-05
1611500,2.87E-05
1611600,2.32E-05
1611700,1.24E-05
1611800,1.48E-05
1611900,2.48E-06
1612000,8.89E-06
1612100,1.79E-05
1612200,2.03E-05
1612300,1.58E-05
1612400,9.87E-06
1612500,1.29E-05
1612600,1.19E-05
1612700,2.13E-05
1612800,1.98E-05
1612900,3.96E-06
1613000,4.95E-07
1613100,4.95E-07
1613200,0.000137108
1613300,1.83E-05
1613400,1.83E-05
1613500,1.24E-05
1613600,9.87E-06
1613700,2.72E-05
1613800,9.87E-06
1613900,1.24E-05
1614000,1.48E-05
1614100,1.34E-05
1614200,2.18E-05
1614300,1.58E-05
1614400,1.29E-05
1614500,2.87E-05
1614600,1.04E-05
1614700,1.24E-05
1614800,8.89E-06
1614900,1.48E-05
1615000,2.62E-05
1615100,1.04E-05
1615200,6.25E-05
1615300,1.09E-05
1615400,2.82E-05
1615500,1.68E-05
1615600,1.79E-05
1615700,9.87E-06
1615800,2.44E-05
1615900,1.48E-06
1616000,0
1616101,1.48E-06
1616102,2.13E-05
1616200,2.37E-05
1616300,9.87E-06
1616400,7.42E-06
1616502,5.47E-05
1616503,1.58E-05
1616504,2.43E-05
1616600,2.97E-06
1616700,0.000257967
1616800,3.47E-06
1616900,9.38E-06
1617000,7.42E-06
1617100,1.04E-05
1617200,1.14E-05
1617300,7.91E-06
1617400,1.14E-05
1617500,5.45E-06
1617600,3.47E-06
1617700,7.91E-06
1617801,5.45E-06
1617802,1.29E-05
1617900,0
1618000,3.96E-06
1618100,4.95E-06
1618200,1.19E-05
1618300,1.09E-05
1618400,2.48E-06
1618500,5.45E-06
1618600,5.45E-06
1618701,1.39E-05
1618702,2.03E-05
1618800,8.40E-06
1618902,3.47E-06
1618903,3.58E-05
1618904,2.97E-06
1619000,6.93E-06
1619101,9.87E-06
1619102,6.93E-06
1619201,6.43E-06
1619202,1.98E-06
1619300,1.04E-05
1619400,1.14E-05
1619500,1.09E-05
1619600,4.95E-06
1619700,1.68E-05
1619800,3.23E-05
1619900,1.19E-05
1620000,1.04E-05
1620100,7.91E-06
1620200,7.42E-06
1620300,3.47E-06
1620401,4.01E-05
1620402,2.48E-06
1620501,4.95E-07
1620502,3.47E-06
1620601,4.95E-06
1620602,0
1620603,9.87E-07
1620700,1.48E-05
1620800,8.40E-06
1620900,3.96E-06
1621000,1.24E-05
1621100,3.47E-06
1621200,9.87E-06
1621300,9.87E-07
1621400,1.39E-05
1621500,9.38E-06
1621600,1.04E-05
1621700,6.43E-06
1621800,3.23E-05
1621900,9.87E-06
1622000,2.48E-06
1622100,4.95E-07
1622201,4.95E-06
1622202,2.97E-06
1622300,2.74E-05
1622400,3.34E-05
1622501,2.97E-06
1622502,2.97E-06
1622600,7.42E-06
1622700,1.68E-05
1622800,3.96E-06
1622900,5.45E-06
1623000,2.97E-06
1623100,5.45E-06
1623200,2.48E-06
1623300,0.000166052
1623401,0
1623403,2.48E-06
1623404,0
1623500,3.96E-06
1623600,7.91E-06
1623701,1.48E-06
1623702,8.35E-05
1623800,1.48E-06
1623900,4.45E-06
1624001,0
1624002,5.45E-06
1624100,2.48E-06
1624200,5.45E-06
1624300,0.000167536
1624401,4.95E-07
1624402,9.87E-07
1624501,2.48E-06
1624502,3.96E-06
1624600,4.95E-07
1624700,0.000169517
1624800,1.04E-05
1624900,4.95E-06
1625000,5.94E-06
1625100,9.38E-06
1625200,4.45E-06
1625300,9.87E-06
1625400,4.45E-06
1625500,6.93E-06
1625600,6.93E-06
1625700,4.95E-06
1625800,6.43E-06
1625900,4.95E-06
1626000,9.87E-06
1626100,9.64E-05
1626200,1.14E-05
1626300,1.04E-05
1626400,1.98E-06
1626500,2.48E-06
1626600,5.45E-06
1626700,2.75E-05
1626801,1.48E-06
1626802,7.42E-06
1626900,8.89E-06
1627000,9.38E-06
1627100,0
1627201,1.04E-05
1627202,1.98E-06
1627300,1.48E-06
1627400,8.40E-06
1627500,3.96E-06
1627601,2.97E-06
1627602,7.91E-06
1627700,1.24E-05
1627800,4.45E-06
1627900,3.96E-06
1628000,4.95E-06
1628100,9.87E-07
1628200,6.43E-06
1628300,9.38E-06
1628400,3.47E-06
1628500,1.09E-05
1628600,9.38E-06
1628700,7.91E-06
1628800,7.42E-06
1628900,8.60E-05
1629000,2.48E-06
1629100,5.45E-06
1629200,6.93E-06
1629300,3.44E-05
1629401,4.95E-06
1629402,1.48E-06
1629500,8.40E-06
1629600,4.45E-06
1629701,7.42E-06
1629702,9.87E-07
1629801,8.89E-06
1629802,4.95E-07
1629900,4.95E-06
1630000,3.47E-06
1630100,6.93E-06
1630200,4.45E-06
1630300,1.68E-05
1630400,0
1630500,4.95E-07
1630600,3.96E-06
1630700,4.95E-06
1630800,1.04E-05
1630900,1.98E-06
1631000,4.45E-06
1631100,6.43E-06
1631200,9.87E-06
1631300,6.93E-06
1631400,2.48E-06
1631500,1.04E-05
1631600,6.43E-06
1631700,1.98E-06
1631800,3.47E-06
1631900,4.95E-06
1632000,6.93E-06
1632100,3.28E-05
1632200,1.09E-05
1632300,1.14E-05
1632400,4.95E-06
1632500,4.95E-06
1632600,4.95E-06
1632701,1.68E-05
1632702,1.63E-05
1632800,1.39E-05
1632900,1.04E-05
1633000,1.14E-05
1633100,2.08E-05
1633200,1.39E-05
1633300,8.40E-06
1633400,1.09E-05
1633500,1.98E-06
1633600,2.78E-05
1633700,8.89E-06
1633800,1.44E-05
1633900,6.93E-06
1634000,0
1634101,2.58E-05
1634102,4.95E-07
1634200,2.23E-05
1634300,1.98E-05
1634400,4.45E-06
1634500,1.48E-05
1634600,1.63E-05
1634700,7.42E-06
1634800,2.97E-06
1634900,4.95E-07
1635000,0.00013414
1635100,3.96E-06
1635200,2.97E-06
1635300,4.95E-07
1635400,2.32E-05
1635500,2.48E-06
1635600,8.40E-06
1635700,1.48E-06
1635800,4.95E-07
1635901,3.00E-05
1635902,1.98E-06
1635903,3.47E-06
1636000,9.38E-06
1636102,2.48E-06
1636103,6.93E-06
1636104,1.29E-05
1636201,6.43E-06
1636203,3.96E-06
1636204,0
1636302,9.87E-07
1636303,7.91E-06
1636304,9.87E-06
1636400,9.38E-06
1636500,1.88E-05
1636600,0.000138592
1636700,1.14E-05
1636801,1.98E-05
1636802,4.95E-07
1636900,1.44E-05
1637000,1.24E-05
1637100,6.93E-06
1637200,6.43E-06
1637300,7.91E-06
1637400,3.47E-06
1637500,1.34E-05
1637600,1.24E-05
1637700,9.14E-05
1637800,9.38E-06
1637900,7.77E-05
1638000,7.42E-06
1638100,6.43E-06
1638200,4.01E-05
1638301,9.87E-07
1638302,8.40E-06
1638400,8.89E-06
1638500,9.38E-06
1638600,5.45E-06
1638700,7.91E-06
1638800,8.89E-06
1638900,1.09E-05
1639000,9.87E-06
1639100,2.97E-06
1639200,7.42E-06
1639300,9.87E-06
1639400,5.45E-06
1639500,6.93E-06
1639600,4.95E-06
1639700,1.34E-05
1639800,1.14E-05
1639900,1.09E-05
1640000,1.19E-05
1640100,7.42E-06
1640201,9.87E-07
1640202,4.95E-06
1640300,0
1640400,1.19E-05
1640500,1.63E-05
1640600,1.24E-05
1640700,1.29E-05
1640800,5.94E-06
1640900,3.32E-05
1641000,3.91E-05
1641100,2.43E-05
1641200,4.17E-05
1641300,1.29E-05
1641400,7.42E-06
1641500,1.44E-05
1641600,3.53E-05
1641700,2.48E-05
1641801,1.09E-05
1641802,0.000528643
1641900,1.04E-05
1642000,2.13E-05
1642100,1.53E-05
1642200,1.58E-05
1642300,2.77E-05
1642400,9.38E-06
1642500,1.14E-05
1642600,2.13E-05
1642700,6.93E-06
1642800,1.19E-05
1642900,1.14E-05
1643000,2.37E-05
1643100,2.87E-05
1643200,1.53E-05
1643300,2.32E-05
1643400,8.89E-06
1643500,1.58E-05
1643600,1.83E-05
1643700,4.95E-07
1643800,2.97E-06
1643900,2.48E-06
1644000,2.13E-05
1644100,7.42E-06
1644200,9.87E-06
1644300,1.39E-05
1644400,2.87E-05
1644500,1.79E-05
1644600,1.98E-05
1644700,4.12E-05
1644800,3.42E-05
1644900,9.38E-06
1645000,1.39E-05
1645100,1.34E-05
1645200,1.24E-05
1645300,1.44E-05
1645400,8.40E-06
1645500,1.98E-05
1645600,1.44E-05
1645700,9.87E-07
1645800,8.40E-06
1645900,1.48E-05
1646000,9.38E-06
1646100,4.95E-07
1646200,4.95E-07
1646300,7.91E-06
1646400,1.63E-05
1646500,1.63E-05
1646600,2.03E-05
1646700,5.94E-06
1646800,1.19E-05
1646900,1.24E-05
1647000,1.98E-05
1647101,0
1647102,0
1647200,1.79E-05
1647300,1.53E-05
1647400,1.88E-05
1647500,8.89E-06
1647600,8.89E-06
1647700,8.40E-06
1647800,2.48E-06
1647900,9.87E-07
1648000,1.98E-06
1648100,0.000136121
1648200,6.93E-06
1648300,2.13E-05
1648400,1.29E-05
1648500,1.98E-05
1648600,2.67E-05
1648700,5.45E-06
1648800,1.53E-05
1648900,2.37E-05
1649000,2.43E-05
1649100,1.79E-05
1649200,1.63E-05
1649300,5.45E-06
1649400,5.45E-06
1649500,8.89E-06
1649600,1.48E-06
1649700,1.09E-05
1649800,5.94E-06
1649900,3.02E-05
1650000,1.34E-05
1650101,1.58E-05
1650102,4.34E-05
1650200,8.89E-06
1650301,2.97E-06
1650302,5.45E-06
1650400,1.63E-05
1650500,1.58E-05
1650600,7.42E-06
1650700,0
1650801,2.97E-06
1650803,4.95E-06
1650804,4.95E-07
1650900,6.93E-06
1651001,8.89E-06
1651002,4.95E-07
1651003,1.98E-06
1651100,1.44E-05
1651200,1.04E-05
1651300,3.96E-06
1651400,4.95E-06
1651500,3.96E-06
1651600,2.48E-06
1651700,3.96E-06
1651800,5.45E-06
1651900,6.93E-06
1652000,1.48E-06
1652100,5.94E-06
1652200,1.53E-05
1652300,6.93E-06
1652400,9.87E-06
1652500,1.34E-05
1652600,2.37E-05
1652700,4.52E-05
1652800,1.04E-05
1652901,5.45E-06
1652902,1.14E-05
1653000,2.67E-05
1653100,0.000145529
1653200,2.67E-05
1653300,7.91E-06
1653400,3.61E-05
1653500,3.61E-05
1653601,4.95E-06
1653602,9.38E-06
1653701,1.48E-06
1653702,4.45E-06
1653803,0
1653804,4.06E-05
1653806,4.95E-05
1653807,9.87E-06
1653808,2.97E-06
1653901,7.42E-06
1653902,2.03E-05
1654000,5.94E-06
1654101,1.48E-06
1654102,1.63E-05
1654200,3.59E-05
1654300,4.45E-06
1654400,1.83E-05
1654500,4.45E-06
1654600,2.97E-06
1654700,6.43E-06
1654800,6.93E-06
1654900,9.87E-07
1655000,2.97E-06
1655100,1.98E-06
1655200,1.09E-05
1655300,1.98E-06
1655400,1.48E-06
1655500,2.97E-06
1655600,3.96E-06
1655700,3.13E-05
1655800,1.53E-05
1655900,2.97E-06
1656000,9.87E-07
1656100,9.38E-06
1656200,1.04E-05
1656300,2.37E-05
1656400,1.98E-06
1656500,2.08E-05
1656600,1.48E-06
1656700,1.98E-05
1656800,5.45E-06
1656900,0.000137605
1657000,1.48E-05
1657100,2.58E-05
1657200,2.23E-05
1657300,1.63E-05
1657400,8.89E-06
1657500,9.87E-06
1657600,1.44E-05
1657700,3.39E-05
1657800,2.97E-06
1657901,4.95E-06
1657902,1.98E-06
1658000,7.42E-06
1658100,3.96E-06
1658200,1.53E-05
1658300,1.48E-05
1658400,7.91E-06
1658500,6.93E-06
1658601,9.87E-07
1658602,4.95E-06
1658700,2.48E-06
1658800,5.94E-06
1658900,6.93E-06
1659000,1.04E-05
1659100,6.43E-06
1659200,5.45E-06
1659300,9.38E-06
1659400,1.09E-05
1659500,7.91E-06
1659600,6.93E-06
1659700,9.87E-06
1659801,2.48E-06
1659802,9.87E-07
1659901,4.95E-07
1659902,2.48E-06
1660000,9.87E-07
1660100,8.89E-06
1660200,4.95E-07
1660300,9.87E-07
1660400,4.45E-06
1660500,1.48E-06
1660600,2.13E-05
1660700,6.43E-06
1660800,7.42E-06
1660900,1.04E-05
1661000,4.36E-05
1661100,4.95E-06
1661200,1.39E-05
1661300,1.09E-05
1661400,2.48E-06
1661500,4.95E-07
1661600,5.45E-06
1661700,1.98E-06
1661800,1.14E-05
1661900,3.47E-06
1662000,4.45E-06
1662100,3.47E-06
1662200,3.00E-05
1662300,9.87E-06
1662400,5.45E-06
1662500,5.45E-06
1662600,4.95E-06
1662700,4.95E-06
1662800,6.93E-06
1662900,7.91E-06
1663000,6.93E-06
1663100,4.95E-06
1663200,7.42E-06
1663300,2.74E-05
1663400,1.24E-05
1663500,1.34E-05
1663600,1.63E-05
1663700,8.40E-06
1663800,6.43E-06
1663900,1.24E-05
1664000,1.34E-05
1664100,1.09E-05
1664200,1.63E-05
1664300,0.000138592
1664400,3.97E-05
1664500,0.000336065
1664600,1.04E-05
1664700,8.40E-06
1664800,6.43E-06
1664900,2.97E-06
1665000,1.48E-06
1665100,4.45E-06
1665200,1.48E-06
1665300,0.000134637
1665400,1.48E-06
1665500,1.58E-05
1665600,1.09E-05
1665700,8.89E-06
1665800,7.42E-06
1665900,6.43E-06
1666000,1.14E-05
1666100,1.98E-06
1666200,4.45E-06
1666300,1.29E-05
1666400,4.95E-06
1666500,1.98E-06
1666600,3.96E-06
1666700,1.98E-06
1666800,6.93E-06
1666900,5.45E-06
1667000,4.45E-06
1667100,0
1667200,9.87E-07
1667300,4.45E-06
1667400,4.95E-06
1667500,9.87E-07
1667600,0
1667700,7.42E-06
1667800,4.95E-06
1667900,4.45E-06
1668000,2.97E-06
1668100,7.42E-06
1668200,0
1668300,4.45E-06
1668400,1.98E-06
1668500,9.87E-07
1668600,3.54E-05
1668700,1.48E-06
1668800,9.87E-06
1668900,2.97E-06
1669000,4.95E-07
1669100,4.95E-07
1669200,4.95E-06
1669300,4.95E-07
1669400,5.94E-06
1669500,4.95E-07
1669601,6.43E-06
1669602,0
1669700,1.98E-06
1669800,6.43E-06
1669900,1.48E-06
1670000,9.87E-07
1670100,4.95E-07
1670200,3.96E-06
1670300,2.97E-06
1670400,2.48E-06
1670500,3.96E-06
1670600,0
1670700,1.48E-06
1670801,0
1670802,0
1670900,2.48E-06
1671000,1.98E-06
1671101,0
1671102,0
1671103,0
1671200,3.47E-06
1671300,2.48E-06
1671400,0
1671500,0.000254026
1671600,1.98E-06
1671701,4.95E-06
1671702,8.30E-05
1671800,4.95E-06
1671900,5.45E-06
1672000,3.47E-06
1672100,3.28E-05
1672200,6.43E-06
1672301,0
1672302,9.87E-07
1672400,3.96E-06
1672500,4.45E-06
1672600,5.94E-06
1672701,8.55E-05
1672702,0.000166052
1672801,5.45E-06
1672802,8.30E-05
1672900,3.77E-05
1673000,7.91E-06
1673100,0
1673200,9.87E-07
1673301,8.80E-05
1673302,2.55E-05
1673400,0
1673500,2.97E-06
1673600,7.42E-06
1673700,8.40E-06
1673801,4.45E-06
1673802,0
1673900,8.89E-06
1674000,5.94E-06
1674100,3.59E-05
1674201,3.47E-06
1674202,4.45E-06
1674301,5.94E-06
1674302,2.48E-06
1674400,9.87E-07
1674500,0
1674600,6.93E-06
1674700,3.47E-06
1674800,3.47E-06
1674900,3.53E-05
1675000,6.99E-05
1675100,1.83E-05
1675200,3.96E-06
1675300,1.98E-05
1675400,3.02E-05
1675500,1.53E-05
1675600,1.83E-05
1675700,1.39E-05
1675800,1.14E-05
1675900,9.38E-06
1676000,2.74E-05
1676100,4.45E-06
1676200,0.000206783
1676300,4.93E-05
1676401,9.38E-06
1676402,2.97E-06
1676403,2.83E-05
1676404,4.45E-06
1676501,3.23E-05
1676502,1.04E-05
1676600,3.47E-06
1676700,0.000530673
1676800,8.40E-05
1676900,1.98E-06
1677000,8.40E-06
1677101,4.95E-06
1677102,1.19E-05
1677200,4.22E-05
1677300,5.92E-05
1677400,1.98E-06
1677500,4.17E-05
1677600,3.47E-06
1677700,3.47E-06
1677800,2.97E-06
1677900,2.97E-06
1678000,5.94E-06
1678100,3.03E-05
1678200,3.96E-06
1678300,0.000249077
1678400,2.97E-06
1678501,1.98E-06
1678502,4.95E-07
1678600,8.45E-05
1678700,3.18E-05
1678800,1.48E-05
1678900,7.91E-06
1679000,1.58E-05
1679100,8.40E-06
1679200,8.40E-06
1679300,9.87E-06
1679400,1.88E-05
1679500,1.04E-05
1679601,1.19E-05
1679602,1.48E-06
1679700,1.14E-05
1679800,1.09E-05
1679901,2.48E-06
1679902,4.95E-07
1679903,5.94E-06
1680001,2.48E-06
1680002,4.45E-06
1680003,1.48E-06
1680101,5.94E-06
1680102,9.87E-06
1680103,9.87E-07
1680200,7.91E-06
1680300,1.24E-05
1680400,2.18E-05
1680501,1.19E-05
1680502,1.14E-05
1680503,1.74E-05
1680600,8.40E-06
1680701,7.91E-06
1680702,1.98E-06
1680801,5.94E-06
1680802,4.95E-06
1680900,4.12E-05
1681000,9.87E-06
1681100,3.96E-06
1681200,0.000528558
1681300,4.80E-05
1681400,1.04E-05
1681500,7.91E-06
1681600,1.19E-05
1681701,7.42E-06
1681702,4.43E-05
1681801,6.93E-06
1681802,7.42E-06
1681803,5.94E-06
1681804,6.43E-06
1681805,2.97E-06
1681806,8.89E-06
1681807,3.47E-06
1681900,9.38E-06
1682000,3.51E-05
1682102,3.96E-06
1682104,9.87E-07
1682106,2.32E-05
1682107,1.98E-06
1682109,5.37E-05
1682110,3.96E-06
1682111,2.97E-06
1682112,2.48E-06
1682113,0
1682114,3.96E-06
1682115,3.66E-05
1682116,1.34E-05
1682202,3.71E-05
1682203,0.000123309
1682205,6.43E-06
1682206,0
1682207,2.97E-06
1682208,3.47E-06
1682300,1.48E-06
1682400,3.96E-06
1682501,7.42E-06
1682502,1.24E-05
1682600,2.32E-05
1682701,1.63E-05
1682702,2.62E-05
1682800,2.08E-05
1682901,6.43E-06
1682902,5.45E-06
1683000,2.03E-05
1683100,3.17E-05
1683200,6.43E-06
1683300,1.98E-06
1683400,2.48E-06
1683500,2.74E-05
1683600,3.47E-06
1683700,9.38E-06
1683800,8.40E-06
1683900,4.45E-06
1684000,1.98E-06
1684100,9.87E-07
1684200,1.48E-06
1684300,3.96E-06
1684400,9.87E-07
1684500,3.24E-05
1684600,3.47E-06
1684700,7.91E-06
1684801,4.45E-06
1684802,3.43E-05
1684900,1.74E-05
1685000,1.04E-05
1685100,1.98E-05
1685202,1.48E-06
1685203,4.95E-06
1685204,3.96E-06
1685301,4.95E-07
1685302,2.97E-06
1685303,1.48E-06
1685400,1.39E-05
1685500,2.97E-06
1685600,4.45E-06
1685700,8.40E-06
1685800,2.03E-05
1685901,1.44E-05
1685903,1.98E-06
1685904,9.87E-07
1686000,4.95E-07
1686100,6.83E-05
1686200,5.45E-06
1686300,2.18E-05
1686400,2.97E-06
1686500,1.24E-05
1686600,9.87E-06
1686700,5.94E-06
1686800,7.91E-06
1686900,9.87E-06
1687000,4.45E-06
1687100,3.47E-06
1687202,4.95E-07
1687205,2.48E-05
1687206,5.45E-06
1687207,1.19E-05
1687208,0
1687301,4.95E-07
1687302,3.47E-06
1687303,5.94E-06
1687304,2.97E-06
1687400,7.63E-05
1687500,1.83E-05
1687601,1.98E-06
1687602,5.45E-06
1687700,1.14E-05
1687800,4.45E-06
1687900,1.04E-05
1688000,1.48E-06
1688100,2.48E-06
1688200,9.09E-05
1688301,5.94E-06
1688302,2.48E-06
1688400,2.43E-05
1688500,1.19E-05
1688600,1.19E-05
1688700,5.45E-06
1688800,1.58E-05
1688900,1.04E-05
1689000,1.29E-05
1689100,1.09E-05
1689200,1.29E-05
1689300,2.27E-05
1689400,1.79E-05
1689501,4.45E-06
1689502,1.19E-05
1689503,8.89E-06
1689504,5.45E-06
1689600,2.08E-05
1689700,1.48E-05
1689800,1.98E-06
1689900,1.68E-05
1690000,1.19E-05
1690100,1.34E-05
1690201,5.94E-06
1690202,2.97E-06
1690300,6.43E-06
1690400,1.44E-05
1690500,9.38E-06
1690600,3.96E-06
1690700,7.42E-06
1690800,2.08E-05
1690900,1.09E-05
1691000,1.19E-05
1691100,1.44E-05
1691200,2.32E-05
1691300,3.82E-05
1691401,2.13E-05
1691402,3.51E-05
1691500,6.43E-06
1691600,7.91E-06
1691700,1.79E-05
1691800,1.53E-05
1691900,1.44E-05
1692000,3.73E-05
1692100,1.53E-05
1692200,1.19E-05
1692300,3.82E-05
1692400,2.43E-05
1692500,3.82E-05
1692600,1.83E-05
1692700,1.09E-05
1692800,1.93E-05
1692900,1.79E-05
1693000,1.44E-05
1693100,1.29E-05
1693200,8.40E-06
1693300,1.34E-05
1693400,1.53E-05
1693500,1.19E-05
1693600,1.14E-05
1693700,1.63E-05
1693800,1.53E-05
1693900,1.68E-05
1694001,8.40E-06
1694002,9.87E-06
1694003,1.09E-05
1694100,1.04E-05
1694200,1.44E-05
1694300,1.74E-05
1694400,1.53E-05
1694500,3.47E-06
1694600,3.47E-06
1694700,1.34E-05
1694800,1.63E-05
1694900,1.53E-05
1695000,3.82E-05
1695100,1.29E-05
1695200,9.38E-06
1695300,3.82E-05
1695401,1.39E-05
1695402,1.48E-06
1695500,1.04E-05
1695600,1.98E-05
1695700,1.58E-05
1695800,1.34E-05
1695900,2.23E-05
1696000,1.74E-05
1696100,2.32E-05
1696200,1.39E-05
1696300,1.48E-05
1696400,1.09E-05
1696500,2.48E-05
1696600,2.27E-05
1696700,1.79E-05
1696800,9.38E-06
1696900,4.95E-07
1697000,0
1697100,0
1697200,0
1697300,9.87E-07
1697400,4.95E-07
1697500,9.87E-07
1697600,0
1697700,0
1697800,0.000132653
1697900,0.000158025
1698000,0
1698100,0.000133643
1698200,0.000136121
1698300,0
1698400,0
1698500,1.98E-06
1698600,1.48E-06
1698700,2.48E-06
1698800,4.95E-07
1698900,9.87E-07
1699000,2.88E-05
1699100,0
1699200,1.48E-06
1699300,4.95E-07
1699400,1.48E-06
1699500,6.43E-06
1699600,2.97E-06
1699700,1.14E-05
1699800,1.09E-05
1699900,1.19E-05
1700000,7.42E-06
1700100,1.24E-05
1700200,7.42E-06
1700300,1.98E-06
1700400,0
1700500,9.38E-06
1700600,1.44E-05
1700700,1.39E-05
1700800,1.39E-05
1700900,1.09E-05
1701000,9.87E-06
1701100,7.91E-06
1701200,1.04E-05
1701300,1.04E-05
1701400,1.88E-05
1701500,8.40E-06
1701600,6.93E-06
1701700,2.64E-05
1701800,1.29E-05
1701900,1.29E-05
1702000,4.95E-07
1702100,1.53E-05
1702200,1.48E-05
1702300,3.96E-06
1702400,3.96E-06
1702500,4.95E-07
1702600,0
1702700,2.97E-06
1702800,9.87E-07
1702900,7.91E-06
1703000,1.48E-05
1703100,1.39E-05
1703200,7.42E-06
1703300,1.34E-05
1703400,7.91E-06
1703500,1.58E-05
1703600,3.47E-06
1703700,1.19E-05
1703800,9.87E-06
1703900,9.87E-06
1704000,1.39E-05
1704100,1.53E-05
1704200,1.04E-05
1704300,1.74E-05
1704400,1.29E-05
1704500,9.38E-06
1704600,3.47E-06
1704700,1.44E-05
1704800,8.89E-06
1704900,1.53E-05
1705000,1.04E-05
1705100,1.09E-05
1705200,6.43E-06
1705300,9.87E-07
1705400,1.24E-05
1705500,1.04E-05
1705600,1.19E-05
1705700,1.09E-05
1705801,1.39E-05
1705802,1.24E-05
1705803,4.71E-05
1705900,1.39E-05
1706000,1.48E-05
1706100,1.88E-05
1706200,3.37E-05
1706300,1.48E-05
1706400,3.96E-06
1706500,2.08E-05
1706600,1.24E-05
1706700,9.38E-06
1706800,2.37E-05
1706900,1.04E-05
1707000,3.12E-05
1707100,3.17E-05
1707200,1.14E-05
1707300,2.58E-05
1707400,1.48E-06
1707500,0
1707600,4.95E-07
1707701,5.94E-06
1707702,1.74E-05
1707800,2.32E-05
1707900,1.83E-05
1708000,6.43E-06
1708100,0.000144059
1708200,9.87E-07
1708300,2.32E-05
1708400,1.68E-05
1708500,1.53E-05
1708600,3.43E-05
1708700,1.34E-05
1708800,6.43E-06
1708900,6.93E-06
1709000,2.43E-05
1709100,1.39E-05
1709200,2.13E-05
1709300,1.63E-05
1709400,0
1709500,2.62E-05
1709600,1.34E-05
1709700,1.68E-05
1709800,1.63E-05
1709900,1.63E-05
1710000,3.47E-06
1710100,1.79E-05
1710200,2.03E-05
1710300,2.13E-05
1710400,1.29E-05
1710500,1.58E-05
1710600,2.18E-05
1710700,2.08E-05
1710800,2.32E-05
1710901,2.58E-05
1710902,2.18E-05
1711000,2.43E-05
1711100,1.68E-05
1711200,9.38E-06
1711300,7.91E-06
1711400,2.49E-05
1711500,2.87E-05
1711600,1.14E-05
1711700,9.38E-06
1711800,2.08E-05
1711900,2.44E-05
1712000,7.42E-06
1712100,1.98E-05
1712200,1.39E-05
1712300,9.38E-06
1712400,1.04E-05
1712500,0.000512178
1712600,1.04E-05
1712700,1.83E-05
1712800,1.04E-05
1712900,1.68E-05
1713000,1.58E-05
1713100,1.14E-05
1713200,2.03E-05
1713300,1.63E-05
1713400,1.29E-05
1713500,1.24E-05
1713600,4.95E-07
1713700,1.88E-05
1713800,2.43E-05
1713900,1.04E-05
1714000,1.34E-05
1714100,5.45E-06
1714200,1.83E-05
1714300,0.000145529
1714400,8.40E-06
1714500,2.48E-06
1714600,1.19E-05
1714700,4.95E-07
1714800,9.87E-07
1714900,1.24E-05
1715000,2.23E-05
1715100,2.37E-05
1715200,1.74E-05
1715300,2.97E-06
1715400,1.88E-05
1715500,2.18E-05
1715600,6.43E-06
1715700,8.89E-06
1715800,1.79E-05
1715900,1.74E-05
1716000,1.83E-05
1716100,8.89E-06
1716201,1.44E-05
1716202,1.48E-05
1716300,1.79E-05
1716400,1.34E-05
1716500,4.95E-07
1716601,3.96E-06
1716602,9.87E-07
1716700,2.43E-05
1716800,1.29E-05
1716900,9.87E-06
1717000,1.04E-05
1717100,8.89E-06
1717200,1.48E-05
1717300,1.93E-05
1717400,2.32E-05
1717500,2.08E-05
1717600,8.89E-06
1717700,1.74E-05
1717800,1.24E-05
1717900,8.40E-06
1718000,1.83E-05
1718100,1.24E-05
1718200,1.88E-05
1718300,1.53E-05
1718400,1.14E-05
1718500,1.79E-05
1718600,0.000161349
1718700,1.58E-05
1718800,1.98E-05
1718901,7.91E-06
1718902,2.48E-06
1718903,8.89E-06
1719000,5.94E-06
1719100,1.88E-05
1719200,3.02E-05
1719300,2.43E-05
1719400,1.83E-05
1719500,1.88E-05
1719600,1.93E-05
1719700,1.68E-05
1719800,1.68E-05
1719900,1.04E-05
1720000,2.67E-05
1720100,2.37E-05
1720200,1.98E-05
1720300,2.82E-05
1720400,3.91E-05
1720500,4.16E-05
1720601,4.35E-05
1720603,2.67E-05
1720604,1.34E-05
1720605,1.39E-05
1720700,4.21E-05
1720802,3.56E-05
1720803,3.47E-06
1720804,2.37E-05
1720805,5.94E-06
1720901,3.82E-05
1720902,3.51E-05
1721000,1.19E-05
1721100,1.98E-05
1721200,1.83E-05
1721301,4.95E-07
1721302,0
1721400,1.29E-05
1721500,2.13E-05
1721600,1.39E-05
1721701,9.87E-06
1721702,9.38E-06
1721801,1.48E-06
1721802,9.38E-06
1721900,3.96E-06
1722000,1.98E-06
1722100,1.39E-05
1722200,1.09E-05
1722300,1.83E-05
1722400,7.42E-06
1722500,1.74E-05
1722600,2.48E-06
1722700,1.48E-05
1722800,1.63E-05
1722900,1.29E-05
1723000,1.93E-05
1723100,1.14E-05
1723200,1.63E-05
1723300,1.79E-05
1723400,1.14E-05
1723500,4.92E-05
1723600,1.74E-05
1723700,1.53E-05
1723800,2.72E-05
1723900,4.96E-05
1724000,1.79E-05
1724100,1.44E-05
1724200,9.87E-06
1724300,1.63E-05
1724400,1.34E-05
1724500,2.37E-05
1724600,2.92E-05
1724700,1.93E-05
1724800,1.79E-05
1724900,8.89E-06
1725000,2.72E-05
1725100,2.62E-05
1725200,1.74E-05
1725300,1.19E-05
1725400,1.39E-05
1725500,1.14E-05
1725600,2.72E-05
1725700,2.92E-05
1725800,2.27E-05
1725900,2.53E-05
1726000,2.23E-05
1726100,9.38E-06
1726200,8.89E-06
1726300,3.68E-05
1726400,2.18E-05
1726500,4.95E-06
1726600,2.23E-05
1726700,8.40E-06
1726800,1.98E-06
1726901,0
1726902,1.88E-05
1726903,9.38E-06
1727000,1.09E-05
1727100,2.48E-06
1727200,0
1727300,0
1727400,6.93E-06
1727500,0
1727601,0
1727604,0
1727605,0
1727606,0
1727607,0
1727700,7.42E-06
1727800,1.04E-05
1727901,1.48E-06
1727902,1.48E-06
1727903,0
1728000,1.39E-05
1728100,2.97E-06
1728201,9.38E-06
1728202,1.98E-06
1728301,7.91E-06
1728302,0
1728400,9.87E-07
1728500,1.98E-05
1728600,1.74E-05
1728700,5.45E-06
1728800,0.000142029
1728900,6.43E-06
1729000,0.000143079
1729100,9.38E-06
1729200,8.40E-06
1729300,4.45E-06
1729400,1.98E-06
1729500,2.69E-05
1729600,8.40E-06
1729700,1.48E-06
1729800,9.87E-07
1729900,3.76E-05
1730000,5.94E-06
1730100,4.45E-06
1730200,1.98E-06
1730300,1.19E-05
1730400,5.94E-06
1730500,4.21E-05
1730600,3.96E-06
1730701,7.42E-06
1730702,1.48E-06
1730800,1.93E-05
1730900,3.18E-05
1731001,2.97E-05
1731002,1.98E-06
1731101,4.95E-07
1731102,4.95E-07
1731200,2.48E-06
1731300,0
1731400,4.95E-07
1731501,1.98E-06
1731502,2.48E-06
1731600,1.24E-05
1731700,9.87E-07
1731800,6.93E-06
1731900,1.39E-05
1732000,1.48E-05
1732100,9.87E-07
1732200,4.04E-05
1732300,1.48E-05
1732400,4.95E-06
1732500,5.45E-06
1732601,1.48E-06
1732602,1.48E-06
1732603,1.34E-05
1732700,5.45E-06
1732800,1.48E-06
1732900,2.97E-06
1733000,1.44E-05
1733100,5.94E-06
1733200,5.94E-06
1733300,8.89E-06
1733400,1.44E-05
1733500,1.68E-05
1733600,7.91E-06
1733700,1.29E-05
1733800,3.96E-06
1733900,7.42E-06
1734000,1.48E-06
1734100,9.87E-06
1734200,1.44E-05
1734300,8.89E-06
1734400,1.93E-05
1734500,7.91E-06
1734600,1.39E-05
1734701,7.42E-06
1734702,1.79E-05
1734800,3.77E-05
1734901,1.88E-05
1734902,7.42E-06
1735001,2.43E-05
1735002,7.42E-06
1735100,4.11E-05
1735200,1.24E-05
1735300,1.34E-05
1735400,1.04E-05
1735500,1.83E-05
1735600,5.94E-06
1735700,3.96E-06
1735800,1.14E-05
1735900,1.63E-05
1736000,1.98E-06
1736100,9.87E-07
1736200,1.63E-05
1736300,2.18E-05
1736400,1.79E-05
1736500,7.42E-06
1736600,0.000132653
1736700,1.14E-05
1736800,2.48E-06
1736900,1.39E-05
1737000,6.43E-06
1737100,9.38E-06
1737200,1.14E-05
1737300,1.04E-05
1737400,1.39E-05
1737500,1.79E-05
1737600,1.68E-05
1737700,1.93E-05
1737800,1.93E-05
1737900,1.19E-05
1738000,1.19E-05
1738100,1.09E-05
1738200,1.83E-05
1738300,4.31E-05
1738400,1.44E-05
1738500,9.38E-06
1738600,1.48E-05
1738700,5.45E-06
1738800,1.24E-05
1738900,1.19E-05
1739000,8.89E-06
1739100,1.04E-05
1739200,1.09E-05
1739300,1.98E-05
1739400,1.14E-05
1739500,9.38E-06
1739600,1.48E-05
1739700,1.74E-05
1739800,2.48E-06
1739900,1.53E-05
1740000,7.91E-06
1740100,5.45E-06
1740200,9.87E-07
1740300,4.95E-07
1740400,4.95E-07
1740500,7.42E-06
1740600,2.48E-06
1740700,1.48E-05
1740800,4.25E-05
1740900,3.00E-05
1741000,9.38E-06
1741100,3.89E-05
1741200,1.39E-05
1741300,4.45E-06
1741400,2.37E-05
1741500,1.98E-06
1741600,5.45E-06
1741700,1.98E-06
1741800,5.94E-06
1741901,1.48E-06
1741902,1.19E-05
1742000,3.46E-05
1742100,5.45E-06
1742200,7.42E-06
1742300,7.42E-06
1742400,3.47E-06
1742500,8.40E-06
1742600,1.98E-06
1742700,9.38E-06
1742800,3.47E-06
1742900,2.97E-06
1743000,4.45E-06
1743100,5.45E-06
1743200,2.08E-05
1743300,1.48E-06
1743400,1.48E-05
1743501,1.29E-05
1743502,8.89E-06
1743600,1.04E-05
1743700,2.13E-05
1743800,8.40E-06
1743900,1.34E-05
1744000,7.42E-06
1744100,0.000148959
1744200,2.97E-06
1744300,1.53E-05
1744400,9.87E-07
1744501,0
1744503,0
1744504,5.45E-06
1744601,0
1744602,3.47E-06
1744700,4.45E-06
1744801,8.70E-05
1744802,0
1744901,0.000416116
1744902,0
1745000,5.94E-06
1745100,9.38E-06
1745200,5.45E-06
1745300,4.45E-06
1745400,3.92E-05
1745500,1.48E-06
1745600,1.04E-05
1745700,7.91E-06
1745801,9.87E-07
1745802,5.45E-06
1745900,4.45E-06
1746000,0.000505248
1746101,9.87E-07
1746102,1.09E-05
1746200,9.87E-06
1746300,1.48E-06
1746400,2.97E-06
1746500,2.97E-06
1746600,9.87E-07
1746700,3.96E-06
1746801,3.96E-06
1746802,2.97E-06
1746803,2.97E-06
1746804,0
1746901,3.76E-05
1746902,8.40E-06
1747000,4.95E-06
1747100,1.24E-05
1747200,3.96E-06
1747300,8.40E-06
1747400,0.000754162
1747500,8.40E-06
1747601,9.87E-07
1747603,3.47E-06
1747604,0
1747605,0
1747701,3.96E-06
1747702,2.48E-06
1747800,4.16E-05
1747900,2.93E-05
1748000,3.44E-05
1748100,3.96E-06
1748200,5.94E-06
1748300,2.48E-06
1748400,9.38E-06
1748500,1.09E-05
1748600,8.89E-06
1748700,5.45E-06
1748801,3.96E-06
1748802,3.47E-06
1748803,5.45E-06
1748900,7.91E-06
1749000,6.93E-06
1749100,7.91E-06
1749200,7.91E-06
1749300,3.13E-05
1749400,9.87E-06
1749501,3.47E-06
1749502,4.95E-07
1749600,5.12E-05
1749700,1.14E-05
1749800,9.38E-06
1749900,4.95E-06
1750000,9.87E-07
1750100,2.97E-06
1750200,2.48E-06
1750300,2.48E-06
1750400,6.43E-06
1750500,7.42E-06
1750600,8.40E-06
1750700,9.87E-07
1750800,1.48E-06
1750900,6.93E-06
1751000,6.93E-06
1751100,1.04E-05
1751200,4.07E-05
1751300,3.47E-06
1751400,9.87E-06
1751500,9.87E-06
1751600,1.74E-05
1751700,3.96E-06
1751800,1.19E-05
1751900,4.45E-06
1752000,1.39E-05
1752100,3.03E-05
1752201,0
1752202,1.48E-05
1752300,4.45E-06
1752400,3.96E-06
1752500,0
1752600,3.47E-06
1752700,1.19E-05
1752800,2.23E-05
1752900,2.48E-06
1753000,9.87E-07
1753100,9.87E-07
1753200,0
1753300,7.42E-06
1753400,4.27E-05
1753500,4.95E-07
1753600,0
1753700,0
1753800,0
1753900,4.95E-06
1754000,0
1754100,2.48E-05
1754200,0
1754300,0
1754400,0
1754500,0
1754601,0
1754602,0
1754700,0
1754800,0
1754901,2.48E-06
1754902,1.48E-06
1754903,4.95E-07
1755001,8.89E-06
1755002,4.95E-07
1755100,4.95E-06
1755200,4.95E-06
1755300,5.45E-06
1755400,4.95E-06
1755500,0
1755600,0.000711052
1755701,4.95E-07
1755702,4.95E-06
1755800,1.98E-06
1755900,3.34E-05
1756000,7.42E-06
1756100,4.95E-05
1756201,1.88E-05
1756202,2.27E-05
1756203,1.68E-05
1756300,5.45E-06
1756400,8.40E-06
1756500,3.17E-05
1756600,1.58E-05
1756701,3.86E-05
1756702,2.23E-05
1756800,1.74E-05
1756900,2.97E-05
1757000,2.08E-05
1757100,2.18E-05
1757200,2.03E-05
1757300,9.38E-06
1757400,6.43E-06
1757500,3.32E-05
1757600,0.000133146
1757700,2.08E-05
1757800,9.38E-06
1757901,4.47E-05
1757902,2.43E-05
1757903,2.48E-06
1758000,2.97E-05
1758100,1.98E-06
1758200,3.47E-06
1758300,1.09E-05
1758401,4.95E-06
1758402,1.39E-05
1758500,2.82E-05
1758601,9.38E-06
1758602,3.96E-06
1758701,2.97E-05
1758702,1.48E-06
1758800,1.09E-05
1758900,9.87E-07
1759000,1.34E-05
1759100,3.66E-05
1759200,1.98E-06
1759300,9.87E-07
1759401,1.74E-05
1759402,8.40E-06
1759500,3.02E-05
1759600,1.29E-05
1759700,1.58E-05
1759800,1.19E-05
1759900,5.94E-06
1760000,1.48E-05
1760101,6.93E-06
1760102,5.94E-06
1760201,2.48E-06
1760202,3.47E-06
1760300,3.96E-06
1760400,2.48E-05
1760500,1.79E-05
1760600,1.68E-05
1760700,2.27E-05
1760800,5.45E-06
1760900,3.47E-06
1761000,1.09E-05
1761100,1.14E-05
1761200,9.87E-07
1761300,4.95E-06
1761401,8.40E-06
1761402,2.53E-05
1761501,5.94E-06
1761502,2.32E-05
1761600,1.48E-05
1761702,1.58E-05
1761703,1.19E-05
1761704,9.67E-05
1761801,5.45E-06
1761802,5.20E-05
1761803,4.87E-05
1761804,1.04E-05
1761900,7.42E-06
1762000,8.40E-06
1762100,7.91E-06
1762200,1.04E-05
1762300,1.34E-05
1762400,1.98E-06
1762500,1.98E-06
1762600,3.47E-06
1762700,2.53E-05
1762800,1.98E-06
1762901,2.97E-06
1762902,2.13E-05
1763000,1.14E-05
1763100,1.88E-05
1763201,3.05E-05
1763202,3.96E-06
1763300,1.88E-05
1763400,1.34E-05
1763500,2.23E-05
1763600,2.87E-05
1763700,1.63E-05
1763800,1.34E-05
1763900,2.82E-05
1764000,2.32E-05
1764100,1.83E-05
1764200,9.87E-06
1764300,2.03E-05
1764400,2.97E-05
1764500,2.32E-05
1764600,4.45E-06
1764700,1.63E-05
1764800,1.34E-05
1764900,1.19E-05
1765000,2.67E-05
1765100,3.37E-05
1765201,1.29E-05
1765202,0.000175854
1765300,1.79E-05
1765400,4.95E-07
1765500,3.47E-06
1765600,0.000264812
1765700,0
1765800,1.48E-06
1765900,4.95E-07
1766000,0
1766100,1.34E-05
1766200,0.000132159
1766300,3.32E-05
1766400,3.82E-05
1766500,1.79E-05
1766600,2.03E-05
1766700,2.32E-05
1766801,7.91E-06
1766802,4.95E-06
1766900,1.79E-05
1767000,4.01E-05
1767101,2.62E-05
1767102,3.22E-05
1767200,3.27E-05
1767300,3.61E-05
1767400,3.46E-05
1767500,1.68E-05
1767600,3.76E-05
1767701,2.18E-05
1767702,1.68E-05
1767800,2.32E-05
1767900,1.63E-05
1768000,4.96E-05
1768100,6.43E-06
1768200,3.37E-05
1768300,4.96E-05
1768400,1.09E-05
1768500,1.74E-05
1768600,1.74E-05
1768700,2.82E-05
1768800,2.08E-05
1768900,1.48E-05
1769000,3.02E-05
1769101,5.70E-05
1769103,8.40E-06
1769104,9.38E-06
1769105,9.87E-06
1769106,9.87E-06
1769107,4.95E-06
1769108,7.91E-06
1769109,9.87E-06
1769110,1.29E-05
1769201,8.89E-06
1769202,1.88E-05
1769203,2.32E-05
1769301,6.43E-06
1769302,1.19E-05
1769303,7.91E-06
1769304,6.93E-06
1769305,8.89E-06
1769306,8.89E-06
1769307,5.45E-06
1769400,4.01E-05
1769501,1.58E-05
1769502,1.83E-05
1769503,0
1769600,2.82E-05
1769700,2.23E-05
1769800,4.70E-05
1769900,1.98E-05
1770000,3.42E-05
1770101,7.42E-06
1770102,3.32E-05
1770200,4.26E-05
1770300,2.62E-05
1770400,8.89E-06
1770500,1.68E-05
1770600,1.53E-05
1770700,1.58E-05
1770800,1.88E-05
1770900,1.88E-05
1771000,1.29E-05
1771100,1.24E-05
1771200,2.13E-05
1771301,2.97E-05
1771302,2.72E-05
1771303,2.27E-05
1771400,1.79E-05
1771500,1.98E-05
1771601,3.27E-05
1771602,3.47E-06
1771700,2.23E-05
1771800,1.39E-05
1771900,1.48E-05
1772000,1.19E-05
1772100,2.27E-05
1772200,1.14E-05
1772300,1.53E-05
1772400,2.53E-05
1772500,2.92E-05
1772600,9.38E-06
1772700,0.000755632
1772800,2.03E-05
1772900,1.74E-05
1773000,2.95E-05
1773100,5.94E-06
1773200,7.91E-06
1773300,1.98E-06
1773400,8.80E-05
1773500,0.000418097
1773600,1.09E-05
1773700,4.45E-06
1773800,3.96E-06
1773900,9.87E-07
1774000,6.93E-06
1774100,7.42E-06
1774200,7.42E-06
1774300,2.58E-05
1774400,1.44E-05
1774500,2.48E-05
1774600,0
1774702,9.87E-07
1774703,6.43E-06
1774704,2.78E-05
1774801,4.95E-07
1774802,3.47E-06
1774901,0.000418594
1774902,9.87E-07
1775000,4.95E-07
1775101,1.98E-06
1775102,0
1775200,3.47E-06
1775300,4.95E-06
1775400,8.70E-05
1775500,4.45E-06
1775600,0
1775700,4.95E-06
1775800,9.87E-07
1775900,2.97E-06
1776001,4.95E-06
1776002,0
1776100,2.97E-06
1776200,4.45E-06
1776300,2.48E-06
1776400,1.48E-06
1776500,2.65E-05
1776600,1.98E-06
1776700,4.45E-06
1776800,9.87E-07
1776900,3.18E-05
1777000,8.89E-06
1777100,8.89E-06
1777200,7.42E-06
1777300,0
1777400,1.48E-06
1777500,4.95E-07
1777600,2.48E-06
1777700,7.91E-06
1777800,1.04E-05
1777900,8.40E-06
1778000,0.000156449
1778100,1.48E-06
1778200,6.93E-06
1778300,3.47E-06
1778400,1.34E-05
1778500,7.42E-06
1778600,0
1778700,9.87E-06
1778800,6.43E-06
1778900,8.40E-06
1779000,7.91E-06
1779100,1.34E-05
1779200,6.43E-06
1779300,1.48E-06
1779401,1.63E-05
1779402,2.97E-06
1779500,1.04E-05
1779600,5.45E-06
1779700,2.32E-05
1779800,5.94E-06
1779900,1.53E-05
1780000,1.48E-05
1780100,1.14E-05
1780200,1.58E-05
1780300,1.19E-05
1780400,7.91E-06
1780500,1.58E-05
1780600,1.44E-05
1780700,2.27E-05
1780800,1.53E-05
1780900,9.87E-06
1781000,1.19E-05
1781100,1.48E-05
1781200,1.63E-05
1781300,1.14E-05
1781400,0.000276707
1781500,4.37E-05
1781601,1.29E-05
1781602,1.63E-05
1781700,8.89E-06
1781800,1.14E-05
1781900,1.09E-05
1782000,9.87E-06
1782100,1.93E-05
1782200,9.87E-06
1782300,8.40E-06
1782400,9.87E-07
1782501,1.58E-05
1782503,7.42E-06
1782504,5.45E-06
1782505,3.96E-06
1782506,4.95E-06
1782601,3.47E-06
1782602,7.42E-06
1782603,5.94E-06
1782604,7.42E-06
1782605,7.42E-06
1782700,8.89E-06
1782800,1.39E-05
1782901,1.39E-05
1782902,2.58E-05
1782903,1.79E-05
1783001,2.43E-05
1783002,2.08E-05
1783100,2.18E-05
1783200,2.23E-05
1783300,0.000512178
1783400,1.29E-05
1783500,3.96E-06
1783600,0
1783700,3.23E-05
1783801,1.83E-05
1783802,1.14E-05
1783900,2.03E-05
1784000,7.91E-06
1784100,1.48E-06
1784200,0
1784300,4.53E-05
1784402,8.40E-06
1784403,7.42E-06
1784404,1.98E-06
1784405,2.97E-06
1784500,7.42E-06
1784600,1.34E-05
1784700,5.45E-06
1784800,4.95E-06
1784900,1.98E-05
1785001,2.18E-05
1785002,3.47E-06
1785100,1.09E-05
1785200,0
1785301,4.45E-06
1785302,7.91E-06
1785401,2.37E-05
1785402,1.24E-05
1785501,8.89E-06
1785502,0
1785600,1.39E-05
1785700,5.94E-06
1785800,1.48E-05
1785900,1.83E-05
1786000,1.88E-05
1786100,9.87E-06
1786200,4.37E-05
1786300,1.83E-05
1786400,1.83E-05
1786500,5.45E-06
1786600,3.96E-06
1786700,1.98E-05
1786800,2.27E-05
1786900,1.24E-05
1787000,7.42E-06
1787100,1.19E-05
1787200,1.39E-05
1787300,2.03E-05
1787400,1.29E-05
1787500,1.53E-05
1787600,1.58E-05
1787700,1.34E-05
1787800,3.82E-05
1787900,1.58E-05
1788000,1.48E-05
1788100,1.24E-05
1788200,1.44E-05
1788300,1.14E-05
1788400,8.40E-06
1788500,2.03E-05
1788600,3.02E-05
1788700,9.87E-07
1788800,9.87E-06
1788901,1.53E-05
1788902,1.09E-05
1789000,3.13E-05
1789101,1.48E-06
1789102,1.29E-05
1789200,1.44E-05
1789300,1.24E-05
1789400,2.48E-06
1789501,1.04E-05
1789502,1.19E-05
1789601,1.04E-05
1789602,1.19E-05
1789603,9.38E-06
1789701,7.91E-06
1789702,9.38E-06
1789801,2.48E-06
1789802,5.45E-06
1789803,9.87E-06
1789900,1.19E-05
1790000,1.48E-06
1790100,5.45E-06
1790200,9.87E-06
1790300,1.29E-05
1790400,9.38E-06
1790500,1.09E-05
1790600,3.76E-05
1790700,2.48E-06
1790800,1.34E-05
1790900,1.68E-05
1791000,7.42E-06
1791100,6.43E-06
1791200,7.42E-06
1791301,0
1791302,1.98E-06
1791400,8.40E-06
1791501,9.39E-05
1791502,6.93E-06
1791503,1.48E-06
1791600,6.43E-06
1791700,8.40E-06
1791800,8.89E-06
1791900,0
1792000,0
1792100,2.92E-05
1792201,1.53E-05
1792202,2.60E-05
1792301,1.19E-05
1792302,4.95E-06
1792400,2.67E-05
1792500,3.12E-05
1792601,2.08E-05
1792602,6.93E-06
1792700,1.93E-05
1792800,2.78E-05
1792900,1.04E-05
1793000,1.14E-05
1793100,8.40E-06
1793201,3.96E-05
1793202,4.45E-06
1793300,3.34E-05
1793400,2.58E-05
1793500,1.74E-05
1793600,2.13E-05
1793700,1.53E-05
1793800,4.48E-05
1793900,1.44E-05
1794001,2.48E-06
1794002,8.40E-06
1794100,9.38E-06
1794201,3.28E-05
1794202,5.45E-06
1794301,1.29E-05
1794302,2.48E-06
1794400,1.63E-05
1794500,6.93E-06
1794601,4.45E-06
1794602,1.93E-05
1794603,1.48E-06
1794604,4.95E-07
1794605,1.98E-06
1794700,1.39E-05
1794800,5.94E-06
1794900,5.94E-06
1795000,2.32E-05
1795100,1.68E-05
1795200,2.62E-05
1795300,1.58E-05
1795400,1.68E-05
1795500,1.88E-05
1795600,7.42E-06
1795700,7.91E-06
1795800,1.98E-06
1795901,4.45E-06
1795902,4.95E-06
1796000,2.67E-05
1796100,4.95E-06
1796200,1.04E-05
1796300,2.37E-05
1796400,2.18E-05
1796500,2.03E-05
1796600,2.27E-05
1796700,2.48E-05
1796800,8.89E-06
1796900,1.14E-05
1797000,4.95E-06
1797100,1.09E-05
1797200,7.91E-06
1797300,2.18E-05
1797400,6.93E-06
1797500,1.39E-05
1797600,8.89E-06
1797700,4.45E-06
1797800,7.91E-06
1797900,3.22E-05
1798000,2.27E-05
1798100,1.79E-05
1798200,9.38E-06
1798300,4.95E-07
1798400,4.95E-07
1798501,2.27E-05
1798502,0
1798503,5.30E-05
1798504,6.93E-06
1798505,3.86E-05
1798507,1.34E-05
1798508,9.87E-06
1798509,1.48E-05
1798510,1.44E-05
1798511,1.14E-05
1798512,1.53E-05
1798600,1.14E-05
1798701,3.42E-05
1798702,2.97E-05
1798703,2.23E-05
1798704,1.44E-05
1798800,1.24E-05
1798900,7.84E-05
1799000,3.96E-06
1799100,3.12E-05
1799200,1.24E-05
1799300,5.40E-05
1799401,1.48E-05
1799402,8.40E-06
1799501,1.09E-05
1799502,1.53E-05
1799503,1.14E-05
1799504,1.68E-05
1799505,7.91E-06
1799506,1.39E-05
1799507,4.95E-06
1799600,2.48E-06
1799700,1.29E-05
1799800,0.000148469
1799900,1.98E-05
1800000,6.43E-06
1800100,1.58E-05
1800200,1.68E-05
1800301,2.27E-05
1800302,1.34E-05
1800400,2.23E-05
1800501,2.03E-05
1800502,1.83E-05
1800503,2.37E-05
1800504,8.40E-06
1800505,1.98E-05
1800506,1.58E-05
1800600,1.68E-05
1800700,6.43E-06
1800800,5.94E-06
1800900,2.27E-05
1801000,2.53E-05
1801100,1.34E-05
1801200,1.83E-05
1801300,1.24E-05
1801400,3.92E-05
1801500,1.63E-05
1801600,1.44E-05
1801700,1.88E-05
1801800,1.09E-05
1801900,1.39E-05
1802000,2.48E-05
1802100,1.98E-05
1802200,1.58E-05
1802300,1.29E-05
1802400,1.04E-05
1802500,7.42E-06
1802600,2.48E-05
1802701,1.14E-05
1802702,7.91E-06
1802703,2.48E-06
1802800,1.68E-05
1802900,1.14E-05
1803001,1.98E-06
1803002,7.42E-06
1803003,1.48E-06
1803100,1.34E-05
1803200,4.85E-05
1803300,1.53E-05
1803400,1.53E-05
1803500,1.93E-05
1803600,2.67E-05
1803700,1.68E-05
1803801,1.24E-05
1803802,1.04E-05
1803900,2.18E-05
1804000,2.23E-05
1804100,2.18E-05
1804200,3.32E-05
1804300,2.97E-05
1804400,8.89E-06
1804500,3.32E-05
1804600,2.23E-05
1804700,1.34E-05
1804801,1.88E-05
1804802,2.67E-05
1804901,1.04E-05
1804902,2.27E-05
1805000,1.09E-05
1805100,1.24E-05
1805200,3.07E-05
1805300,2.32E-05
1805400,1.09E-05
1805500,3.82E-05
1805601,4.31E-05
1805602,4.95E-07
1805700,0
1805800,1.63E-05
1805900,3.12E-05
1806000,2.48E-05
1806100,3.32E-05
1806200,4.01E-05
1806300,2.72E-05
1806400,3.63E-05
1806500,1.29E-05
1806600,2.58E-05
1806700,2.08E-05
1806800,8.89E-06
1806901,1.24E-05
1806902,1.24E-05
1806903,1.19E-05
1807000,1.14E-05
1807100,1.19E-05
1807200,1.19E-05
1807300,1.44E-05
1807400,8.89E-06
1807500,1.04E-05
1807600,1.24E-05
1807700,5.45E-06
1807800,1.19E-05
1807900,3.71E-05
1808000,3.46E-05
1808100,1.83E-05
1808200,2.67E-05
1808300,6.81E-05
1808400,2.88E-05
1808500,2.48E-05
1808600,2.03E-05
1808700,7.91E-06
1808800,0.000100987
1808900,2.72E-05
1809000,5.16E-05
1809100,2.43E-05
1809200,4.01E-05
1809300,2.62E-05
1809400,4.37E-05
1809500,2.27E-05
1809600,3.77E-05
1809700,3.48E-05
1809800,2.82E-05
1809900,1.29E-05
1810000,3.17E-05
1810100,1.88E-05
1810200,2.72E-05
1810300,2.03E-05
1810400,1.88E-05
1810500,2.67E-05
1810601,1.39E-05
1810602,1.98E-05
1810700,3.12E-05
1810800,2.03E-05
1810900,8.34E-05
1811000,2.77E-05
1811100,7.42E-06
1811200,2.62E-05
1811300,2.03E-05
1811400,4.76E-05
1811500,3.02E-05
1811600,2.67E-05
1811700,2.37E-05
1811800,1.48E-05
1811900,3.07E-05
1812000,1.48E-05
1812100,1.63E-05
1812200,2.37E-05
1812300,2.97E-05
1812400,1.93E-05
1812500,2.18E-05
1812600,1.44E-05
1812700,2.18E-05
1812800,1.63E-05
1812901,1.19E-05
1812902,1.98E-05
1813000,4.68E-05
1813100,3.02E-05
1813200,2.97E-05
1813300,1.79E-05
1813400,2.37E-05
1813500,8.89E-06
1813600,6.43E-06
1813700,2.72E-05
1813802,2.18E-05
1813803,1.58E-05
1813804,1.34E-05
1813805,5.11E-05
1813901,3.02E-05
1813902,3.12E-05
1814000,3.27E-05
1814100,1.39E-05
1814201,1.09E-05
1814203,9.87E-06
1814204,1.29E-05
1814301,1.48E-05
1814302,2.53E-05
1814303,7.42E-06
1814304,1.09E-05
1814400,5.05E-05
1814500,1.04E-05
1814600,2.92E-05
1814700,0
1814800,0
1814900,1.58E-05
1815000,1.98E-05
1815100,2.37E-05
1815200,2.82E-05
1815300,1.44E-05
1815400,1.48E-05
1815500,9.87E-06
1815600,1.19E-05
1815700,7.91E-06
1815800,1.44E-05
1815900,2.37E-05
1816000,2.43E-05
1816100,4.16E-05
1816200,2.23E-05
1816302,1.09E-05
1816303,5.94E-06
1816304,2.97E-06
1816305,4.95E-06
1816306,7.42E-06
1816400,2.97E-05
1816500,6.43E-06
1816600,1.44E-05
1816700,6.43E-06
1816800,1.98E-05
1816900,3.17E-05
1817001,2.53E-05
1817002,2.72E-05
1817003,1.93E-05
1817101,4.31E-05
1817102,4.06E-05
1817103,4.70E-05
1817200,1.53E-05
1817300,1.24E-05
1817400,1.19E-05
1817500,1.19E-05
1817600,2.72E-05
1817700,1.44E-05
1817800,4.45E-06
1817900,1.29E-05
1818000,9.87E-06
1818100,1.19E-05
1818200,1.39E-05
1818300,1.09E-05
1818400,7.91E-06
1818500,1.93E-05
1818600,9.87E-06
1818700,3.92E-05
1818800,1.44E-05
1818900,1.04E-05
1819000,1.34E-05
1819100,2.53E-05
1819200,1.58E-05
1819301,2.77E-05
1819303,2.27E-05
1819304,1.53E-05
1819305,4.45E-06
1819306,1.83E-05
1819307,2.18E-05
1819308,1.44E-05
1819400,1.48E-05
1819503,1.88E-05
1819504,2.92E-05
1819505,1.34E-05
1819506,2.43E-05
1819507,1.79E-05
1819600,9.87E-06
1819700,1.39E-05
1819800,1.34E-05
1819900,1.63E-05
1820000,5.16E-05
1820100,7.91E-06
1820200,1.34E-05
1820300,9.87E-06
1820400,1.19E-05
1820500,1.88E-05
1820600,3.82E-05
1820700,4.95E-07
1820801,2.77E-05
1820802,2.58E-05
1820900,4.95E-07
1821000,1.53E-05
1821100,2.67E-05
1821200,2.58E-05
1821301,2.03E-05
1821302,1.48E-05
1821303,1.88E-05
1821400,2.53E-05
1821500,1.04E-05
1821600,7.91E-06
1821700,4.95E-07
1821800,2.77E-05
1821900,4.95E-06
1822000,2.03E-05
1822101,8.40E-06
1822102,1.29E-05
1822200,3.37E-05
1822300,2.48E-05
1822400,2.58E-05
1822500,1.63E-05
1822600,1.44E-05
1822700,2.43E-05
1822800,1.83E-05
1822900,3.32E-05
1823000,1.09E-05
1823100,1.63E-05
1823200,2.37E-05
1823300,1.98E-05
1823400,1.68E-05
1823500,1.68E-05
1823600,2.23E-05
1823700,2.58E-05
1823800,1.44E-05
1823900,1.48E-05
1824000,1.58E-05
1824100,1.44E-05
1824200,4.45E-06
1824300,1.53E-05
1824400,1.88E-05
1824500,2.32E-05
1824600,2.08E-05
1824700,1.83E-05
1824800,1.93E-05
1824900,1.39E-05
1825000,1.29E-05
1825100,1.48E-05
1825200,2.53E-05
1825300,1.48E-05
1825400,1.04E-05
1825500,6.93E-06
1825600,3.47E-06
1825700,2.18E-05
1825800,2.03E-05
1825900,1.44E-05
1826000,5.45E-06
1826100,1.63E-05
1826200,1.68E-05
1826301,9.87E-06
1826302,5.45E-06
1826303,6.43E-06
1826400,2.03E-05
1826500,1.29E-05
1826600,1.79E-05
1826700,9.87E-07
1826800,1.39E-05
1826900,7.91E-06
1827000,0.000138102
1827100,1.44E-05
1827200,7.91E-06
1827300,9.38E-06
1827400,1.83E-05
1827500,1.34E-05
1827600,1.14E-05
1827700,0
1827800,1.98E-06
1827900,0
1828000,2.97E-06
1828100,9.87E-06
1828200,0
1828300,0.000159012
1828400,1.48E-06
1828500,0.000132653
1828600,0
1828700,2.44E-05
1828800,1.79E-05
1828900,3.76E-05
1829000,2.13E-05
1829100,4.71E-05
1829200,0.000265304
1829300,9.87E-07
1829400,1.48E-06
1829500,4.95E-07
1829600,9.87E-07
1829700,1.58E-05
1829800,2.43E-05
1829900,1.44E-05
1830000,2.13E-05
1830100,8.40E-06
1830200,1.53E-05
1830300,1.09E-05
1830400,1.24E-05
1830500,2.32E-05
1830600,9.94E-05
1830700,1.93E-05
1830800,4.78E-05
1830900,3.96E-06
1831000,3.47E-06
1831100,9.87E-07
1831200,0.000165914
1831300,9.87E-07
1831400,4.66E-05
1831500,7.42E-06
1831600,1.53E-05
1831700,2.23E-05
1831800,2.08E-05
1831900,1.98E-05
1832000,1.83E-05
1832100,2.03E-05
1832200,1.44E-05
1832300,1.34E-05
1832400,1.79E-05
1832500,4.22E-05
1832600,1.44E-05
1832700,4.45E-06
1832800,2.48E-06
1832900,1.34E-05
1833000,1.63E-05
1833100,1.29E-05
1833200,2.18E-05
1833300,1.88E-05
1833401,3.47E-06
1833402,1.63E-05
1833500,1.24E-05
1833600,3.77E-05
1833700,3.68E-05
1833800,3.42E-05
1833900,1.09E-05
1834000,2.97E-06
1834100,0
1834200,9.87E-07
1834300,1.48E-06
1834400,3.32E-05
1834500,1.83E-05
1834600,1.63E-05
1834700,1.68E-05
1834800,3.22E-05
1834900,1.29E-05
1835000,3.46E-05
1835100,2.97E-06
1835200,1.63E-05
1835300,9.38E-06
1835400,1.24E-05
1835500,2.43E-05
1835600,2.67E-05
1835700,3.61E-05
1835800,1.79E-05
1835900,1.44E-05
1836000,6.93E-06
1836100,5.94E-06
1836200,3.28E-05
1836300,7.42E-06
1836400,3.42E-05
1836500,4.76E-05
1836600,1.68E-05
1836700,4.06E-05
1836800,2.23E-05
1836900,2.03E-05
1837000,1.34E-05
1837100,1.39E-05
1837200,4.56E-05
1837300,3.56E-05
1837401,1.93E-05
1837402,1.88E-05
1837403,1.39E-05
1837404,4.95E-07
1837501,3.66E-05
1837502,4.31E-05
1837601,3.66E-05
1837603,7.91E-06
1837604,1.29E-05
1837700,2.03E-05
1837800,3.71E-05
1837901,3.42E-05
1837903,2.62E-05
1837904,2.53E-05
1837905,2.92E-05
1837906,0
1838001,0
1838002,2.77E-05
1838101,2.77E-05
1838102,2.08E-05
1838103,3.17E-05
1838104,5.49E-05
1838201,2.77E-05
1838202,2.58E-05
1838301,1.74E-05
1838302,2.58E-05
1838303,0
1838402,1.34E-05
1838403,3.96E-06
1838404,9.87E-06
1838500,1.83E-05
1838600,1.98E-05
1838700,3.12E-05
1838800,2.13E-05
1838900,1.09E-05
1839000,2.69E-05
1839101,2.37E-05
1839102,1.04E-05
1839103,1.29E-05
1839200,1.79E-05
1839300,2.27E-05
1839401,2.48E-05
1839403,4.45E-06
1839404,3.42E-05
1839405,1.74E-05
1839503,3.22E-05
1839505,2.92E-05
1839506,8.89E-06
1839510,2.48E-05
1839511,1.79E-05
1839512,2.53E-05
1839513,1.83E-05
1839514,2.87E-05
1839515,3.82E-05
1839516,7.42E-06
1839517,2.82E-05
1839518,2.08E-05
1839600,4.95E-07
1839701,0
1839702,1.98E-06
1839802,2.37E-05
1839803,1.98E-05
1839806,5.35E-05
1839808,9.87E-06
1839809,1.53E-05
1839812,1.83E-05
1839813,1.19E-05
1839814,2.62E-05
1839815,1.58E-05
1839816,1.63E-05
1839817,2.08E-05
1839818,2.87E-05
1839819,1.39E-05
1839820,1.88E-05
1839821,1.93E-05
1839822,1.34E-05
1839823,1.34E-05
1839824,1.19E-05
1839825,2.58E-05
1839826,1.98E-05
1839827,1.29E-05
1839828,1.48E-05
1839829,1.88E-05
1839830,9.87E-06
1839831,1.14E-05
1839832,1.48E-06
1839833,1.19E-05
1839834,9.87E-06
1839835,9.87E-06
1839836,1.14E-05
1839902,1.98E-05
1839903,2.18E-05
1839905,9.87E-06
1839906,3.96E-06
1839907,1.48E-05
1839908,1.19E-05
1839909,1.79E-05
1839910,6.43E-06
1840000,1.19E-05
1840100,1.68E-05
1840201,8.40E-06
1840202,8.40E-06
1840301,0
1840302,6.93E-06
1840303,1.19E-05
1840304,8.40E-06
1840401,5.45E-06
1840402,5.94E-06
1840403,7.91E-06
1840404,7.91E-06
1840405,8.89E-06
1840501,7.42E-06
1840502,7.42E-06
1840503,7.42E-06
1840504,5.45E-06
1840601,4.45E-06
1840602,4.95E-06
1840603,1.24E-05
1840700,0
1840800,2.97E-06
1840900,2.08E-05
1841000,1.44E-05
1841100,1.58E-05
1841201,3.46E-05
1841202,2.48E-06
1841300,2.08E-05
1841401,1.98E-06
1841402,2.43E-05
1841500,2.18E-05
1841600,9.87E-07
1841701,2.48E-06
1841702,8.40E-06
1841703,6.43E-06
1841704,6.43E-06
1841705,4.95E-06
1841800,2.82E-05
1841900,2.97E-05
1842000,8.89E-06
1842100,1.29E-05
1842200,1.29E-05
1842300,1.04E-05
1842400,2.18E-05
1842500,1.93E-05
1842600,1.09E-05
1842700,1.79E-05
1842800,1.79E-05
1842901,1.09E-05
1842902,2.48E-06
1843000,2.18E-05
1843100,2.08E-05
1843200,3.07E-05
1843301,1.48E-05
1843302,9.87E-06
1843400,1.63E-05
1843500,2.67E-05
1843600,2.82E-05
1843700,6.43E-06
1843800,1.04E-05
1843901,1.24E-05
1843902,5.45E-06
1844000,1.34E-05
1844100,0
1844201,2.08E-05
1844202,2.48E-06
1844300,6.93E-06
1844400,1.74E-05
1844500,7.42E-06
1844600,9.87E-06
1844700,1.74E-05
1844800,4.01E-05
1844900,1.93E-05
1845001,1.39E-05
1845002,4.95E-07
1845100,0
1845200,8.89E-06
1845300,2.58E-05
1845400,8.40E-06
1845500,1.24E-05
1845601,2.97E-06
1845602,2.23E-05
1845603,4.45E-06
1845700,2.08E-05
1845800,1.63E-05
1845900,1.29E-05
1846000,1.09E-05
1846100,1.53E-05
1846200,1.93E-05
1846300,1.44E-05
1846400,1.24E-05
1846500,3.07E-05
1846600,2.53E-05
1846700,2.53E-05
1846801,6.93E-06
1846802,5.94E-06
1846803,4.45E-06
1846900,1.04E-05
1847000,3.66E-05
1847100,1.39E-05
1847200,1.93E-05
1847300,1.79E-05
1847400,4.68E-05
1847500,2.77E-05
1847600,3.66E-05
1847700,2.23E-05
1847801,2.18E-05
1847802,3.96E-06
1847900,1.44E-05
1848000,2.32E-05
1848100,2.13E-05
1848200,1.58E-05
1848300,2.43E-05
1848400,5.45E-06
1848500,2.53E-05
1848600,2.13E-05
1848700,2.43E-05
1848800,3.02E-05
1848900,1.74E-05
1849000,2.97E-05
1849100,1.44E-05
1849200,1.83E-05
1849300,2.48E-05
1849400,1.93E-05
1849501,1.19E-05
1849502,1.48E-06
1849600,7.42E-06
1849700,2.58E-05
1849800,1.79E-05
1849901,2.97E-06
1849902,1.29E-05
1850001,3.23E-05
1850002,6.93E-06
1850003,1.09E-05
1850100,7.91E-06
1850200,3.42E-05
1850300,1.93E-05
1850400,9.87E-06
1850500,1.53E-05
1850600,2.08E-05
1850700,1.34E-05
1850800,1.39E-05
1850900,1.04E-05
1851000,1.53E-05
1851100,1.09E-05
1851200,1.83E-05
1851300,1.24E-05
1851400,1.44E-05
1851500,6.43E-06
1851601,5.94E-06
1851603,5.45E-06
1851604,1.19E-05
1851605,8.40E-06
1851701,7.42E-06
1851702,1.24E-05
1851703,1.63E-05
1851704,1.48E-05
1851800,1.83E-05
1851900,1.34E-05
1852000,5.45E-06
1852100,5.94E-06
1852200,1.29E-05
1852300,7.42E-06
1852400,1.09E-05
1852500,9.38E-06
1852600,9.38E-06
1852700,8.40E-06
1852800,7.91E-06
1852900,3.47E-06
1853000,9.87E-07
1853100,5.94E-06
1853201,3.07E-05
1853202,2.18E-05
1853203,1.53E-05
1853300,1.24E-05
1853400,1.98E-05
1853501,8.30E-05
1853502,0
1853600,1.04E-05
1853700,5.94E-06
1853800,1.04E-05
1853900,1.14E-05
1854000,8.70E-05
1854100,2.85E-05
1854200,8.89E-06
1854300,5.94E-06
1854400,4.56E-05
1854500,8.30E-05
1854601,6.21E-05
1854602,0
1854700,6.43E-06
1854800,4.95E-06
1854901,1.14E-05
1854902,4.95E-07
1855000,1.44E-05
1855100,1.83E-05
1855200,4.61E-05
1855301,4.66E-05
1855303,0
1855304,4.95E-07
1855400,1.88E-05
1855500,5.45E-06
1855600,3.69E-05
1855700,4.87E-05
1855800,9.87E-06
1855900,5.45E-06
1856000,3.96E-06
1856103,1.44E-05
1856104,7.42E-06
1856105,3.44E-05
1856106,4.95E-06
1856200,1.63E-05
1856300,1.58E-05
1856400,7.91E-06
1856500,7.42E-06
1856600,1.24E-05
1856700,9.38E-06
1856800,1.24E-05
1856901,5.94E-06
1856902,1.04E-05
1856903,5.45E-06
1856904,8.89E-06
1856905,1.58E-05
1856906,1.14E-05
1856907,1.09E-05
1857000,6.93E-06
1857100,1.63E-05
1857200,4.95E-06
1857300,2.48E-06
1857400,1.14E-05
1857500,7.42E-06
1857600,1.44E-05
1857701,7.42E-06
1857702,7.42E-06
1857703,8.89E-06
1857704,9.87E-06
1857705,7.91E-06
1857800,5.45E-06
1857900,4.45E-06
1858000,1.74E-05
1858100,6.93E-06
1858201,4.95E-06
1858202,8.40E-06
1858203,8.89E-06
1858204,3.18E-05
1858300,3.82E-05
1858401,9.87E-07
1858402,1.48E-05
1858500,4.95E-07
1858600,0
1858700,2.13E-05
1858800,1.93E-05
1858901,4.26E-05
1858902,2.08E-05
1859001,7.91E-06
1859002,1.24E-05
1859003,4.95E-06
1859004,8.40E-06
1859005,1.04E-05
1859006,5.94E-06
1859100,6.43E-06
1859200,9.38E-06
1859300,9.87E-06
1859401,0.000181382
1859402,0.000168033
1859500,9.38E-06
1859601,1.63E-05
1859602,7.91E-06
1859700,0
1859800,0
1859901,7.42E-06
1859902,1.39E-05
1859903,1.04E-05
1860001,3.96E-06
1860002,2.48E-06
1860003,3.96E-06
1860004,8.89E-06
1860005,5.45E-06
1860100,2.88E-05
1860200,2.48E-06
1860300,9.87E-07
1860400,5.45E-06
1860500,1.74E-05
1860600,1.88E-05
1860700,2.48E-06
1860800,7.42E-06
1860900,0.000135127
1861000,7.42E-06
1861100,2.13E-05
1861200,2.72E-05
1861300,2.48E-05
1861400,1.34E-05
1861500,1.34E-05
1861600,1.48E-05
1861700,1.63E-05
1861800,8.40E-06
1861900,2.77E-05
1862000,2.43E-05
1862100,1.24E-05
1862200,2.03E-05
1862303,1.63E-05
1862304,1.83E-05
1862305,1.48E-05
1862306,1.19E-05
1862307,1.14E-05
1862308,1.39E-05
1862401,5.45E-06
1862402,2.64E-05
1862403,5.94E-06
1862404,1.44E-05
1862500,1.39E-05
1862601,5.94E-06
1862602,6.93E-06
1862603,8.89E-06
1862604,4.45E-06
1862700,1.39E-05
1862800,2.58E-05
1862900,2.64E-05
1863000,3.96E-06
1863100,4.95E-06
1863200,1.24E-05
1863300,1.34E-05
1863400,3.17E-05
1863500,2.43E-05
1863600,2.92E-05
1863700,2.72E-05
1863800,1.58E-05
1863900,1.09E-05
1864000,1.88E-05
1864100,2.82E-05
1864200,2.08E-05
1864300,2.13E-05
1864400,2.27E-05
1864500,3.56E-05
1864600,3.02E-05
1864700,2.48E-05
1864800,4.76E-05
1864900,9.87E-06
1865000,0.000133643
1865100,3.07E-05
1865200,1.58E-05
1865301,8.40E-06
1865302,6.43E-06
1865303,6.43E-06
1865304,7.91E-06
1865400,0
1865500,4.95E-07
1865600,1.74E-05
1865700,1.29E-05
1865801,3.47E-06
1865802,3.47E-06
1865803,3.96E-06
1865901,6.93E-06
1865902,9.87E-06
1865903,8.40E-06
1866000,1.44E-05
1866100,5.51E-05
1866200,1.53E-05
1866300,2.58E-05
1866400,8.40E-06
1866500,1.53E-05
1866600,9.87E-06
1866700,1.53E-05
1866803,7.42E-06
1866804,9.87E-06
1866805,1.24E-05
1866806,1.04E-05
1866807,1.24E-05
1866900,3.22E-05
1867003,1.29E-05
1867005,5.45E-06
1867006,2.08E-05
1867007,1.98E-06
1867008,3.17E-05
1867009,5.94E-06
1867010,1.24E-05
1867011,2.97E-06
1867012,9.38E-06
1867100,1.88E-05
1867200,1.98E-05
1867301,1.19E-05
1867302,8.40E-06
1867303,9.87E-06
1867304,1.04E-05
1867305,1.19E-05
1867400,1.04E-05
1867501,5.94E-06
1867502,3.96E-06
1867600,1.93E-05
1867701,1.44E-05
1867702,9.87E-06
1867703,1.24E-05
1867800,2.87E-05
1867900,1.44E-05
1868000,1.79E-05
1868100,1.44E-05
1868200,1.83E-05
1868300,2.77E-05
1868401,6.43E-06
1868402,8.89E-06
1868403,6.93E-06
1868404,1.39E-05
1868405,4.95E-07
1868500,1.79E-05
1868600,3.97E-05
1868700,1.29E-05
1868800,1.68E-05
1868900,1.14E-05
1869000,1.68E-05
1869100,1.79E-05
1869200,2.18E-05
1869300,1.53E-05
1869401,0
1869402,1.19E-05
1869500,0
1869600,1.48E-06
1869700,0
1869800,1.34E-05
1869900,1.58E-05
1870000,3.92E-05
1870100,9.87E-07
1870200,2.27E-05
1870300,1.53E-05
1870400,1.39E-05
1870500,1.34E-05
1870600,2.18E-05
1870700,2.08E-05
1870800,1.74E-05
1870900,1.39E-05
1871003,2.27E-05
1871004,2.97E-06
1871005,1.93E-05
1871006,3.47E-06
1871101,2.37E-05
1871102,3.82E-05
1871200,3.12E-05
1871300,3.96E-05
1871400,1.98E-05
1871500,1.63E-05
1871600,1.04E-05
1871700,1.19E-05
1871800,1.14E-05
1871900,2.72E-05
1872000,1.58E-05
1872100,2.32E-05
1872200,2.92E-05
1872300,8.40E-06
1872400,1.88E-05
1872500,2.97E-06
1872601,1.14E-05
1872602,1.48E-05
1872701,8.89E-06
1872703,2.92E-05
1872705,2.72E-05
1872706,2.32E-05
1872800,8.40E-06
1872901,8.89E-06
1872902,7.42E-06
1872903,1.98E-06
1872904,5.45E-06
1873001,3.27E-05
1873003,3.82E-05
1873004,2.13E-05
1873005,3.02E-05
1873100,0
1873200,9.87E-07
1873300,1.24E-05
1873400,1.98E-05
1873500,2.27E-05
1873600,6.43E-06
1873700,1.48E-05
1873800,1.44E-05
1873900,1.14E-05
1874000,2.58E-05
1874100,4.95E-07
1874202,8.89E-06
1874203,1.24E-05
1874204,0.000104501
1874205,2.08E-05
1874206,5.20E-05
1874300,4.45E-06
1874400,1.04E-05
1874500,1.63E-05
1874600,1.24E-05
1874702,4.07E-05
1874703,1.68E-05
1874704,2.67E-05
1874706,1.29E-05
1874707,3.43E-05
1874708,1.93E-05
1874804,2.13E-05
1874805,2.08E-05
1874807,3.96E-06
1874808,1.58E-05
1874811,1.19E-05
1874813,2.13E-05
1874814,3.96E-06
1874815,1.14E-05
1874816,2.27E-05
1874817,3.66E-05
1874818,2.03E-05
1874819,2.18E-05
1874820,2.32E-05
1874821,1.58E-05
1874900,3.12E-05
1875003,5.45E-06
1875004,2.97E-06
1875005,8.40E-06
1875006,7.42E-06
1875007,8.89E-06
1875008,6.93E-06
1875009,7.91E-06
1875104,2.97E-06
1875105,7.91E-06
1875106,4.45E-06
1875107,9.38E-06
1875108,6.93E-06
1875109,7.42E-06
1875110,6.43E-06
1875111,5.45E-06
1875112,7.42E-06
1875113,4.45E-06
1875114,5.94E-06
1875115,8.89E-06
1875116,3.47E-06
1875117,6.43E-06
1875201,2.92E-05
1875203,5.45E-06
1875204,4.45E-06
1875205,7.91E-06
1875206,8.89E-06
1875207,5.45E-06
1875208,8.40E-06
1875300,2.18E-05
1875400,5.51E-05
1875500,1.44E-05
1875601,4.95E-07
1875603,1.63E-05
1875604,7.42E-06
1875605,6.43E-06
1875606,8.40E-06
1875700,0.000153929
1875800,2.03E-05
1875900,4.06E-05
1876001,2.77E-05
1876002,1.09E-05
1876100,4.56E-05
1876201,2.23E-05
1876202,3.61E-05
1876300,1.44E-05
1876400,2.48E-05
1876501,6.25E-05
1876502,1.58E-05
1876600,1.98E-06
1876700,3.46E-05
1876801,3.82E-05
1876802,3.66E-05
1876900,0.000507768
1877001,3.12E-05
1877002,4.06E-05
1877003,1.09E-05
1877100,3.61E-05
1877200,3.07E-05
1877301,3.27E-05
1877302,2.27E-05
1877303,0.000517148
1877400,3.91E-05
1877500,0.000144059
1877600,1.98E-06
1877700,3.47E-06
1877800,1.44E-05
1877900,4.95E-07
1878000,1.98E-05
1878100,4.95E-07
1878200,7.91E-06
1878300,2.27E-05
1878401,1.48E-05
1878403,1.68E-05
1878404,2.27E-05
1878405,1.68E-05
1878500,8.89E-06
1878600,4.57E-05
1878700,1.24E-05
1878800,4.40E-05
1878900,2.43E-05
1879000,4.11E-05
1879100,2.03E-05
1879200,2.97E-06
1879300,5.32E-05
1879400,5.94E-06
1879501,1.39E-05
1879502,9.38E-06
1879503,6.93E-06
1879504,8.40E-06
1879505,6.43E-06
1879506,9.87E-06
1879600,8.40E-06
1879700,2.92E-05
1879800,4.45E-05
1879900,8.40E-06
1880000,3.96E-06
1880100,4.95E-06
1880201,1.48E-06
1880202,5.94E-06
1880203,9.38E-06
1880204,9.38E-06
1880300,1.93E-05
1880400,3.66E-05
1880500,1.63E-05
1880600,2.18E-05
1880701,1.09E-05
1880702,5.45E-06
1880703,1.19E-05
1880704,4.45E-06
1880801,1.04E-05
1880802,6.43E-06
1880803,8.89E-06
1880804,6.43E-06
1880901,4.95E-06
1880902,1.48E-06
1881001,1.09E-05
1881002,1.24E-05
1881100,6.93E-06
1881200,0.000141049
1881300,4.45E-06
1881401,3.17E-05
1881402,0
1881500,4.95E-07
1881600,2.37E-05
1881700,1.19E-05
1881800,1.58E-05
1881901,1.44E-05
1881902,7.42E-06
1881903,3.32E-05
1882001,2.48E-06
1882002,1.48E-06
1882100,8.89E-06
1882200,1.63E-05
1882300,3.02E-05
1882403,8.40E-06
1882404,1.29E-05
1882405,9.87E-07
1882406,1.98E-06
1882505,4.95E-06
1882506,4.95E-07
1882507,3.47E-06
1882508,2.97E-06
1882509,3.47E-06
1882510,1.48E-06
1882511,1.24E-05
1882512,0
1882513,3.05E-05
1882514,2.97E-06
1882515,2.64E-05
1882600,1.19E-05
1882701,4.45E-06
1882702,7.42E-06
1882800,3.61E-05
1882900,1.34E-05
1883001,6.93E-06
1883002,5.94E-06
1883101,1.58E-05
1883102,0.000249077
1883202,4.95E-07
1883203,9.87E-07
1883204,4.45E-06
1883205,2.48E-06
1883206,4.95E-07
1883300,4.61E-05
1883400,1.34E-05
1883500,0.000137571
1883600,8.30E-05
1883701,3.52E-05
1883703,1.93E-05
1883704,1.68E-05
1883705,4.21E-05
1883706,9.87E-06
1883802,5.95E-05
1883803,4.95E-06
1883804,4.51E-05
1883806,2.53E-05
1883807,1.98E-05
1883808,3.96E-05
1883809,1.48E-05
1883810,1.14E-05
1883901,1.48E-05
1883902,1.04E-05
1883903,9.87E-06
1883904,6.93E-06
1884001,9.87E-06
1884002,9.38E-06
1884003,7.42E-06
1884004,8.89E-06
1884005,1.04E-05
1884006,1.19E-05
1884100,2.37E-05
1884201,9.38E-06
1884202,2.18E-05
1884300,2.48E-05
1884400,4.42E-05
1884501,2.13E-05
1884502,5.01E-05
1884600,1.58E-05
1884701,2.58E-05
1884702,5.45E-06
1884801,9.87E-06
1884802,3.96E-06
1884900,0.000196712
1885000,0.000262447
1885100,8.30E-05
1885200,8.40E-06
1885300,1.04E-05
1885400,1.39E-05
1885500,1.34E-05
1885600,1.39E-05
1885700,1.63E-05
1885801,2.48E-06
1885802,1.19E-05
1885901,2.18E-05
1885902,2.67E-05
1886000,1.44E-05
1886100,1.48E-05
1886200,2.43E-05
1886300,8.40E-06
1886400,3.86E-05
1886500,1.48E-05
1886600,2.97E-06
1886700,1.44E-05
1886800,1.68E-05
1886900,1.83E-05
1887000,1.98E-05
1887100,2.27E-05
1887200,2.08E-05
1887300,1.83E-05
1887400,2.13E-05
1887500,1.44E-05
1887600,1.09E-05
1887701,7.91E-06
1887702,4.95E-06
1887800,0.000150499
1887900,2.32E-05
1888000,3.12E-05
1888100,1.44E-05
1888200,1.44E-05
1888300,1.53E-05
1888400,2.32E-05
1888501,1.24E-05
1888502,1.09E-05
1888600,1.24E-05
1888700,1.29E-05
1888800,3.96E-06
1888900,1.09E-05
1889000,1.44E-05
1889100,1.58E-05
1889200,1.24E-05
1889300,1.39E-05
1889400,1.53E-05
1889500,1.98E-05
1889600,1.83E-05
1889700,1.83E-05
1889800,1.74E-05
1889900,1.79E-05
1890000,2.53E-05
1890100,1.44E-05
1890200,2.62E-05
1890300,2.03E-05
1890400,2.08E-05
1890500,1.48E-05
1890600,1.58E-05
1890701,1.63E-05
1890702,4.95E-06
1890800,5.94E-06
1890900,2.27E-05
1891000,1.39E-05
1891100,1.88E-05
1891200,8.40E-06
1891300,1.98E-05
1891400,1.14E-05
1891500,1.09E-05
1891600,1.68E-05
1891701,1.39E-05
1891702,1.29E-05
1891800,1.24E-05
1891900,1.83E-05
1892000,1.39E-05
1892100,4.66E-05
1892200,1.24E-05
1892300,2.72E-05
1892400,8.89E-06
1892500,9.87E-06
1892600,1.79E-05
1892700,9.38E-06
1892800,2.27E-05
1892900,2.58E-05
1893000,3.61E-05
1893100,1.53E-05
1893200,1.79E-05
1893300,2.23E-05
1893400,1.09E-05
1893501,7.42E-06
1893502,9.38E-06
1893600,1.24E-05
1893700,1.93E-05
1893800,4.76E-05
1893900,2.62E-05
1894000,1.24E-05
1894100,1.24E-05
1894200,2.58E-05
1894300,1.48E-05
1894400,3.07E-05
1894501,2.97E-06
1894502,8.89E-06
1894600,1.58E-05
1894701,8.89E-06
1894703,1.04E-05
1894704,1.14E-05
1894800,1.83E-05
1894900,2.43E-05
1895000,5.45E-05
1895100,2.53E-05
1895200,1.88E-05
1895300,3.32E-05
1895400,2.72E-05
1895500,2.43E-05
1895600,2.18E-05
1895701,1.53E-05
1895702,1.88E-05
1895801,3.63E-05
1895802,7.91E-06
1895900,1.24E-05
1896000,3.91E-05
1896100,2.77E-05
1896200,3.22E-05
1896300,6.93E-06
1896400,1.88E-05
1896500,1.88E-05
1896600,1.04E-05
1896700,1.48E-05
1896800,1.29E-05
1896900,1.68E-05
1897001,8.89E-06
1897002,5.94E-06
1897003,5.94E-06
1897101,2.48E-06
1897102,6.93E-06
1897103,8.89E-06
1897104,3.28E-05
1897200,2.48E-05
1897300,1.74E-05
1897400,1.34E-05
1897500,1.93E-05
1897600,2.82E-05
1897700,1.88E-05
1897801,1.19E-05
1897802,7.42E-06
1897900,1.19E-05
1898001,1.98E-06
1898002,7.91E-06
1898100,9.38E-06
1898200,1.14E-05
1898300,1.19E-05
1898400,9.87E-06
1898500,1.48E-05
1898600,9.87E-06
1898700,1.88E-05
1898800,1.74E-05
1898901,1.79E-05
1898902,3.96E-06
1899000,1.98E-05
1899100,2.92E-05
1899200,3.86E-05
1899301,1.98E-06
1899302,9.38E-06
1899303,4.95E-07
1899400,5.45E-06
1899500,4.95E-07
1899600,0
1899700,0
1899800,0
1899900,0
1900000,3.42E-05
1900100,1.98E-06
1900200,5.82E-05
1900300,1.34E-05
1900400,7.91E-06
1900500,1.48E-06
1900600,3.61E-05
1900700,0.000171539
1900801,1.04E-05
1900802,1.44E-05
1900900,2.53E-05
1901000,1.74E-05
1901100,2.43E-05
1901200,4.61E-05
1901300,6.43E-06
1901400,4.75E-05
1901500,0
1901600,2.48E-05
1901700,1.48E-05
1901800,2.13E-05
1901900,1.58E-05
1902000,2.48E-05
1902101,2.03E-05
1902102,5.45E-05
1902103,9.87E-07
1902104,3.61E-05
1902105,2.62E-05
1902200,2.48E-05
1902300,1.48E-05
1902400,1.93E-05
1902501,6.93E-06
1902502,1.19E-05
1902600,1.83E-05
1902700,9.38E-06
1902800,3.46E-05
1902900,2.60E-05
1903000,3.47E-06
1903100,1.48E-05
1903200,1.34E-05
1903300,1.44E-05
1903400,1.63E-05
1903500,2.03E-05
1903600,0
1903701,1.93E-05
1903702,1.09E-05
1903703,1.79E-05
1903704,1.19E-05
1903705,1.98E-05
1903706,1.39E-05
1903707,4.66E-05
1903708,1.63E-05
1903709,6.43E-06
1903710,2.13E-05
1903711,1.24E-05
1903712,1.48E-05
1903713,1.68E-05
1903801,2.48E-06
1903802,4.45E-06
1903900,2.48E-06
1904000,0
1904100,2.03E-05
1904200,1.24E-05
1904300,9.87E-06
1904400,7.42E-06
1904500,1.48E-05
1904600,1.63E-05
1904700,1.88E-05
1904800,2.55E-05
1904900,1.39E-05
1905000,1.83E-05
1905100,3.32E-05
1905200,1.24E-05
1905300,4.45E-06
1905400,1.39E-05
1905500,2.97E-06
1905600,5.45E-06
1905700,2.97E-06
1905800,1.48E-06
1905900,0
1906000,1.48E-06
1906100,4.95E-07
1906200,4.95E-07
1906300,0
1906400,1.98E-06
1906500,1.98E-06
1906600,2.82E-05
1906700,1.74E-05
1906800,2.77E-05
1906900,1.48E-05
1907000,8.40E-06
1907100,1.34E-05
1907200,1.44E-05
1907300,1.29E-05
1907400,2.53E-05
1907500,1.83E-05
1907600,8.89E-06
1907700,1.39E-05
1907800,1.74E-05
1907900,2.23E-05
1908000,1.88E-05
1908100,1.09E-05
1908200,2.23E-05
1908300,1.79E-05
1908400,1.79E-05
1908500,2.62E-05
1908601,0.000159919
1908602,1.48E-06
1908700,8.89E-06
1908800,1.04E-05
1908900,4.06E-05
1909000,2.27E-05
1909100,1.29E-05
1909200,3.86E-05
1909300,1.24E-05
1909400,1.14E-05
1909500,1.88E-05
1909600,1.79E-05
1909700,1.44E-05
1909800,1.63E-05
1909900,1.88E-05
1910000,2.13E-05
1910100,1.98E-05
1910200,2.53E-05
1910300,1.68E-05
1910400,1.53E-05
1910500,2.08E-05
1910601,2.53E-05
1910602,2.58E-05
1910700,3.37E-05
1910800,3.17E-05
1910900,3.32E-05
1911000,4.11E-05
1911101,0
1911102,1.39E-05
1911202,3.02E-05
1911203,5.00E-05
1911204,1.98E-05
1911301,5.00E-05
1911302,2.32E-05
1911303,3.71E-05
1911304,1.93E-05
1911305,1.93E-05
1911400,1.58E-05
1911500,2.62E-05
1911600,1.63E-05
1911700,1.19E-05
1911800,3.17E-05
1911901,2.82E-05
1911902,2.67E-05
1912001,1.24E-05
1912002,4.07E-05
1912003,3.22E-05
1912004,2.23E-05
1912005,3.96E-05
1912101,2.77E-05
1912103,2.08E-05
1912104,1.63E-05
1912106,5.54E-05
1912107,1.34E-05
1912108,4.45E-06
1912109,1.29E-05
1912110,1.48E-05
1912111,1.29E-05
1912112,1.24E-05
1912200,9.38E-06
1912301,9.38E-06
1912302,7.91E-06
1912303,7.42E-06
1912304,1.48E-05
1912400,1.48E-06
1912500,2.67E-05
1912600,1.58E-05
1912700,1.68E-05
1912800,2.18E-05
1912900,1.58E-05
1913000,3.12E-05
1913100,3.02E-05
1913200,2.37E-05
1913301,3.02E-05
1913302,2.97E-06
1913303,2.03E-05
1913400,5.10E-05
1913500,1.68E-05
1913601,1.04E-05
1913602,8.07E-05
1913700,4.70E-05
1913801,3.32E-05
1913802,1.98E-05
1913901,2.48E-05
1913902,4.11E-05
1914000,0
1914100,2.80E-05
1914200,4.06E-05
1914300,2.97E-06
1914400,1.19E-05
1914501,1.48E-06
1914502,1.48E-06
1914601,1.44E-05
1914602,9.38E-06
1914700,2.77E-05
1914800,8.40E-06
1914900,5.80E-05
1915000,1.39E-05
1915100,1.83E-05
1915201,4.95E-06
1915202,2.48E-05
1915203,4.06E-05
1915204,1.19E-05
1915301,3.22E-05
1915302,1.48E-06
1915400,5.45E-05
1915500,4.40E-05
1915600,0
1915700,1.88E-05
1915800,1.44E-05
1915900,8.85E-05
1916000,6.59E-05
1916100,2.77E-05
1916201,1.48E-06
1916202,0
1916300,1.19E-05
1916400,0
1916500,0.000228758
1916600,9.87E-06
1916700,4.04E-05
1916800,1.24E-05
1916900,2.23E-05
1917000,4.95E-06
1917100,0
1917200,0
1917301,5.94E-06
1917302,3.47E-06
1917401,2.53E-05
1917403,4.45E-05
1917407,2.03E-05
1917408,6.83E-05
1917409,2.97E-05
1917410,1.98E-05
1917411,1.44E-05
1917412,4.95E-06
1917413,2.77E-05
1917414,1.09E-05
1917415,1.04E-05
1917416,1.09E-05
1917417,1.04E-05
1917418,1.24E-05
1917419,1.29E-05
1917500,3.71E-05
1917601,2.77E-05
1917602,3.96E-05
1917603,1.88E-05
1917700,2.27E-05
1917800,0
1917900,7.42E-06
1918000,7.91E-06
1918100,2.77E-05
1918200,3.07E-05
1918300,2.92E-05
1918400,0
1918500,5.94E-06
1918601,1.09E-05
1918602,2.43E-05
1918701,1.44E-05
1918702,3.47E-06
1918803,2.58E-05
1918804,2.48E-05
1918805,3.46E-05
1918807,1.79E-05
1918808,9.38E-06
1918809,1.53E-05
1918810,1.83E-05
1918901,4.45E-06
1918902,2.67E-05
1918903,1.04E-05
1919000,2.13E-05
1919100,1.04E-05
1919201,7.91E-06
1919204,2.03E-05
1919205,1.14E-05
1919206,8.89E-06
1919300,1.63E-05
1919400,2.67E-05
1919502,3.42E-05
1919503,4.45E-06
1919505,4.40E-05
1919506,8.40E-06
1919507,1.63E-05
1919508,1.68E-05
1919509,1.48E-05
1919510,7.42E-06
1919600,0
1919701,1.24E-05
1919703,1.14E-05
1919704,1.09E-05
1919705,8.40E-06
1919706,1.04E-05
1919802,1.24E-05
1919803,9.38E-06
1919804,1.24E-05
1919805,1.24E-05
1919900,6.43E-06
1920001,6.93E-06
1920002,4.95E-06
1920100,1.34E-05
1920200,3.12E-05
1920300,1.74E-05
1920401,9.38E-06
1920402,1.24E-05
1920403,9.38E-06
1920404,1.53E-05
1920501,7.91E-06
1920502,8.40E-06
1920601,8.89E-06
1920602,8.89E-06
1920700,1.53E-05
1920800,2.97E-05
1920900,1.14E-05
1921000,7.42E-06
1921100,1.29E-05
1921200,9.38E-06
1921304,2.72E-05
1921305,7.42E-06
1921306,1.19E-05
1921307,2.18E-05
1921308,1.14E-05
1921309,1.48E-05
1921310,7.42E-06
1921401,1.44E-05
1921402,2.13E-05
1921403,1.53E-05
1921500,4.01E-05
1921600,2.67E-05
1921700,1.04E-05
1921800,3.27E-05
1921900,1.34E-05
1922001,3.12E-05
1922002,2.53E-05
1922100,4.95E-07
1922201,9.38E-06
1922202,0
1922300,3.91E-05
1922400,1.29E-05
1922502,9.38E-06
1922503,1.34E-05
1922504,1.39E-05
1922601,1.29E-05
1922602,1.53E-05
1922700,3.42E-05
1922801,3.32E-05
1922802,1.93E-05
1922900,1.48E-05
1923000,2.58E-05
1923100,1.48E-05
1923200,0
1923300,2.62E-05
1923400,2.13E-05
1923500,2.77E-05
1923600,2.53E-05
1923700,0
1923800,0.000153439
1923900,2.48E-05
1924000,2.53E-05
1924100,2.13E-05
1924200,1.58E-05
1924300,1.04E-05
1924400,1.24E-05
1924500,9.38E-06
1924600,2.37E-05
1924700,1.58E-05
1924800,1.14E-05
1924900,1.79E-05
1925000,0
1925100,4.95E-07
1925200,1.79E-05
1925300,0
1925400,5.36E-05
1925500,1.93E-05
1925600,1.04E-05
1925700,2.82E-05
1925800,0
1925900,1.48E-06
1926000,3.46E-05
1926100,1.29E-05
1926200,2.23E-05
1926300,5.79E-05
1926400,4.95E-06
1926500,5.94E-06
1926600,0
1926700,0
1926800,2.67E-05
1926900,3.07E-05
1927001,1.53E-05
1927002,3.47E-06
1927100,2.13E-05
1927200,1.63E-05
1927301,2.97E-06
1927302,1.34E-05
1927401,6.43E-06
1927402,5.59E-05
1927403,1.98E-05
1927500,0
1927600,3.27E-05
1927700,4.45E-05
1927801,1.09E-05
1927802,9.87E-06
1927900,1.63E-05
1928000,2.13E-05
1928100,2.03E-05
1928200,1.44E-05
1928300,6.33E-05
1928400,1.63E-05
1928500,6.43E-06
1928600,4.95E-07
1928700,2.48E-05
1928801,1.19E-05
1928802,2.18E-05
1928803,1.29E-05
1928900,2.27E-05
1929000,1.39E-05
1929100,2.27E-05
1929200,1.44E-05
1929300,2.97E-05
1929400,5.20E-05
1929500,5.94E-06
1929600,2.97E-06
1929700,2.43E-05
1929800,2.27E-05
1929901,2.48E-06
1929902,9.38E-06
1929903,1.09E-05
1930001,8.89E-06
1930002,6.93E-06
1930003,6.43E-06
1930004,5.45E-06
1930101,9.87E-06
1930102,1.48E-05
1930103,9.38E-06
1930104,9.38E-06
1930200,2.23E-05
1930300,4.95E-07
1930400,0
1930500,6.43E-06
1930600,3.47E-06
1930700,0
1930800,1.83E-05
1930900,0
1931000,1.53E-05
1931101,2.77E-05
1931102,1.19E-05
1931200,1.48E-05
1931301,6.43E-06
1931302,1.44E-05
1931400,2.27E-05
1931500,1.34E-05
1931600,3.47E-06
1931700,1.04E-05
1931800,2.62E-05
1931900,4.06E-05
1932000,3.02E-05
1932100,2.72E-05
1932200,1.29E-05
1932300,2.87E-05
1932400,2.03E-05
1932500,8.89E-06
1932600,3.27E-05
1932700,9.87E-07
1932801,2.27E-05
1932802,2.92E-05
1932900,3.42E-05
1933000,3.96E-06
1933100,7.42E-06
1933200,3.17E-05
1933300,1.14E-05
1933400,1.53E-05
1933500,8.89E-06
1933600,3.17E-05
1933700,6.93E-06
1933800,2.48E-05
1933900,1.93E-05
1934000,2.48E-05
1934100,2.87E-05
1934200,1.48E-05
1934300,3.02E-05
1934400,2.18E-05
1934500,0
1934600,0
1934700,4.95E-07
1934800,2.23E-05
1934900,1.34E-05
1935000,3.32E-05
1935100,1.98E-06
1935200,2.27E-05
1935300,2.32E-05
1935400,1.19E-05
1935500,1.58E-05
1935600,1.24E-05
1935700,1.79E-05
1935800,2.37E-05
1935900,2.43E-05
1936000,1.24E-05
1936100,1.39E-05
1936200,7.91E-06
1936300,2.03E-05
1936400,1.29E-05
1936500,1.44E-05
1936600,1.93E-05
1936700,1.29E-05
1936800,8.40E-06
1936900,1.79E-05
1937000,1.74E-05
1937100,1.39E-05
1937200,6.43E-06
1937300,1.93E-05
1937400,1.58E-05
1937500,1.34E-05
1937600,2.48E-06
1937700,1.98E-06
1937800,8.89E-06
1937900,2.03E-05
1938000,1.14E-05
1938100,1.24E-05
1938200,1.53E-05
1938300,1.68E-05
1938400,1.04E-05
1938500,1.24E-05
1938600,1.48E-05
1938700,1.04E-05
1938800,2.58E-05
1938900,1.79E-05
1939000,1.14E-05
1939100,1.04E-05
1939200,8.40E-06
1939300,1.83E-05
1939400,1.39E-05
1939500,1.93E-05
1939600,1.88E-05
1939700,0
1939800,2.03E-05
1939900,2.37E-05
1940000,2.13E-05
1940100,1.83E-05
1940200,2.37E-05
1940300,1.48E-05
1940401,1.93E-05
1940402,4.45E-06
1940403,1.34E-05
1940500,1.24E-05
1940600,9.38E-06
1940700,0
1940800,5.94E-06
1940900,2.72E-05
1941000,6.93E-06
1941100,1.24E-05
1941200,3.96E-06
1941300,3.02E-05
1941400,1.14E-05
1941500,1.63E-05
1941600,1.83E-05
1941700,0
1941800,2.18E-05
1941900,2.37E-05
1942000,2.58E-05
1942100,1.83E-05
1942200,2.67E-05
1942301,3.34E-05
1942302,1.79E-05
1942400,1.14E-05
1942500,1.24E-05
1942600,1.19E-05
1942701,0
1942702,1.24E-05
1942800,4.37E-05
1942900,1.24E-05
1943000,1.04E-05
1943101,7.42E-06
1943102,4.95E-06
1943200,1.39E-05
1943300,8.40E-06
1943400,2.03E-05
1943500,2.82E-05
1943600,1.09E-05
1943701,1.19E-05
1943702,0
1943703,1.79E-05
1943800,2.32E-05
1943901,4.45E-06
1943902,2.18E-05
1944000,1.79E-05
1944100,1.19E-05
1944200,2.18E-05
1944300,2.13E-05
1944400,1.39E-05
1944500,1.63E-05
1944600,1.04E-05
1944701,1.19E-05
1944702,2.97E-06
1944703,4.45E-06
1944704,4.95E-06
1944705,2.03E-05
1944800,1.58E-05
1944901,1.34E-05
1944902,1.68E-05
1944903,8.40E-06
1944904,1.34E-05
1945000,2.18E-05
1945100,1.09E-05
1945200,1.74E-05
1945300,1.44E-05
1945400,1.14E-05
1945500,1.19E-05
1945600,1.68E-05
1945700,1.44E-05
1945800,2.23E-05
1945900,2.03E-05
1946000,2.08E-05
1946100,1.74E-05
1946200,1.24E-05
1946300,1.79E-05
1946400,6.43E-06
1946500,1.19E-05
1946600,1.53E-05
1946700,2.13E-05
1946800,3.56E-05
1946900,2.32E-05
1947000,2.53E-05
1947100,1.44E-05
1947200,1.44E-05
1947300,8.89E-06
1947400,1.39E-05
1947500,2.48E-05
1947600,1.88E-05
1947700,9.38E-06
1947801,4.45E-06
1947802,9.38E-06
1947803,8.89E-06
1947804,5.45E-06
1947900,1.83E-05
1948000,1.19E-05
1948101,2.97E-06
1948102,4.95E-06
1948103,8.40E-06
1948200,3.46E-05
1948300,2.87E-05
1948400,4.45E-06
1948500,2.92E-05
1948600,3.96E-06
1948700,1.14E-05
1948800,4.75E-05
1948900,2.18E-05
1949000,1.19E-05
1949100,1.48E-06
1949200,1.14E-05
1949300,1.29E-05
1949400,2.18E-05
1949500,9.87E-06
1949600,5.45E-06
1949700,2.13E-05
1949800,1.24E-05
1949900,2.27E-05
1950000,9.38E-06
1950100,2.23E-05
1950200,2.53E-05
1950300,1.74E-05
1950400,1.14E-05
1950500,1.29E-05
1950600,1.74E-05
1950700,1.83E-05
1950800,1.68E-05
1950900,1.48E-05
1951000,2.08E-05
1951100,2.67E-05
1951200,2.82E-05
1951300,1.58E-05
1951400,9.87E-06
1951501,3.96E-06
1951502,4.95E-06
1951503,1.14E-05
1951504,8.40E-06
1951600,1.68E-05
1951700,1.09E-05
1951800,2.37E-05
1951900,6.43E-06
1952000,1.09E-05
1952100,1.83E-05
1952200,1.24E-05
1952300,5.71E-05
1952400,2.37E-05
1952500,2.62E-05
1952600,1.24E-05
1952700,0
1952800,2.23E-05
1952900,1.44E-05
1953000,8.40E-06
1953100,1.29E-05
1953200,2.48E-06
1953300,3.47E-06
1953400,0.000132159
1953500,0.000132159
1953600,2.97E-06
1953700,7.42E-06
1953800,1.04E-05
1953900,1.34E-05
1954000,1.53E-05
1954100,4.95E-07
1954200,2.97E-06
1954300,8.89E-06
1954400,9.38E-06
1954500,7.42E-06
1954600,3.02E-05
1954700,2.53E-05
1954800,1.74E-05
1954900,2.03E-05
1955000,1.53E-05
1955100,2.13E-05
1955200,1.44E-05
1955300,1.39E-05
1955400,1.09E-05
1955500,1.68E-05
1955600,1.83E-05
1955700,1.14E-05
1955800,1.63E-05
1955900,1.39E-05
1956000,1.63E-05
1956100,1.83E-05
1956200,1.83E-05
1956300,1.39E-05
1956400,7.42E-06
1956500,1.53E-05
1956600,1.68E-05
1956700,8.40E-06
1956800,1.24E-05
1956900,1.48E-06
1957000,4.16E-05
1957100,1.19E-05
1957200,1.53E-05
1957300,2.13E-05
1957400,6.93E-06
1957500,1.48E-05
1957600,6.93E-06
1957701,1.39E-05
1957702,2.23E-05
1957800,1.34E-05
1957900,2.27E-05
1958000,1.09E-05
1958100,1.24E-05
1958200,1.83E-05
1958300,1.24E-05
1958400,1.29E-05
1958500,1.14E-05
1958600,1.79E-05
1958700,1.14E-05
1958800,1.79E-05
1958900,1.58E-05
1959000,1.09E-05
1959100,1.83E-05
1959200,9.87E-06
1959300,1.29E-05
1959400,1.24E-05
1959500,1.53E-05
1959600,2.27E-05
1959700,1.83E-05
1959800,1.44E-05
1959900,1.34E-05
1960001,1.48E-05
1960002,7.91E-06
1960003,9.87E-06
1960004,1.29E-05
1960100,1.58E-05
1960200,1.34E-05
1960300,1.14E-05
1960400,7.91E-06
1960500,0
1960600,1.68E-05
1960700,2.08E-05
1960800,1.93E-05
1960900,1.74E-05
1961001,1.24E-05
1961002,1.44E-05
1961100,5.64E-05
1961200,4.95E-07
1961300,2.72E-05
1961400,9.38E-06
1961500,1.58E-05
1961600,1.34E-05
1961700,1.83E-05
1961800,1.14E-05
1961900,2.72E-05
1962000,2.13E-05
1962100,8.07E-05
1962200,1.24E-05
1962300,1.19E-05
1962400,2.27E-05
1962500,2.43E-05
1962600,7.91E-06
1962700,1.58E-05
1962800,0.000141539
1962900,2.23E-05
1963000,3.02E-05
1963100,5.94E-06
1963200,1.88E-05
1963300,1.04E-05
1963400,3.46E-05
1963500,1.14E-05
1963600,1.48E-05
1963700,1.63E-05
1963800,2.82E-05
1963900,3.96E-06
1964000,1.88E-05
1964100,1.19E-05
1964200,2.82E-05
1964300,2.27E-05
1964400,1.88E-05
1964500,4.47E-05
1964600,1.48E-05
1964700,2.08E-05
1964800,1.34E-05
1964900,1.88E-05
1965000,1.48E-05
1965100,9.38E-06
1965200,1.44E-05
1965300,1.98E-06
1965400,0
1965500,0
1965600,2.88E-05
1965700,7.91E-06
1965800,0
1965900,6.93E-06
1966000,1.39E-05
1966100,7.91E-06
1966200,1.48E-05
1966300,1.63E-05
1966400,3.96E-05
1966500,1.48E-05
1966600,1.48E-06
1966700,1.14E-05
1966800,4.45E-06
1966900,0
1967000,0.000132159
1967100,0.000135624
1967200,2.48E-06
1967300,0
1967400,4.45E-06
1967500,0
1967600,0
1967700,9.87E-06
1967800,4.95E-07
1967900,2.23E-05
1968001,1.58E-05
1968002,8.89E-06
1968100,4.95E-07
1968200,1.74E-05
1968300,0.000132159
1968400,2.32E-05
1968500,8.40E-06
1968600,4.82E-05
1968700,0
1968800,2.13E-05
1968900,1.63E-05
1969000,5.45E-06
1969100,9.87E-06
1969200,2.18E-05
1969300,2.27E-05
1969400,1.88E-05
1969500,8.89E-06
1969600,1.98E-05
1969700,1.53E-05
1969800,2.77E-05
1969900,1.83E-05
1970000,2.67E-05
1970100,6.05E-05
1970200,2.18E-05
1970300,2.32E-05
1970400,1.14E-05
1970500,1.63E-05
1970600,2.27E-05
1970700,1.53E-05
1970801,1.04E-05
1970802,7.91E-06
1970803,9.38E-06
1970900,1.79E-05
1971000,1.63E-05
1971100,2.62E-05
1971200,2.23E-05
1971300,1.98E-05
1971400,2.32E-05
1971500,2.13E-05
1971600,1.39E-05
1971700,1.93E-05
1971800,1.34E-05
1971900,1.58E-05
1972000,9.87E-06
1972100,1.19E-05
1972200,6.93E-06
1972300,1.58E-05
1972400,8.89E-06
1972500,1.34E-05
1972600,1.04E-05
1972700,2.48E-05
1972800,1.79E-05
1972900,1.24E-05
1973000,3.17E-05
1973100,1.68E-05
1973200,1.74E-05
1973300,2.77E-05
1973400,9.87E-06
1973500,1.83E-05
1973600,2.13E-05
1973700,2.03E-05
1973800,1.63E-05
1973900,2.48E-06
1974000,0
1974100,1.53E-05
1974200,4.37E-05
1974300,2.97E-05
1974400,1.74E-05
1974500,0
1974600,2.37E-05
1974700,1.19E-05
1974800,2.08E-05
1974900,1.58E-05
1975000,1.24E-05
1975100,1.39E-05
1975200,2.23E-05
1975300,1.24E-05
1975400,2.03E-05
1975500,1.74E-05
1975600,2.62E-05
1975700,2.48E-05
1975800,1.83E-05
1975900,1.24E-05
1976000,2.18E-05
1976101,8.40E-06
1976102,7.91E-06
1976200,1.44E-05
1976300,9.38E-06
1976400,2.03E-05
1976500,2.37E-05
1976600,1.74E-05
1976700,1.34E-05
1976800,1.48E-05
1976900,4.45E-06
1977000,9.38E-06
1977100,3.47E-06
1977200,2.08E-05
1977301,9.38E-06
1977302,8.89E-06
1977303,1.39E-05
1977304,9.38E-06
1977305,6.43E-06
1977306,5.94E-06
1977400,1.98E-05
1977500,1.29E-05
1977600,3.37E-05
1977700,1.63E-05
1977800,1.58E-05
1977900,1.53E-05
1978001,9.38E-06
1978002,9.87E-06
1978100,7.91E-06
1978200,1.93E-05
1978300,1.34E-05
1978400,4.40E-05
1978500,1.39E-05
1978600,1.09E-05
1978700,2.03E-05
1978800,2.13E-05
1978900,4.76E-05
1979001,0
1979002,7.91E-06
1979100,2.97E-06
1979201,5.45E-06
1979202,8.40E-06
1979203,1.04E-05
1979204,0
1979301,1.39E-05
1979302,0
1979303,0.00052534
1979400,0
1979500,0
1979600,0
1979700,0
1979800,0
1979900,1.48E-06
1980000,0
1980100,0
1980200,9.87E-07
1980300,4.95E-07
1980400,0
1980500,0
1980600,0
1980700,0
1980800,1.98E-06
1980900,0
1981000,9.87E-07
1981100,0
1981201,0
1981203,6.43E-06
1981204,0.000495868
1981300,1.68E-05
1981400,1.39E-05
1981500,4.61E-05
1981601,3.47E-05
1981602,2.48E-06
1981603,3.43E-05
1981700,1.93E-05
1981800,1.39E-05
1981900,3.02E-05
1982000,1.34E-05
1982101,1.53E-05
1982102,3.48E-05
1982200,9.87E-06
1982301,3.96E-06
1982302,1.24E-05
1982303,4.95E-06
1982400,2.13E-05
1982501,2.48E-06
1982502,2.32E-05
1982600,7.42E-06
1982700,5.94E-06
1982800,1.93E-05
1982900,1.98E-06
1983000,3.28E-05
1983100,2.82E-05
1983200,2.43E-05
1983300,2.72E-05
1983400,1.44E-05
1983500,1.53E-05
1983600,1.88E-05
1983700,2.48E-06
1983800,3.47E-06
1983900,1.34E-05
1984000,1.04E-05
1984100,1.98E-06
1984200,2.87E-05
1984300,3.96E-06
1984400,2.13E-05
1984500,9.38E-06
1984600,1.14E-05
1984700,1.34E-05
1984801,1.83E-05
1984802,3.96E-06
1984900,2.03E-05
1985000,2.13E-05
1985100,1.88E-05
1985200,2.53E-05
1985300,2.18E-05
1985401,2.37E-05
1985402,3.96E-06
1985500,1.68E-05
1985600,2.18E-05
1985700,3.12E-05
1985800,1.48E-06
1985900,1.48E-05
1986000,1.83E-05
1986100,2.48E-05
1986200,8.89E-06
1986300,1.83E-05
1986400,6.93E-06
1986500,2.27E-05
1986601,1.34E-05
1986602,7.42E-06
1986700,1.68E-05
1986800,3.22E-05
1986901,1.53E-05
1986902,1.04E-05
1986903,9.87E-06
1986904,9.87E-06
1986905,9.87E-06
1987000,1.29E-05
1987100,2.72E-05
1987200,3.18E-05
1987300,3.76E-05
1987400,3.51E-05
1987500,1.53E-05
1987600,2.58E-05
1987700,1.68E-05
1987800,1.19E-05
1987901,1.98E-06
1987902,1.14E-05
1988000,1.83E-05
1988100,1.68E-05
1988201,1.14E-05
1988202,2.97E-06
1988300,1.24E-05
1988400,1.93E-05
1988500,1.74E-05
1988600,2.08E-05
1988700,1.24E-05
1988801,4.95E-06
1988802,6.93E-06
1988900,7.42E-06
1989000,5.45E-06
1989100,3.43E-05
1989200,1.98E-05
1989301,2.08E-05
1989302,1.98E-06
1989303,4.95E-06
1989400,1.24E-05
1989500,6.43E-06
1989600,1.29E-05
1989700,1.19E-05
1989800,1.58E-05
1989900,1.98E-05
1990000,2.72E-05
1990100,1.98E-05
1990200,2.13E-05
1990300,6.43E-06
1990400,9.38E-06
1990500,1.83E-05
1990600,5.45E-06
1990700,1.48E-05
1990800,1.53E-05
1990900,1.29E-05
1991000,8.89E-06
1991101,7.91E-06
1991102,1.24E-05
1991200,2.37E-05
1991300,1.34E-05
1991400,1.48E-05
1991500,2.08E-05
1991600,1.19E-05
1991701,0
1991702,8.40E-06
1991800,1.68E-05
1991900,6.93E-06
1992000,1.29E-05
1992100,4.95E-07
1992200,1.63E-05
1992300,3.37E-05
1992400,0
1992500,1.68E-05
1992600,1.74E-05
1992700,3.07E-05
1992800,1.44E-05
1992900,1.34E-05
1993000,1.29E-05
1993100,1.93E-05
1993200,1.88E-05
1993301,4.95E-06
1993302,6.93E-06
1993400,2.87E-05
1993501,7.42E-06
1993502,1.93E-05
1993600,1.19E-05
1993701,7.42E-06
1993703,1.98E-06
1993704,6.93E-06
1993705,1.19E-05
1993800,9.38E-06
1993901,1.19E-05
1993902,1.68E-05
1994001,1.34E-05
1994002,1.19E-05
1994100,9.38E-06
1994200,2.48E-05
1994301,1.39E-05
1994302,2.82E-05
1994400,1.44E-05
1994500,1.14E-05
1994600,5.45E-06
1994703,4.56E-05
1994704,5.05E-05
1994705,2.37E-05
1994706,1.09E-05
1994707,2.08E-05
1994800,3.47E-06
1994900,1.58E-05
1995000,9.38E-06
1995100,1.39E-05
1995200,2.67E-05
1995300,8.89E-06
1995400,7.42E-06
1995500,1.68E-05
1995600,2.27E-05
1995700,6.43E-06
1995800,1.53E-05
1995900,1.44E-05
1996000,1.58E-05
1996100,9.38E-06
1996201,3.96E-06
1996202,1.58E-05
1996300,1.29E-05
1996400,3.27E-05
1996500,2.08E-05
1996600,1.24E-05
1996700,2.08E-05
1996801,3.96E-06
1996802,2.03E-05
1996900,4.95E-07
1997000,3.61E-05
1997101,6.43E-06
1997102,9.38E-06
1997103,7.42E-06
1997104,7.42E-06
1997105,1.29E-05
1997200,2.43E-05
1997300,3.82E-05
1997400,1.48E-05
1997500,5.99E-05
1997600,1.74E-05
1997700,5.40E-05
1997801,4.21E-05
1997802,3.24E-05
1997901,0.000497849
1997902,1.09E-05
1998000,6.93E-06
1998100,2.08E-05
1998200,1.93E-05
1998301,2.18E-05
1998302,4.95E-07
1998402,5.16E-05
1998403,3.92E-05
1998404,2.03E-05
1998405,2.37E-05
1998406,3.91E-05
1998407,0
1998501,4.95E-07
1998502,1.29E-05
1998600,0.000150499
1998700,0
1998800,0
1998901,2.37E-05
1998902,5.45E-06
1999000,3.91E-05
1999100,7.42E-06
1999200,1.09E-05
1999301,9.87E-05
1999302,3.96E-06
1999303,2.13E-05
1999304,7.42E-06
1999403,1.29E-05
1999404,1.53E-05
1999405,1.48E-05
1999406,1.68E-05
1999407,1.58E-05
1999408,9.87E-07
1999409,9.87E-06
1999500,5.40E-05
1999601,3.12E-05
1999602,2.62E-05
1999705,2.72E-05
1999706,1.63E-05
1999707,3.66E-05
1999710,1.14E-05
1999711,2.82E-05
1999712,4.80E-05
1999713,3.46E-05
1999714,1.44E-05
1999715,1.93E-05
1999716,2.23E-05
1999717,4.21E-05
1999719,1.58E-05
1999720,1.88E-05
1999721,1.79E-05
1999722,2.97E-06
1999723,1.44E-05
1999724,1.44E-05
1999725,1.19E-05
1999726,9.38E-06
1999727,1.09E-05
1999728,1.29E-05
1999729,1.09E-05
1999730,9.87E-06
1999731,1.93E-05
1999732,1.98E-06
1999733,4.45E-06
1999734,4.95E-06
1999735,4.45E-06
1999736,5.94E-06
1999737,3.96E-06
1999738,5.45E-06
1999739,4.95E-06
1999740,5.94E-06
1999741,6.93E-06
1999801,4.51E-05
1999802,2.77E-05
1999900,4.31E-05
2000000,4.06E-05
2000100,2.53E-05
2000200,2.82E-05
2000300,4.27E-05
2000400,4.45E-06
2000500,1.48E-06
2000600,3.42E-05
2000700,2.77E-05
2000800,3.96E-05
2000902,1.88E-05
2000904,3.96E-06
2000905,3.47E-06
2000906,1.68E-05
2000907,7.42E-06
2000908,9.87E-06
2001000,4.16E-05
2001102,1.93E-05
2001103,2.82E-05
2001104,7.42E-06
2001105,1.24E-05
2001106,5.45E-06
2001107,0.000143079
2001202,3.32E-05
2001203,4.45E-06
2001204,3.47E-06
2001205,7.42E-06
2001206,8.40E-06
2001207,5.94E-06
2001208,9.87E-06
2001209,5.94E-06
2001300,2.48E-05
2001401,1.98E-05
2001402,4.06E-05
2001403,1.74E-05
2001500,2.23E-05
2001602,2.87E-05
2001603,1.19E-05
2001604,9.38E-06
2001605,6.93E-06
2001606,1.39E-05
2001607,7.91E-06
2001608,1.09E-05
2001609,7.42E-06
2001700,6.25E-05
2001800,3.91E-05
2001900,3.07E-05
2002000,6.00E-05
2002100,8.80E-05
2002200,1.48E-06
2002300,0
2002400,0
2002500,3.63E-05
2002600,2.23E-05
2002700,3.32E-05
2002800,3.76E-05
2002900,2.53E-05
2003000,4.92E-05
2003100,3.42E-05
2003200,1.79E-05
2003300,3.43E-05
2003400,2.43E-05
2003504,2.92E-05
2003505,3.66E-05
2003506,1.74E-05
2003507,3.12E-05
2003508,2.48E-05
2003509,3.12E-05
2003510,1.79E-05
2003511,1.88E-05
2003513,8.89E-06
2003514,9.87E-06
2003515,1.19E-05
2003516,6.93E-06
2003517,1.44E-05
2003518,1.34E-05
2003519,1.34E-05
2003520,1.44E-05
2003521,1.24E-05
2003522,1.44E-05
2003601,8.40E-06
2003602,0
2003701,2.13E-05
2003702,6.43E-06
2003703,1.24E-05
2003704,6.43E-06
2003705,6.93E-06
2003706,1.14E-05
2003707,1.34E-05
2003708,1.44E-05
2003709,6.43E-06
2003800,5.15E-05
2003900,5.40E-05
2004000,3.02E-05
2004102,1.88E-05
2004103,1.58E-05
2004104,2.97E-06
2004105,4.95E-06
2004106,5.94E-06
2004107,5.94E-06
2004108,4.45E-06
2004109,1.24E-05
2004110,1.48E-06
2004111,2.97E-06
2004112,9.87E-07
2004201,3.42E-05
2004202,2.37E-05
2004301,3.96E-06
2004303,9.87E-07
2004304,1.74E-05
2004400,3.61E-05
2004502,9.87E-06
2004503,9.38E-06
2004504,1.04E-05
2004505,1.04E-05
2004506,8.89E-06
2004601,5.94E-06
2004602,2.98E-05
2004603,1.04E-05
2004604,1.09E-05
2004605,2.48E-06
2004701,7.42E-06
2004702,8.89E-06
2004801,8.40E-06
2004802,1.48E-05
2004803,8.89E-06
2004804,6.43E-06
2004805,5.94E-06
2004806,7.42E-06
2004901,4.95E-06
2004902,8.89E-06
2004903,8.40E-06
2004904,7.91E-06
2004905,9.38E-06
2005000,5.62E-05
2005100,3.33E-05
2005201,9.38E-06
2005202,4.95E-06
2005203,6.93E-06
2005204,4.45E-06
2005300,1.88E-05
2005400,2.43E-05
2005501,2.53E-05
2005503,9.87E-06
2005504,1.14E-05
2005505,1.39E-05
2005506,7.42E-06
2005507,4.95E-06
2005600,4.95E-06
2005701,1.04E-05
2005702,4.45E-06
2005802,4.95E-06
2005804,8.89E-06
2005805,1.09E-05
2005806,9.87E-06
2005807,1.09E-05
2005808,1.48E-05
2005809,6.93E-06
2005810,1.53E-05
2005811,0
2005900,3.27E-05
2006000,4.01E-05
2006100,2.53E-05
2006200,2.67E-05
2006300,4.75E-05
2006400,1.79E-05
2006500,1.74E-05
2006600,4.01E-05
2006700,8.89E-06
2006800,3.32E-05
2006900,4.66E-05
2007000,3.42E-05
2007100,1.53E-05
2007200,2.72E-05
2007301,3.22E-05
2007302,1.63E-05
2007401,5.45E-05
2007402,3.12E-05
2007500,4.45E-05
2007600,2.43E-05
2007701,3.82E-05
2007702,3.02E-05
2007800,4.95E-07
2007900,6.24E-05
2008000,9.87E-06
2008100,7.42E-06
2008200,1.83E-05
2008300,1.34E-05
2008400,1.48E-05
2008500,1.19E-05
2008601,2.97E-06
2008603,5.94E-06
2008604,4.45E-06
2008700,4.95E-06
2008800,9.38E-06
2008900,7.42E-06
2009000,9.38E-06
2009100,1.83E-05
2009200,1.98E-05
2009300,1.53E-05
2009400,4.32E-05
2009500,8.89E-06
2009600,0.000149519
2009701,3.63E-05
2009702,0
2009800,1.34E-05
2009901,4.95E-07
2009902,0
2010000,3.37E-05
2010100,3.47E-06
2010200,2.97E-06
2010301,2.48E-05
2010302,1.53E-05
2010303,2.32E-05
2010304,2.03E-05
2010400,3.96E-05
2010501,3.66E-05
2010502,2.48E-05
2010600,2.37E-05
2010700,7.91E-06
2010800,1.93E-05
2010900,2.03E-05
2011000,2.43E-05
2011100,2.27E-05
2011200,1.39E-05
2011300,3.96E-06
2011400,9.87E-06
2011500,3.96E-06
2011600,7.91E-06
2011700,1.83E-05
2011800,1.93E-05
2011900,1.04E-05
2012000,7.91E-06
2012104,0
2012106,7.91E-06
2012107,2.32E-05
2012108,1.34E-05
2012109,8.40E-06
2012110,9.38E-06
2012111,8.40E-06
2012112,1.34E-05
2012113,8.40E-06
2012114,1.09E-05
2012115,1.04E-05
2012116,1.14E-05
2012117,1.14E-05
2012118,8.40E-06
2012200,4.95E-07
2012301,2.62E-05
2012302,1.83E-05
2012303,1.79E-05
2012400,4.80E-05
2012500,4.95E-06
2012600,8.40E-06
2012700,8.40E-06
2012800,7.42E-06
2012900,6.93E-06
2013000,2.27E-05
2013100,2.03E-05
2013200,1.14E-05
2013300,1.19E-05
2013400,7.42E-06
2013500,1.34E-05
2013600,1.39E-05
2013701,9.38E-06
2013702,1.29E-05
2013801,1.53E-05
2013802,1.58E-05
2013902,1.09E-05
2013903,1.19E-05
2013904,8.40E-06
2014000,8.89E-06
2014100,2.67E-05
2014201,2.48E-06
2014202,1.24E-05
2014300,9.87E-06
2014401,4.95E-06
2014402,6.43E-06
2014500,1.14E-05
2014600,9.38E-06
2014700,1.93E-05
2014800,1.53E-05
2014900,6.93E-06
2015000,1.53E-05
2015101,3.96E-05
2015102,2.37E-05
2015103,3.12E-05
2015200,1.68E-05
2015302,2.48E-05
2015303,4.06E-05
2015304,3.56E-05
2015402,2.43E-05
2015403,2.82E-05
2015404,2.53E-05
2015501,8.89E-06
2015502,1.48E-05
2015600,1.98E-05
2015700,3.17E-05
2015800,2.58E-05
2015900,2.77E-05
2016000,1.93E-05
2016100,0
2016200,6.43E-06
2016300,6.43E-06
2016400,1.09E-05
2016500,1.48E-05
2016600,4.95E-06
2016700,2.43E-05
2016800,0
2016900,1.29E-05
2017001,3.32E-05
2017002,2.82E-05
2017100,2.03E-05
2017200,2.13E-05
2017300,1.34E-05
2017400,1.79E-05
2017500,1.04E-05
2017600,1.79E-05
2017700,1.04E-05
2017800,1.53E-05
2017900,1.48E-05
2018000,1.68E-05
2018100,9.87E-06
2018200,1.48E-05
2018300,9.38E-06
2018400,1.29E-05
2018500,1.34E-05
2018600,1.29E-05
2018700,3.61E-05
2018800,1.63E-05
2018900,3.47E-06
2019000,1.04E-05
2019100,5.45E-06
2019200,1.68E-05
2019300,1.53E-05
2019400,1.48E-05
2019500,1.79E-05
2019600,9.38E-06
2019700,2.13E-05
2019800,2.67E-05
2019900,2.53E-05
2020000,1.14E-05
2020100,1.53E-05
2020200,1.24E-05
2020300,1.58E-05
2020400,9.87E-06
2020500,5.94E-06
2020600,1.19E-05
2020701,8.89E-06
2020702,1.19E-05
2020800,9.87E-06
2020900,1.68E-05
2021000,1.44E-05
2021100,1.74E-05
2021201,6.93E-06
2021202,3.47E-06
2021301,2.48E-06
2021302,1.53E-05
2021400,1.74E-05
2021500,2.32E-05
2021600,2.32E-05
2021700,9.87E-07
2021800,4.95E-07
2021900,1.93E-05
2022000,1.04E-05
2022100,8.40E-06
2022200,1.39E-05
2022300,1.44E-05
2022400,1.88E-05
2022500,2.23E-05
2022600,0
2022700,1.24E-05
2022800,1.14E-05
2022900,1.09E-05
2023000,1.93E-05
2023100,1.14E-05
2023201,1.19E-05
2023202,1.98E-06
2023300,1.98E-05
2023400,1.14E-05
2023500,2.48E-06
2023600,1.14E-05
2023700,1.34E-05
2023800,0
2023900,1.98E-05
2024000,4.47E-05
2024100,5.10E-05
2024200,1.53E-05
2024300,1.24E-05
2024400,1.19E-05
2024500,1.68E-05
2024600,1.14E-05
2024700,1.19E-05
2024800,1.83E-05
2024900,1.34E-05
2025000,5.45E-06
2025100,2.08E-05
2025200,1.83E-05
2025300,1.74E-05
2025400,4.95E-06
2025500,0
2025600,0
2025700,0
2025801,2.62E-05
2025802,2.87E-05
2025900,3.32E-05
2026000,0.000519435
2026101,4.95E-07
2026102,2.75E-05
2026201,0
2026202,1.14E-05
2026300,1.98E-05
2026400,2.08E-05
2026500,1.83E-05
2026600,1.44E-05
2026700,1.39E-05
2026800,1.68E-05
2026900,2.13E-05
2027000,4.95E-07
2027100,0.000133146
2027200,1.48E-05
2027300,1.93E-05
2027400,2.23E-05
2027500,2.13E-05
2027600,2.08E-05
2027700,1.14E-05
2027800,1.29E-05
2027900,2.92E-05
2028000,4.82E-05
2028100,2.77E-05
2028200,2.67E-05
2028300,1.04E-05
2028400,2.18E-05
2028500,2.08E-05
2028600,1.09E-05
2028700,1.48E-05
2028800,1.93E-05
2028900,7.91E-06
2029000,2.27E-05
2029100,2.67E-05
2029200,7.42E-06
2029300,6.43E-06
2029400,2.43E-05
2029500,0
2029600,2.65E-05
2029700,1.88E-05
2029800,2.58E-05
2029900,1.68E-05
2030000,1.44E-05
2030100,2.72E-05
2030200,1.79E-05
2030300,2.08E-05
2030400,1.34E-05
2030500,1.04E-05
2030600,1.98E-05
2030700,1.53E-05
2030800,3.66E-05
2030900,1.58E-05
2031000,1.39E-05
2031100,4.95E-06
2031200,1.09E-05
2031300,4.01E-05
2031400,0.000137108
2031500,2.08E-05
2031600,1.34E-05
2031700,1.34E-05
2031800,9.87E-06
2031900,2.67E-05
2032000,0
2032100,8.89E-06
2032200,4.37E-05
2032300,1.44E-05
2032400,3.47E-06
2032500,4.95E-07
2032600,1.19E-05
2032700,1.53E-05
2032800,1.09E-05
2032900,0
2033000,9.87E-06
2033100,9.38E-06
2033200,0.000144059
2033300,1.53E-05
2033400,4.95E-07
2033500,1.98E-06
2033600,5.94E-06
2033700,0
2033800,4.95E-07
2033900,4.95E-07
2034000,4.95E-07
2034100,0
2034200,1.48E-06
2034300,2.48E-06
2034400,1.48E-06
2034500,9.87E-07
2034600,0
2034700,0
2034800,9.87E-07
2034902,2.82E-05
2034903,1.88E-05
2034904,3.86E-05
2035001,2.58E-05
2035002,2.92E-05
2035100,1.68E-05
2035201,2.97E-06
2035202,1.14E-05
2035300,1.19E-05
2035400,0
2035500,6.43E-06
2035600,9.38E-06
2035700,5.44E-05
2035800,8.89E-06
2035900,4.71E-05
2036000,1.58E-05
2036100,3.33E-05
2036201,0
2036202,0
2036301,9.38E-06
2036302,5.94E-06
2036303,3.08E-05
2036400,1.63E-05
2036500,5.45E-06
2036600,1.34E-05
2036700,1.39E-05
2036800,6.93E-06
2036900,1.39E-05
2037000,2.08E-05
2037100,5.45E-06
2037200,0
2037301,1.98E-06
2037302,0
2037400,1.98E-06
2037500,0
2037601,0
2037602,7.42E-06
2037700,0
2037800,2.23E-05
2037900,0
2038000,2.32E-05
2038100,2.87E-05
2038201,2.77E-05
2038202,3.47E-06
2038301,1.34E-05
2038302,7.42E-06
2038400,2.27E-05
2038500,2.77E-05
2038600,3.76E-05
2038700,8.40E-06
2038800,1.14E-05
2038900,1.48E-05
2039000,1.44E-05
2039100,8.89E-06
2039200,1.63E-05
2039300,5.94E-06
2039400,8.40E-06
2039500,1.39E-05
2039600,1.39E-05
2039700,1.93E-05
2039800,1.79E-05
2039900,9.38E-06
2040000,2.27E-05
2040100,2.27E-05
2040200,1.19E-05
2040301,1.44E-05
2040302,1.74E-05
2040400,5.45E-06
2040500,6.54E-05
2040600,6.10E-05
2040701,1.58E-05
2040702,3.96E-05
2040703,6.93E-06
2040801,1.34E-05
2040802,3.46E-05
2040900,1.93E-05
2041000,6.93E-06
2041100,8.40E-06
2041200,2.87E-05
2041300,1.53E-05
2041400,1.93E-05
2041500,1.14E-05
2041600,2.48E-05
2041700,2.43E-05
2041800,1.29E-05
2041900,1.34E-05
2042001,1.39E-05
2042002,2.27E-05
2042100,1.44E-05
2042200,2.37E-05
2042300,1.83E-05
2042400,1.19E-05
2042500,1.53E-05
2042600,3.51E-05
2042700,1.74E-05
2042800,2.13E-05
2042900,3.47E-06
2043000,2.23E-05
2043101,1.04E-05
2043102,1.39E-05
2043201,1.83E-05
2043202,1.04E-05
2043300,9.87E-06
2043400,2.03E-05
2043500,0
2043600,1.98E-05
2043700,8.89E-06
2043800,2.32E-05
2043900,1.68E-05
2044000,1.79E-05
2044100,5.94E-06
2044200,1.48E-05
2044300,2.32E-05
2044400,2.37E-05
2044500,1.44E-05
2044600,9.38E-06
2044700,3.17E-05
2044800,2.08E-05
2044900,2.43E-05
2045000,1.58E-05
2045101,1.88E-05
2045102,7.42E-06
2045201,7.70E-05
2045202,3.71E-05
2045300,1.53E-05
2045401,1.88E-05
2045403,3.96E-06
2045404,2.27E-05
2045501,2.77E-05
2045502,1.04E-05
2045600,4.95E-06
2045701,1.09E-05
2045702,1.14E-05
2045800,6.43E-06
2045900,2.48E-05
2046000,1.88E-05
2046100,1.29E-05
2046201,6.43E-06
2046202,7.42E-06
2046300,9.38E-06
2046400,1.14E-05
2046500,9.87E-06
2046600,7.42E-06
2046700,8.40E-06
2046800,0
2046900,1.83E-05
2047001,4.95E-06
2047002,5.94E-06
2047100,8.89E-06
2047201,6.43E-06
2047202,1.04E-05
2047300,1.74E-05
2047400,1.79E-05
2047500,1.09E-05
2047601,3.47E-06
2047602,4.95E-06
2047701,6.93E-06
2047702,6.93E-06
2047800,7.91E-06
2047900,1.83E-05
2048000,1.58E-05
2048100,7.42E-06
2048200,7.91E-06
2048300,1.44E-05
2048400,6.93E-06
2048500,2.48E-05
2048600,9.87E-06
2048700,2.32E-05
2048800,2.13E-05
2048900,1.63E-05
2049000,2.58E-05
2049101,4.95E-06
2049102,1.48E-06
2049201,7.91E-06
2049202,5.45E-06
2049300,2.53E-05
2049401,2.97E-06
2049402,1.98E-06
2049403,5.45E-06
2049404,1.53E-05
2049500,1.24E-05
2049600,1.19E-05
2049700,1.04E-05
2049800,4.45E-06
2049900,1.29E-05
2050000,5.45E-06
2050100,8.89E-06
2050200,1.68E-05
2050300,3.02E-05
2050400,1.93E-05
2050501,1.14E-05
2050502,0
2050600,2.72E-05
2050701,2.77E-05
2050702,0
2050800,1.98E-05
2050901,8.40E-06
2050902,0
2051001,0
2051002,2.48E-06
2051100,2.92E-05
2051200,3.12E-05
2051301,1.93E-05
2051302,1.34E-05
2051401,1.98E-05
2051402,1.68E-05
2051502,5.94E-06
2051503,1.34E-05
2051504,6.43E-06
2051601,6.93E-06
2051602,1.09E-05
2051603,7.42E-06
2051700,0
2051800,1.19E-05
2051900,0
2052000,2.92E-05
2052100,0
2052200,0
2052300,0
2052400,4.95E-07
2052500,0
2052600,4.95E-07
2052700,6.93E-06
2052800,0
2052900,9.87E-07
2053000,4.95E-07
2053103,0
2053104,4.35E-05
2053105,5.94E-06
2053106,2.48E-06
2053107,2.48E-06
2053200,4.95E-07
2053300,4.95E-07
2053400,1.98E-06
2053501,2.48E-06
2053502,0
2053601,3.66E-05
2053602,0
2053604,0
2053605,0
2053606,0
2053701,1.29E-05
2053702,3.96E-05
2053703,0
2053804,0
2053806,0
2053807,0
2053811,0
2053812,9.87E-06
2053813,5.94E-06
2053817,2.82E-05
2053819,1.09E-05
2053820,1.63E-05
2053821,4.41E-05
2053822,8.40E-06
2053823,5.45E-06
2053824,3.96E-06
2053825,6.93E-06
2053826,1.48E-05
2053827,3.96E-06
2053828,7.42E-06
2053829,2.48E-06
2053830,3.96E-06
2053831,1.48E-06
2053832,9.87E-07
2053833,1.44E-05
2053900,1.19E-05
2054001,4.95E-06
2054002,5.45E-06
2054101,4.95E-06
2054102,1.98E-06
2054200,1.24E-05
2054300,2.53E-05
2054400,1.04E-05
2054500,1.48E-05
2054600,1.04E-05
2054700,1.74E-05
2054801,9.87E-06
2054802,6.43E-06
2054900,1.68E-05
2055000,2.08E-05
2055100,7.42E-06
2055200,1.09E-05
2055300,2.23E-05
2055400,5.45E-06
2055500,4.45E-06
2055600,1.93E-05
2055700,1.29E-05
2055800,1.24E-05
2055901,5.94E-06
2055902,4.95E-06
2056000,9.87E-07
2056101,1.48E-06
2056102,2.03E-05
2056200,1.19E-05
2056300,1.39E-05
2056401,8.89E-06
2056402,1.34E-05
2056403,8.89E-06
2056501,8.40E-06
2056502,1.09E-05
2056503,1.04E-05
2056601,5.90E-05
2056604,8.89E-06
2056605,0
2056606,0.000132159
2056607,0
2056608,2.92E-05
2056610,1.83E-05
2056611,2.67E-05
2056614,1.44E-05
2056615,1.29E-05
2056616,2.08E-05
2056617,1.09E-05
2056618,8.40E-06
2056619,1.44E-05
2056620,1.24E-05
2056621,1.09E-05
2056622,1.44E-05
2056623,7.42E-06
2056624,1.68E-05
2056625,1.88E-05
2056626,1.44E-05
2056627,1.24E-05
2056628,1.58E-05
2056629,1.98E-05
2056630,1.34E-05
2056631,1.79E-05
2056632,8.81E-05
2056633,1.48E-05
2056634,1.44E-05
2056635,1.74E-05
2056636,1.53E-05
2056637,1.09E-05
2056638,1.34E-05
2056639,1.58E-05
2056701,4.01E-05
2056702,5.94E-06
2056800,1.74E-05
2056901,3.12E-05
2056903,2.67E-05
2056904,7.91E-06
2056905,2.43E-05
2056906,1.04E-05
2057001,2.37E-05
2057002,1.53E-05
2057101,2.03E-05
2057102,4.66E-05
2057200,2.67E-05
2057302,2.58E-05
2057303,3.47E-06
2057304,1.04E-05
2057305,1.14E-05
2057400,2.77E-05
2057501,1.39E-05
2057504,1.68E-05
2057505,1.24E-05
2057506,2.97E-06
2057507,1.34E-05
2057508,1.14E-05
2057601,1.24E-05
2057602,2.18E-05
2057700,3.66E-05
2057800,1.48E-05
2057901,9.38E-06
2057902,1.88E-05
2058001,0
2058002,2.82E-05
2058101,1.53E-05
2058102,1.63E-05
2058200,2.32E-05
2058300,5.94E-06
2058400,2.43E-05
2058500,3.02E-05
2058600,3.71E-05
2058701,1.53E-05
2058702,0
2058801,1.53E-05
2058802,0
2058901,2.92E-05
2058902,0
2059000,2.87E-05
2059100,1.74E-05
2059200,1.53E-05
2059300,1.53E-05
2059400,3.17E-05
2059500,2.67E-05
2059600,1.74E-05
2059700,1.83E-05
2059800,1.48E-05
2059900,2.53E-05
2060001,1.24E-05
2060002,1.29E-05
2060100,1.29E-05
2060200,1.29E-05
2060300,1.24E-05
2060400,1.39E-05
2060500,2.08E-05
2060600,1.98E-05
2060700,1.19E-05
2060800,2.03E-05
2060900,1.44E-05
2061000,2.72E-05
2061100,2.32E-05
2061200,1.98E-05
2061300,1.79E-05
2061400,1.83E-05
2061501,1.98E-05
2061502,3.96E-06
2061503,0
2061504,0
2061600,2.87E-05
2061700,1.68E-05
2061800,1.44E-05
2061900,1.24E-05
2062000,1.44E-05
2062100,2.27E-05
2062200,0
2062300,0
2062400,1.48E-05
2062500,1.53E-05
2062600,1.58E-05
2062700,1.68E-05
2062801,0
2062802,6.93E-06
2062900,1.88E-05
2063000,1.29E-05
2063100,1.48E-05
2063200,9.87E-06
2063300,1.19E-05
2063400,2.23E-05
2063501,0
2063502,1.04E-05
2063600,1.39E-05
2063700,2.48E-06
2063800,1.58E-05
2063900,1.74E-05
2064000,1.79E-05
2064100,1.34E-05
2064200,1.39E-05
2064300,1.44E-05
2064400,1.93E-05
2064500,2.62E-05
2064600,1.83E-05
2064700,2.03E-05
2064800,1.29E-05
2064900,2.27E-05
2065000,2.48E-05
2065100,1.53E-05
2065200,2.48E-05
2065300,2.08E-05
2065401,8.40E-06
2065402,1.98E-06
2065403,1.09E-05
2065500,7.91E-06
2065600,9.87E-06
2065700,2.48E-05
2065801,2.18E-05
2065802,7.42E-06
2065900,9.87E-06
2066001,4.01E-05
2066002,2.08E-05
2066100,1.24E-05
2066201,1.44E-05
2066202,3.96E-06
2066301,7.91E-06
2066302,1.34E-05
2066303,4.45E-06
2066401,5.90E-05
2066402,3.96E-05
2066403,7.91E-06
2066500,3.42E-05
2066600,3.18E-05
2066701,0
2066703,3.96E-06
2066704,6.93E-06
2066705,3.47E-06
2066706,3.47E-06
2066800,1.63E-05
2066900,6.31E-05
2067000,0.000150989
2067100,1.98E-05
2067200,1.79E-05
2067301,1.74E-05
2067302,4.02E-05
2067400,1.98E-06
2067500,3.47E-06
2067600,2.77E-05
2067700,2.32E-05
2067801,4.95E-06
2067802,1.98E-06
2067900,2.32E-05
2068000,1.14E-05
2068100,1.63E-05
2068200,8.89E-06
2068300,5.94E-06
2068400,4.87E-05
2068500,3.43E-05
2068600,1.48E-06
2068700,1.24E-05
2068800,1.79E-05
2068900,1.24E-05
2069001,4.95E-07
2069003,7.42E-06
2069004,1.19E-05
2069005,9.38E-06
2069103,6.43E-06
2069105,1.24E-05
2069106,1.34E-05
2069107,1.58E-05
2069108,1.98E-06
2069203,1.93E-05
2069204,2.48E-05
2069205,1.93E-05
2069206,1.48E-05
2069207,1.29E-05
2069208,6.43E-06
2069303,2.53E-05
2069304,1.79E-05
2069307,1.19E-05
2069308,2.08E-05
2069309,9.87E-06
2069310,4.17E-05
2069311,3.56E-05
2069400,8.40E-06
2069500,2.48E-05
2069600,1.39E-05
2069700,1.68E-05
2069801,2.08E-05
2069802,3.03E-05
2069900,1.53E-05
2070000,3.96E-06
2070101,2.97E-06
2070102,1.24E-05
2070103,1.04E-05
2070104,3.96E-06
2070201,1.04E-05
2070202,1.19E-05
2070203,1.04E-05
2070301,4.11E-05
2070302,1.44E-05
2070303,1.53E-05
2070401,1.88E-05
2070402,3.61E-05
2070403,5.45E-06
2070405,3.86E-05
2070406,1.48E-06
2070500,1.98E-05
2070600,3.61E-05
2070700,2.18E-05
2070800,1.09E-05
2070901,4.42E-05
2070902,6.43E-06
2070903,1.39E-05
2071003,9.38E-06
2071004,2.48E-06
2071005,2.97E-06
2071006,1.48E-06
2071100,2.18E-05
2071201,1.93E-05
2071202,2.62E-05
2071203,2.43E-05
2071204,2.97E-05
2071205,2.27E-05
2071206,2.67E-05
2071207,1.74E-05
2071301,1.58E-05
2071302,2.13E-05
2071304,9.87E-07
2071305,1.74E-05
2071306,1.19E-05
2071307,1.48E-05
2071401,1.34E-05
2071402,2.43E-05
2071403,2.62E-05
2071503,1.44E-05
2071504,8.89E-06
2071505,7.42E-06
2071506,3.47E-06
2071601,2.77E-05
2071602,2.32E-05
2071700,6.25E-05
2071800,1.34E-05
2071901,3.79E-05
2071902,2.82E-05
2072000,4.75E-05
2072101,7.42E-06
2072102,3.96E-06
2072203,6.93E-06
2072204,3.96E-06
2072205,1.19E-05
2072206,4.95E-06
2072300,1.24E-05
2072401,1.98E-06
2072402,3.61E-05
2072403,5.94E-06
2072404,3.27E-05
2072406,3.02E-05
2072407,3.32E-05
2072408,1.83E-05
2072409,4.70E-05
2072411,2.77E-05
2072414,4.45E-06
2072415,1.88E-05
2072416,1.24E-05
2072417,1.53E-05
2072418,1.04E-05
2072419,4.45E-06
2072420,1.09E-05
2072421,1.14E-05
2072422,1.04E-05
2072423,1.19E-05
2072424,6.43E-06
2072425,1.53E-05
2072426,1.44E-05
2072427,1.19E-05
2072504,3.61E-05
2072505,3.22E-05
2072506,6.14E-05
2072507,4.26E-05
2072511,1.98E-05
2072515,1.48E-05
2072516,1.04E-05
2072517,3.37E-05
2072518,3.12E-05
2072519,7.66E-05
2072520,6.93E-06
2072522,8.00E-05
2072524,4.45E-06
2072525,1.79E-05
2072526,3.61E-05
2072527,2.82E-05
2072528,2.58E-05
2072529,6.43E-06
2072530,2.18E-05
2072531,3.96E-06
2072532,4.95E-06
2072533,7.91E-06
2072534,8.89E-06
2072535,1.19E-05
2072536,1.04E-05
2072537,8.40E-06
2072538,6.43E-06
2072539,9.87E-06
2072540,8.89E-06
2072541,9.87E-06
2072542,7.91E-06
2072543,3.47E-05
2072600,5.97E-05
2072702,0
2072705,0
2072706,0
2072708,4.45E-06
2072709,0
2072710,0
2072711,0
2072712,0
2072713,0
2072800,3.51E-05
2072900,2.43E-05
2073000,2.48E-05
2073103,7.91E-06
2073105,1.09E-05
2073106,1.39E-05
2073107,8.40E-06
2073108,1.29E-05
2073109,1.34E-05
2073110,8.89E-06
2073111,9.87E-06
2073201,8.89E-06
2073202,1.44E-05
2073300,1.79E-05
2073400,3.37E-05
2073500,7.91E-06
2073600,2.32E-05
2073700,1.19E-05
2073800,1.74E-05
2073900,2.37E-05
2074000,2.87E-05
2074100,3.46E-05
2074201,3.82E-05
2074202,3.12E-05
2074301,4.21E-05
2074302,4.95E-05
2074400,1.44E-05
2074500,2.72E-05
2074600,2.92E-05
2074700,1.14E-05
2074800,1.48E-05
2074900,1.63E-05
2075000,1.44E-05
2075101,2.72E-05
2075102,1.48E-06
2075103,2.48E-05
2075200,1.09E-05
2075301,1.63E-05
2075302,9.38E-06
2075401,5.45E-06
2075402,1.98E-05
2075500,2.37E-05
2075600,1.04E-05
2075700,1.68E-05
2075800,1.58E-05
2075900,1.39E-05
2076000,1.74E-05
2076100,3.76E-05
2076200,1.74E-05
2076300,1.88E-05
2076400,2.53E-05
2076500,2.13E-05
2076600,1.29E-05
2076700,7.91E-06
2076800,1.24E-05
2076900,3.46E-05
2077000,9.87E-06
2077100,3.86E-05
2077200,1.48E-05
2077300,1.34E-05
2077400,1.48E-05
2077501,1.93E-05
2077502,1.24E-05
2077503,0
2077600,2.77E-05
2077700,3.27E-05
2077800,1.68E-05
2077900,2.03E-05
2078000,1.48E-05
2078100,1.58E-05
2078200,7.91E-06
2078302,6.93E-06
2078303,1.48E-06
2078304,0
2078400,1.14E-05
2078500,2.87E-05
2078600,9.16E-05
2078701,4.51E-05
2078702,3.96E-06
2078800,2.58E-05
2078900,2.03E-05
2079000,1.63E-05
2079100,1.68E-05
2079200,4.96E-05
2079300,1.88E-05
2079401,1.04E-05
2079402,1.34E-05
2079500,1.53E-05
2079600,5.45E-06
2079700,2.08E-05
2079800,1.58E-05
2079900,2.08E-05
2080000,4.06E-05
2080100,4.06E-05
2080200,2.48E-05
2080300,2.08E-05
2080400,3.56E-05
2080500,2.18E-05
2080600,1.44E-05
2080700,2.37E-05
2080800,1.48E-05
2080900,8.40E-06
2081000,2.08E-05
2081100,4.40E-05
2081200,1.39E-05
2081300,2.43E-05
2081401,2.08E-05
2081402,2.82E-05
2081403,1.74E-05
2081501,5.45E-06
2081502,4.45E-06
2081601,1.24E-05
2081602,8.40E-06
2081700,2.72E-05
2081800,3.07E-05
2081901,9.87E-06
2081902,1.14E-05
2081903,1.34E-05
2082001,3.22E-05
2082002,2.87E-05
2082100,3.17E-05
2082200,3.46E-05
2082300,1.14E-05
2082400,9.87E-07
2082500,3.42E-05
2082600,9.87E-06
2082700,8.89E-06
2082800,3.96E-06
2082900,6.93E-06
2083000,2.62E-05
2083100,8.89E-06
2083200,2.67E-05
2083300,1.53E-05
2083400,1.14E-05
2083500,4.95E-06
2083600,9.87E-06
2083700,1.83E-05
2083800,1.34E-05
2083900,4.80E-05
2084000,1.09E-05
2084101,2.37E-05
2084102,0
2084200,6.43E-06
2084301,1.34E-05
2084302,0
2084400,2.48E-05
2084500,2.27E-05
2084600,3.56E-05
2084700,1.34E-05
2084800,1.14E-05
2084900,1.88E-05
2085000,2.13E-05
2085100,9.87E-06
2085202,9.87E-06
2085203,5.45E-06
2085204,9.38E-06
2085302,6.93E-06
2085303,3.96E-06
2085304,5.94E-06
2085400,2.03E-05
2085500,2.13E-05
2085600,1.88E-05
2085700,2.13E-05
2085800,1.83E-05
2085901,5.94E-05
2085903,2.53E-05
2085904,3.17E-05
2085905,3.56E-05
2086000,3.02E-05
2086101,4.95E-07
2086102,0
2086103,1.29E-05
2086104,7.67E-05
2086201,0
2086203,3.32E-05
2086204,3.32E-05
2086302,1.83E-05
2086303,3.37E-05
2086304,3.32E-05
2086306,3.37E-05
2086307,1.79E-05
2086310,4.26E-05
2086311,0
2086312,2.62E-05
2086313,0
2086315,5.25E-05
2086316,2.53E-05
2086317,2.77E-05
2086318,5.49E-05
2086401,0
2086403,1.93E-05
2086404,4.80E-05
2086406,2.08E-05
2086407,2.32E-05
2086408,2.43E-05
2086409,4.85E-05
2086501,2.97E-06
2086502,2.13E-05
2086605,5.05E-05
2086606,3.12E-05
2086607,3.17E-05
2086608,1.58E-05
2086609,3.96E-05
2086610,2.87E-05
2086611,2.77E-05
2086612,4.06E-05
2086613,1.19E-05
2086614,2.08E-05
2086615,2.32E-05
2086701,0
2086704,3.02E-05
2086706,1.74E-05
2086708,1.88E-05
2086709,7.70E-05
2086710,4.75E-05
2086713,2.97E-06
2086714,0.000161839
2086715,3.17E-05
2086716,3.32E-05
2086720,0
2086722,0.0001085
2086723,2.67E-05
2086724,2.53E-05
2086725,2.03E-05
2086726,3.42E-05
2086729,4.95E-06
2086730,1.34E-05
2086731,2.18E-05
2086732,1.44E-05
2086733,1.74E-05
2086734,1.29E-05
2086735,1.44E-05
2086736,1.29E-05
2086737,9.87E-07
2086738,1.53E-05
2086739,1.19E-05
2086740,9.38E-06
2086801,1.74E-05
2086802,1.63E-05
2086803,1.09E-05
2086900,3.61E-05
2087001,5.45E-05
2087002,2.72E-05
2087101,3.27E-05
2087103,4.95E-07
2087104,3.12E-05
2087200,1.48E-05
2087300,5.01E-05
2087401,9.87E-06
2087402,6.43E-06
2087500,1.44E-05
2087603,4.06E-05
2087604,2.23E-05
2087605,5.44E-05
2087606,2.62E-05
2087607,2.62E-05
2087700,5.10E-05
2087800,2.82E-05
2087900,2.13E-05
2088000,1.09E-05
2088100,1.98E-05
2088200,3.82E-05
2088300,4.95E-06
2088400,0
2088500,3.51E-05
2088600,2.62E-05
2088701,3.37E-05
2088703,3.37E-05
2088704,9.87E-07
2088705,0
2088800,5.94E-06
2088900,2.27E-05
2089001,6.93E-06
2089002,4.45E-06
2089100,5.16E-05
2089200,2.23E-05
2089300,2.48E-05
2089400,1.74E-05
2089500,2.87E-05
2089600,2.27E-05
2089700,2.82E-05
2089801,9.38E-06
2089802,1.98E-05
2089803,1.44E-05
2089804,1.79E-05
2089900,7.42E-06
2090001,8.89E-06
2090002,4.22E-05
2090101,1.53E-05
2090102,1.53E-05
2090201,3.82E-05
2090202,7.42E-06
2090203,6.93E-06
2090300,1.58E-05
2090402,4.95E-07
2090403,1.44E-05
2090404,1.29E-05
2090500,9.87E-06
2090601,8.89E-06
2090603,2.87E-05
2090604,0
2090700,1.09E-05
2090800,1.68E-05
2090900,9.87E-06
2091000,1.98E-05
2091100,2.77E-05
2091200,2.23E-05
2091300,1.29E-05
2091400,2.18E-05
2091500,2.08E-05
2091602,3.96E-06
2091603,3.96E-06
2091604,9.87E-06
2091700,1.34E-05
2091800,2.18E-05
2091900,1.34E-05
2092000,1.98E-05
2092100,2.82E-05
2092200,1.34E-05
2092300,2.53E-05
2092400,8.40E-06
2092500,2.97E-05
2092600,2.77E-05
2092700,1.74E-05
2092800,3.82E-05
2092900,2.48E-05
2093000,2.32E-05
2093100,2.18E-05
2093200,1.48E-06
2093300,1.44E-05
2093400,3.47E-06
2093500,2.97E-06
2093600,4.95E-07
2093701,1.83E-05
2093703,9.87E-06
2093704,1.19E-05
2093705,7.91E-06
2093706,1.24E-05
2093707,1.48E-05
2093803,1.24E-05
2093804,2.72E-05
2093805,9.87E-06
2093806,1.79E-05
2093807,1.68E-05
2093900,8.89E-06
2094001,8.40E-06
2094002,3.23E-05
2094101,1.34E-05
2094102,1.74E-05
2094200,1.79E-05
2094300,1.68E-05
2094400,4.85E-05
2094500,3.07E-05
2094601,1.44E-05
2094602,1.34E-05
2094700,4.45E-06
2094801,1.04E-05
2094802,4.45E-06
2094803,1.14E-05
2094804,6.93E-06
2094805,1.09E-05
2094900,1.68E-05
2095000,1.09E-05
2095101,6.43E-06
2095102,1.34E-05
2095103,8.89E-06
2095202,3.82E-05
2095203,9.38E-06
2095204,1.34E-05
2095205,3.96E-06
2095300,0
2095400,1.83E-05
2095500,1.44E-05
2095600,7.42E-06
2095700,1.98E-06
2095800,2.58E-05
2095900,1.34E-05
2096000,8.40E-06
2096100,1.68E-05
2096200,1.39E-05
2096300,9.87E-06
2096400,3.42E-05
2096500,1.44E-05
2096600,2.03E-05
2096700,1.58E-05
2096800,2.62E-05
2096900,2.18E-05
2097000,1.24E-05
2097100,3.66E-05
2097200,2.27E-05
2097300,5.94E-06
2097400,1.19E-05
2097502,6.43E-06
2097503,9.87E-06
2097504,6.43E-06
2097601,3.12E-05
2097602,2.97E-06
2097700,9.87E-07
2097800,0
2097900,0
2098000,1.29E-05
2098100,4.11E-05
2098200,3.37E-05
2098300,1.68E-05
2098400,2.48E-06
2098501,1.04E-05
2098502,4.95E-06
2098601,0
2098602,5.94E-06
2098700,3.27E-05
2098800,2.18E-05
2098900,0
2099000,5.45E-06
2099100,5.06E-05
2099200,1.34E-05
2099300,3.22E-05
2099400,2.58E-05
2099500,2.37E-05
2099600,3.96E-06
2099700,0
2099800,2.77E-05
2099901,2.48E-06
2099902,1.19E-05
2100000,2.97E-05
2100100,1.63E-05
2100200,2.08E-05
2100300,2.82E-05
2100400,2.92E-05
2100500,7.42E-06
2100600,2.03E-05
2100700,1.04E-05
2100800,1.19E-05
2100900,5.94E-06
2101000,1.58E-05
2101100,2.48E-05
2101200,2.18E-05
2101300,4.95E-06
2101400,9.87E-06
2101500,3.47E-06
2101600,7.91E-06
2101700,7.91E-06
2101801,2.97E-06
2101802,4.95E-07
2101900,3.27E-05
2102002,2.03E-05
2102003,8.89E-06
2102004,3.47E-06
2102005,8.40E-06
2102101,1.24E-05
2102102,1.68E-05
2102200,1.93E-05
2102300,2.37E-05
2102400,4.95E-07
2102501,3.27E-05
2102502,2.32E-05
2102600,1.98E-05
2102700,1.48E-05
2102800,2.87E-05
2102900,2.67E-05
2103001,3.47E-06
2103002,8.40E-06
2103100,2.13E-05
2103200,1.74E-05
2103300,1.14E-05
2103400,3.07E-05
2103500,2.37E-05
2103600,2.13E-05
2103700,6.93E-06
2103800,1.39E-05
2103900,0
2104000,2.23E-05
2104100,0
2104200,2.32E-05
2104301,1.29E-05
2104302,8.89E-06
2104401,1.48E-05
2104402,9.38E-06
2104500,0
2104601,1.98E-06
2104603,6.93E-06
2104604,0
2104700,1.44E-05
2104800,1.24E-05
2104903,1.63E-05
2104904,1.14E-05
2104905,1.44E-05
2104906,1.98E-06
2104907,1.48E-05
2105001,1.93E-05
2105002,1.93E-05
2105100,1.68E-05
2105201,1.39E-05
2105202,5.45E-06
2105203,9.38E-06
2105204,1.39E-05
2105300,2.43E-05
2105401,0
2105402,0
2105501,1.98E-06
2105502,0
2105503,0
2105600,2.18E-05
2105700,2.32E-05
2105800,2.53E-05
2105900,9.38E-06
2106000,1.58E-05
2106100,6.43E-06
2106200,0
2106301,0
2106302,0
2106400,6.43E-06
2106500,1.63E-05
2106601,6.43E-06
2106602,5.94E-06
2106603,8.40E-06
2106604,9.38E-06
2106605,1.09E-05
2106606,8.40E-06
2106700,1.39E-05
2106800,2.27E-05
2106900,1.98E-05
2107001,1.04E-05
2107002,1.19E-05
2107003,9.38E-06
2107004,5.94E-06
2107100,2.03E-05
2107201,1.83E-05
2107202,4.95E-06
2107300,1.48E-06
2107400,5.16E-05
2107500,1.48E-05
2107600,8.40E-06
2107700,1.98E-05
2107800,1.04E-05
2107900,1.63E-05
2108000,1.68E-05
2108100,3.27E-05
2108201,1.44E-05
2108202,1.04E-05
2108301,5.94E-05
2108303,1.44E-05
2108304,1.04E-05
2108400,1.68E-05
2108501,5.45E-06
2108502,9.38E-06
2108601,1.14E-05
2108602,1.09E-05
2108603,3.96E-06
2108700,1.88E-05
2108801,8.89E-06
2108802,1.24E-05
2108803,2.97E-06
2108804,8.89E-06
2108805,7.42E-06
2108900,1.19E-05
2109000,1.29E-05
2109100,1.63E-05
2109201,1.48E-06
2109202,2.97E-05
2109301,0
2109303,2.37E-05
2109304,3.42E-05
2109305,2.08E-05
2109400,1.58E-05
2109501,1.04E-05
2109502,9.87E-06
2109503,1.09E-05
2109600,1.93E-05
2109700,2.72E-05
2109801,3.47E-06
2109802,9.87E-06
2109900,1.83E-05
2110001,0
2110003,3.96E-06
2110004,3.02E-05
2110006,8.40E-06
2110007,1.19E-05
2110008,2.03E-05
2110101,2.92E-05
2110102,6.93E-06
2110103,4.45E-06
2110200,1.88E-05
2110301,1.68E-05
2110302,1.68E-05
2110400,2.67E-05
2110500,2.43E-05
2110601,1.68E-05
2110602,4.95E-07
2110700,1.68E-05
2110800,1.24E-05
2110900,1.93E-05
2111000,2.48E-05
2111100,2.18E-05
2111200,4.01E-05
2111300,1.58E-05
2111401,9.87E-07
2111402,0
2111500,2.32E-05
2111600,9.87E-07
2111700,1.29E-05
2111800,2.97E-06
2111900,3.46E-05
2112000,1.98E-06
2112101,1.63E-05
2112102,1.39E-05
2112200,1.88E-05
2112300,3.51E-05
2112400,2.77E-05
2112500,1.68E-05
2112600,1.04E-05
2112700,4.12E-05
2112800,2.67E-05
2112900,1.98E-05
2113000,1.39E-05
2113100,1.19E-05
2113201,5.45E-06
2113202,4.45E-06
2113301,4.95E-06
2113302,1.04E-05
2113400,2.13E-05
2113500,1.29E-05
2113601,1.14E-05
2113602,0
2113700,9.38E-06
2113800,1.39E-05
2113900,1.98E-05
2114001,3.47E-06
2114002,2.97E-06
2114100,1.88E-05
2114200,1.09E-05
2114300,1.68E-05
2114400,2.13E-05
2114500,1.83E-05
2114600,1.88E-05
2114700,2.53E-05
2114800,2.03E-05
2114900,1.79E-05
2115000,2.43E-05
2115100,1.53E-05
2115200,4.45E-06
2115301,3.02E-05
2115302,1.58E-05
2115303,1.04E-05
2115400,1.68E-05
2115500,1.83E-05
2115601,2.77E-05
2115602,6.14E-05
2115700,1.79E-05
2115800,2.13E-05
2115900,1.29E-05
2116000,1.04E-05
2116100,3.02E-05
2116200,2.37E-05
2116303,4.16E-05
2116304,1.58E-05
2116305,2.18E-05
2116306,3.12E-05
2116307,2.13E-05
2116308,1.79E-05
2116309,3.51E-05
2116310,5.79E-05
2116400,1.98E-06
2116500,4.98E-05
2116600,2.32E-05
2116700,3.15E-05
2116801,1.48E-05
2116802,9.87E-07
2116900,5.06E-05
2117002,0
2117003,5.27E-05
2117004,0
2117101,3.47E-06
2117102,2.97E-06
2117201,9.87E-07
2117202,2.48E-06
2117203,0
2117300,2.97E-06
2117400,0
2117500,2.08E-05
2117600,2.53E-05
2117700,4.45E-06
2117800,5.45E-06
2117901,4.95E-07
2117902,4.45E-06
2118001,1.68E-05
2118002,1.79E-05
2118003,1.24E-05
2118101,0
2118102,9.38E-06
2118200,1.79E-05
2118300,3.56E-05
2118400,7.42E-06
2118500,9.87E-07
2118600,1.48E-06
2118700,3.96E-06
2118800,4.95E-07
2118900,5.45E-06
2119000,1.98E-06
2119100,0.000132653
2119200,1.74E-05
2119300,1.53E-05
2119400,3.18E-05
2119500,0
2119600,1.04E-05
2119700,5.45E-06
2119800,0
2119900,9.87E-07
2120000,1.29E-05
2120100,7.42E-06
2120200,5.45E-06
2120300,1.48E-05
2120400,1.44E-05
2120500,1.39E-05
2120600,3.38E-05
2120700,2.23E-05
2120800,1.44E-05
2120900,1.88E-05
2121000,5.41E-05
2121100,6.93E-06
2121200,2.18E-05
2121300,0
2121400,4.95E-07
2121500,0
2121600,1.74E-05
2121700,3.48E-05
2121800,8.89E-06
2121900,9.87E-06
2122000,2.48E-06
2122100,0
2122200,0
2122300,4.95E-06
2122400,1.09E-05
2122500,3.37E-05
2122600,0
2122700,0
2122800,2.39E-05
2122900,2.18E-05
2123000,1.79E-05
2123100,4.22E-05
2123200,1.39E-05
2123300,1.58E-05
2123400,1.63E-05
2123500,1.58E-05
2123600,8.40E-06
2123700,1.19E-05
2123800,0
2123901,3.96E-06
2123902,4.31E-05
2124000,9.87E-07
2124100,0
2124200,4.95E-07
2124300,0.000179284
2124400,0.00013414
2124500,1.88E-05
2124600,4.95E-07
2124700,0
2124801,4.45E-06
2124802,1.44E-05
2124803,5.69E-05
2124900,4.40E-05
2125000,1.48E-06
2125100,0
2125200,0
2125300,0
2125400,0
2125500,9.87E-07
2125600,4.45E-06
2125700,2.39E-05
2125800,0.000137108
2125900,0
2126000,9.87E-07
2126100,3.96E-06
2126200,2.44E-05
2126300,2.54E-05
2126401,9.38E-06
2126402,0.000145529
2126403,2.92E-05
2126501,5.26E-05
2126502,1.68E-05
2126600,0.000137108
2126700,2.62E-05
2126800,4.95E-06
2126900,2.13E-05
2127000,4.95E-06
2127100,9.87E-07
2127200,1.44E-05
2127300,0
2127400,2.58E-05
2127500,0
2127600,7.00E-05
2127700,0.000143569
2127800,0
2127900,1.68E-05
2128000,2.27E-05
2128100,9.87E-07
2128200,7.30E-05
2128300,2.48E-06
2128400,5.45E-05
2128500,3.47E-06
2128600,6.43E-06
2128700,4.07E-05
2128800,2.92E-05
2128900,2.03E-05
2129000,2.27E-05
2129100,3.47E-06
2129200,1.24E-05
2129300,1.39E-05
2129400,1.44E-05
2129500,1.88E-05
2129600,0
2129700,0.000135624
2129800,1.19E-05
2129900,3.18E-05
2130000,1.34E-05
2130100,1.83E-05
2130200,1.68E-05
2130300,1.68E-05
2130400,1.98E-06
2130500,2.27E-05
2130600,0
2130700,2.72E-05
2130800,9.87E-06
2130900,0
2131000,2.48E-06
2131100,2.58E-05
2131200,0.000161349
2131300,0.000185234
2131400,2.48E-05
2131500,0.000171779
2131600,0.000210504
2131700,1.44E-05
2131800,0.000145039
2131900,5.94E-06
2132000,4.45E-06
2132100,1.24E-05
2132200,2.97E-06
2132300,2.97E-06
2132400,5.94E-06
2132500,5.45E-06
2132600,3.47E-06
2132700,4.95E-07
2132800,1.24E-05
2132900,0.000133643
2133000,3.47E-06
2133100,0
2133200,5.06E-05
2133300,3.12E-05
2133401,5.94E-06
2133402,8.40E-06
2133403,6.43E-06
2133404,1.04E-05
2133405,1.19E-05
2133406,4.45E-06
2133407,5.94E-06
2133408,9.87E-05
2133500,1.68E-05
2133600,3.22E-05
2133700,2.23E-05
2133800,1.48E-06
2133900,2.48E-06
2134000,0
2134100,8.28E-05
2134200,1.24E-05
2134300,9.87E-07
2134400,3.77E-05
2134500,1.09E-05
2134600,1.88E-05
2134700,7.42E-06
2134800,2.92E-05
2134900,5.00E-05
2135000,2.48E-06
2135100,1.48E-05
2135200,5.54E-05
2135300,1.53E-05
2135400,5.45E-06
2135500,0
2135600,5.30E-05
2135700,4.02E-05
2135800,0
2135900,2.72E-05
2136000,2.37E-05
2136100,1.98E-06
2136200,5.20E-05
2136300,9.87E-07
2136400,9.31E-05
2136500,3.71E-05
2136600,1.19E-05
2136700,7.42E-06
2136800,0
2136900,4.95E-07
2137000,0
2137102,0
2137103,0
2137104,0
2137105,0
2137107,2.39E-05
2137108,2.97E-06
2137201,0
2137203,0
2137204,0
2137307,0
2137309,0
2137312,0
2137313,0
2137315,0
2137316,0
2137317,0
2137318,0
2137319,0
2137320,0
2137321,0
2137322,0
2137323,5.94E-06
2137324,2.39E-05
2137325,0
2137326,0
2137327,0
2137400,1.48E-05
2137500,1.93E-05
2137600,2.23E-05
2137700,6.43E-06
2137800,3.18E-05
2137900,2.77E-05
2138000,1.34E-05
2138100,1.93E-05
2138200,1.98E-05
2138300,2.32E-05
2138400,1.24E-05
2138500,1.19E-05
2138600,1.48E-05
2138700,1.24E-05
2138800,0.000150009
2138900,1.19E-05
2139000,2.27E-05
2139100,4.95E-06
2139200,8.89E-06
2139300,2.03E-05
2139400,3.92E-05
2139500,3.87E-05
2139601,0
2139603,1.93E-05
2139604,0
2139700,3.02E-05
2139800,2.08E-05
2139900,2.13E-05
2140001,3.47E-06
2140002,1.83E-05
2140100,1.44E-05
2140200,2.08E-05
2140300,7.42E-06
2140400,9.87E-06
2140500,2.23E-05
2140600,1.68E-05
2140700,2.08E-05
2140800,4.17E-05
2140900,1.09E-05
2141001,2.18E-05
2141002,4.95E-07
2141100,1.74E-05
2141200,0
2141300,4.35E-05
2141400,1.58E-05
2141500,2.08E-05
2141600,1.39E-05
2141700,2.13E-05
2141800,1.48E-05
2141900,1.14E-05
2142000,1.83E-05
2142100,2.08E-05
2142200,3.63E-05
2142300,1.09E-05
2142400,3.02E-05
2142500,1.44E-05
2142600,3.97E-05
2142700,6.93E-06
2142800,1.98E-05
2142900,1.48E-06
2143000,4.12E-05
2143100,1.93E-05
2143200,1.24E-05
2143300,3.96E-06
2143400,2.97E-06
2143500,5.94E-06
2143600,1.19E-05
2143700,1.14E-05
2143800,3.68E-05
2143900,2.58E-05
2144000,1.53E-05
2144101,5.45E-06
2144102,2.82E-05
2144103,3.71E-05
2144200,8.48E-05
2144300,2.37E-05
2144400,3.71E-05
2144500,5.64E-05
2144600,2.32E-05
2144700,7.42E-06
2144800,4.21E-05
2144900,3.96E-06
2145001,5.45E-06
2145002,1.19E-05
2145003,6.43E-06
2145004,8.40E-06
2145005,5.94E-06
2145100,2.72E-05
2145200,1.68E-05
2145300,2.37E-05
2145400,2.97E-06
2145500,1.19E-05
2145601,2.62E-05
2145602,2.43E-05
2145700,3.53E-05
2145800,9.87E-06
2145900,3.96E-06
2146000,2.32E-05
2146100,2.18E-05
2146200,1.29E-05
2146300,5.59E-05
2146400,1.79E-05
2146500,2.13E-05
2146600,8.89E-06
2146700,1.44E-05
2146800,0
2146900,0
2147000,6.43E-06
2147100,2.18E-05
2147200,2.58E-05
2147300,1.48E-05
2147400,1.24E-05
2147500,1.98E-05
2147600,2.48E-05
2147700,1.83E-05
2147800,2.39E-05
2147900,1.48E-06
2148000,0.000668712
2148100,7.91E-06
2148201,0
2148202,9.87E-07
2148300,1.48E-06
2148400,5.20E-05
2148500,1.44E-05
2148601,6.43E-06
2148602,3.47E-06
2148700,6.43E-06
2148800,0
2148900,2.37E-05
2149000,1.04E-05
2149100,1.98E-06
2149200,2.03E-05
2149300,0
2149400,2.87E-05
2149500,9.87E-06
2149600,2.03E-05
2149700,2.48E-05
2149800,9.87E-06
2149900,1.83E-05
2150000,1.34E-05
2150100,1.14E-05
2150200,2.08E-05
2150300,1.53E-05
2150400,2.37E-05
2150500,2.43E-05
2150600,1.63E-05
2150700,1.98E-05
2150800,2.18E-05
2150900,2.67E-05
2151000,2.62E-05
2151100,1.68E-05
2151201,1.48E-05
2151202,1.48E-06
2151300,2.97E-05
2151400,1.83E-05
2151500,1.63E-05
2151600,1.34E-05
2151700,1.34E-05
2151800,1.74E-05
2151900,1.53E-05
2152000,1.44E-05
2152100,1.48E-05
2152201,1.39E-05
2152202,6.93E-06
2152301,5.45E-06
2152302,9.87E-06
2152401,6.93E-06
2152402,1.14E-05
2152501,1.04E-05
2152502,3.47E-06
2152600,4.42E-05
2152700,1.53E-05
2152800,1.24E-05
2152900,1.48E-05
2153000,1.68E-05
2153100,3.13E-05
2153200,4.95E-07
2153300,4.80E-05
2153400,1.09E-05
2153501,1.29E-05
2153502,4.45E-06
2153601,3.96E-06
2153603,1.24E-05
2153604,4.95E-06
2153605,6.93E-06
2153701,8.89E-06
2153702,1.98E-06
2153800,1.83E-05
2153900,1.44E-05
2154000,1.93E-05
2154100,2.13E-05
2154200,1.88E-05
2154300,3.92E-05
2154400,6.93E-06
2154500,6.93E-06
2154600,2.03E-05
2154701,9.38E-06
2154702,4.95E-06
2154800,1.53E-05
2154900,1.93E-05
2155000,1.74E-05
2155100,9.87E-06
2155200,2.82E-05
2155300,4.45E-06
2155400,0
2155500,1.34E-05
2155600,8.89E-06
2155700,5.45E-06
2155800,2.87E-05
2155900,1.83E-05
2156000,5.94E-06
2156100,1.04E-05
2156200,2.03E-05
2156300,8.40E-06
2156400,2.53E-05
2156500,7.91E-06
2156600,1.34E-05
2156700,2.13E-05
2156801,1.48E-06
2156802,9.87E-06
2156901,3.96E-06
2156902,1.39E-05
2157000,5.45E-06
2157101,3.96E-06
2157102,1.68E-05
2157200,1.88E-05
2157300,2.53E-05
2157400,3.77E-05
2157500,7.14E-05
2157600,2.23E-05
2157701,6.93E-06
2157702,1.29E-05
2157800,8.89E-06
2157900,2.82E-05
2158000,1.24E-05
2158100,1.04E-05
2158200,2.23E-05
2158300,1.14E-05
2158400,2.13E-05
2158500,1.44E-05
2158600,2.13E-05
2158700,1.19E-05
2158800,0.000153929
2158900,1.24E-05
2159000,1.48E-05
2159100,1.48E-05
2159201,1.29E-05
2159202,0.000143569
2159203,8.40E-06
2159204,9.87E-06
2159300,0
2159400,9.38E-06
2159500,4.21E-05
2159601,1.24E-05
2159602,7.91E-06
2159603,1.39E-05
2159604,7.91E-06
2159605,1.29E-05
2159606,8.40E-06
2159700,1.48E-05
2159801,4.95E-07
2159802,7.42E-06
2159900,1.34E-05
2160000,5.41E-05
2160101,3.91E-05
2160102,2.87E-05
2160200,4.56E-05
2160301,6.93E-06
2160302,4.95E-06
2160303,4.45E-06
2160400,3.47E-06
2160500,1.39E-05
2160600,1.93E-05
2160700,2.67E-05
2160801,5.94E-06
2160802,2.97E-06
2160900,1.88E-05
2161000,3.17E-05
2161100,2.53E-05
2161201,9.38E-06
2161202,5.94E-06
2161300,2.62E-05
2161400,2.03E-05
2161501,7.42E-06
2161502,1.39E-05
2161503,5.45E-06
2161601,8.40E-06
2161602,4.95E-06
2161700,1.63E-05
2161800,2.62E-05
2161900,2.77E-05
2162000,1.29E-05
2162100,2.32E-05
2162200,2.18E-05
2162300,1.88E-05
2162400,2.53E-05
2162500,2.18E-05
2162600,1.53E-05
2162700,0
2162800,1.19E-05
2162901,9.87E-06
2162902,7.42E-06
2162903,8.40E-06
2163000,9.38E-06
2163100,1.74E-05
2163201,6.43E-06
2163202,1.34E-05
2163300,5.01E-05
2163400,1.19E-05
2163500,1.29E-05
2163600,4.45E-06
2163700,1.14E-05
2163800,6.43E-06
2163900,1.93E-05
2164000,1.29E-05
2164100,1.98E-05
2164200,1.68E-05
2164300,2.27E-05
2164400,9.87E-07
2164500,2.13E-05
2164600,1.63E-05
2164700,3.86E-05
2164800,2.97E-05
2164901,1.09E-05
2164902,1.24E-05
2165000,2.23E-05
2165100,4.45E-06
2165200,2.82E-05
2165300,2.18E-05
2165400,6.69E-05
2165500,3.71E-05
2165600,1.09E-05
2165700,1.09E-05
2165800,7.42E-06
2165900,1.34E-05
2166000,2.55E-05
2166100,1.63E-05
2166200,1.88E-05
2166301,4.95E-06
2166302,2.97E-06
2166303,1.19E-05
2166400,2.13E-05
2166500,2.58E-05
2166600,1.34E-05
2166700,1.04E-05
2166800,4.06E-05
2166900,8.89E-06
2167000,1.19E-05
2167100,1.09E-05
2167200,7.91E-06
2167300,2.77E-05
2167400,3.37E-05
2167500,3.17E-05
2167600,1.39E-05
2167700,1.83E-05
2167800,1.79E-05
2167900,2.08E-05
2168000,1.88E-05
2168100,1.63E-05
2168200,2.37E-05
2168300,6.93E-06
2168400,1.68E-05
2168500,3.28E-05
2168600,1.93E-05
2168700,9.87E-06
2168800,1.19E-05
2168900,1.34E-05
2169000,1.04E-05
2169101,4.56E-05
2169102,1.68E-05
2169200,1.68E-05
2169300,4.80E-05
2169401,1.79E-05
2169402,1.48E-06
2169500,0
2169600,2.43E-05
2169700,2.48E-05
2169800,2.18E-05
2169901,3.96E-06
2169902,5.45E-06
2170000,1.58E-05
2170101,1.29E-05
2170102,2.27E-05
2170200,1.53E-05
2170300,5.94E-06
2170400,2.23E-05
2170500,8.40E-06
2170600,1.44E-05
2170700,3.61E-05
2170800,2.37E-05
2170901,1.14E-05
2170902,4.95E-07
2171001,3.96E-06
2171002,1.19E-05
2171003,7.42E-06
2171004,4.95E-07
2171005,3.96E-06
2171006,0
2171007,0
2171100,5.44E-05
2171200,4.01E-05
2171300,2.53E-05
2171400,1.93E-05
2171500,1.19E-05
2171600,1.88E-05
2171700,1.53E-05
2171800,2.82E-05
2171900,1.53E-05
2172000,3.17E-05
2172100,1.74E-05
2172200,2.08E-05
2172300,3.46E-05
2172400,1.09E-05
2172500,1.83E-05
2172600,1.34E-05
2172700,3.12E-05
2172800,6.93E-06
2172900,1.34E-05
2173000,1.83E-05
2173100,1.48E-05
2173200,2.55E-05
2173300,2.32E-05
2173400,1.44E-05
2173501,4.95E-06
2173502,1.09E-05
2173503,1.04E-05
2173600,1.44E-05
2173700,1.34E-05
2173800,1.24E-05
2173900,2.58E-05
2174000,3.37E-05
2174100,1.19E-05
2174200,2.67E-05
2174300,1.09E-05
2174400,1.58E-05
2174500,1.19E-05
2174600,3.12E-05
2174700,3.76E-05
2174800,3.12E-05
2174900,1.93E-05
2175000,1.74E-05
2175100,2.37E-05
2175200,2.53E-05
2175300,2.72E-05
2175400,2.23E-05
2175501,1.68E-05
2175502,2.59E-05
2175600,0
2175700,3.34E-05
2175800,2.08E-05
2175900,1.93E-05
2176000,1.63E-05
2176100,1.53E-05
2176200,4.95E-07
2176300,9.87E-07
2176400,5.94E-06
2176500,3.07E-05
2176600,2.48E-05
2176701,1.29E-05
2176702,7.91E-06
2176800,2.37E-05
2176900,1.88E-05
2177000,2.23E-05
2177100,2.58E-05
2177200,2.27E-05
2177300,2.03E-05
2177400,1.83E-05
2177500,3.37E-05
2177600,1.24E-05
2177700,1.19E-05
2177800,7.42E-06
2177900,0
2178000,4.95E-06
2178101,2.13E-05
2178102,2.27E-05
2178200,3.96E-06
2178300,2.48E-06
2178400,1.19E-05
2178500,2.48E-06
2178600,1.63E-05
2178700,1.79E-05
2178801,3.61E-05
2178802,1.74E-05
2178900,1.58E-05
2179000,1.34E-05
2179101,2.23E-05
2179102,9.38E-06
2179200,1.48E-05
2179300,2.13E-05
2179400,1.83E-05
2179500,9.38E-06
2179600,3.07E-05
2179700,2.03E-05
2179800,2.08E-05
2179900,2.58E-05
2180001,5.45E-06
2180002,7.91E-06
2180101,4.45E-06
2180102,2.97E-06
2180200,1.48E-05
2180300,2.53E-05
2180400,3.42E-05
2180500,3.71E-05
2180601,0
2180602,1.83E-05
2180700,2.48E-05
2180800,1.53E-05
2180900,1.53E-05
2181000,3.46E-05
2181100,7.42E-06
2181201,1.44E-05
2181202,9.38E-06
2181301,7.42E-06
2181302,1.98E-06
2181400,1.88E-05
2181500,5.45E-06
2181600,2.39E-05
2181700,1.34E-05
2181800,2.03E-05
2181900,2.53E-05
2182000,2.37E-05
2182100,2.53E-05
2182200,2.53E-05
2182300,2.62E-05
2182400,1.58E-05
2182501,1.48E-05
2182502,9.87E-06
2182503,2.77E-05
2182504,3.51E-05
2182600,1.09E-05
2182700,1.24E-05
2182800,4.37E-05
2182900,4.42E-05
2183000,1.74E-05
2183100,1.79E-05
2183200,1.39E-05
2183300,1.48E-05
2183400,4.66E-05
2183500,1.88E-05
2183600,2.82E-05
2183700,2.13E-05
2183800,1.93E-05
2183901,5.45E-06
2183902,1.04E-05
2184000,1.39E-05
2184101,4.95E-06
2184102,1.19E-05
2184200,2.08E-05
2184300,2.43E-05
2184400,1.98E-05
2184500,5.94E-06
2184600,1.14E-05
2184700,1.68E-05
2184800,2.08E-05
2184900,1.19E-05
2185000,2.13E-05
2185100,2.62E-05
2185200,6.93E-06
2185300,9.38E-06
2185400,6.93E-06
2185500,1.79E-05
2185600,2.32E-05
2185700,5.94E-06
2185800,1.19E-05
2185900,1.98E-05
2186000,1.68E-05
2186100,1.98E-05
2186200,1.68E-05
2186300,1.63E-05
2186400,7.42E-06
2186500,2.87E-05
2186600,1.19E-05
2186701,8.89E-06
2186702,5.94E-06
2186703,1.53E-05
2186800,2.27E-05
2186900,1.58E-05
2187000,4.42E-05
2187101,4.95E-07
2187102,0
2187201,1.68E-05
2187202,1.83E-05
2187203,4.35E-05
2187301,0
2187303,4.56E-05
2187304,4.56E-05
2187306,4.61E-05
2187307,4.95E-06
2187402,3.82E-05
2187403,5.70E-05
2187404,3.27E-05
2187405,3.42E-05
2187406,3.07E-05
2187500,2.77E-05
2187600,1.74E-05
2187700,2.58E-05
2187801,6.93E-06
2187802,9.38E-06
2187803,9.87E-06
2187900,2.48E-05
2188001,1.98E-05
2188002,8.40E-06
2188101,7.42E-06
2188102,1.74E-05
2188200,1.68E-05
2188300,2.58E-05
2188400,2.62E-05
2188500,1.04E-05
2188601,8.89E-06
2188602,7.42E-06
2188700,1.88E-05
2188800,1.93E-05
2188900,4.27E-05
2189000,2.92E-05
2189100,1.39E-05
2189200,2.97E-05
2189300,2.77E-05
2189400,9.87E-06
2189500,1.79E-05
2189600,1.93E-05
2189700,4.95E-06
2189800,1.79E-05
2189901,3.96E-06
2189902,3.47E-06
2190001,2.97E-05
2190003,6.43E-06
2190004,2.48E-06
2190100,1.04E-05
2190200,0
2190300,1.83E-05
2190400,2.77E-05
2190500,1.98E-05
2190600,2.27E-05
2190700,2.67E-05
2190800,1.58E-05
2190900,2.08E-05
2191000,2.13E-05
2191100,1.68E-05
2191200,2.13E-05
2191301,2.03E-05
2191302,2.97E-06
2191401,3.47E-06
2191402,3.96E-06
2191403,3.47E-06
2191500,1.63E-05
2191602,8.40E-06
2191603,5.94E-06
2191604,5.94E-06
2191605,3.47E-06
2191701,8.89E-06
2191702,5.45E-06
2191800,2.18E-05
2191900,1.63E-05
2192000,1.19E-05
2192100,1.83E-05
2192200,6.43E-06
2192301,2.97E-06
2192302,1.09E-05
2192400,2.13E-05
2192500,2.27E-05
2192600,1.83E-05
2192700,1.98E-05
2192800,1.04E-05
2192900,4.16E-05
2193000,1.79E-05
2193100,3.23E-05
2193200,3.96E-06
2193300,1.44E-05
2193400,3.07E-05
2193500,2.03E-05
2193600,2.23E-05
2193700,2.08E-05
2193801,1.74E-05
2193802,6.43E-06
2193900,8.40E-06
2194001,5.94E-06
2194002,2.97E-06
2194003,5.94E-06
2194101,8.89E-06
2194102,3.47E-06
2194103,1.63E-05
2194201,2.43E-05
2194202,8.89E-06
2194203,2.58E-05
2194301,4.66E-05
2194302,0
2194400,1.34E-05
2194500,1.83E-05
2194600,3.56E-05
2194701,9.87E-06
2194702,0
2194803,7.42E-06
2194804,4.95E-06
2194805,1.98E-06
2194806,1.68E-05
2194900,2.03E-05
2195000,2.53E-05
2195100,2.27E-05
2195201,8.89E-06
2195202,7.42E-06
2195203,6.93E-06
2195204,9.87E-06
2195300,4.45E-06
2195400,9.87E-07
2195501,4.45E-06
2195502,5.94E-06
2195503,3.96E-06
2195601,9.38E-06
2195602,1.53E-05
2195603,1.44E-05
2195700,8.40E-06
2195800,1.88E-05
2195900,3.82E-05
2196000,2.03E-05
2196100,6.43E-06
2196200,2.03E-05
2196300,1.24E-05
2196400,1.58E-05
2196500,1.58E-05
2196600,2.03E-05
2196700,1.88E-05
2196801,4.95E-06
2196802,9.38E-06
2196901,9.38E-06
2196902,7.91E-06
2197000,2.72E-05
2197101,1.19E-05
2197102,1.14E-05
2197201,9.87E-06
2197202,1.48E-05
2197301,1.74E-05
2197302,1.19E-05
2197400,2.62E-05
2197500,9.38E-06
2197600,1.68E-05
2197700,1.98E-05
2197800,1.74E-05
2197900,2.27E-05
2198001,1.24E-05
2198002,5.45E-06
2198100,1.79E-05
2198201,1.04E-05
2198202,1.09E-05
2198301,4.45E-06
2198302,1.14E-05
2198400,2.43E-05
2198500,0
2198600,1.53E-05
2198700,9.38E-06
2198800,5.45E-06
2198901,1.04E-05
2198902,6.43E-06
2199000,1.79E-05
2199101,1.79E-05
2199102,6.43E-06
2199200,2.92E-05
2199300,1.83E-05
2199400,2.62E-05
2199500,1.79E-05
2199600,1.14E-05
2199700,1.88E-05
2199800,1.24E-05
2199900,5.94E-06
2200000,1.93E-05
2200101,6.43E-06
2200102,7.91E-06
2200103,6.93E-06
2200201,1.98E-06
2200202,8.40E-06
2200300,2.03E-05
2200400,1.79E-05
2200500,1.39E-05
2200600,0
2200700,0
2200800,3.27E-05
2200900,0
2201000,0
2201100,0
2201200,1.68E-05
2201300,2.48E-05
2201400,7.42E-06
2201500,6.93E-06
2201601,1.88E-05
2201602,2.43E-05
2201700,1.34E-05
2201800,2.58E-05
2201901,1.29E-05
2201902,1.44E-05
2201903,6.93E-06
2201904,6.93E-06
2202001,1.34E-05
2202002,1.68E-05
2202003,5.94E-06
2202004,1.63E-05
2202101,2.08E-05
2202102,1.24E-05
2202201,1.14E-05
2202202,5.94E-06
2202203,4.45E-06
2202301,1.34E-05
2202302,2.48E-06
2202303,7.91E-06
2202304,1.83E-05
2202401,3.47E-06
2202402,1.29E-05
2202501,3.71E-05
2202502,7.42E-06
2202601,1.04E-05
2202602,1.04E-05
2202701,1.04E-05
2202702,1.19E-05
2202703,1.19E-05
2202704,9.38E-06
2202800,1.48E-05
2202900,1.68E-05
2203000,2.03E-05
2203101,5.45E-06
2203102,3.96E-06
2203200,1.79E-05
2203300,1.79E-05
2203400,1.88E-05
2203500,0
2203600,1.34E-05
2203700,6.43E-06
2203800,0.000175209
2203900,3.51E-05
2204000,1.93E-05
2204100,2.37E-05
2204200,2.37E-05
2204300,2.62E-05
2204400,1.98E-05
2204500,2.77E-05
2204600,2.62E-05
2204700,2.08E-05
2204800,2.03E-05
2204900,2.27E-05
2205000,1.83E-05
2205100,1.79E-05
2205200,1.44E-05
2205300,2.32E-05
2205400,3.27E-05
2205500,2.18E-05
2205600,2.43E-05
2205701,1.24E-05
2205702,1.39E-05
2205800,1.68E-05
2205901,8.40E-06
2205902,7.42E-06
2205903,1.48E-05
2206001,9.38E-06
2206002,1.19E-05
2206003,3.96E-06
2206004,7.42E-06
2206101,1.63E-05
2206102,1.53E-05
2206103,1.24E-05
2206200,4.45E-06
2206300,2.48E-05
2206400,2.23E-05
2206500,1.88E-05
2206600,1.53E-05
2206700,3.47E-06
2206800,1.79E-05
2206900,2.13E-05
2207000,1.58E-05
2207100,1.88E-05
2207201,1.14E-05
2207202,1.63E-05
2207203,1.14E-05
2207301,9.38E-06
2207302,1.19E-05
2207400,2.32E-05
2207500,3.37E-05
2207600,1.44E-05
2207700,2.08E-05
2207800,2.08E-05
2207900,2.58E-05
2208000,1.29E-05
2208100,1.79E-05
2208200,5.45E-06
2208300,1.63E-05
2208400,2.08E-05
2208500,2.82E-05
2208600,2.03E-05
2208700,1.34E-05
2208800,1.24E-05
2208900,5.11E-05
2209000,2.62E-05
2209100,1.19E-05
2209200,1.63E-05
2209300,1.34E-05
2209400,7.42E-06
2209500,4.02E-05
2209600,2.13E-05
2209700,1.68E-05
2209800,2.43E-05
2209900,1.83E-05
2210000,2.18E-05
2210100,1.39E-05
2210200,3.32E-05
2210300,9.87E-06
2210400,2.03E-05
2210500,1.09E-05
2210600,1.74E-05
2210700,1.34E-05
2210800,1.68E-05
2210900,1.68E-05
2211000,8.40E-06
2211100,2.27E-05
2211200,1.19E-05
2211300,1.29E-05
2211400,2.27E-05
2211500,1.39E-05
2211600,3.27E-05
2211700,1.09E-05
2211800,1.68E-05
2211900,1.83E-05
2212000,3.47E-06
2212100,1.63E-05
2212200,2.77E-05
2212300,7.42E-06
2212400,8.40E-06
2212500,1.88E-05
2212600,1.93E-05
2212700,3.51E-05
2212800,2.58E-05
2212900,1.44E-05
2213000,2.27E-05
2213100,1.39E-05
2213200,1.93E-05
2213300,1.48E-06
2213400,3.71E-05
2213500,6.43E-06
2213600,2.92E-05
2213700,1.19E-05
2213800,8.40E-06
2213900,3.12E-05
2214000,1.98E-05
2214100,1.83E-05
2214200,7.42E-06
2214300,1.29E-05
2214400,1.93E-05
2214500,2.48E-05
2214600,2.13E-05
2214700,9.38E-06
2214800,8.40E-06
2214900,2.23E-05
2215000,2.18E-05
2215100,1.88E-05
2215200,1.58E-05
2215300,1.63E-05
2215400,3.47E-06
2215500,1.14E-05
2215600,1.63E-05
2215700,2.82E-05
2215800,1.24E-05
2215900,2.62E-05
2216000,3.76E-05
2216100,2.92E-05
2216200,1.98E-05
2216300,2.62E-05
2216400,2.13E-05
2216500,5.76E-05
2216600,4.27E-05
2216700,2.03E-05
2216801,9.87E-07
2216802,4.95E-06
2216900,9.87E-06
2217000,7.42E-06
2217100,1.09E-05
2217200,9.38E-06
2217300,6.93E-06
2217400,1.48E-06
2217500,3.96E-06
2217600,5.45E-06
2217700,4.95E-07
2217800,4.95E-06
2217900,2.48E-06
2218000,9.87E-07
2218100,9.38E-06
2218200,4.45E-06
2218300,1.98E-05
2218401,1.34E-05
2218402,1.44E-05
2218500,1.44E-05
2218600,1.68E-05
2218700,1.74E-05
2218800,1.14E-05
2218900,1.88E-05
2219000,2.97E-06
2219100,4.95E-06
2219200,2.64E-05
2219300,8.40E-06
2219400,2.32E-05
2219500,1.19E-05
2219600,8.40E-06
2219700,1.83E-05
2219800,1.24E-05
2219900,5.94E-06
2220000,9.38E-06
2220100,1.19E-05
2220201,1.98E-06
2220202,8.89E-06
2220300,8.40E-06
2220400,3.47E-06
2220500,3.54E-05
2220600,7.91E-06
2220700,6.43E-06
2220800,3.96E-06
2220900,4.95E-07
2221000,8.40E-06
2221102,7.91E-06
2221103,2.48E-06
2221104,9.87E-07
2221200,1.19E-05
2221300,1.58E-05
2221400,3.96E-06
2221500,1.24E-05
2221600,4.45E-06
2221701,6.43E-06
2221702,9.87E-07
2221800,7.91E-06
2221900,9.38E-06
2222000,6.93E-06
2222101,1.09E-05
2222102,7.91E-06
2222201,8.89E-06
2222202,8.40E-06
2222300,1.19E-05
2222400,1.04E-05
2222500,3.96E-06
2222600,2.48E-06
2222700,7.91E-06
2222800,4.95E-07
2222900,6.43E-06
2223000,8.40E-06
2223100,2.97E-06
2223200,9.87E-06
2223300,1.48E-06
2223400,2.48E-06
2223500,5.45E-06
2223600,8.89E-06
2223700,3.47E-06
2223800,3.96E-06
2223900,9.38E-06
2224000,5.94E-06
2224101,5.45E-06
2224102,4.95E-07
2224200,6.93E-06
2224300,6.43E-06
2224400,2.80E-05
2224500,4.45E-06
2224600,2.48E-06
2224701,1.48E-06
2224702,9.87E-07
2224800,4.45E-06
2224903,0
2224904,0
2224905,9.87E-07
2224906,0
2225001,2.97E-06
2225002,4.95E-07
2225100,4.95E-06
2225200,0.000142029
2225300,1.39E-05
2225400,7.42E-06
2225500,2.97E-06
2225600,8.40E-06
2225700,8.40E-06
2225800,5.45E-06
2225900,8.40E-06
2226000,8.40E-06
2226100,8.89E-06
2226200,7.42E-06
2226300,2.97E-06
2226400,3.47E-06
2226500,5.94E-06
2226600,1.98E-06
2226700,1.98E-06
2226800,9.87E-06
2226900,1.98E-06
2227000,1.14E-05
2227100,1.14E-05
2227200,8.40E-06
2227300,4.95E-06
2227400,7.42E-06
2227500,1.19E-05
2227600,1.04E-05
2227700,9.87E-06
2227800,2.48E-06
2227900,3.47E-06
2228000,2.48E-06
2228100,4.95E-06
2228200,7.42E-06
2228301,1.98E-06
2228302,9.87E-07
2228400,4.45E-06
2228501,9.87E-07
2228502,1.98E-06
2228600,4.95E-07
2228700,3.96E-06
2228800,1.98E-06
2228900,8.65E-05
2229001,2.48E-06
2229002,4.95E-06
2229100,2.97E-06
2229200,2.97E-06
2229300,2.97E-06
2229400,4.95E-06
2229500,1.09E-05
2229600,3.47E-06
2229701,1.98E-06
2229702,9.87E-07
2229801,6.43E-06
2229802,2.97E-06
2229901,1.98E-06
2229902,4.95E-06
2230000,6.93E-06
2230100,2.82E-05
2230200,4.47E-05
2230300,3.12E-05
2230400,2.77E-05
2230500,2.97E-05
2230600,1.98E-06
2230700,2.08E-05
2230800,7.42E-06
2230900,2.87E-05
2231001,8.40E-06
2231002,3.96E-06
2231100,2.48E-05
2231200,2.67E-05
2231300,1.63E-05
2231400,1.19E-05
2231500,1.93E-05
2231600,2.48E-05
2231700,1.68E-05
2231800,1.68E-05
2231900,5.45E-06
2232000,9.38E-06
2232100,1.24E-05
2232200,7.91E-06
2232300,1.74E-05
2232400,1.19E-05
2232500,7.91E-06
2232600,8.89E-06
2232700,9.87E-06
2232800,5.94E-06
2232900,1.74E-05
2233000,1.98E-05
2233100,1.09E-05
2233200,2.62E-05
2233300,2.23E-05
2233400,8.40E-06
2233500,2.08E-05
2233600,1.98E-05
2233700,4.26E-05
2233800,0
2233900,8.40E-06
2234000,1.29E-05
2234100,9.87E-07
2234200,1.04E-05
2234301,1.93E-05
2234302,1.98E-06
2234400,1.09E-05
2234500,1.24E-05
2234600,5.45E-06
2234700,1.24E-05
2234801,1.98E-06
2234802,1.83E-05
2234900,1.68E-05
2235000,2.62E-05
2235100,1.48E-05
2235200,1.58E-05
2235300,1.39E-05
2235400,2.08E-05
2235500,6.43E-06
2235600,1.88E-05
2235700,2.08E-05
2235800,2.58E-05
2235900,1.44E-05
2236000,1.29E-05
2236100,1.14E-05
2236200,1.83E-05
2236300,1.98E-05
2236400,8.40E-06
2236500,1.44E-05
2236600,9.38E-06
2236700,1.58E-05
2236800,1.14E-05
2236900,3.97E-05
2237000,4.76E-05
2237100,5.51E-05
2237200,1.63E-05
2237300,1.93E-05
2237400,1.53E-05
2237500,1.98E-05
2237600,1.63E-05
2237700,1.29E-05
2237800,0
2237900,2.48E-06
2238000,1.63E-05
2238100,5.45E-06
2238200,2.13E-05
2238300,4.45E-06
2238400,1.98E-06
2238500,1.93E-05
2238600,1.58E-05
2238700,5.45E-06
2238800,1.53E-05
2238900,6.43E-06
2239000,1.04E-05
2239100,1.74E-05
2239200,2.03E-05
2239300,2.77E-05
2239400,5.45E-06
2239500,1.98E-05
2239600,1.88E-05
2239700,1.53E-05
2239800,1.24E-05
2239900,2.03E-05
2240000,5.94E-06
2240100,1.58E-05
2240200,1.19E-05
2240300,1.83E-05
2240400,6.93E-06
2240500,2.32E-05
2240600,1.93E-05
2240700,1.34E-05
2240800,1.98E-05
2240900,1.79E-05
2241000,1.29E-05
2241100,2.03E-05
2241200,1.63E-05
2241301,1.74E-05
2241302,2.08E-05
2241400,1.93E-05
2241500,1.98E-05
2241600,1.14E-05
2241700,2.08E-05
2241800,2.13E-05
2241900,2.23E-05
2242000,1.24E-05
2242100,1.44E-05
2242200,1.58E-05
2242300,1.63E-05
2242400,1.98E-05
2242500,1.09E-05
2242600,3.47E-06
2242700,2.48E-06
2242800,4.95E-07
2242900,9.87E-07
2243000,0
2243100,0
2243200,0
2243300,0
2243400,0
2243500,4.95E-07
2243600,0
2243700,1.98E-06
2243800,6.93E-06
2243900,0
2244000,7.91E-06
2244100,1.29E-05
2244200,1.98E-06
2244300,6.93E-06
2244400,6.93E-06
2244500,9.38E-06
2244600,4.45E-06
2244700,0
2244800,2.74E-05
2244900,1.48E-06
2245000,0
2245100,9.87E-07
2245200,1.48E-06
2245300,0
2245400,0
2245500,3.96E-06
2245600,2.98E-05
2245700,9.87E-06
2245800,1.83E-05
2245900,7.42E-06
2246000,3.37E-05
2246100,1.74E-05
2246200,2.08E-05
2246300,1.63E-05
2246400,1.19E-05
2246500,3.91E-05
2246600,1.09E-05
2246700,9.87E-06
2246800,1.53E-05
2246900,7.42E-06
2247000,7.42E-06
2247100,1.98E-06
2247200,3.47E-06
2247300,1.09E-05
2247400,1.53E-05
2247500,7.42E-06
2247600,4.95E-07
2247700,0.000137108
2247800,4.45E-06
2247900,0
2248000,1.48E-05
2248100,2.58E-05
2248200,1.19E-05
2248300,2.58E-05
2248400,2.37E-05
2248500,1.44E-05
2248600,1.63E-05
2248700,0.000503288
2248800,2.18E-05
2248900,3.37E-05
2249000,2.18E-05
2249100,1.14E-05
2249200,7.42E-06
2249300,1.09E-05
2249400,1.68E-05
2249500,7.91E-06
2249600,1.98E-05
2249700,3.05E-05
2249800,1.24E-05
2249900,8.89E-06
2250000,1.04E-05
2250100,0
2250200,2.67E-05
2250300,2.58E-05
2250400,3.37E-05
2250500,1.74E-05
2250600,4.95E-06
2250700,1.39E-05
2250800,1.58E-05
2250900,1.44E-05
2251000,4.45E-06
2251100,5.94E-06
2251200,1.19E-05
2251301,4.95E-07
2251302,1.14E-05
2251400,1.98E-05
2251500,1.19E-05
2251600,1.09E-05
2251700,1.24E-05
2251800,1.63E-05
2251900,3.22E-05
2252000,2.43E-05
2252100,5.94E-06
2252200,0
2252300,2.97E-06
2252400,9.87E-07
2252501,4.45E-06
2252502,9.87E-07
2252600,6.79E-05
2252700,2.67E-05
2252800,2.27E-05
2252901,2.18E-05
2252902,3.42E-05
2253000,2.88E-05
2253100,1.09E-05
2253201,1.19E-05
2253202,3.56E-05
2253203,9.87E-07
2253300,2.43E-05
2253400,7.42E-06
2253501,2.37E-05
2253502,4.82E-05
2253503,2.65E-05
2253602,7.42E-06
2253603,9.38E-06
2253604,1.44E-05
2253605,8.89E-06
2253606,1.04E-05
2253700,3.47E-06
2253800,1.19E-05
2253900,0.000605471
2254000,2.37E-05
2254101,6.43E-06
2254102,1.04E-05
2254201,9.87E-07
2254202,1.29E-05
2254301,4.45E-06
2254302,1.39E-05
2254303,8.89E-06
2254400,1.29E-05
2254500,1.44E-05
2254601,9.87E-06
2254602,0
2254701,6.43E-06
2254702,1.48E-06
2254800,9.87E-06
2254900,9.87E-06
2255000,1.98E-06
2255100,2.80E-05
2255200,4.45E-06
2255300,1.74E-05
2255400,9.87E-07
2255500,6.43E-06
2255600,9.87E-07
2255700,1.29E-05
2255800,1.39E-05
2255900,1.39E-05
2256000,1.04E-05
2256100,1.34E-05
2256201,9.87E-07
2256202,9.87E-07
2256203,4.95E-07
2256204,2.65E-05
2256205,9.87E-07
2256206,4.95E-07
2256207,4.95E-07
2256208,0
2256209,4.95E-07
2256300,3.44E-05
2256400,8.89E-06
2256500,1.93E-05
2256600,2.97E-06
2256700,0
2256800,4.95E-07
2256900,9.87E-07
2257000,1.44E-05
2257100,1.63E-05
2257200,1.29E-05
2257300,2.43E-05
2257401,6.43E-06
2257402,1.09E-05
2257403,5.94E-06
2257404,1.04E-05
2257405,5.45E-06
2257406,1.63E-05
2257500,2.23E-05
2257600,2.62E-05
2257700,0.000516168
2257800,2.13E-05
2257900,8.40E-06
2258000,2.53E-05
2258100,0.000168924
2258200,7.42E-06
2258300,1.83E-05
2258400,3.07E-05
2258500,4.21E-05
2258600,2.58E-05
2258700,8.40E-06
2258800,3.03E-05
2258900,0.000265801
2259000,1.24E-05
2259100,1.34E-05
2259200,3.07E-05
2259300,8.40E-06
2259400,4.21E-05
2259500,0.000142029
2259600,9.87E-06
2259700,2.48E-06
2259800,5.94E-06
2259900,1.04E-05
2260000,2.18E-05
2260100,2.82E-05
2260200,3.17E-05
2260300,2.92E-05
2260400,2.53E-05
2260500,2.13E-05
2260600,5.54E-05
2260700,8.63E-05
2260800,1.24E-05
2260900,1.63E-05
2261000,0.000162819
2261100,1.74E-05
2261200,9.79E-05
2261300,7.91E-06
2261400,1.29E-05
2261500,1.04E-05
2261600,6.43E-06
2261700,4.42E-05
2261800,1.34E-05
2261900,7.91E-06
2262000,1.53E-05
2262100,1.24E-05
2262200,6.43E-06
2262300,8.40E-06
2262400,2.58E-05
2262500,1.68E-05
2262600,7.42E-06
2262700,3.03E-05
2262800,1.34E-05
2262900,2.97E-06
2263000,4.95E-06
2263100,1.39E-05
2263200,7.42E-06
2263300,6.43E-06
2263400,5.45E-06
2263500,1.24E-05
2263600,1.68E-05
2263700,1.53E-05
2263800,2.58E-05
2263900,3.73E-05
2264000,4.95E-07
2264100,6.93E-06
2264200,1.98E-05
2264300,0
2264400,0
2264500,3.47E-06
2264600,3.96E-06
2264700,4.95E-06
2264800,4.45E-06
2264900,1.98E-06
2265000,3.91E-05
2265100,1.14E-05
2265200,5.23E-05
2265300,3.96E-06
2265400,2.48E-05
2265500,1.24E-05
2265600,1.98E-05
2265700,0.000131536
2265800,0.001185602
2265900,1.63E-05
2266000,1.09E-05
2266100,6.41E-05
2266200,2.97E-05
2266300,0.000154567
2266400,9.43E-05
2266500,2.97E-05
2266600,2.97E-06
2266700,0.000200719
2266800,1.88E-05
2266900,1.19E-05
2267000,1.14E-05
2267100,1.88E-05
2267200,4.16E-05
2267300,1.39E-05
2267400,5.16E-05
2267500,4.45E-05
2267600,2.97E-06
2267700,4.57E-05
2267800,1.88E-05
2267900,1.53E-05
2268000,1.09E-05
2268100,1.63E-05
2268200,6.43E-06
2268300,1.04E-05
2268400,0
2268500,1.44E-05
2268601,9.87E-06
2268602,2.97E-06
2268700,6.43E-06
2268800,1.93E-05
2268900,3.87E-05
2269000,3.96E-06
2269100,2.37E-05
2269200,3.82E-05
2269300,1.48E-06
2269400,2.08E-05
2269500,9.87E-06
2269600,3.27E-05
2269700,5.94E-06
2269800,4.37E-05
2269900,0.000489379
2270000,2.43E-05
2270100,0.000166474
2270200,1.29E-05
2270300,1.14E-05
2270400,1.44E-05
2270500,5.94E-06
2270600,1.79E-05
2270700,7.91E-06
2270800,1.68E-05
2270900,9.87E-06
2271000,1.48E-05
2271100,1.24E-05
2271200,1.39E-05
2271300,1.34E-05
2271400,7.91E-06
2271500,8.89E-06
2271600,1.68E-05
2271700,8.89E-06
2271800,4.07E-05
2271901,9.44E-05
2271902,3.96E-06
2271903,2.97E-06
2272000,1.19E-05
2272100,5.94E-06
2272200,4.08E-05
2272300,1.79E-05
2272400,4.45E-06
2272501,6.43E-06
2272502,1.98E-06
2272601,1.48E-05
2272602,4.95E-07
2272701,4.95E-06
2272702,0
2272800,0.000260977
2272901,8.40E-06
2272902,0
2273000,8.80E-05
2273101,6.66E-05
2273102,0
2273201,0.00016902
2273202,0.000249077
2273300,0.000171498
2273400,2.48E-06
2273500,2.83E-05
2273600,1.58E-05
2273700,4.27E-05
2273800,3.73E-05
2273900,3.96E-06
2274000,1.98E-06
2274100,1.24E-05
2274200,2.44E-05
2274300,2.49E-05
2274400,5.94E-06
2274500,1.53E-05
2274600,2.39E-05
2274700,9.87E-07
2274800,3.47E-06
2274900,7.35E-05
2275000,1.24E-05
2275101,1.09E-05
2275102,1.34E-05
2275103,3.68E-05
2275200,5.94E-06
2275300,8.00E-05
2275400,4.52E-05
2275500,9.87E-06
2275600,2.97E-06
2275700,3.96E-06
2275800,4.45E-06
2275900,1.68E-05
2276001,2.48E-06
2276002,3.33E-05
2276101,9.87E-07
2276102,3.96E-06
2276103,5.08E-05
2276104,9.38E-06
2276200,1.98E-06
2276300,5.45E-06
2276400,2.67E-05
2276500,1.53E-05
2276600,9.04E-05
2276701,1.04E-05
2276702,4.95E-07
2276800,9.87E-06
2276901,9.87E-06
2276902,2.48E-06
2277000,9.38E-06
2277100,9.87E-06
2277200,6.43E-06
2277300,8.40E-05
2277400,1.93E-05
2277500,1.14E-05
2277600,4.52E-05
2277701,1.34E-05
2277702,3.08E-05
2277801,3.68E-05
2277802,1.24E-05
2277900,1.83E-05
2278000,2.48E-05
2278100,8.75E-05
2278200,1.29E-05
2278300,3.02E-05
2278400,1.93E-05
2278501,1.48E-06
2278503,1.29E-05
2278504,2.13E-05
2278505,1.74E-05
2278600,1.48E-05
2278700,2.27E-05
2278800,9.87E-06
2278901,2.95E-05
2278902,2.97E-06
2278903,7.42E-06
2278904,1.04E-05
2278905,1.48E-05
2278906,7.91E-06
2278907,3.47E-06
2279000,6.93E-06
2279101,1.68E-05
2279102,1.98E-05
2279103,1.74E-05
2279104,1.24E-05
2279200,1.24E-05
2279300,1.34E-05
2279400,1.98E-05
2279500,7.75E-05
2279601,2.97E-06
2279602,9.87E-07
2279603,7.42E-06
2279604,2.48E-06
2279702,0
2279703,0
2279704,1.48E-06
2279705,1.98E-06
2279801,0.00049865
2279803,2.62E-05
2279804,2.77E-05
2279805,3.63E-05
2279806,1.04E-05
2279807,4.95E-06
2279808,6.95E-05
2279809,1.98E-05
2279903,1.48E-06
2279904,1.58E-05
2279905,5.52E-05
2279906,4.21E-05
2279907,3.28E-05
2280001,0
2280003,0
2280004,0
2280006,2.27E-05
2280007,7.91E-06
2280008,2.13E-05
2280009,7.91E-06
2280010,6.43E-06
2280101,9.00E-05
2280102,7.91E-06
2280103,2.97E-06
2280104,4.95E-07
2280105,0.00016853
2280200,1.48E-06
2280300,1.48E-06
2280401,0.000254026
2280402,0
2280500,2.08E-05
2280601,9.87E-06
2280602,5.45E-06
2280603,8.40E-06
2280701,1.53E-05
2280702,6.93E-06
2280703,1.19E-05
2280704,7.42E-06
2280800,2.62E-05
2280901,1.24E-05
2280902,1.48E-05
2280903,0.000504758
2281000,1.98E-05
2281100,6.71E-05
2281200,7.66E-05
2281300,2.83E-05
2281400,5.07E-05
2281500,6.93E-06
2281600,4.93E-05
2281700,1.48E-06
2281801,7.61E-05
2281802,8.40E-06
2281901,3.96E-06
2281902,9.38E-06
2281903,2.98E-05
2281904,5.94E-06
2282001,1.14E-05
2282002,5.32E-05
2282003,9.87E-06
2282101,7.91E-05
2282102,2.93E-05
2282103,7.86E-05
2282201,1.44E-05
2282202,9.38E-06
2282203,7.91E-06
2282300,1.53E-05
2282400,2.27E-05
2282501,7.42E-06
2282502,4.95E-07
2282601,3.58E-05
2282602,1.29E-05
2282603,3.87E-05
2282700,4.07E-05
2282800,1.09E-05
2282901,2.74E-05
2282902,3.28E-05
2283000,1.48E-06
2283101,5.76E-05
2283102,0.000563448
2283200,5.21E-05
2283300,2.18E-05
2283400,0.00025551
2283500,0.000679279
2283600,1.14E-05
2283700,9.87E-06
2283800,3.47E-06
2283900,0.000180402
2284001,1.58E-05
2284002,4.11E-05
2284100,2.43E-05
2284200,8.89E-06
2284300,7.91E-06
2284400,4.56E-05
2284501,0
2284503,1.48E-06
2284504,2.83E-05
2284505,2.97E-06
2284506,3.96E-06
2284507,3.61E-05
2284601,6.43E-06
2284602,8.30E-05
2284700,4.95E-07
2284801,0.000172485
2284802,8.30E-05
2284900,4.95E-07
2285001,8.80E-05
2285002,2.97E-06
2285003,0.000175432
2285004,2.97E-06
2285101,6.47E-05
2285102,0.000166052
2285200,8.95E-05
2285301,0.000172485
2285302,8.35E-05
2285400,0.000251058
2285500,0.000256497
2285601,8.35E-05
2285602,8.30E-05
2285603,4.95E-07
2285604,0
2285701,2.48E-06
2285702,8.70E-05
2285703,8.65E-05
2285800,3.47E-06
2285900,8.30E-05
2286002,1.48E-06
2286003,0.000334084
2286004,9.87E-07
2286005,2.97E-06
2286006,0.000250064
2286007,9.87E-07
2286008,1.48E-06
2286009,0.00016902
2286010,4.95E-07
2286100,8.95E-05
2286200,2.03E-05
2286301,4.95E-06
2286302,6.93E-06
2286303,6.43E-06
2286402,8.30E-05
2286403,0
2286404,3.48E-05
2286405,3.13E-05
2286406,6.93E-06
2286407,8.02E-05
2286501,4.95E-06
2286502,6.93E-06
2286503,1.58E-05
2286504,1.29E-05
2286601,3.42E-05
2286602,2.48E-06
2286700,3.32E-05
2286800,0
2286900,0.000278267
2287001,1.79E-05
2287002,3.97E-05
2287100,0.000252045
2287200,5.35E-05
2287300,7.60E-05
2287400,1.14E-05
2287501,8.30E-05
2287502,0.000418594
2287600,0.000254523
2287700,0.00083422
2287800,0.000332598
2287900,1.39E-05
2288000,1.39E-05
2288100,2.08E-05
2288200,4.02E-05
2288301,4.95E-06
2288302,5.45E-06
2288303,4.78E-05
2288304,5.94E-06
2288305,1.19E-05
2288306,4.95E-07
2288307,3.47E-06
2288308,6.43E-06
2288309,1.98E-06
2288310,3.96E-06
2288401,3.27E-05
2288403,5.94E-06
2288404,2.97E-06
2288501,3.63E-05
2288502,5.45E-06
2288601,4.26E-05
2288602,6.93E-06
2288700,8.90E-05
2288800,1.39E-05
2288900,2.48E-06
2289000,1.98E-06
2289100,0.000202679
2289200,1.88E-05
2289302,3.71E-05
2289303,4.96E-05
2289304,2.03E-05
2289305,2.27E-05
2289400,6.24E-05
2289500,2.43E-05
2289601,4.56E-05
2289603,2.27E-05
2289604,2.32E-05
2289605,2.32E-05
2289700,9.38E-06
2289800,1.14E-05
2289900,1.63E-05
2290000,7.42E-06
2290100,9.87E-07
2290200,4.95E-07
2290300,1.19E-05
2290401,2.55E-05
2290402,1.04E-05
2290501,2.48E-06
2290502,2.97E-06
2290503,7.91E-06
2290601,9.87E-06
2290602,1.93E-05
2290702,4.45E-06
2290703,6.43E-06
2290704,6.43E-06
2290705,4.95E-06
2290706,9.87E-06
2290707,5.94E-06
2290800,1.09E-05
2290902,5.94E-06
2290903,3.96E-06
2290904,6.93E-06
2291000,1.09E-05
2291101,9.92E-05
2291102,1.83E-05
2291200,3.37E-05
2291301,3.28E-05
2291302,2.48E-06
2291303,6.93E-06
2291304,1.04E-05
2291305,1.14E-05
2291401,1.53E-05
2291402,0
2291403,1.39E-05
2291404,9.38E-06
2291500,1.14E-05
2291600,4.76E-05
2291700,0.000150499
2291801,6.93E-06
2291802,1.98E-06
2291901,1.53E-05
2291902,1.39E-05
2292000,3.43E-05
2292101,1.04E-05
2292102,3.47E-06
2292203,4.95E-07
2292204,5.79E-05
2292207,7.91E-06
2292208,6.43E-06
2292210,9.87E-07
2292213,2.97E-06
2292214,3.71E-05
2292215,3.47E-06
2292216,9.87E-07
2292217,1.14E-05
2292218,1.24E-05
2292219,4.95E-06
2292220,1.34E-05
2292221,1.34E-05
2292222,4.95E-07
2292223,1.48E-06
2292224,9.87E-07
2292302,1.74E-05
2292303,0
2292304,2.48E-06
2292400,2.37E-05
2292500,2.82E-05
2292600,1.48E-05
2292700,2.32E-05
2292800,1.88E-05
2292901,4.75E-05
2292902,2.82E-05
2293000,5.45E-06
2293101,3.76E-05
2293102,1.29E-05
2293201,6.43E-06
2293202,2.97E-06
2293300,3.32E-05
2293400,0.000166467
2293500,2.92E-05
2293600,4.17E-05
2293700,3.32E-05
2293800,5.08E-05
2293900,1.53E-05
2294000,1.09E-05
2294100,1.09E-05
2294200,2.08E-05
2294300,1.58E-05
2294400,1.48E-05
2294500,2.03E-05
2294600,0.000520158
2294700,0.000500817
2294800,4.45E-06
2294900,0.00013414
2295000,4.95E-07
2295100,0.000510218
2295200,3.37E-05
2295300,1.34E-05
2295401,2.48E-06
2295402,1.29E-05
2295501,9.38E-06
2295502,1.24E-05
2295503,1.19E-05
2295601,1.48E-05
2295602,3.73E-05
2295701,1.14E-05
2295702,1.29E-05
2295801,5.94E-06
2295802,1.09E-05
2295803,7.42E-06
2295804,1.09E-05
2295805,8.40E-06
2295900,1.93E-05
2296000,6.43E-06
2296100,3.27E-05
2296200,3.71E-05
2296300,3.91E-05
2296400,4.92E-05
2296500,4.70E-05
2296600,3.76E-05
2296700,2.97E-06
2296800,9.38E-06
2296900,1.48E-05
2297000,5.16E-05
2297100,1.58E-05
2297200,2.58E-05
2297300,3.27E-05
2297400,1.39E-05
2297500,7.42E-06
2297600,1.48E-06
2297700,0.000158522
2297800,0
2297900,2.43E-05
2298000,1.74E-05
2298100,2.32E-05
2298201,2.37E-05
2298202,1.04E-05
2298300,1.39E-05
2298400,6.81E-05
2298501,1.39E-05
2298502,1.19E-05
2298600,9.44E-05
2298700,9.87E-07
2298801,3.96E-06
2298802,0
2298900,4.88E-05
2299000,0
2299100,6.43E-06
2299200,1.98E-06
2299300,2.39E-05
2299400,0
2299500,9.87E-07
2299600,2.49E-05
2299700,3.87E-05
2299800,8.89E-06
2299900,2.27E-05
2300001,1.14E-05
2300002,9.87E-07
2300100,2.97E-06
2300200,2.48E-05
2300300,2.18E-05
2300400,4.52E-05
2300501,4.56E-05
2300502,9.87E-07
2300601,0
2300602,6.93E-06
2300700,2.48E-06
2300800,1.93E-05
2300900,2.43E-05
2301000,4.01E-05
2301100,4.57E-05
2301200,4.37E-05
2301300,1.93E-05
2301400,2.27E-05
2301500,2.72E-05
2301600,2.62E-05
2301700,2.62E-05
2301800,4.45E-05
2301900,1.39E-05
2302000,3.86E-05
2302100,4.75E-05
2302200,2.48E-05
2302300,2.03E-05
2302400,2.08E-05
2302500,2.13E-05
2302600,2.18E-05
2302700,1.79E-05
2302800,2.82E-05
2302900,3.07E-05
2303001,2.37E-05
2303002,2.53E-05
2303100,3.22E-05
2303200,2.77E-05
2303300,2.77E-05
2303400,3.37E-05
2303501,8.89E-06
2303502,7.42E-06
2303503,1.29E-05
2303504,7.42E-06
2303505,2.48E-06
2303600,2.87E-05
2303700,1.88E-05
2303800,2.03E-05
2303900,2.32E-05
2304000,2.32E-05
2304100,3.61E-05
2304200,2.37E-05
2304300,3.07E-05
2304400,2.58E-05
2304502,6.43E-06
2304504,1.29E-05
2304505,8.89E-06
2304506,2.03E-05
2304507,1.83E-05
2304508,2.32E-05
2304600,4.75E-05
2304700,3.96E-06
2304800,1.19E-05
2304900,3.37E-05
2305000,2.72E-05
2305100,2.97E-05
2305200,2.48E-05
2305300,3.17E-05
2305400,4.51E-05
2305500,7.42E-06
2305600,3.96E-05
2305700,1.48E-05
2305800,1.53E-05
2305900,2.03E-05
2306000,1.93E-05
2306100,2.03E-05
2306200,2.67E-05
2306300,2.08E-05
2306400,1.93E-05
2306501,1.68E-05
2306502,3.02E-05
2306605,3.17E-05
2306606,2.87E-05
2306607,4.61E-05
2306609,8.40E-06
2306610,1.04E-05
2306611,1.48E-06
2306612,2.03E-05
2306613,1.53E-05
2306614,0
2306615,1.14E-05
2306616,6.43E-06
2306617,2.08E-05
2306618,1.19E-05
2306620,1.29E-05
2306621,1.24E-05
2306622,3.07E-05
2306623,0
2306700,2.82E-05
2306800,2.92E-05
2306900,1.88E-05
2307000,1.83E-05
2307100,3.07E-05
2307201,1.04E-05
2307202,9.38E-06
2307203,1.88E-05
2307204,5.36E-05
2307205,2.48E-06
2307301,2.27E-05
2307302,3.22E-05
2307303,1.88E-05
2307400,1.44E-05
2307500,9.14E-05
2307600,2.48E-06
2307700,8.70E-05
2307800,1.48E-06
2307900,8.35E-05
2308000,0.000167039
2308100,8.50E-05
2308202,0
2308203,8.30E-05
2308204,0
2308300,0
2308400,3.54E-05
2308500,2.53E-05
2308600,1.98E-06
2308700,1.19E-05
2308800,1.79E-05
2308900,6.93E-06
2309000,2.72E-05
2309100,1.83E-05
2309200,9.87E-07
2309300,1.68E-05
2309400,9.38E-06
2309500,5.94E-06
2309600,1.79E-05
2309700,3.81E-05
2309800,9.87E-07
2309900,1.98E-06
2310001,0
2310002,8.85E-05
2310100,7.91E-06
2310200,2.97E-06
2310300,4.95E-07
2310400,5.45E-06
2310500,0
2310600,8.55E-05
2310701,6.93E-06
2310702,4.45E-06
2310800,2.48E-06
2310900,3.63E-05
2311000,1.44E-05
2311100,1.98E-06
2311200,2.97E-06
2311300,4.45E-06
2311400,1.79E-05
2311501,0.000250064
2311502,1.48E-06
2311600,0.000586627
2311700,0.000138747
2311801,0.000146999
2311802,4.61E-05
2311900,1.58E-05
2312000,0.000284361
2312100,2.32E-05
2312200,5.61E-05
2312300,3.13E-05
2312400,1.53E-05
2312500,0.00024254
2312600,3.43E-05
2312700,1.09E-05
2312801,5.67E-05
2312802,3.68E-05
2312900,3.02E-05
2313000,8.70E-05
2313100,3.48E-05
2313200,9.87E-07
2313300,4.95E-07
2313400,3.58E-05
2313500,7.18E-05
2313600,3.29E-05
2313700,7.91E-06
2313800,2.23E-05
2313900,0.000121261
2314000,2.23E-05
2314100,4.52E-05
2314200,5.90E-05
2314300,0.000104796
2314400,8.89E-06
2314500,4.95E-07
2314600,6.93E-06
2314700,1.98E-06
2314800,2.48E-06
2314900,0
2315000,9.38E-06
2315100,2.97E-06
2315200,9.69E-05
2315300,0
2315400,3.61E-05
2315500,3.02E-05
2315600,0.000115196
2315700,1.24E-05
2315801,1.09E-05
2315802,9.38E-06
2315901,1.39E-05
2315902,1.14E-05
2316001,0
2316002,1.48E-06
2316101,1.24E-05
2316102,9.87E-06
2316103,6.43E-06
2316104,6.43E-06
2316201,1.98E-06
2316202,1.44E-05
2316203,8.89E-06
2316204,8.40E-06
2316205,1.14E-05
2316206,8.40E-06
2316207,3.47E-06
2316301,3.96E-06
2316302,1.04E-05
2316303,8.40E-06
2316400,1.39E-05
2316501,1.58E-05
2316502,1.68E-05
2316503,5.59E-05
2316600,2.67E-05
2316700,4.45E-05
2316802,3.27E-05
2316803,4.32E-05
2316804,6.25E-05
2316900,2.93E-05
2317000,1.93E-05
2317100,4.32E-05
2317200,7.55E-05
2317300,3.47E-06
2317400,6.95E-05
2317500,7.70E-05
2317600,9.39E-05
2317700,2.48E-05
2317800,3.51E-05
2317900,2.87E-05
2318000,3.66E-05
2318100,3.12E-05
2318200,1.68E-05
2318300,5.21E-05
2318400,4.92E-05
2318500,9.03E-05
2318600,1.68E-05
2318700,5.31E-05
2318800,1.09E-05
2318900,4.95E-07
2319000,0
2319100,7.91E-06
2319200,1.48E-06
2319300,1.48E-06
2319400,4.95E-07
2319500,4.95E-07
2319600,2.49E-05
2319700,0.000102471
2319800,0.000264812
2319900,6.56E-05
2320000,4.95E-07
2320100,9.87E-07
2320200,2.44E-05
2320300,0.000137605
2320400,4.95E-07
2320500,0
2320600,1.48E-06
2320700,5.94E-06
2320800,0.000160006
2320900,8.89E-06
2321000,0.000145529
2321100,3.82E-05
2321200,1.48E-05
2321300,1.09E-05
2321400,6.00E-05
2321500,1.83E-05
2321600,6.93E-06
2321700,5.94E-06
2321800,1.83E-05
2321900,4.96E-05
2322000,1.44E-05
2322100,3.73E-05
2322200,3.92E-05
2322300,3.48E-05
2322400,4.42E-05
2322500,2.37E-05
2322600,2.08E-05
2322700,1.83E-05
2322800,2.08E-05
2322900,1.93E-05
2323000,2.37E-05
2323100,2.48E-05
2323200,4.95E-06
2323300,4.61E-05
2323400,1.34E-05
2323500,9.38E-06
2323600,1.74E-05
2323700,1.63E-05
2323800,1.14E-05
2323900,1.39E-05
2324000,1.44E-05
2324100,2.92E-05
2324200,3.42E-05
2324300,1.19E-05
2324400,1.79E-05
2324500,2.43E-05
2324600,1.14E-05
2324700,1.79E-05
2324800,1.48E-06
2324900,2.97E-06
2325000,0.000133146
2325100,0.000168434
2325201,0
2325202,2.32E-05
2325300,1.83E-05
2325400,4.66E-05
2325500,3.87E-05
2325600,1.79E-05
2325700,4.07E-05
2325800,1.34E-05
2325900,2.08E-05
2326001,0
2326002,6.36E-05
2326101,2.93E-05
2326102,6.93E-06
2326103,4.95E-06
2326104,4.45E-06
2326201,1.04E-05
2326202,9.38E-06
2326300,3.07E-05
2326400,5.01E-05
2326500,1.14E-05
2326600,2.18E-05
2326700,1.14E-05
2326801,1.04E-05
2326802,9.87E-07
2326900,5.20E-05
2327001,7.42E-06
2327002,1.04E-05
2327100,1.93E-05
2327200,1.63E-05
2327301,2.97E-06
2327302,1.19E-05
2327303,7.91E-06
2327400,1.53E-05
2327500,4.82E-05
2327601,4.45E-06
2327602,1.24E-05
2327605,1.88E-05
2327606,9.38E-06
2327607,1.24E-05
2327608,6.93E-06
2327609,1.53E-05
2327610,1.29E-05
2327700,1.09E-05
2327802,4.01E-05
2327803,7.91E-06
2327804,1.98E-05
2327805,2.58E-05
2327900,2.08E-05
2328000,4.90E-05
2328100,1.24E-05
2328200,2.13E-05
2328300,1.29E-05
2328400,1.44E-05
2328500,1.58E-05
2328600,1.83E-05
2328700,1.74E-05
2328801,5.10E-05
2328802,9.87E-07
2328900,2.67E-05
2329000,2.18E-05
2329100,3.61E-05
2329200,1.83E-05
2329300,1.04E-05
2329400,9.38E-06
2329500,1.29E-05
2329600,1.79E-05
2329700,2.37E-05
2329800,3.47E-06
2329900,1.48E-05
2330000,3.63E-05
2330100,2.72E-05
2330200,3.22E-05
2330300,1.83E-05
2330400,1.24E-05
2330500,2.62E-05
2330600,2.48E-05
2330700,2.23E-05
2330800,2.18E-05
2330900,1.93E-05
2331001,2.48E-05
2331002,1.68E-05
2331100,1.93E-05
2331200,4.45E-05
2331300,1.83E-05
2331401,3.56E-05
2331402,3.02E-05
2331403,1.58E-05
2331500,0.000160993
2331600,1.44E-05
2331700,3.23E-05
2331800,3.48E-05
2331900,1.14E-05
2332000,1.74E-05
2332100,4.92E-05
2332200,1.48E-05
2332300,1.98E-05
2332400,9.38E-06
2332500,4.52E-05
2332600,3.51E-05
2332701,6.45E-05
2332702,3.27E-05
2332801,2.72E-05
2332802,0.000570768
2332901,2.39E-05
2332903,0
2332906,0
2332907,0
2332908,2.39E-05
2332909,0
2332910,0
2333000,2.27E-05
2333100,0.000448315
2333200,2.92E-05
2333300,5.87E-05
2333400,5.71E-05
2333500,5.06E-05
2333600,3.32E-05
2333700,1.98E-05
2333800,2.23E-05
2333900,5.90E-05
2334001,9.87E-06
2334002,8.40E-06
2334003,1.19E-05
2334004,5.94E-06
2334005,7.91E-06
2334006,8.89E-06
2334100,1.74E-05
2334200,7.40E-05
2334301,2.97E-06
2334302,2.48E-06
2334303,9.87E-06
2334304,7.91E-06
2334400,4.61E-05
2334500,2.32E-05
2334600,2.23E-05
2334701,6.43E-06
2334702,5.94E-06
2334703,9.38E-06
2334704,3.96E-06
2334800,1.24E-05
2334900,2.67E-05
2335000,1.24E-05
2335100,0.000145039
2335200,1.29E-05
2335301,2.18E-05
2335302,2.08E-05
2335400,3.17E-05
2335500,4.26E-05
2335601,1.19E-05
2335602,3.22E-05
2335603,1.58E-05
2335604,0
2335701,2.60E-05
2335702,2.37E-05
2335703,1.98E-05
2335704,1.09E-05
2335801,5.94E-06
2335802,7.91E-06
2335803,7.75E-05
2335900,2.62E-05
2336001,0
2336002,1.79E-05
2336103,0
2336104,0
2336105,2.03E-05
2336106,6.35E-05
2336201,4.35E-05
2336202,0
2336300,5.94E-06
2336400,2.59E-05
2336500,3.12E-05
2336601,3.22E-05
2336602,1.04E-05
2336701,1.48E-06
2336702,3.58E-05
2336801,4.82E-05
2336803,9.87E-06
2336804,1.48E-05
2336806,6.93E-06
2336807,5.94E-06
2336808,8.89E-06
2336900,1.14E-05
2337001,7.42E-06
2337002,6.43E-06
2337003,8.89E-06
2337004,0
2337101,7.91E-06
2337102,8.40E-06
2337103,6.93E-06
2337200,1.58E-05
2337301,2.62E-05
2337302,2.37E-05
2337400,1.58E-05
2337500,3.91E-05
2337600,1.09E-05
2337700,1.83E-05
2337800,1.63E-05
2337900,1.34E-05
2338000,2.37E-05
2338100,1.04E-05
2338200,2.03E-05
2338300,2.97E-05
2338400,2.23E-05
2338500,2.37E-05
2338600,2.97E-05
2338700,1.44E-05
2338800,1.34E-05
2338900,2.13E-05
2339000,1.88E-05
2339100,4.31E-05
2339200,2.23E-05
2339300,1.83E-05
2339400,4.75E-05
2339500,2.92E-05
2339600,2.37E-05
2339700,2.58E-05
2339800,5.01E-05
2339900,1.04E-05
2340000,3.22E-05
2340100,2.48E-06
2340201,2.27E-05
2340202,2.32E-05
2340203,4.95E-07
2340301,0
2340302,4.75E-05
2340400,1.39E-05
2340500,2.08E-05
2340600,2.43E-05
2340700,0
2340801,2.67E-05
2340802,2.37E-05
2340803,7.42E-06
2340900,2.62E-05
2341000,3.27E-05
2341100,1.24E-05
2341200,1.63E-05
2341300,1.74E-05
2341400,1.29E-05
2341500,1.34E-05
2341600,2.62E-05
2341700,1.04E-05
2341800,1.14E-05
2341900,3.27E-05
2342000,2.48E-05
2342100,1.58E-05
2342200,3.17E-05
2342300,1.83E-05
2342400,2.23E-05
2342500,1.58E-05
2342600,2.27E-05
2342700,2.32E-05
2342800,1.04E-05
2342900,9.87E-07
2343000,8.40E-06
2343100,1.58E-05
2343200,1.44E-05
2343300,2.77E-05
2343400,2.97E-05
2343500,2.08E-05
2343600,1.63E-05
2343701,0.000146999
2343702,6.69E-05
2343800,2.32E-05
2343900,2.87E-05
2344000,2.18E-05
2344100,2.27E-05
2344200,1.44E-05
2344300,3.12E-05
2344400,1.63E-05
2344501,7.91E-06
2344502,7.91E-06
2344600,2.53E-05
2344700,1.88E-05
2344800,5.16E-05
2344901,1.14E-05
2344902,1.04E-05
2345000,2.48E-05
2345100,1.14E-05
2345200,0.000163954
2345300,3.63E-05
2345400,5.97E-05
2345501,1.04E-05
2345502,1.48E-06
2345601,2.48E-06
2345602,1.68E-05
2345700,2.43E-05
2345800,1.79E-05
2345901,2.48E-06
2345902,4.93E-05
2345903,2.77E-05
2346000,1.19E-05
2346100,8.89E-06
2346200,9.49E-05
2346301,1.98E-05
2346302,2.82E-05
2346400,2.37E-05
2346500,3.82E-05
2346600,3.96E-06
2346702,0.000167536
2346703,9.87E-07
2346704,9.87E-07
2346705,2.48E-06
2346706,2.97E-06
2346707,9.87E-07
2346708,3.63E-05
2346709,9.39E-05
2346800,0.000252045
2346900,1.79E-05
2347001,7.42E-06
2347002,8.40E-06
2347003,6.43E-06
2347004,1.98E-06
2347100,9.87E-06
2347200,6.43E-06
2347300,0.000171001
2347400,2.48E-06
2347500,1.29E-05
2347600,0.000830258
2347700,0.00052204
2347801,1.34E-05
2347802,3.27E-05
2347900,2.37E-05
2348000,1.53E-05
2348100,0.000109766
2348201,3.96E-06
2348202,0
2348300,1.04E-05
2348400,1.74E-05
2348500,1.04E-05
2348602,2.48E-05
2348603,1.09E-05
2348604,4.95E-07
2348605,0
2348606,6.43E-06
2348607,4.71E-05
2348700,3.96E-06
2348800,3.87E-05
2348900,7.91E-06
2349000,1.09E-05
2349100,6.43E-06
2349200,1.29E-05
2349300,3.47E-06
2349400,0.000667175
2349500,6.36E-05
2349600,1.53E-05
2349700,5.45E-06
2349801,0
2349802,0.00016902
2349901,0
2349902,0
2349903,2.59E-05
2349904,0
2349905,0
2349908,0
2349909,0
2349910,8.35E-05
2350000,2.08E-05
2350100,4.80E-05
2350201,1.14E-05
2350202,6.43E-06
2350203,1.09E-05
2350204,1.98E-05
2350301,9.38E-06
2350302,2.62E-05
2350305,0
2350306,1.34E-05
2350307,2.92E-05
2350308,3.96E-06
2350400,4.11E-05
2350500,7.24E-05
2350601,4.61E-05
2350602,4.95E-07
2350701,1.74E-05
2350703,1.48E-06
2350704,0
2350705,1.98E-06
2350800,1.24E-05
2350900,1.83E-05
2351000,3.82E-05
2351100,4.75E-05
2351200,4.75E-05
2351300,3.02E-05
2351400,1.63E-05
2351500,1.68E-05
2351600,2.67E-05
2351700,7.42E-06
2351800,1.74E-05
2351900,1.83E-05
2352000,1.83E-05
2352100,4.71E-05
2352200,6.93E-06
2352300,3.96E-05
2352400,2.03E-05
2352500,1.98E-05
2352600,1.09E-05
2352700,1.34E-05
2352800,4.18E-05
2352900,1.68E-05
2353000,2.27E-05
2353100,1.39E-05
2353200,6.43E-06
2353301,3.13E-05
2353302,5.94E-06
2353303,1.98E-06
2353400,5.40E-05
2353500,3.22E-05
2353601,5.45E-06
2353602,1.48E-06
2353700,1.74E-05
2353800,9.87E-06
2353900,3.99E-05
2354000,2.03E-05
2354101,3.48E-05
2354104,1.44E-05
2354105,9.38E-06
2354106,1.19E-05
2354107,7.91E-06
2354108,1.34E-05
2354109,7.42E-06
2354110,5.94E-06
2354111,1.24E-05
2354112,6.43E-06
2354113,9.87E-06
2354114,8.40E-06
2354115,4.45E-06
2354200,3.47E-06
2354301,8.89E-06
2354302,7.42E-06
2354303,3.18E-05
2354401,3.47E-06
2354402,7.91E-06
2354403,1.09E-05
2354501,3.96E-06
2354502,8.89E-06
2354503,5.94E-06
2354504,1.24E-05
2354600,1.09E-05
2354701,7.42E-06
2354702,1.83E-05
2354801,1.14E-05
2354802,0.000197624
2354900,1.48E-06
2355000,7.42E-06
2355100,1.48E-06
2355202,4.95E-07
2355203,0.000252542
2355204,0
2355301,2.62E-05
2355303,5.69E-05
2355304,2.43E-05
2355305,2.43E-05
2355400,3.42E-05
2355500,5.87E-05
2355601,0
2355602,1.58E-05
2355701,2.48E-05
2355702,3.61E-05
2355703,1.93E-05
2355800,3.17E-05
2355900,1.29E-05
2356000,2.37E-05
2356100,3.47E-06
2356200,1.34E-05
2356300,0.000362273
2356401,9.87E-06
2356402,8.89E-06
2356500,1.63E-05
2356600,2.27E-05
2356700,2.18E-05
2356800,1.58E-05
2356900,2.23E-05
2357000,6.43E-06
2357101,0
2357102,4.08E-05
2357103,0
2357201,1.14E-05
2357202,4.12E-05
2357300,1.63E-05
2357400,1.14E-05
2357500,1.58E-05
2357600,1.48E-05
2357701,2.44E-05
2357703,1.39E-05
2357704,0
2357705,0
2357800,2.08E-05
2357900,2.03E-05
2358001,1.63E-05
2358002,1.39E-05
2358100,2.72E-05
2358200,1.98E-06
2358300,4.45E-06
2358400,5.10E-05
2358501,2.03E-05
2358502,6.43E-06
2358600,2.87E-05
2358700,1.14E-05
2358800,2.32E-05
2358900,5.94E-06
2359000,9.38E-06
2359100,3.66E-05
2359201,3.71E-05
2359202,1.19E-05
2359300,1.14E-05
2359402,9.87E-07
2359404,0.00010968
2359406,0
2359407,3.47E-06
2359408,4.95E-07
2359409,0
2359501,8.40E-05
2359504,1.24E-05
2359505,9.87E-06
2359506,1.68E-05
2359507,6.93E-06
2359508,1.53E-05
2359509,9.38E-06
2359510,6.43E-06
2359511,1.29E-05
2359512,1.58E-05
2359513,1.39E-05
2359601,2.48E-05
2359603,1.74E-05
2359604,1.44E-05
2359605,5.40E-05
2359702,2.03E-05
2359703,5.79E-05
2359706,4.95E-06
2359708,1.93E-05
2359709,2.97E-05
2359711,1.98E-05
2359712,3.23E-05
2359713,1.53E-05
2359714,8.89E-06
2359715,7.91E-06
2359716,1.39E-05
2359717,1.29E-05
2359718,5.54E-05
2359719,1.09E-05
2359720,4.95E-06
2359721,1.34E-05
2359722,8.40E-06
2359723,9.87E-06
2359724,1.24E-05
2359725,7.42E-06
2359800,7.49E-05
2359903,0
2359904,1.58E-05
2359905,2.97E-06
2359906,1.48E-06
2360001,0
2360002,0
2360003,0
2360100,3.46E-05
2360200,1.39E-05
2360300,2.97E-05
2360400,4.95E-05
2360501,1.34E-05
2360502,2.60E-05
2360602,5.45E-06
2360603,9.87E-07
2360604,1.14E-05
2360605,1.68E-05
2360700,0.000146501
2360800,0.000171995
2360901,1.39E-05
2360902,1.58E-05
2360903,1.24E-05
2360904,1.58E-05
2360905,3.58E-05
2361001,1.93E-05
2361002,0.000166052
2361100,1.48E-06
2361200,2.32E-05
2361300,8.40E-06
2361400,1.98E-05
2361500,2.77E-05
2361600,6.93E-06
2361700,1.68E-05
2361800,3.27E-05
2361900,1.74E-05
2362000,3.91E-05
2362100,2.13E-05
2362200,2.08E-05
2362300,4.27E-05
2362400,2.32E-05
2362500,2.82E-05
2362600,2.43E-05
2362700,2.13E-05
2362800,2.27E-05
2362900,3.27E-05
2363000,1.83E-05
2363101,2.08E-05
2363102,4.61E-05
2363204,3.22E-05
2363206,2.97E-05
2363207,3.47E-06
2363208,1.63E-05
2363209,1.24E-05
2363210,1.44E-05
2363211,1.14E-05
2363212,1.39E-05
2363213,1.79E-05
2363214,1.04E-05
2363215,1.14E-05
2363216,7.42E-06
2363217,1.14E-05
2363218,1.44E-05
2363301,8.26E-05
2363302,1.04E-05
2363400,2.43E-05
2363500,3.32E-05
2363600,1.83E-05
2363700,2.58E-05
2363800,2.18E-05
2363901,7.91E-06
2363902,3.27E-05
2364000,0
2364100,2.93E-05
2364200,1.93E-05
2364300,0.000503288
2364400,2.43E-05
2364500,1.63E-05
2364600,1.34E-05
2364700,1.34E-05
2364800,6.93E-06
2364900,4.27E-05
2365001,6.93E-06
2365002,1.83E-05
2365100,2.48E-05
2365200,2.67E-05
2365300,9.38E-06
2365400,2.23E-05
2365501,1.04E-05
2365503,1.14E-05
2365504,5.76E-05
2365505,1.63E-05
2365600,0.000164444
2365703,2.32E-05
2365704,1.24E-05
2365705,1.58E-05
2365707,2.32E-05
2365708,5.00E-05
2365709,1.04E-05
2365710,1.19E-05
2365711,2.53E-05
2365712,1.04E-05
2365713,4.11E-05
2365714,8.89E-06
2365800,1.19E-05
2365900,2.13E-05
2366000,0.000132159
2366103,8.40E-06
2366104,3.51E-05
2366106,0.000105171
2366107,3.96E-06
2366108,2.92E-05
2366109,2.48E-05
2366110,2.77E-05
2366201,2.27E-05
2366202,4.45E-06
2366203,5.45E-06
2366301,7.29E-05
2366303,1.79E-05
2366304,2.72E-05
2366305,5.26E-05
2366306,2.32E-05
2366401,3.51E-05
2366403,2.48E-05
2366404,1.53E-05
2366405,6.90E-05
2366501,0.000166547
2366502,5.01E-05
2366600,2.08E-05
2366700,2.77E-05
2366800,9.87E-06
2366901,1.48E-06
2366902,3.96E-06
2366903,2.48E-06
2366904,1.48E-06
2366905,1.98E-06
2366906,1.98E-06
2366907,7.42E-06
2366908,1.58E-05
2367001,3.48E-05
2367002,3.96E-06
2367100,9.87E-07
2367201,5.45E-06
2367202,4.95E-07
2367302,1.48E-06
2367303,6.43E-06
2367304,5.45E-06
2367400,3.18E-05
2367500,2.97E-06
2367600,0
2367700,9.87E-07
2367800,7.42E-06
2367900,6.43E-06
2368000,3.96E-06
2368100,4.22E-05
2368200,8.89E-06
2368300,1.48E-06
2368400,1.48E-06
2368500,4.02E-05
2368600,1.98E-06
2368700,9.87E-07
2368800,6.43E-06
2368901,5.94E-06
2368902,4.45E-06
2369000,1.24E-05
2369100,2.23E-05
2369200,6.43E-06
2369300,1.53E-05
2369400,4.95E-06
2369500,9.38E-06
2369600,2.48E-05
2369700,5.94E-06
2369800,4.21E-05
2369900,7.91E-06
2370000,2.18E-05
2370100,2.18E-05
2370200,9.98E-05
2370300,6.43E-06
2370400,8.50E-05
2370500,5.45E-06
2370601,1.98E-06
2370602,1.24E-05
2370700,1.24E-05
2370800,1.39E-05
2370900,8.89E-06
2371000,1.83E-05
2371100,5.45E-06
2371200,1.79E-05
2371300,8.40E-06
2371400,8.89E-06
2371500,2.18E-05
2371600,2.32E-05
2371700,2.23E-05
2371800,2.23E-05
2371900,1.29E-05
2372000,1.09E-05
2372100,2.23E-05
2372200,1.53E-05
2372301,1.44E-05
2372302,5.94E-06
2372401,1.63E-05
2372402,2.48E-06
2372500,6.43E-06
2372600,1.63E-05
2372700,4.22E-05
2372801,5.62E-05
2372802,0
2372803,1.09E-05
2372804,1.48E-06
2372900,1.48E-05
2373000,6.93E-06
2373100,3.12E-05
2373200,1.24E-05
2373300,2.13E-05
2373400,8.40E-06
2373501,1.88E-05
2373502,0
2373600,2.72E-05
2373700,1.79E-05
2373800,9.38E-06
2373900,2.03E-05
2374000,6.93E-06
2374100,7.91E-06
2374200,7.17E-05
2374300,1.88E-05
2374400,2.83E-05
2374500,0.000174229
2374600,9.87E-06
2374700,5.94E-06
2374800,2.03E-05
2374901,2.97E-06
2374902,3.96E-06
2375001,2.70E-05
2375002,4.95E-07
2375100,8.35E-05
2375202,0
2375203,6.43E-06
2375204,1.24E-05
2375301,1.48E-06
2375302,8.40E-05
2375400,8.40E-06
2375500,2.88E-05
2375600,0.000600991
2375700,8.89E-06
2375800,1.34E-05
2375900,4.45E-06
2376000,8.89E-06
2376101,8.50E-05
2376102,2.48E-06
2376201,7.91E-06
2376202,9.87E-07
2376300,4.66E-05
2376400,2.58E-05
2376500,5.95E-05
2376600,0.000158899
2376701,1.19E-05
2376702,1.44E-05
2376801,2.13E-05
2376802,2.43E-05
2376900,9.59E-05
2377000,7.91E-06
2377100,4.45E-05
2377200,1.39E-05
2377300,1.09E-05
2377401,3.43E-05
2377402,1.19E-05
2377501,8.15E-05
2377502,8.40E-06
2377503,8.40E-06
2377504,2.78E-05
2377600,1.39E-05
2377700,4.01E-05
2377800,3.63E-05
2377901,1.93E-05
2377902,2.48E-05
2377903,1.79E-05
2378000,8.89E-06
2378101,8.00E-05
2378102,2.03E-05
2378201,2.77E-05
2378202,2.78E-05
2378300,4.47E-05
2378400,8.13E-05
2378501,6.43E-06
2378502,1.48E-06
2378503,8.40E-06
2378504,3.47E-06
2378505,7.42E-06
2378506,6.43E-06
2378507,5.45E-06
2378508,4.95E-06
2378509,4.95E-06
2378510,9.87E-06
2378511,9.38E-06
2378512,6.93E-06
2378513,5.94E-06
2378514,1.09E-05
2378600,2.18E-05
2378700,1.39E-05
2378800,2.18E-05
2378900,2.62E-05
2379000,7.91E-06
2379100,1.14E-05
2379200,6.66E-05
2379300,3.32E-05
2379400,3.53E-05
2379500,6.43E-06
2379600,1.83E-05
2379700,3.37E-05
2379800,2.32E-05
2379900,3.92E-05
2380000,4.52E-05
2380100,0.000177814
2380200,2.13E-05
2380300,4.37E-05
2380400,2.18E-05
2380500,0
2380600,8.85E-05
2380700,1.19E-05
2380800,1.98E-06
2380900,1.09E-05
2381000,8.30E-05
2381100,4.95E-06
2381200,5.45E-06
2381300,8.21E-05
2381400,2.74E-05
2381500,4.04E-05
2381600,5.57E-05
2381700,1.44E-05
2381800,1.48E-06
2381900,1.48E-06
2382000,8.40E-06
2382100,1.44E-05
2382200,8.89E-06
2382300,0.000169517
2382400,8.89E-06
2382500,3.96E-06
2382601,0.000334084
2382602,0
2382700,7.42E-06
2382800,8.60E-05
2382900,4.95E-07
2383000,0.000503601
2383101,0
2383102,9.14E-05
2383103,9.19E-05
2383200,0.000664207
2383300,4.45E-06
2383400,3.89E-05
2383500,9.87E-06
2383600,0.000188329
2383700,1.44E-05
2383802,0.00099631
2383803,0
2383804,0
2383805,1.58E-05
2383900,2.13E-05
2384000,9.09E-05
2384101,2.48E-06
2384102,4.95E-07
2384200,1.14E-05
2384300,1.98E-06
2384400,3.47E-06
2384500,3.47E-06
2384600,0.000256007
2384700,7.91E-06
2384800,1.14E-05
2384900,2.97E-06
2385000,6.93E-06
2385100,4.95E-06
2385200,2.48E-06
2385300,2.48E-06
2385400,3.68E-05
2385500,8.40E-06
2385600,1.19E-05
2385700,3.47E-06
2385800,2.97E-06
2385900,1.44E-05
2386000,5.94E-06
2386100,9.87E-07
2386200,8.65E-05
2386300,5.45E-06
2386400,1.48E-06
2386500,2.23E-05
2386600,4.95E-07
2386700,5.45E-06
2386800,2.48E-05
2386900,1.98E-06
2387000,6.93E-06
2387100,1.98E-06
2387200,1.74E-05
2387300,0.000524568
2387400,3.02E-05
2387500,4.26E-05
2387601,4.85E-05
2387602,0
2387700,1.93E-05
2387801,2.18E-05
2387802,0
2387900,4.95E-06
2388000,2.27E-05
2388100,1.39E-05
2388200,8.75E-05
2388300,3.87E-05
2388400,3.79E-05
2388500,3.51E-05
2388600,2.03E-05
2388701,8.40E-06
2388702,1.14E-05
2388703,5.94E-06
2388704,7.42E-06
2388705,1.34E-05
2388706,2.53E-05
2388707,1.53E-05
2388800,5.42E-05
2388900,3.33E-05
2389000,2.97E-06
2389100,1.68E-05
2389200,1.83E-05
2389300,1.24E-05
2389400,2.23E-05
2389500,1.88E-05
2389600,8.89E-06
2389701,7.91E-06
2389702,7.42E-06
2389800,0.000174384
2389900,1.58E-05
2390000,9.38E-06
2390100,8.40E-06
2390200,5.94E-06
2390300,3.63E-05
2390400,2.13E-05
2390500,1.34E-05
2390600,6.02E-05
2390700,1.68E-05
2390800,9.87E-06
2390900,1.48E-05
2391000,2.44E-05
2391100,2.69E-05
2391200,1.74E-05
2391300,4.31E-05
2391400,0.000156044
2391500,1.48E-06
2391600,0.000224115
2391700,2.48E-06
2391800,1.39E-05
2391900,1.29E-05
2392000,1.44E-05
2392100,1.14E-05
2392200,1.04E-05
2392300,4.32E-05
2392400,2.48E-06
2392500,9.87E-07
2392600,3.47E-06
2392700,5.45E-06
2392800,5.94E-06
2392900,5.45E-06
2393000,7.91E-06
2393100,7.91E-06
2393200,0
2393300,4.95E-07
2393400,1.09E-05
2393500,1.19E-05
2393600,2.32E-05
2393700,1.34E-05
2393800,3.43E-05
2393900,1.14E-05
2394000,3.77E-05
2394100,2.53E-05
2394200,1.98E-05
2394300,1.68E-05
2394400,1.34E-05
2394501,2.44E-05
2394502,8.30E-05
2394600,1.14E-05
2394700,1.14E-05
2394800,1.48E-06
2394900,0.000178304
2395000,5.45E-06
2395100,0.000213195
2395200,5.42E-05
2395300,0.000504758
2395400,1.04E-05
2395501,4.95E-07
2395502,5.94E-06
2395600,1.68E-05
2395700,1.09E-05
2395800,9.38E-06
2395900,4.45E-06
2396000,1.68E-05
2396100,8.40E-06
2396200,1.19E-05
2396300,8.40E-06
2396400,7.42E-06
2396500,1.48E-06
2396600,9.87E-07
2396700,2.80E-05
2396800,3.08E-05
2396900,5.94E-06
2397000,4.45E-06
2397100,4.95E-07
2397200,1.98E-06
2397300,1.98E-06
2397400,7.91E-06
2397500,3.47E-06
2397600,6.43E-06
2397700,2.97E-06
2397800,8.30E-05
2397901,4.95E-07
2397902,0.000334084
2398000,9.87E-07
2398100,8.89E-06
2398200,0.000176482
2398300,0.000341973
2398400,8.40E-06
2398500,1.53E-05
2398600,9.29E-05
2398700,8.60E-05
2398800,3.96E-06
2398900,2.97E-06
2399000,1.14E-05
2399100,3.08E-05
2399200,2.75E-05
2399300,1.98E-05
2399400,3.96E-06
2399500,0.000250064
2399600,3.47E-06
2399700,1.98E-06
2399800,6.43E-06
2399900,9.09E-05
2400000,0.000418097
2400100,5.45E-06
2400200,9.87E-06
2400300,1.48E-06
2400400,3.47E-06
2400500,0.000145039
2400600,9.38E-06
2400700,1.58E-05
2400800,1.19E-05
2400901,3.47E-06
2400902,3.96E-06
2401000,1.24E-05
2401101,1.04E-05
2401102,3.47E-06
2401201,4.95E-06
2401202,2.70E-05
2401203,4.95E-07
2401204,2.54E-05
2401205,2.97E-06
2401206,2.48E-06
2401207,1.98E-06
2401208,9.38E-06
2401209,9.87E-07
2401301,0.000332103
2401303,8.19E-05
2401304,3.47E-06
2401401,0
2401402,6.93E-06
2401500,1.48E-06
2401600,0.000176482
2401700,0.000185862
2401800,9.38E-06
2401900,3.56E-05
2402001,3.47E-06
2402002,3.63E-05
2402100,1.63E-05
2402200,2.74E-05
2402300,0
2402400,1.19E-05
2402500,5.45E-06
2402600,1.98E-06
2402701,2.48E-06
2402702,4.95E-06
2402800,3.47E-06
2402901,2.48E-06
2402902,9.38E-06
2403002,1.19E-05
2403003,5.94E-06
2403004,2.48E-06
2403005,2.54E-05
2403006,2.48E-06
2403100,1.98E-06
2403200,1.98E-05
2403300,1.09E-05
2403400,2.32E-05
2403500,3.42E-05
2403600,2.72E-05
2403700,1.39E-05
2403800,1.48E-05
2403900,9.87E-06
2404000,1.04E-05
2404100,1.44E-05
2404200,5.94E-06
2404300,1.24E-05
2404400,1.44E-05
2404500,1.63E-05
2404600,2.53E-05
2404700,1.83E-05
2404800,1.68E-05
2404900,9.38E-06
2405000,1.93E-05
2405100,7.91E-06
2405200,1.39E-05
2405300,1.04E-05
2405400,1.34E-05
2405500,9.38E-06
2405600,1.19E-05
2405700,1.44E-05
2405800,0.000147489
2405900,0.000157031
2406000,0.000132653
2406100,3.96E-06
2406200,3.18E-05
2406300,2.44E-05
2406401,6.36E-05
2406402,1.44E-05
2406500,4.95E-06
2406600,4.45E-06
2406700,1.58E-05
2406800,7.42E-06
2406900,5.94E-06
2407000,1.68E-05
2407100,1.44E-05
2407200,3.87E-05
2407300,1.63E-05
2407400,1.39E-05
2407500,0
2407600,2.49E-05
2407700,1.98E-06
2407800,0.000132159
2407900,2.44E-05
2408000,1.48E-06
2408100,0
2408200,0
2408300,0
2408400,0
2408500,4.98E-05
2408600,4.95E-07
2408700,2.49E-05
2408800,1.48E-06
2408900,2.83E-05
2409000,1.98E-06
2409100,3.28E-05
2409200,1.09E-05
2409300,1.74E-05
2409400,1.58E-05
2409500,1.63E-05
2409600,6.43E-06
2409700,1.14E-05
2409800,2.53E-05
2409900,2.08E-05
2410002,0.000193299
2410003,9.38E-06
2410004,0
2410100,5.94E-06
2410200,1.58E-05
2410300,1.93E-05
2410400,1.39E-05
2410500,1.88E-05
2410600,2.03E-05
2410700,1.44E-05
2410800,3.87E-05
2410900,3.28E-05
2411000,3.92E-05
2411100,2.37E-05
2411200,9.87E-06
2411300,1.09E-05
2411400,1.98E-05
2411500,1.68E-05
2411600,1.63E-05
2411700,1.83E-05
2411800,1.29E-05
2411900,7.00E-05
2412000,3.46E-05
2412100,3.56E-05
2412200,6.93E-06
2412300,4.52E-05
2412400,2.08E-05
2412500,1.93E-05
2412600,1.34E-05
2412700,2.32E-05
2412800,2.18E-05
2412900,0.000146019
2413001,3.89E-05
2413002,1.48E-06
2413101,1.44E-05
2413102,4.95E-06
2413201,5.45E-06
2413202,7.91E-06
2413203,3.23E-05
2413302,1.19E-05
2413303,1.34E-05
2413304,4.95E-07
2413402,1.24E-05
2413403,6.93E-06
2413404,1.39E-05
2413405,3.47E-06
2413406,1.79E-05
2413500,5.94E-06
2413600,1.83E-05
2413701,4.26E-05
2413702,2.58E-05
2413800,4.95E-07
2413900,1.04E-05
2414000,1.63E-05
2414100,6.93E-06
2414200,2.48E-06
2414301,7.42E-06
2414302,1.79E-05
2414401,2.03E-05
2414402,1.09E-05
2414500,1.79E-05
2414600,8.89E-06
2414700,4.95E-07
2414801,0
2414802,8.30E-05
2414900,1.68E-05
2415000,2.23E-05
2415100,1.63E-05
2415200,0.000154909
2415300,6.93E-06
2415400,1.63E-05
2415500,1.34E-05
2415600,4.45E-06
2415700,9.38E-06
2415800,4.95E-06
2415901,6.43E-06
2415902,9.38E-06
2416000,3.47E-06
2416100,1.34E-05
2416200,2.03E-05
2416300,3.96E-06
2416402,0
2416403,0
2416404,0.000169517
2416500,9.74E-05
2416601,7.42E-06
2416602,3.23E-05
2416603,0.000219636
2416700,0.000665691
2416801,0.00041711
2416802,0
2416803,0
2416901,0.000166052
2416902,0.0002396
2417000,0.000585633
2417100,8.60E-05
2417200,0.000159012
2417300,9.64E-05
2417400,5.92E-05
2417501,0
2417502,1.14E-05
2417600,1.34E-05
2417701,5.94E-06
2417702,0
2417800,3.33E-05
2417900,0.000337052
2418000,8.60E-05
2418103,1.48E-06
2418104,8.30E-05
2418105,8.75E-05
2418106,9.38E-06
2418107,1.34E-05
2418202,1.09E-05
2418203,8.70E-05
2418204,0
2418300,9.29E-05
2418402,1.04E-05
2418403,2.48E-06
2418404,6.43E-06
2418500,0.000669156
2418600,0.000505575
2418700,0.00025502
2418800,5.45E-06
2418900,8.89E-06
2419000,6.93E-06
2419100,4.95E-06
2419200,1.29E-05
2419301,2.48E-06
2419302,1.29E-05
2419400,1.29E-05
2419500,0.000145529
2419600,6.07E-05
2419700,9.87E-06
2419800,0
2419901,2.08E-05
2419903,1.48E-06
2419904,4.95E-06
2419905,0.000253529
2420000,0.000143676
2420100,3.46E-05
2420200,1.53E-05
2420300,1.79E-05
2420400,0.000914271
2420500,1.83E-05
2420600,0.001352143
2420700,0.000498155
2420800,3.47E-06
2420900,8.89E-06
2421000,2.97E-06
2421100,7.91E-06
2421201,4.61E-05
2421202,3.02E-05
2421301,8.89E-06
2421302,4.95E-06
2421303,3.47E-06
2421304,5.45E-06
2421402,8.30E-05
2421403,0
2421404,0.000175922
2421500,0.000138956
2421600,3.66E-05
2421700,1.44E-05
2421800,9.07E-05
2421900,2.97E-06
2422000,1.83E-05
2422100,5.94E-06
2422200,1.63E-05
2422300,0.000164444
2422400,2.87E-05
2422500,5.45E-06
2422600,0.000835704
2422700,0.000337549
2422800,0.000253039
2422900,0.000664207
2423000,1.63E-05
2423100,1.68E-05
2423200,1.44E-05
2423300,4.95E-06
2423400,1.74E-05
2423500,2.77E-05
2423600,0.000513228
2423700,5.21E-05
2423800,1.53E-05
2423900,8.60E-05
2424000,4.32E-05
2424100,2.08E-05
2424200,2.13E-05
2424300,3.96E-06
2424400,0.000421348
2424500,4.83E-05
2424600,3.38E-05
2424700,1.48E-06
2424800,2.44E-05
2424900,9.87E-07
2425000,1.48E-06
2425100,7.91E-06
2425200,4.12E-05
2425300,0.000534593
2425400,6.41E-05
2425500,1.63E-05
2425600,7.60E-05
2425700,6.26E-05
2425800,3.47E-06
2425900,1.68E-05
2426000,2.32E-05
2426100,5.56E-05
2426200,2.03E-05
2426300,1.74E-05
2426400,9.38E-06
2426501,8.30E-05
2426502,0
2426601,0.000747232
2426602,0
2426700,0.001081814
2426801,9.44E-05
2426802,0
2426900,9.47E-05
2427002,4.07E-05
2427003,1.88E-05
2427004,0.000496855
2427005,0
2427006,5.67E-05
2427007,1.19E-05
2427008,2.39E-05
2427101,1.48E-06
2427102,8.55E-05
2427201,3.18E-05
2427202,0.000191339
2427203,3.63E-05
2427300,0.000731136
2427400,3.33E-05
2427500,6.11E-05
2427601,6.43E-06
2427603,0.000498346
2427604,6.43E-06
2427700,0
2427801,0
2427802,0
2427803,0
2427804,0
2427900,8.40E-05
2428001,3.38E-05
2428002,1.24E-05
2428100,1.88E-05
2428200,9.38E-06
2428300,1.98E-06
2428401,0
2428402,0
2428500,3.92E-05
2428600,6.43E-06
2428700,3.10E-05
2428801,3.47E-06
2428802,7.91E-06
2428900,4.95E-07
2429000,1.63E-05
2429101,9.87E-07
2429102,8.40E-06
2429200,0.000150989
2429301,6.93E-06
2429302,6.93E-06
2429400,7.42E-06
2429500,3.82E-05
2429600,0.000144059
2429700,3.22E-05
2429801,0.000498155
2429802,1.48E-06
2429900,8.89E-06
2430000,2.18E-05
2430101,6.93E-06
2430103,2.65E-05
2430104,0
2430201,5.94E-06
2430202,1.98E-06
2430203,1.98E-06
2430300,2.97E-05
2430400,1.98E-06
2430500,1.44E-05
2430600,7.73E-05
2430701,3.96E-06
2430702,0.000135127
2430800,4.45E-06
2430901,8.40E-06
2430902,4.95E-06
2431000,3.96E-06
2431100,1.04E-05
2431200,6.43E-06
2431300,2.48E-06
2431400,9.87E-06
2431500,1.48E-06
2431600,1.44E-05
2431700,2.48E-06
2431801,4.45E-06
2431802,6.43E-06
2431900,4.95E-06
2432000,3.39E-05
2432101,3.47E-06
2432102,0.000509238
2432200,4.95E-06
2432301,0
2432302,1.63E-05
2432402,3.77E-05
2432403,0
2432404,0
2432500,1.98E-06
2432603,3.47E-06
2432604,0
2432605,5.94E-06
2432606,8.89E-06
2432607,3.47E-06
2432701,0.000497352
2432702,2.88E-05
2432802,1.14E-05
2432803,1.98E-06
2432804,3.96E-06
2432805,0
2432900,3.96E-05
2433001,0
2433002,7.42E-06
2433101,3.47E-06
2433102,5.94E-06
2433201,4.95E-07
2433202,9.87E-06
2433301,0.000333587
2433302,0
2433400,0.000665194
2433500,3.77E-05
2433600,1.93E-05
2433700,1.04E-05
2433800,5.45E-06
2433901,3.34E-05
2433902,4.95E-07
2434001,5.45E-06
2434002,1.39E-05
2434100,1.98E-06
2434200,1.04E-05
2434301,5.94E-06
2434302,4.45E-06
2434401,9.87E-07
2434402,5.45E-06
2434501,7.91E-06
2434502,1.29E-05
2434503,2.48E-06
2434504,2.48E-06
2434600,6.93E-06
2434701,8.40E-06
2434702,2.97E-06
2434800,7.42E-06
2434900,5.45E-06
2435001,9.38E-06
2435002,1.98E-06
2435003,2.48E-06
2435100,9.87E-07
2435200,0
2435301,1.48E-05
2435302,4.95E-07
2435401,6.93E-06
2435402,4.95E-07
2435500,4.45E-06
2435601,1.98E-06
2435602,1.98E-06
2435701,3.47E-06
2435702,1.83E-05
2435801,9.87E-07
2435802,1.48E-05
2435900,1.14E-05
2436001,9.87E-06
2436002,4.95E-07
2436100,2.48E-06
2436201,0.000143079
2436202,2.97E-06
2436203,1.98E-06
2436300,3.96E-06
2436400,6.93E-06
2436500,2.97E-06
2436600,1.53E-05
2436700,1.48E-05
2436800,4.95E-06
2436900,2.97E-06
2437000,3.47E-06
2437100,1.48E-06
2437201,4.45E-06
2437202,2.97E-06
2437203,7.91E-06
2437204,1.74E-05
2437301,1.98E-06
2437302,0.000134637
2437401,1.48E-06
2437402,3.47E-06
2437403,1.48E-06
2437500,4.45E-06
2437601,1.24E-05
2437602,1.48E-06
2437700,4.95E-07
2437800,2.48E-06
2437900,4.45E-06
2438000,3.74E-05
2438101,7.42E-06
2438102,2.97E-06
2438201,0.000168033
2438202,0
2438301,1.34E-05
2438302,9.87E-07
2438401,0
2438403,0
2438404,0.000212197
2438500,6.83E-05
2438601,0
2438603,0.000141406
2438604,4.45E-06
2438605,2.18E-05
2438701,1.79E-05
2438702,3.86E-05
2438803,2.48E-06
2438804,3.37E-05
2438805,5.89E-05
2438806,2.53E-05
2438807,1.48E-05
2438901,4.95E-05
2438902,3.61E-05
2439001,1.14E-05
2439002,2.87E-05
2439101,1.74E-05
2439102,2.03E-05
2439200,3.27E-05
2439303,1.48E-06
2439304,5.10E-05
2439305,1.93E-05
2439306,2.13E-05
2439402,4.51E-05
2439403,8.40E-06
2439404,6.93E-06
2439500,1.09E-05
2439601,1.14E-05
2439602,1.09E-05
2439603,7.91E-06
2439700,1.24E-05
2439802,1.04E-05
2439803,5.94E-06
2439804,1.53E-05
2439900,2.03E-05
2440001,2.97E-06
2440002,2.97E-06
2440003,2.62E-05
2440100,1.04E-05
2440200,1.14E-05
2440301,0.000175699
2440302,1.19E-05
2440400,9.87E-06
2440500,2.32E-05
2440600,3.17E-05
2440700,5.59E-05
2440801,2.18E-05
2440802,5.94E-06
2440803,2.72E-05
2440900,1.39E-05
2441000,1.83E-05
2441101,7.91E-06
2441103,3.96E-06
2441104,3.96E-06
2441200,8.89E-06
2441300,0
2441400,4.40E-05
2441500,2.18E-05
2441603,1.58E-05
2441605,1.34E-05
2441606,0
2441607,4.95E-06
2441608,7.42E-06
2441609,9.38E-06
2441610,1.04E-05
2441701,0.000136611
2441702,9.87E-06
2441703,3.77E-05
2441801,2.37E-05
2441802,4.95E-07
2441901,1.68E-05
2441902,4.95E-07
2442001,2.62E-05
2442002,9.87E-06
2442101,4.13E-05
2442102,2.72E-05
2442103,5.45E-06
2442200,1.53E-05
2442300,1.98E-05
2442401,1.79E-05
2442403,1.63E-05
2442404,1.53E-05
2442405,1.48E-05
2442500,4.01E-05
2442600,1.39E-05
2442700,2.62E-05
2442800,3.68E-05
2442900,5.36E-05
2443000,2.92E-05
2443100,3.37E-05
2443200,3.91E-05
2443300,9.87E-06
2443400,1.58E-05
2443500,4.45E-06
2443600,2.74E-05
2443700,3.12E-05
2443800,2.03E-05
2443900,2.53E-05
2444001,5.45E-06
2444002,1.74E-05
2444100,9.87E-07
2444200,2.13E-05
2444300,1.83E-05
2444400,4.71E-05
2444500,1.98E-05
2444600,6.93E-06
2444700,7.84E-05
2444800,2.43E-05
2444900,2.97E-05
2445000,1.88E-05
2445101,2.58E-05
2445102,1.44E-05
2445200,1.39E-05
2445300,2.03E-05
2445401,3.51E-05
2445402,1.63E-05
2445500,5.45E-06
2445600,4.95E-07
2445700,4.61E-05
2445800,3.27E-05
2445901,1.79E-05
2445902,3.46E-05
2446002,3.17E-05
2446003,2.18E-05
2446004,2.53E-05
2446005,2.62E-05
2446006,2.82E-05
2446007,2.72E-05
2446100,3.27E-05
2446203,8.89E-06
2446204,1.88E-05
2446205,1.24E-05
2446206,2.77E-05
2446207,4.45E-06
2446301,2.82E-05
2446302,1.83E-05
2446401,7.42E-06
2446406,2.13E-05
2446407,2.13E-05
2446408,8.89E-06
2446409,4.45E-06
2446410,6.43E-06
2446411,1.19E-05
2446412,8.89E-06
2446413,9.87E-06
2446414,1.09E-05
2446415,1.48E-05
2446416,8.40E-06
2446501,1.09E-05
2446502,7.91E-06
2446601,1.98E-06
2446602,9.87E-07
2446702,2.97E-05
2446703,9.87E-07
2446704,8.40E-06
2446802,2.58E-05
2446803,9.87E-07
2446804,4.40E-05
2446805,9.87E-07
2446806,0.0001127
2446807,4.95E-07
2446903,8.40E-06
2446904,3.27E-05
2446905,5.66E-05
2446906,4.16E-05
2446910,1.79E-05
2446912,3.46E-05
2446913,4.11E-05
2446914,1.48E-05
2446915,1.48E-05
2446916,1.29E-05
2446917,1.24E-05
2447000,4.39E-05
2447101,1.83E-05
2447102,9.10E-05
2447103,9.87E-07
2447104,2.32E-05
2447105,1.34E-05
2447106,9.87E-06
2447107,1.93E-05
2447108,1.98E-05
2447109,2.03E-05
2447201,2.48E-06
2447203,2.23E-05
2447204,4.45E-06
2447301,0
2447302,1.98E-05
2447401,0
2447402,1.09E-05
2447501,2.48E-06
2447502,4.57E-05
2447503,0
2447604,4.95E-06
2447605,3.47E-06
2447606,2.58E-05
2447607,2.72E-05
2447608,3.82E-05
2447609,0.000554808
2447701,0
2447702,0.000508258
2447800,1.14E-05
2447900,9.87E-06
2448000,5.21E-05
2448101,1.48E-06
2448102,2.77E-05
2448202,2.53E-05
2448204,7.63E-05
2448207,1.98E-05
2448208,1.58E-05
2448209,1.24E-05
2448210,2.37E-05
2448211,1.29E-05
2448212,5.94E-06
2448213,2.03E-05
2448214,3.12E-05
2448215,3.66E-05
2448216,1.74E-05
2448217,1.34E-05
2448301,0
2448303,5.94E-06
2448304,1.19E-05
2448305,1.48E-05
2448307,2.23E-05
2448308,3.96E-06
2448401,6.93E-06
2448402,3.59E-05
2448501,8.89E-06
2448502,6.93E-06
2448503,1.93E-05
2448602,3.02E-05
2448603,1.34E-05
2448604,2.18E-05
2448605,9.87E-06
2448606,1.53E-05
2448607,1.34E-05
2448608,1.88E-05
2448609,1.14E-05
2448700,3.07E-05
2448800,1.19E-05
2448901,4.95E-06
2448903,2.67E-05
2448904,3.27E-05
2448905,6.93E-06
2449001,0.000185639
2449002,6.93E-06
2449102,1.48E-06
2449103,4.95E-07
2449104,0
2449105,9.87E-07
2449106,2.77E-05
2449107,5.45E-06
2449201,2.48E-06
2449202,4.45E-06
2449301,4.95E-07
2449302,3.96E-06
2449401,8.40E-06
2449402,1.34E-05
2449403,1.63E-05
2449501,1.58E-05
2449502,8.89E-06
2449503,6.43E-06
2449504,3.96E-06
2449600,3.46E-05
2449700,1.63E-05
2449800,6.93E-05
2449900,7.91E-06
2450001,0.000529538
2450005,1.48E-05
2450006,2.23E-05
2450007,4.95E-07
2450008,3.12E-05
2450009,1.63E-05
2450010,1.34E-05
2450011,1.44E-05
2450012,1.09E-05
2450013,1.79E-05
2450014,1.83E-05
2450015,1.63E-05
2450016,1.09E-05
2450017,2.27E-05
2450018,7.91E-06
2450019,1.63E-05
2450020,5.45E-06
2450101,4.85E-05
2450102,1.53E-05
2450103,3.66E-05
2450104,2.48E-05
2450201,4.95E-06
2450209,4.40E-05
2450211,2.87E-05
2450212,2.18E-05
2450213,3.07E-05
2450214,4.31E-05
2450215,5.45E-06
2450216,4.11E-05
2450217,4.21E-05
2450218,2.53E-05
2450219,7.42E-06
2450220,7.21E-05
2450221,4.45E-06
2450222,4.45E-06
2450300,4.80E-05
2450400,3.86E-05
2450500,3.82E-05
2450601,9.87E-07
2450602,1.04E-05
2450702,2.93E-05
2450703,8.89E-06
2450704,1.14E-05
2450705,4.95E-07
2450802,9.87E-07
2450803,1.24E-05
2450804,1.83E-05
2450805,4.95E-06
2450806,5.45E-06
2450900,5.45E-06
2451000,2.97E-05
2451100,2.03E-05
2451201,2.97E-06
2451202,1.93E-05
2451300,7.42E-06
2451400,7.91E-06
2451500,2.48E-06
2451600,2.69E-05
2451700,1.04E-05
2451803,1.29E-05
2451804,8.89E-06
2451805,1.14E-05
2451806,2.48E-06
2451900,4.95E-07
2452000,2.97E-06
2452103,5.45E-06
2452104,6.93E-06
2452105,2.97E-06
2452106,4.95E-07
2452107,4.95E-07
2452200,1.53E-05
2452300,3.61E-05
2452400,1.68E-05
2452501,1.04E-05
2452502,1.53E-05
2452600,4.11E-05
2452700,2.32E-05
2452801,7.91E-06
2452802,8.89E-06
2452900,1.29E-05
2453000,3.61E-05
2453100,1.68E-05
2453201,1.53E-05
2453202,1.88E-05
2453203,1.34E-05
2453300,2.87E-05
2453400,2.97E-05
2453500,1.83E-05
2453600,1.98E-05
2453700,3.12E-05
2453800,1.58E-05
2453900,1.68E-05
2454001,5.94E-06
2454002,6.43E-06
2454101,1.04E-05
2454103,2.48E-06
2454104,3.22E-05
2454106,6.93E-06
2454107,1.48E-06
2454108,1.39E-05
2454109,9.87E-07
2454110,7.91E-06
2454111,4.95E-06
2454112,6.93E-06
2454200,1.68E-05
2454300,2.08E-05
2454400,4.31E-05
2454500,3.43E-05
2454600,4.95E-07
2454701,1.98E-06
2454702,1.48E-06
2454800,9.87E-07
2454901,1.58E-05
2454902,1.48E-06
2454904,1.98E-06
2454905,2.13E-05
2454906,1.24E-05
2455000,2.43E-05
2455101,2.67E-05
2455102,1.58E-05
2455201,2.53E-05
2455203,1.93E-05
2455204,1.24E-05
2455301,1.98E-06
2455303,2.97E-05
2455304,2.92E-05
2455401,5.94E-06
2455403,4.51E-05
2455404,4.11E-05
2455407,3.22E-05
2455408,1.63E-05
2455409,3.02E-05
2455410,1.93E-05
2455411,3.12E-05
2455412,3.12E-05
2455502,0
2455503,0
2455504,5.94E-06
2455505,3.76E-05
2455601,2.23E-05
2455602,1.14E-05
2455603,2.23E-05
2455704,1.68E-05
2455705,3.22E-05
2455706,1.79E-05
2455707,4.16E-05
2455708,3.66E-05
2455800,4.35E-05
2455900,1.48E-06
2456001,1.44E-05
2456002,2.53E-05
2456003,3.27E-05
2456004,1.39E-05
2456101,3.76E-05
2456102,1.14E-05
2456200,5.55E-05
2456301,3.48E-05
2456302,1.63E-05
2456400,1.48E-05
2456501,2.43E-05
2456502,3.96E-06
2456600,2.58E-05
2456700,3.91E-05
2456800,3.96E-05
2456901,9.38E-06
2456902,1.14E-05
2457001,2.13E-05
2457002,1.74E-05
2457003,5.94E-06
2457004,1.19E-05
2457102,3.02E-05
2457103,3.86E-05
2457105,1.74E-05
2457106,1.83E-05
2457203,1.39E-05
2457204,6.93E-06
2457205,1.98E-06
2457206,1.53E-05
2457207,2.23E-05
2457208,4.45E-06
2457209,1.34E-05
2457210,1.29E-05
2457211,1.34E-05
2457301,1.68E-05
2457302,1.44E-05
2457303,1.79E-05
2457401,3.22E-05
2457402,8.40E-06
2457403,3.96E-05
2457405,3.82E-05
2457406,2.23E-05
2457501,5.20E-05
2457502,7.07E-05
2457504,4.95E-06
2457505,2.18E-05
2457506,2.32E-05
2457507,4.95E-06
2457600,2.43E-05
2457701,9.87E-07
2457702,3.18E-05
2457801,4.11E-05
2457802,1.93E-05
2457900,2.32E-05
2458001,5.26E-05
2458002,3.76E-05
2458100,1.48E-05
2458200,3.32E-05
2458301,1.29E-05
2458302,1.63E-05
2458303,2.72E-05
2458400,2.43E-05
2458500,9.87E-07
2458600,4.26E-05
2458700,2.97E-06
2458800,2.77E-05
2458900,1.98E-06
2459000,8.89E-06
2459100,0.000157429
2459200,2.48E-06
2459300,3.96E-06
2459400,9.53E-05
2459500,8.40E-05
2459601,0.00033309
2459602,1.48E-05
2459700,0
2459800,4.32E-05
2459901,9.38E-06
2459902,2.93E-05
2460000,1.19E-05
2460101,3.96E-06
2460102,4.95E-06
2460200,2.62E-05
2460300,0.000333587
2460400,0.000747232
2460501,1.14E-05
2460502,0
2460600,1.79E-05
2460700,1.14E-05
2460800,2.67E-05
2460900,0.00149793
2461000,0.000913284
2461100,0.00067064
2461200,0.00033309
2461300,0.000169517
2461400,0.000174452
2461500,0
2461600,1.04E-05
2461700,0
2461800,0
2461900,6.43E-06
2462000,5.45E-06
2462100,2.23E-05
2462200,2.48E-06
2462300,9.87E-07
2462400,9.87E-06
2462500,1.98E-06
2462600,4.95E-06
2462700,4.45E-06
2462800,1.09E-05
2462900,0.000179774
2463000,1.98E-05
2463100,1.48E-06
2463200,5.45E-06
2463300,2.87E-05
2463400,4.96E-05
2463500,6.91E-05
2463600,2.43E-05
2463700,3.47E-06
2463800,5.45E-06
2463900,2.97E-06
2464000,8.89E-06
2464100,1.79E-05
2464200,1.83E-05
2464300,2.97E-06
2464400,1.98E-06
2464500,2.48E-06
2464600,1.48E-05
2464700,9.87E-07
2464800,7.42E-06
2464900,1.53E-05
2465000,3.32E-05
2465100,6.43E-06
2465200,1.29E-05
2465300,8.89E-06
2465400,2.97E-06
2465500,1.09E-05
2465601,2.62E-05
2465602,9.38E-06
2465700,8.40E-06
2465800,7.42E-06
2465901,7.42E-06
2465902,1.98E-06
2466000,1.98E-05
2466100,9.38E-06
2466201,1.09E-05
2466202,1.29E-05
2466203,1.24E-05
2466204,9.38E-06
2466205,8.89E-06
2466206,3.96E-06
2466207,4.95E-06
2466208,1.29E-05
2466209,1.29E-05
2466210,3.47E-06
2466300,2.77E-05
2466400,5.45E-06
2466500,7.91E-06
2466600,3.86E-05
2466700,4.45E-06
2466800,6.04E-05
2466901,4.11E-05
2466902,3.76E-05
2467001,6.93E-06
2467002,1.44E-05
2467003,1.09E-05
2467004,6.93E-06
2467005,9.38E-06
2467006,9.87E-06
2467007,9.38E-06
2467008,6.43E-06
2467100,1.79E-05
2467200,3.37E-05
2467300,4.26E-05
2467400,4.13E-05
2467500,2.37E-05
2467600,2.48E-06
2467700,0
2467800,1.34E-05
2467900,1.14E-05
2468000,1.58E-05
2468100,1.44E-05
2468200,8.19E-05
2468300,9.87E-06
2468400,7.42E-06
2468500,3.96E-06
2468600,1.48E-06
2468700,1.58E-05
2468800,3.96E-06
2468901,7.91E-06
2468902,7.42E-06
2468903,6.93E-06
2468904,1.24E-05
2468905,1.58E-05
2468906,4.45E-06
2469001,1.58E-05
2469002,5.45E-06
2469100,2.67E-05
2469200,3.07E-05
2469300,2.32E-05
2469400,6.43E-06
2469500,1.53E-05
2469600,6.35E-05
2469700,2.03E-05
2469800,2.97E-05
2469900,4.01E-05
2470000,2.48E-05
2470100,3.51E-05
2470200,5.61E-05
2470300,6.86E-05
2470400,3.47E-06
2470500,1.19E-05
2470600,5.45E-05
2470700,1.39E-05
2470800,3.96E-05
2470900,2.82E-05
2471000,4.31E-05
2471100,4.40E-05
2471200,2.77E-05
2471300,2.53E-05
2471400,2.27E-05
2471500,3.07E-05
2471600,3.17E-05
2471700,3.17E-05
2471800,4.11E-05
2471900,4.06E-05
2472000,1.63E-05
2472100,1.58E-05
2472200,2.32E-05
2472301,1.98E-05
2472302,3.58E-05
2472303,1.24E-05
2472304,4.93E-05
2472400,4.95E-06
2472500,2.23E-05
2472600,1.44E-05
2472700,8.40E-06
2472800,0
2472900,1.39E-05
2473000,1.19E-05
2473100,3.42E-05
2473200,4.16E-05
2473300,2.37E-05
2473401,2.13E-05
2473402,2.32E-05
2473404,5.94E-06
2473405,5.94E-06
2473406,7.42E-06
2473500,0
2473600,2.27E-05
2473700,5.40E-05
2473800,4.16E-05
2473901,2.58E-05
2473903,5.45E-06
2473904,8.40E-06
2473905,7.91E-06
2473906,9.87E-06
2474000,5.69E-05
2474100,2.08E-05
2474200,4.61E-05
2474300,2.27E-05
2474400,9.87E-07
2474500,7.21E-05
2474601,2.43E-05
2474602,3.73E-05
2474700,0.000151969
2474801,2.77E-05
2474802,4.61E-05
2474902,3.17E-05
2474903,1.93E-05
2474904,1.39E-05
2475000,0
2475100,0
2475200,2.58E-05
2475300,0
2475400,0
2475500,4.95E-06
2475600,0
2475700,0
2475800,0
2475900,2.39E-05
2476000,7.91E-06
2476100,0
2476200,4.95E-07
2476301,2.37E-05
2476302,1.29E-05
2476400,6.40E-05
2476500,1.63E-05
2476600,8.94E-05
2476700,1.93E-05
2476800,1.98E-05
2476900,2.43E-05
2477000,2.03E-05
2477100,1.83E-05
2477200,2.97E-05
2477300,2.27E-05
2477400,0
2477500,1.74E-05
2477601,5.45E-06
2477602,5.94E-06
2477603,1.09E-05
2477700,3.27E-05
2477800,2.48E-05
2477900,4.56E-05
2478000,3.86E-05
2478100,4.85E-05
2478200,1.44E-05
2478300,3.12E-05
2478401,3.71E-05
2478402,4.66E-05
2478500,1.83E-05
2478600,3.86E-05
2478700,3.17E-05
2478800,3.42E-05
2478900,5.20E-05
2479001,4.90E-05
2479002,1.48E-05
2479100,3.17E-05
2479200,2.48E-05
2479302,1.19E-05
2479303,1.79E-05
2479304,1.93E-05
2479305,1.98E-05
2479400,2.27E-05
2479500,0.000159879
2479602,4.95E-07
2479603,0
2479604,0
2479700,1.48E-06
2479800,0
2479900,0
2480000,4.02E-05
2480100,4.51E-05
2480200,4.95E-07
2480301,0
2480302,0
2480400,0.00076068
2480501,0
2480502,9.87E-07
2480600,2.97E-06
2480700,5.00E-05
2480800,0
2480900,2.48E-06
2481000,0
2481101,1.14E-05
2481102,2.18E-05
2481103,1.34E-05
2481104,1.39E-05
2481105,1.74E-05
2481106,3.47E-06
2481200,1.93E-05
2481301,8.89E-06
2481302,6.93E-06
2481303,1.09E-05
2481304,9.87E-06
2481401,1.53E-05
2481402,1.14E-05
2481403,1.44E-05
2481404,1.04E-05
2481405,8.40E-06
2481406,1.48E-05
2481407,1.58E-05
2481408,4.70E-05
2481409,7.28E-05
2481410,2.67E-05
2481500,3.86E-05
2481603,2.82E-05
2481604,3.07E-05
2481605,5.45E-06
2481606,6.93E-06
2481700,1.98E-05
2481800,1.68E-05
2481900,2.23E-05
2482000,1.74E-05
2482100,1.74E-05
2482200,2.18E-05
2482300,3.17E-05
2482400,5.45E-06
2482500,4.06E-05
2482600,2.32E-05
2482700,1.53E-05
2482800,4.71E-05
2482900,2.23E-05
2483000,1.34E-05
2483100,3.51E-05
2483200,2.72E-05
2483300,2.53E-05
2483400,4.17E-05
2483500,4.40E-05
2483601,2.27E-05
2483602,4.06E-05
2483700,4.11E-05
2483803,2.43E-05
2483804,1.63E-05
2483805,3.07E-05
2483806,9.87E-06
2483807,1.63E-05
2483808,2.13E-05
2483809,1.53E-05
2483810,1.29E-05
2483811,1.34E-05
2483903,4.45E-06
2483904,2.67E-05
2483905,6.93E-06
2483907,9.87E-06
2483908,1.63E-05
2483909,1.19E-05
2483910,3.56E-05
2484001,1.29E-05
2484002,2.97E-06
2484101,1.34E-05
2484102,1.34E-05
2484201,3.07E-05
2484203,2.87E-05
2484204,3.47E-06
2484302,0
2484303,0
2484304,0
2484401,6.34E-05
2484402,0.0001211
2484502,8.33E-05
2484503,1.74E-05
2484504,1.58E-05
2484505,1.24E-05
2484506,1.39E-05
2484507,1.79E-05
2484508,1.79E-05
2484509,6.53E-05
2484510,1.48E-05
2484511,2.08E-05
2484512,1.34E-05
2484513,2.82E-05
2484514,1.83E-05
2484515,0
2484516,1.79E-05
2484601,2.13E-05
2484602,7.91E-06
2484603,3.47E-06
2484604,7.35E-05
2484605,1.68E-05
2484606,1.44E-05
2484607,8.89E-06
2484608,1.24E-05
2484609,7.42E-06
2484610,8.40E-06
2484611,1.29E-05
2484612,5.94E-06
2484613,7.91E-06
2484614,1.53E-05
2484615,9.38E-06
2484616,9.87E-06
2484617,1.58E-05
2484618,1.63E-05
2484619,1.04E-05
2484620,1.58E-05
2484701,2.13E-05
2484703,3.71E-05
2484704,1.68E-05
2484705,2.08E-05
2484707,1.63E-05
2484708,2.72E-05
2484709,2.48E-05
2484804,4.35E-05
2484805,1.04E-05
2484807,1.58E-05
2484808,3.12E-05
2484809,3.51E-05
2484810,2.18E-05
2484811,3.66E-05
2484812,2.62E-05
2484900,1.68E-05
2485000,1.53E-05
2485100,2.53E-05
2485200,4.22E-05
2485300,5.61E-05
2485406,2.97E-06
2485407,0
2485409,1.58E-05
2485410,1.93E-05
2485411,2.82E-05
2485412,2.18E-05
2485413,2.08E-05
2485414,2.43E-05
2485416,1.34E-05
2485417,1.93E-05
2485418,1.68E-05
2485419,2.53E-05
2485420,6.43E-06
2485421,7.91E-06
2485422,1.14E-05
2485423,8.40E-06
2485424,1.24E-05
2485425,1.14E-05
2485426,4.45E-06
2485427,8.40E-06
2485428,2.48E-06
2485429,1.09E-05
2485430,1.24E-05
2485431,0
2485500,1.48E-06
2485600,1.83E-05
2485702,4.95E-07
2485703,9.87E-07
2485704,6.43E-06
2485705,9.87E-06
2485706,1.34E-05
2485707,5.45E-06
2485708,9.38E-06
2485709,5.94E-06
2485710,7.42E-06
2485711,1.04E-05
2485712,3.42E-05
2485801,1.74E-05
2485802,1.93E-05
2485900,5.11E-05
2486000,1.39E-05
2486100,4.42E-05
2486200,9.87E-06
2486300,0.000203559
2486400,2.78E-05
2486500,1.04E-05
2486600,5.66E-05
2486702,1.14E-05
2486703,1.34E-05
2486704,2.32E-05
2486800,2.62E-05
2486901,1.88E-05
2486902,7.42E-06
2487001,1.39E-05
2487002,1.09E-05
2487003,1.53E-05
2487004,1.48E-05
2487005,1.93E-05
2487006,1.88E-05
2487100,1.98E-05
2487200,1.44E-05
2487300,2.53E-05
2487400,6.93E-06
2487500,2.03E-05
2487600,1.98E-05
2487700,1.09E-05
2487800,2.32E-05
2487900,1.44E-05
2488000,2.27E-05
2488101,4.95E-05
2488102,1.63E-05
2488201,5.36E-05
2488202,2.48E-05
2488300,0
2488400,2.03E-05
2488500,1.98E-05
2488601,1.79E-05
2488602,2.62E-05
2488603,2.27E-05
2488604,3.46E-05
2488700,4.45E-06
2488801,1.68E-05
2488802,2.48E-06
2488900,1.19E-05
2489001,1.88E-05
2489002,7.42E-06
2489101,0
2489102,3.17E-05
2489200,9.87E-07
2489300,0
2489400,0
2489500,0
2489600,6.93E-06
2489700,0.000143569
2489803,3.27E-05
2489804,2.97E-05
2489805,3.47E-06
2489806,6.43E-06
2489807,1.58E-05
2489900,9.87E-06
2490000,3.02E-05
2490100,2.67E-05
2490200,1.44E-05
2490300,1.68E-05
2490400,1.79E-05
2490500,1.19E-05
2490600,2.18E-05
2490700,1.79E-05
2490800,1.58E-05
2490900,1.04E-05
2491000,2.27E-05
2491100,1.39E-05
2491201,2.53E-05
2491203,3.96E-06
2491204,3.47E-06
2491300,3.12E-05
2491401,2.92E-05
2491402,1.19E-05
2491501,1.44E-05
2491502,1.19E-05
2491503,1.58E-05
2491504,9.38E-06
2491600,2.97E-05
2491700,3.71E-05
2491800,3.61E-05
2491900,3.61E-05
2492000,1.93E-05
2492100,3.07E-05
2492200,2.43E-05
2492300,1.53E-05
2492400,2.67E-05
2492501,5.45E-06
2492502,4.95E-06
2492503,3.47E-06
2492504,2.43E-05
2492600,9.87E-06
2492700,1.74E-05
2492800,3.27E-05
2492901,3.46E-05
2492903,5.05E-05
2492905,2.27E-05
2492906,1.24E-05
2492907,1.88E-05
2492908,8.89E-06
2493000,0.0001393
2493101,1.53E-05
2493102,2.03E-05
2493103,1.79E-05
2493104,1.93E-05
2493105,1.93E-05
2493106,1.53E-05
2493107,1.44E-05
2493201,4.71E-05
2493202,3.12E-05
2493203,3.12E-05
2493300,3.76E-05
2493400,7.26E-05
2493500,5.10E-05
2493600,1.04E-05
2493701,2.97E-05
2493702,4.45E-06
2493801,6.93E-06
2493802,9.83E-05
2493901,5.94E-06
2493902,0
2493903,4.95E-07
2494000,2.69E-05
2494100,2.13E-05
2494200,2.77E-05
2494300,0.000579423
2494400,2.03E-05
2494500,5.94E-06
2494600,5.00E-05
2494700,9.87E-07
2494800,7.42E-06
2494900,0.000150499
2495000,0.0001449
2495101,3.12E-05
2495104,2.37E-05
2495105,7.84E-05
2495106,3.66E-05
2495108,1.14E-05
2495109,1.83E-05
2495110,1.88E-05
2495111,1.39E-05
2495112,2.37E-05
2495200,4.32E-05
2495300,3.07E-05
2495401,9.87E-07
2495402,2.27E-05
2495403,2.18E-05
2495404,1.68E-05
2495500,2.48E-06
2495600,9.87E-07
2495700,2.37E-05
2495800,8.40E-06
2495900,7.91E-06
2496003,8.89E-06
2496008,1.24E-05
2496009,9.38E-06
2496010,1.04E-05
2496011,7.91E-06
2496012,8.89E-06
2496013,9.87E-06
2496014,1.44E-05
2496015,1.44E-05
2496016,1.34E-05
2496017,1.39E-05
2496018,5.94E-06
2496019,9.87E-06
2496020,5.45E-06
2496021,1.39E-05
2496022,3.47E-06
2496023,6.93E-06
2496024,1.14E-05
2496100,1.48E-06
2496200,1.98E-05
2496300,2.77E-05
2496400,3.02E-05
2496500,3.71E-05
2496600,7.91E-06
2496701,3.96E-06
2496702,3.56E-05
2496800,5.00E-05
2496900,5.00E-05
2497000,7.49E-05
2497100,3.05E-05
2497200,0
2497300,2.62E-05
2497401,3.46E-05
2497402,1.44E-05
2497500,1.14E-05
2497600,4.51E-05
2497700,2.23E-05
2497800,1.19E-05
2497900,7.91E-06
2498000,6.43E-06
2498100,3.61E-05
2498200,2.23E-05
2498300,1.48E-05
2498400,2.13E-05
2498501,1.79E-05
2498502,1.53E-05
2498601,1.58E-05
2498602,1.29E-05
2498700,1.93E-05
2498800,0
2498901,5.94E-06
2498903,4.95E-07
2498904,1.48E-05
2498905,1.53E-05
2499000,4.95E-07
2499100,9.87E-07
2499200,2.97E-06
2499301,5.45E-06
2499302,1.44E-05
2499303,9.87E-06
2499304,9.38E-06
2499305,3.96E-06
2499306,1.53E-05
2499307,1.14E-05
2499308,1.04E-05
2499400,3.12E-05
2499502,1.58E-05
2499503,2.03E-05
2499504,1.93E-05
2499505,6.43E-06
2499506,9.38E-06
2499507,1.63E-05
2499508,1.24E-05
2499601,2.48E-05
2499602,2.82E-05
2499700,1.98E-06
2499801,2.97E-06
2499802,1.58E-05
2499803,1.88E-05
2499904,1.98E-05
2499905,1.04E-05
2499906,1.34E-05
2499907,1.79E-05
2499908,1.29E-05
2499909,2.97E-06
2499910,1.93E-05
2499911,1.83E-05
2499912,1.19E-05
2499913,4.45E-06
2499914,6.43E-06
2499915,3.47E-06
2499916,4.95E-06
2499917,4.95E-07
2499918,0
2499919,9.87E-07
2500001,8.89E-06
2500002,1.29E-05
2500003,1.19E-05
2500004,7.42E-06
2500005,3.96E-06
2500006,1.39E-05
2500007,4.45E-06
2500100,2.43E-05
2500200,9.87E-06
2500300,4.95E-06
2500400,1.74E-05
2500500,1.48E-05
2500600,4.11E-05
2500700,1.88E-05
2500800,4.73E-05
2500900,4.45E-05
2501000,9.38E-06
2501100,1.88E-05
2501200,6.93E-06
2501300,3.56E-05
2501400,1.04E-05
2501500,3.96E-06
2501601,1.74E-05
2501602,3.29E-05
2501700,9.38E-06
2501800,3.12E-05
2501900,9.87E-06
2502001,4.95E-06
2502002,5.94E-06
2502100,9.87E-07
2502200,4.95E-07
2502302,7.91E-06
2502303,3.96E-06
2502304,9.38E-06
2502305,8.40E-06
2502306,1.98E-06
2502307,6.93E-06
2502308,5.94E-06
2502401,1.14E-05
2502402,5.94E-06
2502403,7.91E-06
2502501,4.95E-06
2502502,1.48E-06
2502503,2.48E-06
2502601,1.14E-05
2502602,9.87E-07
2502603,3.46E-05
2502700,2.37E-05
2502800,2.48E-06
2502900,3.07E-05
2503001,1.39E-05
2503002,0.00013414
2503101,6.93E-06
2503102,4.31E-05
2503200,9.38E-06
2503302,2.97E-06
2503303,3.59E-05
2503304,1.24E-05
2503400,2.23E-05
2503501,5.94E-06
2503503,1.09E-05
2503504,4.95E-06
2503600,1.83E-05
2503701,1.29E-05
2503702,3.96E-05
2503800,2.53E-05
2503901,1.58E-05
2503903,7.42E-06
2503904,2.60E-05
2503905,9.87E-06
2503906,2.49E-05
2503907,1.68E-05
2503908,1.04E-05
2504001,1.39E-05
2504002,1.44E-05
2504003,2.23E-05
2504004,2.32E-05
2504005,2.77E-05
2504006,1.93E-05
2504007,2.18E-05
2504008,1.24E-05
2504009,1.88E-05
2504010,2.18E-05
2504011,9.87E-07
2504012,2.23E-05
2504013,2.13E-05
2504014,1.93E-05
2504106,5.00E-05
2504107,2.97E-05
2504108,2.13E-05
2504109,3.22E-05
2504110,1.29E-05
2504111,2.13E-05
2504112,3.07E-05
2504113,2.67E-05
2504114,4.06E-05
2504115,3.86E-05
2504202,5.03E-05
2504203,4.61E-05
2504205,1.48E-05
2504207,1.98E-05
2504208,1.88E-05
2504210,1.53E-05
2504211,1.14E-05
2504301,2.32E-05
2504302,3.12E-05
2504303,4.92E-05
2504304,2.43E-05
2504305,2.92E-05
2504306,6.53E-05
2504401,3.71E-05
2504402,2.67E-05
2504403,2.43E-05
2504500,4.06E-05
2504602,3.56E-05
2504603,1.63E-05
2504604,4.35E-05
2504707,1.58E-05
2504708,3.96E-05
2504709,1.24E-05
2504710,3.32E-05
2504711,1.79E-05
2504713,1.24E-05
2504714,2.53E-05
2504715,3.02E-05
2504716,2.87E-05
2504717,1.34E-05
2504718,1.63E-05
2504801,1.68E-05
2504803,1.29E-05
2504804,2.82E-05
2504805,3.07E-05
2504901,3.12E-05
2504902,2.08E-05
2505000,2.08E-05
2505101,6.43E-06
2505102,1.09E-05
2505103,1.09E-05
2505104,1.39E-05
2505202,1.09E-05
2505203,6.43E-06
2505204,0
2505205,2.23E-05
2505206,2.48E-05
2505207,2.13E-05
2505208,1.48E-05
2505301,3.76E-05
2505302,4.45E-05
2505400,1.68E-05
2505500,1.98E-05
2505601,1.93E-05
2505603,2.18E-05
2505604,1.24E-05
2505701,6.43E-06
2505704,3.37E-05
2505705,1.98E-05
2505706,1.74E-05
2505707,1.53E-05
2505708,1.29E-05
2505709,1.29E-05
2505800,1.14E-05
2505900,1.63E-05
2506000,9.38E-06
2506100,2.13E-05
2506201,2.08E-05
2506202,2.37E-05
2506203,2.37E-05
2506301,0
2506304,2.82E-05
2506305,3.12E-05
2506306,1.88E-05
2506307,3.17E-05
2506308,2.58E-05
2506401,1.98E-05
2506402,3.47E-06
2506502,3.96E-06
2506503,7.42E-06
2506504,1.48E-05
2506505,1.44E-05
2506506,1.44E-05
2506507,4.45E-06
2506600,2.03E-05
2506700,2.23E-05
2506800,9.38E-06
2506901,1.04E-05
2506903,3.27E-05
2506905,1.68E-05
2506906,1.58E-05
2506907,1.68E-05
2506908,1.19E-05
2506909,2.97E-05
2507000,7.91E-06
2507101,1.63E-05
2507102,2.72E-05
2507201,1.74E-05
2507202,1.48E-05
2507203,1.34E-05
2507204,7.42E-06
2507205,1.74E-05
2507206,1.34E-05
2507207,4.95E-07
2507300,2.27E-05
2507401,5.94E-06
2507402,7.42E-06
2507501,7.91E-06
2507502,5.45E-06
2507503,8.40E-06
2507504,2.97E-06
2507506,5.94E-06
2507507,2.97E-06
2507603,1.53E-05
2507604,4.95E-07
2507605,1.68E-05
2507606,9.38E-06
2507607,1.29E-05
2507608,1.39E-05
2507609,1.63E-05
2507700,1.79E-05
2507801,6.43E-06
2507803,4.95E-07
2507804,0
2507900,0.0001183
2508000,5.31E-05
2508101,1.58E-05
2508103,1.14E-05
2508104,2.32E-05
2508200,2.97E-06
2508301,2.32E-05
2508302,4.75E-05
2508400,1.74E-05
2508500,3.46E-05
2508600,2.82E-05
2508701,3.58E-05
2508702,3.47E-06
2508802,3.47E-06
2508803,9.92E-05
2508804,1.19E-05
2508900,2.62E-05
2509001,3.27E-05
2509002,1.14E-05
2509100,3.12E-05
2509201,1.19E-05
2509202,1.74E-05
2509303,0.000145529
2509304,9.87E-06
2509305,6.93E-06
2509306,7.91E-06
2509307,1.04E-05
2509308,8.40E-06
2509309,1.48E-05
2509401,1.93E-05
2509402,4.56E-05
2509500,9.87E-06
2509600,2.62E-05
2509700,2.08E-05
2509805,1.98E-05
2509806,2.53E-05
2509807,1.48E-05
2509808,2.08E-05
2509809,9.38E-06
2509810,9.87E-06
2509811,1.44E-05
2509812,1.39E-05
2509813,9.38E-06
2509903,2.48E-06
2509904,1.58E-05
2509905,1.63E-05
2509906,1.39E-05
2509907,4.95E-06
2509908,1.53E-05
2509909,8.89E-06
2510001,7.91E-06
2510002,1.24E-05
2510003,9.87E-06
2510004,1.39E-05
2510005,1.19E-05
2510006,1.14E-05
2510007,1.04E-05
2510101,3.27E-05
2510102,1.88E-05
2510201,4.01E-05
2510202,4.45E-05
2510301,3.47E-06
2510302,1.24E-05
2510303,2.97E-06
2510304,1.04E-05
2510400,2.32E-05
2510500,1.29E-05
2510601,1.48E-05
2510602,1.88E-05
2510700,1.79E-05
2510800,1.48E-05
2510900,1.74E-05
2511001,5.94E-06
2511002,1.24E-05
2511003,3.47E-06
2511100,1.83E-05
2511200,2.18E-05
2511300,1.34E-05
2511400,1.93E-05
2511501,2.23E-05
2511503,7.42E-06
2511504,6.43E-06
2511505,1.29E-05
2511506,5.45E-06
2511507,2.48E-06
2511601,2.23E-05
2511603,6.43E-06
2511604,1.39E-05
2511605,1.04E-05
2511700,3.22E-05
2511800,2.32E-05
2511900,0
2512000,3.27E-05
2512100,1.19E-05
2512200,1.39E-05
2512300,3.91E-05
2512400,2.82E-05
2512500,4.66E-05
2512601,2.23E-05
2512603,3.46E-05
2512604,2.67E-05
2512700,2.53E-05
2512801,1.48E-05
2512802,1.19E-05
2512803,2.13E-05
2512804,1.68E-05
2512805,1.88E-05
2512806,1.68E-05
2512807,1.14E-05
2512808,1.68E-05
2512809,1.44E-05
2512810,9.87E-07
2512900,3.56E-05
2513000,2.72E-05
2513100,2.43E-05
2513201,1.48E-05
2513202,1.09E-05
2513203,8.89E-06
2513204,1.34E-05
2513205,6.43E-06
2513300,3.47E-06
2513400,1.19E-05
2513501,4.11E-05
2513502,1.63E-05
2513504,2.97E-05
2513505,1.39E-05
2513506,1.53E-05
2513600,4.95E-07
2513700,6.43E-06
2513800,1.63E-05
2513900,2.97E-06
2514000,6.93E-06
2514100,3.66E-05
2514200,3.07E-05
2514300,1.04E-05
2514400,3.37E-05
2514500,2.72E-05
2514601,7.42E-06
2514602,2.27E-05
2514701,2.43E-05
2514702,6.93E-06
2514703,1.68E-05
2514704,1.14E-05
2514705,7.91E-06
2514706,1.24E-05
2514707,1.09E-05
2514800,4.95E-07
2514900,7.42E-06
2515000,2.53E-05
2515103,2.13E-05
2515105,1.98E-05
2515106,1.58E-05
2515107,8.40E-06
2515108,4.95E-06
2515109,5.45E-06
2515110,1.98E-05
2515111,1.04E-05
2515112,2.32E-05
2515201,4.11E-05
2515203,2.13E-05
2515204,1.14E-05
2515300,2.87E-05
2515400,2.97E-05
2515500,2.18E-05
2515600,1.98E-05
2515700,2.72E-05
2515800,4.01E-05
2515900,1.68E-05
2516000,2.32E-05
2516100,2.37E-05
2516200,3.46E-05
2516300,2.37E-05
2516401,2.67E-05
2516402,1.48E-05
2516403,2.82E-05
2516500,1.68E-05
2516601,2.82E-05
2516602,7.42E-06
2516700,2.62E-05
2516800,2.53E-05
2516900,3.07E-05
2517000,1.44E-05
2517100,2.58E-05
2517200,2.62E-05
2517300,2.62E-05
2517400,2.27E-05
2517500,1.98E-05
2517600,4.66E-05
2517700,2.13E-05
2517800,1.88E-05
2517900,2.48E-05
2518000,2.77E-05
2518100,1.74E-05
2518200,1.53E-05
2518300,2.08E-05
2518400,7.91E-06
2518504,1.24E-05
2518505,1.29E-05
2518506,1.19E-05
2518507,2.48E-06
2518508,1.58E-05
2518509,1.04E-05
2518510,1.39E-05
2518511,4.45E-06
2518512,1.68E-05
2518513,6.43E-06
2518514,1.63E-05
2518600,2.08E-05
2518700,1.74E-05
2518800,3.82E-05
2518900,1.19E-05
2519000,1.39E-05
2519101,9.87E-06
2519102,1.24E-05
2519201,1.24E-05
2519202,8.40E-06
2519203,6.93E-06
2519300,1.79E-05
2519401,2.39E-05
2519402,6.93E-06
2519403,8.89E-06
2519404,8.40E-06
2519405,7.42E-06
2519501,8.40E-06
2519502,8.89E-06
2519503,9.87E-06
2519504,1.04E-05
2519505,1.04E-05
2519506,1.19E-05
2519507,9.87E-06
2519508,1.44E-05
2519600,2.23E-05
2519700,1.79E-05
2519800,2.58E-05
2519900,2.08E-05
2520000,1.93E-05
2520100,1.19E-05
2520200,1.74E-05
2520300,2.23E-05
2520400,1.79E-05
2520500,1.44E-05
2520601,3.44E-05
2520602,6.20E-05
2520603,1.19E-05
2520701,2.54E-05
2520702,2.88E-05
2520703,3.53E-05
2520802,3.86E-05
2520803,0.000136121
2520804,5.94E-06
2520805,1.53E-05
2520900,3.07E-05
2521000,1.93E-05
2521100,1.14E-05
2521200,1.53E-05
2521300,1.53E-05
2521400,1.39E-05
2521500,2.23E-05
2521600,1.93E-05
2521700,1.14E-05
2521800,1.53E-05
2521900,1.58E-05
2522000,2.23E-05
2522100,2.48E-05
2522200,1.53E-05
2522300,2.27E-05
2522400,1.58E-05
2522500,1.68E-05
2522600,1.14E-05
2522700,1.93E-05
2522800,1.24E-05
2522900,1.58E-05
2523000,1.63E-05
2523100,1.19E-05
2523200,1.98E-05
2523300,2.27E-05
2523400,6.15E-05
2523501,1.39E-05
2523502,1.14E-05
2523600,1.48E-05
2523700,2.03E-05
2523800,1.79E-05
2523900,1.24E-05
2524000,1.83E-05
2524102,2.53E-05
2524106,2.62E-05
2524107,1.09E-05
2524108,1.24E-05
2524109,5.45E-06
2524110,4.95E-06
2524111,1.04E-05
2524112,1.53E-05
2524201,5.45E-06
2524202,1.14E-05
2524203,8.89E-06
2524300,9.87E-06
2524400,1.88E-05
2524500,4.92E-05
2524601,1.48E-05
2524602,7.91E-06
2524603,1.53E-05
2524604,1.39E-05
2524605,1.14E-05
2524606,1.04E-05
2524607,1.34E-05
2524608,1.09E-05
2524701,1.04E-05
2524702,5.49E-05
2524800,4.95E-07
2524900,1.88E-05
2525000,2.92E-05
2525100,1.93E-05
2525203,3.22E-05
2525205,2.92E-05
2525206,6.93E-06
2525207,3.96E-06
2525208,2.97E-06
2525209,2.18E-05
2525210,3.07E-05
2525300,1.09E-05
2525400,2.32E-05
2525500,3.82E-05
2525600,2.92E-05
2525700,2.32E-05
2525800,1.74E-05
2525900,4.56E-05
2526000,1.34E-05
2526100,1.09E-05
2526200,3.37E-05
2526301,1.53E-05
2526302,1.09E-05
2526400,2.58E-05
2526500,9.87E-06
2526600,2.03E-05
2526701,1.04E-05
2526702,8.40E-06
2526703,9.38E-06
2526704,5.45E-06
2526705,3.96E-06
2526800,2.67E-05
2526900,2.27E-05
2527000,4.95E-06
2527100,1.58E-05
2527201,2.03E-05
2527202,7.91E-06
2527301,1.39E-05
2527302,1.44E-05
2527303,9.38E-06
2527304,8.89E-06
2527305,7.42E-06
2527306,4.95E-06
2527401,2.72E-05
2527402,9.38E-06
2527500,1.68E-05
2527601,2.97E-05
2527602,1.83E-05
2527700,2.23E-05
2527801,3.42E-05
2527804,3.17E-05
2527805,1.19E-05
2527806,9.38E-06
2527807,6.93E-06
2527900,1.63E-05
2528000,1.44E-05
2528100,1.48E-05
2528200,1.98E-05
2528300,3.27E-05
2528400,7.42E-06
2528501,1.39E-05
2528502,3.22E-05
2528503,1.83E-05
2528600,8.40E-06
2528701,2.37E-05
2528702,4.45E-05
2528703,2.72E-05
2528704,9.87E-06
2528801,9.38E-06
2528802,1.88E-05
2528803,2.03E-05
2528901,9.33E-05
2528902,1.14E-05
2528904,4.95E-07
2528905,8.33E-05
2528906,2.32E-05
2528907,1.53E-05
2528908,3.56E-05
2528909,2.27E-05
2528910,1.83E-05
2528912,1.83E-05
2528913,9.87E-06
2528914,1.68E-05
2529003,2.43E-05
2529004,1.24E-05
2529005,3.37E-05
2529006,1.19E-05
2529007,2.77E-05
2529008,2.67E-05
2529009,2.62E-05
2529010,1.83E-05
2529011,2.58E-05
2529012,1.74E-05
2529013,4.95E-05
2529014,0
2529015,1.53E-05
2529016,1.48E-06
2529100,1.04E-05
2529200,7.42E-06
2529300,2.32E-05
2529400,2.58E-05
2529501,2.77E-05
2529502,3.02E-05
2529503,1.34E-05
2529601,3.37E-05
2529602,1.39E-05
2529603,7.91E-06
2529701,3.42E-05
2529704,3.51E-05
2529705,2.97E-05
2529706,2.27E-05
2529707,3.27E-05
2529803,3.46E-05
2529804,4.26E-05
2529805,3.17E-05
2529806,2.32E-05
2529807,2.27E-05
2529808,3.07E-05
2529900,3.17E-05
2530000,3.86E-05
2530101,2.53E-05
2530102,3.51E-05
2530200,2.48E-05
2530300,3.47E-06
2530400,1.88E-05
2530501,5.45E-06
2530502,8.89E-06
2530600,1.88E-05
2530700,1.88E-05
2530800,1.68E-05
2530900,1.44E-05
2531000,1.48E-05
2531100,2.43E-05
2531200,1.98E-05
2531300,1.39E-05
2531400,2.62E-05
2531500,2.97E-05
2531600,3.92E-05
2531700,3.07E-05
2531800,3.51E-05
2531900,2.53E-05
2532000,1.09E-05
2532100,1.88E-05
2532200,4.80E-05
2532300,3.17E-05
2532401,1.79E-05
2532402,6.10E-05
2532500,2.32E-05
2532600,1.24E-05
2532700,3.17E-05
2532800,2.72E-05
2532900,2.62E-05
2533000,2.72E-05
2533102,1.04E-05
2533104,5.00E-05
2533105,4.95E-06
2533106,6.93E-06
2533107,9.38E-06
2533108,8.40E-06
2533109,9.38E-06
2533110,4.95E-06
2533201,1.14E-05
2533202,1.44E-05
2533300,1.19E-05
2533400,3.42E-05
2533500,2.27E-05
2533600,1.48E-05
2533700,1.74E-05
2533800,3.02E-05
2533900,3.61E-05
2534000,3.02E-05
2534100,2.48E-05
2534200,1.79E-05
2534300,1.63E-05
2534400,2.87E-05
2534500,3.07E-05
2534600,6.05E-05
2534700,2.58E-05
2534800,1.48E-05
2534900,3.86E-05
2535001,1.09E-05
2535002,1.53E-05
2535003,1.09E-05
2535100,2.48E-05
2535200,3.27E-05
2535300,1.39E-05
2535400,2.72E-05
2535500,1.88E-05
2535600,1.93E-05
2535701,1.09E-05
2535702,5.45E-06
2535703,9.38E-06
2535800,2.62E-05
2535900,2.13E-05
2536000,2.37E-05
2536100,2.18E-05
2536200,2.82E-05
2536300,2.43E-05
2536400,1.74E-05
2536500,1.63E-05
2536600,2.27E-05
2536701,1.58E-05
2536702,1.68E-05
2536801,9.87E-06
2536802,9.87E-06
2536803,1.04E-05
2536900,2.13E-05
2537003,1.48E-05
2537004,4.27E-05
2537005,1.48E-05
2537006,5.94E-06
2537007,1.63E-05
2537008,1.14E-05
2537009,1.24E-05
2537100,4.66E-05
2537200,3.37E-05
2537300,1.19E-05
2537400,4.56E-05
2537500,2.18E-05
2537600,3.76E-05
2537701,1.93E-05
2537702,0.000112785
2537800,0.000230556
2537900,2.48E-05
2538000,3.27E-05
2538101,5.10E-05
2538103,2.77E-05
2538104,2.67E-05
2538201,4.95E-06
2538202,1.19E-05
2538203,8.40E-06
2538300,1.58E-05
2538400,1.83E-05
2538500,2.03E-05
2538601,4.95E-07
2538603,9.87E-06
2538604,1.14E-05
2538605,1.68E-05
2538606,9.87E-06
2538701,9.87E-06
2538702,2.48E-06
2538703,9.38E-06
2538800,0.00013414
2538901,1.04E-05
2538902,0
2539001,1.48E-06
2539002,3.07E-05
2539101,2.97E-06
2539102,0.000150989
2539103,1.58E-05
2539203,9.87E-07
2539204,1.39E-05
2539205,1.79E-05
2539206,1.83E-05
2539300,3.91E-05
2539400,2.97E-05
2539500,1.79E-05
2539601,0.000166319
2539602,1.53E-05
2539700,1.68E-05
2539800,2.87E-05
2539900,3.02E-05
2540000,1.83E-05
2540100,2.18E-05
2540200,1.83E-05
2540300,2.37E-05
2540400,8.40E-06
2540500,2.72E-05
2540600,3.02E-05
2540700,3.37E-05
2540800,3.12E-05
2540900,3.27E-05
2541000,1.79E-05
2541100,4.66E-05
2541200,4.12E-05
2541300,2.03E-05
2541400,2.58E-05
2541500,4.51E-05
2541600,2.32E-05
2541700,2.48E-05
2541800,6.55E-05
2541900,3.66E-05
2542001,1.74E-05
2542002,3.96E-06
2542100,2.97E-05
2542201,4.06E-05
2542202,8.89E-06
2542300,2.08E-05
2542401,2.82E-05
2542402,3.77E-05
2542500,3.46E-05
2542601,2.82E-05
2542602,2.97E-06
2542700,2.37E-05
2542800,5.61E-05
2542900,3.17E-05
2543000,4.95E-07
2543100,1.24E-05
2543201,1.24E-05
2543202,6.93E-06
2543203,3.96E-06
2543204,8.40E-06
2543300,2.37E-05
2543400,2.92E-05
2543501,1.14E-05
2543502,1.04E-05
2543503,9.87E-06
2543600,3.22E-05
2543700,2.32E-05
2543800,2.67E-05
2543900,2.37E-05
2544000,1.98E-05
2544100,2.82E-05
2544200,3.61E-05
2544300,3.51E-05
2544401,1.19E-05
2544402,7.42E-06
2544403,9.87E-06
2544404,5.94E-06
2544500,1.74E-05
2544600,2.67E-05
2544700,1.44E-05
2544800,3.37E-05
2544900,4.87E-05
2545000,1.44E-05
2545101,7.42E-06
2545102,1.09E-05
2545103,6.43E-06
2545200,2.67E-05
2545300,1.39E-05
2545400,5.71E-05
2545500,2.23E-05
2545600,1.44E-05
2545700,1.63E-05
2545800,8.89E-06
2545901,1.44E-05
2545902,3.96E-06
2546000,1.19E-05
2546100,1.04E-05
2546200,1.44E-05
2546300,1.98E-06
2546400,4.47E-05
2546500,1.48E-06
2546600,2.58E-05
2546700,1.24E-05
2546800,2.48E-05
2546900,1.48E-05
2547000,2.23E-05
2547100,9.87E-06
2547200,1.04E-05
2547300,1.88E-05
2547400,2.77E-05
2547500,2.37E-05
2547600,3.32E-05
2547700,3.27E-05
2547801,1.34E-05
2547802,1.44E-05
2547901,3.42E-05
2547902,7.42E-06
2548000,3.22E-05
2548100,2.37E-05
2548200,1.39E-05
2548300,9.38E-06
2548400,3.46E-05
2548501,9.87E-06
2548502,6.93E-06
2548503,1.29E-05
2548601,1.14E-05
2548602,8.89E-06
2548603,6.43E-06
2548604,3.96E-06
2548700,3.07E-05
2548801,8.89E-06
2548802,1.88E-05
2548803,1.39E-05
2548804,2.97E-06
2548900,1.19E-05
2549000,2.92E-05
2549100,2.58E-05
2549200,3.27E-05
2549300,1.63E-05
2549400,1.29E-05
2549500,1.93E-05
2549600,2.58E-05
2549700,1.14E-05
2549801,1.09E-05
2549802,2.43E-05
2549900,5.94E-06
2550000,2.13E-05
2550100,2.92E-05
2550203,4.45E-06
2550204,1.98E-06
2550205,2.67E-05
2550206,3.22E-05
2550207,2.97E-06
2550300,2.32E-05
2550400,2.32E-05
2550500,1.93E-05
2550600,9.38E-06
2550700,1.88E-05
2550800,2.23E-05
2550900,1.79E-05
2551000,2.97E-05
2551100,1.93E-05
2551200,2.23E-05
2551301,2.03E-05
2551302,3.02E-05
2551400,2.72E-05
2551500,1.93E-05
2551601,2.43E-05
2551604,4.95E-07
2551605,8.89E-06
2551606,2.97E-06
2551607,9.87E-07
2551608,5.45E-06
2551702,3.47E-06
2551703,9.87E-06
2551704,6.43E-06
2551705,9.87E-06
2551800,1.79E-05
2551900,2.27E-05
2552000,1.58E-05
2552100,2.58E-05
2552202,1.14E-05
2552204,2.48E-05
2552205,2.27E-05
2552206,8.89E-05
2552207,6.93E-06
2552208,3.96E-06
2552209,5.45E-06
2552210,1.29E-05
2552211,8.89E-06
2552212,8.89E-06
2552213,6.43E-06
2552214,5.45E-06
2552300,3.37E-05
2552400,1.74E-05
2552500,2.72E-05
2552600,3.07E-05
2552701,1.74E-05
2552703,6.93E-06
2552704,6.43E-06
2552705,7.91E-06
2552706,9.87E-07
2552707,3.96E-06
2552708,3.08E-05
2552709,6.93E-06
2552800,2.92E-05
2552901,3.47E-06
2552903,1.98E-06
2552904,1.48E-06
2552905,0
2552906,1.24E-05
2552907,1.48E-06
2553000,1.83E-05
2553100,2.72E-05
2553200,2.03E-05
2553300,4.11E-05
2553402,6.30E-05
2553403,1.63E-05
2553404,3.02E-05
2553405,1.98E-05
2553500,2.97E-05
2553600,4.06E-05
2553702,5.45E-06
2553703,7.62E-05
2553704,4.95E-06
2553801,1.48E-06
2553802,6.43E-06
2553900,1.48E-06
2554002,8.89E-06
2554003,4.95E-07
2554004,3.12E-05
2554005,3.17E-05
2554100,1.04E-05
2554200,1.93E-05
2554300,4.01E-05
2554401,7.91E-06
2554402,1.09E-05
2554501,2.92E-05
2554502,1.98E-05
2554503,1.68E-05
2554504,4.95E-05
2554600,2.03E-05
2554700,9.87E-07
2554800,1.93E-05
2554900,7.42E-06
2555001,1.83E-05
2555002,9.57E-05
2555100,1.88E-05
2555200,3.61E-05
2555300,2.87E-05
2555400,4.45E-06
2555500,0
2555601,6.20E-05
2555602,3.12E-05
2555701,2.18E-05
2555702,2.87E-05
2555800,0
2555902,2.82E-05
2555903,1.44E-05
2555904,2.48E-05
2556000,2.93E-05
2556100,1.48E-05
2556200,3.27E-05
2556300,1.09E-05
2556400,1.39E-05
2556500,2.77E-05
2556600,2.27E-05
2556701,1.44E-05
2556702,1.93E-05
2556800,6.45E-05
2556901,2.37E-05
2556902,1.68E-05
2557000,1.48E-05
2557100,0
2557200,1.98E-05
2557300,3.12E-05
2557400,3.76E-05
2557500,2.48E-06
2557600,1.34E-05
2557700,4.51E-05
2557800,0
2557900,3.32E-05
2558000,2.43E-05
2558101,9.87E-06
2558102,1.14E-05
2558103,6.93E-06
2558104,6.93E-06
2558200,4.45E-06
2558300,2.23E-05
2558400,2.23E-05
2558500,1.88E-05
2558600,2.08E-05
2558700,2.18E-05
2558800,2.08E-05
2558900,9.87E-07
2559000,0
2559100,7.42E-06
2559200,1.79E-05
2559300,1.29E-05
2559400,1.48E-05
2559500,9.38E-06
2559600,2.62E-05
2559700,2.92E-05
2559800,1.83E-05
2559900,2.32E-05
2560000,2.77E-05
2560100,1.14E-05
2560200,1.74E-05
2560300,2.48E-06
2560400,5.61E-05
2560500,0.000141049
2560601,1.09E-05
2560602,1.98E-06
2560700,7.42E-06
2560801,1.34E-05
2560802,9.38E-06
2560803,6.43E-06
2560900,1.63E-05
2561000,1.24E-05
2561101,6.43E-06
2561102,9.38E-06
2561103,5.94E-06
2561200,1.44E-05
2561301,1.19E-05
2561302,1.48E-05
2561400,8.40E-06
2561501,1.83E-05
2561502,2.37E-05
2561600,2.62E-05
2561700,2.87E-05
2561801,1.09E-05
2561802,7.91E-06
2561803,8.89E-06
2561804,5.45E-06
2561901,1.24E-05
2561902,5.45E-06
2562001,6.43E-06
2562002,0
2562003,4.95E-06
2562004,5.94E-06
2562102,4.95E-07
2562103,4.45E-06
2562104,7.42E-06
2562106,4.95E-07
2562107,4.95E-07
2562201,2.87E-05
2562202,9.87E-07
2562300,6.43E-06
2562400,2.87E-05
2562500,9.87E-07
2562600,6.43E-06
2562700,1.48E-05
2562800,1.24E-05
2562900,1.48E-05
2563000,2.77E-05
2563101,1.79E-05
2563102,1.44E-05
2563103,2.23E-05
2563104,1.98E-06
2563200,4.95E-06
2563300,1.39E-05
2563400,2.37E-05
2563500,1.39E-05
2563600,3.02E-05
2563700,2.18E-05
2563800,2.18E-05
2563900,1.63E-05
2564000,2.92E-05
2564100,1.29E-05
2564200,1.88E-05
2564300,4.07E-05
2564400,1.29E-05
2564500,2.92E-05
2564600,6.43E-06
2564700,3.32E-05
2564800,4.21E-05
2564901,2.87E-05
2564902,3.68E-05
2565000,2.13E-05
2565101,3.96E-06
2565102,1.44E-05
2565200,3.07E-05
2565300,2.37E-05
2565400,1.44E-05
2565500,4.26E-05
2565600,3.66E-05
2565700,0
2565800,3.79E-05
2565900,1.58E-05
2566000,2.77E-05
2566100,1.29E-05
2566200,1.79E-05
2566300,2.43E-05
2566400,3.66E-05
2566500,1.14E-05
2566600,2.97E-05
2566700,2.97E-06
2566800,2.18E-05
2566900,4.06E-05
2567000,1.04E-05
2567100,1.79E-05
2567200,1.98E-05
2567300,1.83E-05
2567400,1.53E-05
2567500,2.08E-05
2567600,1.44E-05
2567700,0
2567800,4.61E-05
2567900,0
2568000,5.94E-06
2568100,4.95E-07
2568200,1.39E-05
2568300,1.83E-05
2568401,9.38E-06
2568402,6.93E-06
2568403,4.45E-06
2568404,1.24E-05
2568500,4.92E-05
2568600,1.39E-05
2568700,1.63E-05
2568800,1.63E-05
2568900,2.27E-05
2569000,1.79E-05
2569100,1.44E-05
2569200,1.88E-05
2569300,1.24E-05
2569400,2.32E-05
2569500,2.92E-05
2569601,1.74E-05
2569602,7.91E-06
2569700,6.43E-06
2569800,4.11E-05
2569900,1.53E-05
2570000,2.92E-05
2570100,9.38E-06
2570200,9.38E-06
2570300,2.62E-05
2570400,2.58E-05
2570500,1.68E-05
2570600,8.89E-06
2570700,1.53E-05
2570800,2.03E-05
2570900,2.27E-05
2571000,1.44E-05
2571100,1.74E-05
2571201,3.96E-06
2571202,0
2571300,1.29E-05
2571400,1.68E-05
2571500,1.63E-05
2571600,1.83E-05
2571700,1.74E-05
2571800,1.04E-05
2571900,1.29E-05
2572001,3.17E-05
2572002,1.74E-05
2572102,3.07E-05
2572103,0
2572104,0
2572105,9.87E-06
2572106,9.87E-06
2572200,0
2572300,9.87E-07
2572401,1.98E-06
2572402,9.87E-07
2572500,2.48E-06
2572601,1.98E-06
2572602,1.98E-06
2572700,1.48E-06
2572802,9.87E-07
2572803,4.45E-06
2572804,0
2572805,9.87E-07
2572806,0
2572900,0
2573000,1.74E-05
2573102,1.48E-05
2573103,2.48E-06
2573104,1.48E-05
2573105,4.45E-06
2573200,1.98E-06
2573300,1.14E-05
2573400,7.42E-06
2573500,2.58E-05
2573601,1.48E-06
2573602,1.14E-05
2573700,3.42E-05
2573800,2.37E-05
2573900,1.63E-05
2574000,1.34E-05
2574100,1.88E-05
2574200,1.98E-05
2574300,2.32E-05
2574400,2.08E-05
2574500,8.40E-06
2574600,1.44E-05
2574700,2.03E-05
2574800,2.97E-05
2574900,1.53E-05
2575000,2.58E-05
2575100,4.95E-06
2575200,1.68E-05
2575300,1.29E-05
2575400,2.03E-05
2575500,8.89E-06
2575600,2.18E-05
2575700,1.98E-05
2575800,2.37E-05
2575900,2.62E-05
2576000,1.29E-05
2576100,2.32E-05
2576200,1.24E-05
2576300,1.34E-05
2576400,1.39E-05
2576502,2.32E-05
2576505,4.95E-07
2576506,4.95E-07
2576507,4.95E-07
2576508,9.87E-07
2576509,9.87E-07
2576510,2.97E-06
2576511,9.38E-06
2576512,9.87E-06
2576513,5.45E-06
2576601,3.17E-05
2576604,1.04E-05
2576605,4.95E-07
2576606,2.44E-05
2576607,4.95E-07
2576608,9.87E-07
2576700,2.43E-05
2576800,1.48E-05
2576901,2.23E-05
2576902,2.37E-05
2577001,5.67E-05
2577002,2.82E-05
2577100,2.77E-05
2577203,9.87E-07
2577204,0
2577205,1.48E-06
2577206,0
2577207,4.95E-07
2577300,0
2577400,1.88E-05
2577500,1.48E-06
2577600,4.95E-07
2577700,4.95E-07
2577801,0
2577802,1.09E-05
2577900,9.87E-07
2578000,1.53E-05
2578100,2.08E-05
2578200,1.58E-05
2578300,1.93E-05
2578400,1.09E-05
2578500,6.43E-06
2578600,1.24E-05
2578700,2.48E-05
2578800,9.87E-07
2578901,1.29E-05
2578902,9.38E-06
2578903,1.48E-06
2579000,1.93E-05
2579101,1.48E-05
2579102,9.38E-06
2579201,2.32E-05
2579202,2.13E-05
2579203,2.53E-05
2579300,4.01E-05
2579401,1.98E-05
2579402,1.58E-05
2579403,1.53E-05
2579501,2.97E-06
2579502,1.19E-05
2579600,2.62E-05
2579700,3.42E-05
2579800,0
2579900,3.12E-05
2580000,5.45E-06
2580100,9.87E-07
2580200,4.95E-05
2580301,1.48E-05
2580303,2.13E-05
2580304,7.91E-06
2580305,4.45E-06
2580306,4.11E-05
2580400,2.67E-05
2580500,2.72E-05
2580600,2.23E-05
2580700,2.32E-05
2580800,2.32E-05
2580900,1.48E-05
2581000,1.63E-05
2581100,1.29E-05
2581200,1.88E-05
2581300,1.19E-05
2581400,2.32E-05
2581500,5.45E-06
2581600,6.93E-06
2581700,3.86E-05
2581800,3.23E-05
2581900,7.91E-06
2582000,1.83E-05
2582100,1.79E-05
2582200,2.37E-05
2582300,2.77E-05
2582400,1.29E-05
2582501,0
2582503,2.13E-05
2582504,2.48E-06
2582600,3.47E-06
2582700,2.67E-05
2582800,3.02E-05
2582900,2.82E-05
2583000,1.53E-05
2583100,3.32E-05
2583200,1.48E-05
2583300,1.44E-05
2583400,2.82E-05
2583500,1.24E-05
2583600,5.94E-06
2583700,1.53E-05
2583801,1.39E-05
2583802,1.24E-05
2583803,1.44E-05
2583900,2.62E-05
2584000,1.14E-05
2584100,1.98E-05
2584200,6.56E-05
2584300,9.87E-06
2584400,1.63E-05
2584500,1.79E-05
2584600,2.97E-06
2584700,1.68E-05
2584800,2.48E-05
2584900,2.67E-05
2585000,2.53E-05
2585100,2.48E-05
2585200,4.42E-05
2585300,5.45E-06
2585400,5.94E-06
2585500,1.93E-05
2585600,2.53E-05
2585700,1.83E-05
2585800,8.40E-06
2585900,2.67E-05
2586000,2.03E-05
2586100,2.18E-05
2586200,9.87E-07
2586300,1.44E-05
2586400,1.98E-06
2586500,1.14E-05
2586600,2.53E-05
2586700,5.94E-06
2586800,5.45E-06
2586900,1.04E-05
2587000,6.43E-06
2587100,2.13E-05
2587200,4.45E-06
2587300,1.63E-05
2587400,1.14E-05
2587500,1.79E-05
2587600,2.18E-05
2587700,1.34E-05
2587800,1.58E-05
2587900,2.23E-05
2588000,2.13E-05
2588100,1.14E-05
2588200,2.13E-05
2588300,2.43E-05
2588400,5.45E-06
2588500,1.53E-05
2588600,2.23E-05
2588700,2.62E-05
2588800,2.72E-05
2588900,1.48E-06
2589000,4.95E-07
2589101,1.48E-06
2589102,0.000132653
2589201,3.17E-05
2589203,2.67E-05
2589204,1.09E-05
2589205,7.91E-06
2589206,3.47E-06
2589207,5.94E-06
2589300,5.54E-05
2589402,1.29E-05
2589403,2.58E-05
2589404,2.03E-05
2589405,1.58E-05
2589406,2.97E-05
2589407,2.48E-05
2589500,3.42E-05
2589600,0.000142589
2589700,7.91E-06
2589800,2.87E-05
2589900,1.79E-05
2590000,4.32E-05
2590100,3.71E-05
2590202,2.37E-05
2590203,2.97E-06
2590204,2.27E-05
2590301,3.46E-05
2590302,1.48E-06
2590400,1.58E-05
2590500,1.14E-05
2590600,3.22E-05
2590700,1.19E-05
2590800,2.27E-05
2590901,8.89E-06
2590902,1.14E-05
2590903,1.34E-05
2590904,8.89E-06
2591000,1.34E-05
2591100,1.34E-05
2591200,2.97E-05
2591300,2.37E-05
2591401,2.82E-05
2591402,2.72E-05
2591500,2.97E-06
2591601,1.93E-05
2591603,3.96E-06
2591604,1.04E-05
2591605,1.19E-05
2591701,1.44E-05
2591702,1.34E-05
2591703,1.29E-05
2591704,1.24E-05
2591705,4.45E-06
2591800,1.48E-05
2591900,2.13E-05
2592000,5.80E-05
2592100,3.07E-05
2592200,3.37E-05
2592300,1.83E-05
2592400,3.02E-05
2592500,1.48E-05
2592600,1.93E-05
2592700,5.25E-05
2592800,1.88E-05
2592900,2.97E-05
2593000,1.68E-05
2593100,1.44E-05
2593200,1.48E-05
2593301,4.45E-06
2593302,1.14E-05
2593303,7.42E-06
2593304,4.95E-06
2593400,1.19E-05
2593500,1.98E-05
2593600,1.34E-05
2593700,2.23E-05
2593800,1.53E-05
2593901,6.05E-05
2593902,9.87E-06
2594000,7.42E-06
2594100,1.83E-05
2594200,3.76E-05
2594300,1.98E-05
2594400,1.09E-05
2594500,1.48E-05
2594600,2.08E-05
2594700,1.04E-05
2594800,2.13E-05
2594900,9.38E-06
2595000,1.39E-05
2595100,1.44E-05
2595200,1.09E-05
2595300,1.39E-05
2595400,6.93E-06
2595500,1.68E-05
2595600,1.19E-05
2595700,1.24E-05
2595800,1.14E-05
2595900,1.74E-05
2596000,1.63E-05
2596100,2.97E-05
2596200,2.32E-05
2596300,2.27E-05
2596400,1.44E-05
2596501,1.19E-05
2596502,8.40E-06
2596600,2.03E-05
2596700,1.53E-05
2596800,1.19E-05
2596900,1.53E-05
2597000,2.23E-05
2597100,1.48E-05
2597200,1.34E-05
2597300,1.34E-05
2597400,2.18E-05
2597500,9.87E-06
2597600,1.53E-05
2597700,2.03E-05
2597800,2.48E-05
2597900,1.44E-05
2598000,1.04E-05
2598100,1.93E-05
2598200,8.40E-06
2598301,4.95E-06
2598302,4.95E-07
2598401,3.96E-06
2598402,1.34E-05
2598403,4.95E-06
2598404,9.38E-06
2598405,5.45E-06
2598500,1.39E-05
2598600,7.21E-05
2598700,2.18E-05
2598800,1.83E-05
2598900,4.95E-07
2599000,2.53E-05
2599100,1.44E-05
2599200,1.24E-05
2599300,2.49E-05
2599400,4.95E-07
2599500,2.03E-05
2599600,3.47E-06
2599700,2.48E-06
2599800,2.48E-06
2599900,9.87E-06
2600000,9.87E-07
2600100,3.47E-06
2600200,2.64E-05
2600300,3.47E-06
2600401,2.48E-06
2600402,1.98E-06
2600500,1.98E-06
2600600,4.95E-07
2600700,1.48E-06
2600800,4.95E-07
2600900,3.56E-05
2601001,2.97E-06
2601002,9.87E-06
2601100,1.63E-05
2601200,1.83E-05
2601300,1.98E-05
2601400,1.44E-05
2601500,1.63E-05
2601600,2.67E-05
2601700,1.14E-05
2601800,1.98E-05
2601900,1.68E-05
2602000,1.83E-05
2602100,1.68E-05
2602200,9.87E-07
2602300,3.47E-06
2602400,3.07E-05
2602500,4.95E-06
2602600,2.53E-05
2602700,1.88E-05
2602801,4.95E-07
2602802,1.48E-06
2602900,1.98E-06
2603000,3.96E-06
2603100,1.48E-06
2603200,4.45E-06
2603301,2.72E-05
2603302,6.43E-06
2603303,3.96E-06
2603400,3.17E-05
2603500,2.67E-05
2603603,8.89E-06
2603604,4.45E-06
2603605,8.40E-06
2603606,3.96E-06
2603607,0
2603608,0
2603700,0
2603800,2.48E-06
2603900,1.74E-05
2604000,2.13E-05
2604100,1.39E-05
2604200,2.48E-05
2604300,1.34E-05
2604400,1.74E-05
2604504,1.63E-05
2604505,2.97E-06
2604506,2.97E-06
2604507,4.95E-07
2604508,2.97E-06
2604509,6.43E-06
2604510,7.42E-06
2604511,0
2604512,2.03E-05
2604513,3.47E-06
2604514,1.83E-05
2604515,4.95E-07
2604600,1.44E-05
2604700,1.98E-05
2604801,1.63E-05
2604802,1.34E-05
2604803,1.04E-05
2604804,1.48E-06
2604900,3.17E-05
2605000,6.93E-05
2605100,1.88E-05
2605200,2.27E-05
2605300,1.53E-05
2605400,1.93E-05
2605500,3.32E-05
2605600,2.37E-05
2605700,1.83E-05
2605800,1.53E-05
2605900,2.03E-05
2606001,9.38E-06
2606002,9.87E-06
2606003,6.93E-06
2606100,1.53E-05
2606200,1.19E-05
2606300,1.29E-05
2606400,4.95E-07
2606500,2.48E-06
2606600,3.42E-05
2606700,1.83E-05
2606800,0
2606900,1.48E-06
2607000,3.02E-05
2607100,5.15E-05
2607200,0
2607300,4.95E-07
2607400,1.68E-05
2607500,1.14E-05
2607600,7.42E-06
2607700,2.18E-05
2607800,2.77E-05
2607900,2.53E-05
2608000,1.74E-05
2608100,2.18E-05
2608200,8.89E-06
2608300,4.95E-07
2608400,4.45E-06
2608500,4.76E-05
2608600,2.18E-05
2608700,4.51E-05
2608800,2.97E-05
2608900,3.07E-05
2609000,4.27E-05
2609100,2.03E-05
2609200,4.71E-05
2609300,1.98E-05
2609400,1.93E-05
2609500,5.11E-05
2609600,1.93E-05
2609700,3.51E-05
2609800,1.79E-05
2609900,1.98E-05
2610000,2.03E-05
2610100,1.04E-05
2610200,8.89E-06
2610300,5.31E-05
2610400,1.09E-05
2610500,5.11E-05
2610600,1.44E-05
2610700,2.18E-05
2610800,2.48E-05
2610900,1.44E-05
2611000,2.77E-05
2611100,1.93E-05
2611200,1.29E-05
2611300,3.91E-05
2611400,2.03E-05
2611500,5.94E-06
2611601,5.94E-06
2611602,4.45E-06
2611603,1.14E-05
2611701,9.38E-06
2611702,9.38E-06
2611703,1.24E-05
2611704,1.14E-05
2611705,8.89E-06
2611800,1.19E-05
2611900,1.29E-05
2612000,1.88E-05
2612100,9.87E-06
2612200,2.82E-05
2612300,1.24E-05
2612400,1.34E-05
2612501,9.87E-06
2612502,3.96E-06
2612600,2.97E-05
2612700,1.34E-05
2612800,1.88E-05
2612900,3.12E-05
2613000,2.48E-05
2613100,1.53E-05
2613200,2.18E-05
2613300,2.32E-05
2613400,1.74E-05
2613500,4.47E-05
2613600,1.09E-05
2613700,2.18E-05
2613800,1.39E-05
2613900,1.74E-05
2614000,1.79E-05
2614100,1.98E-05
2614200,1.48E-05
2614300,2.32E-05
2614400,2.97E-05
2614500,1.44E-05
2614601,5.45E-06
2614602,1.98E-06
2614603,8.89E-06
2614604,3.47E-06
2614700,1.48E-05
2614800,1.14E-05
2614900,2.92E-05
2615000,1.48E-06
2615100,4.95E-07
2615200,1.48E-06
2615300,1.98E-06
2615400,2.48E-06
2615500,4.45E-06
2615600,0
2615700,4.95E-07
2615800,5.45E-06
2615901,1.48E-06
2615902,9.87E-07
2616000,2.39E-05
2616100,0
2616200,0
2616300,9.87E-06
2616400,4.95E-07
2616500,0
2616600,0
2616700,0
2616800,4.95E-07
2616900,0
2617000,0
2617100,0
2617201,7.91E-06
2617202,1.34E-05
2617203,5.94E-06
2617204,1.19E-05
2617300,0
2617400,0
2617500,4.95E-07
2617601,4.95E-07
2617602,4.95E-07
2617700,0
2617800,4.95E-07
2617900,4.95E-07
2618000,4.95E-07
2618100,4.95E-07
2618200,4.95E-07
2618300,0
2618400,0
2618500,4.95E-07
2618600,0
2618700,3.47E-06
2618800,0
2618900,0
2619000,0
2619100,0
2619200,5.45E-06
2619300,7.42E-06
2619400,1.14E-05
2619500,9.87E-06
2619600,2.23E-05
2619700,1.74E-05
2619800,2.72E-05
2619901,1.04E-05
2619902,1.19E-05
2619903,1.68E-05
2620000,1.93E-05
2620100,2.32E-05
2620200,4.95E-06
2620300,5.45E-06
2620400,2.32E-05
2620500,1.14E-05
2620600,7.42E-06
2620700,3.96E-06
2620801,1.34E-05
2620802,8.89E-06
2620803,6.93E-06
2620900,1.74E-05
2621000,1.19E-05
2621100,1.98E-06
2621200,2.43E-05
2621300,1.58E-05
2621400,1.58E-05
2621501,3.73E-05
2621502,1.14E-05
2621503,1.63E-05
2621601,1.34E-05
2621602,1.44E-05
2621603,1.68E-05
2621701,3.17E-05
2621702,5.94E-06
2621703,1.74E-05
2621800,1.29E-05
2621900,2.72E-05
2622000,2.37E-05
2622100,1.24E-05
2622200,8.89E-06
2622300,2.37E-05
2622400,3.22E-05
2622500,2.67E-05
2622600,3.91E-05
2622701,1.34E-05
2622702,1.44E-05
2622703,1.39E-05
2622801,1.83E-05
2622802,1.39E-05
2622803,1.39E-05
2622900,3.22E-05
2623000,2.27E-05
2623100,1.48E-05
2623200,1.98E-05
2623300,3.46E-05
2623400,0
2623500,0
2623600,4.95E-07
2623700,0.000132653
2623800,0
2623900,0
2624000,0
2624100,4.95E-07
2624200,2.72E-05
2624301,1.24E-05
2624302,2.48E-06
2624401,2.03E-05
2624402,9.87E-06
2624501,9.38E-06
2624502,1.24E-05
2624601,6.43E-06
2624602,7.91E-06
2624700,1.39E-05
2624801,1.24E-05
2624802,1.04E-05
2624803,9.38E-06
2624804,6.43E-06
2624805,9.38E-06
2624900,3.17E-05
2625000,1.04E-05
2625100,2.72E-05
2625200,1.63E-05
2625300,1.44E-05
2625400,2.23E-05
2625500,4.32E-05
2625600,1.19E-05
2625700,2.32E-05
2625800,2.58E-05
2625900,3.51E-05
2626000,2.53E-05
2626100,1.68E-05
2626200,4.37E-05
2626300,1.39E-05
2626400,2.03E-05
2626500,8.89E-06
2626600,2.43E-05
2626700,2.82E-05
2626800,2.48E-06
2626900,5.75E-05
2627000,8.40E-06
2627100,8.89E-06
2627200,1.68E-05
2627300,1.63E-05
2627400,3.07E-05
2627500,1.98E-05
2627600,1.68E-05
2627700,1.74E-05
2627800,3.07E-05
2627900,2.43E-05
2628000,1.74E-05
2628100,1.98E-05
2628200,1.88E-05
2628300,3.86E-05
2628400,2.18E-05
2628500,3.07E-05
2628600,2.62E-05
2628700,1.68E-05
2628800,2.03E-05
2628900,3.51E-05
2629000,1.79E-05
2629100,1.74E-05
2629201,1.04E-05
2629202,1.19E-05
2629203,1.09E-05
2629204,0
2629301,0
2629302,1.44E-05
2629303,1.34E-05
2629400,2.03E-05
2629501,2.58E-05
2629502,2.67E-05
2629600,1.98E-05
2629700,1.83E-05
2629800,1.34E-05
2629900,8.40E-06
2630000,1.53E-05
2630100,7.42E-06
2630200,1.44E-05
2630300,2.58E-05
2630400,3.56E-05
2630500,2.48E-05
2630600,3.42E-05
2630700,2.32E-05
2630800,3.17E-05
2630900,3.02E-05
2631000,2.18E-05
2631100,9.87E-06
2631200,2.77E-05
2631300,3.51E-05
2631400,2.32E-05
2631501,1.19E-05
2631502,7.91E-06
2631503,9.38E-06
2631600,1.48E-05
2631701,9.87E-07
2631702,1.24E-05
2631703,1.48E-05
2631800,3.92E-05
2631901,1.83E-05
2631902,1.24E-05
2631903,1.24E-05
2632000,1.48E-06
2632100,9.38E-06
2632201,2.27E-05
2632202,2.23E-05
2632300,3.17E-05
2632400,1.58E-05
2632500,1.44E-05
2632600,2.37E-05
2632700,1.48E-05
2632800,4.45E-06
2632900,2.23E-05
2633000,1.93E-05
2633100,2.18E-05
2633200,1.98E-05
2633300,1.39E-05
2633400,2.92E-05
2633500,2.23E-05
2633600,1.74E-05
2633700,2.18E-05
2633800,2.48E-05
2633900,1.29E-05
2634000,7.91E-06
2634100,1.68E-05
2634200,2.53E-05
2634300,1.74E-05
2634400,2.18E-05
2634500,2.37E-05
2634600,1.83E-05
2634700,1.83E-05
2634800,2.03E-05
2634900,3.47E-06
2635000,5.45E-06
2635100,1.63E-05
2635200,3.12E-05
2635300,1.83E-05
2635400,3.61E-05
2635500,2.03E-05
2635600,1.68E-05
2635700,4.45E-06
2635801,5.94E-06
2635802,1.88E-05
2635900,2.03E-05
2636000,1.09E-05
2636100,2.08E-05
2636200,2.48E-05
2636300,7.42E-06
2636400,1.74E-05
2636500,2.58E-05
2636600,2.18E-05
2636700,2.23E-05
2636800,4.21E-05
2636900,4.45E-05
2637000,2.23E-05
2637100,7.42E-06
2637200,3.17E-05
2637300,1.58E-05
2637400,1.79E-05
2637500,2.87E-05
2637600,2.77E-05
2637700,2.18E-05
2637800,2.58E-05
2637900,5.49E-05
2638000,1.68E-05
2638100,3.32E-05
2638201,1.09E-05
2638202,1.53E-05
2638203,6.93E-06
2638300,2.08E-05
2638401,1.93E-05
2638402,3.38E-05
2638403,1.44E-05
2638500,7.93E-05
2638600,3.37E-05
2638701,3.51E-05
2638702,1.93E-05
2638800,3.27E-05
2638900,2.62E-05
2639000,3.07E-05
2639100,2.48E-05
2639200,3.32E-05
2639300,9.87E-06
2639400,3.22E-05
2639500,1.58E-05
2639600,2.23E-05
2639700,2.03E-05
2639800,2.18E-05
2639900,2.67E-05
2640000,2.32E-05
2640100,3.22E-05
2640200,1.48E-05
2640300,2.43E-05
2640400,2.32E-05
2640500,2.03E-05
2640600,1.79E-05
2640700,3.07E-05
2640800,1.44E-05
2640900,2.08E-05
2641000,1.19E-05
2641100,1.29E-05
2641200,1.74E-05
2641300,2.87E-05
2641400,2.82E-05
2641500,1.98E-05
2641600,1.74E-05
2641701,2.58E-05
2641702,5.94E-06
2641800,1.34E-05
2641900,3.02E-05
2642001,6.43E-06
2642002,8.89E-06
2642003,4.45E-06
2642100,2.37E-05
2642200,9.87E-06
2642300,6.00E-05
2642400,0
2642500,1.88E-05
2642600,2.27E-05
2642700,3.51E-05
2642800,3.46E-05
2642900,2.58E-05
2643000,2.48E-05
2643100,2.23E-05
2643200,3.96E-06
2643300,1.44E-05
2643400,4.35E-05
2643500,2.03E-05
2643600,2.53E-05
2643700,1.74E-05
2643800,2.37E-05
2643900,2.08E-05
2644000,3.51E-05
2644100,1.09E-05
2644200,2.18E-05
2644300,2.18E-05
2644400,1.39E-05
2644500,2.03E-05
2644600,1.98E-05
2644700,2.32E-05
2644800,2.37E-05
2644901,3.96E-06
2644902,4.45E-06
2644903,0
2644904,8.89E-06
2644905,1.14E-05
2645000,1.44E-05
2645100,2.82E-05
2645200,2.32E-05
2645300,1.93E-05
2645400,8.40E-06
2645500,2.87E-05
2645600,2.87E-05
2645700,2.58E-05
2645800,2.53E-05
2645900,3.17E-05
2646000,2.48E-05
2646100,3.51E-05
2646201,8.89E-06
2646202,7.42E-06
2646203,7.91E-06
2646300,2.48E-05
2646400,2.08E-05
2646500,3.12E-05
2646600,1.63E-05
2646700,2.67E-05
2646800,3.76E-05
2646900,1.29E-05
2647000,2.92E-05
2647100,3.02E-05
2647200,3.37E-05
2647300,1.34E-05
2647400,2.53E-05
2647500,4.95E-07
2647600,4.76E-05
2647700,1.53E-05
2647800,0
2647900,0
2648000,0
2648100,0
2648200,0
2648300,4.95E-07
2648400,0
2648500,0
2648600,4.95E-07
2648700,0
2648800,4.95E-07
2648900,4.95E-07
2649000,0
2649100,0
2649200,0
2649300,4.95E-07
2649400,2.97E-06
2649500,2.98E-05
2649600,0.000160006
2649700,0
2649800,4.95E-07
2649900,0
2650000,0.000132159
2650100,1.48E-06
2650200,0
2650300,9.87E-07
2650400,1.19E-05
2650500,0
2650600,0
2650700,4.95E-07
2650800,0
2650900,4.95E-07
2651000,2.49E-05
2651100,0.000204802
2651200,0.000156044
2651300,2.39E-05
2651400,0.000156539
2651500,2.49E-05
2651600,4.95E-07
2651700,2.39E-05
2651800,0.000519753
2651900,0
2652000,0
2652100,0
2652200,0.000156539
2652300,0.000132159
2652400,0
2652500,2.39E-05
2652600,0
2652700,0
2652800,0.000156539
2652900,0
2653000,0.000136121
2653100,4.45E-06
2653200,4.78E-05
2653300,0
2653400,4.95E-07
2653500,0
2653600,0.000156044
2653700,0
2653800,0.000189309
2653900,3.58E-05
2654000,1.79E-05
2654101,4.45E-06
2654102,2.48E-06
2654103,1.98E-06
2654104,2.97E-06
2654105,2.48E-06
2654106,0
2654107,2.48E-06
2654200,6.93E-06
2654300,1.53E-05
2654400,3.03E-05
2654500,4.45E-06
2654600,9.87E-07
2654700,5.32E-05
2654801,1.53E-05
2654802,9.87E-06
2654803,5.82E-05
2654900,4.95E-07
2655000,2.08E-05
2655100,6.66E-05
2655200,2.23E-05
2655301,8.40E-06
2655302,7.42E-06
2655303,5.45E-06
2655304,5.94E-06
2655400,4.95E-07
2655500,2.72E-05
2655600,2.37E-05
2655700,1.09E-05
2655800,1.09E-05
2655900,0
2656000,6.93E-06
2656100,3.96E-06
2656200,2.64E-05
2656300,2.49E-05
2656400,3.96E-06
2656500,1.34E-05
2656600,2.69E-05
2656700,5.66E-05
2656800,7.91E-06
2656900,8.90E-05
2657000,1.44E-05
2657100,1.48E-06
2657200,4.92E-05
2657300,2.39E-05
2657400,4.27E-05
2657500,2.03E-05
2657600,1.93E-05
2657700,2.88E-05
2657800,4.27E-05
2657900,7.60E-05
2658000,0
2658100,4.22E-05
2658200,3.96E-06
2658300,0
2658400,3.96E-06
2658500,0
2658601,2.48E-06
2658602,7.42E-06
2658603,6.93E-06
2658604,6.93E-06
2658701,8.40E-06
2658702,9.38E-06
2658703,8.89E-06
2658704,5.45E-06
2658801,5.94E-06
2658802,1.24E-05
2658803,1.29E-05
2658804,1.58E-05
2658901,7.91E-06
2658902,1.48E-05
2658903,9.87E-06
2659001,2.53E-05
2659002,1.04E-05
2659003,1.34E-05
2659004,1.04E-05
2659101,1.14E-05
2659102,1.14E-05
2659200,0
2659301,4.95E-07
2659302,0
2659400,0
2659500,4.11E-05
2659600,3.07E-05
2659700,1.83E-05
2659801,8.40E-06
2659802,1.19E-05
2659803,8.40E-06
2659804,6.43E-06
2659900,3.91E-05
2660001,7.91E-06
2660002,1.04E-05
2660003,3.96E-06
2660100,8.54E-05
2660200,4.57E-05
2660300,5.31E-05
2660400,3.07E-05
2660500,7.42E-06
2660600,1.93E-05
2660700,2.67E-05
2660800,2.08E-05
2660900,1.63E-05
2661000,1.29E-05
2661100,2.32E-05
2661200,1.53E-05
2661300,2.32E-05
2661400,2.72E-05
2661500,1.14E-05
2661600,1.39E-05
2661700,1.44E-05
2661800,1.09E-05
2661900,1.24E-05
2662000,7.42E-06
2662100,1.24E-05
2662200,1.19E-05
2662300,0.000182294
2662400,2.53E-05
2662500,3.27E-05
2662600,1.93E-05
2662700,2.18E-05
2662800,3.32E-05
2662900,2.18E-05
2663000,2.08E-05
2663100,1.29E-05
2663200,1.29E-05
2663301,9.87E-06
2663302,0
2663303,8.89E-06
2663304,6.43E-06
2663400,3.71E-05
2663500,2.13E-05
2663600,2.62E-05
2663700,4.95E-07
2663800,0
2663900,1.53E-05
2664000,2.82E-05
2664100,3.71E-05
2664200,1.74E-05
2664300,2.58E-05
2664400,1.93E-05
2664500,1.09E-05
2664600,4.32E-05
2664701,9.87E-06
2664702,1.04E-05
2664703,1.14E-05
2664704,1.29E-05
2664801,9.87E-06
2664802,6.43E-06
2664803,5.94E-06
2664804,8.40E-06
2664805,5.94E-06
2664806,7.42E-06
2664900,1.79E-05
2665000,3.47E-06
2665100,1.34E-05
2665200,7.42E-06
2665300,1.98E-05
2665401,7.42E-06
2665402,7.91E-06
2665403,7.91E-06
2665500,3.12E-05
2665600,2.27E-05
2665700,1.98E-05
2665800,1.68E-05
2665900,1.68E-05
2666000,1.48E-05
2666101,1.29E-05
2666102,1.29E-05
2666200,3.82E-05
2666300,1.53E-05
2666400,1.09E-05
2666500,1.53E-05
2666600,1.74E-05
2666700,1.29E-05
2666800,1.34E-05
2666900,2.13E-05
2667000,1.74E-05
2667100,1.04E-05
2667200,1.48E-05
2667300,1.93E-05
2667400,3.27E-05
2667500,4.57E-05
2667600,1.34E-05
2667700,2.18E-05
2667800,1.44E-05
2667900,1.83E-05
2668000,1.14E-05
2668100,3.42E-05
2668200,2.27E-05
2668300,9.38E-06
2668400,3.22E-05
2668501,3.61E-05
2668502,9.87E-07
2668600,1.19E-05
2668700,8.40E-06
2668800,2.08E-05
2668900,5.26E-05
2669000,1.83E-05
2669101,1.09E-05
2669102,2.48E-06
2669103,1.09E-05
2669104,1.19E-05
2669200,1.83E-05
2669300,2.58E-05
2669400,2.27E-05
2669500,1.88E-05
2669600,2.37E-05
2669700,1.93E-05
2669800,1.68E-05
2669901,9.38E-06
2669902,1.04E-05
2669903,6.43E-06
2670000,3.76E-05
2670100,1.34E-05
2670200,2.13E-05
2670300,1.58E-05
2670400,2.43E-05
2670500,3.32E-05
2670601,1.19E-05
2670602,1.24E-05
2670701,5.45E-06
2670702,3.96E-06
2670703,2.97E-06
2670704,5.94E-06
2670800,1.44E-05
2670900,1.48E-05
2671001,1.04E-05
2671002,1.44E-05
2671100,2.23E-05
2671200,1.48E-05
2671300,2.77E-05
2671400,1.39E-05
2671500,4.45E-06
2671600,1.53E-05
2671701,6.43E-06
2671702,1.09E-05
2671703,1.09E-05
2671800,2.58E-05
2671901,1.19E-05
2671902,5.94E-06
2672000,1.83E-05
2672101,9.87E-06
2672102,1.19E-05
2672103,8.89E-06
2672200,1.24E-05
2672300,2.32E-05
2672401,1.24E-05
2672402,1.34E-05
2672500,1.93E-05
2672600,4.76E-05
2672700,3.28E-05
2672800,4.95E-06
2672900,1.09E-05
2673000,1.44E-05
2673100,1.19E-05
2673200,1.39E-05
2673300,1.44E-05
2673400,7.42E-06
2673500,1.68E-05
2673600,2.18E-05
2673700,5.94E-06
2673801,8.89E-06
2673802,1.14E-05
2673900,3.33E-05
2674001,8.89E-06
2674002,2.37E-05
2674101,0
2674102,1.58E-05
2674200,7.42E-06
2674300,9.38E-06
2674400,2.27E-05
2674500,1.24E-05
2674600,1.68E-05
2674700,1.58E-05
2674800,4.95E-06
2674900,5.06E-05
2675000,1.88E-05
2675100,1.39E-05
2675200,2.77E-05
2675301,3.12E-05
2675302,9.38E-06
2675400,1.88E-05
2675500,7.91E-06
2675600,1.19E-05
2675700,1.04E-05
2675800,1.19E-05
2675900,5.94E-06
2676000,8.75E-05
2676101,3.96E-06
2676102,2.83E-05
2676200,3.68E-05
2676300,8.40E-06
2676400,2.48E-05
2676500,0.000137605
2676600,2.97E-06
2676700,9.87E-06
2676800,1.48E-05
2676901,4.95E-07
2676902,4.95E-06
2676903,4.45E-06
2676904,0
2677000,0.000267782
2677100,0.000135127
2677200,2.97E-06
2677300,2.83E-05
2677400,5.94E-06
2677500,3.28E-05
2677600,1.63E-05
2677700,0.000196239
2677800,0.000191339
2677900,0
2678000,2.39E-05
2678100,0.000134637
2678201,3.47E-06
2678202,2.78E-05
2678203,6.43E-06
2678300,0
2678400,3.73E-05
2678500,8.40E-06
2678601,5.45E-06
2678602,5.45E-06
2678603,0
2678604,4.45E-06
2678605,4.45E-06
2678700,0
2678800,9.87E-07
2678900,1.74E-05
2679000,2.87E-05
2679100,1.88E-05
2679200,1.48E-05
2679300,2.43E-05
2679400,2.08E-05
2679500,2.03E-05
2679600,1.74E-05
2679700,1.68E-05
2679800,1.53E-05
2679900,1.19E-05
2680000,1.79E-05
2680100,2.03E-05
2680200,3.02E-05
2680300,9.38E-06
2680400,1.14E-05
2680500,3.32E-05
2680600,2.62E-05
2680700,6.93E-06
2680800,9.87E-06
2680900,4.02E-05
2681000,2.27E-05
2681100,1.74E-05
2681200,1.34E-05
2681300,1.48E-05
2681400,1.83E-05
2681500,1.24E-05
2681600,2.37E-05
2681700,8.89E-06
2681800,1.68E-05
2681900,1.63E-05
2682000,1.24E-05
2682100,2.62E-05
2682200,1.68E-05
2682300,1.39E-05
2682400,2.32E-05
2682500,1.63E-05
2682600,1.53E-05
2682700,1.93E-05
2682801,1.24E-05
2682802,1.19E-05
2682803,1.19E-05
2682900,3.42E-05
2683000,2.03E-05
2683100,1.58E-05
2683200,1.19E-05
2683300,1.93E-05
2683400,1.68E-05
2683500,8.40E-06
2683600,2.03E-05
2683700,1.04E-05
2683800,9.87E-06
2683900,2.32E-05
2684000,2.82E-05
2684100,2.62E-05
2684200,2.62E-05
2684300,2.13E-05
2684400,2.97E-05
2684500,2.77E-05
2684600,1.88E-05
2684700,5.94E-06
2684800,3.51E-05
2684900,2.23E-05
2685000,1.44E-05
2685100,3.02E-05
2685200,1.68E-05
2685300,1.24E-05
2685400,3.12E-05
2685500,1.34E-05
2685600,1.58E-05
2685700,4.95E-06
2685800,8.40E-06
2685900,1.19E-05
2686000,1.58E-05
2686100,2.43E-05
2686200,0.000162477
2686300,2.58E-05
2686401,9.38E-06
2686402,8.89E-06
2686403,4.93E-05
2686500,7.21E-05
2686600,2.92E-05
2686700,1.88E-05
2686800,3.87E-05
2686900,2.67E-05
2687000,0
2687100,7.91E-06
2687200,2.32E-05
2687300,4.42E-05
2687400,1.58E-05
2687500,6.81E-05
2687600,3.73E-05
2687700,5.51E-05
2687800,5.11E-05
2687900,3.17E-05
2688000,6.00E-05
2688100,1.83E-05
2688200,4.32E-05
2688300,9.87E-06
2688400,5.94E-06
2688500,6.76E-05
2688600,1.14E-05
2688700,2.03E-05
2688800,1.04E-05
2688900,2.62E-05
2689000,2.58E-05
2689100,3.12E-05
2689200,2.67E-05
2689300,2.23E-05
2689400,4.37E-05
2689500,1.44E-05
2689600,0.000146509
2689700,2.88E-05
2689800,3.92E-05
2689900,7.96E-05
2690000,1.48E-05
2690100,1.48E-05
2690200,2.43E-05
2690300,4.31E-05
2690400,1.24E-05
2690500,2.53E-05
2690600,5.11E-05
2690700,1.44E-05
2690800,1.93E-05
2690900,6.56E-05
2691000,2.37E-05
2691100,3.02E-05
2691200,2.23E-05
2691300,1.53E-05
2691400,2.27E-05
2691500,2.82E-05
2691600,2.67E-05
2691700,2.32E-05
2691800,2.72E-05
2691901,7.42E-06
2691902,2.48E-06
2691903,6.43E-06
2691904,5.45E-06
2692001,5.45E-06
2692002,5.94E-06
2692003,1.98E-06
2692004,3.96E-06
2692005,1.98E-06
2692100,5.45E-06
2692200,3.47E-06
2692300,3.47E-06
2692401,4.95E-06
2692402,8.40E-06
2692403,7.91E-06
2692404,7.91E-06
2692501,8.89E-06
2692502,5.94E-06
2692503,6.93E-06
2692600,1.98E-06
2692701,7.91E-06
2692702,8.40E-06
2692703,7.42E-06
2692704,5.45E-06
2692705,5.94E-06
2692706,7.91E-06
2692800,6.93E-06
2692900,5.45E-06
2693000,4.45E-06
2693100,2.37E-05
2693200,2.27E-05
2693300,2.48E-06
2693400,1.74E-05
2693500,1.58E-05
2693600,2.48E-05
2693700,3.17E-05
2693800,2.48E-05
2693900,2.27E-05
2694000,4.06E-05
2694100,2.72E-05
2694200,2.77E-05
2694300,1.68E-05
2694400,3.07E-05
2694501,2.08E-05
2694502,1.58E-05
2694601,1.39E-05
2694602,1.74E-05
2694603,1.09E-05
2694700,3.47E-06
2694801,1.24E-05
2694802,1.14E-05
2694803,3.38E-05
2694804,0.000164444
2694900,4.11E-05
2695000,3.17E-05
2695100,1.58E-05
2695200,3.46E-05
2695300,2.27E-05
2695400,1.39E-05
2695500,1.83E-05
2695601,8.40E-06
2695602,8.40E-06
2695603,7.91E-06
2695700,2.32E-05
2695800,2.18E-05
2695900,1.93E-05
2696000,2.03E-05
2696100,1.58E-05
2696200,2.27E-05
2696300,1.93E-05
2696400,1.68E-05
2696500,1.39E-05
2696600,1.29E-05
2696700,2.58E-05
2696800,6.43E-06
2696900,1.09E-05
2697000,1.24E-05
2697100,2.43E-05
2697200,1.93E-05
2697300,1.93E-05
2697400,1.09E-05
2697500,1.88E-05
2697600,3.32E-05
2697700,2.43E-05
2697800,1.44E-05
2697900,1.98E-05
2698000,9.87E-07
2698100,1.14E-05
2698200,2.08E-05
2698300,1.83E-05
2698400,2.08E-05
2698500,8.89E-06
2698600,2.72E-05
2698700,5.45E-06
2698801,7.91E-06
2698802,6.43E-06
2698900,1.14E-05
2699001,2.37E-05
2699002,3.96E-06
2699100,1.19E-05
2699202,1.04E-05
2699203,4.95E-06
2699204,3.47E-06
2699205,1.93E-05
2699206,2.48E-06
2699207,4.95E-06
2699208,1.88E-05
2699300,1.39E-05
2699400,2.48E-06
2699500,8.89E-06
2699600,1.48E-05
2699701,1.04E-05
2699702,7.15E-05
2699800,8.89E-06
2699900,1.58E-05
2700000,1.98E-05
2700100,1.29E-05
2700201,5.75E-05
2700202,3.07E-05
2700300,1.48E-06
2700401,0
2700403,2.97E-05
2700404,2.58E-05
2700405,5.94E-06
2700406,1.29E-05
2700501,6.04E-05
2700502,8.89E-06
2700503,2.03E-05
2700600,1.19E-05
2700700,2.27E-05
2700800,0
2700900,0
2701000,2.39E-05
2701100,0
2701200,6.93E-06
2701300,3.32E-05
2701400,1.74E-05
2701501,1.39E-05
2701503,2.48E-05
2701504,7.42E-06
2701505,9.38E-06
2701506,9.87E-06
2701507,8.89E-06
2701600,2.23E-05
2701700,2.23E-05
2701800,3.33E-05
2701900,2.43E-05
2702000,1.98E-06
2702101,4.95E-06
2702102,8.89E-06
2702103,2.78E-05
2702104,9.87E-06
2702200,1.79E-05
2702300,2.48E-05
2702400,2.23E-05
2702501,3.02E-05
2702502,2.48E-06
2702601,2.39E-05
2702602,0.000228195
2702700,8.89E-06
2702800,4.96E-05
2702900,1.34E-05
2703002,2.48E-06
2703003,2.08E-05
2703004,1.44E-05
2703101,2.48E-05
2703102,1.04E-05
2703103,2.03E-05
2703200,2.85E-05
2703300,4.95E-07
2703400,2.18E-05
2703500,8.89E-06
2703600,1.53E-05
2703700,1.68E-05
2703800,3.53E-05
2703900,3.61E-05
2704000,2.48E-06
2704100,1.48E-05
2704200,1.39E-05
2704300,4.66E-05
2704400,0.00011608
2704501,4.95E-07
2704502,0
2704600,4.52E-05
2704700,1.09E-05
2704800,4.45E-06
2704900,1.53E-05
2705000,6.93E-06
2705100,1.34E-05
2705200,2.27E-05
2705300,2.27E-05
2705400,1.58E-05
2705500,2.08E-05
2705600,3.51E-05
2705701,1.48E-06
2705702,4.95E-07
2705800,0
2705901,1.53E-05
2705902,2.97E-05
2705903,8.89E-06
2706000,1.68E-05
2706100,2.43E-05
2706200,3.96E-05
2706300,1.48E-05
2706400,1.14E-05
2706500,1.09E-05
2706600,8.40E-06
2706700,0
2706800,0
2706900,1.14E-05
2707000,1.44E-05
2707100,3.12E-05
2707200,0
2707300,8.40E-06
2707400,1.83E-05
2707500,1.14E-05
2707600,8.40E-06
2707700,3.96E-06
2707800,1.39E-05
2707900,6.93E-06
2708000,4.88E-05
2708100,1.44E-05
2708200,6.43E-06
2708300,4.95E-07
2708400,5.94E-06
2708500,5.45E-06
2708600,9.87E-07
2708700,8.40E-06
2708800,2.97E-06
2708900,1.53E-05
2709000,3.87E-05
2709100,2.32E-05
2709200,1.19E-05
2709300,9.38E-06
2709400,1.09E-05
2709500,5.94E-06
2709600,6.93E-06
2709700,0.000135127
2709801,4.45E-06
2709802,1.48E-06
2709900,1.98E-06
2710000,6.93E-06
2710100,4.31E-05
2710200,2.87E-05
2710300,2.48E-05
2710400,2.97E-06
2710500,1.88E-05
2710600,1.79E-05
2710700,1.19E-05
2710800,0
2710900,0
2711000,4.95E-07
2711101,1.63E-05
2711102,1.63E-05
2711200,5.56E-05
2711301,3.02E-05
2711302,2.53E-05
2711400,5.56E-05
2711501,1.19E-05
2711502,5.06E-05
2711503,2.92E-05
2711504,1.34E-05
2711601,0.000183764
2711602,1.63E-05
2711701,0
2711702,0
2711801,1.53E-05
2711802,3.47E-06
2711900,6.91E-05
2712001,5.94E-06
2712002,1.68E-05
2712003,2.03E-05
2712004,1.53E-05
2712005,9.87E-07
2712101,1.93E-05
2712102,2.97E-06
2712200,4.95E-07
2712300,9.38E-06
2712402,0
2712403,0
2712404,0
2712405,0
2712406,0
2712410,2.39E-05
2712412,0
2712413,0
2712414,0
2712415,1.98E-06
2712418,0
2712419,0
2712420,0
2712421,4.95E-07
2712422,0
2712423,0
2712424,2.39E-05
2712425,0
2712426,0
2712427,0
2712428,0
2712500,1.98E-05
2712600,1.63E-05
2712700,5.94E-06
2712801,3.96E-06
2712802,6.43E-06
2712900,5.45E-06
2713000,1.14E-05
2713100,1.74E-05
2713200,1.98E-05
2713300,8.89E-06
2713400,4.17E-05
2713501,0
2713502,3.74E-05
2713601,1.74E-05
2713602,4.95E-07
2713700,1.29E-05
2713800,5.45E-06
2713900,1.24E-05
2714001,5.45E-06
2714002,9.87E-07
2714100,1.44E-05
2714200,3.54E-05
2714300,1.53E-05
2714401,7.42E-06
2714402,1.98E-05
2714500,4.95E-06
2714600,1.83E-05
2714700,1.44E-05
2714800,1.83E-05
2714900,1.79E-05
2715000,4.17E-05
2715100,3.47E-06
2715200,4.31E-05
2715300,4.16E-05
2715400,2.97E-06
2715500,2.83E-05
2715600,2.98E-05
2715700,9.10E-05
2715800,5.62E-05
2715900,4.02E-05
2716001,3.96E-06
2716002,6.43E-06
2716100,5.22E-05
2716200,2.88E-05
2716300,6.51E-05
2716400,2.97E-06
2716500,8.40E-06
2716601,0
2716602,0
2716603,1.68E-05
2716700,2.97E-06
2716801,1.68E-05
2716802,0
2716900,0
2717000,6.93E-06
2717100,1.44E-05
2717200,4.95E-06
2717300,6.93E-06
2717400,2.27E-05
2717500,6.93E-06
2717600,0
2717700,6.15E-05
2717801,2.23E-05
2717802,5.69E-05
2717803,2.97E-05
2717900,1.34E-05
2718001,8.89E-06
2718002,2.53E-05
2718003,0.0001001
2718004,3.27E-05
2718005,1.98E-05
2718006,1.53E-05
2718100,5.45E-06
2718200,5.66E-05
2718300,1.79E-05
2718400,2.58E-05
2718500,2.67E-05
2718600,3.37E-05
2718700,0.000163869
2718800,6.53E-05
2718900,3.56E-05
2719001,8.40E-06
2719002,1.29E-05
2719003,1.68E-05
2719004,1.09E-05
2719005,9.38E-06
2719102,0.000182
2719103,4.40E-05
2719104,3.76E-05
2719201,2.67E-05
2719204,1.58E-05
2719205,3.66E-05
2719209,4.92E-05
2719210,1.29E-05
2719211,1.14E-05
2719212,2.18E-05
2719213,2.87E-05
2719214,2.03E-05
2719215,1.98E-05
2719216,2.53E-05
2719217,1.14E-05
2719218,1.34E-05
2719219,1.74E-05
2719220,1.44E-05
2719221,2.18E-05
2719222,1.68E-05
2719223,3.32E-05
2719224,1.14E-05
2719225,2.82E-05
2719226,1.93E-05
2719227,1.74E-05
2719228,2.37E-05
2719229,1.68E-05
2719302,0
2719303,1.83E-05
2719304,2.08E-05
2719305,1.98E-05
2719306,2.62E-05
2719307,2.13E-05
2719308,3.12E-05
2719309,1.79E-05
2719310,6.43E-06
2719311,1.53E-05
2719312,1.98E-05
2719313,1.88E-05
2719314,1.29E-05
2719315,1.14E-05
2719316,1.29E-05
2719317,5.45E-06
2719318,1.63E-05
2719319,1.44E-05
2719320,1.79E-05
2719321,1.93E-05
2719322,1.88E-05
2719323,1.14E-05
2719324,1.19E-05
2719404,1.83E-05
2719405,1.04E-05
2719406,1.53E-05
2719407,7.42E-06
2719408,9.87E-06
2719409,1.14E-05
2719410,1.39E-05
2719411,1.88E-05
2719412,1.83E-05
2719413,1.34E-05
2719414,1.14E-05
2719415,1.14E-05
2719416,9.87E-06
2719417,6.93E-06
2719418,1.48E-05
2719419,1.93E-05
2719420,1.24E-05
2719421,1.39E-05
2719422,1.44E-05
2719423,9.87E-06
2719424,1.04E-05
2719425,2.53E-05
2719426,2.37E-05
2719427,1.39E-05
2719428,1.48E-05
2719429,1.19E-05
2719430,1.79E-05
2719431,1.19E-05
2719432,1.34E-05
2719500,4.90E-05
2719600,2.03E-05
2719700,1.04E-05
2719800,1.63E-05
2719901,4.37E-05
2719902,3.32E-05
2720000,1.58E-05
2720100,3.96E-06
2720200,2.97E-06
2720300,0
2720400,1.48E-06
2720501,1.58E-05
2720502,1.09E-05
2720600,2.48E-05
2720700,4.95E-05
2720800,7.42E-06
2720900,0
2721001,4.45E-06
2721002,7.49E-05
2721100,1.14E-05
2721200,1.53E-05
2721300,2.43E-05
2721400,1.24E-05
2721500,4.45E-06
2721600,4.95E-06
2721701,2.58E-05
2721702,8.89E-06
2721801,7.42E-06
2721802,1.44E-05
2721900,4.45E-06
2722000,1.58E-05
2722100,1.79E-05
2722200,2.03E-05
2722300,1.53E-05
2722400,1.48E-05
2722501,1.79E-05
2722503,0
2722504,0
2722600,2.13E-05
2722701,9.87E-06
2722703,9.38E-06
2722704,2.97E-06
2722705,5.45E-06
2722706,4.45E-06
2722707,1.39E-05
2722800,1.79E-05
2722900,3.22E-05
2723000,2.32E-05
2723101,4.29E-05
2723102,0
2723200,0.000143079
2723300,1.63E-05
2723400,1.79E-05
2723500,1.09E-05
2723600,1.74E-05
2723701,9.87E-06
2723702,8.40E-06
2723703,1.14E-05
2723704,7.91E-06
2723800,1.29E-05
2723900,3.71E-05
2724000,1.24E-05
2724100,1.53E-05
2724200,4.95E-06
2724300,3.96E-06
2724400,3.56E-05
2724500,9.87E-06
2724600,3.76E-05
2724700,5.94E-06
2724800,6.93E-06
2724900,1.24E-05
2725000,4.45E-05
2725100,2.58E-05
2725200,1.44E-05
2725301,4.95E-07
2725302,5.45E-06
2725303,7.42E-06
2725400,3.37E-05
2725500,9.87E-06
2725600,1.68E-05
2725700,1.24E-05
2725800,1.83E-05
2725900,0.000145039
2726000,2.72E-05
2726100,1.53E-05
2726200,1.29E-05
2726300,1.19E-05
2726400,3.96E-06
2726500,3.86E-05
2726600,4.95E-07
2726700,2.92E-05
2726800,4.70E-05
2726900,2.43E-05
2727000,3.17E-05
2727100,3.47E-06
2727201,3.22E-05
2727202,5.45E-06
2727300,2.97E-06
2727400,1.48E-06
2727500,1.14E-05
2727600,1.83E-05
2727700,1.98E-05
2727800,9.87E-06
2727900,5.94E-06
2728000,8.89E-06
2728100,0
2728200,5.45E-06
2728300,1.34E-05
2728400,2.97E-06
2728500,1.34E-05
2728600,1.53E-05
2728700,0
2728800,2.67E-05
2728900,1.09E-05
2729000,5.71E-05
2729100,1.88E-05
2729200,2.97E-05
2729300,1.48E-06
2729400,0
2729500,0
2729600,1.14E-05
2729700,0
2729800,9.87E-06
2729900,4.95E-07
2730000,2.58E-05
2730100,2.03E-05
2730200,1.63E-05
2730300,1.09E-05
2730400,1.14E-05
2730500,1.14E-05
2730600,1.98E-05
2730700,1.24E-05
2730800,2.53E-05
2730900,9.87E-06
2731000,1.19E-05
2731100,1.74E-05
2731200,1.39E-05
2731300,2.03E-05
2731400,2.48E-05
2731500,1.53E-05
2731600,3.37E-05
2731700,1.68E-05
2731800,1.63E-05
2731900,1.93E-05
2732000,1.88E-05
2732100,2.97E-05
2732200,1.63E-05
2732300,7.42E-06
2732400,7.42E-06
2732500,9.87E-06
2732600,2.13E-05
2732700,2.23E-05
2732800,1.53E-05
2732900,1.93E-05
2733000,2.53E-05
2733100,2.43E-05
2733200,1.48E-05
2733300,2.53E-05
2733400,1.53E-05
2733500,3.37E-05
2733600,7.42E-06
2733700,1.48E-05
2733800,1.34E-05
2733900,2.37E-05
2734000,3.61E-05
2734100,1.68E-05
2734200,2.97E-06
2734300,4.42E-05
2734400,0.000522608
2734500,2.18E-05
2734600,5.26E-05
2734700,4.70E-05
2734801,2.53E-05
2734802,3.02E-05
2734900,2.23E-05
2735000,1.39E-05
2735101,3.02E-05
2735102,3.02E-05
2735200,3.82E-05
2735300,3.96E-05
2735400,1.48E-05
2735501,9.38E-06
2735502,2.23E-05
2735503,2.18E-05
2735600,3.12E-05
2735700,3.17E-05
2735800,3.12E-05
2735900,2.37E-05
2736002,2.43E-05
2736003,2.08E-05
2736004,1.63E-05
2736005,1.83E-05
2736100,4.35E-05
2736200,1.93E-05
2736300,9.87E-07
2736400,2.18E-05
2736500,3.46E-05
2736600,1.39E-05
2736700,1.34E-05
2736800,1.04E-05
2736900,1.19E-05
2737000,0
2737100,0
2737200,7.42E-06
2737300,8.89E-06
2737400,3.42E-05
2737500,3.32E-05
2737600,2.58E-05
2737700,1.79E-05
2737800,2.18E-05
2737900,1.24E-05
2738000,1.93E-05
2738100,3.02E-05
2738200,0
2738300,1.24E-05
2738400,2.67E-05
2738500,0
2738600,1.58E-05
2738700,1.48E-05
2738800,1.68E-05
2738900,6.93E-06
2739000,1.98E-06
2739100,0
2739200,0
2739301,2.23E-05
2739302,9.87E-06
2739303,3.37E-05
2739400,8.40E-06
2739500,1.93E-05
2739600,2.13E-05
2739700,2.43E-05
2739800,4.95E-06
2739900,2.18E-05
2740000,3.46E-05
2740100,2.13E-05
2740200,3.66E-05
2740300,1.14E-05
2740400,1.98E-05
2740500,1.79E-05
2740600,2.67E-05
2740700,1.44E-05
2740800,1.48E-06
2740900,2.77E-05
2741000,1.44E-05
2741100,1.29E-05
2741200,1.68E-05
2741300,1.93E-05
2741400,1.74E-05
2741500,0
2741600,9.38E-06
2741700,1.88E-05
2741800,1.88E-05
2741900,7.42E-06
2742000,8.40E-06
2742100,1.09E-05
2742200,1.48E-05
2742300,1.04E-05
2742400,1.68E-05
2742500,2.18E-05
2742600,1.63E-05
2742700,2.37E-05
2742800,2.32E-05
2742900,1.53E-05
2743000,1.68E-05
2743100,1.98E-06
2743200,3.22E-05
2743300,1.19E-05
2743400,2.18E-05
2743500,2.48E-06
2743600,1.24E-05
2743700,1.14E-05
2743801,3.96E-06
2743803,9.87E-07
2743804,1.98E-06
2743805,6.43E-06
2743806,4.45E-06
2743807,7.42E-06
2743808,2.97E-06
2743901,2.87E-05
2743903,6.43E-06
2743904,1.48E-06
2744000,2.62E-05
2744100,3.51E-05
2744200,1.74E-05
2744300,1.34E-05
2744400,3.96E-06
2744500,1.24E-05
2744600,7.91E-06
2744700,1.34E-05
2744800,1.74E-05
2744900,0
2745001,1.24E-05
2745002,3.96E-06
2745100,1.29E-05
2745200,1.48E-05
2745300,1.74E-05
2745400,1.29E-05
2745500,1.39E-05
2745600,2.32E-05
2745700,2.72E-05
2745801,1.98E-06
2745802,1.48E-06
2745901,1.98E-06
2745902,3.17E-05
2746000,2.48E-06
2746101,4.06E-05
2746103,3.47E-06
2746104,3.96E-06
2746105,3.03E-05
2746106,8.89E-06
2746107,7.42E-06
2746108,4.45E-06
2746109,4.95E-07
2746201,2.08E-05
2746202,0
2746301,4.95E-07
2746302,9.87E-07
2746303,4.95E-06
2746402,2.59E-05
2746403,8.89E-06
2746405,6.93E-06
2746406,2.48E-06
2746407,7.42E-06
2746408,2.18E-05
2746409,4.95E-06
2746410,1.48E-06
2746501,6.43E-06
2746502,5.45E-06
2746503,2.48E-06
2746601,1.74E-05
2746603,3.96E-06
2746604,6.43E-06
2746700,1.09E-05
2746800,1.34E-05
2746901,9.87E-06
2746902,7.91E-06
2746903,2.97E-06
2747000,2.48E-06
2747101,5.45E-06
2747102,2.23E-05
2747202,1.83E-05
2747203,4.95E-06
2747204,3.96E-06
2747300,1.04E-05
2747400,2.23E-05
2747501,1.83E-05
2747503,3.38E-05
2747504,3.59E-05
2747601,6.93E-06
2747602,7.91E-06
2747603,2.48E-06
2747604,1.83E-05
2747605,7.42E-06
2747606,6.43E-06
2747607,9.38E-06
2747608,3.96E-06
2747700,1.34E-05
2747800,6.93E-06
2747900,0
2748000,1.88E-05
2748100,1.58E-05
2748200,1.63E-05
2748300,2.58E-05
2748401,1.19E-05
2748402,4.45E-06
2748501,1.48E-06
2748503,5.45E-06
2748504,1.44E-05
2748505,8.89E-06
2748506,1.09E-05
2748507,2.48E-06
2748601,9.38E-06
2748602,3.89E-05
2748700,1.48E-05
2748801,1.83E-05
2748802,4.45E-06
2748900,3.59E-05
2749000,1.79E-05
2749100,1.58E-05
2749200,7.42E-06
2749300,2.32E-05
2749400,2.53E-05
2749500,2.27E-05
2749600,2.67E-05
2749700,8.89E-06
2749800,2.23E-05
2749900,2.08E-05
2750000,2.23E-05
2750100,4.90E-05
2750200,6.05E-05
2750300,2.43E-05
2750400,1.09E-05
2750500,8.89E-06
2750600,4.45E-06
2750700,1.24E-05
2750800,1.48E-05
2750900,6.43E-06
2751000,7.91E-06
2751100,1.63E-05
2751200,2.64E-05
2751300,9.38E-06
2751401,1.14E-05
2751402,0
2751500,6.43E-06
2751600,5.94E-06
2751700,7.42E-06
2751800,1.48E-05
2751900,3.08E-05
2752000,0
2752101,0.000234389
2752102,0.000135624
2752103,8.59E-05
2752104,9.87E-07
2752105,0
2752106,9.38E-06
2752107,1.98E-06
2752201,3.82E-05
2752202,9.87E-06
2752300,1.24E-05
2752401,4.22E-05
2752402,4.95E-06
2752501,8.89E-06
2752502,3.38E-05
2752503,4.52E-05
2752600,4.22E-05
2752700,3.08E-05
2752801,4.61E-05
2752802,9.87E-07
2752900,4.87E-05
2753000,8.40E-06
2753100,1.09E-05
2753200,6.93E-06
2753300,1.58E-05
2753401,9.87E-07
2753403,4.95E-06
2753404,0
2753405,9.87E-07
2753406,4.95E-07
2753500,8.40E-06
2753601,2.80E-05
2753602,3.96E-06
2753603,3.96E-06
2753700,9.87E-06
2753800,1.24E-05
2753900,9.87E-06
2754000,1.14E-05
2754100,1.04E-05
2754200,0.000249077
2754300,7.42E-06
2754400,1.83E-05
2754500,6.93E-06
2754600,1.68E-05
2754700,9.87E-06
2754800,1.04E-05
2754900,1.79E-05
2755000,1.48E-06
2755100,7.42E-06
2755200,1.34E-05
2755300,8.30E-05
2755400,0.000249077
2755500,9.87E-07
2755601,8.60E-05
2755602,0
2755700,5.45E-06
2755800,0.000169517
2755900,3.23E-05
2756000,0
2756100,1.48E-05
2756200,1.34E-05
2756300,1.09E-05
2756400,1.39E-05
2756500,4.45E-06
2756600,3.96E-06
2756700,6.43E-06
2756800,9.87E-06
2756900,0
2757000,1.34E-05
2757100,2.60E-05
2757200,1.98E-06
2757300,7.42E-06
2757400,1.34E-05
2757500,5.45E-06
2757600,0
2757700,2.48E-06
2757800,1.48E-06
2757900,8.40E-06
2758000,9.79E-05
2758100,1.29E-05
2758200,0.000171995
2758300,0
2758400,9.87E-07
2758500,2.98E-05
2758600,1.34E-05
2758700,2.18E-05
2758801,7.42E-06
2758802,3.47E-06
2758901,1.14E-05
2758902,5.45E-06
2759000,1.53E-05
2759100,6.93E-06
2759201,3.96E-06
2759203,7.91E-06
2759204,5.45E-06
2759205,9.38E-06
2759206,6.43E-06
2759207,1.04E-05
2759208,1.14E-05
2759209,1.19E-05
2759300,6.91E-05
2759400,4.23E-05
2759500,1.04E-05
2759600,1.48E-06
2759700,4.45E-06
2759800,3.68E-05
2759900,9.87E-07
2760000,1.98E-06
2760100,4.95E-06
2760200,2.53E-05
2760300,1.98E-06
2760400,1.14E-05
2760500,4.95E-06
2760600,1.19E-05
2760700,1.14E-05
2760800,6.93E-06
2760900,9.87E-06
2761000,1.04E-05
2761100,1.48E-06
2761200,7.91E-06
2761300,2.03E-05
2761400,1.04E-05
2761500,4.95E-06
2761600,2.97E-06
2761700,4.42E-05
2761800,5.45E-06
2761900,9.87E-06
2762000,1.98E-06
2762100,4.95E-06
2762200,6.93E-06
2762300,1.88E-05
2762400,7.42E-06
2762500,1.04E-05
2762600,2.32E-05
2762700,4.42E-05
2762800,2.97E-05
2762900,3.17E-05
2763000,1.58E-05
2763100,1.14E-05
2763200,3.02E-05
2763300,3.47E-06
2763400,0
2763500,5.30E-05
2763600,1.48E-05
2763700,5.94E-06
2763800,0.000162477
2763900,6.43E-06
2764000,2.88E-05
2764100,2.87E-05
2764200,1.19E-05
2764300,7.91E-06
2764400,6.43E-06
2764500,6.26E-05
2764600,5.94E-06
2764700,2.18E-05
2764800,2.18E-05
2764900,3.17E-05
2765000,9.87E-06
2765100,1.63E-05
2765200,0
2765302,2.08E-05
2765303,1.04E-05
2765304,1.53E-05
2765305,1.34E-05
2765401,2.08E-05
2765402,4.42E-05
2765500,2.08E-05
2765600,2.77E-05
2765700,2.87E-05
2765800,2.62E-05
2765900,1.44E-05
2766000,0
2766100,0.000157528
2766200,5.94E-06
2766300,0
2766400,0.000132159
2766500,1.88E-05
2766600,1.29E-05
2766700,1.48E-06
2766800,0.000135624
2766900,4.95E-06
2767000,7.91E-06
2767101,8.40E-06
2767102,1.09E-05
2767103,1.14E-05
2767104,5.45E-06
2767200,5.45E-06
2767300,2.53E-05
2767400,1.09E-05
2767500,2.97E-05
2767600,1.58E-05
2767700,1.53E-05
2767800,1.79E-05
2767900,2.48E-05
2768000,2.55E-05
2768100,3.22E-05
2768200,2.48E-05
2768300,3.66E-05
2768400,1.48E-05
2768500,2.72E-05
2768600,2.32E-05
2768700,2.08E-05
2768801,1.34E-05
2768802,1.29E-05
2768803,4.95E-06
2768804,0
2768805,0
2768900,2.18E-05
2769000,5.45E-06
2769100,5.94E-06
2769200,7.91E-06
2769300,1.48E-06
2769401,4.95E-06
2769402,4.95E-06
2769500,4.95E-06
2769601,9.87E-07
2769602,4.36E-05
2769700,1.19E-05
2769800,7.42E-06
2769900,2.48E-06
2770000,9.87E-06
2770100,2.97E-06
2770200,8.40E-06
2770300,1.88E-05
2770400,1.34E-05
2770500,5.94E-06
2770600,4.95E-06
2770701,2.48E-06
2770702,4.95E-07
2770800,3.96E-06
2770901,1.04E-05
2770902,3.96E-06
2771000,1.88E-05
2771100,1.39E-05
2771200,9.87E-07
2771300,1.98E-05
2771400,6.93E-06
2771500,1.88E-05
2771601,2.78E-05
2771602,9.87E-07
2771700,1.14E-05
2771800,8.89E-06
2771900,2.48E-06
2772000,2.90E-05
2772100,4.06E-05
2772200,9.38E-06
2772300,7.91E-06
2772400,1.19E-05
2772500,2.72E-05
2772601,3.47E-06
2772602,6.16E-05
2772700,3.17E-05
2772800,4.02E-05
2772900,9.87E-07
2773000,3.47E-06
2773100,1.04E-05
2773200,6.93E-06
2773300,1.04E-05
2773400,4.36E-05
2773500,9.38E-06
2773600,5.45E-06
2773700,3.66E-05
2773800,0
2773900,4.95E-06
2774000,4.45E-06
2774100,1.98E-06
2774201,2.92E-05
2774202,3.76E-05
2774300,2.27E-05
2774400,0
2774501,2.53E-05
2774504,1.09E-05
2774505,1.14E-05
2774506,1.19E-05
2774507,5.45E-06
2774508,1.19E-05
2774509,9.38E-06
2774603,1.63E-05
2774604,2.82E-05
2774605,1.79E-05
2774606,2.32E-05
2774607,2.72E-05
2774700,4.31E-05
2774801,3.07E-05
2774803,1.48E-05
2774804,1.63E-05
2774805,1.39E-05
2774902,1.93E-05
2774903,1.48E-05
2774904,1.29E-05
2774905,2.97E-05
2775000,2.32E-05
2775100,1.48E-05
2775201,1.74E-05
2775202,1.98E-05
2775300,2.27E-05
2775401,1.83E-05
2775402,3.51E-05
2775500,4.21E-05
2775600,3.07E-05
2775701,1.88E-05
2775702,2.43E-05
2775800,2.23E-05
2775900,1.98E-05
2776000,4.45E-06
2776100,9.38E-06
2776200,1.88E-05
2776300,1.48E-05
2776400,1.63E-05
2776500,7.42E-06
2776600,0
2776701,1.14E-05
2776702,4.45E-06
2776800,2.13E-05
2776900,1.98E-06
2777000,7.91E-06
2777100,3.96E-05
2777200,2.48E-05
2777300,3.17E-05
2777400,1.58E-05
2777500,2.97E-06
2777600,1.83E-05
2777700,2.97E-05
2777801,4.11E-05
2777802,1.93E-05
2777900,3.12E-05
2778000,1.14E-05
2778100,2.92E-05
2778200,4.60E-05
2778301,2.48E-05
2778302,2.43E-05
2778401,7.20E-05
2778402,2.18E-05
2778500,1.98E-05
2778600,7.42E-06
2778700,1.98E-06
2778800,2.48E-06
2778900,5.35E-05
2779000,1.88E-05
2779100,4.60E-05
2779201,9.38E-06
2779202,1.24E-05
2779300,6.93E-06
2779401,1.74E-05
2779402,1.48E-06
2779500,4.70E-05
2779601,4.95E-07
2779602,6.07E-05
2779700,2.32E-05
2779800,2.13E-05
2779900,3.12E-05
2780001,1.58E-05
2780002,1.29E-05
2780003,1.98E-06
2780100,9.38E-06
2780200,1.74E-05
2780300,2.48E-05
2780400,8.21E-05
2780500,7.15E-05
2780600,4.37E-05
2780700,2.77E-05
2780800,1.68E-05
2780900,1.09E-05
2781000,1.93E-05
2781100,1.34E-05
2781200,2.58E-05
2781300,2.13E-05
2781400,2.03E-05
2781500,0
2781600,2.03E-05
2781700,1.63E-05
2781800,1.44E-05
2781900,2.37E-05
2782000,0
2782100,2.92E-05
2782200,1.98E-05
2782300,1.24E-05
2782400,1.48E-05
2782500,2.13E-05
2782600,1.44E-05
2782700,1.74E-05
2782800,1.93E-05
2782900,1.79E-05
2783000,2.18E-05
2783100,2.08E-05
2783200,4.95E-06
2783300,2.32E-05
2783400,1.29E-05
2783500,1.79E-05
2783600,2.18E-05
2783700,8.89E-06
2783801,2.97E-06
2783802,7.91E-06
2783900,1.29E-05
2784000,1.63E-05
2784100,1.63E-05
2784200,1.53E-05
2784300,3.33E-05
2784400,4.90E-05
2784501,2.92E-05
2784502,2.27E-05
2784503,3.32E-05
2784600,2.67E-05
2784700,3.07E-05
2784801,2.27E-05
2784802,1.48E-05
2784900,7.91E-06
2785000,2.97E-05
2785100,1.19E-05
2785200,1.24E-05
2785300,1.39E-05
2785400,1.63E-05
2785500,1.39E-05
2785600,2.77E-05
2785700,4.40E-05
2785801,5.94E-06
2785802,2.55E-05
2785901,1.58E-05
2785902,2.13E-05
2786000,7.42E-06
2786100,1.09E-05
2786200,1.09E-05
2786300,1.68E-05
2786400,2.43E-05
2786500,1.44E-05
2786601,5.45E-06
2786602,1.74E-05
2786700,1.39E-05
2786801,5.94E-06
2786802,2.97E-06
2786900,9.38E-06
2787000,1.44E-05
2787100,2.43E-05
2787200,1.39E-05
2787300,5.31E-05
2787400,2.03E-05
2787500,3.22E-05
2787600,9.87E-07
2787700,3.37E-05
2787800,1.48E-06
2787900,4.31E-05
2788000,1.39E-05
2788100,7.42E-06
2788200,1.29E-05
2788300,1.98E-05
2788400,2.58E-05
2788500,1.79E-05
2788600,1.98E-05
2788700,1.04E-05
2788800,0
2788900,2.18E-05
2789000,3.56E-05
2789100,2.97E-05
2789200,2.43E-05
2789300,1.83E-05
2789400,2.32E-05
2789500,1.04E-05
2789600,2.27E-05
2789700,1.09E-05
2789800,4.95E-06
2789900,1.24E-05
2790000,2.03E-05
2790100,2.18E-05
2790200,1.14E-05
2790300,2.37E-05
2790400,2.27E-05
2790500,1.48E-05
2790600,1.88E-05
2790700,4.27E-05
2790800,1.44E-05
2790900,1.63E-05
2791000,1.93E-05
2791100,1.09E-05
2791200,1.63E-05
2791300,2.58E-05
2791400,2.27E-05
2791500,4.42E-05
2791600,1.58E-05
2791700,8.40E-06
2791800,1.48E-05
2791900,1.04E-05
2792000,5.94E-06
2792100,1.98E-06
2792200,8.40E-06
2792300,4.45E-06
2792400,0
2792500,2.97E-06
2792600,0
2792700,8.40E-06
2792800,0.000133146
2792900,0
2793000,2.93E-05
2793100,0
2793200,0
2793300,2.39E-05
2793400,0
2793500,0
2793600,0
2793700,9.87E-07
2793800,1.58E-05
2793900,1.04E-05
2794000,1.53E-05
2794100,2.32E-05
2794200,6.93E-06
2794300,3.96E-06
2794400,1.48E-06
2794500,1.53E-05
2794600,1.58E-05
2794700,1.88E-05
2794800,1.98E-06
2794900,0
2795000,0
2795100,1.48E-06
2795200,0
2795300,0
2795400,0
2795500,1.98E-06
2795600,4.95E-07
2795700,2.83E-05
2795800,0.000133643
2795900,0.000135624
2796000,1.48E-05
2796100,3.56E-05
2796200,1.53E-05
2796300,1.83E-05
2796400,2.23E-05
2796500,5.61E-05
2796600,1.63E-05
2796700,5.94E-06
2796800,1.53E-05
2796900,2.08E-05
2797000,1.24E-05
2797100,1.29E-05
2797200,1.48E-06
2797300,9.87E-06
2797400,1.48E-05
2797500,1.63E-05
2797600,1.34E-05
2797700,1.39E-05
2797800,1.79E-05
2797900,2.23E-05
2798000,2.48E-05
2798100,7.42E-06
2798200,1.34E-05
2798300,1.74E-05
2798400,2.23E-05
2798500,1.53E-05
2798600,2.23E-05
2798700,2.32E-05
2798800,9.87E-06
2798900,1.29E-05
2799000,1.48E-06
2799100,1.53E-05
2799200,1.34E-05
2799300,1.98E-06
2799400,2.97E-06
2799500,0
2799600,1.39E-05
2799700,9.87E-06
2799800,1.79E-05
2799900,0
2800000,1.88E-05
2800100,1.44E-05
2800200,1.68E-05
2800300,1.48E-06
2800400,1.34E-05
2800500,1.58E-05
2800600,1.79E-05
2800700,5.94E-06
2800800,1.83E-05
2800900,1.09E-05
2801000,1.44E-05
2801100,3.47E-06
2801200,5.26E-05
2801300,3.77E-05
2801400,1.63E-05
2801500,0
2801600,1.53E-05
2801700,1.14E-05
2801800,6.81E-05
2801900,3.02E-05
2802000,9.87E-06
2802100,0.000132159
2802200,9.87E-07
2802300,4.95E-07
2802400,1.48E-05
2802501,0
2802502,0
2802600,9.38E-06
2802700,4.32E-05
2802800,1.29E-05
2802900,2.13E-05
2803000,1.29E-05
2803100,1.53E-05
2803200,1.48E-05
2803300,9.87E-07
2803400,0
2803500,1.79E-05
2803600,2.18E-05
2803700,1.04E-05
2803800,0
2803900,0
2804001,0
2804005,0
2804006,0
2804007,0
2804008,0
2804100,8.40E-06
2804200,6.93E-06
2804300,6.43E-06
2804400,1.48E-06
2804500,4.95E-07
2804600,3.89E-05
2804700,4.95E-06
2804800,1.09E-05
2804900,1.14E-05
2805000,6.93E-06
2805100,7.91E-06
2805200,0.000146509
2805300,1.24E-05
2805400,5.67E-05
2805500,6.93E-06
2805601,4.45E-06
2805602,1.48E-06
2805603,8.40E-06
2805701,2.75E-05
2805702,0
2805800,1.24E-05
2805901,1.83E-05
2805902,2.97E-06
2805904,1.48E-06
2805905,3.47E-06
2806001,7.91E-06
2806002,0
2806101,1.48E-06
2806102,3.47E-06
2806104,3.96E-06
2806105,2.48E-06
2806200,1.53E-05
2806300,5.92E-05
2806400,3.38E-05
2806500,1.88E-05
2806600,0.000188329
2806700,9.88E-05
2806800,8.65E-05
2806900,3.22E-05
2807000,4.90E-05
2807101,3.47E-06
2807102,0
2807103,9.19E-05
2807200,2.48E-06
2807300,1.48E-06
2807400,9.87E-07
2807501,1.48E-06
2807502,9.87E-07
2807600,3.96E-06
2807700,6.43E-06
2807800,3.96E-06
2807900,2.97E-06
2808000,3.96E-06
2808100,2.54E-05
2808200,7.42E-06
2808300,3.96E-06
2808400,3.47E-06
2808500,1.48E-06
2808600,1.48E-06
2808700,2.93E-05
2808800,1.98E-06
2808900,4.45E-06
2809000,2.97E-06
2809100,4.95E-07
2809200,2.60E-05
2809300,4.95E-07
2809400,0
2809500,0
2809600,0
2809700,0
2809800,2.48E-06
2809900,3.96E-06
2810000,9.87E-07
2810100,1.48E-06
2810200,2.97E-06
2810300,1.98E-06
2810400,3.47E-06
2810500,4.95E-06
2810600,3.47E-06
2810700,1.48E-06
2810800,2.48E-06
2810900,4.95E-06
2811000,4.95E-06
2811100,1.98E-06
2811200,5.94E-06
2811300,2.97E-06
2811400,2.83E-05
2811500,1.48E-06
2811600,4.95E-07
2811700,3.96E-06
2811800,2.78E-05
2811900,2.97E-06
2812000,5.94E-06
2812100,2.97E-06
2812200,5.45E-06
2812300,9.87E-07
2812400,2.97E-06
2812500,9.87E-07
2812600,0.000166547
2812700,0.000200712
2812801,0
2812803,9.87E-07
2812804,2.39E-05
2812805,9.87E-07
2812806,2.97E-06
2812901,8.21E-05
2812903,0
2812904,4.36E-05
2813003,5.47E-05
2813004,4.27E-05
2813005,5.92E-05
2813006,1.48E-06
2813007,0
2813008,0
2813101,1.48E-06
2813102,8.89E-06
2813103,0
2813201,0
2813202,9.87E-06
2813300,0.000913779
2813400,0.000249077
2813500,9.87E-07
2813600,8.40E-05
2813700,3.17E-05
2813800,0.000418097
2813901,0.000183394
2813902,0
2814001,0.000334084
2814002,0
2814101,0
2814102,3.19E-05
2814202,4.95E-07
2814203,2.39E-05
2814205,6.43E-06
2814206,2.72E-05
2814207,1.98E-06
2814208,0
2814209,9.87E-07
2814210,9.87E-07
2814211,2.97E-06
2814212,1.48E-05
2814213,1.98E-06
2814300,4.95E-07
2814400,4.95E-07
2814500,1.48E-06
2814600,1.88E-05
2814700,1.14E-05
2814800,1.48E-05
2814900,3.64E-05
2815000,6.43E-06
2815100,9.87E-07
2815201,4.95E-06
2815202,1.09E-05
2815300,3.47E-06
2815401,9.87E-07
2815402,3.77E-05
2815501,2.48E-06
2815502,3.47E-06
2815503,1.48E-06
2815600,6.93E-06
2815700,9.87E-06
2815800,1.58E-05
2815900,1.24E-05
2816000,9.38E-06
2816100,9.38E-06
2816200,1.48E-05
2816300,1.98E-06
2816400,1.48E-05
2816500,5.94E-06
2816600,2.48E-06
2816700,1.58E-05
2816800,1.29E-05
2816900,3.96E-06
2817000,3.84E-05
2817100,1.34E-05
2817200,1.09E-05
2817300,3.96E-06
2817400,5.45E-06
2817501,1.14E-05
2817502,1.98E-06
2817503,5.94E-06
2817504,1.04E-05
2817505,5.45E-06
2817600,2.67E-05
2817700,3.96E-06
2817800,1.74E-05
2817901,4.95E-07
2817902,1.09E-05
2818000,9.38E-06
2818100,1.98E-05
2818200,8.89E-06
2818300,1.09E-05
2818400,6.93E-06
2818500,3.47E-06
2818600,8.40E-06
2818700,3.96E-06
2818800,2.13E-05
2818900,2.27E-05
2819000,1.24E-05
2819100,8.89E-06
2819200,5.94E-06
2819300,1.44E-05
2819400,1.04E-05
2819500,1.44E-05
2819600,1.14E-05
2819700,1.24E-05
2819800,1.88E-05
2819900,1.34E-05
2820000,1.29E-05
2820100,1.98E-05
2820200,9.38E-06
2820300,2.13E-05
2820400,1.48E-06
2820500,7.42E-06
2820600,4.95E-07
2820700,0.000132159
2820800,0.000142589
2820900,2.18E-05
2821000,0
2821100,6.93E-06
2821200,1.29E-05
2821300,7.91E-06
2821400,1.58E-05
2821500,5.94E-06
2821600,4.02E-05
2821700,2.48E-06
2821800,2.48E-06
2821901,9.87E-06
2821902,1.24E-05
2822000,1.19E-05
2822100,1.19E-05
2822200,9.38E-06
2822300,1.58E-05
2822400,1.68E-05
2822500,1.29E-05
2822600,1.24E-05
2822701,9.87E-06
2822702,3.47E-06
2822800,5.94E-06
2822900,1.44E-05
2823000,1.24E-05
2823100,1.48E-06
2823200,1.48E-06
2823300,3.17E-05
2823400,6.43E-06
2823500,1.19E-05
2823600,4.45E-06
2823700,1.44E-05
2823800,0.000157429
2823900,4.45E-06
2824000,9.44E-05
2824100,1.19E-05
2824200,3.74E-05
2824300,1.34E-05
2824400,5.94E-06
2824500,9.87E-07
2824600,5.94E-06
2824700,3.47E-06
2824801,0
2824802,0
2824803,9.87E-07
2824900,9.38E-06
2825001,6.93E-06
2825002,2.97E-06
2825100,1.39E-05
2825200,7.42E-06
2825300,1.19E-05
2825400,8.40E-06
2825501,1.09E-05
2825502,7.42E-06
2825600,6.93E-06
2825701,2.48E-06
2825702,0
2825703,0
2825800,0
2825900,7.58E-05
2826000,0.000147979
2826101,4.95E-06
2826102,4.95E-07
2826103,0
2826201,1.29E-05
2826202,1.48E-06
2826301,3.47E-06
2826302,5.45E-06
2826400,1.09E-05
2826500,1.48E-05
2826601,2.48E-06
2826602,5.94E-06
2826701,7.72E-05
2826702,1.48E-06
2826800,1.04E-05
2826900,1.53E-05
2827000,2.43E-05
2827100,2.58E-05
2827201,2.27E-05
2827202,4.45E-06
2827300,1.68E-05
2827400,1.68E-05
2827501,9.87E-06
2827502,8.40E-06
2827600,4.88E-05
2827700,9.87E-06
2827800,0
2827900,5.45E-06
2828001,9.87E-07
2828002,1.58E-05
2828100,1.29E-05
2828201,5.45E-06
2828202,4.45E-06
2828300,1.04E-05
2828400,1.04E-05
2828500,6.93E-06
2828600,8.89E-06
2828700,4.45E-06
2828801,9.87E-06
2828803,9.87E-07
2828804,2.48E-06
2828901,1.09E-05
2828902,1.09E-05
2829000,8.89E-06
2829100,3.96E-06
2829200,6.93E-06
2829300,2.03E-05
2829400,9.38E-06
2829500,5.45E-06
2829601,1.48E-06
2829602,1.09E-05
2829603,2.97E-06
2829701,4.95E-07
2829702,2.48E-06
2829800,2.08E-05
2829900,1.29E-05
2830000,3.07E-05
2830100,4.66E-05
2830201,1.24E-05
2830202,1.09E-05
2830300,2.03E-05
2830401,1.98E-06
2830402,3.68E-05
2830500,2.77E-05
2830600,2.48E-06
2830701,9.87E-07
2830702,7.42E-06
2830800,2.13E-05
2830900,6.42E-05
2831000,5.45E-06
2831101,3.64E-05
2831102,3.96E-06
2831200,1.74E-05
2831300,1.09E-05
2831400,1.39E-05
2831500,8.40E-06
2831600,5.94E-06
2831700,7.42E-06
2831800,3.47E-06
2831900,3.47E-06
2832000,7.42E-06
2832100,1.98E-06
2832201,4.95E-06
2832202,1.98E-05
2832203,4.57E-05
2832300,1.48E-05
2832400,2.03E-05
2832500,9.87E-07
2832600,2.48E-06
2832700,4.95E-07
2832800,3.47E-06
2832900,7.91E-06
2833000,8.89E-06
2833100,4.95E-07
2833200,6.93E-06
2833300,5.94E-06
2833400,1.19E-05
2833500,7.42E-06
2833600,6.93E-06
2833701,0
2833702,3.24E-05
2833800,5.45E-06
2833900,5.94E-06
2834000,6.93E-06
2834100,2.97E-06
2834200,8.89E-06
2834300,7.91E-06
2834400,4.95E-07
2834500,9.87E-06
2834600,1.48E-06
2834700,6.93E-06
2834800,4.95E-06
2834900,1.88E-05
2835000,1.39E-05
2835100,1.09E-05
2835200,5.94E-06
2835300,2.97E-06
2835401,5.45E-06
2835402,3.13E-05
2835403,3.03E-05
2835500,7.42E-06
2835600,2.13E-05
2835700,2.23E-05
2835800,9.87E-06
2835900,2.08E-05
2836001,7.42E-06
2836002,7.91E-06
2836003,1.04E-05
2836004,9.87E-06
2836100,1.39E-05
2836200,3.32E-05
2836301,8.40E-06
2836302,3.96E-06
2836303,4.95E-07
2836304,2.97E-06
2836400,2.93E-05
2836500,2.03E-05
2836600,1.34E-05
2836700,2.18E-05
2836800,9.38E-06
2836900,1.29E-05
2837000,1.04E-05
2837100,1.19E-05
2837200,1.58E-05
2837300,7.42E-06
2837400,1.98E-05
2837500,3.48E-05
2837600,3.28E-05
2837700,8.89E-06
2837800,9.87E-06
2837900,2.48E-05
2838000,2.18E-05
2838100,9.38E-06
2838200,4.51E-05
2838300,1.29E-05
2838400,1.19E-05
2838500,1.79E-05
2838600,1.93E-05
2838700,1.39E-05
2838800,1.19E-05
2838900,2.18E-05
2839000,1.93E-05
2839100,1.04E-05
2839200,1.19E-05
2839300,9.87E-06
2839400,2.03E-05
2839500,4.42E-05
2839600,1.98E-05
2839700,1.04E-05
2839800,9.87E-07
2839900,3.63E-05
2840000,4.37E-05
2840100,1.79E-05
2840200,1.29E-05
2840300,1.44E-05
2840400,4.61E-05
2840500,4.95E-06
2840600,1.98E-06
2840700,6.93E-06
2840800,3.63E-05
2840900,5.45E-06
2841000,6.93E-06
2841100,9.87E-07
2841200,4.95E-07
2841300,4.95E-07
2841400,9.87E-07
2841500,1.48E-06
2841600,4.95E-07
2841700,4.95E-07
2841800,0.000157031
2841900,8.40E-06
2842000,9.87E-07
2842100,1.63E-05
2842200,1.88E-05
2842300,6.93E-06
2842400,8.89E-06
2842500,7.42E-06
2842601,6.93E-06
2842602,1.98E-06
2842700,1.44E-05
2842800,1.83E-05
2842900,2.08E-05
2843000,1.63E-05
2843100,2.97E-06
2843200,1.24E-05
2843300,1.63E-05
2843400,0
2843500,1.48E-05
2843600,8.89E-06
2843700,1.14E-05
2843800,1.29E-05
2843900,3.43E-05
2844000,6.43E-06
2844100,1.24E-05
2844201,3.96E-06
2844202,3.96E-06
2844203,6.93E-06
2844204,3.96E-06
2844205,1.48E-06
2844206,3.13E-05
2844207,8.40E-06
2844301,3.38E-05
2844302,7.42E-06
2844401,8.40E-06
2844402,5.45E-06
2844501,9.38E-06
2844502,8.89E-06
2844600,1.88E-05
2844700,2.03E-05
2844800,4.66E-05
2844900,3.73E-05
2845000,1.63E-05
2845100,1.39E-05
2845200,1.29E-05
2845300,2.18E-05
2845400,4.45E-06
2845500,2.37E-05
2845600,3.63E-05
2845700,1.19E-05
2845800,1.98E-06
2845900,2.27E-05
2846000,1.58E-05
2846100,3.13E-05
2846202,1.48E-06
2846203,2.48E-05
2846204,7.42E-06
2846300,1.53E-05
2846400,1.34E-05
2846500,1.24E-05
2846600,3.96E-06
2846700,1.79E-05
2846800,1.19E-05
2846900,1.04E-05
2847000,0
2847100,4.95E-06
2847200,1.74E-05
2847300,1.63E-05
2847400,6.81E-05
2847500,9.38E-06
2847600,2.03E-05
2847700,1.29E-05
2847800,5.94E-06
2847900,1.48E-05
2848000,4.45E-06
2848100,2.23E-05
2848200,2.48E-05
2848301,6.93E-06
2848302,4.21E-05
2848400,2.97E-05
2848500,3.66E-05
2848600,2.32E-05
2848700,7.42E-06
2848801,0
2848805,0
2848806,0
2848807,0
2848808,0
2848900,1.39E-05
2849000,7.91E-06
2849100,6.93E-06
2849200,5.45E-06
2849300,5.45E-06
2849401,1.48E-06
2849402,4.45E-06
2849501,4.95E-07
2849502,7.91E-06
2849600,3.96E-06
2849700,6.93E-06
2849800,1.48E-06
2849902,2.97E-06
2849903,0
2849904,9.87E-07
2850000,3.61E-05
2850101,9.87E-07
2850102,1.29E-05
2850200,0.000174384
2850301,9.87E-07
2850302,2.48E-06
2850401,1.48E-06
2850402,3.59E-05
2850501,1.98E-06
2850502,5.94E-06
2850600,1.48E-06
2850700,0
2850801,4.95E-07
2850802,9.87E-07
2850900,1.09E-05
2851001,6.93E-06
2851002,8.89E-06
2851101,0
2851102,0
2851200,0.000415129
2851300,0.000415129
2851401,0.00025502
2851402,0
2851500,8.35E-05
2851600,4.95E-07
2851700,1.19E-05
2851800,2.48E-06
2851900,0.000142291
2852001,6.76E-05
2852002,1.48E-05
2852100,5.45E-06
2852202,0
2852203,9.87E-07
2852204,0
2852205,4.95E-07
2852206,0
2852300,3.19E-05
2852400,0
2852500,1.19E-05
2852600,1.09E-05
2852700,3.42E-05
2852800,6.43E-06
2852900,8.89E-06
2853000,0.000146509
2853100,1.58E-05
2853200,1.68E-05
2853300,1.19E-05
2853400,6.43E-06
2853500,4.95E-06
2853600,5.45E-06
2853700,1.48E-06
2853800,9.38E-06
2853900,4.45E-06
2854000,2.97E-06
2854100,1.58E-05
2854200,1.48E-06
2854300,7.42E-06
2854400,3.10E-05
2854500,2.48E-06
2854600,5.45E-06
2854700,5.45E-06
2854800,5.45E-06
2854900,9.38E-06
2855000,3.76E-05
2855101,1.48E-06
2855102,8.89E-06
2855201,2.48E-06
2855202,5.45E-06
2855300,9.87E-07
2855400,1.09E-05
2855500,3.27E-05
2855601,1.68E-05
2855602,2.58E-05
2855700,2.67E-05
2855800,3.47E-06
2855900,7.42E-06
2856000,3.64E-05
2856101,0
2856103,2.62E-05
2856104,0.000544533
2856201,1.48E-06
2856202,0
2856301,4.95E-06
2856302,1.98E-06
2856401,6.43E-06
2856402,4.01E-05
2856501,3.79E-05
2856502,2.48E-06
2856601,0
2856602,4.95E-06
2856700,2.37E-05
2856800,3.96E-06
2856900,1.93E-05
2857001,1.39E-05
2857002,2.97E-06
2857101,1.88E-05
2857102,1.19E-05
2857200,9.87E-07
2857300,0
2857400,7.42E-06
2857500,2.88E-05
2857600,5.45E-06
2857700,2.97E-06
2857800,1.83E-05
2857900,3.91E-05
2858000,4.95E-05
2858100,2.48E-06
2858200,0
2858300,1.09E-05
2858400,6.93E-06
2858501,8.89E-06
2858502,1.98E-06
2858601,0
2858603,2.23E-05
2858604,0
2858701,0
2858702,2.77E-05
2858800,9.87E-06
2858901,3.47E-06
2858902,4.45E-06
2858903,3.47E-06
2859000,1.74E-05
2859101,7.42E-06
2859102,9.38E-06
2859201,9.87E-07
2859203,4.95E-07
2859204,5.94E-06
2859300,1.48E-05
2859400,0.000142589
2859500,0
2859600,3.03E-05
2859700,0.000146509
2859800,4.45E-06
2859900,1.39E-05
2860000,1.04E-05
2860100,0
2860200,0
2860300,4.95E-07
2860400,0.000136611
2860500,1.48E-06
2860600,9.38E-06
2860700,1.04E-05
2860800,1.63E-05
2860900,1.19E-05
2861000,2.13E-05
2861100,7.42E-06
2861200,1.29E-05
2861300,1.88E-05
2861400,1.14E-05
2861500,9.87E-06
2861600,1.44E-05
2861700,0
2861800,0
2861901,1.74E-05
2861903,3.39E-05
2861904,2.37E-05
2862000,7.91E-06
2862100,3.07E-05
2862201,8.40E-06
2862202,9.38E-06
2862203,1.39E-05
2862300,1.19E-05
2862400,1.24E-05
2862500,1.98E-05
2862600,0
2862700,1.83E-05
2862800,5.45E-06
2862900,1.29E-05
2863000,0
2863100,1.24E-05
2863200,5.45E-06
2863301,6.43E-06
2863302,4.16E-05
2863400,1.74E-05
2863500,7.91E-06
2863601,1.14E-05
2863602,8.89E-06
2863700,2.48E-05
2863801,3.47E-06
2863802,2.97E-06
2863803,2.97E-06
2863804,5.94E-06
2863805,3.47E-06
2863806,3.96E-06
2863807,3.47E-06
2863808,7.42E-06
2863809,8.40E-06
2863900,2.23E-05
2864001,0
2864002,0
2864100,0
2864200,2.87E-05
2864300,1.39E-05
2864400,5.56E-05
2864500,7.44E-05
2864600,5.64E-05
2864700,8.00E-05
2864800,4.95E-06
2864900,1.63E-05
2865000,4.76E-05
2865100,1.48E-05
2865200,2.18E-05
2865300,2.67E-05
2865400,3.27E-05
2865500,2.72E-05
2865601,4.06E-05
2865602,3.42E-05
2865700,3.07E-05
2865800,3.37E-05
2865900,0.000109246
2866000,5.36E-05
2866101,1.93E-05
2866102,2.67E-05
2866200,2.37E-05
2866300,2.53E-05
2866400,6.51E-05
2866500,1.24E-05
2866600,2.77E-05
2866700,5.56E-05
2866800,3.58E-05
2866900,3.87E-05
2867000,0
2867100,3.96E-06
2867200,0
2867300,2.39E-05
2867400,0
2867500,2.97E-06
2867600,1.98E-06
2867700,3.47E-06
2867800,0
2867900,4.95E-07
2868000,1.88E-05
2868100,5.94E-05
2868200,7.42E-06
2868300,0.00013414
2868400,3.47E-06
2868500,2.13E-05
2868600,2.32E-05
2868700,2.43E-05
2868800,2.08E-05
2868900,3.12E-05
2869000,4.35E-05
2869100,0
2869200,4.95E-07
2869300,0
2869400,2.72E-05
2869500,3.61E-05
2869600,4.01E-05
2869700,1.79E-05
2869800,1.48E-06
2869900,6.88E-05
2870001,1.39E-05
2870002,2.62E-05
2870100,3.76E-05
2870200,7.56E-05
2870300,2.08E-05
2870400,1.24E-05
2870500,2.48E-05
2870600,2.82E-05
2870700,7.63E-05
2870800,1.48E-06
2870900,2.13E-05
2871001,8.40E-06
2871002,5.45E-06
2871003,7.91E-06
2871004,3.47E-06
2871100,9.38E-06
2871200,2.18E-05
2871300,1.39E-05
2871400,1.93E-05
2871500,1.09E-05
2871600,2.27E-05
2871700,1.68E-05
2871800,7.42E-06
2871900,1.63E-05
2872000,1.63E-05
2872100,5.95E-05
2872200,8.40E-06
2872300,1.09E-05
2872401,9.38E-06
2872402,9.38E-06
2872403,7.91E-06
2872404,3.47E-06
2872500,9.38E-06
2872600,2.32E-05
2872700,1.88E-05
2872800,1.04E-05
2872900,1.68E-05
2873000,2.62E-05
2873100,2.13E-05
2873200,1.48E-05
2873300,1.34E-05
2873400,3.07E-05
2873500,4.95E-06
2873601,7.91E-06
2873602,3.37E-05
2873701,7.91E-06
2873702,5.94E-06
2873703,1.24E-05
2873704,1.34E-05
2873800,1.74E-05
2873900,2.27E-05
2874000,9.38E-06
2874100,1.04E-05
2874200,8.89E-06
2874300,1.09E-05
2874400,4.26E-05
2874500,1.44E-05
2874600,1.34E-05
2874700,4.07E-05
2874800,1.93E-05
2874900,2.08E-05
2875000,2.48E-06
2875100,1.24E-05
2875200,8.89E-06
2875300,1.63E-05
2875400,9.38E-06
2875500,5.45E-06
2875600,1.53E-05
2875700,1.63E-05
2875800,1.04E-05
2875900,4.95E-06
2876000,9.87E-07
2876100,9.87E-07
2876200,2.72E-05
2876300,1.88E-05
2876401,1.83E-05
2876402,1.48E-06
2876500,1.29E-05
2876600,1.88E-05
2876700,1.63E-05
2876800,2.82E-05
2876900,2.32E-05
2877000,9.38E-06
2877100,1.14E-05
2877200,1.48E-05
2877300,1.74E-05
2877400,1.83E-05
2877500,1.09E-05
2877600,0
2877700,1.63E-05
2877800,1.58E-05
2877900,7.91E-06
2878000,1.09E-05
2878100,6.93E-06
2878200,1.29E-05
2878300,4.65E-05
2878400,1.29E-05
2878500,1.83E-05
2878600,5.45E-05
2878700,2.37E-05
2878800,2.72E-05
2878901,4.95E-07
2878902,1.98E-06
2879001,9.87E-07
2879002,2.18E-05
2879100,1.24E-05
2879200,1.48E-05
2879300,1.04E-05
2879400,1.29E-05
2879500,1.58E-05
2879600,1.29E-05
2879700,1.09E-05
2879800,0.000146509
2879900,1.29E-05
2880000,1.48E-06
2880100,0
2880200,2.23E-05
2880300,1.34E-05
2880400,1.58E-05
2880500,1.19E-05
2880600,1.79E-05
2880701,4.46E-05
2880702,1.14E-05
2880703,5.94E-06
2880801,0
2880802,1.53E-05
2880901,1.34E-05
2880902,1.19E-05
2881000,5.94E-06
2881100,1.48E-05
2881200,2.27E-05
2881300,3.13E-05
2881400,2.32E-05
2881500,3.96E-06
2881600,3.22E-05
2881701,1.63E-05
2881702,1.93E-05
2881800,1.09E-05
2881900,9.87E-06
2882000,1.83E-05
2882100,2.08E-05
2882200,1.74E-05
2882300,1.58E-05
2882400,1.29E-05
2882500,1.83E-05
2882600,1.83E-05
2882700,1.74E-05
2882800,1.79E-05
2882900,1.93E-05
2883000,2.77E-05
2883100,5.94E-06
2883200,2.23E-05
2883300,1.14E-05
2883400,1.14E-05
2883500,2.53E-05
2883600,4.35E-05
2883700,1.09E-05
2883800,2.32E-05
2883900,4.06E-05
2884001,1.98E-05
2884002,5.45E-06
2884100,1.68E-05
2884200,1.93E-05
2884300,1.88E-05
2884400,1.88E-05
2884500,4.45E-06
2884600,1.29E-05
2884700,3.51E-05
2884800,2.08E-05
2884900,1.24E-05
2885000,1.68E-05
2885100,2.13E-05
2885200,1.63E-05
2885300,1.24E-05
2885400,8.40E-06
2885500,9.87E-06
2885600,1.74E-05
2885700,4.45E-06
2885800,1.48E-05
2885900,2.03E-05
2886001,1.48E-05
2886002,5.94E-06
2886100,1.58E-05
2886200,7.42E-06
2886300,2.72E-05
2886400,1.04E-05
2886500,9.38E-06
2886600,1.34E-05
2886700,1.19E-05
2886800,1.04E-05
2886900,8.89E-06
2887000,1.83E-05
2887100,1.29E-05
2887200,2.67E-05
2887300,1.58E-05
2887400,1.39E-05
2887500,6.43E-06
2887600,1.68E-05
2887700,1.19E-05
2887800,1.48E-05
2887900,1.09E-05
2888000,1.19E-05
2888100,1.58E-05
2888201,1.34E-05
2888202,0
2888300,1.79E-05
2888400,1.24E-05
2888500,1.53E-05
2888600,1.24E-05
2888700,5.45E-06
2888800,8.89E-06
2888900,1.29E-05
2889000,1.58E-05
2889100,1.39E-05
2889200,1.24E-05
2889300,2.92E-05
2889400,1.98E-05
2889501,0
2889502,4.11E-05
2889600,4.45E-05
2889700,2.48E-05
2889800,2.37E-05
2889900,1.83E-05
2890000,1.09E-05
2890100,9.87E-06
2890200,0
2890300,4.01E-05
2890401,1.98E-05
2890402,3.02E-05
2890500,8.89E-06
2890600,2.48E-06
2890700,2.27E-05
2890800,1.63E-05
2890900,8.40E-06
2891000,5.01E-05
2891100,1.09E-05
2891201,3.96E-06
2891202,2.93E-05
2891300,2.67E-05
2891400,1.04E-05
2891500,2.03E-05
2891600,2.95E-05
2891700,2.13E-05
2891800,1.74E-05
2891900,1.48E-05
2892000,1.39E-05
2892101,1.93E-05
2892102,2.23E-05
2892200,1.39E-05
2892300,0
2892400,1.79E-05
2892500,7.42E-06
2892600,8.89E-06
2892701,7.42E-06
2892702,1.19E-05
2892800,8.40E-06
2892900,9.38E-06
2893000,5.45E-06
2893101,8.40E-06
2893102,9.38E-06
2893200,2.67E-05
2893300,1.24E-05
2893400,2.23E-05
2893500,1.44E-05
2893600,1.44E-05
2893700,2.18E-05
2893800,2.08E-05
2893900,9.87E-06
2894000,6.43E-06
2894100,9.87E-06
2894200,2.32E-05
2894300,3.48E-05
2894400,0
2894500,0
2894600,0.000132159
2894700,4.95E-07
2894800,1.98E-06
2894900,0
2895000,9.87E-07
2895100,0
2895200,0.000132159
2895300,3.33E-05
2895400,1.68E-05
2895500,2.97E-06
2895600,2.48E-06
2895700,0.00013414
2895800,0
2895900,4.95E-07
2896000,0
2896100,2.18E-05
2896200,1.14E-05
2896300,2.62E-05
2896400,1.83E-05
2896500,1.48E-05
2896600,9.87E-06
2896700,0.000154909
2896800,2.43E-05
2896900,4.95E-06
2897000,1.48E-05
2897100,4.52E-05
2897200,1.44E-05
2897300,5.94E-06
2897400,2.13E-05
2897500,9.10E-05
2897600,4.95E-07
2897700,3.68E-05
2897800,1.34E-05
2897900,1.98E-05
2898000,1.44E-05
2898100,1.44E-05
2898200,0.000145529
2898300,4.02E-05
2898400,5.76E-05
2898500,3.13E-05
2898600,2.53E-05
2898700,1.04E-05
2898800,2.82E-05
2898900,4.95E-07
2899000,0
2899100,5.87E-05
2899200,3.87E-05
2899300,1.68E-05
2899400,3.47E-06
2899500,0.000134637
2899600,2.74E-05
2899700,8.40E-06
2899800,0.000158025
2899900,4.95E-06
2900000,1.24E-05
2900100,1.48E-06
2900200,8.40E-06
2900300,1.44E-05
2900400,2.23E-05
2900500,3.73E-05
2900600,2.03E-05
2900700,2.27E-05
2900800,8.40E-06
2900900,3.43E-05
2901000,0.000132653
2901100,9.87E-07
2901200,5.94E-06
2901300,8.19E-05
2901400,2.48E-06
2901500,0
2901600,1.39E-05
2901700,0
2901800,1.98E-05
2901900,2.97E-06
2902000,1.09E-05
2902100,2.23E-05
2902200,2.37E-05
2902300,8.40E-06
2902400,4.61E-05
2902500,4.11E-05
2902600,6.45E-05
2902700,1.68E-05
2902800,2.48E-06
2902900,4.45E-06
2903000,4.95E-07
2903100,2.69E-05
2903200,2.59E-05
2903300,0
2903400,0
2903500,5.94E-06
2903600,2.48E-06
2903700,3.47E-06
2903800,2.32E-05
2903900,3.76E-05
2904000,4.45E-06
2904100,3.32E-05
2904200,1.24E-05
2904300,1.58E-05
2904400,2.27E-05
2904500,9.38E-06
2904600,2.43E-05
2904700,1.44E-05
2904800,2.03E-05
2904900,5.37E-05
2905000,0
2905100,2.97E-06
2905201,5.94E-06
2905202,4.45E-06
2905300,1.68E-05
2905400,2.13E-05
2905500,3.07E-05
2905600,1.39E-05
2905700,9.38E-06
2905800,7.42E-06
2905900,2.13E-05
2906001,1.93E-05
2906002,0
2906100,0.000186704
2906200,9.87E-06
2906300,2.53E-05
2906400,2.23E-05
2906500,2.48E-06
2906600,4.45E-06
2906700,1.53E-05
2906800,1.19E-05
2906900,1.44E-05
2907000,6.93E-06
2907100,9.87E-06
2907200,1.14E-05
2907300,1.79E-05
2907400,1.34E-05
2907500,2.97E-06
2907600,1.29E-05
2907700,2.48E-05
2907800,4.45E-06
2907900,1.88E-05
2908000,1.29E-05
2908100,1.83E-05
2908200,1.14E-05
2908300,4.71E-05
2908401,9.38E-06
2908402,1.04E-05
2908403,4.45E-06
2908404,5.94E-06
2908500,1.14E-05
2908600,1.83E-05
2908700,3.47E-06
2908800,1.83E-05
2908900,8.89E-06
2909000,1.19E-05
2909101,0
2909102,0
2909105,4.95E-07
2909106,4.95E-07
2909108,0
2909109,0
2909110,0
2909113,0
2909115,4.95E-07
2909116,0
2909117,0
2909121,0
2909122,0
2909123,0
2909124,0
2909125,0
2909126,0
2909127,0
2909128,0
2909129,2.39E-05
2909130,0
2909200,1.88E-05
2909300,1.29E-05
2909400,1.63E-05
2909502,9.87E-07
2909503,1.14E-05
2909504,2.97E-06
2909505,5.94E-06
2909600,6.43E-06
2909700,4.45E-06
2909800,2.08E-05
2909900,1.48E-05
2910000,1.14E-05
2910100,1.93E-05
2910200,1.58E-05
2910300,9.38E-06
2910400,4.45E-06
2910500,8.89E-06
2910600,9.38E-06
2910700,1.24E-05
2910800,1.29E-05
2910900,1.63E-05
2911000,1.39E-05
2911100,2.08E-05
2911200,1.34E-05
2911300,1.58E-05
2911400,1.79E-05
2911500,1.53E-05
2911600,2.18E-05
2911700,1.53E-05
2911800,1.24E-05
2911900,1.29E-05
2912000,3.58E-05
2912100,1.79E-05
2912200,2.03E-05
2912300,2.23E-05
2912400,1.74E-05
2912500,1.63E-05
2912600,1.58E-05
2912701,8.40E-06
2912702,4.45E-06
2912703,1.98E-06
2912704,1.34E-05
2912801,1.29E-05
2912802,7.91E-06
2912901,1.14E-05
2912902,4.45E-06
2913000,1.74E-05
2913100,8.40E-06
2913200,1.14E-05
2913300,0.000145039
2913400,1.39E-05
2913500,3.42E-05
2913600,2.08E-05
2913700,1.29E-05
2913800,1.44E-05
2913900,1.68E-05
2914000,7.91E-06
2914100,2.97E-06
2914200,8.40E-06
2914300,0
2914400,0
2914500,4.95E-07
2914600,0.000148959
2914700,1.39E-05
2914800,8.40E-06
2914900,1.48E-05
2915000,1.24E-05
2915100,1.63E-05
2915200,1.14E-05
2915300,4.32E-05
2915400,1.44E-05
2915500,1.58E-05
2915600,6.93E-06
2915700,1.39E-05
2915800,1.39E-05
2915900,3.02E-05
2916000,2.32E-05
2916100,9.87E-06
2916200,9.38E-06
2916300,8.40E-06
2916400,1.19E-05
2916500,2.27E-05
2916600,1.79E-05
2916700,3.32E-05
2916800,1.63E-05
2916900,2.48E-05
2917000,1.04E-05
2917101,6.43E-06
2917102,8.89E-06
2917200,1.98E-05
2917300,1.68E-05
2917401,4.95E-07
2917402,2.97E-06
2917501,5.94E-06
2917502,6.93E-06
2917503,8.89E-06
2917600,1.39E-05
2917701,3.96E-06
2917702,1.04E-05
2917703,4.95E-06
2917704,5.94E-06
2917800,8.89E-06
2917900,1.53E-05
2918000,0.000132653
2918101,8.40E-06
2918102,4.95E-06
2918200,1.58E-05
2918300,1.09E-05
2918400,1.39E-05
2918500,2.53E-05
2918600,1.34E-05
2918700,9.87E-06
2918800,2.13E-05
2918900,1.34E-05
2919000,9.38E-06
2919100,1.19E-05
2919200,1.24E-05
2919300,1.14E-05
2919400,1.19E-05
2919500,1.79E-05
2919600,1.83E-05
2919700,1.74E-05
2919800,4.95E-06
2919900,2.23E-05
2920000,5.94E-06
2920100,2.27E-05
2920200,1.63E-05
2920300,5.45E-06
2920400,1.74E-05
2920500,1.09E-05
2920600,1.04E-05
2920700,2.53E-05
2920800,8.89E-06
2920900,1.93E-05
2921000,6.43E-06
2921100,2.03E-05
2921200,1.58E-05
2921300,1.68E-05
2921400,1.74E-05
2921500,1.29E-05
2921600,5.06E-05
2921700,1.68E-05
2921800,1.63E-05
2921900,3.32E-05
2922000,1.74E-05
2922100,1.34E-05
2922200,1.88E-05
2922300,2.53E-05
2922400,1.68E-05
2922500,2.27E-05
2922601,0.000136611
2922602,1.63E-05
2922700,2.97E-05
2922800,1.74E-05
2922900,2.03E-05
2923000,2.32E-05
2923100,8.40E-06
2923200,1.63E-05
2923300,4.06E-05
2923400,9.87E-06
2923500,9.38E-06
2923600,1.48E-05
2923700,8.89E-06
2923800,2.77E-05
2923900,1.68E-05
2924000,4.58E-05
2924100,7.42E-06
2924200,1.19E-05
2924300,1.04E-05
2924400,1.58E-05
2924500,1.09E-05
2924600,1.44E-05
2924700,1.04E-05
2924800,6.43E-06
2924900,8.89E-06
2925000,1.24E-05
2925100,1.24E-05
2925200,1.09E-05
2925300,6.93E-06
2925400,6.43E-06
2925500,1.44E-05
2925601,8.40E-06
2925602,7.42E-06
2925603,9.38E-06
2925700,1.48E-05
2925800,7.91E-06
2925900,1.58E-05
2926000,2.77E-05
2926100,2.53E-05
2926200,2.74E-05
2926300,1.93E-05
2926400,2.18E-05
2926500,9.38E-06
2926600,3.82E-05
2926700,1.98E-05
2926801,4.95E-06
2926802,5.94E-06
2926803,2.13E-05
2926804,4.95E-06
2926805,4.95E-06
2926806,5.45E-06
2926900,2.08E-05
2927000,2.67E-05
2927101,6.43E-06
2927102,4.45E-06
2927103,8.89E-06
2927200,6.43E-06
2927300,2.48E-05
2927400,1.48E-05
2927500,1.14E-05
2927600,1.24E-05
2927700,1.04E-05
2927800,2.03E-05
2927900,1.04E-05
2928000,1.39E-05
2928100,1.04E-05
2928200,1.34E-05
2928300,1.53E-05
2928400,1.29E-05
2928500,2.23E-05
2928600,1.63E-05
2928700,1.34E-05
2928800,2.58E-05
2928900,1.29E-05
2929000,5.94E-06
2929100,9.87E-06
2929200,1.34E-05
2929300,1.63E-05
2929400,1.04E-05
2929500,6.43E-06
2929600,2.48E-05
2929700,2.13E-05
2929800,2.08E-05
2929900,1.48E-05
2930000,6.43E-06
2930100,0.000132653
2930200,2.87E-05
2930300,0
2930400,9.87E-07
2930500,5.45E-06
2930600,2.27E-05
2930700,1.88E-05
2930800,8.89E-06
2930900,1.09E-05
2931000,1.88E-05
2931100,2.08E-05
2931200,0
2931300,4.95E-07
2931400,0
2931500,4.95E-06
2931600,9.87E-07
2931700,9.87E-07
2931800,0.000133146
2931900,1.98E-06
2932000,1.98E-06
2932100,1.48E-06
2932200,4.95E-07
2932300,0.000144549
2932400,2.27E-05
2932500,0
2932600,4.95E-07
2932700,0
2932800,0
2932900,0
2933000,0
2933100,2.23E-05
2933201,1.44E-05
2933202,1.09E-05
2933203,3.47E-06
2933204,2.48E-06
2933300,1.68E-05
2933400,2.43E-05
2933500,1.29E-05
2933600,1.93E-05
2933700,1.53E-05
2933800,1.93E-05
2933900,3.22E-05
2934000,2.43E-05
2934100,2.08E-05
2934200,1.74E-05
2934300,9.38E-06
2934400,9.38E-06
2934500,1.04E-05
2934600,2.08E-05
2934700,1.79E-05
2934800,4.82E-05
2934900,2.08E-05
2935000,1.88E-05
2935100,1.58E-05
2935200,2.37E-05
2935300,1.19E-05
2935400,2.32E-05
2935500,2.87E-05
2935600,2.97E-05
2935700,2.27E-05
2935801,7.91E-06
2935802,7.91E-06
2935900,1.44E-05
2936000,2.18E-05
2936100,0
2936200,1.34E-05
2936300,2.32E-05
2936400,2.77E-05
2936501,1.44E-05
2936502,1.39E-05
2936503,5.94E-06
2936600,7.91E-06
2936700,1.83E-05
2936800,2.67E-05
2936900,2.23E-05
2937000,2.23E-05
2937100,1.79E-05
2937201,1.04E-05
2937202,1.09E-05
2937203,7.42E-06
2937300,1.14E-05
2937401,1.29E-05
2937402,8.89E-06
2937403,4.95E-06
2937500,1.79E-05
2937600,1.19E-05
2937700,3.91E-05
2937800,2.53E-05
2937900,1.93E-05
2938000,2.03E-05
2938100,1.09E-05
2938200,1.88E-05
2938300,1.39E-05
2938400,9.87E-06
2938500,4.95E-06
2938600,1.24E-05
2938700,2.32E-05
2938800,2.08E-05
2938900,1.34E-05
2939000,1.24E-05
2939100,1.29E-05
2939200,1.39E-05
2939300,1.58E-05
2939401,5.45E-06
2939402,1.04E-05
2939501,3.46E-05
2939502,2.77E-05
2939600,1.79E-05
2939700,2.03E-05
2939800,1.48E-05
2939900,8.40E-06
2940001,4.37E-05
2940002,2.64E-05
2940101,2.53E-05
2940102,2.72E-05
2940201,6.93E-06
2940202,2.23E-05
2940301,2.82E-05
2940302,1.74E-05
2940400,1.53E-05
2940500,1.68E-05
2940601,7.42E-06
2940602,7.42E-06
2940603,1.48E-05
2940604,5.45E-06
2940700,6.93E-06
2940800,7.91E-06
2940900,2.74E-05
2941001,2.58E-05
2941002,9.87E-07
2941100,2.67E-05
2941200,7.42E-06
2941300,2.72E-05
2941400,2.58E-05
2941500,2.60E-05
2941600,1.09E-05
2941701,1.44E-05
2941702,2.97E-06
2941800,2.37E-05
2941900,1.74E-05
2942000,1.48E-05
2942100,1.83E-05
2942201,1.48E-06
2942202,6.93E-06
2942301,8.89E-06
2942302,1.29E-05
2942400,1.09E-05
2942500,3.42E-05
2942600,2.27E-05
2942700,3.17E-05
2942801,2.48E-06
2942802,4.45E-06
2942900,2.08E-05
2943000,5.82E-05
2943101,1.88E-05
2943102,6.93E-06
2943201,1.48E-06
2943202,1.29E-05
2943300,5.45E-06
2943400,4.95E-06
2943500,6.93E-06
2943600,2.97E-06
2943700,0.000198269
2943800,9.38E-06
2943900,9.87E-06
2944000,3.97E-05
2944100,4.07E-05
2944200,1.88E-05
2944300,9.87E-06
2944400,0
2944500,1.24E-05
2944600,4.04E-05
2944700,4.95E-07
2944800,2.18E-05
2944900,2.08E-05
2945000,9.87E-07
2945100,3.47E-06
2945200,3.47E-06
2945300,0
2945400,1.34E-05
2945500,6.93E-06
2945600,7.42E-06
2945700,1.19E-05
2945800,1.44E-05
2945900,9.87E-06
2946000,2.87E-05
2946100,2.32E-05
2946200,9.87E-06
2946300,3.47E-06
2946400,9.87E-06
2946500,1.83E-05
2946600,1.83E-05
2946700,1.93E-05
2946800,2.18E-05
2946900,2.08E-05
2947000,2.27E-05
2947100,1.98E-05
2947200,2.18E-05
2947300,1.88E-05
2947400,1.19E-05
2947500,1.24E-05
2947600,5.94E-06
2947700,1.98E-05
2947800,1.24E-05
2947900,1.24E-05
2948000,1.34E-05
2948100,7.42E-06
2948200,2.08E-05
2948300,1.58E-05
2948400,4.45E-06
2948500,3.47E-06
2948600,5.45E-06
2948700,5.45E-06
2948800,4.95E-06
2948900,1.48E-05
2949000,8.89E-06
2949100,1.24E-05
2949200,7.91E-06
2949300,1.09E-05
2949400,1.88E-05
2949500,4.95E-06
2949600,1.34E-05
2949700,9.38E-06
2949800,4.32E-05
2949900,1.53E-05
2950000,2.32E-05
2950100,1.29E-05
2950200,1.53E-05
2950300,1.88E-05
2950400,1.53E-05
2950500,1.63E-05
2950600,1.98E-05
2950700,1.58E-05
2950800,1.53E-05
2950900,1.63E-05
2951000,1.29E-05
2951100,1.19E-05
2951200,1.58E-05
2951300,8.40E-06
2951400,1.79E-05
2951500,1.68E-05
2951600,4.47E-05
2951700,1.79E-05
2951801,1.48E-05
2951802,0
2951900,1.14E-05
2952001,7.91E-06
2952002,4.45E-06
2952003,9.87E-06
2952100,6.93E-06
2952200,8.40E-06
2952300,1.88E-05
2952400,2.53E-05
2952500,9.87E-06
2952600,2.59E-05
2952700,3.56E-05
2952800,1.04E-05
2952900,2.67E-05
2953000,9.87E-06
2953100,1.14E-05
2953200,5.45E-06
2953300,2.48E-06
2953400,1.88E-05
2953500,2.62E-05
2953600,9.38E-06
2953700,7.91E-06
2953800,1.83E-05
2953900,1.83E-05
2954000,1.93E-05
2954101,4.45E-06
2954102,1.83E-05
2954201,2.13E-05
2954202,9.87E-07
2954300,1.74E-05
2954400,0
2954500,1.98E-06
2954600,6.73E-05
2954700,1.58E-05
2954802,1.04E-05
2954803,0
2954804,0
2954900,2.37E-05
2955000,2.13E-05
2955100,1.34E-05
2955200,2.03E-05
2955300,4.21E-05
2955400,1.68E-05
2955501,3.12E-05
2955502,5.15E-05
2955600,1.14E-05
2955700,8.40E-06
2955800,1.58E-05
2955901,5.45E-06
2955902,4.95E-06
2956000,7.91E-06
2956100,1.98E-05
2956200,2.32E-05
2956300,7.42E-06
2956400,2.48E-06
2956500,2.48E-06
2956600,1.48E-06
2956702,2.97E-06
2956703,7.91E-06
2956704,2.97E-06
2956800,9.38E-06
2956900,1.58E-05
2957000,9.87E-06
2957100,1.63E-05
2957200,6.43E-06
2957300,1.34E-05
2957400,1.79E-05
2957501,4.95E-06
2957502,4.45E-06
2957600,1.58E-05
2957700,4.95E-07
2957800,9.87E-07
2957900,3.47E-06
2958000,2.43E-05
2958100,1.93E-05
2958200,3.13E-05
2958300,1.19E-05
2958400,1.19E-05
2958500,1.58E-05
2958600,9.87E-06
2958700,1.34E-05
2958800,6.43E-06
2958900,2.03E-05
2959000,1.58E-05
2959100,1.19E-05
2959200,1.88E-05
2959300,8.89E-06
2959400,1.44E-05
2959500,1.48E-05
2959600,6.43E-06
2959701,1.83E-05
2959702,1.98E-06
2959800,1.79E-05
2959900,0.000169414
2960000,5.45E-06
2960100,3.24E-05
2960200,5.45E-06
2960300,2.48E-06
2960400,4.45E-06
2960500,2.95E-05
2960600,4.95E-06
2960700,6.43E-06
2960800,5.94E-06
2960900,4.95E-06
2961000,3.91E-05
2961101,2.13E-05
2961102,2.53E-05
2961103,4.45E-06
2961200,1.63E-05
2961300,3.22E-05
2961400,8.40E-06
2961500,2.48E-05
2961600,1.68E-05
2961700,1.19E-05
2961800,1.34E-05
2961900,7.42E-06
2962000,1.04E-05
2962100,4.95E-06
2962200,9.38E-06
2962300,9.38E-06
2962400,6.93E-06
2962500,1.09E-05
2962600,7.91E-06
2962700,1.29E-05
2962800,1.63E-05
2962900,2.43E-05
2963000,8.40E-06
2963100,1.04E-05
2963200,1.14E-05
2963300,9.87E-06
2963400,1.34E-05
2963500,0.000137108
2963600,3.96E-06
2963700,1.74E-05
2963800,1.04E-05
2963900,0
2964001,3.07E-05
2964002,2.32E-05
2964003,4.61E-05
2964100,2.13E-05
2964200,1.04E-05
2964300,1.14E-05
2964400,1.19E-05
2964500,8.89E-06
2964600,9.87E-06
2964700,7.42E-06
2964800,1.04E-05
2964900,9.87E-06
2965000,1.34E-05
2965100,1.34E-05
2965200,1.88E-05
2965300,1.93E-05
2965400,1.93E-05
2965500,1.19E-05
2965600,1.93E-05
2965700,2.13E-05
2965801,2.97E-05
2965803,2.92E-05
2965804,4.95E-06
2965805,7.42E-06
2965806,6.93E-06
2965807,5.94E-06
2965808,1.19E-05
2965809,2.97E-06
2965901,1.98E-06
2965902,1.48E-06
2965903,3.96E-06
2966000,7.91E-06
2966100,1.19E-05
2966200,4.95E-06
2966300,6.43E-06
2966400,1.39E-05
2966500,1.09E-05
2966603,3.71E-05
2966604,1.29E-05
2966606,7.91E-06
2966607,2.13E-05
2966608,2.62E-05
2966609,5.94E-06
2966610,7.91E-06
2966611,1.24E-05
2966612,5.94E-06
2966613,5.94E-06
2966700,1.29E-05
2966800,1.79E-05
2966900,1.63E-05
2967000,7.91E-06
2967100,6.43E-06
2967200,4.95E-07
2967300,2.97E-06
2967400,5.45E-06
2967500,1.93E-05
2967600,4.27E-05
2967700,3.47E-06
2967800,2.53E-05
2967900,2.97E-05
2968000,8.89E-06
2968100,1.09E-05
2968200,5.01E-05
2968300,1.88E-05
2968400,2.62E-05
2968500,1.53E-05
2968600,4.57E-05
2968700,2.27E-05
2968800,1.93E-05
2968900,8.89E-06
2969000,1.29E-05
2969100,2.67E-05
2969200,3.17E-05
2969300,2.23E-05
2969400,1.04E-05
2969500,2.72E-05
2969600,3.91E-05
2969701,1.48E-05
2969703,0
2969704,4.45E-06
2969800,1.98E-06
2969900,1.48E-05
2970000,3.56E-05
2970100,2.77E-05
2970200,1.04E-05
2970300,5.45E-05
2970401,3.47E-06
2970402,1.34E-05
2970500,3.22E-05
2970600,6.43E-06
2970700,6.43E-06
2970800,1.48E-05
2970900,1.24E-05
2971000,1.39E-05
2971100,1.83E-05
2971200,2.13E-05
2971300,1.93E-05
2971400,2.67E-05
2971500,2.27E-05
2971600,2.18E-05
2971700,1.29E-05
2971800,4.45E-06
2971900,4.45E-06
2972000,1.83E-05
2972100,3.17E-05
2972200,3.27E-05
2972301,3.07E-05
2972302,3.22E-05
2972400,3.07E-05
2972500,1.68E-05
2972600,0.000512178
2972700,1.24E-05
2972800,7.42E-06
2972900,1.68E-05
2973001,8.89E-06
2973002,1.29E-05
2973101,4.45E-06
2973102,8.40E-06
2973103,1.14E-05
2973104,1.24E-05
2973200,1.68E-05
2973300,8.40E-06
2973400,1.68E-05
2973500,1.09E-05
2973600,0.000150499
2973700,2.48E-05
2973801,2.58E-05
2973802,1.58E-05
2973900,3.27E-05
2974000,8.40E-06
2974100,4.45E-06
2974200,1.04E-05
2974300,6.43E-06
2974400,4.45E-06
2974500,1.24E-05
2974600,6.43E-06
2974701,1.63E-05
2974702,7.42E-06
2974800,2.97E-06
2974900,2.48E-06
2975000,8.89E-06
2975100,1.63E-05
2975200,1.09E-05
2975300,9.38E-06
2975400,1.39E-05
2975500,1.29E-05
2975600,3.58E-05
2975700,1.09E-05
2975800,2.23E-05
2975900,4.95E-07
2976000,1.48E-06
2976101,1.93E-05
2976102,6.43E-06
2976200,8.40E-06
2976301,2.72E-05
2976302,2.97E-06
2976401,9.87E-07
2976402,4.95E-06
2976403,5.45E-06
2976404,1.98E-06
2976405,7.91E-06
2976500,2.97E-06
2976600,2.13E-05
2976701,2.97E-06
2976702,1.48E-06
2976800,1.48E-05
2976900,1.98E-06
2977000,9.87E-07
2977100,1.48E-06
2977201,9.87E-07
2977202,3.47E-06
2977300,0
2977400,0
2977502,2.48E-06
2977503,1.14E-05
2977505,8.40E-06
2977506,9.87E-07
2977507,0
2977508,2.97E-06
2977600,2.23E-05
2977701,1.53E-05
2977702,1.48E-06
2977800,3.96E-06
2977900,6.73E-05
2978000,1.93E-05
2978100,4.06E-05
2978200,1.44E-05
2978300,3.47E-06
2978401,1.53E-05
2978402,1.48E-05
2978403,1.19E-05
2978500,2.08E-05
2978600,3.51E-05
2978700,3.02E-05
2978800,9.83E-05
2978900,2.58E-05
2979000,4.08E-05
2979100,8.40E-06
2979200,2.08E-05
2979300,6.43E-06
2979400,4.11E-05
2979500,4.11E-05
2979600,6.93E-06
2979701,1.98E-06
2979702,3.15E-05
2979801,1.98E-06
2979802,2.97E-05
2979900,8.40E-06
2980000,2.37E-05
2980100,6.54E-05
2980201,3.47E-05
2980202,9.87E-06
2980203,1.98E-06
2980302,1.09E-05
2980303,4.95E-07
2980304,9.87E-07
2980305,1.29E-05
2980402,4.45E-06
2980403,1.48E-05
2980404,1.04E-05
2980405,3.86E-05
2980406,9.87E-07
2980408,4.45E-06
2980409,1.83E-05
2980500,8.89E-06
2980602,4.01E-05
2980603,5.59E-05
2980604,0
2980700,9.62E-05
2980800,7.42E-06
2980900,4.95E-07
2981000,3.96E-06
2981100,9.87E-06
2981200,5.94E-06
2981300,1.04E-05
2981401,9.87E-07
2981402,9.87E-07
2981403,4.95E-07
2981500,9.87E-06
2981600,7.42E-06
2981700,3.49E-05
2981800,8.40E-06
2981901,8.89E-06
2981902,0
2982000,1.44E-05
2982101,1.24E-05
2982102,0
2982200,2.48E-06
2982300,6.93E-06
2982400,8.89E-06
2982500,3.96E-06
2982600,1.83E-05
2982700,2.08E-05
2982800,2.48E-05
2982900,3.47E-06
2983000,1.48E-06
2983100,4.95E-07
2983200,7.91E-06
2983300,2.48E-06
2983400,4.45E-06
2983500,9.87E-07
2983600,6.43E-06
2983700,1.98E-06
2983800,2.97E-06
2983900,2.48E-06
2984000,3.94E-05
2984100,1.48E-06
2984200,6.93E-06
2984300,6.93E-06
2984400,6.93E-06
2984500,9.87E-06
2984600,2.48E-06
2984700,1.14E-05
2984800,0.000503288
2984900,9.38E-06
2985000,1.19E-05
2985100,8.89E-06
2985200,9.87E-06
2985300,1.58E-05
2985400,1.44E-05
2985500,1.04E-05
2985600,1.63E-05
2985700,3.47E-06
2985801,6.93E-06
2985802,0
2985901,1.98E-06
2985903,3.96E-06
2985904,1.98E-06
2986001,6.43E-06
2986002,3.96E-06
2986101,3.47E-06
2986102,3.47E-06
2986200,3.29E-05
2986300,2.97E-06
2986400,1.24E-05
2986500,5.94E-06
2986600,1.04E-05
2986700,6.43E-06
2986801,1.48E-06
2986802,4.95E-07
2986803,4.95E-07
2986804,4.95E-07
2986805,4.95E-07
2986901,4.95E-07
2986902,8.89E-06
2987000,1.04E-05
2987100,7.42E-06
2987200,1.19E-05
2987300,9.38E-06
2987400,9.87E-07
2987501,1.74E-05
2987502,0
2987600,1.14E-05
2987700,7.42E-06
2987800,2.97E-06
2987900,4.95E-05
2988000,1.93E-05
2988100,3.86E-05
2988200,7.91E-06
2988300,8.24E-05
2988400,0.000669272
2988500,7.91E-06
2988600,0.00013414
2988700,6.43E-06
2988800,2.97E-06
2988900,1.98E-06
2989000,8.89E-06
2989100,1.53E-05
2989200,2.74E-05
2989300,1.53E-05
2989400,4.27E-05
2989500,2.37E-05
2989600,1.88E-05
2989700,1.19E-05
2989800,7.42E-06
2989900,2.48E-06
2990000,2.18E-05
2990100,9.38E-06
2990200,0.000506788
2990300,1.83E-05
2990400,2.53E-05
2990500,1.58E-05
2990600,1.44E-05
2990700,3.08E-05
2990800,7.91E-06
2990900,8.89E-06
2991000,1.48E-05
2991101,2.23E-05
2991102,4.45E-06
2991200,2.08E-05
2991300,1.19E-05
2991400,1.79E-05
2991500,1.79E-05
2991600,3.77E-05
2991700,5.45E-06
2991800,1.63E-05
2991900,2.77E-05
2992000,8.89E-06
2992100,1.48E-05
2992200,1.19E-05
2992300,2.37E-05
2992400,2.53E-05
2992500,1.48E-06
2992600,1.63E-05
2992700,1.19E-05
2992800,0
2992900,4.95E-06
2993000,1.79E-05
2993100,2.37E-05
2993200,1.19E-05
2993300,5.94E-06
2993400,4.95E-07
2993500,5.94E-06
2993600,2.49E-05
2993700,4.95E-07
2993800,4.95E-07
2993900,4.95E-07
2994000,1.19E-05
2994100,3.96E-06
2994200,9.38E-06
2994300,6.93E-06
2994400,1.09E-05
2994500,6.93E-06
2994600,1.68E-05
2994700,1.74E-05
2994800,1.44E-05
2994900,4.95E-06
2995000,1.04E-05
2995100,9.87E-06
2995200,1.98E-05
2995300,1.19E-05
2995400,0.000174874
2995500,1.79E-05
2995600,1.24E-05
2995700,1.74E-05
2995800,8.40E-06
2995900,2.43E-05
2996000,1.48E-05
2996100,9.87E-06
2996200,1.14E-05
2996300,4.45E-06
2996400,1.34E-05
2996500,9.87E-07
2996600,1.14E-05
2996700,9.87E-06
2996800,5.94E-06
2996900,5.45E-06
2997000,0
2997100,3.96E-06
2997200,1.48E-05
2997300,0.000116821
2997400,7.42E-06
2997500,7.91E-06
2997600,8.40E-06
2997701,2.88E-05
2997702,2.48E-06
2997800,8.40E-06
2997901,6.43E-06
2997902,3.47E-06
2998000,7.42E-06
2998100,1.98E-06
2998200,9.19E-05
2998300,5.94E-06
2998400,1.98E-06
2998500,3.33E-05
2998600,3.47E-06
2998700,3.05E-05
2998800,1.53E-05
2998900,4.95E-06
2999000,1.48E-06
2999101,0
2999102,6.43E-06
2999200,3.38E-05
2999300,0.000189799
2999400,9.00E-05
2999500,1.14E-05
2999600,9.87E-07
2999701,8.45E-05
2999702,0
2999801,4.95E-07
2999802,0
2999901,0
2999902,4.95E-07
3000000,0.000113344
3000100,6.43E-06
3000200,8.35E-05
3000300,4.45E-06
3000400,3.47E-06
3000500,4.45E-06
3000600,8.60E-05
3000700,4.95E-07
3000800,3.84E-05
3000900,1.88E-05
3001000,4.95E-07
3001100,1.04E-05
3001200,1.58E-05
3001300,5.45E-06
3001400,3.97E-05
3001500,9.87E-06
3001600,9.87E-06
3001700,2.48E-06
3001800,6.43E-06
3001900,1.09E-05
3002001,3.03E-05
3002002,7.42E-06
3002100,1.44E-05
3002201,4.95E-07
3002202,6.43E-06
3002203,1.74E-05
3002300,2.27E-05
3002400,1.39E-05
3002500,1.58E-05
3002600,4.95E-06
3002700,2.48E-06
3002800,1.29E-05
3002900,1.53E-05
3003000,3.47E-06
3003100,6.43E-06
3003200,3.47E-06
3003300,1.29E-05
3003401,1.04E-05
3003402,7.42E-06
3003501,4.95E-06
3003502,2.97E-06
3003503,4.95E-07
3003601,8.89E-06
3003602,1.98E-06
3003603,9.87E-07
3003700,6.43E-06
3003800,7.42E-06
3003900,3.47E-06
3004001,9.87E-06
3004002,0
3004101,1.04E-05
3004102,3.96E-06
3004200,6.43E-06
3004300,3.47E-06
3004401,4.95E-06
3004402,1.48E-06
3004403,0
3004500,7.91E-06
3004600,1.14E-05
3004701,0
3004702,6.93E-06
3004800,0.000144059
3004900,1.19E-05
3005000,7.42E-06
3005101,0
3005102,1.19E-05
3005200,8.40E-06
3005300,5.47E-05
3005400,6.93E-06
3005500,4.95E-07
3005600,1.24E-05
3005700,0
3005800,3.96E-06
3005900,4.95E-07
3006000,6.43E-06
3006100,5.94E-06
3006200,1.58E-05
3006300,3.28E-05
3006400,8.89E-06
3006500,0
3006601,0
3006602,9.87E-07
3006700,1.48E-06
3006800,3.96E-06
3006900,4.95E-07
3007000,3.96E-06
3007100,1.53E-05
3007200,1.98E-06
3007300,2.85E-05
3007401,1.48E-06
3007402,0
3007500,2.97E-06
3007600,3.47E-06
3007700,6.93E-06
3007800,5.94E-06
3007900,8.89E-06
3008000,8.89E-06
3008100,7.42E-06
3008201,9.87E-06
3008202,0
3008300,2.48E-06
3008400,9.87E-07
3008500,3.47E-06
3008600,9.87E-07
3008700,2.85E-05
3008800,5.45E-06
3008900,6.93E-06
3009000,1.04E-05
3009100,8.40E-06
3009200,2.48E-06
3009300,6.93E-06
3009400,2.13E-05
3009500,8.40E-06
3009600,9.38E-06
3009700,3.18E-05
3009800,7.86E-05
3009900,1.24E-05
3010000,8.40E-06
3010100,3.05E-05
3010200,6.43E-06
3010300,4.95E-07
3010400,1.39E-05
3010500,5.72E-05
3010600,5.67E-05
3010700,1.48E-05
3010800,6.86E-05
3010900,3.71E-05
3011000,4.95E-06
3011100,1.63E-05
3011201,2.48E-06
3011202,0.000135127
3011203,0
3011300,3.96E-06
3011400,2.97E-06
3011500,4.45E-06
3011601,6.43E-06
3011602,0
3011700,2.97E-06
3011800,7.42E-06
3011900,5.45E-06
3012000,6.93E-06
3012100,1.14E-05
3012200,6.43E-06
3012300,7.42E-06
3012400,3.10E-05
3012500,5.45E-06
3012600,4.95E-07
3012700,1.04E-05
3012800,7.91E-06
3012900,1.48E-06
3013000,3.19E-05
3013100,6.93E-06
3013200,9.87E-07
3013300,5.94E-06
3013400,9.87E-07
3013500,2.83E-05
3013600,3.52E-05
3013700,0
3013800,4.95E-07
3013900,2.48E-05
3014000,8.89E-06
3014100,2.27E-05
3014200,3.96E-06
3014300,3.38E-05
3014400,1.83E-05
3014500,4.45E-06
3014600,8.40E-06
3014700,1.79E-05
3014800,7.23E-05
3014900,3.54E-05
3015000,6.93E-06
3015100,3.76E-05
3015200,4.45E-06
3015300,9.87E-07
3015400,2.48E-06
3015500,2.48E-06
3015600,3.47E-06
3015700,3.96E-06
3015800,2.48E-06
3015900,7.91E-06
3016000,4.88E-05
3016100,2.97E-06
3016200,1.48E-06
3016300,1.48E-06
3016400,3.47E-06
3016500,4.95E-07
3016600,4.95E-07
3016701,4.95E-06
3016702,1.48E-06
3016800,3.96E-06
3016900,2.97E-06
3017000,2.48E-06
3017100,3.96E-06
3017200,9.87E-07
3017300,4.95E-06
3017400,9.87E-07
3017500,5.45E-06
3017600,9.87E-06
3017700,5.94E-06
3017800,3.96E-06
3017900,3.47E-06
3018000,2.48E-06
3018100,4.95E-06
3018200,3.47E-06
3018300,8.40E-06
3018400,6.43E-06
3018500,0.000139579
3018600,3.47E-06
3018700,1.24E-05
3018800,4.48E-05
3018900,1.48E-05
3019000,1.83E-05
3019100,7.42E-06
3019200,0.000562958
3019300,1.79E-05
3019400,3.13E-05
3019500,2.88E-05
3019600,7.42E-06
3019700,4.95E-06
3019800,1.19E-05
3019900,5.72E-05
3020000,3.47E-06
3020100,9.87E-07
3020200,5.94E-06
3020300,7.26E-05
3020400,3.89E-05
3020500,1.98E-06
3020600,4.45E-06
3020700,8.40E-06
3020800,9.38E-06
3020900,1.24E-05
3021000,5.45E-06
3021100,0
3021201,4.95E-07
3021202,3.61E-05
3021300,9.38E-06
3021400,5.89E-05
3021500,1.98E-05
3021603,7.42E-06
3021604,1.14E-05
3021605,9.38E-06
3021606,0
3021607,7.91E-06
3021608,9.38E-06
3021609,6.93E-06
3021610,7.91E-06
3021700,4.80E-05
3021800,3.37E-05
3021900,4.95E-06
3022000,0
3022100,1.09E-05
3022201,1.83E-05
3022202,1.48E-06
3022300,1.48E-06
3022400,1.93E-05
3022500,1.44E-05
3022600,1.93E-05
3022700,3.96E-06
3022800,3.73E-05
3022901,0
3022902,0
3023001,1.48E-06
3023002,6.93E-06
3023100,0.000197779
3023201,1.58E-05
3023202,1.14E-05
3023203,9.87E-06
3023300,0.000505248
3023401,1.53E-05
3023403,2.43E-05
3023404,1.09E-05
3023501,8.40E-06
3023502,8.40E-06
3023503,1.98E-06
3023504,4.45E-06
3023505,6.43E-06
3023506,5.45E-06
3023507,2.48E-06
3023508,6.43E-06
3023509,2.97E-06
3023510,2.97E-06
3023511,2.70E-05
3023600,3.13E-05
3023700,5.76E-05
3023800,2.03E-05
3023900,5.94E-06
3024000,4.52E-05
3024100,3.96E-06
3024200,4.95E-07
3024300,9.87E-07
3024400,1.39E-05
3024500,0
3024601,1.48E-05
3024602,1.83E-05
3024603,1.29E-05
3024701,3.17E-05
3024702,2.37E-05
3024703,1.34E-05
3024800,9.87E-06
3024901,1.53E-05
3024902,0.000527088
3025000,2.18E-05
3025100,6.81E-05
3025200,9.38E-06
3025300,4.27E-05
3025400,5.87E-05
3025500,3.32E-05
3025600,3.66E-05
3025700,4.45E-06
3025800,3.38E-05
3025900,2.03E-05
3026000,2.87E-05
3026100,3.96E-05
3026200,2.82E-05
3026300,4.17E-05
3026400,3.07E-05
3026500,4.42E-05
3026600,1.48E-05
3026700,1.58E-05
3026800,3.02E-05
3026900,4.45E-06
3027000,4.47E-05
3027100,2.97E-05
3027200,1.88E-05
3027300,2.93E-05
3027400,0.000415129
3027500,0.000249077
3027600,0.000264897
3027700,0.000399684
3027801,0
3027802,0.000250064
3027900,5.45E-06
3028002,1.48E-06
3028003,3.38E-05
3028004,4.45E-06
3028005,0.000141539
3028006,3.03E-05
3028007,7.91E-06
3028008,2.77E-05
3028009,1.09E-05
3028010,1.29E-05
3028011,1.19E-05
3028012,3.07E-05
3028013,0
3028100,6.88E-05
3028200,8.89E-06
3028300,0
3028400,4.95E-07
3028500,1.48E-06
3028600,3.79E-05
3028700,1.98E-06
3028800,1.63E-05
3028900,2.48E-06
3029000,5.94E-06
3029100,6.43E-06
3029200,3.42E-05
3029302,4.35E-05
3029303,3.08E-05
3029304,7.19E-05
3029305,3.56E-05
3029400,3.61E-05
3029500,1.29E-05
3029600,1.29E-05
3029700,1.88E-05
3029800,1.83E-05
3029900,1.34E-05
3030000,1.39E-05
3030102,4.47E-05
3030103,1.53E-05
3030104,2.48E-05
3030105,4.27E-05
3030106,1.58E-05
3030201,6.99E-05
3030202,2.82E-05
3030300,3.47E-06
3030400,0.000133643
3030500,3.96E-06
3030600,0
3030700,0
3030800,0
3030903,6.81E-05
3030904,5.45E-06
3030905,8.89E-06
3030906,2.13E-05
3030908,4.12E-05
3030909,2.62E-05
3030910,1.24E-05
3030911,1.58E-05
3030912,1.93E-05
3030913,5.56E-05
3030914,1.04E-05
3030915,1.63E-05
3030916,9.87E-06
3030917,1.04E-05
3030918,1.14E-05
3030919,7.42E-06
3030920,2.48E-06
3030921,2.97E-06
3030922,9.38E-06
3031001,6.20E-05
3031002,1.79E-05
3031100,7.91E-05
3031200,4.95E-07
3031301,4.51E-05
3031304,1.98E-05
3031306,1.48E-05
3031307,0
3031308,1.09E-05
3031309,7.91E-06
3031310,6.93E-06
3031311,7.42E-06
3031312,8.89E-06
3031313,9.87E-06
3031314,9.87E-06
3031401,4.71E-05
3031403,1.48E-06
3031404,2.32E-05
3031405,3.56E-05
3031406,3.56E-05
3031501,2.13E-05
3031504,0.000136121
3031505,2.65E-05
3031506,3.28E-05
3031507,8.40E-06
3031508,7.91E-06
3031509,3.33E-05
3031510,3.08E-05
3031511,4.45E-06
3031600,0
3031700,0
3031800,3.76E-05
3031900,5.94E-06
3032001,2.82E-05
3032002,0
3032100,4.95E-07
3032200,4.95E-07
3032300,3.27E-05
3032401,6.15E-05
3032402,9.87E-07
3032403,3.33E-05
3032404,2.98E-05
3032405,3.97E-05
3032502,1.14E-05
3032503,1.44E-05
3032504,3.32E-05
3032600,2.78E-05
3032701,5.52E-05
3032702,4.95E-06
3032800,0.000122892
3032900,0.000158522
3033000,3.23E-05
3033100,8.40E-05
3033201,8.90E-05
3033203,1.29E-05
3033204,6.11E-05
3033205,2.48E-05
3033301,8.90E-05
3033302,4.87E-05
3033400,2.59E-05
3033500,4.95E-07
3033600,0.000183394
3033700,2.54E-05
3033800,3.47E-06
3033900,7.40E-05
3034000,0.000102316
3034100,7.65E-05
3034201,2.97E-06
3034202,2.54E-05
3034300,3.28E-05
3034401,5.62E-05
3034402,7.91E-06
3034500,7.21E-05
3034600,5.72E-05
3034700,4.32E-05
3034800,3.61E-05
3034901,1.93E-05
3034902,4.95E-06
3034903,4.45E-06
3034904,3.96E-06
3034905,2.48E-06
3034906,2.93E-05
3034907,2.64E-05
3034908,3.23E-05
3035003,1.88E-05
3035005,2.67E-05
3035006,4.32E-05
3035007,1.68E-05
3035008,2.13E-05
3035009,1.19E-05
3035105,1.19E-05
3035106,1.63E-05
3035107,3.23E-05
3035108,2.08E-05
3035109,1.04E-05
3035110,1.58E-05
3035111,1.09E-05
3035112,1.88E-05
3035113,7.40E-05
3035201,3.96E-06
3035202,4.95E-06
3035203,5.45E-06
3035204,5.94E-06
3035205,5.94E-06
3035206,2.88E-05
3035301,8.40E-06
3035302,1.04E-05
3035303,8.40E-06
3035304,1.74E-05
3035305,7.91E-06
3035401,4.95E-06
3035402,3.33E-05
3035403,6.93E-06
3035404,8.89E-06
3035500,4.22E-05
3035600,3.97E-05
3035701,2.48E-06
3035702,4.95E-06
3035800,8.15E-05
3035900,2.97E-06
3036000,0.000185872
3036100,0.000139237
3036206,3.58E-05
3036207,0
3036208,8.40E-06
3036211,1.48E-05
3036212,1.79E-05
3036214,2.58E-05
3036215,2.74E-05
3036216,1.48E-06
3036217,1.48E-06
3036218,2.53E-05
3036219,1.04E-05
3036220,7.47E-05
3036222,1.29E-05
3036223,1.09E-05
3036224,1.14E-05
3036225,9.38E-06
3036226,7.42E-06
3036227,8.40E-06
3036228,0.000509238
3036229,9.38E-06
3036230,1.09E-05
3036231,9.87E-07
3036232,2.37E-05
3036233,1.68E-05
3036234,2.48E-06
3036235,1.29E-05
3036236,1.58E-05
3036237,6.93E-06
3036238,1.04E-05
3036239,5.45E-06
3036240,4.95E-06
3036241,3.47E-06
3036300,0.000122771
3036400,4.45E-06
3036500,2.27E-05
3036602,7.10E-05
3036603,4.95E-07
3036604,0.000522231
3036605,1.83E-05
3036606,1.14E-05
3036701,4.45E-06
3036702,0
3036703,4.45E-06
3036704,0.000199739
3036705,3.47E-06
3036802,0
3036805,0.000171779
3036807,6.43E-06
3036808,2.03E-05
3036809,1.19E-05
3036810,9.87E-07
3036811,9.38E-06
3036812,6.93E-06
3036813,3.47E-06
3036814,4.22E-05
3036815,2.72E-05
3036816,5.45E-06
3036817,2.55E-05
3036818,6.93E-06
3036819,3.96E-06
3036820,6.43E-06
3036821,2.69E-05
3036900,2.53E-05
3037000,5.94E-06
3037101,6.43E-06
3037102,3.48E-05
3037103,3.08E-05
3037200,8.89E-06
3037300,1.58E-05
3037400,1.98E-05
3037500,4.95E-06
3037600,9.87E-06
3037700,1.98E-05
3037800,1.34E-05
3037900,9.87E-06
3038000,2.87E-05
3038103,1.98E-06
3038104,2.92E-05
3038105,5.94E-06
3038106,2.08E-05
3038107,6.46E-05
3038108,9.38E-06
3038109,3.47E-06
3038110,1.44E-05
3038111,2.23E-05
3038112,9.87E-06
3038113,9.87E-06
3038114,1.04E-05
3038202,0.000137108
3038208,0
3038209,5.90E-05
3038211,5.16E-05
3038213,0.000199584
3038214,8.31E-05
3038215,7.05E-05
3038216,1.68E-05
3038217,1.29E-05
3038218,7.00E-05
3038219,4.95E-07
3038220,3.23E-05
3038221,1.29E-05
3038223,0.000171779
3038225,5.42E-05
3038226,0
3038227,3.82E-05
3038228,1.14E-05
3038229,9.38E-06
3038230,9.87E-06
3038231,1.48E-06
3038232,6.69E-05
3038233,5.45E-06
3038234,2.82E-05
3038235,9.87E-07
3038236,9.38E-06
3038237,1.24E-05
3038238,1.29E-05
3038239,4.45E-06
3038240,1.48E-06
3038241,5.94E-06
3038242,0
3038243,6.43E-06
3038244,1.04E-05
3038303,2.18E-05
3038304,1.39E-05
3038305,2.55E-05
3038306,3.37E-05
3038308,8.12E-05
3038309,1.53E-05
3038310,3.12E-05
3038311,4.01E-05
3038400,0.000249077
3038500,9.87E-07
3038600,1.48E-06
3038701,0.000166547
3038702,0
3038800,3.47E-06
3038901,8.40E-06
3038903,9.87E-06
3038904,2.78E-05
3038905,4.45E-06
3038906,7.42E-06
3038907,3.96E-06
3039000,8.89E-06
3039100,5.45E-06
3039200,8.50E-05
3039300,4.95E-07
3039402,3.17E-05
3039404,4.95E-07
3039405,0
3039406,3.96E-06
3039502,9.44E-05
3039504,4.95E-07
3039508,3.82E-05
3039511,2.37E-05
3039512,8.40E-06
3039514,6.78E-05
3039515,0
3039516,0
3039517,0.000194262
3039518,4.06E-05
3039519,1.93E-05
3039521,4.92E-05
3039522,2.48E-05
3039523,3.51E-05
3039524,4.01E-05
3039525,1.29E-05
3039526,1.04E-05
3039527,6.43E-06
3039528,1.39E-05
3039529,1.19E-05
3039530,6.93E-06
3039531,6.43E-06
3039532,7.91E-06
3039533,1.39E-05
3039534,3.68E-05
3039535,9.87E-06
3039536,3.33E-05
3039601,9.38E-06
3039602,0.000266298
3039703,2.43E-05
3039704,2.87E-05
3039705,0
3039708,2.67E-05
3039709,8.40E-06
3039710,4.17E-05
3039711,4.39E-05
3039712,6.93E-06
3039713,2.87E-05
3039714,2.23E-05
3039715,2.18E-05
3039716,2.03E-05
3039718,1.39E-05
3039719,1.29E-05
3039720,2.32E-05
3039721,2.27E-05
3039722,1.34E-05
3039723,2.67E-05
3039724,7.42E-06
3039725,2.77E-05
3039726,9.87E-06
3039727,1.24E-05
3039804,2.95E-05
3039805,1.29E-05
3039806,1.24E-05
3039807,1.09E-05
3039808,3.87E-05
3039809,0
3039810,1.48E-06
3039811,7.91E-06
3039812,9.38E-06
3039813,6.93E-06
3039814,8.89E-06
3039815,1.34E-05
3039816,4.95E-06
3039817,1.04E-05
3039818,6.43E-06
3039819,1.39E-05
3039820,4.45E-06
3039821,1.04E-05
3039900,2.53E-05
3040001,0
3040002,2.58E-05
3040101,0.000181159
3040104,3.94E-05
3040105,1.53E-05
3040106,2.13E-05
3040107,1.24E-05
3040109,1.29E-05
3040110,2.72E-05
3040111,9.38E-06
3040112,4.95E-06
3040113,1.53E-05
3040114,7.42E-06
3040115,6.43E-06
3040116,9.87E-06
3040117,1.14E-05
3040200,0
3040300,0
3040401,1.48E-06
3040402,0
3040500,0
3040602,5.94E-06
3040603,0
3040604,9.87E-07
3040700,5.87E-05
3040800,3.23E-05
3040900,3.96E-06
3041001,0.000249077
3041002,0.000332103
3041003,8.35E-05
3041101,1.98E-06
3041102,0.000249077
3041200,5.94E-06
3041300,8.40E-06
3041400,2.48E-06
3041500,8.40E-06
3041600,1.34E-05
3041700,7.91E-06
3041800,8.89E-06
3041901,4.95E-07
3041902,0
3042000,2.48E-06
3042100,0
3042200,0
3042300,0
3042400,0
3042500,8.35E-05
3042600,4.95E-06
3042700,4.95E-07
3042800,3.96E-06
3042900,9.87E-07
3043000,1.98E-06
3043100,3.47E-06
3043200,0.000173979
3043300,2.93E-05
3043400,2.97E-06
3043500,1.98E-06
3043600,3.47E-06
3043700,9.87E-07
3043800,0
3043900,1.48E-06
3044000,6.93E-06
3044100,1.39E-05
3044200,3.23E-05
3044300,1.93E-05
3044400,1.04E-05
3044500,1.48E-05
3044601,8.89E-06
3044602,0
3044700,6.93E-06
3044801,3.49E-05
3044802,3.47E-06
3044900,9.38E-06
3045001,1.98E-06
3045002,5.94E-06
3045100,8.89E-06
3045200,6.93E-06
3045300,0
3045400,0
3045500,1.48E-06
3045600,5.45E-06
3045700,1.04E-05
3045800,1.04E-05
3045900,0
3046001,9.87E-07
3046002,3.47E-06
3046100,1.19E-05
3046200,0
3046300,4.95E-06
3046400,1.98E-06
3046500,4.95E-06
3046600,2.48E-06
3046700,4.95E-06
3046800,2.97E-06
3046901,5.45E-06
3046902,3.23E-05
3047000,4.45E-06
3047100,5.45E-06
3047200,7.91E-06
3047300,7.42E-06
3047401,5.94E-06
3047402,4.95E-07
3047403,4.95E-07
3047500,3.96E-06
3047600,1.29E-05
3047700,3.47E-06
3047801,1.48E-06
3047802,8.40E-06
3047900,9.87E-07
3048000,1.48E-06
3048100,1.48E-06
3048201,6.43E-06
3048202,1.48E-06
3048300,9.38E-06
3048400,1.98E-06
3048500,9.87E-07
3048600,2.97E-06
3048700,8.40E-06
3048800,1.98E-06
3048900,5.45E-06
3049000,5.45E-06
3049100,0.000160147
3049200,1.48E-06
3049300,3.47E-06
3049400,5.94E-06
3049500,1.19E-05
3049600,1.09E-05
3049701,3.96E-06
3049702,1.48E-06
3049800,7.42E-06
3049900,2.27E-05
3050000,1.63E-05
3050100,2.27E-05
3050200,5.45E-06
3050300,1.14E-05
3050400,0.000164599
3050500,9.87E-06
3050600,6.43E-06
3050700,1.98E-06
3050800,8.89E-06
3050900,7.42E-06
3051000,1.14E-05
3051100,1.14E-05
3051200,8.89E-06
3051300,6.93E-06
3051400,5.94E-06
3051501,1.39E-05
3051502,5.45E-06
3051601,1.04E-05
3051602,4.45E-06
3051701,7.42E-06
3051702,9.87E-07
3051703,1.48E-06
3051704,4.95E-07
3051800,1.14E-05
3051900,3.47E-06
3052001,2.97E-06
3052002,8.40E-06
3052100,1.68E-05
3052200,1.74E-05
3052300,2.97E-06
3052401,3.39E-05
3052402,1.34E-05
3052403,2.48E-06
3052404,5.94E-06
3052405,1.98E-06
3052500,2.27E-05
3052600,5.94E-06
3052700,6.93E-06
3052800,1.34E-05
3052900,1.34E-05
3053000,7.91E-06
3053100,1.14E-05
3053200,7.42E-06
3053300,7.42E-06
3053400,1.14E-05
3053500,6.43E-06
3053601,3.96E-06
3053602,0
3053701,1.09E-05
3053702,0
3053800,3.96E-06
3053900,6.43E-06
3054000,8.40E-06
3054100,4.95E-06
3054200,4.95E-06
3054301,1.98E-06
3054302,3.47E-06
3054401,4.95E-07
3054402,1.04E-05
3054500,3.47E-06
3054601,1.19E-05
3054602,0
3054700,6.93E-06
3054800,1.19E-05
3054900,1.24E-05
3055000,9.87E-06
3055100,2.97E-06
3055200,5.45E-06
3055300,4.95E-06
3055400,5.45E-06
3055500,4.45E-06
3055600,9.87E-07
3055700,2.23E-05
3055800,2.62E-05
3055900,1.93E-05
3056000,1.93E-05
3056100,3.13E-05
3056200,1.53E-05
3056300,5.94E-06
3056400,7.91E-06
3056500,0
3056600,2.67E-05
3056700,1.09E-05
3056800,6.93E-06
3056900,5.45E-06
3057000,4.37E-05
3057100,0.000503288
3057200,4.45E-06
3057300,8.89E-06
3057400,4.45E-06
3057500,2.48E-06
3057600,0
3057700,1.34E-05
3057800,3.68E-05
3057900,1.83E-05
3058000,1.34E-05
3058100,1.63E-05
3058200,1.63E-05
3058300,1.74E-05
3058400,8.89E-06
3058500,6.43E-06
3058600,1.39E-05
3058700,1.34E-05
3058800,1.88E-05
3058900,1.24E-05
3059000,1.93E-05
3059100,1.63E-05
3059200,1.74E-05
3059300,1.53E-05
3059400,1.34E-05
3059500,1.14E-05
3059600,9.38E-06
3059700,1.63E-05
3059800,1.19E-05
3059900,5.45E-06
3060000,2.37E-05
3060100,1.53E-05
3060200,1.98E-05
3060300,1.24E-05
3060400,1.79E-05
3060500,6.93E-06
3060600,1.48E-05
3060700,1.53E-05
3060800,4.95E-07
3060900,0
3061000,9.87E-07
3061100,0
3061200,0
3061300,0
3061400,0
3061500,0
3061600,7.42E-06
3061700,1.68E-05
3061800,9.38E-06
3061900,1.04E-05
3062000,8.89E-06
3062100,2.08E-05
3062200,1.68E-05
3062300,9.38E-06
3062400,9.87E-06
3062500,8.40E-06
3062600,9.87E-06
3062700,2.88E-05
3062800,2.98E-05
3062900,0.000157528
3063000,0
3063100,1.19E-05
3063200,2.48E-05
3063300,1.04E-05
3063400,1.58E-05
3063500,1.04E-05
3063600,1.79E-05
3063700,1.14E-05
3063800,3.96E-06
3063900,8.40E-06
3064000,2.48E-06
3064100,0
3064200,0
3064300,4.95E-07
3064400,9.87E-07
3064500,1.39E-05
3064600,9.87E-06
3064700,6.43E-06
3064800,6.93E-06
3064900,1.29E-05
3065000,4.95E-07
3065100,7.91E-06
3065200,3.38E-05
3065300,1.39E-05
3065400,9.38E-06
3065500,1.34E-05
3065600,1.29E-05
3065700,6.93E-06
3065800,1.48E-06
3065900,1.48E-05
3066000,1.74E-05
3066100,1.04E-05
3066200,2.32E-05
3066300,1.63E-05
3066400,1.09E-05
3066500,9.87E-06
3066600,1.39E-05
3066700,7.42E-06
3066800,9.38E-06
3066900,1.98E-05
3067000,9.38E-06
3067100,4.45E-06
3067200,5.45E-06
3067300,4.95E-07
3067400,8.89E-06
3067500,2.48E-06
3067600,3.47E-06
3067700,7.91E-06
3067800,8.40E-06
3067900,7.91E-06
3068000,1.98E-06
3068100,5.94E-06
3068200,4.95E-07
3068300,6.43E-06
3068400,1.14E-05
3068500,1.63E-05
3068600,6.43E-06
3068700,5.45E-06
3068800,6.93E-06
3068900,2.97E-06
3069000,4.95E-07
3069100,4.95E-06
3069200,3.47E-06
3069300,8.89E-06
3069400,2.48E-06
3069500,1.68E-05
3069600,7.42E-06
3069700,1.19E-05
3069800,1.09E-05
3069900,8.40E-06
3070000,0
3070100,2.18E-05
3070200,4.45E-06
3070300,4.45E-06
3070400,1.83E-05
3070500,9.87E-06
3070600,1.53E-05
3070700,5.45E-06
3070800,3.96E-06
3070901,6.93E-06
3070902,9.87E-07
3071000,5.45E-06
3071100,1.39E-05
3071200,8.40E-06
3071300,1.74E-05
3071400,8.40E-06
3071500,3.29E-05
3071600,4.95E-07
3071700,9.38E-06
3071800,5.45E-06
3071900,8.40E-06
3072000,6.93E-06
3072100,5.45E-06
3072200,4.45E-06
3072300,1.44E-05
3072400,5.94E-06
3072500,7.91E-06
3072600,1.98E-06
3072700,4.95E-06
3072800,4.95E-06
3072901,9.87E-07
3072902,9.87E-07
3073000,1.04E-05
3073100,8.40E-06
3073200,2.97E-06
3073300,7.42E-06
3073400,7.42E-06
3073500,1.98E-06
3073600,1.19E-05
3073700,7.42E-06
3073800,5.45E-06
3073900,1.48E-06
3074000,3.47E-06
3074100,1.39E-05
3074200,2.74E-05
3074300,1.04E-05
3074400,1.09E-05
3074500,5.45E-06
3074600,1.68E-05
3074702,7.42E-06
3074703,3.34E-05
3074704,5.45E-06
3074801,2.23E-05
3074802,7.42E-06
3074900,7.42E-06
3075000,1.68E-05
3075100,1.53E-05
3075200,7.42E-06
3075300,1.53E-05
3075400,5.94E-06
3075500,3.43E-05
3075600,1.98E-06
3075700,6.43E-06
3075800,9.38E-06
3075900,1.98E-06
3076000,5.45E-06
3076100,1.48E-06
3076200,2.97E-06
3076300,4.95E-07
3076400,1.48E-05
3076500,1.34E-05
3076600,9.38E-06
3076700,1.63E-05
3076800,8.89E-06
3076900,1.24E-05
3077000,5.45E-06
3077100,3.96E-06
3077200,2.13E-05
3077300,1.04E-05
3077400,1.14E-05
3077500,1.19E-05
3077600,9.87E-06
3077701,6.43E-06
3077702,3.96E-06
3077800,9.87E-06
3077900,1.04E-05
3078000,9.87E-06
3078100,1.24E-05
3078200,8.40E-06
3078300,5.45E-06
3078400,1.04E-05
3078500,8.40E-06
3078600,5.94E-06
3078700,5.94E-06
3078800,1.48E-05
3078900,4.45E-06
3079000,5.32E-05
3079100,5.45E-06
3079200,7.42E-06
3079300,5.45E-06
3079401,6.37E-05
3079402,4.95E-07
3079500,8.40E-06
3079602,5.94E-06
3079603,1.98E-06
3079604,2.48E-06
3079700,0
3079800,3.47E-06
3079901,4.95E-07
3079902,4.95E-07
3080001,4.95E-07
3080002,2.97E-05
3080102,1.44E-05
3080103,1.48E-06
3080104,3.32E-05
3080105,0
3080106,4.95E-07
3080200,2.32E-05
3080300,0
3080402,2.48E-06
3080403,0
3080404,2.48E-06
3080500,5.45E-06
3080600,4.95E-06
3080700,1.98E-06
3080800,1.04E-05
3080900,0
3081000,9.87E-06
3081100,1.14E-05
3081200,1.44E-05
3081300,4.95E-06
3081400,1.48E-05
3081500,3.63E-05
3081600,6.93E-06
3081701,1.53E-05
3081702,9.87E-07
3081800,4.45E-06
3081900,4.48E-05
3082000,6.93E-06
3082100,2.97E-06
3082200,1.93E-05
3082300,4.45E-06
3082400,2.67E-05
3082500,3.96E-06
3082600,1.34E-05
3082700,2.48E-06
3082801,5.45E-06
3082802,5.45E-06
3082900,0
3083000,3.32E-05
3083101,1.24E-05
3083102,2.08E-05
3083201,2.48E-05
3083202,8.40E-06
3083203,1.04E-05
3083300,2.77E-05
3083401,1.14E-05
3083402,4.78E-05
3083403,2.32E-05
3083501,9.87E-07
3083502,1.88E-05
3083600,4.95E-07
3083701,5.00E-05
3083702,1.04E-05
3083703,6.93E-06
3083801,3.96E-06
3083802,4.95E-06
3083901,3.96E-06
3083902,2.48E-05
3084001,9.87E-07
3084002,3.82E-05
3084100,1.09E-05
3084201,1.48E-06
3084202,2.92E-05
3084300,1.29E-05
3084400,1.63E-05
3084501,0
3084502,7.42E-06
3084601,0
3084602,4.37E-05
3084700,1.88E-05
3084800,2.72E-05
3084900,1.44E-05
3085000,1.39E-05
3085100,1.39E-05
3085200,3.96E-06
3085300,2.64E-05
3085400,4.95E-07
3085500,7.91E-06
3085600,2.43E-05
3085700,2.03E-05
3085800,1.74E-05
3085900,2.43E-05
3086000,3.56E-05
3086100,4.21E-05
3086200,1.48E-06
3086300,5.45E-06
3086400,1.68E-05
3086500,4.32E-05
3086600,9.87E-07
3086700,4.95E-06
3086800,1.83E-05
3086900,1.48E-05
3087000,1.83E-05
3087100,2.49E-05
3087201,4.95E-07
3087202,2.48E-06
3087301,0
3087302,5.45E-06
3087400,6.93E-06
3087501,1.48E-06
3087503,3.29E-05
3087504,3.96E-06
3087600,3.96E-06
3087700,1.53E-05
3087802,9.87E-07
3087803,1.48E-06
3087804,4.95E-06
3087900,4.45E-06
3088000,7.42E-06
3088100,1.19E-05
3088200,4.95E-06
3088300,4.95E-06
3088400,2.97E-06
3088501,1.48E-06
3088502,1.98E-06
3088600,3.39E-05
3088700,7.91E-06
3088800,6.43E-06
3088900,3.47E-06
3089000,3.47E-06
3089100,7.91E-06
3089200,8.89E-06
3089300,5.94E-06
3089400,8.40E-06
3089500,5.94E-06
3089600,6.43E-06
3089700,3.47E-06
3089800,3.96E-06
3089900,2.97E-06
3090000,1.04E-05
3090100,9.87E-06
3090200,6.93E-06
3090300,1.34E-05
3090400,2.13E-05
3090500,1.98E-05
3090600,9.38E-06
3090700,1.48E-05
3090800,1.09E-05
3090900,5.94E-06
3091000,0.000505738
3091100,6.69E-05
3091201,4.07E-05
3091202,1.04E-05
3091301,9.87E-06
3091302,6.43E-06
3091400,7.42E-06
3091500,2.72E-05
3091600,2.08E-05
3091701,2.97E-06
3091702,1.39E-05
3091801,9.38E-06
3091802,1.09E-05
3091900,1.83E-05
3092000,9.87E-06
3092100,1.09E-05
3092200,7.42E-06
3092300,5.94E-06
3092401,1.48E-05
3092402,6.43E-06
3092500,1.63E-05
3092600,1.48E-06
3092700,1.29E-05
3092800,5.94E-06
3092901,1.09E-05
3092902,8.89E-06
3092903,7.91E-06
3092904,1.44E-05
3093000,1.79E-05
3093100,3.96E-06
3093200,2.97E-06
3093300,1.09E-05
3093400,5.45E-06
3093500,2.48E-06
3093600,6.93E-06
3093700,2.64E-05
3093800,3.96E-06
3093900,7.91E-06
3094000,3.47E-06
3094100,3.47E-06
3094200,3.96E-06
3094300,5.45E-06
3094400,1.09E-05
3094500,7.91E-06
3094600,4.95E-06
3094700,7.42E-06
3094800,8.89E-06
3094900,6.43E-06
3095000,3.47E-06
3095100,0
3095200,8.89E-06
3095300,4.95E-06
3095400,2.48E-06
3095500,7.42E-06
3095600,4.99E-05
3095700,2.97E-06
3095800,2.97E-06
3095900,4.95E-06
3096000,4.95E-07
3096100,1.48E-06
3096200,0.000143079
3096300,1.48E-06
3096400,1.98E-06
3096500,2.48E-06
3096600,5.94E-06
3096701,1.29E-05
3096702,0
3096800,3.96E-06
3096900,7.91E-06
3097000,4.45E-06
3097100,6.93E-06
3097200,5.94E-06
3097300,5.45E-06
3097400,1.98E-06
3097500,4.95E-06
3097600,4.45E-06
3097702,0
3097703,2.88E-05
3097704,0
3097801,2.48E-06
3097803,0
3097804,0
3097901,3.00E-05
3097902,4.95E-07
3098001,4.45E-06
3098002,0
3098102,0
3098103,5.94E-06
3098104,0
3098200,9.87E-06
3098300,4.95E-06
3098400,1.58E-05
3098500,1.24E-05
3098600,8.89E-06
3098700,3.33E-05
3098800,1.09E-05
3098900,1.14E-05
3099000,9.87E-07
3099100,1.53E-05
3099200,1.48E-05
3099300,2.67E-05
3099400,2.18E-05
3099500,5.45E-06
3099600,3.02E-05
3099701,7.42E-06
3099702,3.08E-05
3099703,1.34E-05
3099704,8.40E-06
3099705,1.09E-05
3099706,1.19E-05
3099707,7.42E-06
3099708,4.95E-06
3099709,4.95E-06
3099800,5.45E-06
3099900,0
3100000,1.53E-05
3100100,2.37E-05
3100200,1.63E-05
3100300,1.63E-05
3100400,4.95E-07
3100500,4.31E-05
3100600,2.53E-05
3100700,2.13E-05
3100800,1.68E-05
3100900,2.97E-06
3101000,1.79E-05
3101100,1.14E-05
3101200,8.89E-06
3101300,1.79E-05
3101400,2.27E-05
3101500,9.38E-06
3101600,2.03E-05
3101700,1.74E-05
3101800,1.39E-05
3101900,1.53E-05
3102000,1.34E-05
3102100,1.79E-05
3102200,1.39E-05
3102300,1.58E-05
3102400,1.68E-05
3102500,1.88E-05
3102600,1.34E-05
3102700,2.97E-06
3102800,1.19E-05
3102900,2.13E-05
3103000,2.23E-05
3103100,1.63E-05
3103201,2.18E-05
3103202,2.58E-05
3103203,1.58E-05
3103300,8.89E-06
3103400,7.18E-05
3103500,2.37E-05
3103600,1.24E-05
3103700,8.92E-05
3103800,1.98E-06
3103900,1.14E-05
3104000,0
3104100,0
3104200,4.95E-07
3104300,0.000495868
3104400,0
3104500,0
3104600,0
3104700,0
3104800,3.47E-06
3104900,0
3105000,4.95E-07
3105100,1.24E-05
3105200,4.95E-07
3105300,0
3105400,4.95E-07
3105500,4.95E-07
3105600,9.87E-07
3105700,0
3105800,0
3105900,0
3106000,9.87E-07
3106100,2.44E-05
3106200,2.48E-06
3106300,1.29E-05
3106400,9.87E-07
3106500,0
3106600,4.45E-06
3106700,1.48E-06
3106800,0
3106900,9.87E-07
3107000,0.000162477
3107100,3.82E-05
3107200,1.09E-05
3107300,9.29E-05
3107400,7.42E-06
3107500,1.98E-06
3107600,9.87E-07
3107700,0
3107800,4.95E-07
3107900,0
3108000,1.98E-06
3108100,9.87E-07
3108200,4.95E-07
3108300,2.39E-05
3108400,0.000132159
3108500,9.87E-07
3108600,5.45E-06
3108700,0
3108800,1.48E-06
3108900,0
3109000,3.47E-06
3109100,4.95E-07
3109200,4.95E-07
3109300,5.72E-05
3109400,0
3109500,0
3109600,2.74E-05
3109700,2.97E-06
3109800,1.68E-05
3109900,7.42E-06
3110000,7.42E-06
3110100,1.63E-05
3110200,2.08E-05
3110300,1.14E-05
3110400,1.98E-06
3110500,9.38E-06
3110600,4.95E-07
3110700,1.24E-05
3110800,2.48E-06
3110900,1.24E-05
3111000,1.98E-06
3111100,1.39E-05
3111200,1.34E-05
3111300,1.09E-05
3111400,1.14E-05
3111500,1.79E-05
3111600,8.89E-06
3111700,1.48E-05
3111800,1.04E-05
3111900,9.87E-06
3112000,1.44E-05
3112100,1.29E-05
3112200,1.34E-05
3112300,8.40E-06
3112400,1.24E-05
3112500,1.29E-05
3112600,1.48E-05
3112700,1.09E-05
3112800,1.09E-05
3112900,1.24E-05
3113000,8.40E-06
3113100,8.40E-06
3113200,1.29E-05
3113300,8.89E-06
3113400,4.95E-06
3113500,1.44E-05
3113600,1.29E-05
3113700,1.24E-05
3113800,9.87E-06
3113900,9.87E-06
3114000,1.53E-05
3114100,7.42E-06
3114200,1.24E-05
3114300,1.29E-05
3114400,1.29E-05
3114500,1.04E-05
3114600,1.63E-05
3114700,2.13E-05
3114800,2.27E-05
3114900,0
3115000,6.43E-06
3115100,6.93E-06
3115200,1.09E-05
3115300,9.38E-06
3115400,0
3115500,2.97E-06
3115600,6.43E-06
3115700,9.38E-06
3115800,2.69E-05
3115900,1.04E-05
3116000,0
3116100,0
3116200,1.88E-05
3116300,1.14E-05
3116400,2.18E-05
3116500,4.87E-05
3116600,1.44E-05
3116700,1.44E-05
3116800,1.04E-05
3116900,1.39E-05
3117000,7.38E-05
3117100,4.95E-07
3117200,3.58E-05
3117300,0
3117400,1.79E-05
3117500,1.63E-05
3117600,1.48E-05
3117700,1.74E-05
3117800,1.88E-05
3117900,1.74E-05
3118000,1.09E-05
3118100,1.83E-05
3118200,9.87E-06
3118300,1.14E-05
3118400,1.44E-05
3118500,1.74E-05
3118600,1.53E-05
3118700,1.53E-05
3118800,1.39E-05
3118900,1.14E-05
3119000,5.94E-06
3119100,3.23E-05
3119200,4.95E-07
3119300,0
3119400,2.23E-05
3119501,9.38E-06
3119502,7.42E-06
3119503,1.04E-05
3119601,4.45E-06
3119602,7.91E-06
3119700,1.53E-05
3119800,1.68E-05
3119900,1.29E-05
3120000,1.53E-05
3120100,2.03E-05
3120200,0
3120300,5.49E-05
3120400,4.45E-06
3120500,7.42E-06
3120600,2.48E-05
3120700,1.24E-05
3120800,1.48E-05
3120900,7.91E-06
3121000,1.68E-05
3121100,2.48E-05
3121200,1.24E-05
3121300,1.74E-05
3121400,0
3121500,9.38E-06
3121600,1.04E-05
3121700,1.34E-05
3121800,1.48E-05
3121900,5.94E-06
3122000,1.53E-05
3122100,1.74E-05
3122200,2.18E-05
3122300,0
3122400,2.32E-05
3122500,1.14E-05
3122600,1.83E-05
3122700,2.43E-05
3122800,1.83E-05
3122900,1.14E-05
3123000,1.04E-05
3123100,1.04E-05
3123200,2.82E-05
3123300,1.34E-05
3123400,3.96E-06
3123500,2.13E-05
3123600,2.72E-05
3123700,2.62E-05
3123800,2.27E-05
3123900,1.48E-05
3124000,2.27E-05
3124100,8.89E-06
3124200,8.40E-06
3124300,1.14E-05
3124400,1.19E-05
3124500,1.48E-05
3124600,1.04E-05
3124700,1.14E-05
3124800,1.58E-05
3124900,8.40E-06
3125000,1.63E-05
3125100,1.63E-05
3125200,1.58E-05
3125300,1.19E-05
3125400,5.94E-06
3125500,9.87E-06
3125600,1.34E-05
3125700,1.29E-05
3125800,1.09E-05
3125900,1.09E-05
3126000,1.29E-05
3126100,1.09E-05
3126200,1.04E-05
3126300,5.94E-06
3126400,1.14E-05
3126500,2.13E-05
3126600,1.58E-05
3126700,1.29E-05
3126800,1.34E-05
3126900,7.91E-06
3127000,8.40E-06
3127100,4.45E-06
3127200,1.98E-06
3127300,1.58E-05
3127400,1.58E-05
3127500,1.24E-05
3127600,7.91E-06
3127700,1.44E-05
3127800,1.29E-05
3127900,2.08E-05
3128000,1.48E-05
3128100,9.38E-06
3128200,1.34E-05
3128300,8.40E-06
3128400,1.24E-05
3128500,1.04E-05
3128600,9.87E-06
3128700,9.38E-06
3128800,9.87E-06
3128900,1.39E-05
3129000,8.89E-06
3129100,1.48E-06
3129200,1.09E-05
3129300,9.38E-06
3129400,8.89E-06
3129500,8.89E-06
3129600,1.04E-05
3129700,1.39E-05
3129800,1.44E-05
3129900,1.04E-05
3130000,1.34E-05
3130100,2.08E-05
3130200,1.19E-05
3130300,1.29E-05
3130400,9.87E-06
3130500,7.42E-06
3130600,1.14E-05
3130700,1.58E-05
3130800,2.97E-06
3130900,1.09E-05
3131000,7.42E-06
3131100,1.39E-05
3131200,7.91E-06
3131300,1.48E-05
3131400,5.94E-06
3131500,1.44E-05
3131600,6.93E-06
3131700,1.04E-05
3131800,9.38E-06
3131900,9.87E-06
3132000,7.91E-06
3132100,8.40E-06
3132200,1.88E-05
3132300,1.19E-05
3132400,1.44E-05
3132500,1.19E-05
3132600,4.42E-05
3132700,9.87E-06
3132800,8.40E-06
3132900,9.87E-07
3133000,8.40E-06
3133100,1.09E-05
3133200,3.77E-05
3133300,1.39E-05
3133400,4.07E-05
3133500,2.37E-05
3133600,9.87E-06
3133700,1.68E-05
3133800,2.08E-05
3133900,1.74E-05
3134000,2.13E-05
3134100,1.14E-05
3134200,1.83E-05
3134300,1.39E-05
3134400,3.47E-06
3134500,5.94E-06
3134600,2.43E-05
3134700,3.92E-05
3134800,3.63E-05
3134900,7.91E-06
3135000,3.43E-05
3135100,3.43E-05
3135200,1.29E-05
3135300,6.93E-06
3135400,1.19E-05
3135500,1.44E-05
3135600,1.44E-05
3135700,0
3135800,1.19E-05
3135900,1.04E-05
3136000,1.29E-05
3136100,1.63E-05
3136200,1.44E-05
3136300,1.53E-05
3136400,1.48E-05
3136500,5.76E-05
3136600,5.94E-06
3136700,1.44E-05
3136800,1.14E-05
3136900,1.48E-05
3137000,1.19E-05
3137100,1.44E-05
3137200,4.12E-05
3137300,3.97E-05
3137400,6.21E-05
3137500,1.79E-05
3137600,0
3137700,1.58E-05
3137800,1.44E-05
3137900,1.19E-05
3138000,1.63E-05
3138100,1.44E-05
3138200,4.95E-06
3138300,7.42E-06
3138400,8.40E-06
3138500,1.09E-05
3138600,8.40E-06
3138700,4.45E-06
3138801,4.95E-07
3138802,3.37E-05
3138901,8.89E-06
3138902,1.98E-06
3139000,8.89E-06
3139100,2.77E-05
3139200,0
3139300,2.37E-05
3139400,1.44E-05
3139500,0
3139600,8.40E-06
3139700,9.87E-06
3139800,9.87E-06
3139900,8.89E-06
3140000,1.04E-05
3140100,5.94E-06
3140200,5.94E-06
3140300,1.29E-05
3140400,6.43E-06
3140500,9.38E-06
3140600,2.08E-05
3140700,1.79E-05
3140800,2.27E-05
3140900,7.91E-06
3141000,1.98E-05
3141100,2.37E-05
3141200,2.03E-05
3141300,1.44E-05
3141400,7.91E-06
3141500,2.58E-05
3141601,1.19E-05
3141602,1.58E-05
3141700,1.88E-05
3141800,1.83E-05
3141901,2.97E-06
3141902,1.48E-06
3141903,4.45E-06
3142000,4.95E-07
3142100,4.45E-06
3142200,9.87E-06
3142300,0
3142400,0
3142500,9.87E-06
3142600,1.34E-05
3142700,8.40E-06
3142800,7.91E-06
3142900,7.42E-06
3143000,1.44E-05
3143100,8.89E-06
3143200,1.04E-05
3143300,9.38E-06
3143400,6.93E-06
3143500,1.14E-05
3143600,1.29E-05
3143700,9.38E-06
3143800,9.38E-06
3143900,9.87E-06
3144000,7.42E-06
3144100,8.89E-06
3144200,1.44E-05
3144300,1.53E-05
3144400,1.19E-05
3144500,1.74E-05
3144600,5.94E-06
3144700,8.89E-06
3144800,1.39E-05
3144900,1.19E-05
3145000,1.19E-05
3145100,9.38E-06
3145200,8.40E-06
3145300,7.91E-06
3145400,1.14E-05
3145500,2.48E-05
3145600,1.34E-05
3145700,1.48E-05
3145800,9.38E-06
3145900,1.68E-05
3146000,2.08E-05
3146100,1.44E-05
3146200,1.14E-05
3146300,1.19E-05
3146400,9.38E-06
3146500,9.87E-07
3146600,4.51E-05
3146700,2.62E-05
3146800,2.62E-05
3146900,2.37E-05
3147000,9.38E-06
3147100,1.39E-05
3147200,2.82E-05
3147300,1.39E-05
3147400,2.58E-05
3147501,6.09E-05
3147502,3.37E-05
3147600,2.87E-05
3147700,1.39E-05
3147800,9.38E-06
3147900,1.04E-05
3148000,1.48E-05
3148100,9.87E-06
3148200,1.19E-05
3148300,2.08E-05
3148400,1.88E-05
3148500,1.48E-05
3148600,2.03E-05
3148700,2.18E-05
3148800,1.74E-05
3148900,1.83E-05
3149000,1.04E-05
3149100,1.04E-05
3149200,9.38E-06
3149300,1.29E-05
3149400,9.87E-06
3149500,1.14E-05
3149600,2.23E-05
3149700,2.77E-05
3149800,1.79E-05
3149900,2.53E-05
3150000,1.48E-05
3150101,4.40E-05
3150102,2.37E-05
3150200,1.58E-05
3150300,2.48E-05
3150401,2.03E-05
3150402,4.45E-06
3150500,1.63E-05
3150600,2.03E-05
3150700,2.58E-05
3150800,1.79E-05
3150900,2.03E-05
3151000,9.87E-06
3151101,9.87E-06
3151102,4.45E-06
3151103,1.24E-05
3151104,1.04E-05
3151200,1.39E-05
3151300,0
3151400,1.68E-05
3151501,2.67E-05
3151502,2.18E-05
3151600,1.14E-05
3151700,1.24E-05
3151800,1.74E-05
3151900,1.63E-05
3152000,1.98E-05
3152100,2.08E-05
3152200,1.29E-05
3152301,1.48E-05
3152302,1.74E-05
3152400,2.58E-05
3152500,1.48E-06
3152600,2.92E-05
3152700,1.68E-05
3152800,9.87E-06
3152900,7.91E-06
3153000,2.23E-05
3153100,1.04E-05
3153200,7.91E-06
3153300,2.13E-05
3153401,5.94E-06
3153402,7.91E-06
3153403,1.63E-05
3153404,5.45E-06
3153501,9.87E-07
3153502,1.98E-06
3153503,1.48E-06
3153600,2.43E-05
3153700,9.87E-06
3153800,7.91E-06
3153900,1.48E-06
3154000,3.47E-06
3154100,0
3154201,8.30E-05
3154202,0.000748716
3154203,4.95E-07
3154204,0
3154205,0
3154300,1.48E-06
3154400,1.39E-05
3154500,1.24E-05
3154600,1.39E-05
3154700,6.93E-06
3154800,3.96E-06
3154901,8.40E-06
3154902,0
3155001,0
3155002,0
3155003,0
3155004,0.000996805
3155005,0
3155006,0
3155101,0
3155102,0
3155200,3.53E-05
3155300,6.43E-06
3155400,8.89E-06
3155500,6.43E-06
3155600,6.43E-06
3155700,6.43E-06
3155800,4.95E-06
3155900,1.14E-05
3156000,1.83E-05
3156100,0
3156200,3.03E-05
3156300,1.48E-06
3156400,4.95E-06
3156500,2.69E-05
3156600,2.44E-05
3156700,0.000159509
3156800,6.93E-06
3156900,9.87E-07
3157000,5.45E-06
3157100,0
3157200,1.58E-05
3157300,1.04E-05
3157400,4.95E-06
3157500,3.96E-06
3157600,8.89E-06
3157700,6.93E-06
3157800,1.34E-05
3157900,7.91E-06
3158000,1.98E-06
3158100,5.45E-06
3158200,4.95E-06
3158300,4.95E-06
3158400,1.19E-05
3158500,1.48E-05
3158600,1.93E-05
3158700,6.43E-06
3158800,3.96E-06
3158900,6.43E-06
3159000,2.97E-06
3159100,5.45E-06
3159200,1.04E-05
3159300,1.24E-05
3159400,8.40E-06
3159500,5.45E-06
3159601,3.47E-06
3159602,0
3159701,0
3159702,0
3159800,0
3159901,8.40E-06
3159902,2.44E-05
3160000,4.95E-07
3160101,3.49E-05
3160102,0
3160200,7.91E-06
3160300,3.47E-06
3160400,7.91E-06
3160500,1.98E-06
3160600,2.97E-06
3160700,5.94E-06
3160800,6.43E-06
3160900,1.68E-05
3161000,7.42E-06
3161100,6.93E-06
3161200,3.97E-05
3161301,0
3161302,2.23E-05
3161400,2.08E-05
3161500,9.38E-06
3161600,2.43E-05
3161700,5.45E-06
3161801,4.45E-06
3161802,4.95E-06
3161901,6.43E-06
3161902,1.14E-05
3162000,1.93E-05
3162100,8.89E-06
3162200,9.38E-06
3162301,1.68E-05
3162302,2.48E-06
3162400,7.91E-06
3162500,9.87E-06
3162601,5.94E-06
3162602,0
3162700,1.39E-05
3162800,5.94E-06
3162900,9.87E-06
3163000,9.38E-06
3163100,4.95E-06
3163200,4.95E-06
3163300,8.89E-06
3163400,1.09E-05
3163500,3.96E-06
3163600,9.38E-06
3163700,4.95E-06
3163800,7.42E-06
3163900,1.14E-05
3164000,5.45E-06
3164100,4.45E-06
3164200,8.89E-06
3164300,1.14E-05
3164400,7.42E-06
3164500,1.19E-05
3164600,1.29E-05
3164700,9.87E-07
3164801,1.98E-06
3164802,9.87E-07
3164803,3.96E-06
3164900,6.43E-06
3165000,5.45E-06
3165100,8.89E-06
3165200,5.94E-06
3165300,2.97E-06
3165400,3.96E-06
3165500,4.95E-06
3165600,1.24E-05
3165700,1.34E-05
3165800,9.38E-06
3165900,9.87E-06
3166000,7.42E-06
3166100,1.19E-05
3166200,1.19E-05
3166300,1.29E-05
3166401,0
3166402,4.95E-07
3166501,0
3166502,0
3166503,0
3166600,0
3166704,0
3166705,0
3166706,0.000830258
3166708,0
3166709,0
3166710,0
3166711,0
3166800,1.98E-06
3166900,4.45E-06
3167000,6.26E-05
3167100,5.17E-05
3167200,3.47E-06
3167300,6.11E-05
3167400,2.74E-05
3167500,4.95E-07
3167601,1.19E-05
3167602,0
3167603,2.49E-05
3167604,3.47E-06
3167700,3.56E-05
3167800,2.13E-05
3167900,7.91E-06
3168000,1.04E-05
3168100,1.68E-05
3168200,2.48E-06
3168300,9.87E-07
3168400,0
3168500,2.54E-05
3168600,3.03E-05
3168700,3.18E-05
3168800,2.97E-06
3168901,2.58E-05
3168902,1.09E-05
3168903,8.89E-06
3168904,1.58E-05
3168905,8.89E-06
3169000,6.93E-06
3169100,1.83E-05
3169200,0.00024401
3169300,0.000124873
3169400,8.55E-05
3169500,0
3169600,0.000499333
3169702,8.30E-05
3169703,0
3169704,0.000498155
3169705,8.30E-05
3169800,0.000830258
3169900,0
3170000,8.30E-05
3170101,2.97E-06
3170102,0
3170201,0.000166547
3170202,3.96E-06
3170300,0.000171001
3170400,8.89E-06
3170500,9.87E-06
3170600,6.43E-06
3170700,2.48E-06
3170800,6.57E-05
3170900,3.58E-05
3171000,2.48E-06
3171100,7.42E-06
3171201,8.40E-06
3171203,3.47E-06
3171204,4.95E-06
3171205,9.87E-07
3171300,1.48E-06
3171400,2.48E-06
3171500,4.45E-06
3171600,7.91E-06
3171700,5.94E-06
3171800,0.000249077
3171900,0
3172000,9.15E-05
3172100,7.91E-06
3172200,5.67E-05
3172300,1.79E-05
3172400,8.26E-05
3172500,1.09E-05
3172600,3.68E-05
3172700,1.93E-05
3172802,1.98E-06
3172803,9.87E-07
3172804,8.90E-05
3172900,8.70E-05
3173000,8.30E-05
3173100,0
3173200,0.000332103
3173302,8.30E-05
3173303,0
3173304,0.000249572
3173401,9.87E-07
3173403,0.000250064
3173404,0
3173501,7.44E-05
3173502,4.66E-05
3173503,1.04E-05
3173504,0.000501314
3173600,3.47E-06
3173700,0
3173800,0
3173900,0
3174000,0.000249077
3174100,0.000628346
3174200,0.000250561
3174300,0.000415624
3174400,8.30E-05
3174500,0.000167039
3174600,0.000166547
3174700,0
3174800,0
3174900,1.58E-05
3175000,0.000499639
3175100,4.95E-07
3175200,0
3175300,0
3175400,0
3175500,0
3175600,0
3175701,0
3175702,0
3175801,0.000166052
3175802,0
3175803,0
3175900,8.30E-05
3176000,0
3176100,1.48E-06
3176200,7.91E-06
3176300,3.48E-05
3176400,8.40E-06
3176500,1.09E-05
3176600,4.95E-06
3176700,7.91E-06
3176800,1.63E-05
3176900,4.88E-05
3177000,2.97E-06
3177100,1.29E-05
3177200,6.43E-06
3177300,2.48E-06
3177400,4.45E-06
3177500,1.34E-05
3177601,1.14E-05
3177602,2.97E-06
3177700,1.24E-05
3177800,6.93E-06
3177900,4.45E-06
3178000,7.16E-05
3178100,1.29E-05
3178200,4.45E-06
3178300,7.42E-06
3178400,3.96E-06
3178500,1.98E-06
3178600,1.39E-05
3178700,1.58E-05
3178800,3.19E-05
3178900,9.38E-06
3179000,1.09E-05
3179100,6.43E-06
3179200,7.91E-06
3179300,1.44E-05
3179400,7.91E-06
3179500,8.40E-06
3179600,2.97E-06
3179700,4.45E-06
3179800,5.94E-06
3179900,0.000139089
3180000,3.96E-06
3180100,3.47E-06
3180200,4.95E-06
3180300,1.09E-05
3180400,1.98E-06
3180500,2.48E-06
3180600,5.94E-06
3180700,5.45E-06
3180800,4.45E-06
3180900,9.87E-06
3181000,7.42E-06
3181100,1.98E-06
3181200,6.93E-06
3181300,4.45E-06
3181400,0
3181500,2.48E-06
3181600,9.87E-07
3181700,9.87E-07
3181800,8.30E-05
3181900,8.45E-05
3182000,9.87E-06
3182100,4.45E-06
3182200,7.91E-06
3182300,3.56E-05
3182400,4.95E-07
3182500,2.90E-05
3182600,2.48E-06
3182700,7.91E-06
3182800,1.14E-05
3182901,5.45E-06
3182902,4.95E-06
3183001,5.45E-06
3183002,6.93E-06
3183100,5.45E-06
3183200,8.40E-06
3183300,1.58E-05
3183400,3.00E-05
3183500,1.09E-05
3183600,1.24E-05
3183700,4.95E-06
3183800,1.14E-05
3183901,0
3183902,0
3183903,1.48E-06
3184000,0
3184101,0.000332103
3184102,0
3184201,0
3184202,0
3184203,8.30E-05
3184204,0
3184301,0.000166052
3184302,0
3184400,0.000166052
3184500,0
3184601,9.38E-06
3184602,3.47E-06
3184700,6.43E-06
3184800,1.98E-06
3184900,5.45E-06
3185000,2.48E-06
3185100,1.24E-05
3185200,8.40E-06
3185300,2.97E-06
3185400,4.45E-06
3185500,3.96E-06
3185600,8.40E-06
3185701,0
3185702,2.48E-06
3185703,5.94E-06
3185800,3.96E-06
3185900,2.75E-05
3186000,0
3186100,2.97E-06
3186201,1.48E-06
3186202,1.98E-06
3186301,2.48E-06
3186302,1.48E-06
3186400,3.96E-06
3186500,7.42E-06
3186600,5.94E-06
3186701,1.24E-05
3186702,0
3186800,1.24E-05
3186900,1.48E-06
3187000,2.48E-06
3187100,9.87E-07
3187200,8.35E-05
3187300,8.80E-05
3187400,4.45E-06
3187500,2.97E-06
3187600,0.000508748
3187700,5.94E-06
3187801,3.66E-05
3187802,1.34E-05
3187902,1.98E-06
3187903,3.73E-05
3187904,1.63E-05
3188000,0.000142029
3188100,7.91E-06
3188200,3.96E-06
3188300,2.97E-06
3188400,4.45E-06
3188500,9.87E-07
3188600,1.98E-06
3188700,8.40E-06
3188800,3.47E-06
3188900,3.96E-06
3189000,3.96E-06
3189100,4.95E-06
3189200,2.97E-06
3189300,9.87E-07
3189400,9.87E-07
3189500,2.97E-06
3189600,4.95E-06
3189700,1.83E-05
3189800,1.88E-05
3189900,1.29E-05
3190000,4.96E-05
3190100,1.74E-05
3190201,1.29E-05
3190202,3.97E-05
3190300,1.24E-05
3190400,1.98E-06
3190500,1.19E-05
3190600,0.000134637
3190700,1.09E-05
3190800,5.02E-05
3190900,1.98E-06
3191000,4.95E-07
3191100,2.48E-06
3191200,1.98E-06
3191300,2.27E-05
3191400,0
3191500,0
3191600,0.000166547
3191701,4.45E-06
3191702,0.000166052
3191800,6.93E-06
3191900,4.95E-06
3192000,6.43E-06
3192100,5.94E-06
3192200,8.40E-06
3192300,0.000175922
3192400,3.96E-06
3192500,4.99E-05
3192600,8.95E-05
3192700,5.45E-06
3192800,3.47E-06
3192900,0
3193000,3.96E-06
3193100,2.97E-06
3193200,4.95E-06
3193300,6.43E-06
3193400,8.35E-05
3193500,5.45E-06
3193600,2.48E-06
3193700,1.98E-06
3193800,3.96E-06
3193900,6.43E-06
3194000,5.94E-06
3194101,2.97E-06
3194102,3.96E-06
3194103,9.87E-07
3194200,1.29E-05
3194300,1.04E-05
3194400,1.39E-05
3194500,1.39E-05
3194600,1.29E-05
3194700,7.91E-06
3194800,8.40E-06
3194900,0.000140559
3201001,1.34E-05
3201002,9.38E-06
3201003,5.45E-06
3201004,1.53E-05
3201005,6.93E-06
3202001,2.08E-05
3202002,1.48E-05
3202003,1.83E-05
3203001,1.34E-05
3203002,9.38E-06
3203003,5.45E-06
3203004,1.09E-05
3204001,1.74E-05
3204002,1.34E-05
3204003,1.63E-05
3205001,2.03E-05
3205002,7.91E-06
3205003,1.83E-05
3206001,1.19E-05
3206002,2.08E-05
3206003,1.74E-05
3207001,1.44E-05
3207002,1.93E-05
3207003,1.83E-05
3208001,1.58E-05
3208002,1.29E-05
3208003,5.94E-06
3209001,1.39E-05
3209002,1.24E-05
3209003,9.87E-06
3210001,1.09E-05
3210002,1.44E-05
3210003,1.24E-05
