Code,proportionToHere
1,0.0
2,0.0
3,0.0
4,0.0
5,0.0
6,0.0
7,0.0
8,0.0
9,0.0
10,0.0
11,0.0
12,0.0
13,0.0
14,0.0
15,0.0
16,0.0
17,0.0
18,0.0
19,0.0
20,0.0
21,0.0
22,0.0
23,0.0
24,0.0
25,0.0
26,0.0
27,0.0
28,0.0
29,0.0
30,0.0
31,0.0
32,0.0
33,0.0
34,0.0
35,0.0
36,0.0
37,0.0
38,0.0
39,0.0
40,0.0
41,0.0
42,0.0
43,0.0
44,0.0
45,0.0
46,0.0
47,0.0
48,0.0
49,0.0
50,0.0
51,0.0
52,0.0
53,0.0
54,0.0
55,0.0
56,0.0
57,0.0
58,0.0
59,0.0
60,0.0
61,0.0
62,0.0
63,0.0
64,0.0
65,0.0
66,0.0
67,0.0
68,0.0
69,0.0
70,0.0
71,0.0
72,0.0
73,0.0
74,0.0
75,0.0
76,0.0
77,0.0
78,0.0
79,0.0
80,0.0
81,0.0
82,0.0
83,0.0
84,0.0
85,0.0
86,0.0
87,0.0
88,0.0
89,0.0
90,0.0
91,0.0
92,0.0
93,0.0
94,0.0
95,0.0
96,0.0
97,0.0
98,0.0
99,0.0
100,0.0
101,0.0
102,0.0
103,0.0
104,0.0
105,0.0
106,0.0
107,0.0
108,0.0
109,0.0
110,0.0
111,0.0
112,0.0
113,0.0
114,0.0
115,0.0
116,0.0
117,0.0
118,0.0
119,0.0
120,0.0
121,0.0
122,0.0
123,0.0
124,0.0
125,0.0
126,0.0
127,0.0
128,0.0
129,0.0
130,0.0
131,0.0
132,0.0
133,0.0
134,0.0
135,0.0
136,0.0
137,0.0
138,0.0
139,0.0
140,0.0
141,0.0
142,0.0
143,0.0
144,0.0
145,0.0
146,0.0
147,0.0
148,0.0
149,0.0
150,0.0
151,0.0
152,0.0
153,0.0
154,0.0
155,0.0
156,0.0
157,0.0
158,0.0
159,0.0
160,0.0
161,0.0
162,0.0
163,0.0
164,0.0
165,0.0
166,0.0
167,0.0
168,0.0
169,0.0
170,0.0
171,0.0
172,0.0
173,0.0
174,0.0
175,0.0
176,0.0
177,0.0
178,0.0
179,0.0
180,0.0
181,0.0
182,0.0
183,0.0
184,0.0
185,0.0
186,0.0
187,0.0
188,0.0
189,0.0
190,0.0
191,0.0
192,0.0
193,0.0
194,0.0
195,0.0
196,0.0
197,0.0
198,0.0
199,0.0
200,0.0
201,0.0
202,0.0
203,0.0
204,0.0
205,0.0
206,0.0
207,0.0
208,0.0
209,0.0
210,0.0
211,0.0
212,0.0
213,0.0
214,0.0
215,0.0
216,0.0
217,0.0
218,0.0
219,0.0
220,0.0
221,0.0
222,0.0
223,0.0
224,0.0
225,0.0
226,0.0
227,0.0
228,0.0
229,0.0
230,0.0
231,0.0
232,0.0
233,0.0
234,0.0
235,0.0
236,0.0
237,0.0
238,0.0
239,0.0
240,0.0
241,0.0
242,0.0
243,0.0
244,0.0
245,0.0
246,0.0
247,0.0
248,0.0
249,0.0
250,0.0
251,2.5278888894815594e-07
252,1.1198135012472593e-06
253,2.389451976909736e-06
254,0.0
255,0.0
256,0.0
257,0.0
258,0.0
259,0.0
260,0.0
261,0.0
262,0.0
263,0.0
264,0.0
265,0.0
266,0.0
267,0.0
268,0.0
269,0.0
270,0.0
271,0.0
272,0.0
273,0.0
274,0.0
275,0.0
276,0.0
277,0.0
278,0.0
279,0.0
280,0.0
281,0.0
282,0.0
283,0.0
284,0.0
285,0.0
286,0.0
287,0.0
288,0.0
289,0.0
290,0.0
291,0.0
292,0.0
293,0.0
294,0.0
295,0.0
296,0.0
297,0.0
298,1.81329798442987e-06
299,3.783043876427387e-06
300,3.843982419581722e-06
301,1.8749579673835172e-06
302,7.782324242489516e-07
303,0.0
304,0.0
305,0.0
306,0.0
307,0.0
308,0.0
309,0.0
310,0.0
311,0.0
312,0.0
313,0.0
314,0.0
315,0.0
316,0.0
317,0.0
318,0.0
319,0.0
320,0.0
321,0.0
322,0.0
323,0.0
324,0.0
325,0.0
326,0.0
327,0.0
328,0.0
329,0.0
330,0.0
331,0.0
332,0.0
333,0.0
334,0.0
335,0.0
336,0.0
337,0.0
338,0.0
339,0.0
340,0.0
341,0.0
342,0.0
343,0.0
344,0.0
345,1.9143343231588807e-07
346,3.448705556259772e-08
347,3.887527178560657e-06
348,3.802384343400158e-06
349,3.896498861156896e-06
350,3.896498861156896e-06
351,3.802961290306848e-06
352,0.0
353,0.0
354,0.0
355,0.0
356,0.0
357,0.0
358,0.0
359,0.0
360,0.0
361,0.0
362,0.0
363,0.0
364,0.0
365,0.0
366,0.0
367,0.0
368,0.0
369,0.0
370,0.0
371,0.0
372,0.0
373,0.0
374,0.0
375,0.0
376,0.0
377,0.0
378,0.0
379,0.0
380,0.0
381,0.0
382,0.0
383,0.0
384,0.0
385,0.0
386,0.0
387,0.0
388,0.0
389,0.0
390,0.0
391,0.0
392,0.0
393,0.0
394,9.997782104735298e-08
395,3.865740576776456e-06
396,3.663277980111531e-06
397,3.896498861156896e-06
398,3.896498861156896e-06
399,3.896498861156896e-06
400,3.896498861156896e-06
401,3.896498861156896e-06
402,3.448945548909543e-06
403,2.234589066840279e-06
404,0.0
405,0.0
406,0.0
407,0.0
408,0.0
409,0.0
410,0.0
411,0.0
412,0.0
413,0.0
414,0.0
415,0.0
416,0.0
417,0.0
418,0.0
419,0.0
420,0.0
421,0.0
422,0.0
423,0.0
424,0.0
425,0.0
426,0.0
427,0.0
428,0.0
429,0.0
430,0.0
431,0.0
432,0.0
433,0.0
434,0.0
435,0.0
436,0.0
437,0.0
438,0.0
439,0.0
440,0.0
441,0.0
442,0.0
443,0.0
444,0.0
445,0.0
446,0.0
447,0.0
448,0.0
449,2.1491783224966883e-06
450,3.896498861156896e-06
451,3.896498861156896e-06
452,3.3723930415234123e-06
453,3.896498861156896e-06
454,3.896498861156896e-06
455,3.649253729890878e-06
456,3.896498861156896e-06
457,3.896498861156896e-06
458,3.64586655727841e-06
459,0.0
460,0.0
461,0.0
462,0.0
463,0.0
464,0.0
465,0.0
466,0.0
467,0.0
468,0.0
469,0.0
470,0.0
471,0.0
472,0.0
473,0.0
474,0.0
475,0.0
476,0.0
477,0.0
478,0.0
479,0.0
480,0.0
481,0.0
482,0.0
483,0.0
484,0.0
485,0.0
486,0.0
487,0.0
488,0.0
489,0.0
490,0.0
491,0.0
492,0.0
493,0.0
494,0.0
495,0.0
496,0.0
497,0.0
498,0.0
499,0.0
500,0.0
501,0.0
502,0.0
503,0.0
504,0.0
505,2.4516011519993583e-06
506,2.8089326546059267e-06
507,3.565881066493636e-06
508,4.17714524085056e-09
509,3.538042446811972e-06
510,3.896498861156896e-06
511,3.896498861156896e-06
512,3.896498861156896e-06
513,3.896498861156896e-06
514,3.7102204394707654e-06
515,1.8502262346473758e-07
516,0.0
517,0.0
518,0.0
519,0.0
520,0.0
521,0.0
522,0.0
523,0.0
524,0.0
525,0.0
526,0.0
527,0.0
528,0.0
529,0.0
530,0.0
531,0.0
532,0.0
533,0.0
534,0.0
535,0.0
536,0.0
537,0.0
538,0.0
539,0.0
540,0.0
541,0.0
542,0.0
543,0.0
544,0.0
545,0.0
546,0.0
547,0.0
548,0.0
549,0.0
550,0.0
551,0.0
552,0.0
553,0.0
554,0.0
555,0.0
556,0.0
557,0.0
558,0.0
559,0.0
560,0.0
561,0.0
562,0.0
563,0.0
564,1.913198638573537e-07
565,0.0
566,9.538846061579386e-07
567,2.8741709760073045e-06
568,3.896498861156896e-06
569,3.896498861156896e-06
570,3.861671155933608e-06
571,1.607583213682828e-06
572,6.509641810151272e-07
573,9.627224097996197e-08
574,0.0
575,0.0
576,0.0
577,0.0
578,0.0
579,0.0
580,0.0
581,0.0
582,0.0
583,0.0
584,0.0
585,0.0
586,0.0
587,0.0
588,0.0
589,0.0
590,0.0
591,0.0
592,0.0
593,0.0
594,0.0
595,0.0
596,0.0
597,0.0
598,0.0
599,0.0
600,0.0
601,0.0
602,0.0
603,0.0
604,0.0
605,0.0
606,0.0
607,0.0
608,0.0
609,0.0
610,0.0
611,0.0
612,0.0
613,0.0
614,0.0
615,0.0
616,0.0
617,0.0
618,0.0
619,0.0
620,0.0
621,0.0
622,0.0
623,4.917450255520418e-07
624,3.461175663208814e-06
625,1.5359566161298378e-06
626,3.1868866146678053e-06
627,1.1509311943263812e-06
628,1.1509311943263812e-06
629,1.0034331518168645e-06
630,0.00025991814368277763
631,0.0
632,0.0
633,0.0
634,0.0
635,0.0
636,0.0
637,0.0
638,0.0
639,0.0
640,0.0
641,0.0
642,0.0
643,0.0
644,0.0
645,0.0
646,0.0
647,0.0
648,0.0
649,0.0
650,0.0
651,0.0
652,0.0
653,0.0
654,0.0
655,0.0
656,0.0
657,0.0
658,0.0
659,0.0
660,0.0
661,0.0
662,0.0
663,0.0
664,0.0
665,0.0
666,0.0
667,0.0
668,0.0
669,0.0
670,0.0
671,0.0
672,0.0
673,0.0
674,0.0
675,0.0
676,0.0
677,0.0
678,2.524866824116312e-09
679,5.723283856150439e-07
680,1.1509311943263812e-06
681,1.1509311943263812e-06
682,1.1509311943263812e-06
683,0.00024344541653821441
684,0.0006223545980157633
685,0.0012068517288211528
686,0.004712478613507077
687,0.0
688,0.0
689,0.0
690,0.0
691,0.0
692,0.0
693,0.0
694,0.0
695,0.0
696,0.0
697,0.0
698,0.0
699,0.0
700,0.0
701,0.0
702,0.0
703,0.0
704,0.0
705,0.0
706,0.0
707,0.0
708,0.0
709,0.0
710,0.0
711,0.0
712,0.0
713,0.0
714,0.0
715,0.0
716,0.0
717,0.0
718,0.0
719,0.0
720,0.0
721,0.0
722,0.0
723,0.0
724,0.0
725,0.0
726,0.0
727,0.0
728,0.0
729,0.0
730,0.0
731,0.0
732,0.0
733,0.0
734,0.0
735,0.0
736,2.428322757650077e-07
737,1.1509311943263812e-06
738,1.1777332953390823e-06
739,0.0002761340641354245
740,1.2087329981523753e-06
741,0.00037082239933409783
742,1.1451964258942522e-06
743,0.008828454522045033
744,0.0004608782763783692
745,0.0
746,0.0
747,0.0
748,0.0
749,0.0
750,0.0
751,0.0
752,0.0
753,0.0
754,0.0
755,0.0
756,0.0
757,0.0
758,0.0
759,0.0
760,0.0
761,0.0
762,0.0
763,0.0
764,0.0
765,0.0
766,0.0
767,0.0
768,0.0
769,0.0
770,0.0
771,0.0
772,0.0
773,0.0
774,0.0
775,0.0
776,0.0
777,0.0
778,0.0
779,0.0
780,0.0
781,0.0
782,0.0
783,0.0
784,0.0
785,0.0
786,0.0
787,0.0
788,0.0
789,0.0
790,7.173442114726114e-07
791,2.681779546207878e-07
792,3.950317010425425e-07
793,0.0
794,1.1047158985262652e-06
795,1.315530187682339e-06
796,1.4039289264495127e-06
797,1.2875283446059581e-06
798,1.3630088030429608e-06
799,1.1509311943263812e-06
800,1.0363438246874599e-06
801,6.776629644181063e-07
802,9.17e-05
803,6.090603829565369e-05
804,0.0
805,0.0
806,0.0
807,0.0
808,0.0
809,0.0
810,0.0
811,0.0
812,0.0
813,0.0
814,0.0
815,0.0
816,0.0
817,0.0
818,0.0
819,0.0
820,0.0
821,0.0
822,0.0
823,0.0
824,0.0
825,0.0
826,0.0
827,0.0
828,0.0
829,0.0
830,0.0
831,0.0
832,0.0
833,0.0
834,0.0
835,0.0
836,0.0
837,0.0
838,0.0
839,0.0
840,0.0
841,0.0
842,0.0
843,0.0
844,0.0
845,0.0
846,0.0
847,0.0
848,0.0
849,5.537533243334388e-08
850,1.7040962791089134e-07
851,1.2698442239312112e-06
852,1.4039008311794202e-06
853,1.3115805170427684e-06
854,9.709392721436426e-07
855,1.4039289264495127e-06
856,1.4039289264495127e-06
857,1.4039289264495127e-06
858,1.4039289264495127e-06
859,1.4039289264495127e-06
860,1.1911539213366822e-06
861,5.941176377254909e-07
862,0.0
863,0.0
864,0.0
865,0.0
866,0.0
867,0.0
868,0.0
869,0.0
870,0.0
871,0.0
872,0.0
873,0.0
874,0.0
875,0.0
876,0.0
877,0.0
878,0.0
879,0.0
880,0.0
881,0.0
882,0.0
883,0.0
884,0.0
885,0.0
886,0.0
887,0.0
888,0.0
889,0.0
890,0.0
891,0.0
892,0.0
893,0.0
894,0.0
895,0.0
896,0.0
897,0.0
898,0.0
899,0.0
900,0.0
901,0.0
902,0.0
903,0.0
904,0.0
905,0.0
906,0.0
907,0.0
908,0.0
909,1.590721469853254e-07
910,8.171663358692172e-07
911,9.544171349042054e-07
912,1.4039289264495127e-06
913,1.4039289264495127e-06
914,1.4039289264495127e-06
915,1.4039289264495127e-06
916,1.4039289264495127e-06
917,1.4039289264495127e-06
918,1.4039289264495127e-06
919,1.4039289264495127e-06
920,1.3720044103804479e-06
921,2.8624110245956956e-07
922,0.0
923,0.0
924,0.0
925,0.0
926,0.0
927,0.0
928,0.0
929,0.0
930,0.0
931,0.0
932,0.0
933,0.0
934,0.0
935,0.0
936,0.0
937,0.0
938,0.0
939,0.0
940,0.0
941,0.0
942,0.0
943,0.0
944,0.0
945,0.0
946,0.0
947,0.0
948,0.0
949,0.0
950,0.0
951,0.0
952,0.0
953,0.0
954,0.0
955,0.0
956,0.0
957,0.0
958,0.0
959,0.0
960,0.0
961,0.0
962,0.0
963,0.0
964,0.0
965,0.0
966,0.0
967,0.0
968,3.5292944013904914e-10
969,5.622294892001443e-07
970,8.443936768770499e-07
971,1.3919940134033249e-06
972,1.4039289264495127e-06
973,1.4039289264495127e-06
974,1.4039289264495127e-06
975,1.4039289264495127e-06
976,1.4039289264495127e-06
977,1.4039289264495127e-06
978,1.4039289264495127e-06
979,1.3705443351683898e-06
980,6.685138743954512e-08
981,0.0
982,0.0
983,4.58e-05
984,3.268193189360445e-05
985,0.0
986,0.0
987,0.0
988,0.0
989,0.0
990,0.0
991,0.0
992,0.0
993,0.0
994,0.0
995,0.0
996,0.0
997,0.0
998,0.0
999,0.0
1000,0.0
1001,0.0
1002,0.0
1003,0.0
1004,0.0
1005,0.0
1006,0.0
1007,0.0
1008,0.0
1009,0.0
1010,0.0
1011,0.0
1012,0.0
1013,0.0
1014,0.0
1015,0.0
1016,0.0
1017,0.0
1018,0.0
1019,0.0
1020,0.0
1021,0.0
1022,0.0
1023,0.0
1024,0.0
1025,0.0
1026,0.0
1027,0.0
1028,9.542540543458707e-08
1029,6.7956981701498e-07
1030,8.224581788761474e-07
1031,1.2267386867226233e-06
1032,1.2322249717971295e-06
1033,1.4039289264495127e-06
1034,1.4039289264495127e-06
1035,1.4039289264495127e-06
1036,1.4039289264495127e-06
1037,1.4039289264495127e-06
1038,1.3700447722845489e-06
1039,1.0586888309457608e-06
1040,0.0
1041,0.0
1042,0.0
1043,8.190606810639553e-05
1044,0.0
1045,0.0
1046,0.0
1047,0.0
1048,0.0
1049,0.0
1050,0.0
1051,0.0
1052,0.0
1053,0.0
1054,0.0
1055,0.0
1056,0.0
1057,0.0
1058,0.0
1059,0.0
1060,0.0
1061,0.0
1062,0.0
1063,0.0
1064,0.0
1065,0.0
1066,0.0
1067,0.0
1068,0.0
1069,0.0
1070,0.0
1071,0.0
1072,0.0
1073,0.0
1074,0.0
1075,0.0
1076,0.0
1077,0.0
1078,0.0
1079,0.0
1080,0.0
1081,0.0
1082,0.0
1083,0.0
1084,3.083461064164653e-07
1085,8.224581788761474e-07
1086,8.224581788761474e-07
1087,8.224581788761474e-07
1088,8.960144388739153e-07
1089,1.3883147332975903e-06
1090,1.3519383356951756e-06
1091,0.00023053340689081336
1092,1.2860142651206112e-06
1093,1.1153056229469045e-06
1094,4.2373169692707953e-07
1095,8.416948287598433e-08
1096,0.0
1097,0.0
1098,0.0
1099,0.0
1100,0.0005617384855946861
1101,0.0
1102,0.0
1103,0.0
1104,0.0
1105,0.0
1106,0.0
1107,0.0
1108,0.0
1109,0.0
1110,0.0
1111,0.0
1112,0.0
1113,0.0
1114,0.0
1115,0.0
1116,0.0
1117,0.0
1118,0.0
1119,0.0
1120,0.0
1121,0.0
1122,0.0
1123,0.0
1124,0.0
1125,0.0
1126,0.0
1127,0.0
1128,0.0
1129,0.0
1130,0.0
1131,0.0
1132,0.0
1133,0.0
1134,0.0
1135,0.0
1136,0.0
1137,0.0
1138,0.0
1139,0.0
1140,0.0
1141,6.347786435347452e-08
1142,8.224581788761474e-07
1143,8.224581788761474e-07
1144,8.224581788761474e-07
1145,8.224581788761474e-07
1146,8.432727985226069e-07
1147,9.798629929969497e-07
1148,1.4039289264495127e-06
1149,1.4039307548343747e-06
1150,6.990490184778249e-07
1151,7.660379958469198e-08
1152,0.0
1153,0.0
1154,0.0
1155,0.0
1156,0.0
1157,1.1202514405313944e-05
1158,4.1068293584100724e-08
1159,0.0
1160,0.0
1161,0.0
1162,0.0
1163,0.0
1164,0.0
1165,0.0
1166,0.0
1167,0.0
1168,0.0
1169,0.0
1170,0.0
1171,0.0
1172,0.0
1173,0.0
1174,0.0
1175,0.0
1176,0.0
1177,0.0
1178,0.0
1179,0.0
1180,0.0
1181,0.0
1182,0.0
1183,0.0
1184,0.0
1185,0.0
1186,0.0
1187,0.0
1188,0.0
1189,0.0
1190,0.0
1191,0.0
1192,0.0
1193,0.0
1194,0.0
1195,0.0
1196,0.0
1197,0.0
1198,0.0
1199,4.952722215209016e-07
1200,7.280310287084962e-07
1201,8.224581788761474e-07
1202,8.224581788761474e-07
1203,8.224581788761474e-07
1204,8.224581788761474e-07
1205,1.2930996971615417e-06
1206,2.3821144001768225e-06
1207,2.4089465592129034e-06
1208,6.94104003664865e-08
1209,0.0
1210,0.0
1211,0.0
1212,0.0
1213,0.0
1214,1.3411826322573706e-06
1215,3.1627385822227576e-06
1216,9.033341453783802e-07
1217,0.0
1218,0.0
1219,0.0
1220,0.0
1221,0.0
1222,0.0
1223,0.0
1224,0.0
1225,0.0
1226,0.0
1227,0.0
1228,0.0
1229,0.0
1230,0.0
1231,0.0
1232,0.0
1233,0.0
1234,0.0
1235,0.0
1236,0.0
1237,0.0
1238,0.0
1239,0.0
1240,0.0
1241,0.0
1242,0.0
1243,0.0
1244,0.0
1245,0.0
1246,0.0
1247,0.0
1248,0.0
1249,0.0
1250,0.0
1251,0.0
1252,0.0
1253,0.0
1254,0.0
1255,0.0
1256,0.0
1257,0.0
1258,0.0
1259,3.8642589899906795e-07
1260,8.224581788761474e-07
1261,8.224581788761474e-07
1262,8.224581788761474e-07
1263,8.224581788761474e-07
1264,1.4407298141356351e-06
1265,2.534313245693664e-06
1266,2.4382962927421827e-06
1267,1.7962184066087295e-06
1268,0.0
1269,0.0
1270,0.0
1271,1.6015372900558601e-10
1272,1.0347538857242548e-06
1273,5.583670936926317e-06
1274,5.270897879149109e-06
1275,0.0
1276,0.0
1277,0.0
1278,0.0
1279,0.0
1280,0.0
1281,0.0
1282,0.0
1283,0.0
1284,0.0
1285,0.0
1286,0.0
1287,0.0
1288,0.0
1289,0.0
1290,0.0
1291,0.0
1292,0.0
1293,0.0
1294,0.0
1295,0.0
1296,0.0
1297,0.0
1298,0.0
1299,0.0
1300,0.0
1301,0.0
1302,0.0
1303,0.0
1304,0.0
1305,0.0
1306,0.0
1307,0.0
1308,0.0
1309,0.0
1310,0.0
1311,0.0
1312,0.0
1313,0.0
1314,0.0
1315,0.0
1316,0.0
1317,3.202726430524924e-07
1318,8.224581788761474e-07
1319,8.224581788761474e-07
1320,8.224581788761474e-07
1321,8.224581788761474e-07
1322,8.224581788761474e-07
1323,1.8043249384077058e-06
1324,2.617160616318193e-06
1325,2.009486407063142e-06
1326,2.009646397611263e-06
1327,0.0
1328,0.0
1329,4.786903954679308e-06
1330,5.266848951533486e-06
1331,5.583670936926317e-06
1332,0.00037124865617014607
1333,5.110764371903319e-07
1334,0.0
1335,0.0
1336,0.0
1337,0.0
1338,0.0
1339,0.0
1340,0.0
1341,0.0
1342,0.0
1343,0.0
1344,0.0
1345,0.0
1346,0.0
1347,0.0
1348,0.0
1349,0.0
1350,0.0
1351,0.0
1352,0.0
1353,0.0
1354,0.0
1355,0.0
1356,0.0
1357,0.0
1358,0.0
1359,0.0
1360,0.0
1361,0.0
1362,0.0
1363,0.0
1364,0.0
1365,0.0
1366,0.0
1367,0.0
1368,0.0
1369,0.0
1370,0.0
1371,0.0
1372,0.0
1373,0.0
1374,0.0
1375,1.6218832457280196e-07
1376,8.224581788761474e-07
1377,8.224581788761474e-07
1378,8.224581788761474e-07
1379,8.224581788761474e-07
1380,8.224581788761474e-07
1381,8.58808724351469e-07
1382,2.2556844593170312e-06
1383,7.719808473768912e-07
1384,2.110773555268261e-07
1385,4.563321260158418e-07
1386,1.3051718730584382e-06
1387,5.583670936926317e-06
1388,5.583670936926317e-06
1389,5.583670936926317e-06
1390,5.583670936926317e-06
1391,2.2380258442733788e-06
1392,0.0
1393,0.0
1394,0.0
1395,0.0
1396,0.0
1397,0.0
1398,0.0
1399,0.0
1400,0.0
1401,0.0
1402,0.0
1403,0.0
1404,0.0
1405,0.0
1406,0.0
1407,0.0
1408,0.0
1409,0.0
1410,0.0
1411,0.0
1412,0.0
1413,0.0
1414,0.0
1415,0.0
1416,0.0
1417,0.0
1418,0.0
1419,0.0
1420,0.0
1421,0.0
1422,0.0
1423,0.0
1424,0.0
1425,0.0
1426,0.0
1427,0.0
1428,0.0
1429,0.0
1430,0.0
1431,0.0
1432,0.0
1433,2.9062718397485735e-08
1434,8.06214148034039e-07
1435,8.224581788761474e-07
1436,8.224581788761474e-07
1437,8.224581788761474e-07
1438,8.224581788761474e-07
1439,8.224581788761474e-07
1440,8.224581788761474e-07
1441,8.224581788761474e-07
1442,2.1783050988295713e-07
1443,3.5572333345785443e-06
1444,5.29994565571143e-06
1445,5.583670936926317e-06
1446,5.583670936926317e-06
1447,5.583670936926317e-06
1448,5.583670936926317e-06
1449,4.136973711158832e-06
1450,0.0
1451,0.0
1452,0.0
1453,0.0
1454,0.0
1455,0.0
1456,0.0
1457,0.0
1458,0.0
1459,0.0
1460,0.0
1461,0.0
1462,0.0
1463,0.0
1464,0.0
1465,0.0
1466,0.0
1467,0.0
1468,0.0
1469,0.0
1470,0.0
1471,0.0
1472,0.0
1473,0.0
1474,0.0
1475,0.0
1476,0.0
1477,0.0
1478,0.0
1479,0.0
1480,0.0
1481,0.0
1482,0.0
1483,0.0
1484,0.0
1485,0.0
1486,0.0
1487,0.0
1488,0.0
1489,0.0
1490,3.960424160691653e-07
1491,6.931718233448732e-07
1492,8.224581788761474e-07
1493,8.224581788761474e-07
1494,9.570380098847084e-05
1495,0.000639206105451539
1496,8.224581788761474e-07
1497,8.224581788761474e-07
1498,8.224581788761474e-07
1499,1.1460989591498703e-06
1500,5.494269694933757e-06
1501,5.583670936926317e-06
1502,5.583670936926317e-06
1503,5.583670936926317e-06
1504,5.583670936926317e-06
1505,5.583670936926317e-06
1506,5.583670936926317e-06
1507,1.1665333796072896e-06
1508,0.0
1509,0.0
1510,0.0
1511,0.0
1512,0.0
1513,0.0
1514,0.0
1515,0.0
1516,0.0
1517,0.0
1518,0.0
1519,0.0
1520,0.0
1521,0.0
1522,0.0
1523,0.0
1524,0.0
1525,0.0
1526,0.0
1527,0.0
1528,0.0
1529,0.0
1530,0.0
1531,0.0
1532,0.0
1533,0.0
1534,0.0
1535,0.0
1536,0.0
1537,0.0
1538,0.0
1539,0.0
1540,0.0
1541,0.0
1542,0.0
1543,0.0
1544,0.0
1545,1.0449693220383314e-07
1546,2.3305781966177554e-07
1547,8.224581788761474e-07
1548,8.224581788761474e-07
1549,8.224581788761474e-07
1550,8.224581788761474e-07
1551,8.224581788761474e-07
1552,8.224581788761474e-07
1553,8.224581788761474e-07
1554,8.224581788761474e-07
1555,8.170401351402168e-07
1556,2.6081392464090275e-06
1557,4.207186472042104e-06
1558,5.583670936926317e-06
1559,5.583670936926317e-06
1560,5.583670936926317e-06
1561,5.583670936926317e-06
1562,5.583670936926317e-06
1563,5.4297156633409854e-06
1564,0.0024515094773811664
1565,0.0007783220026053917
1566,0.0
1567,0.0
1568,0.0
1569,0.0
1570,0.0
1571,0.0
1572,0.0
1573,0.0
1574,0.0
1575,0.0
1576,0.0
1577,0.0
1578,0.0
1579,0.0
1580,0.0
1581,0.0
1582,0.0
1583,0.0
1584,0.0
1585,0.0
1586,0.0
1587,0.0
1588,0.0
1589,0.0
1590,0.0
1591,0.0
1592,0.0
1593,0.0
1594,0.0
1595,0.0
1596,0.0
1597,0.0
1598,0.0
1599,0.0
1600,0.0
1601,0.0
1602,0.0
1603,3.726899633545958e-07
1604,7.85946231726356e-07
1605,8.224581788761474e-07
1606,8.224581788761474e-07
1607,8.224581788761474e-07
1608,8.224581788761474e-07
1609,8.224581788761474e-07
1610,9.250022556690265e-05
1611,8.224581788761474e-07
1612,8.224581788761474e-07
1613,7.828067490460775e-07
1614,6.977868389787235e-07
1615,7.198688554808683e-07
1616,5.5030906278405225e-06
1617,5.583670936926317e-06
1618,5.583670936926317e-06
1619,5.583670936926317e-06
1620,5.583670936926317e-06
1621,5.583670936926317e-06
1622,5.413691148293511e-06
1623,2.9160598045587077e-05
1624,1.400948135321271e-05
1625,0.0
1626,0.0
1627,0.0
1628,0.0
1629,0.0
1630,0.0
1631,0.0
1632,0.0
1633,0.0
1634,0.0
1635,0.0
1636,0.0
1637,0.0
1638,0.0
1639,0.0
1640,0.0
1641,0.0
1642,0.0
1643,0.0
1644,0.0
1645,0.0
1646,0.0
1647,0.0
1648,0.0
1649,0.0
1650,0.0
1651,0.0
1652,0.0
1653,0.0
1654,0.0
1655,0.0
1656,0.0
1657,0.0
1658,0.0
1659,2.7086989463475085e-07
1660,8.224581788761474e-07
1661,8.224581788761474e-07
1662,8.224581788761474e-07
1663,8.224581788761474e-07
1664,8.224581788761474e-07
1665,8.224581788761474e-07
1666,7.967275716140641e-07
1667,8.220789263376738e-07
1668,7.849974657681945e-07
1669,8.224581788761474e-07
1670,8.000259599488325e-07
1671,6.980096770999034e-07
1672,6.977868389787235e-07
1673,2.3092715790597933e-06
1674,2.734329900008249e-06
1675,5.583670936926317e-06
1676,5.583670936926317e-06
1677,5.583670936926317e-06
1678,5.583670936926317e-06
1679,5.583670936926317e-06
1680,5.583670936926317e-06
1681,4.365760836422487e-06
1682,9.166842543598971e-07
1683,0.0
1684,0.0
1685,0.0
1686,0.0
1687,0.0
1688,0.0
1689,0.0
1690,0.0
1691,0.0
1692,0.0
1693,0.0
1694,0.0
1695,0.0
1696,0.0
1697,0.0
1698,0.0
1699,0.0
1700,0.0
1701,0.0
1702,0.0
1703,0.0
1704,0.0
1705,0.0
1706,0.0
1707,0.0
1708,0.0
1709,0.0
1710,0.0
1711,0.0
1712,0.0
1713,0.0
1714,0.0
1715,0.0
1716,0.0
1717,4.3450760933862053e-07
1718,8.204369090129485e-07
1719,8.224581788761474e-07
1720,8.224581788761474e-07
1721,8.224581788761474e-07
1722,8.224581788761474e-07
1723,8.224581788761474e-07
1724,7.312410079050115e-07
1725,7.004559173105091e-07
1726,6.977868389787235e-07
1727,7.655012282142851e-07
1728,7.196117127817181e-07
1729,6.977868389787235e-07
1730,6.977868389787235e-07
1731,6.977868389787235e-07
1732,7.149172969364956e-07
1733,5.020817234306187e-06
1734,3.443228826538543e-06
1735,5.583670936926317e-06
1736,4.309086809486139e-06
1737,5.4946803140260594e-06
1738,1.8126851331161426e-06
1739,3.986975448887194e-06
1740,2.7994350788131186e-07
1741,0.0
1742,0.0
1743,0.0
1744,0.0
1745,0.0
1746,0.0
1747,0.0
1748,0.0
1749,0.0
1750,0.0
1751,0.0
1752,0.0
1753,0.0
1754,0.0
1755,0.0
1756,0.0
1757,0.0
1758,0.0
1759,0.0
1760,0.0
1761,0.0
1762,0.0
1763,0.0
1764,0.0
1765,0.0
1766,0.0
1767,0.0
1768,0.0
1769,0.0
1770,0.0
1771,0.0
1772,0.0
1773,4.354723192520487e-08
1774,4.107922119471088e-07
1775,8.224581788761474e-07
1776,8.224581788761474e-07
1777,8.224581788761474e-07
1778,8.224581788761474e-07
1779,7.788683689591766e-07
1780,6.977868389787235e-07
1781,6.977868389787235e-07
1782,6.977868389787235e-07
1783,6.977868389787235e-07
1784,6.977868389787235e-07
1785,6.977868389787235e-07
1786,6.977868389787235e-07
1787,6.977868389787235e-07
1788,6.788136161425605e-07
1789,2.949916917276547e-05
1790,3.0992269353587405e-05
1791,7.783057468025886e-07
1792,4.129242710610504e-07
1793,4.634589203280919e-07
1794,4.129242710610504e-07
1795,4.129242710610504e-07
1796,2.951309716484402e-07
1797,0.0
1798,0.0
1799,0.0
1800,0.0
1801,0.0
1802,0.0
1803,0.0
1804,0.0
1805,0.0
1806,0.0
1807,0.0
1808,0.0
1809,0.0
1810,0.0
1811,0.0
1812,0.0
1813,0.0
1814,0.0
1815,0.0
1816,0.0
1817,0.0
1818,0.0
1819,0.0
1820,0.0
1821,0.0
1822,0.0
1823,0.0
1824,0.0
1825,0.0
1826,0.0
1827,0.0
1828,0.0
1829,0.0
1830,7.888813755305289e-07
1831,8.224581788761474e-07
1832,8.224581788761474e-07
1833,8.175560627987888e-07
1834,7.216145767427443e-07
1835,6.977868389787235e-07
1836,6.977868389787235e-07
1837,6.977868389787235e-07
1838,6.977868389787235e-07
1839,6.977868389787235e-07
1840,6.977868389787235e-07
1841,6.977868389787235e-07
1842,6.697142872452786e-07
1843,4.130260177866629e-07
1844,9.719867687608768e-06
1845,4.129242710610504e-07
1846,4.129242710610504e-07
1847,4.129242710610504e-07
1848,4.129242710610504e-07
1849,4.129242710610504e-07
1850,4.129242710610504e-07
1851,3.008129485467913e-07
1852,0.0
1853,0.0
1854,0.0
1855,0.0
1856,0.0
1857,0.0
1858,0.0
1859,0.0
1860,0.0
1861,0.0
1862,0.0
1863,0.0
1864,0.0
1865,0.0
1866,0.0
1867,0.0
1868,0.0
1869,0.0
1870,0.0
1871,0.0
1872,0.0
1873,0.0
1874,0.0
1875,0.0
1876,0.0
1877,0.0
1878,0.0
1879,0.0
1880,0.0
1881,0.0
1882,0.0
1883,0.0
1884,4.6134660916304364e-07
1885,8.224581788761474e-07
1886,8.224581788761474e-07
1887,7.806414805378724e-07
1888,6.979993327199498e-07
1889,6.977868389787235e-07
1890,6.977868389787235e-07
1891,6.977868389787235e-07
1892,6.977868389787235e-07
1893,6.977868389787235e-07
1894,6.977868389787235e-07
1895,0.00022963987856992408
1896,4.4881328095945364e-07
1897,4.129242710610504e-07
1898,4.129242710610504e-07
1899,4.129242710610504e-07
1900,4.129242710610504e-07
1901,4.129242710610504e-07
1902,4.129242710610504e-07
1903,0.00034355469396614565
1904,4.129242710610504e-07
1905,2.726895033294901e-07
1906,0.0
1907,0.0
1908,0.0
1909,0.0
1910,0.0
1911,0.0
1912,0.0
1913,0.0
1914,0.0
1915,0.0
1916,0.0
1917,0.0
1918,0.0
1919,0.0
1920,0.0
1921,0.0
1922,0.0
1923,0.0
1924,0.0
1925,0.0
1926,0.0
1927,0.0
1928,0.0
1929,0.0
1930,0.0
1931,0.0
1932,0.0
1933,0.0
1934,0.0
1935,0.0
1936,5.717188492571779e-07
1937,7.645212588161909e-07
1938,8.224581788761474e-07
1939,7.382171177768462e-07
1940,6.977868389787235e-07
1941,6.977868389787235e-07
1942,6.977868389787235e-07
1943,6.977868389787235e-07
1944,6.977868389787235e-07
1945,6.623771453694202e-07
1946,6.525948451793749e-07
1947,4.129242710610504e-07
1948,4.129242710610504e-07
1949,4.129242710610504e-07
1950,4.129242710610504e-07
1951,4.129242710610504e-07
1952,4.129242710610504e-07
1953,4.129242710610504e-07
1954,4.129242710610504e-07
1955,4.129242710610504e-07
1956,9.266332875027271e-05
1957,2.3543798727298082e-07
1958,0.0
1959,0.0
1960,0.0
1961,0.0
1962,0.0
1963,0.0
1964,0.0
1965,0.0
1966,0.0
1967,0.0
1968,0.0
1969,0.0
1970,0.0
1971,0.0
1972,0.0
1973,0.0
1974,0.0
1975,0.0
1976,0.0
1977,0.0
1978,0.0
1979,0.0
1980,0.0
1981,0.0
1982,0.0
1983,0.0
1984,0.0
1985,0.0
1986,2.0506229589997833e-07
1987,4.50813741461924e-07
1988,6.977868389787235e-07
1989,7.285824754301824e-07
1990,6.977868389787235e-07
1991,6.977868389787235e-07
1992,6.977868389787235e-07
1993,6.977868389787235e-07
1994,4.1344344035628696e-05
1995,6.824758990212458e-07
1996,4.2168467297079903e-07
1997,4.1541320693664143e-07
1998,4.129242710610504e-07
1999,4.129242710610504e-07
2000,4.129242710610504e-07
2001,4.129242710610504e-07
2002,4.129242710610504e-07
2003,4.129242710610504e-07
2004,4.129242710610504e-07
2005,4.129242710610504e-07
2006,4.129242710610504e-07
2007,4.129242710610504e-07
2008,1.90297942473977e-07
2009,0.0
2010,0.0
2011,0.0
2012,0.0
2013,0.0
2014,0.0
2015,0.0
2016,0.0
2017,0.0
2018,0.0
2019,0.0
2020,0.0
2021,0.0
2022,0.0
2023,0.0
2024,0.0
2025,0.0
2026,0.0
2027,0.0
2028,0.0
2029,0.0
2030,0.0
2031,0.0
2032,0.0
2033,0.0
2034,0.0
2035,0.0
2036,2.0095767781885413e-07
2037,6.886396827404697e-07
2038,5.770512000725375e-07
2039,6.977868389787235e-07
2040,6.977868389787235e-07
2041,6.977868389787235e-07
2042,6.977868389787235e-07
2043,6.977868389787235e-07
2044,5.287926628194417e-06
2045,4.3989011193750034e-07
2046,7.854564073736293e-07
2047,4.129242710610504e-07
2048,4.129242710610504e-07
2049,4.129242710610504e-07
2050,4.129242710610504e-07
2051,4.129242710610504e-07
2052,4.129242710610504e-07
2053,4.129242710610504e-07
2054,4.129242710610504e-07
2055,4.129242710610504e-07
2056,4.129242710610504e-07
2057,4.129242710610504e-07
2058,4.129242710610504e-07
2059,2.279008003235357e-07
2060,0.0
2061,0.0
2062,0.0
2063,0.0
2064,0.0
2065,0.0
2066,0.0
2067,0.0
2068,0.0
2069,0.0
2070,0.0
2071,0.0
2072,0.0
2073,0.0
2074,0.0
2075,0.0
2076,0.0
2077,0.0
2078,0.0
2079,0.0
2080,0.0
2081,0.0
2082,0.0
2083,0.0
2084,0.0
2085,0.0
2086,0.0
2087,2.3209080751917976e-07
2088,6.977868389787235e-07
2089,6.977868389787235e-07
2090,6.977868389787235e-07
2091,6.212410537909119e-07
2092,3.8200247939933257e-07
2093,6.977868389787235e-07
2094,6.977868389787235e-07
2095,6.912579843520714e-07
2096,4.3773593477114633e-07
2097,4.129242710610504e-07
2098,4.129242710610504e-07
2099,4.129242710610504e-07
2100,4.129242710610504e-07
2101,4.129242710610504e-07
2102,4.129242710610504e-07
2103,4.129242710610504e-07
2104,4.129242710610504e-07
2105,4.129242710610504e-07
2106,4.129242710610504e-07
2107,4.129242710610504e-07
2108,4.129242710610504e-07
2109,4.129242710610504e-07
2110,9.205989481836354e-05
2111,0.0
2112,0.0
2113,0.0
2114,0.0
2115,0.0
2116,0.0
2117,0.0
2118,0.0
2119,0.0
2120,0.0
2121,0.0
2122,0.0
2123,0.0
2124,0.0
2125,0.0
2126,0.0
2127,0.0
2128,0.0
2129,0.0
2130,0.0
2131,0.0
2132,0.0
2133,0.0
2134,0.0
2135,0.0
2136,5.563799341663145e-07
2137,4.577815635985834e-07
2138,6.977868389787235e-07
2139,6.977868389787235e-07
2140,6.977868389787235e-07
2141,3.8818568835458833e-07
2142,4.993955600265074e-07
2143,6.902545491154306e-07
2144,6.977868389787235e-07
2145,6.968198604166246e-07
2146,8.438572047286023e-07
2147,4.129242710610504e-07
2148,4.129242710610504e-07
2149,4.129242710610504e-07
2150,4.129242710610504e-07
2151,4.129242710610504e-07
2152,4.129242710610504e-07
2153,4.129242710610504e-07
2154,4.169603506716932e-07
2155,4.129242710610504e-07
2156,4.129242710610504e-07
2157,4.129242710610504e-07
2158,4.129242710610504e-07
2159,4.129242710610504e-07
2160,2.0207778186211267e-06
2161,4.380292635562559e-05
2162,0.0
2163,0.0
2164,0.0
2165,0.0
2166,0.0
2167,0.0
2168,0.0
2169,0.0
2170,0.0
2171,0.0
2172,0.0
2173,0.0
2174,0.0
2175,0.0
2176,0.0
2177,0.0
2178,0.0
2179,0.0
2180,0.0
2181,0.0
2182,0.0
2183,0.0
2184,0.0
2185,0.0
2186,4.89146646504769e-07
2187,6.977868389787235e-07
2188,6.977868389787235e-07
2189,6.977868389787235e-07
2190,6.977868389787235e-07
2191,6.977868389787235e-07
2192,6.977868389787235e-07
2193,6.977868389787235e-07
2194,6.977868389787235e-07
2195,6.977868389787235e-07
2196,1.2715690776694838e-06
2197,9.55008961896345e-07
2198,8.921462560321537e-07
2199,4.129242710610504e-07
2200,4.129242710610504e-07
2201,4.129242710610504e-07
2202,4.129242710610504e-07
2203,4.129242710610504e-07
2204,9.534350440160751e-07
2205,4.394183238319604e-07
2206,4.129242710610504e-07
2207,4.129242710610504e-07
2208,8.922262741901569e-07
2209,1.1091299211374691e-06
2210,1.6702256120716924e-05
2211,2.321317094959539e-05
2212,0.0
2213,0.0
2214,0.0
2215,0.0
2216,0.0
2217,0.0
2218,0.0
2219,0.0
2220,0.0
2221,0.0
2222,0.0
2223,0.0
2224,0.0
2225,0.0
2226,0.0
2227,0.0
2228,0.0
2229,0.0
2230,0.0
2231,0.0
2232,0.0
2233,0.0
2234,4.3210396954094437e-07
2235,6.977868389787235e-07
2236,6.977868389787235e-07
2237,6.977868389787235e-07
2238,6.977868389787235e-07
2239,6.977868389787235e-07
2240,6.977868389787235e-07
2241,6.977868389787235e-07
2242,6.977868389787235e-07
2243,7.184158860277782e-07
2244,1.38601715069126e-06
2245,1.39516444967551e-06
2246,1.39516444967551e-06
2247,8.285298044160042e-07
2248,7.634779485953882e-07
2249,4.129242710610504e-07
2250,1.0006773129587986e-06
2251,9.07573857203111e-07
2252,1.3672494978365684e-06
2253,4.144858818812196e-07
2254,4.6317766390399897e-07
2255,7.615867723272094e-07
2256,3.6049088556962967e-06
2257,3.6049088556962967e-06
2258,2.582728392294388e-06
2259,0.00535618517122613
2260,0.0
2261,0.0
2262,0.0
2263,0.0
2264,0.0
2265,0.0
2266,0.0
2267,0.0
2268,0.0
2269,0.0
2270,0.0
2271,0.0
2272,0.0
2273,0.0
2274,0.0
2275,0.0
2276,0.0
2277,0.0
2278,0.0
2279,0.0
2280,0.0
2281,0.0
2282,0.0
2283,4.2717764588448443e-07
2284,6.977868389787235e-07
2285,6.977868389787235e-07
2286,6.977868389787235e-07
2287,4.888315840204255e-07
2288,6.162046598606214e-07
2289,8.683505365907533e-07
2290,6.977868389787235e-07
2291,0.00018694575890035642
2292,1.163958729690622e-06
2293,1.39516444967551e-06
2294,1.39516444967551e-06
2295,1.39516444967551e-06
2296,1.39516444967551e-06
2297,1.39516444967551e-06
2298,9.274935030803321e-07
2299,1.39516444967551e-06
2300,1.39516444967551e-06
2301,1.39516444967551e-06
2302,1.1888834402997404e-06
2303,1.3768387688218548e-06
2304,2.6896912985790023e-06
2305,3.6049088556962967e-06
2306,3.6049088556962967e-06
2307,3.6049088556962967e-06
2308,0.00034217877914394966
2309,1.8775847654387473e-06
2310,0.0
2311,0.0
2312,0.0
2313,0.0
2314,0.0
2315,0.0
2316,0.0
2317,0.0
2318,0.0
2319,0.0
2320,0.0
2321,0.0
2322,0.0
2323,0.0
2324,0.0
2325,0.0
2326,0.0
2327,0.0
2328,0.0
2329,0.0
2330,3.597618348344399e-10
2331,6.533585007386627e-07
2332,6.977868389787235e-07
2333,6.977868389787235e-07
2334,6.965005363569127e-07
2335,1.4552134173389655e-07
2336,1.1134767831958168e-06
2337,1.39516444967551e-06
2338,0.0002633920969554429
2339,0.0001258221428257141
2340,1.39516444967551e-06
2341,1.39516444967551e-06
2342,1.39516444967551e-06
2343,1.39516444967551e-06
2344,1.39516444967551e-06
2345,1.39516444967551e-06
2346,1.39516444967551e-06
2347,1.39516444967551e-06
2348,1.39516444967551e-06
2349,1.39516444967551e-06
2350,1.39516444967551e-06
2351,2.5803244955406994e-06
2352,3.5778493239174686e-06
2353,3.6049088556962967e-06
2354,5.3184809039232266e-05
2355,0.0005088953607032537
2356,4.119390124907634e-06
2357,0.0008934996753447859
2358,1.234111332027428e-06
2359,0.0
2360,0.0
2361,0.0
2362,0.0
2363,0.0
2364,0.0
2365,0.0
2366,0.0
2367,0.0
2368,0.0
2369,0.0
2370,0.0
2371,0.0
2372,0.0
2373,0.0
2374,0.0
2375,0.0
2376,0.0
2377,0.0
2378,1.4603773624722627e-08
2379,3.549574817262729e-07
2380,6.977868389787235e-07
2381,6.977868389787235e-07
2382,6.739976935045216e-07
2383,7.057112974278154e-07
2384,1.378773118576103e-06
2385,1.39516444967551e-06
2386,1.39516444967551e-06
2387,1.39516444967551e-06
2388,1.39516444967551e-06
2389,1.39516444967551e-06
2390,1.39516444967551e-06
2391,1.39516444967551e-06
2392,1.39516444967551e-06
2393,1.39516444967551e-06
2394,1.39516444967551e-06
2395,1.39516444967551e-06
2396,1.39516444967551e-06
2397,1.39516444967551e-06
2398,1.3951767776908938e-06
2399,3.487663549667911e-06
2400,3.6049088556962967e-06
2401,6.1971862270802876e-06
2402,5.028031652056816e-05
2403,1.1119690379196492e-05
2404,2.1137856085232154e-05
2405,0.00027153464978189076
2406,1.0504153293450819e-05
2407,8.232191647350303e-06
2408,0.0
2409,0.0
2410,0.0
2411,0.0
2412,0.0
2413,0.0
2414,0.0
2415,0.0
2416,0.0
2417,0.0
2418,0.0
2419,0.0
2420,0.0
2421,0.0
2422,0.0
2423,0.0
2424,0.0
2425,0.0
2426,0.0
2427,2.7545579877039844e-09
2428,6.795465722787246e-07
2429,6.977868389787235e-07
2430,6.977868389787235e-07
2431,9.345496387061091e-07
2432,1.39516444967551e-06
2433,1.39516444967551e-06
2434,1.39516444967551e-06
2435,1.39516444967551e-06
2436,1.39516444967551e-06
2437,1.39516444967551e-06
2438,1.39516444967551e-06
2439,1.39516444967551e-06
2440,1.39516444967551e-06
2441,1.39516444967551e-06
2442,1.39516444967551e-06
2443,1.39516444967551e-06
2444,1.39516444967551e-06
2445,1.39516444967551e-06
2446,1.5548522086599702e-06
2447,2.0675883294972734e-06
2448,3.2782885352897916e-06
2449,1.0842260319198202e-05
2450,1.1119690379196492e-05
2451,1.1119690379196492e-05
2452,1.1119690379196492e-05
2453,1.1119690379196492e-05
2454,1.1119690379196492e-05
2455,1.1119690379196492e-05
2456,5.689035470466304e-06
2457,2.2403602938228248e-06
2458,0.0
2459,0.0
2460,0.0
2461,0.0
2462,0.0
2463,0.0
2464,0.0
2465,0.0
2466,0.0
2467,0.0
2468,0.0
2469,0.0
2470,0.0
2471,0.0
2472,0.0
2473,0.0
2474,0.0
2475,0.0
2476,0.0
2477,0.0
2478,3.643908206247621e-07
2479,6.734715663767467e-07
2480,6.977868389787235e-07
2481,1.250046101086227e-06
2482,1.39516444967551e-06
2483,1.39516444967551e-06
2484,1.39516444967551e-06
2485,1.39516444967551e-06
2486,1.39516444967551e-06
2487,1.39516444967551e-06
2488,1.39516444967551e-06
2489,1.39516444967551e-06
2490,1.39516444967551e-06
2491,1.39516444967551e-06
2492,1.39516444967551e-06
2493,1.39516444967551e-06
2494,1.39516444967551e-06
2495,1.39516444967551e-06
2496,0.0006888711127269311
2497,1.39516444967551e-06
2498,3.6245648778392546e-06
2499,1.1119690379196492e-05
2500,1.1119690379196492e-05
2501,1.1119690379196492e-05
2502,0.0004635516906315282
2503,1.1119690379196492e-05
2504,1.1119690379196492e-05
2505,1.044356291163465e-05
2506,7.412035035038033e-06
2507,5.115490402025572e-06
2508,1.6689753476097372e-06
2509,1.569997065715243e-06
2510,0.0
2511,0.0
2512,0.0
2513,0.0
2514,0.0
2515,0.0
2516,0.0
2517,0.0
2518,0.0
2519,0.0
2520,0.0
2521,0.0
2522,0.0
2523,0.0
2524,0.0
2525,0.0
2526,2.6123084523351005e-08
2527,5.725127711866637e-07
2528,7.767263096563018e-07
2529,1.3929002336520023e-06
2530,1.39516444967551e-06
2531,1.39516444967551e-06
2532,1.39516444967551e-06
2533,1.39516444967551e-06
2534,1.39516444967551e-06
2535,1.39516444967551e-06
2536,1.39516444967551e-06
2537,1.39516444967551e-06
2538,1.39516444967551e-06
2539,8.651095276264686e-05
2540,1.39516444967551e-06
2541,1.39516444967551e-06
2542,1.39516444967551e-06
2543,1.39516444967551e-06
2544,1.39516444967551e-06
2545,1.39516444967551e-06
2546,5.171339121825662e-06
2547,1.1119690379196492e-05
2548,1.1119690379196492e-05
2549,1.1119690379196492e-05
2550,0.0005660044170756444
2551,1.1119690379196492e-05
2552,1.1075922498726113e-05
2553,5.6534748484242606e-06
2554,5.115490402025572e-06
2555,5.115490402025572e-06
2556,5.115490402025572e-06
2557,5.115490402025572e-06
2558,1.5382339152870318e-06
2559,3.231437895796893e-07
2560,0.0
2561,0.0
2562,0.0
2563,0.0
2564,0.0
2565,0.0
2566,0.0
2567,0.0
2568,0.0
2569,0.0
2570,0.0
2571,0.0
2572,1.6526651231072786e-08
2573,4.006165742135482e-07
2574,7.528731476099151e-07
2575,1.3543043834056485e-06
2576,1.39516444967551e-06
2577,1.39516444967551e-06
2578,1.39516444967551e-06
2579,1.39516444967551e-06
2580,1.39516444967551e-06
2581,1.39516444967551e-06
2582,1.39516444967551e-06
2583,1.39516444967551e-06
2584,0.00042010739354421314
2585,7.757845722284688e-07
2586,1.39516444967551e-06
2587,1.39516444967551e-06
2588,1.39516444967551e-06
2589,1.39516444967551e-06
2590,1.39516444967551e-06
2591,1.39516444967551e-06
2592,7.951387449467392e-06
2593,1.0657028002018872e-05
2594,1.1119690379196492e-05
2595,1.1119690379196492e-05
2596,1.1119690379196492e-05
2597,8.897873899464086e-06
2598,6.422840629100496e-06
2599,5.115490402025572e-06
2600,5.115490402025572e-06
2601,5.115490402025572e-06
2602,5.115490402025572e-06
2603,5.115490402025572e-06
2604,4.920770938537128e-06
2605,0.0
2606,0.0
2607,0.0
2608,0.0
2609,0.0
2610,0.0
2611,0.0
2612,0.0
2613,0.0
2614,0.0
2615,0.0
2616,0.0
2617,0.0
2618,0.0
2619,0.0
2620,0.0
2621,1.6439987543462053e-08
2622,6.946457509360146e-07
2623,1.0096115779345194e-06
2624,1.39516444967551e-06
2625,1.39516444967551e-06
2626,1.39516444967551e-06
2627,1.39516444967551e-06
2628,1.39516444967551e-06
2629,1.39516444967551e-06
2630,1.39516444967551e-06
2631,1.39516444967551e-06
2632,1.1127854365734685e-06
2633,1.6951235922941222e-07
2634,1.3171937613615602e-06
2635,1.39516444967551e-06
2636,1.39516444967551e-06
2637,1.39516444967551e-06
2638,1.39516444967551e-06
2639,1.39516444967551e-06
2640,5.158681857534603e-06
2641,1.5257246585580646e-06
2642,9.342030036008682e-06
2643,8.18638794439481e-06
2644,1.1119690379196492e-05
2645,6.4092239397748455e-06
2646,5.115490402025572e-06
2647,5.115490402025572e-06
2648,5.115490402025572e-06
2649,5.115490402025572e-06
2650,5.115490402025572e-06
2651,0.00010589354687619244
2652,4.165259401113742e-06
2653,0.0
2654,0.0
2655,0.0
2656,0.0
2657,0.0
2658,0.0
2659,0.0
2660,0.0
2661,0.0
2662,0.0
2663,0.0
2664,0.0
2665,0.0
2666,0.0
2667,0.0
2668,0.0
2669,0.0
2670,2.084029705541313e-07
2671,4.50385640201705e-07
2672,1.3702149249828004e-06
2673,1.39516444967551e-06
2674,1.39516444967551e-06
2675,1.39516444967551e-06
2676,1.39516444967551e-06
2677,1.39516444967551e-06
2678,1.39516444967551e-06
2679,1.39516444967551e-06
2680,1.3684910437734327e-06
2681,4.5898896362106224e-07
2682,1.3311845408340006e-06
2683,1.39516444967551e-06
2684,1.39516444967551e-06
2685,1.39516444967551e-06
2686,1.39516444967551e-06
2687,1.39516444967551e-06
2688,1.4941418820420695e-06
2689,1.39516444967551e-06
2690,1.39516444967551e-06
2691,2.0521796129746602e-06
2692,6.63666895584136e-06
2693,4.89610807107965e-06
2694,5.095609386376227e-06
2695,3.7065013199638195e-06
2696,5.115490402025572e-06
2697,5.115490402025572e-06
2698,4.740338132311087e-06
2699,6.506134940205318e-05
2700,0.0012750557070007685
2701,2.4497324242098116e-07
2702,0.0
2703,0.0
2704,0.0
2705,0.0
2706,0.0
2707,0.0
2708,5.1425372967577735e-06
2709,0.0
2710,0.0
2711,0.0
2712,0.0
2713,0.0
2714,0.0
2715,0.0
2716,0.0
2717,0.0
2718,0.0
2719,0.0
2720,0.0
2721,1.0237874986679126e-06
2722,1.3624948208010282e-06
2723,1.39516444967551e-06
2724,1.39516444967551e-06
2725,1.39516444967551e-06
2726,1.39516444967551e-06
2727,1.39516444967551e-06
2728,1.39516444967551e-06
2729,1.39516444967551e-06
2730,5.397137975779089e-07
2731,1.2875451287977608e-06
2732,1.39516444967551e-06
2733,1.3733775622871636e-06
2734,1.1175887536081704e-06
2735,1.39516444967551e-06
2736,1.1818030343309343e-06
2737,1.39516444967551e-06
2738,1.39516444967551e-06
2739,1.39516444967551e-06
2740,7.34740845587649e-07
2741,6.80471201240013e-07
2742,1.8298833915889086e-06
2743,2.1297896877993593e-06
2744,1.8196646485951268e-06
2745,4.037628606856767e-06
2746,5.114941921976983e-06
2747,5.115490402025572e-06
2748,5.115490402025572e-06
2749,8.22240219502853e-06
2750,2.2738944120862123e-06
2751,0.0
2752,0.0
2753,0.0
2754,0.0
2755,0.0
2756,9.804011534817223e-05
2757,0.0
2758,0.0
2759,4.1471799980225084e-07
2760,4.428869824518906e-06
2761,5.527136061236726e-06
2762,8.612103290943857e-06
2763,6.826375961006504e-06
2764,1.8235949042266402e-05
2765,3.5409641536321995e-06
2766,1.6830923006890025e-05
2767,0.0
2768,0.0
2769,0.0
2770,0.0
2771,0.0
2772,0.0
2773,0.0
2774,0.0
2775,0.0
2776,0.0
2777,0.0
2778,0.0
2779,3.7529168281198413e-08
2780,7.54113517184392e-07
2781,4.13233696571653e-06
2782,1.297197696483533e-05
2783,1.39516444967551e-06
2784,1.39516444967551e-06
2785,1.39516444967551e-06
2786,1.39516444967551e-06
2787,1.39516444967551e-06
2788,1.3439921134958423e-06
2789,1.3951264677586709e-06
2790,1.3790645600973074e-06
2791,7.792293098425895e-07
2792,7.010451168788385e-08
2793,5.238435547832129e-07
2794,3.626224246227122e-08
2795,1.2774867846312767e-06
2796,1.0093817261262962e-06
2797,1.059939554588777e-06
2798,1.0331317803988099e-07
2799,6.76907311659749e-07
2800,1.8196646485951268e-06
2801,1.8196646485951268e-06
2802,1.8196646485951268e-06
2803,2.0794094727929994e-06
2804,3.943680454739815e-06
2805,5.115490402025572e-06
2806,5.115490402025572e-06
2807,5.046598935352458e-06
2808,1.7451366911527588e-07
2809,0.0
2810,4.50799646043607e-08
2811,0.0
2812,0.0
2813,0.0
2814,2.990255004996643e-06
2815,0.0002885696296468311
2816,0.0
2817,0.0
2818,0.0
2819,5.593648229096366e-06
2820,5.0648344187506214e-06
2821,1.5662746343820778e-05
2822,2.2266847009640502e-05
2823,2.2266847009640502e-05
2824,1.94952834664013e-05
2825,1.3286180847492513e-06
2826,1.5383937170505298e-05
2827,5.511091135068945e-06
2828,2.9192607229630715e-07
2829,0.0
2830,0.0
2831,0.0
2832,0.0
2833,0.0
2834,0.0
2835,0.0
2836,0.0
2837,0.0
2838,0.0
2839,0.0
2840,1.4517590607912178e-07
2841,5.5690088379988295e-05
2842,1.39516444967551e-06
2843,1.39516444967551e-06
2844,1.39516444967551e-06
2845,1.39516444967551e-06
2846,1.39516444967551e-06
2847,1.39516444967551e-06
2848,1.39516444967551e-06
2849,1.39516444967551e-06
2850,1.347275392165254e-06
2851,6.383437152408279e-08
2852,0.0
2853,0.0
2854,0.0
2855,7.160070394532948e-08
2856,6.786760974819108e-07
2857,4.268172306974049e-07
2858,1.782453116452551e-06
2859,1.8031728898835885e-06
2860,1.8196646485951268e-06
2861,1.8196646485951268e-06
2862,1.8196646485951268e-06
2863,1.9646665414901264e-06
2864,4.0567926953742295e-06
2865,3.0295576102098363e-06
2866,2.70795699441436e-06
2867,1.95202021242225e-06
2868,2.0345950234255102e-07
2869,0.0
2870,0.0
2871,0.0006187309200353956
2872,0.0
2873,0.0
2874,0.0
2875,0.000435435
2876,0.0
2877,1.879024513758949e-06
2878,2.264081094846145e-05
2879,2.4784452302644335e-05
2880,3.363789846492746e-05
2881,2.2266847009640502e-05
2882,2.1633644509682624e-05
2883,2.2266847009640502e-05
2884,1.378053600356718e-05
2885,8.845542036744472e-06
2886,9.452657325162942e-06
2887,6.484531222816369e-06
2888,0.0
2889,0.0
2890,0.0
2891,0.0
2892,0.0
2893,0.0
2894,0.0
2895,0.0
2896,0.0
2897,0.0
2898,5.179367800616818e-07
2899,1.3914835862952781e-06
2900,1.39516444967551e-06
2901,1.39516444967551e-06
2902,1.39516444967551e-06
2903,1.39516444967551e-06
2904,1.39516444967551e-06
2905,1.39516444967551e-06
2906,1.39516444967551e-06
2907,1.39516444967551e-06
2908,2.391110048780987e-07
2909,0.0
2910,0.0
2911,1.6344170096864616e-07
2912,8.115824087962278e-07
2913,1.8196646485951268e-06
2914,1.8196646485951268e-06
2915,1.8196646485951268e-06
2916,1.8196646485951268e-06
2917,1.8196646485951268e-06
2918,1.8196646485951268e-06
2919,1.8196646485951268e-06
2920,3.6060655296347926e-06
2921,2.8575572802737488e-06
2922,1.8196646485951268e-06
2923,1.8196646485951268e-06
2924,1.8196646485951268e-06
2925,1.3218135009610773e-06
2926,0.0
2927,0.0
2928,0.0
2929,0.0
2930,1.0094860166126516e-06
2931,3.836423497748191e-05
2932,0.0
2933,3.262022810640657e-05
2934,2.560566250834505e-05
2935,0.0004452263386959884
2936,8.37273475835974e-05
2937,9.503383622984531e-05
2938,4.076048634167997e-05
2939,3.37801646273769e-05
2940,4.008421442553195e-06
2941,2.8109025415878238e-06
2942,7.781169849737784e-06
2943,3.199933527543307e-06
2944,2.871396403985263e-06
2945,0.0
2946,0.0
2947,0.0
2948,0.0
2949,0.0
2950,0.0
2951,0.0
2952,0.0
2953,2.415605816061995e-07
2954,7.507320165598196e-07
2955,1.39516444967551e-06
2956,1.39516444967551e-06
2957,1.39516444967551e-06
2958,1.39516444967551e-06
2959,1.39516444967551e-06
2960,1.39516444967551e-06
2961,1.39516444967551e-06
2962,1.39516444967551e-06
2963,7.527656858410323e-07
2964,0.0
2965,0.0
2966,1.2478112839837238e-06
2967,1.8196646485951268e-06
2968,1.8196646485951268e-06
2969,1.8196646485951268e-06
2970,1.8196646485951268e-06
2971,1.8196646485951268e-06
2972,1.8196646485951268e-06
2973,1.8196646485951268e-06
2974,1.8196646485951268e-06
2975,2.8530799742195148e-06
2976,1.82003268330218e-06
2977,0.0005745297937123181
2978,1.8196646485951268e-06
2979,1.8196646485951268e-06
2980,4.819026436869503e-06
2981,9.798936434084806e-07
2982,1.6573642487334555e-06
2983,0.0
2984,1.5191381314720497e-06
2985,3.125263893739924e-05
2986,3.055198559572593e-06
2987,0.00023746482601442862
2988,0.0006668930320620442
2989,9.167358386886508e-05
2990,0.00047930268418817934
2991,0.00013797092132064684
2992,0.0003856777386395004
2993,0.00033313164506812486
2994,2.3430073400313684e-06
2995,3.083015354401943e-07
2996,1.7996308102591938e-06
2997,0.0
2998,0.0
2999,0.0
3000,0.0
3001,0.0
3002,0.0
3003,0.0
3004,0.0
3005,1.0160674122086215e-06
3006,1.253757180051077e-06
3007,1.39516444967551e-06
3008,1.39516444967551e-06
3009,1.39516444967551e-06
3010,1.39516444967551e-06
3011,1.39516444967551e-06
3012,6.244686016813984e-07
3013,4.5703949272314853e-07
3014,1.6328857822637427e-07
3015,2.2966867241453257e-07
3016,1.8196646485951268e-06
3017,1.8196646485951268e-06
3018,1.8196646485951268e-06
3019,1.8196646485951268e-06
3020,1.8196646485951268e-06
3021,1.8196646485951268e-06
3022,1.8196646485951268e-06
3023,1.8196646485951268e-06
3024,1.8196646485951268e-06
3025,1.8196646485951268e-06
3026,1.8196646485951268e-06
3027,1.8196646485951268e-06
3028,3.933607229453531e-06
3029,5.318482134940603e-06
3030,7.96426282825018e-06
3031,6.761315630770748e-06
3032,7.96426282825018e-06
3033,5.405478073927271e-06
3034,3.13163959573984e-06
3035,3.13163959573984e-06
3036,3.13163959573984e-06
3037,0.00010711240256054012
3038,8.597467029677827e-05
3039,0.0005592682684976101
3040,0.0008361671941799191
3041,0.001410379866955507
3042,0.014096388890884484
3043,0.0016655047620480776
3044,0.001210586395700475
3045,0.0
3046,5.314178454713821e-07
3047,3.012047593302549e-05
3048,2.4646139011400414e-05
3049,3.117770547637192e-05
3050,0.0
3051,0.0
3052,5.508222818080592e-08
3053,0.0
3054,8.414932049045725e-07
3055,4.7326418154259376e-07
3056,1.39516444967551e-06
3057,1.39516444967551e-06
3058,1.2521567834060395e-06
3059,8.106390912530752e-08
3060,2.656577166090756e-07
3061,1.8196646485951268e-06
3062,1.6792893683461154e-06
3063,1.8196646485951268e-06
3064,1.8196646485951268e-06
3065,1.8196646485951268e-06
3066,1.8196646485951268e-06
3067,1.8196646485951268e-06
3068,1.8196646485951268e-06
3069,1.8196646485951268e-06
3070,1.8196646485951268e-06
3071,1.8196646485951268e-06
3072,1.8196646485951268e-06
3073,1.8196646485951268e-06
3074,3.359147034597584e-06
3075,7.96426282825018e-06
3076,7.96426282825018e-06
3077,7.96426282825018e-06
3078,7.96426282825018e-06
3079,7.470455453943497e-06
3080,4.09580698126812e-06
3081,0.0010281296516330386
3082,3.13163959573984e-06
3083,3.13163959573984e-06
3084,7.615412673412759e-06
3085,8.567905235657923e-05
3086,7.141413259312599e-05
3087,0.00036891918791617274
3088,0.009165999235385509
3089,0.014765077083367386
3090,0.015060083300636094
3091,0.0015231949395580068
3092,3.875436094659469e-06
3093,0.0
3094,2.4236825639071332e-05
3095,0.0
3096,0.0
3097,1.7216615352821713e-05
3098,0.0
3099,0.0
3100,0.0
3101,0.0
3102,9.093136652123794e-07
3103,8.478820351673812e-07
3104,1.1161571866383604e-06
3105,1.7929347599933005e-06
3106,1.6733492832058985e-06
3107,1.8196646485951268e-06
3108,1.8196646485951268e-06
3109,1.8196646485951268e-06
3110,1.8196646485951268e-06
3111,1.8196646485951268e-06
3112,1.8196646485951268e-06
3113,1.8196646485951268e-06
3114,1.8196646485951268e-06
3115,1.8196646485951268e-06
3116,1.8196646485951268e-06
3117,1.8196646485951268e-06
3118,1.8196646485951268e-06
3119,2.7459589679906283e-06
3120,7.000142574093868e-06
3121,7.96426282825018e-06
3122,7.96426282825018e-06
3123,7.96426282825018e-06
3124,7.96426282825018e-06
3125,7.96426282825018e-06
3126,5.0166145714139975e-06
3127,3.1980530952835736e-06
3128,5.493081230903394e-05
3129,1.8579242242618465e-06
3130,3.446317241190729e-05
3131,2.7481447343385133e-05
3132,4.71095370035398e-05
3133,6.090886898564661e-06
3134,0.0016072670527788615
3135,0.0012387008179580354
3136,0.004204564419388755
3137,0.0
3138,0.0
3139,1.149130884195616e-05
3140,0.00021128926106535022
3141,2.8299617451900926e-05
3142,0.0
3143,0.0
3144,0.0
3145,0.0
3146,0.0
3147,2.601144266210851e-07
3148,1.3269064878321536e-06
3149,1.8196646485951268e-06
3150,1.8196646485951268e-06
3151,1.8196646485951268e-06
3152,1.8196646485951268e-06
3153,1.8196646485951268e-06
3154,1.8196646485951268e-06
3155,1.8196646485951268e-06
3156,1.8196646485951268e-06
3157,1.8196646485951268e-06
3158,1.8196646485951268e-06
3159,1.8196646485951268e-06
3160,1.8196646485951268e-06
3161,1.8196646485951268e-06
3162,6.938397708958528e-06
3163,7.96426282825018e-06
3164,7.96426282825018e-06
3165,7.96426282825018e-06
3166,7.96426282825018e-06
3167,7.96426282825018e-06
3168,7.96426282825018e-06
3169,7.82635328317947e-06
3170,4.241173456873196e-06
3171,2.2732103884785318e-06
3172,9.652032088423775e-07
3173,0.0
3174,0.0
3175,1.6770983151531386e-06
3176,1.2257791348724932e-05
3177,0.00014981940191640704
3178,0.000496023616614847
3179,0.0002102122762365278
3180,0.0
3181,1.587918605411821e-05
3182,6.858350386297905e-09
3183,3.66641528834665e-05
3184,0.0
3185,0.0
3186,0.0
3187,0.0
3188,0.0
3189,0.0
3190,7.708783714791882e-07
3191,1.7101304694560252e-06
3192,1.7606017403540976e-06
3193,1.8196646485951268e-06
3194,1.8196646485951268e-06
3195,1.8196646485951268e-06
3196,1.8196646485951268e-06
3197,1.8196646485951268e-06
3198,1.8196646485951268e-06
3199,1.8196646485951268e-06
3200,1.8196646485951268e-06
3201,1.8196646485951268e-06
3202,6.114207035183718e-06
3203,5.874397344690288e-06
3204,7.96426282825018e-06
3205,7.96426282825018e-06
3206,7.96426282825018e-06
3207,7.96426282825018e-06
3208,7.96426282825018e-06
3209,7.96426282825018e-06
3210,7.308539825565143e-06
3211,6.301219355549044e-06
3212,1.8276676182906616e-06
3213,1.8276676182906616e-06
3214,1.8276676182906616e-06
3215,1.2038770265581887e-07
3216,1.0968544568308982e-05
3217,0.0
3218,4.9814464004273925e-06
3219,7.6524983581204e-05
3220,0.0003710759569809743
3221,0.0007233040255384711
3222,0.0
3223,0.0
3224,0.0
3225,0.0
3226,0.0
3227,0.0
3228,0.0
3229,2.463591828102779e-07
3230,5.383348176759187e-07
3231,1.2776812560578723e-06
3232,1.301611524321426e-06
3233,1.2865518651943935e-06
3234,1.766939344181234e-06
3235,1.8196646485951268e-06
3236,1.8196646485951268e-06
3237,1.8196646485951268e-06
3238,1.8196646485951268e-06
3239,1.8196646485951268e-06
3240,1.8196687079929704e-06
3241,5.106563157306956e-06
3242,4.661960752054042e-06
3243,7.96426282825018e-06
3244,7.96426282825018e-06
3245,7.96426282825018e-06
3246,7.96426282825018e-06
3247,7.96426282825018e-06
3248,7.96426282825018e-06
3249,7.96426282825018e-06
3250,7.96426282825018e-06
3251,3.5760290893952257e-06
3252,1.8276676182906616e-06
3253,1.8276676182906616e-06
3254,0.000411362179838192
3255,0.0002398079717949779
3256,1.125210456804919e-06
3257,1.92506252717038e-05
3258,3.9714883653612006e-05
3259,2.206606063138174e-05
3260,0.0003673636629680385
3261,0.0014625385461061583
3262,0.00017722513239030853
3263,0.0
3264,0.0
3265,0.0
3266,0.0
3267,0.0
3268,0.0
3269,1.1494220604728648e-06
3270,1.2776812560578723e-06
3271,1.2776812560578723e-06
3272,1.2776812560578723e-06
3273,1.2776812560578723e-06
3274,1.4266929877486114e-06
3275,1.4924322511952607e-06
3276,1.7830138533970027e-06
3277,1.8196646485951268e-06
3278,1.8196646485951268e-06
3279,6.668507356740053e-06
3280,7.071279604397241e-06
3281,7.96426282825018e-06
3282,7.96426282825018e-06
3283,7.96426282825018e-06
3284,7.96426282825018e-06
3285,7.96426282825018e-06
3286,7.96426282825018e-06
3287,7.96426282825018e-06
3288,7.96426282825018e-06
3289,7.96426282825018e-06
3290,7.963857797655362e-06
3291,2.928220961544429e-06
3292,1.8276676182906616e-06
3293,1.8276676182906616e-06
3294,1.8298193524766443e-05
3295,1.5415591726872312e-06
3296,1.3839061478627363e-06
3297,1.2445546670673373e-06
3298,2.1197208005080405e-06
3299,5.12976990034946e-05
3300,5.734469143416348e-05
3301,7.172328208179831e-06
3302,0.00018653239728449103
3303,6.730365249653336e-06
3304,0.0
3305,0.0
3306,0.0
3307,0.0
3308,1.68385218552937e-06
3309,2.9384954614625204e-05
3310,7.183253208223908e-06
3311,1.2776812560578723e-06
3312,1.2776812560578723e-06
3313,1.2776812560578723e-06
3314,1.2776812560578723e-06
3315,1.2776812560578723e-06
3316,8.54483094408449e-07
3317,1.6599537274309987e-06
3318,3.6140596122328056e-06
3319,7.96426282825018e-06
3320,7.96426282825018e-06
3321,7.96426282825018e-06
3322,7.96426282825018e-06
3323,7.96426282825018e-06
3324,7.96426282825018e-06
3325,7.96426282825018e-06
3326,7.96426282825018e-06
3327,7.96426282825018e-06
3328,7.96426282825018e-06
3329,7.96426282825018e-06
3330,7.651273479853347e-06
3331,5.565109225399454e-06
3332,1.8276676182906616e-06
3333,1.8276676182906616e-06
3334,1.5070398456928214e-06
3335,1.3366706308178861e-06
3336,1.3366706308178861e-06
3337,1.3366706308178861e-06
3338,1.8575943989322703e-06
3339,3.1613262502599746e-05
3340,3.630614903352156e-05
3341,2.1833488881459515e-05
3342,1.607326801242734e-05
3343,0.0005177092622939021
3344,0.0
3345,0.0
3346,0.0
3347,3.144838418851429e-06
3348,2.264627495804543e-05
3349,3.523061602375519e-05
3350,1.870680294849449e-05
3351,1.2776812560578723e-06
3352,1.2776812560578723e-06
3353,1.2776812560578723e-06
3354,1.2776812560578723e-06
3355,1.2776812560578723e-06
3356,5.077384369992589e-07
3357,5.480479891273969e-07
3358,3.3595957386198634e-06
3359,7.96426282825018e-06
3360,7.96426282825018e-06
3361,7.96426282825018e-06
3362,7.96426282825018e-06
3363,7.96426282825018e-06
3364,7.96426282825018e-06
3365,7.96426282825018e-06
3366,7.96426282825018e-06
3367,7.96426282825018e-06
3368,7.96426282825018e-06
3369,7.96426282825018e-06
3370,7.96426282825018e-06
3371,7.96426282825018e-06
3372,2.9641494366113006e-06
3373,1.8276676182906616e-06
3374,1.8009270284429046e-06
3375,1.4413386936634207e-06
3376,1.3366706308178861e-06
3377,1.3366706308178861e-06
3378,6.688861600160557e-06
3379,2.0876608062801507e-05
3380,2.7416274571391234e-05
3381,2.2956682278825622e-05
3382,5.239372936243037e-05
3383,0.0002351738208668134
3384,3.0707766064477784e-06
3385,1.1388028243619839e-06
3386,0.0
3387,9.61207063477971e-06
3388,3.2223172171935366e-05
3389,2.423219907968216e-06
3390,2.8237977184683977e-06
3391,1.2776812560578723e-06
3392,1.2776812560578723e-06
3393,1.2776812560578723e-06
3394,1.2776812560578723e-06
3395,1.0718374613217898e-06
3396,2.1331501621421263e-07
3397,0.0
3398,2.756820304653458e-06
3399,2.5965890830193464e-06
3400,7.96426282825018e-06
3401,7.96426282825018e-06
3402,7.96426282825018e-06
3403,7.96426282825018e-06
3404,7.96426282825018e-06
3405,7.96426282825018e-06
3406,7.96426282825018e-06
3407,7.96426282825018e-06
3408,7.96426282825018e-06
3409,7.96426282825018e-06
3410,7.96426282825018e-06
3411,7.96426282825018e-06
3412,4.465343312330202e-06
3413,2.2543149427460666e-06
3414,1.7092010426718528e-06
3415,1.3366706308178861e-06
3416,1.3366706308178861e-06
3417,2.062763358328496e-06
3418,1.58755828317615e-05
3419,2.2775443468746634e-05
3420,2.2956682278825622e-05
3421,1.9565181690644507e-05
3422,2.2956682278825622e-05
3423,1.8016150626633574e-05
3424,1.3971038274691964e-05
3425,1.2900378900895746e-05
3426,1.8188101111633459e-06
3427,2.98830387596901e-06
3428,2.822525859462565e-07
3429,1.1921954757137506e-06
3430,1.2769895578922437e-06
3431,1.2776812560578723e-06
3432,1.0427900738664644e-06
3433,8.183297740297365e-07
3434,9.755698752581564e-08
3435,0.0
3436,0.0
3437,0.0
3438,4.5851300272696495e-08
3439,7.181988783401953e-06
3440,7.96426282825018e-06
3441,7.96426282825018e-06
3442,7.96426282825018e-06
3443,7.96426282825018e-06
3444,7.96426282825018e-06
3445,7.96426282825018e-06
3446,7.96426282825018e-06
3447,7.96426282825018e-06
3448,7.96426282825018e-06
3449,7.96426282825018e-06
3450,7.96426282825018e-06
3451,7.774525599368264e-06
3452,5.58652088287428e-06
3453,1.676163917913089e-06
3454,1.7874791536124293e-06
3455,3.7643933142970807e-06
3456,1.236688319057045e-05
3457,1.237398906920248e-05
3458,1.3860093247089398e-05
3459,1.69930541009521e-05
3460,1.3563027753814497e-05
3461,1.4236970261486868e-05
3462,1.3563027753814497e-05
3463,1.3563027753814497e-05
3464,1.3563027753814497e-05
3465,1.3563027753814497e-05
3466,1.3563027753814497e-05
3467,4.291371791019886e-06
3468,1.1150040709522434e-06
3469,9.246451654741522e-08
3470,2.3288287260923548e-07
3471,1.2495339597643425e-06
3472,1.20754728742469e-06
3473,0.0
3474,0.0
3475,0.0
3476,0.0
3477,0.0
3478,0.0
3479,2.6143439855589218e-06
3480,3.9824734383128135e-06
3481,7.781936758034544e-06
3482,7.817981162496535e-06
3483,7.96426282825018e-06
3484,7.96426282825018e-06
3485,7.96426282825018e-06
3486,7.96426282825018e-06
3487,7.96426282825018e-06
3488,7.96426282825018e-06
3489,7.96426282825018e-06
3490,7.96426282825018e-06
3491,7.96426282825018e-06
3492,7.96426282825018e-06
3493,3.819691577794651e-06
3494,9.484443383717954e-06
3495,1.294607060441389e-05
3496,1.3563027753814497e-05
3497,1.3563027753814497e-05
3498,1.3563027753814497e-05
3499,1.3563027753814497e-05
3500,1.3563027753814497e-05
3501,1.3563027753814497e-05
3502,1.3563027753814497e-05
3503,1.3563027753814497e-05
3504,1.3563027753814497e-05
3505,1.3563027753814497e-05
3506,1.3563027753814497e-05
3507,1.3563027753814497e-05
3508,1.2142239608475044e-05
3509,6.563975308704725e-07
3510,1.6760396476066482e-06
3511,6.61627575679347e-05
3512,0.0
3513,2.1815523603600067e-08
3514,0.0
3515,0.0
3516,0.0
3517,0.0
3518,0.0
3519,0.0
3520,5.132798016327477e-07
3521,1.6424489350496356e-06
3522,6.872446480743888e-06
3523,3.2375155149752094e-06
3524,7.855601261965065e-06
3525,5.019336101223468e-06
3526,7.96426282825018e-06
3527,7.96426282825018e-06
3528,7.96426282825018e-06
3529,7.96426282825018e-06
3530,7.96426282825018e-06
3531,7.96426282825018e-06
3532,7.96426282825018e-06
3533,9.707078042500519e-06
3534,1.3563027753814497e-05
3535,1.3563027753814497e-05
3536,1.3563027753814497e-05
3537,1.3563027753814497e-05
3538,1.3563027753814497e-05
3539,1.3563027753814497e-05
3540,1.3563027753814497e-05
3541,1.3563027753814497e-05
3542,1.3563027753814497e-05
3543,1.3563027753814497e-05
3544,1.3563027753814497e-05
3545,1.3563027753814497e-05
3546,1.3563027753814497e-05
3547,1.1805063220919405e-05
3548,1.248316839626462e-05
3549,6.280207794636709e-06
3550,6.184700297378942e-06
3551,1.8189386692639567e-05
3552,5.585428287391537e-07
3553,0.0
3554,0.0
3555,0.0
3556,0.0
3557,0.0
3558,0.0
3559,0.0
3560,0.0
3561,0.0
3562,4.4472298884816084e-07
3563,8.574471659792274e-07
3564,7.923598892289726e-06
3565,7.96426282825018e-06
3566,7.96426282825018e-06
3567,7.96426282825018e-06
3568,7.96426282825018e-06
3569,1.1874448182252716e-05
3570,9.788063116699713e-06
3571,1.2945413548558125e-05
3572,1.3538465830637339e-05
3573,1.0487627951833173e-05
3574,1.3563027753814497e-05
3575,1.3563027753814497e-05
3576,1.3563027753814497e-05
3577,1.3555827099194115e-05
3578,1.3209913369662316e-05
3579,1.943985329082523e-06
3580,1.2238930821433915e-05
3581,1.0610015457167779e-05
3582,1.3087923068092376e-05
3583,9.744549884266966e-06
3584,1.097232641857872e-05
3585,9.292063613414727e-06
3586,9.365740448427633e-06
3587,9.250336381188959e-06
3588,6.596083692074832e-07
3589,7.643361415326058e-06
3590,2.0288065056883054e-05
3591,1.443423557649035e-05
3592,0.0
3593,0.0
3594,1.8166717852249687e-06
3595,0.0
3596,3.1737187606416164e-10
3597,0.0
3598,0.0
3599,0.0
3600,8.016083004049837e-09
3601,0.0
3602,0.0
3603,6.90150876383362e-06
3604,7.133384968533697e-06
3605,7.96426282825018e-06
3606,9.170105016959129e-06
3607,9.687347841675347e-06
3608,1.3563027753814497e-05
3609,1.3563027753814497e-05
3610,1.3563027753814497e-05
3611,1.3563027753814497e-05
3612,2.087287209004323e-06
3613,5.216835853121675e-06
3614,3.7302407215467124e-06
3615,1.2841537882876073e-05
3616,1.1269939308879364e-06
3617,2.453447845792747e-06
3618,5.247703029124342e-07
3619,1.2853863919826373e-06
3620,0.00018960662374110327
3621,1.4334089508418033e-06
3622,1.986774915557601e-06
3623,9.213287070523345e-06
3624,9.292063613414727e-06
3625,9.292063613414727e-06
3626,0.0005128291513839698
3627,4.6500328095450855e-06
3628,0.0009441987840854299
3629,0.0001268110753228102
3630,2.6275775648751443e-06
3631,1.1662844649163003e-06
3632,2.831576431967943e-06
3633,1.9746539870656782e-07
3634,1.6569660524117252e-06
3635,2.419112193728154e-07
3636,1.2962029278675105e-06
3637,3.5897183363606094e-07
3638,2.3115303656607117e-06
3639,9.23583325469916e-07
3640,2.241227542613176e-06
3641,9.703107615347169e-07
3642,2.03358263268822e-06
3643,9.475414562999819e-06
3644,1.3563027753814497e-05
3645,1.3420794507057885e-05
3646,1.3563027753814497e-05
3647,1.3563027753814497e-05
3648,1.3563027753814497e-05
3649,9.577045303454562e-06
3650,5.247703029124342e-07
3651,5.247703029124342e-07
3652,5.247703029124342e-07
3653,1.0297852618526677e-06
3654,5.247703029124342e-07
3655,5.247703029124342e-07
3656,5.247703029124342e-07
3657,0.0003345549377533125
3658,3.4885856488446523e-06
3659,5.247703029124342e-07
3660,5.247703029124342e-07
3661,6.7068359879638965e-06
3662,9.21822808846069e-06
3663,9.292063613414727e-06
3664,9.292063613414727e-06
3665,9.291571894103464e-06
3666,3.920859711363898e-06
3667,9.587691084894111e-06
3668,4.0921208115491505e-06
3669,4.277054915712204e-06
3670,5.056410507826054e-07
3671,1.4037055790870485e-06
3672,1.905743824315518e-06
3673,2.2560091950192887e-06
3674,2.3432900469500908e-06
3675,2.3432900469500908e-06
3676,2.3432900469500908e-06
3677,2.3432900469500908e-06
3678,2.3432900469500908e-06
3679,1.7726442464788902e-06
3680,0.0
3681,9.799029643241812e-06
3682,1.3563027753814497e-05
3683,1.3563027753814497e-05
3684,1.3563027753814497e-05
3685,1.3563027753814497e-05
3686,6.006609637433959e-06
3687,1.8866467038931217e-06
3688,5.247703029124342e-07
3689,5.247703029124342e-07
3690,5.247703029124342e-07
3691,5.247703029124342e-07
3692,5.247703029124342e-07
3693,5.247703029124342e-07
3694,5.247703029124342e-07
3695,5.247703029124342e-07
3696,5.247703029124342e-07
3697,5.247703029124342e-07
3698,5.247703029124342e-07
3699,1.1813420200882091e-06
3700,3.149452652107968e-06
3701,8.568056393839808e-06
3702,9.292063613414727e-06
3703,9.292063613414727e-06
3704,8.001272047629217e-06
3705,1.096197775252712e-06
3706,2.1358563177015752e-05
3707,2.849524643453709e-05
3708,1.8036731529039072e-06
3709,1.8050858260100025e-06
3710,2.2735680515785264e-06
3711,2.3432900469500908e-06
3712,2.3432900469500908e-06
3713,2.3432900469500908e-06
3714,2.3432900469500908e-06
3715,1.8212829586160408e-06
3716,7.845023974010958e-07
3717,0.0
3718,1.5953356559198044e-06
3719,2.8917901186819525e-06
3720,1.3061195479557667e-05
3721,9.018998377084081e-06
3722,1.3563027753814497e-05
3723,3.849321014070741e-06
3724,5.247703029124342e-07
3725,5.247703029124342e-07
3726,5.247703029124342e-07
3727,5.247703029124342e-07
3728,5.247703029124342e-07
3729,5.247703029124342e-07
3730,5.247703029124342e-07
3731,5.247703029124342e-07
3732,5.247703029124342e-07
3733,5.247703029124342e-07
3734,5.247703029124342e-07
3735,5.247703029124342e-07
3736,0.00057344973487561
3737,5.247703029124342e-07
3738,4.998221010349773e-06
3739,9.292063613414727e-06
3740,9.292063613414727e-06
3741,9.292063613414727e-06
3742,1.614713551263178e-06
3743,4.302572615175147e-07
3744,1.8036731529039072e-06
3745,1.8036731529039072e-06
3746,1.8036731529039072e-06
3747,1.7776398156102807e-06
3748,1.3648193735417707e-06
3749,2.290922119961277e-06
3750,1.788470368750285e-06
3751,1.3661684507917078e-06
3752,0.0
3753,0.0
3754,0.0
3755,0.0
3756,0.0
3757,9.585459116581221e-08
3758,2.080147635141208e-07
3759,2.523065695432823e-06
3760,5.247703029124342e-07
3761,5.247703029124342e-07
3762,5.247703029124342e-07
3763,5.247703029124342e-07
3764,5.247703029124342e-07
3765,5.247703029124342e-07
3766,5.247703029124342e-07
3767,5.247703029124342e-07
3768,5.247703029124342e-07
3769,5.247703029124342e-07
3770,5.247703029124342e-07
3771,5.247703029124342e-07
3772,5.247703029124342e-07
3773,5.247703029124342e-07
3774,5.247703029124342e-07
3775,2.4324165495554046e-06
3776,8.468997316727244e-06
3777,9.292063613414727e-06
3778,9.292063613414727e-06
3779,5.941191763028807e-06
3780,6.679598684399887e-05
3781,6.676508981586876e-05
3782,1.6321793299354516e-06
3783,1.484023977871646e-06
3784,1.9451805883807731e-07
3785,0.0
3786,5.557415246966283e-08
3787,0.0
3788,0.0
3789,0.0
3790,1.1133256856933534e-07
3791,1.3001636551102306e-06
3792,2.3926007360434275e-08
3793,1.1463055383502995e-06
3794,1.2854251806834782e-07
3795,1.2685663048096565e-06
3796,3.589810667877162e-07
3797,5.247703029124342e-07
3798,5.247703029124342e-07
3799,5.247703029124342e-07
3800,5.247703029124342e-07
3801,5.247703029124342e-07
3802,5.247703029124342e-07
3803,5.247703029124342e-07
3804,5.247703029124342e-07
3805,5.247703029124342e-07
3806,0.0003332805798205691
3807,6.983096762462631e-06
3808,5.247703029124342e-07
3809,5.247703029124342e-07
3810,5.247703029124342e-07
3811,5.247703029124342e-07
3812,2.4023621486739367e-06
3813,2.5045446170431744e-06
3814,7.5090357906006785e-06
3815,5.8802066577346985e-06
3816,9.56766770973135e-06
3817,1.6196679393129723e-06
3818,0.002347544385887447
3819,2.4579355234446137e-05
3820,0.0001379849353697656
3821,0.0
3822,0.0
3823,0.0
3824,0.0
3825,0.0
3826,9.267977365652378e-08
3827,6.805575565871683e-07
3828,1.5980265938635935e-06
3829,2.0851884525657502e-06
3830,4.74478952569105e-06
3831,4.6620605053974024e-06
3832,4.74478952569105e-06
3833,2.6820684619094143e-06
3834,2.605856891854504e-06
3835,5.247703029124342e-07
3836,5.247703029124342e-07
3837,5.247703029124342e-07
3838,5.247703029124342e-07
3839,5.247703029124342e-07
3840,5.247703029124342e-07
3841,5.247703029124342e-07
3842,1.7046357416257535e-07
3843,0.00039453577868673066
3844,5.5384251491929504e-08
3845,4.301537737002599e-07
3846,6.391148112931839e-07
3847,6.197699402194825e-07
3848,5.984556921824016e-07
3849,5.247703029124342e-07
3850,5.247703029124342e-07
3851,6.275343033387324e-07
3852,5.247703029124342e-07
3853,8.648259531009103e-06
3854,6.888140849960482e-06
3855,0.00011137523928161913
3856,0.0001393032683685905
3857,1.2681219955130047e-05
3858,0.0
3859,0.0
3860,0.0
3861,3.3722001904719616e-08
3862,1.3886116099259248e-08
3863,1.340065337094906e-06
3864,1.5484418742456386e-06
3865,1.5980265938635935e-06
3866,2.187307636720778e-06
3867,4.525799432825541e-06
3868,4.74478952569105e-06
3869,4.74478952569105e-06
3870,4.74478952569105e-06
3871,4.74478952569105e-06
3872,1.9795959853232487e-06
3873,8.033270116646685e-07
3874,5.247703029124342e-07
3875,5.247703029124342e-07
3876,5.247703029124342e-07
3877,5.247703029124342e-07
3878,5.167582701402724e-07
3879,2.561261030512669e-07
3880,0.0
3881,0.0
3882,5.15310046030508e-08
3883,8.989899890924428e-07
3884,1.1687768908902765e-06
3885,1.177495038794146e-06
3886,5.275171085096298e-07
3887,5.247703029124342e-07
3888,5.247703029124342e-07
3889,4.208428141735943e-06
3890,9.569646778219867e-06
3891,1.0458886242858973e-05
3892,3.7062922347829375e-06
3893,0.0021009743377507985
3894,9.37201218530654e-05
3895,6.38840930080714e-06
3896,0.0
3897,3.600740998375678e-07
3898,6.379967830472232e-07
3899,1.5429205050737501e-06
3900,1.4644473662452419e-06
3901,1.5938838477812126e-06
3902,1.5059282499766467e-06
3903,8.171069939771387e-07
3904,3.5239632419837424e-06
3905,3.3817430824201592e-06
3906,4.74478952569105e-06
3907,4.74478952569105e-06
3908,4.74478952569105e-06
3909,4.74478952569105e-06
3910,4.74478952569105e-06
3911,4.655846304593293e-06
3912,1.480880737270437e-06
3913,5.247703029124342e-07
3914,5.247703029124342e-07
3915,5.247703029124342e-07
3916,5.247703029124342e-07
3917,1.1677170471468459e-07
3918,0.0
3919,0.0
3920,2.879441386896143e-07
3921,1.180578916916175e-06
3922,1.1941564317079315e-06
3923,1.1941564317079315e-06
3924,9.884284674811666e-07
3925,5.248626221014759e-06
3926,7.526673745192615e-07
3927,7.640094637952319e-06
3928,1.0458886242858973e-05
3929,1.0458886242858973e-05
3930,1.0458886242858973e-05
3931,1.038274355983453e-05
3932,6.125601840193176e-06
3933,1.1492524235898675e-05
3934,0.0
3935,0.0
3936,5.669373011218472e-07
3937,9.032898350437981e-07
3938,1.5980265938635935e-06
3939,2.3832493842417464e-07
3940,7.945292902810847e-08
3941,0.0
3942,2.7708775870325045e-07
3943,0.0
3944,2.847393123165108e-06
3945,2.022319029900753e-06
3946,4.74478952569105e-06
3947,4.74478952569105e-06
3948,4.74478952569105e-06
3949,4.30253978961431e-06
3950,4.008133863148567e-06
3951,1.0432802925818709e-06
3952,5.247703029124342e-07
3953,5.247703029124342e-07
3954,5.158055352501775e-07
3955,9.877942569040705e-08
3956,0.0
3957,6.659619050253647e-07
3958,8.435785234910602e-07
3959,1.122312887119257e-06
3960,1.1941564317079315e-06
3961,1.1941564317079315e-06
3962,4.053256833011591e-06
3963,7.951387223107668e-06
3964,8.949294888558744e-06
3965,1.0458886242858973e-05
3966,1.0458886242858973e-05
3967,1.0458886242858973e-05
3968,1.0458886242858973e-05
3969,1.0458886242858973e-05
3970,6.290732370861021e-06
3971,8.149128307909639e-07
3972,9.008607931308179e-07
3973,1.2118030148483792e-05
3974,2.076999338429663e-06
3975,7.782199277968827e-08
3976,0.0
3977,0.0
3978,2.48781806886318e-07
3979,0.0
3980,0.0
3981,0.0
3982,0.0
3983,0.0
3984,0.0
3985,9.085271844641906e-07
3986,4.74478952569105e-06
3987,4.74478952569105e-06
3988,4.74478952569105e-06
3989,1.2919758063545296e-06
3990,1.2900566547752645e-06
3991,5.952177870764553e-07
3992,5.247703029124342e-07
3993,5.247703029124342e-07
3994,5.176771192112159e-07
3995,3.7727602185220136e-08
3996,1.7975729320183686e-08
3997,9.794650296963932e-07
3998,1.0937352209270954e-06
3999,1.0937352209270954e-06
4000,1.1615534658749538e-06
4001,1.1688794688450632e-06
4002,1.1941564317079315e-06
4003,1.2477643550589007e-06
4004,1.0199812933392094e-05
4005,1.0007913046917614e-05
4006,1.0458886242858973e-05
4007,1.0458886242858973e-05
4008,1.0458886242858973e-05
4009,1.0458886242858973e-05
4010,1.0458886242858973e-05
4011,9.292382461472952e-06
4012,1.1164799819733933e-05
4013,1.0758661961334528e-05
4014,4.42071527114226e-06
4015,0.0
4016,0.0
4017,0.0
4018,0.0
4019,0.0
4020,0.0
4021,0.0
4022,0.0
4023,0.0
4024,9.762720644856702e-07
4025,4.74478952569105e-06
4026,4.74478952569105e-06
4027,4.742098757852956e-06
4028,1.0282481417378366e-06
4029,5.927820013924341e-07
4030,5.927820013924341e-07
4031,5.630306296731778e-07
4032,5.422647539286628e-07
4033,3.1824424062133117e-07
4034,1.2493004792262898e-08
4035,3.3982371308395574e-07
4036,1.0937352209270954e-06
4037,1.0937352209270954e-06
4038,1.0937352209270954e-06
4039,1.0937352209270954e-06
4040,1.119715235014874e-06
4041,1.1941564317079315e-06
4042,1.1941564317079315e-06
4043,1.9749079787914645e-06
4044,1.4791365106767967e-06
4045,9.399485238897104e-06
4046,1.0445283904817367e-05
4047,1.0458886242858973e-05
4048,1.0458886242858973e-05
4049,1.0458886242858973e-05
4050,1.0458886242858973e-05
4051,6.83159326471817e-06
4052,2.8182180621574122e-06
4053,7.451050916639349e-06
4054,9.92638277631397e-06
4055,9.735066647493453e-06
4056,2.578864342597588e-07
4057,0.0
4058,0.0
4059,0.0
4060,0.0
4061,0.0006615500550646155
4062,0.0
4063,0.0
4064,0.0
4065,7.783173906155055e-07
4066,4.734112985203234e-06
4067,2.8544406855598005e-06
4068,4.107950511632194e-06
4069,5.927820013924341e-07
4070,5.927820013924341e-07
4071,5.927820013924341e-07
4072,5.927820013924341e-07
4073,5.61493792286183e-07
4074,2.673626915148356e-07
4075,1.0013581349938994e-06
4076,8.072339909614291e-07
4077,1.0937352209270954e-06
4078,1.0937352209270954e-06
4079,1.0937352209270954e-06
4080,1.0937352209270954e-06
4081,1.1181553403006882e-06
4082,1.1925247065468155e-06
4083,1.1941564317079315e-06
4084,1.1941564317079315e-06
4085,1.1941564317079315e-06
4086,2.1454290822685747e-06
4087,1.0432869881525323e-05
4088,1.0458886242858973e-05
4089,1.0458886242858973e-05
4090,1.0458886242858973e-05
4091,1.0458886242858973e-05
4092,1.0458886242858973e-05
4093,8.943648389779263e-06
4094,2.8832617645654498e-06
4095,9.735066647493453e-06
4096,9.735066647493453e-06
4097,3.863374951490933e-06
4098,1.2190388812484016e-07
4099,0.0
4100,0.0
4101,0.0
4102,3.0619449353844707e-06
4103,0.0
4104,0.0
4105,0.0
4106,2.0216075690140489e-07
4107,3.208460819379891e-06
4108,5.927820013924341e-07
4109,5.927820013924341e-07
4110,5.927820013924341e-07
4111,5.927820013924341e-07
4112,5.927820013924341e-07
4113,5.927820013924341e-07
4114,5.886921144533067e-07
4115,3.873931179094633e-07
4116,1.0278147665068536e-06
4117,1.0937352209270954e-06
4118,1.0937352209270954e-06
4119,1.0937352209270954e-06
4120,1.0937352209270954e-06
4121,1.0937352209270954e-06
4122,1.1584154553693051e-06
4123,1.1941564317079315e-06
4124,1.1941564317079315e-06
4125,1.1941564317079315e-06
4126,1.1941564317079315e-06
4127,2.013745049087968e-06
4128,7.232757328037422e-06
4129,1.0458886242858973e-05
4130,1.0458886242858973e-05
4131,1.0458886242858973e-05
4132,1.0458886242858973e-05
4133,1.0458886242858973e-05
4134,1.018606078893464e-05
4135,9.277702729484632e-06
4136,9.735066647493453e-06
4137,8.900168048523056e-06
4138,9.986850000875213e-06
4139,1.1691236537829699e-08
4140,0.0
4141,0.0
4142,0.0
4143,0.0
4144,0.0
4145,0.0
4146,3.629489654947264e-07
4147,5.927820013924341e-07
4148,5.927820013924341e-07
4149,5.927820013924341e-07
4150,5.927820013924341e-07
4151,5.927820013924341e-07
4152,5.927820013924341e-07
4153,5.927820013924341e-07
4154,5.927820013924341e-07
4155,5.927820013924341e-07
4156,8.227336243141628e-07
4157,1.0937352209270954e-06
4158,1.0937352209270954e-06
4159,1.0937352209270954e-06
4160,1.0937352209270954e-06
4161,1.0937952770477313e-06
4162,1.1910814054164748e-06
4163,1.1941564317079315e-06
4164,1.1941564317079315e-06
4165,1.1941564317079315e-06
4166,1.1941564317079315e-06
4167,1.1941564317079315e-06
4168,1.1941564317079315e-06
4169,9.00609773499177e-06
4170,1.0066612630500962e-05
4171,1.0458886242858973e-05
4172,1.0458886242858973e-05
4173,1.0458886242858973e-05
4174,1.0458886242858973e-05
4175,3.7865726393550866e-06
4176,5.889013174487726e-06
4177,9.735066647493453e-06
4178,9.735066647493453e-06
4179,1.2765778782443889e-05
4180,9.320741297232805e-06
4181,1.1275738564595612e-05
4182,2.8557082001465737e-07
4183,0.0
4184,0.0
4185,0.0
4186,7.306235928309072e-08
4187,5.927820013924341e-07
4188,5.927820013924341e-07
4189,5.927820013924341e-07
4190,5.927820013924341e-07
4191,5.927820013924341e-07
4192,5.927820013924341e-07
4193,5.927820013924341e-07
4194,5.927820013924341e-07
4195,5.927820013924341e-07
4196,5.927820013924341e-07
4197,5.927820013924341e-07
4198,1.0477922005612002e-06
4199,1.0937352209270954e-06
4200,1.0937352209270954e-06
4201,1.0937352209270954e-06
4202,3.0715565726975265e-06
4203,5.788426142086485e-06
4204,1.1941564317079315e-06
4205,1.1941564317079315e-06
4206,1.1941564317079315e-06
4207,1.1941564317079315e-06
4208,1.1941564317079315e-06
4209,1.1941564317079315e-06
4210,1.5402998193297467e-06
4211,1.7000603245339493e-06
4212,1.045849432115458e-05
4213,1.0386623217939012e-05
4214,1.0458886242858973e-05
4215,1.0458886242858973e-05
4216,1.021141632794862e-05
4217,6.336758726581655e-06
4218,3.954656968699281e-06
4219,9.491666866447886e-06
4220,9.735066647493453e-06
4221,1.0852912428180208e-05
4222,1.4046793512078107e-05
4223,1.4046793512078107e-05
4224,9.979352158304183e-06
4225,8.487905384550357e-07
4226,0.0
4227,0.0
4228,2.1475799317977522e-07
4229,5.923414666493445e-07
4230,5.927820013924341e-07
4231,5.927820013924341e-07
4232,5.927820013924341e-07
4233,5.927820013924341e-07
4234,5.927820013924341e-07
4235,5.927820013924341e-07
4236,5.927820013924341e-07
4237,5.927820013924341e-07
4238,5.927820013924341e-07
4239,5.927820013924341e-07
4240,7.471387027291618e-07
4241,1.0043418829631397e-06
4242,1.0937352209270954e-06
4243,1.1364681720658917e-06
4244,8.437867355851894e-06
4245,1.2090363660678254e-05
4246,5.156728216314728e-06
4247,6.031691304791756e-06
4248,1.804996703368748e-06
4249,5.4797285852222e-06
4250,1.1941564317079315e-06
4251,1.1941564317079315e-06
4252,1.1941564317079315e-06
4253,1.1941564317079315e-06
4254,3.8594541865464215e-06
4255,5.07730544522995e-06
4256,7.91694840820079e-06
4257,5.2441411320000695e-06
4258,1.0160546200359187e-05
4259,2.886350158103327e-06
4260,1.2679537019876724e-06
4261,8.295878638129767e-06
4262,1.0856056812080423e-05
4263,1.34128416668285e-05
4264,1.3935935137206328e-05
4265,1.3974815130255749e-05
4266,1.326634742755482e-05
4267,8.742279324339564e-09
4268,0.0
4269,0.0
4270,7.44000229063579e-08
4271,4.0605775185450004e-07
4272,5.927820013924341e-07
4273,5.927820013924341e-07
4274,5.927820013924341e-07
4275,5.927820013924341e-07
4276,5.927820013924341e-07
4277,5.927820013924341e-07
4278,5.927820013924341e-07
4279,5.927820013924341e-07
4280,5.927820013924341e-07
4281,5.927820013924341e-07
4282,5.99827175991167e-07
4283,9.828893295228267e-07
4284,1.0937352209270954e-06
4285,4.2482911221321425e-06
4286,1.1883651391614918e-05
4287,1.2090363660678254e-05
4288,1.2090363660678254e-05
4289,1.2090363660678254e-05
4290,1.1363275107567506e-05
4291,1.2090363660678254e-05
4292,3.833782434338221e-06
4293,1.2543325038285508e-06
4294,1.1941564317079315e-06
4295,1.1941564317079315e-06
4296,1.1941564317079315e-06
4297,1.1941564317079315e-06
4298,1.1941564317079315e-06
4299,1.1941564317079315e-06
4300,1.6597605227858741e-06
4301,1.1941564317079315e-06
4302,1.1068403606266443e-06
4303,7.236934626274814e-07
4304,1.0682437407094362e-05
4305,1.4046793512078107e-05
4306,1.4046793512078107e-05
4307,1.4032110600982959e-05
4308,1.3780371518229597e-05
4309,1.2762145916617372e-05
4310,7.212317252268244e-06
4311,0.0
4312,0.0
4313,0.0
4314,3.3775155966481303e-07
4315,5.927820013924341e-07
4316,5.927820013924341e-07
4317,5.958721828070994e-05
4318,7.290485519169275e-05
4319,5.927820013924341e-07
4320,5.927820013924341e-07
4321,5.927820013924341e-07
4322,5.927820013924341e-07
4323,5.927820013924341e-07
4324,5.927820013924341e-07
4325,5.927820013924341e-07
4326,8.10714647507066e-07
4327,1.0937352209270954e-06
4328,8.677875526382864e-06
4329,1.2090363660678254e-05
4330,1.2090363660678254e-05
4331,1.2090363660678254e-05
4332,1.2090363660678254e-05
4333,1.2090363660678254e-05
4334,1.2090363660678254e-05
4335,1.1837779069697928e-05
4336,8.969300227531653e-06
4337,1.9519670604901823e-06
4338,5.4620245209223515e-06
4339,1.1941564317079315e-06
4340,1.1941564317079315e-06
4341,1.1941564317079315e-06
4342,1.1941564317079315e-06
4343,1.1941564317079315e-06
4344,1.1941564317079315e-06
4345,1.1941564317079315e-06
4346,1.1941564317079315e-06
4347,1.495518728429734e-07
4348,3.610146918428343e-06
4349,1.2750080266710269e-05
4350,0.001449344867329732
4351,1.4017203395674482e-05
4352,1.3744414816951221e-05
4353,1.377806767860825e-05
4354,1.377806767860825e-05
4355,6.372262122511089e-06
4356,3.5805501352642465e-06
4357,0.0
4358,6.142988221514135e-07
4359,5.927820013924341e-07
4360,2.221842912026514e-06
4361,0.0001192780005601781
4362,5.927820013924341e-07
4363,5.927820013924341e-07
4364,5.927820013924341e-07
4365,5.927820013924341e-07
4366,5.927820013924341e-07
4367,5.927820013924341e-07
4368,5.927820013924341e-07
4369,7.966560857550334e-07
4370,1.83388262608892e-06
4371,2.405811399966718e-06
4372,1.2028902603452199e-05
4373,1.2090363660678254e-05
4374,1.2090363660678254e-05
4375,1.2090363660678254e-05
4376,1.2090363660678254e-05
4377,1.2090363660678254e-05
4378,1.2090363660678254e-05
4379,1.2090363660678254e-05
4380,1.2090363660678254e-05
4381,1.2073566834533254e-05
4382,1.1858315103561493e-05
4383,1.306633697883101e-06
4384,4.421769296805674e-06
4385,1.1941564317079315e-06
4386,1.1941564317079315e-06
4387,1.1941564317079315e-06
4388,1.1941564317079315e-06
4389,1.1941564317079315e-06
4390,1.1941564317079315e-06
4391,8.275377977385803e-07
4392,1.3943248054531052e-07
4393,1.6241238627093094e-06
4394,3.7755996694742972e-06
4395,1.377806767860825e-05
4396,1.377806767860825e-05
4397,1.377806767860825e-05
4398,1.377806767860825e-05
4399,9.846291648428744e-06
4400,2.1562193785685133e-06
4401,5.977837364362362e-07
4402,9.610989621486787e-07
4403,5.927820013924341e-07
4404,5.927820013924341e-07
4405,5.927820013924341e-07
4406,5.927820013924341e-07
4407,5.927820013924341e-07
4408,5.927820013924341e-07
4409,5.927820013924341e-07
4410,1.0689561670612517e-06
4411,1.7535669486758355e-06
4412,1.9586344713642436e-06
4413,3.551396366513368e-06
4414,4.590627993677125e-06
4415,1.2090363660678254e-05
4416,1.2090363660678254e-05
4417,1.2090363660678254e-05
4418,1.2090363660678254e-05
4419,1.2090363660678254e-05
4420,1.2090363660678254e-05
4421,1.2090363660678254e-05
4422,1.2090363660678254e-05
4423,1.2090363660678254e-05
4424,1.2090363660678254e-05
4425,1.1123809937672618e-05
4426,1.1558216182632918e-05
4427,1.1941564317079315e-06
4428,1.1941564317079315e-06
4429,1.1941564317079315e-06
4430,1.1941564317079315e-06
4431,1.1941564317079315e-06
4432,9.723229731298427e-07
4433,4.704242446441591e-07
4434,6.86368348043884e-06
4435,7.903731056659007e-05
4436,1.377806767860825e-05
4437,7.375045248886206e-06
4438,5.771702414337944e-06
4439,2.393158830297639e-06
4440,2.2879018426208343e-06
4441,1.5722539093924562e-06
4442,5.927820013924341e-07
4443,5.927820013924341e-07
4444,5.927820013924341e-07
4445,5.927820013924341e-07
4446,5.927820013924341e-07
4447,5.927820013924341e-07
4448,5.927820013924341e-07
4449,1.8635817912139946e-06
4450,1.9586344713642436e-06
4451,1.9586344713642436e-06
4452,1.9586344713642436e-06
4453,7.75089005070035e-06
4454,1.0016610288279275e-05
4455,1.2090363660678254e-05
4456,1.2090363660678254e-05
4457,8.439843667738156e-06
4458,1.2090363660678254e-05
4459,1.2090363660678254e-05
4460,1.2090363660678254e-05
4461,1.2090363660678254e-05
4462,1.2090363660678254e-05
4463,1.2090363660678254e-05
4464,1.2090363660678254e-05
4465,1.2090363660678254e-05
4466,4.594958763562737e-06
4467,8.664139421002882e-06
4468,1.4383063305244423e-06
4469,1.1941564317079315e-06
4470,0.00027603188327221284
4471,3.4726161991581017e-06
4472,5.176502527260477e-07
4473,9.098764165429251e-06
4474,2.393158830297639e-06
4475,2.393158830297639e-06
4476,2.393158830297639e-06
4477,2.393158830297639e-06
4478,2.393158830297639e-06
4479,1.3095669970886555e-06
4480,5.927820013924341e-07
4481,5.927820013924341e-07
4482,5.927820013924341e-07
4483,5.927820013924341e-07
4484,7.307490483884371e-07
4485,8.233241656656825e-07
4486,1.9586344713642436e-06
4487,1.9586344713642436e-06
4488,1.9586344713642436e-06
4489,1.5501356287567885e-05
4490,3.397667527849237e-05
4491,2.4427014844575766e-05
4492,2.0250139434263195e-05
4493,2.9578701179822715e-06
4494,0.0
4495,5.899738768712286e-06
4496,4.847523732890578e-06
4497,1.2090363660678254e-05
4498,1.2090363660678254e-05
4499,1.2090363660678254e-05
4500,1.2090363660678254e-05
4501,1.2090363660678254e-05
4502,1.2090363660678254e-05
4503,1.2090363660678254e-05
4504,1.2437615313596609e-05
4505,7.818456469307896e-06
4506,1.900911282972484e-05
4507,2.1897856540217355e-05
4508,1.790885687435158e-05
4509,1.5532895574584525e-06
4510,2.393158830297639e-06
4511,2.393158830297639e-06
4512,2.393158830297639e-06
4513,2.393158830297639e-06
4514,2.393158830297639e-06
4515,2.1353191101221474e-06
4516,6.998597924761614e-07
4517,6.386782438136268e-07
4518,9.369357583888223e-07
4519,6.516875640001567e-07
4520,1.9018391104519968e-06
4521,1.951765846062664e-06
4522,1.9586344713642436e-06
4523,1.9586344713642436e-06
4524,5.070350305191295e-06
4525,2.2996090070235316e-05
4526,3.397667527849237e-05
4527,3.397667527849237e-05
4528,3.397667527849237e-05
4529,9.749995370544374e-07
4530,3.5221911082434553e-06
4531,0.0
4532,0.0
4533,4.155321942947587e-06
4534,2.8476638889865623e-06
4535,1.2090363660678254e-05
4536,1.0075038726859174e-05
4537,1.2090363660678254e-05
4538,9.9755493705662e-05
4539,1.4519408123192042e-05
4540,0.0002443911791617658
4541,0.00033310313399183424
4542,0.00038526231924740644
4543,1.6295301855167044e-05
4544,3.8934925372520517e-07
4545,1.8224390895558028e-06
4546,2.393158830297639e-06
4547,2.305647732319794e-06
4548,2.393158830297639e-06
4549,2.393158830297639e-06
4550,2.343004415176895e-06
4551,1.931021974923655e-06
4552,1.5931589168955687e-06
4553,1.937810437593569e-06
4554,1.859060333024191e-06
4555,1.9586344713642436e-06
4556,1.9586344713642436e-06
4557,1.9586344713642436e-06
4558,1.9586344713642436e-06
4559,1.9879594470752447e-05
4560,3.397667527849237e-05
4561,3.397667527849237e-05
4562,3.397667527849237e-05
4563,3.397667527849237e-05
4564,2.5182364669635953e-05
4565,2.9072080865731526e-05
4566,6.9533477993772205e-06
4567,3.728911144912066e-06
4568,0.0
4569,7.914956157189826e-08
4570,1.217582274740282e-06
4571,0.0
4572,2.2783935034753304e-05
4573,0.00025808524265992283
4574,0.000930077715628105
4575,0.0007262691108200026
4576,0.005627070014262963
4577,0.0002432205950751611
4578,1.4989121182698321e-05
4579,5.562019662871111e-08
4580,1.1182848944782117e-06
4581,4.655150863417706e-07
4582,2.3909952151935027e-06
4583,2.3843043891331065e-06
4584,2.393158830297639e-06
4585,1.114291552407442e-06
4586,1.997747660712316e-06
4587,1.8499598751106565e-06
4588,1.9586344713642436e-06
4589,1.9586344713642436e-06
4590,1.9586344713642436e-06
4591,1.9586344713642436e-06
4592,1.9586344713642436e-06
4593,8.425431830972022e-06
4594,3.373419103421704e-05
4595,7.97829643497431e-05
4596,3.397667527849237e-05
4597,3.6308455208292784e-05
4598,3.397667527849237e-05
4599,2.8476118333229866e-05
4600,1.3539148749624264e-05
4601,1.3538577611989415e-05
4602,5.571866527460474e-06
4603,1.214922461174252e-05
4604,3.319466434433967e-06
4605,6.590816208680249e-06
4606,0.0
4607,6.785577135243227e-06
4608,0.00013815655663858756
4609,7.98028874280852e-05
4610,0.0005099620283589984
4611,4.559182585544185e-06
4612,1.7954482156547713e-07
4613,3.548847420617567e-07
4614,9.288920903290787e-07
4615,6.495171795821533e-07
4616,1.1352180308807293e-06
4617,3.548847420617567e-07
4618,9.434849172109069e-07
4619,3.548847420617567e-07
4620,1.65882323625015e-06
4621,1.9586344713642436e-06
4622,1.9586344713642436e-06
4623,1.9586344713642436e-06
4624,0.00020018766721988267
4625,1.0781276020112027e-05
4626,3.397667527849237e-05
4627,3.397667527849237e-05
4628,0.0003245043939252984
4629,0.0007088411870464036
4630,1.9570402509340888e-05
4631,9.42689993157944e-06
4632,1.3823219022263196e-05
4633,1.3772919996733237e-05
4634,1.3539148749624264e-05
4635,1.3539148749624264e-05
4636,1.3539148749624264e-05
4637,1.3539148749624264e-05
4638,1.0078511015299958e-05
4639,1.3539148749624264e-05
4640,1.0283704479191231e-05
4641,1.1864935063320009e-05
4642,7.540607881631884e-06
4643,8.199326248509605e-06
4644,3.245232332890878e-08
4645,4.320067266020332e-06
4646,3.548847420617567e-07
4647,3.548847420617567e-07
4648,3.548847420617567e-07
4649,3.548847420617567e-07
4650,3.548847420617567e-07
4651,3.548847420617567e-07
4652,6.25409397933993e-07
4653,1.9433346302748085e-06
4654,1.9586344713642436e-06
4655,1.9586344713642436e-06
4656,9.247374362879819e-06
4657,2.3894178420346543e-05
4658,3.397667527849237e-05
4659,3.397667527849237e-05
4660,3.616664018176474e-05
4661,0.00015214373549830824
4662,0.0027974412561143987
4663,0.002554132178550223
4664,1.933180041902502e-05
4665,1.8438532062621827e-05
4666,1.3539148749624264e-05
4667,1.3539148749624264e-05
4668,1.3539148749624264e-05
4669,1.3539148749624264e-05
4670,1.3539148749624264e-05
4671,0.0004717698849689877
4672,1.3539148749624264e-05
4673,1.3539148749624264e-05
4674,1.3539148749624264e-05
4675,0.0017608075845358007
4676,7.598380126158273e-06
4677,7.743187229657445e-05
4678,4.313214435761023e-05
4679,4.0387315560045434e-07
4680,3.548847420617567e-07
4681,3.548847420617567e-07
4682,3.548847420617567e-07
4683,3.548847420617567e-07
4684,6.677875402573056e-07
4685,1.1601920011136956e-05
4686,2.8350467373850675e-06
4687,1.3731901855002098e-05
4688,1.062847038030686e-05
4689,2.6262232323236112e-05
4690,3.323077410125619e-05
4691,3.3940608175062323e-05
4692,2.551323196718099e-05
4693,0.008195807648742594
4694,0.0011035258205444474
4695,1.933180041902502e-05
4696,1.4602428990811436e-05
4697,1.3539148749624264e-05
4698,1.3539148749624264e-05
4699,1.3539148749624264e-05
4700,1.3539148749624264e-05
4701,6.229955518749218e-06
4702,5.836627192001255e-06
4703,5.515433964644798e-06
4704,9.43987286796705e-06
4705,7.551812060908671e-05
4706,7.943339456921584e-05
4707,3.648708804845097e-06
4708,4.5478346076489844e-07
4709,4.029812412276167e-05
4710,6.483786446177372e-05
4711,3.548847420617567e-07
4712,3.548847420617567e-07
4713,3.548847420617567e-07
4714,3.548847420617567e-07
4715,3.548847420617567e-07
4716,1.7907413678781903e-06
4717,7.313866723536682e-07
4718,1.9287017695580868e-05
4719,2.1164843372921097e-05
4720,2.1618606577017803e-05
4721,2.1618606577017803e-05
4722,2.6466007354482776e-05
4723,2.1814297069683724e-05
4724,0.000676847665163944
4725,0.0002656809161813715
4726,1.3360046779024669e-05
4727,1.8429552523925717e-05
4728,1.661252791194015e-05
4729,1.3539148749624264e-05
4730,1.3539148749624264e-05
4731,1.3539148749624264e-05
4732,1.3506659608499667e-05
4733,3.7639292853238854e-06
4734,2.7758367784438554e-06
4735,2.435570163975893e-07
4736,3.548847420617567e-07
4737,3.548847420617567e-07
4738,3.548847420617567e-07
4739,3.548847420617567e-07
4740,3.548847420617567e-07
4741,3.548847420617567e-07
4742,3.548847420617567e-07
4743,4.879614857232006e-06
4744,6.1459061116322175e-06
4745,1.0970823164033134e-05
4746,2.1618606577017803e-05
4747,2.1618606577017803e-05
4748,2.1618606577017803e-05
4749,0.00016258157221497012
4750,3.7591870925086955e-06
4751,1.5101458709386107e-06
4752,1.2688624221199264e-05
4753,1.2180440463384675e-05
4754,1.5907188944972063e-05
4755,1.3539148749624264e-05
4756,1.3539148749624264e-05
4757,9.889450819944062e-06
4758,7.5574478205572275e-06
4759,2.5938071266368496e-07
4760,3.548847420617567e-07
4761,3.548847420617567e-07
4762,3.548847420617567e-07
4763,3.548847420617567e-07
4764,3.548847420617567e-07
4765,8.229823375594136e-07
4766,2.3621645628630084e-06
4767,6.2848464632192494e-06
4768,6.2848464632192494e-06
4769,6.2848464632192494e-06
4770,1.6037641449160012e-05
4771,2.1618606577017803e-05
4772,0.00016566975363688815
4773,0.0016742484660455
4774,8.877415006235434e-07
4775,1.6564462397557902e-05
4776,5.128392262717695e-06
4777,1.2432317267625546e-05
4778,5.6880693993098915e-06
4779,5.802918817110603e-06
4780,5.301635931963248e-07
4781,2.3154230528091212e-07
4782,3.548847420617567e-07
4783,3.548847420617567e-07
4784,7.665729382690028e-07
4785,1.808283855093197e-06
4786,3.548847420617567e-07
4787,4.025624389741198e-06
4788,6.26255662233535e-06
4789,6.2848464632192494e-06
4790,6.2848464632192494e-06
4791,6.2848464632192494e-06
4792,1.0367452981719828e-05
4793,2.1456327690280238e-05
4794,2.765188856723537e-05
4795,4.582617333993258e-05
4796,4.721484396966037e-06
4797,3.1711708052701778e-06
4798,1.1715684229895131e-06
4799,3.0465785425460115e-06
4800,2.457614611775167e-07
4801,3.548847420617567e-07
4802,3.548847420617567e-07
4803,2.8392598225886818e-06
4804,5.960483688259263e-06
4805,4.00758280150148e-06
4806,6.2848464632192494e-06
4807,6.2848464632192494e-06
4808,6.2848464632192494e-06
4809,6.2848464632192494e-06
4810,6.2848464632192494e-06
4811,6.2848464632192494e-06
4812,3.528066466785338e-05
4813,5.19215483656962e-05
4814,2.745973694371685e-05
4815,2.9497031710422215e-07
4816,3.548847420617567e-07
4817,3.548847420617567e-07
4818,5.604471602778371e-07
4819,4.53486898910688e-06
4820,6.2848464632192494e-06
4821,6.2848464632192494e-06
4822,6.2848464632192494e-06
4823,6.2848464632192494e-06
4824,6.2848464632192494e-06
4825,6.2848464632192494e-06
4826,6.2848464632192494e-06
4827,6.2848464632192494e-06
4828,5.532259946116175e-05
4829,2.9349908808412745e-05
4830,1.830326383105749e-07
4831,3.548847420617567e-07
4832,1.6421077326959458e-06
4833,4.812632146009607e-06
4834,6.2848464632192494e-06
4835,6.2848464632192494e-06
4836,6.2848464632192494e-06
4837,6.2848464632192494e-06
4838,6.2848464632192494e-06
4839,6.2848464632192494e-06
4840,6.2848464632192494e-06
4841,2.320448325170897e-05
4842,6.2848464632192494e-06
4843,6.2848464632192494e-06
4844,4.356771202067844e-06
4845,4.567227890758323e-07
4846,4.0571578220491205e-07
4847,4.812655413070418e-06
4848,6.2848464632192494e-06
4849,6.2848464632192494e-06
4850,6.2848464632192494e-06
4851,6.2848464632192494e-06
4852,6.2848464632192494e-06
4853,6.2848464632192494e-06
4854,6.2848464632192494e-06
4855,5.968625480887155e-06
4856,0.00038699285381035576
4857,1.5938481870079186e-06
4858,6.185801050495253e-06
4859,2.1442324201176868e-06
4860,1.200251628735578e-07
4861,2.2738084105371717e-06
4862,6.2848464632192494e-06
4863,6.2848464632192494e-06
4864,6.2848464632192494e-06
4865,6.2848464632192494e-06
4866,6.2848464632192494e-06
4867,6.2848464632192494e-06
4868,6.2848464632192494e-06
4869,1.0643484292845094e-06
4870,8.031262948196736e-07
4871,3.532110234838705e-06
4872,5.2260570598927406e-06
4873,6.2848464632192494e-06
4874,6.2848464632192494e-06
4875,6.2848464632192494e-06
4876,6.152604432576932e-06
4877,3.0443519497892476e-06
4878,6.517690240351596e-07
4879,6.2848464632192494e-06
4880,5.872509017940887e-06
4881,6.2848464632192494e-06
4882,4.4360837704434336e-06
4883,7.825921983662548e-07
4884,2.522066370488872e-06
4885,4.926929365986292e-07
4886,4.685408143554919e-06
4887,4.4660659149627505e-06
4888,2.9529538152111664e-06
4889,1.111432332087448e-06
4890,3.750058073459856e-07
4891,4.210830305468026e-06
4892,0.0
4893,0.0
4894,0.0
4895,0.0
4896,0.0
4897,0.0
4898,0.0
4899,0.0
4900,0.0
4901,0.0
4902,0.0
4903,0.0
4904,0.0
4905,0.0
4906,0.0
4907,0.0
4908,0.0005331180985052042
4909,0.0
4910,0.00017738690149479578
4911,1.9977199646169245e-05
4912,0.0
4913,7.172280035383077e-05
4914,0.0
4915,0.0
4916,0.0
4917,0.0
4918,0.0
4919,0.0
4920,0.0
4921,0.0
4922,0.0
4923,0.0
4924,0.0
4925,0.0
4926,0.0
4927,0.0
4928,0.0
4929,0.0
4930,0.0
4931,0.0
4932,0.0
4933,0.0
4934,0.0
4935,0.0
4936,5.460549289974424e-06
4937,0.0
4938,0.0
4939,0.0
4940,0.0
4941,0.0
4942,0.0
4943,3.983937850509183e-06
4944,1.5148423724810532e-06
4945,3.119628212675985e-06
4946,2.7290700086434538e-05
4947,7.400435982331164e-06
4948,0.0
4949,0.0
4950,0.0
4951,0.0
4952,0.0
4953,1.2033580785842497e-05
4954,1.4756404345868478e-05
4955,2.0032658795354404e-05
4956,4.891243031754932e-06
4957,2.6831193761133722e-05
4958,2.630706679673603e-05
4959,2.729110827582711e-05
4960,2.0796311566911267e-05
4961,3.0868533424971973e-06
4962,0.0
4963,0.0
4964,0.0
4965,0.0
4966,0.0
4967,2.8233069269842216e-07
4968,7.815478387657708e-06
4969,1.4684168685286607e-05
4970,0.028729180661082102
4971,0.000776515034950758
4972,1.6784779007424056e-05
4973,1.6784779007424056e-05
4974,2.686894503201159e-05
4975,2.7703277608625397e-05
4976,2.729110827582711e-05
4977,2.729110827582711e-05
4978,2.6578316510622824e-05
4979,2.6451922696087292e-05
4980,6.03523215538544e-06
4981,1.4783613132300407e-06
4982,0.0
4983,0.0
4984,0.0
4985,1.299163304091922e-06
4986,2.9073341638577107e-06
4987,5.379577061560801e-07
4988,7.854528818265e-06
4989,0.0006890170519694292
4990,0.004557547708007215
4991,0.0003488279562141477
4992,0.002147545545483306
4993,3.4830015831504554e-05
4994,2.1164829212143478e-05
4995,2.765919171749224e-05
4996,3.200853554779547e-05
4997,3.4888901288687084e-05
4998,2.729110827582711e-05
4999,2.729110827582711e-05
5000,2.721088804874986e-05
5001,1.99512558545962e-05
5002,8.57135100158169e-10
5003,5.6748854789549904e-08
5004,4.937315871516541e-08
5005,3.039561835273226e-06
5006,4.21776275394724e-06
5007,4.053065868053466e-06
5008,4.0447445055495774e-07
5009,9.166572411913325e-06
5010,3.0002252965966223e-05
5011,0.0037752389034816118
5012,0.010261148759319712
5013,0.006375513331734963
5014,0.0008903969499840031
5015,1.660030459474025e-05
5016,1.4578918152132707e-05
5017,4.414656107512549e-05
5018,4.939882062292434e-05
5019,2.944975595937576e-05
5020,2.729110827582711e-05
5021,0.0014099513711913526
5022,2.729110827582711e-05
5023,1.3238399836100377e-05
5024,4.133149022030214e-06
5025,3.4190319959148027e-06
5026,4.123272820667917e-06
5027,4.21776275394724e-06
5028,4.2420531856658055e-06
5029,4.037612537694485e-06
5030,1.4653086823563818e-06
5031,1.6982191512109513e-05
5032,0.004342989276238014
5033,0.0034515729250485707
5034,0.003229739678349287
5035,0.0010735903569628594
5036,1.213822686387418e-05
5037,9.411547586776124e-06
5038,2.2173089386996082e-05
5039,2.723313610605764e-05
5040,3.3232805446425054e-05
5041,2.729110827582711e-05
5042,2.729110827582711e-05
5043,1.1467171006237005e-05
5044,1.1281561150989224e-05
5045,4.21776275394724e-06
5046,4.21776275394724e-06
5047,4.280514747055944e-06
5048,4.787885200194021e-06
5049,5.809008070025075e-06
5050,5.650198440794484e-06
5051,5.848966430978726e-06
5052,0.0019306783850678202
5053,0.00048562828355760366
5054,0.00018406229989775816
5055,6.0074984608779445e-05
5056,0.0034350573352973915
5057,9.543248406425318e-05
5058,1.2118501506191164e-05
5059,2.685161496155367e-05
5060,0.0010558595033380315
5061,2.715931711812974e-05
5062,0.0006797341551625399
5063,0.00016606031233769829
5064,4.21776275394724e-06
5065,4.432359501440339e-06
5066,4.21776275394724e-06
5067,5.045831852949106e-06
5068,5.895088754426106e-06
5069,5.896829271817942e-06
5070,5.896829271817942e-06
5071,5.896829271817942e-06
5072,2.6116388815045026e-06
5073,0.00011243765364528793
5074,0.0001417623368051737
5075,2.4862189771313535e-05
5076,2.5873069976924938e-05
5077,2.5873069976924938e-05
5078,2.5199001077021336e-05
5079,2.622401530224777e-05
5080,2.729110827582711e-05
5081,2.2027365914078623e-05
5082,0.00041331676495676633
5083,0.0008140258655073925
5084,4.21776275394724e-06
5085,2.5874881911335494e-06
5086,4.701385161556761e-06
5087,5.175778619205847e-06
5088,5.894559233917027e-06
5089,5.896829271817942e-06
5090,5.896829271817942e-06
5091,5.896829271817942e-06
5092,5.124935287379954e-06
5093,1.1463402812977734e-06
5094,5.538676956745029e-06
5095,0.0010262871843134168
5096,2.6061178431525516e-05
5097,2.7140007237137983e-05
5098,2.596757353427344e-05
5099,2.8734722915365858e-05
5100,2.705356707790192e-05
5101,1.927467457783332e-05
5102,0.0
5103,0.0
5104,1.7443235198019118e-06
5105,0.0021011434437371895
5106,3.3608629298670093e-05
5107,1.6673342073559072e-05
5108,5.896829271817942e-06
5109,5.896829271817942e-06
5110,5.896829271817942e-06
5111,5.896829271817942e-06
5112,5.896829271817942e-06
5113,4.274981009408571e-06
5114,0.004009016608526789
5115,3.153843161885155e-05
5116,3.5009778254970874e-05
5117,3.254212783546212e-05
5118,3.254413751038665e-05
5119,2.0796750168787226e-05
5120,7.040564191414975e-06
5121,1.833525697715436e-07
5122,0.0
5123,8.496214268276873e-06
5124,0.00013244948045479192
5125,0.004309147323628421
5126,6.647927567044296e-06
5127,5.896829271817942e-06
5128,5.896829271817942e-06
5129,5.896829271817942e-06
5130,5.896829271817942e-06
5131,5.896829271817942e-06
5132,5.896829271817942e-06
5133,2.2828802123952484e-06
5134,0.00169156837345543
5135,0.0008923720544602237
5136,5.713953770726864e-05
5137,3.5376566242796705e-05
5138,3.272091388893858e-05
5139,3.2134916923386286e-05
5140,9.435700458202712e-06
5141,0.0
5142,4.4842870197613895e-06
5143,6.151163674876624e-06
5144,6.823840611022184e-06
5145,5.026645191630855e-05
5146,6.719452818227482e-06
5147,5.940902273419626e-06
5148,5.896829271817942e-06
5149,5.896829271817942e-06
5150,5.896829271817942e-06
5151,5.896829271817942e-06
5152,5.896829271817942e-06
5153,5.707644316599602e-06
5154,2.2978906030137613e-06
5155,0.0008852097814926993
5156,0.0003227164917907666
5157,3.292912563051317e-05
5158,3.272091388893858e-05
5159,3.272091388893858e-05
5160,1.6019222839404007e-05
5161,0.0
5162,4.118568158900385e-06
5163,6.823840611022184e-06
5164,6.823840611022184e-06
5165,6.823840611022184e-06
5166,6.785882961954687e-06
5167,5.931236972528138e-06
5168,5.639889844395743e-06
5169,5.896829271817942e-06
5170,5.896829271817942e-06
5171,5.896829271817942e-06
5172,5.896829271817942e-06
5173,5.896829271817942e-06
5174,4.444533745335203e-06
5175,0.0009655027176633111
5176,0.00047760898957420266
5177,2.782004516991271e-05
5178,3.260755726976096e-05
5179,2.985335694110134e-05
5180,1.7097698428292868e-07
5181,6.604183634223802e-06
5182,6.823840611022184e-06
5183,4.065926516146325e-06
5184,6.823840611022184e-06
5185,6.696436183729799e-06
5186,2.902360449191629e-06
5187,1.1376829647034226e-07
5188,4.398541502917676e-06
5189,4.233724357391489e-06
5190,5.896829271817942e-06
5191,5.896829271817942e-06
5192,5.896829271817942e-06
5193,3.851769062326307e-06
5194,8.014424931707427e-08
5195,2.257613217142893e-06
5196,7.863184835645765e-05
5197,2.5352203406411273e-05
5198,2.556796818273838e-05
5199,2.5352203406411273e-05
5200,2.1825509652368128e-05
5201,8.628757446618449e-06
5202,2.7647340021960456e-06
5203,0.0
5204,3.172027930651949e-06
5205,2.043709068153896e-06
5206,1.0795327396290444e-06
5207,0.0
5208,0.0
5209,0.0
5210,2.4673632558507024e-06
5211,2.576307878986357e-06
5212,4.349032366718855e-06
5213,1.297957764827527e-06
5214,8.276161738522989e-07
5215,1.0836267896227064e-06
5216,1.9326747663672355e-05
5217,0.0006229526876513265
5218,0.00013457611583655773
5219,2.992793903438726e-05
5220,2.5352203406411273e-05
5221,2.251468246619513e-05
5222,0.0
5223,0.0
5224,0.00021421783823405912
5225,0.00017538216176594086
5226,0.0
5227,6.109650127687527e-07
5228,0.0
5229,0.0
5230,0.0
5231,7.638905936965925e-07
5232,1.4376422847300832e-06
5233,3.0933439596137546e-06
5234,3.0933439596137546e-06
5235,2.999548412070261e-06
5236,1.183425525251542e-05
5237,9.97270567332595e-05
5238,0.004158817478084293
5239,2.5352203406411273e-05
5240,2.5352203406411273e-05
5241,2.5352203406411273e-05
5242,9.964956074351041e-06
5243,0.0
5244,0.0
5245,6.94169507217104e-09
5246,6.895547172297649e-08
5247,3.5570765605108493e-06
5248,2.1304151979909565e-06
5249,2.9277134413622073e-06
5250,2.153622861464754e-07
5251,3.0870941511285217e-06
5252,3.0933439596137546e-06
5253,3.0933439596137546e-06
5254,3.0933439596137546e-06
5255,3.0933439596137546e-06
5256,2.011226564496083e-06
5257,7.230921437796105e-07
5258,2.8791102928693444e-05
5259,0.00038880407120577036
5260,2.628432790809867e-05
5261,1.536815813839875e-05
5262,0.0007787255654132632
5263,2.5352203406411273e-05
5264,2.47504221545899e-05
5265,1.2499669229223721e-05
5266,8.4835625966771e-08
5267,3.4199559038853338e-06
5268,3.5932970276851204e-06
5269,3.8031608933070158e-06
5270,3.8031608933070158e-06
5271,3.8031608933070158e-06
5272,3.5337340559806114e-06
5273,3.2270082406503866e-06
5274,3.0933439596137546e-06
5275,3.0933439596137546e-06
5276,3.0933439596137546e-06
5277,3.0933439596137546e-06
5278,3.0933439596137546e-06
5279,5.330994801868537e-06
5280,7.971563492661207e-07
5281,0.0008456438267578039
5282,8.877696072877303e-05
5283,9.809723316151935e-06
5284,2.119347597465851e-05
5285,5.621916468270523e-05
5286,2.3767721612578124e-05
5287,2.2674662668912345e-05
5288,6.818195919441313e-06
5289,3.8263394035565845e-06
5290,3.8031608933070158e-06
5291,0.0009295542081985524
5292,3.8031608933070158e-06
5293,3.8031608933070158e-06
5294,3.8031608933070158e-06
5295,3.6332522683562405e-06
5296,3.0933439596137546e-06
5297,3.1241205811861477e-06
5298,3.146882133374346e-06
5299,7.098464191945783e-06
5300,5.123681775921862e-06
5301,8.182310049019732e-06
5302,7.1783050431491135e-06
5303,6.455179265237415e-06
5304,3.970684488406712e-06
5305,0.0011083243934600993
5306,6.500406461673808e-06
5307,1.5062162218063124e-05
5308,6.802702084404233e-06
5309,3.122965005121282e-05
5310,0.0001822875071101745
5311,2.2174737895437107e-05
5312,1.1936089451032575e-05
5313,1.7158250283441013e-05
5314,3.788847730966114e-06
5315,3.8031608933070158e-06
5316,3.3693202259126345e-06
5317,3.705761454932937e-06
5318,2.6492486995804684e-06
5319,3.2189867155159813e-06
5320,7.296928265276537e-06
5321,7.810336746722216e-06
5322,8.182310049019732e-06
5323,8.182310049019732e-06
5324,4.5101299800134536e-06
5325,6.785407997575536e-06
5326,3.147631562759065e-06
5327,0.00016180216091037168
5328,5.829658492734159e-06
5329,3.137308534899606e-06
5330,2.9059319377737207e-06
5331,2.582947306563241e-07
5332,0.0003118313034091437
5333,0.010246769410004294
5334,0.0002216581003744629
5335,2.2451961730200373e-05
5336,4.031579324100959e-06
5337,0.0004926680568344208
5338,1.5681810413546692e-06
5339,0.0
5340,4.062161874747215e-07
5341,3.1749575762451635e-06
5342,7.701420170753523e-06
5343,8.182310049019732e-06
5344,8.182310049019732e-06
5345,8.173151303946041e-06
5346,5.045312200011656e-06
5347,3.084020499011041e-06
5348,3.084020499011041e-06
5349,6.3131654429266445e-06
5350,7.756285534478029e-07
5351,1.0372382213424006e-06
5352,3.137308534899606e-06
5353,3.137308534899606e-06
5354,3.0791387686185593e-06
5355,1.949167908193464e-06
5356,2.0736935952704255e-05
5357,0.000881414569691563
5358,0.0010825216781779803
5359,0.00024079185339924704
5360,1.1333493573339976e-05
5361,0.00010167202182677484
5362,0.00020849508479890618
5363,0.0
5364,1.1949363707844408e-06
5365,8.169581251747503e-06
5366,8.182310049019732e-06
5367,8.182310049019732e-06
5368,8.182310049019732e-06
5369,8.182310049019732e-06
5370,4.97519538946853e-06
5371,3.084020499011041e-06
5372,3.084020499011041e-06
5373,3.9268843280872856e-05
5374,0.00013973689337516004
5375,5.3835420848785646e-06
5376,6.261887852871372e-06
5377,3.3932298588660595e-06
5378,0.00018642396249996375
5379,3.137308534899606e-06
5380,7.921968257409597e-07
5381,1.4574734636969043e-05
5382,5.021310010039414e-05
5383,5.688491233624417e-06
5384,0.00048827161876898573
5385,5.284296688372133e-07
5386,0.0
5387,3.1119527564389946e-08
5388,2.9483283933675155e-06
5389,7.897898197153746e-05
5390,8.182310049019732e-06
5391,8.182310049019732e-06
5392,8.182310049019732e-06
5393,8.138949211481864e-06
5394,4.377082755962306e-06
5395,3.084020499011041e-06
5396,3.084020499011041e-06
5397,3.084020499011041e-06
5398,7.5435238002212744e-06
5399,2.2405733677024e-06
5400,7.4979182393139125e-06
5401,1.2490607315113605e-05
5402,7.123556275340531e-06
5403,9.47663608889958e-05
5404,3.2297806092594795e-06
5405,0.001133518932419117
5406,0.00045056545432979985
5407,5.4333620693452395e-06
5408,4.23792135887636e-06
5409,2.6012098293542196e-06
5410,1.0675057001863988e-06
5411,1.2024590388928806e-07
5412,5.77994737653131e-06
5413,7.993652177998297e-06
5414,0.0013752105133787579
5415,1.2743196409314332e-05
5416,8.182310049019732e-06
5417,8.182310049019732e-06
5418,7.967252693242794e-06
5419,3.236724809027583e-06
5420,3.084020499011041e-06
5421,3.084020499011041e-06
5422,3.084020499011041e-06
5423,3.084020499011041e-06
5424,3.084020499011041e-06
5425,2.2705707943498425e-06
5426,1.1641865501428093e-06
5427,1.0449259915992672e-05
5428,1.2490607315113605e-05
5429,1.2490607315113605e-05
5430,0.0005325597716209403
5431,3.02300561197426e-06
5432,4.82632768610119e-06
5433,5.47090470794137e-06
5434,5.351375339775059e-06
5435,1.0710329507219307e-06
5436,1.0675057001863988e-06
5437,1.0675057001863988e-06
5438,1.1652064362955448e-06
5439,3.2501784695875727e-06
5440,8.182310049019732e-06
5441,8.182310049019732e-06
5442,8.182310049019732e-06
5443,8.182310049019732e-06
5444,8.182310049019732e-06
5445,5.563251605877001e-06
5446,3.5638119348677454e-06
5447,3.084020499011041e-06
5448,3.084020499011041e-06
5449,3.084020499011041e-06
5450,3.084020499011041e-06
5451,3.084020499011041e-06
5452,3.084020499011041e-06
5453,2.9972973181618844e-06
5454,1.4039539466274168e-06
5455,1.2490607315113605e-05
5456,1.2490607315113605e-05
5457,9.566437607337811e-05
5458,1.8194171193952835e-05
5459,6.4067818462087155e-06
5460,4.805969639162704e-06
5461,4.819305558782449e-06
5462,2.4096484659396743e-06
5463,9.298191015647069e-07
5464,1.0202038667097567e-06
5465,1.0675057001863988e-06
5466,1.0675057001863988e-06
5467,1.0675057001863988e-06
5468,5.901402980841001e-06
5469,7.76574096816991e-06
5470,8.182310049019732e-06
5471,8.182310049019732e-06
5472,8.182310049019732e-06
5473,3.6666240061216668e-06
5474,3.076838806397337e-06
5475,3.084020499011041e-06
5476,3.084020499011041e-06
5477,3.084020499011041e-06
5478,3.084020499011041e-06
5479,3.084020499011041e-06
5480,3.084020499011041e-06
5481,3.084020499011041e-06
5482,7.725170904249341e-07
5483,1.3648768326945362e-06
5484,8.176779465451615e-06
5485,1.2490607315113605e-05
5486,1.2490607315113605e-05
5487,1.49996700841996e-05
5488,0.0007888405080104896
5489,3.762838569589226e-06
5490,5.42046206674422e-06
5491,2.3905442054235317e-06
5492,9.298191015647069e-07
5493,9.298191015647069e-07
5494,9.447097922154497e-07
5495,1.0225374976628947e-06
5496,1.0675057001863988e-06
5497,1.0675057001863988e-06
5498,1.1917883707265016e-06
5499,4.649656829534172e-06
5500,8.147962650680014e-06
5501,5.550129097682191e-06
5502,4.804621810401908e-06
5503,0.0004615437340078538
5504,4.789996542577323e-05
5505,2.9105488133511285e-06
5506,3.084020499011041e-06
5507,0.001079377006634456
5508,3.084020499011041e-06
5509,3.084020499011041e-06
5510,3.084020499011041e-06
5511,3.084020499011041e-06
5512,1.3642088408892576e-06
5513,1.4981257606347453e-06
5514,9.374287200263988e-06
5515,7.814606660431985e-06
5516,8.182444789796234e-06
5517,5.012275541393261e-06
5518,1.0913296156537626e-05
5519,4.0670682029458114e-06
5520,3.073724308287331e-06
5521,1.789379225129786e-06
5522,9.298191015647069e-07
5523,9.298191015647069e-07
5524,9.298191015647069e-07
5525,9.743176013245667e-07
5526,1.0675057001863988e-06
5527,1.0675057001863988e-06
5528,1.0675057001863988e-06
5529,1.1872425469161053e-06
5530,3.312915830630849e-06
5531,2.7292670435968824e-06
5532,2.7292670435968824e-06
5533,2.7292670435968824e-06
5534,2.7292670435968824e-06
5535,2.7292670435968824e-06
5536,2.9935947234272223e-06
5537,0.0002033270589604042
5538,3.347377774494128e-06
5539,3.084020499011041e-06
5540,3.084020499011041e-06
5541,3.084020499011041e-06
5542,2.6907603720814367e-06
5543,6.544303224089377e-07
5544,0.0006452041795043009
5545,0.0013009768401902576
5546,0.0008154912103717841
5547,1.8031668940079781e-06
5548,1.8031668940079781e-06
5549,2.1388053643912997e-06
5550,1.996303766949273e-06
5551,3.742025744947658e-06
5552,1.996303766949273e-06
5553,1.996303766949273e-06
5554,0.0004143124005263277
5555,1.2913300269402376e-06
5556,9.298191015647069e-07
5557,9.298191015647069e-07
5558,9.298191015647069e-07
5559,1.0278002198917165e-06
5560,9.397844131445536e-07
5561,9.931599710503123e-07
5562,1.0422458883037714e-06
5563,2.486992863956827e-06
5564,2.7292670435968824e-06
5565,2.7292670435968824e-06
5566,2.7292670435968824e-06
5567,2.7292670435968824e-06
5568,2.7292670435968824e-06
5569,2.7292670435968824e-06
5570,2.7292670435968824e-06
5571,0.00017112937978769528
5572,3.084020499011041e-06
5573,3.084020499011041e-06
5574,3.084020499011041e-06
5575,3.084020499011041e-06
5576,6.455637682224738e-06
5577,1.0874796047339686e-05
5578,0.006130891222424235
5579,0.0002131099600859058
5580,1.8031668940079781e-06
5581,1.8031668940079781e-06
5582,1.8771492571958946e-06
5583,1.950187240500149e-06
5584,1.996303766949273e-06
5585,1.996303766949273e-06
5586,1.996303766949273e-06
5587,1.996303766949273e-06
5588,1.791974979688319e-06
5589,1.545341123872276e-06
5590,9.298191015647069e-07
5591,9.298191015647069e-07
5592,9.298191015647069e-07
5593,9.642744221960223e-07
5594,9.298191015647069e-07
5595,1.6745188098311218e-06
5596,2.3560556246134396e-06
5597,2.7292670435968824e-06
5598,2.7292670435968824e-06
5599,2.7292670435968824e-06
5600,2.7292670435968824e-06
5601,2.7292670435968824e-06
5602,2.7292670435968824e-06
5603,2.7292670435968824e-06
5604,4.557787220312859e-05
5605,7.677644407284518e-06
5606,3.402142482930877e-06
5607,6.661764083124126e-06
5608,1.3234840787568543e-05
5609,1.705015444839985e-05
5610,2.8151464607001967e-06
5611,5.17689068289242e-08
5612,8.783434460035046e-07
5613,6.428631351630134e-07
5614,3.1218826371830202e-06
5615,2.7584585187810516e-06
5616,3.195288693023167e-06
5617,1.140932992913502e-05
5618,2.382426788595019e-06
5619,1.8031668940079781e-06
5620,1.8031668940079781e-06
5621,1.8215678844038994e-06
5622,1.8031668940079781e-06
5623,1.9513433273175967e-06
5624,1.9519838013290665e-06
5625,1.996303766949273e-06
5626,1.996303766949273e-06
5627,1.996303766949273e-06
5628,1.996303766949273e-06
5629,1.4247486736602325e-05
5630,2.80594557915296e-05
5631,9.356727289117123e-07
5632,1.8367618306172549e-06
5633,1.6414271603878146e-06
5634,1.996303766949273e-06
5635,2.3055277488121857e-06
5636,2.7292670435968824e-06
5637,2.7292670435968824e-06
5638,2.7292670435968824e-06
5639,2.7292670435968824e-06
5640,2.7292670435968824e-06
5641,2.7292670435968824e-06
5642,5.988256384388896e-06
5643,6.209324495914154e-06
5644,1.0228229400209331e-05
5645,8.288127411591192e-06
5646,1.2834614049104315e-05
5647,1.705015444839985e-05
5648,1.705015444839985e-05
5649,7.096999685933969e-06
5650,2.0607374938865844e-05
5651,1.7066141921662882e-07
5652,6.0365581847030337e-05
5653,8.929443082446563e-07
5654,9.818186691376123e-07
5655,1.356728076784662e-06
5656,1.7155834959115473e-06
5657,3.195288693023167e-06
5658,3.195288693023167e-06
5659,3.195288693023167e-06
5660,3.195288693023167e-06
5661,2.28684528829288e-06
5662,1.8031668940079781e-06
5663,1.8031668940079781e-06
5664,1.8031668940079781e-06
5665,1.8031668940079781e-06
5666,1.8480555861771959e-06
5667,1.996303766949273e-06
5668,1.996303766949273e-06
5669,1.996303766949273e-06
5670,1.996303766949273e-06
5671,8.00556403982143e-06
5672,1.996303766949273e-06
5673,1.903295481630904e-06
5674,1.996303766949273e-06
5675,1.996303766949273e-06
5676,1.996303766949273e-06
5677,2.0527058814974276e-06
5678,2.5878451472399394e-06
5679,2.725432748975218e-06
5680,7.754075522902334e-07
5681,2.49135006043045e-06
5682,2.7292670435968824e-06
5683,6.187672060207387e-06
5684,1.1072229218972106e-05
5685,1.0228229400209331e-05
5686,1.0477771818819912e-05
5687,1.0228229400209331e-05
5688,1.0228229400209331e-05
5689,1.81289356595846e-05
5690,1.669822790764614e-05
5691,1.1668981887359967e-05
5692,0.0007156808439668782
5693,1.7774964337859773e-06
5694,1.5601882967533952e-06
5695,0.0004228070757997163
5696,9.882704296066028e-07
5697,9.882704296066028e-07
5698,9.882704296066028e-07
5699,2.226686244984807e-06
5700,3.164069748442212e-06
5701,3.195288693023167e-06
5702,3.194953433410735e-06
5703,2.594808693169217e-06
5704,1.8031668940079781e-06
5705,1.8031668940079781e-06
5706,1.8031668940079781e-06
5707,1.8031668940079781e-06
5708,1.8031668940079781e-06
5709,1.9816028030853647e-06
5710,1.996303766949273e-06
5711,1.996303766949273e-06
5712,1.996303766949273e-06
5713,1.996303766949273e-06
5714,0.00018644035086526047
5715,1.996303766949273e-06
5716,1.996303766949273e-06
5717,1.996303766949273e-06
5718,1.996303766949273e-06
5719,1.996303766949273e-06
5720,1.633243973359578e-06
5721,7.586768579539796e-07
5722,0.0
5723,1.5110855632731205e-06
5724,7.38657821762602e-06
5725,9.248033801899592e-06
5726,1.194742169479414e-05
5727,1.1639757393083875e-05
5728,1.1859461847417941e-05
5729,1.0228934605437766e-05
5730,0.0002880853898345522
5731,0.0004622326404118966
5732,0.0011793141881534237
5733,1.705015444839985e-05
5734,9.121027179037364e-06
5735,3.326426248127378e-07
5736,1.952247032648617e-06
5737,3.3211231735798524e-06
5738,3.3211231735798524e-06
5739,3.3211231735798524e-06
5740,1.33787153570605e-06
5741,1.1401533601511756e-06
5742,9.882704296066028e-07
5743,9.882704296066028e-07
5744,1.2097708717569338e-06
5745,2.0048968816394066e-06
5746,3.195288693023167e-06
5747,3.195288693023167e-06
5748,2.4428058570215863e-06
5749,1.8031668940079781e-06
5750,1.8031668940079781e-06
5751,1.8031668940079781e-06
5752,1.8031668940079781e-06
5753,1.6765462129377784e-06
5754,1.4207878072853027e-06
5755,8.599836041983817e-07
5756,1.7784195936526395e-06
5757,9.127947739090177e-07
5758,0.00044070650871016575
5759,0.00021391799846995073
5760,1.996303766949273e-06
5761,1.16540475540663e-06
5762,1.4819891399015768e-06
5763,9.382312865786584e-07
5764,1.995402069391672e-06
5765,3.3142073363619734e-07
5766,0.0
5767,0.0
5768,6.193075767275816e-07
5769,8.644873286221791e-06
5770,1.194742169479414e-05
5771,1.194742169479414e-05
5772,1.160210152672729e-05
5773,1.0157079008307754e-05
5774,0.00010035661328901293
5775,0.0025175669907099643
5776,0.006493949815411627
5777,0.0008438327072162687
5778,0.00016888424791554335
5779,0.00014462113094694128
5780,3.6013929388478964e-06
5781,3.6755199509850328e-06
5782,3.3211231735798524e-06
5783,3.3211231735798524e-06
5784,3.3014158816288933e-06
5785,3.2030410154372938e-06
5786,1.0227078145929183e-06
5787,9.882704296066028e-07
5788,9.882704296066028e-07
5789,1.717870589815576e-06
5790,3.195288693023167e-06
5791,3.192823834136768e-06
5792,2.9986151496515413e-06
5793,1.8443644654148607e-06
5794,1.9037870467020977e-06
5795,2.1589228581918524e-06
5796,1.8031668940079781e-06
5797,1.8128585777736886e-06
5798,1.1744144221595132e-07
5799,0.0
5800,0.0
5801,1.0840922199582139e-08
5802,6.748201733459967e-08
5803,0.0
5804,1.764873182448702e-07
5805,0.0
5806,4.424067801282625e-11
5807,0.0
5808,1.5100830719545193e-07
5809,0.0
5810,0.0
5811,0.0
5812,0.0
5813,2.493330287619693e-06
5814,1.1919724753380564e-05
5815,9.467949432753441e-06
5816,9.161064158412697e-06
5817,8.845427094255721e-06
5818,0.00021245416751249324
5819,0.0002633433391216505
5820,0.0006115081275570531
5821,0.00035179886563579184
5822,0.0003860959009716976
5823,2.1597483810204825e-07
5824,7.493433232759101e-05
5825,0.0023962118918342125
5826,2.5366693431999654e-05
5827,4.410583905517683e-06
5828,4.286218874650736e-06
5829,3.3211231735798524e-06
5830,3.3211231735798524e-06
5831,3.3211231735798524e-06
5832,3.3211231735798524e-06
5833,3.0201672114494247e-06
5834,2.7865867180996623e-06
5835,9.882704296066028e-07
5836,1.3571344693588066e-06
5837,3.195288693023167e-06
5838,2.324834845751079e-06
5839,2.0896017423194827e-06
5840,2.088225901867407e-06
5841,2.4369372547345505e-06
5842,2.4370900404879895e-06
5843,2.2102804349609375e-06
5844,2.109698940290479e-06
5845,3.9282386698230177e-07
5846,9.261658036485391e-07
5847,0.0
5848,1.8099624894675866e-06
5849,4.667472194214527e-07
5850,5.850879365832172e-07
5851,0.0
5852,0.0
5853,0.0
5854,0.0
5855,0.0
5856,0.0
5857,0.0
5858,0.0
5859,0.0
5860,0.0
5861,7.256577119917856e-06
5862,8.845427094255721e-06
5863,8.845427094255721e-06
5864,8.845427094255721e-06
5865,8.845427094255721e-06
5866,1.971430371199826e-05
5867,0.002515392147302685
5868,0.006029156461317562
5869,4.779374384758765e-06
5870,5.1543563670576185e-06
5871,7.440570613184168e-06
5872,0.00014791365104678143
5873,7.619796377327684e-10
5874,0.00026355642579899895
5875,3.4975043445956887e-06
5876,4.410583905517683e-06
5877,4.410583905517683e-06
5878,4.1464094208557765e-06
5879,4.036729421507198e-06
5880,3.3223489534329435e-06
5881,3.291742160409274e-06
5882,3.3211231735798524e-06
5883,3.3211231735798524e-06
5884,2.3503993294889243e-06
5885,2.6837133807828567e-06
5886,3.1807798062377388e-06
5887,2.1402317264110943e-06
5888,2.0196777748044805e-06
5889,2.4370900404879895e-06
5890,2.4370900404879895e-06
5891,2.4370900404879895e-06
5892,2.4370900404879895e-06
5893,2.4370900404879895e-06
5894,2.297135421460102e-06
5895,2.4370900404879895e-06
5896,1.714157232692074e-06
5897,0.00027796958470658
5898,2.4298119823621554e-06
5899,2.4370900404879895e-06
5900,1.188902681664109e-06
5901,7.934970989047502e-11
5902,0.0
5903,0.0
5904,0.0
5905,0.0
5906,0.0
5907,0.0
5908,0.0
5909,0.0
5910,3.954303842115852e-06
5911,8.328843140824858e-06
5912,8.845427094255721e-06
5913,8.845427094255721e-06
5914,8.845427094255721e-06
5915,8.177190500749595e-06
5916,0.0007702031177251083
5917,0.000893788
5918,0.0
5919,2.328173093406317e-06
5920,7.440570613184168e-06
5921,5.7100772353558016e-06
5922,4.6850900879754164e-06
5923,1.2640135961133246e-06
5924,1.9455896643228075e-06
5925,1.504450248138701e-06
5926,4.187044406030385e-06
5927,1.968101496209933e-06
5928,3.7902837182602335e-06
5929,1.9808396190038205e-06
5930,2.3076076264878737e-06
5931,2.800787351531514e-06
5932,3.3211231735798524e-06
5933,3.3211231735798524e-06
5934,3.310378539664269e-06
5935,3.195288693023167e-06
5936,3.068871324444839e-06
5937,2.4370900404879895e-06
5938,2.405491867766676e-06
5939,2.4370900404879895e-06
5940,2.4370900404879895e-06
5941,7.269321754935892e-06
5942,2.4370900404879895e-06
5943,8.151919656232344e-05
5944,2.4370900404879895e-06
5945,2.4370900404879895e-06
5946,3.89742287405972e-06
5947,4.58480200724905e-05
5948,2.4370900404879895e-06
5949,2.4370900404879895e-06
5950,2.054222134689543e-06
5951,3.690829292900611e-07
5952,0.0
5953,0.0
5954,0.0
5955,0.0
5956,0.0
5957,0.0
5958,0.0
5959,0.0
5960,8.306392131678449e-07
5961,1.8705924454049143e-06
5962,8.845427094255721e-06
5963,8.845427094255721e-06
5964,8.806942680681362e-06
5965,6.295964288422418e-06
5966,0.00019230287020462192
5967,1.3395700115594423e-05
5968,0.0
5969,0.0
5970,0.0
5971,0.0
5972,1.6227831878803451e-06
5973,1.950893749933832e-06
5974,0.00039139391028964604
5975,1.802974644237244e-06
5976,0.00048237988005295603
5977,5.667955877375417e-07
5978,1.3999991987661775e-06
5979,6.442278387644462e-07
5980,1.3703641991615305e-06
5981,1.35895553124608e-06
5982,1.3770108064405189e-06
5983,9.904864921021278e-07
5984,3.0057402932048916e-06
5985,1.110673167096859e-06
5986,3.2222213760877364e-06
5987,3.195288693023167e-06
5988,2.9844114153827905e-06
5989,2.4370900404879895e-06
5990,2.4370900404879895e-06
5991,2.4370900404879895e-06
5992,0.0004327425554984826
5993,2.4370900404879895e-06
5994,0.0009291549774746313
5995,0.0001418704707980048
5996,2.4370900404879895e-06
5997,2.4370900404879895e-06
5998,2.4370900404879895e-06
5999,2.4370900404879895e-06
6000,2.4370900404879895e-06
6001,2.4370900404879895e-06
6002,2.3889734350860054e-06
6003,2.4370900404879895e-06
6004,1.6395405041908144e-06
6005,1.2204217186573423e-07
6006,0.0
6007,0.0
6008,0.0
6009,0.0
6010,0.0
6011,0.0
6012,0.0
6013,1.1333717486228198e-07
6014,7.27061073618043e-06
6015,6.456146808283329e-06
6016,6.031588769380874e-06
6017,4.890090698819332e-06
6018,4.162381536698848e-05
6019,5.221432271630486e-06
6020,2.025562156879986e-05
6021,4.439966103027927e-05
6022,0.0
6023,0.0
6024,4.3000018949038666e-07
6025,2.802813580264527e-06
6026,3.155392166326072e-06
6027,3.2416581851417193e-06
6028,0.0002712422428805724
6029,0.0
6030,3.3206212841182464e-09
6031,0.0
6032,5.49535429787535e-07
6033,5.166473498972486e-08
6034,5.920350312924879e-07
6035,0.0
6036,0.0
6037,9.121545706929241e-07
6038,2.1959616815971252e-06
6039,3.1946036006930786e-06
6040,2.7120857977421206e-06
6041,2.4370900404879895e-06
6042,2.4370900404879895e-06
6043,2.4370900404879895e-06
6044,2.4370900404879895e-06
6045,2.4370900404879895e-06
6046,2.4370900404879895e-06
6047,2.4370900404879895e-06
6048,2.4370900404879895e-06
6049,2.4370900404879895e-06
6050,2.4370900404879895e-06
6051,2.4370900404879895e-06
6052,2.4370900404879895e-06
6053,2.332725837194309e-06
6054,2.4370900404879895e-06
6055,2.4370900404879895e-06
6056,1.1893254111459236e-06
6057,0.0
6058,0.0
6059,0.0
6060,0.0
6061,0.0
6062,0.0
6063,0.0
6064,0.0
6065,0.0
6066,9.953450756255283e-07
6067,1.4787002952042265e-06
6068,4.910232505672753e-06
6069,3.147331761271792e-06
6070,4.886203714194703e-06
6071,4.160970955204199e-06
6072,1.3082228974780323e-06
6073,2.3375131971879725e-07
6074,0.00028373496731325505
6075,1.829175008766583e-05
6076,0.0
6077,1.6064582358962654e-08
6078,2.65999616170031e-07
6079,2.4621322100843038e-06
6080,3.2416581851417193e-06
6081,3.1705091575198276e-06
6082,0.0019320616795208314
6083,0.0
6084,0.0
6085,0.0
6086,0.0
6087,0.0
6088,0.0
6089,0.0
6090,0.0
6091,1.417322931776073e-06
6092,3.192178848251571e-06
6093,2.688439768452478e-06
6094,2.559114095231289e-06
6095,2.4370900404879895e-06
6096,2.4370900404879895e-06
6097,2.4370900404879895e-06
6098,2.4370900404879895e-06
6099,1.105641652314126e-05
6100,2.7053421783960837e-06
6101,5.984492648947435e-06
6102,2.4370900404879895e-06
6103,6.888427454730164e-06
6104,1.8111606622563276e-06
6105,1.691063193558732e-07
6106,1.4724192294329842e-06
6107,1.158718948698988e-08
6108,1.3808930188083592e-06
6109,9.055300604897505e-07
6110,9.427495460071964e-07
6111,0.0
6112,0.0
6113,0.0
6114,0.0
6115,0.0
6116,0.0
6117,0.0
6118,0.0
6119,0.0
6120,0.0
6121,1.454588881041578e-07
6122,3.0202212024455172e-06
6123,7.18055807484734e-07
6124,3.5098656036182133e-06
6125,5.839272856480021e-07
6126,1.366241769886818e-06
6127,2.91313009192189e-07
6128,3.156566428897727e-06
6129,0.0
6130,0.0
6131,3.599855353066446e-08
6132,1.9031896108982503e-06
6133,1.765310218122875e-06
6134,1.7841049642494357e-06
6135,1.6319122527942958e-06
6136,1.5515925604830699e-06
6137,3.3807341726791124e-07
6138,5.639874888725969e-07
6139,0.0
6140,0.0
6141,0.0
6142,0.0
6143,0.0
6144,0.0
6145,0.0
6146,5.010399346891726e-08
6147,2.563953942199596e-06
6148,2.3644600071642734e-06
6149,2.4370900404879895e-06
6150,2.4370900404879895e-06
6151,2.4370900404879895e-06
6152,2.8703880999688683e-06
6153,1.2959157814446445e-05
6154,2.0285029589782355e-05
6155,2.015040087638692e-05
6156,2.0285029589782355e-05
6157,1.6399322024860276e-05
6158,1.9870849820028707e-05
6159,0.0
6160,0.0
6161,0.0
6162,0.0
6163,0.0
6164,0.0
6165,3.4519042694755214e-09
6166,0.0
6167,0.0
6168,0.0
6169,0.0
6170,0.0
6171,0.0
6172,0.0
6173,0.0
6174,3.5847181329281285e-07
6175,5.8921139246832974e-08
6176,3.4977180578588625e-07
6177,5.3212066245977e-07
6178,5.839272856480021e-07
6179,5.839272856480021e-07
6180,5.839272856480021e-07
6181,5.839272856480021e-07
6182,5.710722666436771e-07
6183,3.1898468858254515e-06
6184,1.8633181691657275e-06
6185,2.5235993288287153e-07
6186,0.0
6187,0.00029872928900819153
6188,1.7252343372037357e-06
6189,2.101736613749852e-06
6190,2.101736613749852e-06
6191,2.067975115996293e-06
6192,1.448201471275497e-06
6193,0.0001235150254543161
6194,1.2387933379580696e-06
6195,1.447019381038688e-06
6196,1.1059153875493007e-06
6197,8.797605405556972e-07
6198,9.228500138637528e-08
6199,0.0
6200,0.0
6201,0.0
6202,0.0
6203,0.0
6204,3.120449553431167e-08
6205,4.006848135506626e-06
6206,2.7012335318165036e-06
6207,1.2178456912572718e-05
6208,5.6344607118250595e-06
6209,1.332541596065777e-05
6210,1.9400500564940156e-05
6211,2.0285029589782355e-05
6212,0.00026992335928834597
6213,0.0002055132618351893
6214,2.0285029589782355e-05
6215,2.0285029589782355e-05
6216,8.780109779773267e-06
6217,0.0
6218,0.0
6219,0.0
6220,0.0
6221,0.0
6222,0.0
6223,0.0
6224,1.3228526598572384e-08
6225,2.216506059765368e-07
6226,0.0
6227,2.787587840795018e-07
6228,3.5908781402548784e-07
6229,2.2064680851580786e-07
6230,3.80423594869747e-08
6231,5.760824297356786e-07
6232,5.839272856480021e-07
6233,5.839272856480021e-07
6234,5.839272856480021e-07
6235,5.839272856480021e-07
6236,5.839272856480021e-07
6237,6.558049655743915e-07
6238,5.839272856480021e-07
6239,1.8757363776473054e-06
6240,1.6000310892107625e-06
6241,2.0570260520515543e-06
6242,2.749586846999124e-07
6243,9.328657771620454e-07
6244,4.235528695806561e-06
6245,2.887274049191867e-07
6246,1.2609028853399278e-07
6247,2.0415277650267756e-06
6248,0.0002587051529003274
6249,2.101736613749852e-06
6250,2.020337079808164e-06
6251,0.00013312067289187826
6252,0.000343304842748605
6253,1.447019381038688e-06
6254,1.4446947376048554e-06
6255,1.447019381038688e-06
6256,1.4330579858285823e-06
6257,8.175308779008412e-07
6258,0.0
6259,0.0
6260,0.0
6261,0.0
6262,0.0
6263,0.0
6264,8.690362480630177e-08
6265,1.6226038632855284e-05
6266,1.7980573878028984e-05
6267,2.0285020104900593e-05
6268,2.0285029589782355e-05
6269,2.0285029589782355e-05
6270,2.0285029589782355e-05
6271,2.0285029589782355e-05
6272,2.0285029589782355e-05
6273,2.0285029589782355e-05
6274,2.0285029589782355e-05
6275,1.713284343218209e-05
6276,5.116236926472784e-07
6277,0.0
6278,0.0
6279,0.0
6280,0.0
6281,0.0
6282,0.0
6283,5.927078651561923e-07
6284,3.3920864403533593e-06
6285,3.1174487801837815e-07
6286,9.286303259307283e-07
6287,9.262357753286517e-07
6288,8.998549862229326e-07
6289,4.6203109972357973e-07
6290,5.839272856480021e-07
6291,5.839272856480021e-07
6292,5.839272856480021e-07
6293,5.839272856480021e-07
6294,5.839272856480021e-07
6295,5.839272856480021e-07
6296,2.201354564516385e-06
6297,1.5774257250543026e-06
6298,2.417802606511688e-06
6299,2.417802606511688e-06
6300,2.417802606511688e-06
6301,2.2316582446750326e-06
6302,2.417802606511688e-06
6303,7.912739376350865e-07
6304,1.1855919585837193e-05
6305,0.0
6306,0.0
6307,1.468896057185608e-07
6308,1.4442293203162672e-06
6309,3.6732371931714534e-06
6310,2.584457572622842e-07
6311,2.2010507315540316e-06
6312,0.00022301668619567974
6313,0.00397567223225098
6314,2.0374268001504576e-05
6315,2.8107854604357184e-05
6316,6.503020559240687e-06
6317,1.3953907984206938e-06
6318,1.412369963694274e-06
6319,1.3927325285450302e-06
6320,1.1949480071250165e-06
6321,1.041577559212743e-06
6322,5.823258138719292e-07
6323,5.006320980125481e-10
6324,0.0
6325,0.0
6326,0.0
6327,3.938106624058547e-08
6328,2.8704929031724327e-06
6329,1.6117105584962497e-05
6330,2.0285029589782355e-05
6331,2.0285029589782355e-05
6332,2.0285029589782355e-05
6333,2.0285029589782355e-05
6334,2.0285029589782355e-05
6335,2.0285029589782355e-05
6336,2.0285029589782355e-05
6337,2.0285029589782355e-05
6338,1.4503810792526203e-05
6339,0.0
6340,0.0
6341,0.0
6342,0.0
6343,0.0
6344,0.0
6345,1.1886496149386814e-06
6346,3.5069955499627854e-06
6347,7.253582231054662e-06
6348,9.288728467757054e-07
6349,9.288728467757054e-07
6350,9.288728467757054e-07
6351,9.166352547075043e-07
6352,5.839272856480021e-07
6353,5.839272856480021e-07
6354,5.839272856480021e-07
6355,5.839272856480021e-07
6356,5.839272856480021e-07
6357,7.043089016452645e-07
6358,1.2894825199852496e-06
6359,1.7280838615735595e-06
6360,2.417802606511688e-06
6361,1.950866246679465e-06
6362,2.417802606511688e-06
6363,1.8707430294045445e-06
6364,2.417802606511688e-06
6365,1.5264920057054652e-06
6366,2.417802606511688e-06
6367,1.309110861869393e-06
6368,0.000505221500548237
6369,0.0
6370,0.0
6371,0.0
6372,0.0
6373,0.0
6374,2.740496940689191e-06
6375,7.699121902255365e-07
6376,0.0024246905876711077
6377,0.0009474253305152058
6378,0.0013624845052310794
6379,1.0025869986309786e-05
6380,1.2490028999748507e-06
6381,1.3927325285450302e-06
6382,1.3927325285450302e-06
6383,1.3927325285450302e-06
6384,1.3927325285450302e-06
6385,1.2898523013729495e-06
6386,1.1873099952522924e-06
6387,0.0
6388,0.0
6389,0.0
6390,2.273315651019309e-07
6391,5.266341845471403e-07
6392,2.3454569545507236e-06
6393,2.0083420086563145e-05
6394,1.519390707141778e-05
6395,2.0285029589782355e-05
6396,1.5271924911049757e-05
6397,2.318931030166447e-05
6398,1.398671823204259e-05
6399,2.0285029589782355e-05
6400,1.5178134126093867e-05
6401,1.9042025961452086e-05
6402,6.493458797078096e-06
6403,0.0
6404,0.0010732614924165525
6405,9.332637874837829e-07
6406,8.388413708388732e-06
6407,1.5162770512269774e-06
6408,1.2121437905712266e-05
6409,1.0228960323901845e-05
6410,1.2714700549276816e-05
6411,1.6957436144278568e-06
6412,9.288728467757054e-07
6413,9.288728467757054e-07
6414,2.449038562003583e-07
6415,6.273311568858978e-07
6416,9.23482717625812e-07
6417,7.251512863689078e-07
6418,5.845600940651345e-07
6419,4.976777194450067e-07
6420,0.0
6421,1.1913895162418567e-06
6422,1.1624643160375145e-07
6423,4.695451628761277e-07
6424,0.0
6425,1.0691965485559152e-06
6426,0.0
6427,2.0780952652956183e-07
6428,0.0
6429,3.3801970918789404e-07
6430,0.0
6431,0.0
6432,0.0
6433,0.0
6434,0.0
6435,0.0
6436,1.0691228851734968e-07
6437,0.0
6438,2.2356608105768912e-06
6439,4.625393082670362e-07
6440,1.1733029838441059e-05
6441,0.00015365426130844976
6442,0.0004131611698570024
6443,8.999534519820623e-07
6444,1.3927325285450302e-06
6445,1.3927325285450302e-06
6446,1.3927325285450302e-06
6447,1.0482025734221783e-06
6448,9.353653292917537e-08
6449,0.0
6450,1.9200589961427595e-07
6451,5.416086389274368e-07
6452,5.416086389274368e-07
6453,5.416086389274368e-07
6454,3.5564632342136357e-06
6455,4.865442438586613e-06
6456,7.2590805032579035e-06
6457,5.108132509146368e-06
6458,7.147037777576472e-05
6459,5.108132509146368e-06
6460,5.455343030771214e-06
6461,4.58900875627424e-06
6462,8.656739198366937e-06
6463,3.2188194320641176e-06
6464,9.749213500897295e-07
6465,1.8568967741527765e-06
6466,3.970644361059635e-05
6467,4.2474386275831905e-05
6468,1.2735908468773378e-05
6469,1.2735908468773378e-05
6470,1.2735908468773378e-05
6471,1.0399485172752532e-05
6472,1.016112819263814e-05
6473,1.984903787848769e-06
6474,5.549953994353026e-07
6475,0.0
6476,5.489320166783754e-07
6477,9.288728467757054e-07
6478,8.780172601973291e-07
6479,6.815470330308275e-07
6480,4.2652583080067347e-07
6481,0.0
6482,0.0
6483,0.0
6484,0.0
6485,0.0
6486,0.0
6487,0.0
6488,0.0
6489,0.0
6490,0.0
6491,0.0
6492,0.0
6493,0.0
6494,0.0
6495,0.0
6496,6.536466666919557e-07
6497,2.9450555945721683e-06
6498,1.735867612019863e-06
6499,3.0836423162888113e-06
6500,9.957905731190427e-07
6501,1.3835074569776335e-06
6502,1.3927325285450302e-06
6503,1.3927325285450302e-06
6504,1.3404085725866075e-06
6505,3.004487172766181e-07
6506,7.66262641878864e-07
6507,2.9167166594013767e-07
6508,5.416086389274368e-07
6509,5.416086389274368e-07
6510,5.416086389274368e-07
6511,5.416086389274368e-07
6512,2.9617607825152235e-06
6513,5.106954834669129e-06
6514,0.0008465699429887875
6515,1.3068913496748122e-05
6516,5.108132509146368e-06
6517,5.108132509146368e-06
6518,4.659546618078233e-06
6519,3.2774058354526873e-06
6520,3.2188194320641176e-06
6521,0.00015594934761364336
6522,7.659912658835391e-05
6523,3.873984947367143e-05
6524,5.644445654259966e-07
6525,1.195648553216696e-05
6526,1.2229761192975692e-05
6527,1.2735908468773378e-05
6528,1.8477510058105055e-06
6529,1.507620706867353e-07
6530,8.673786730123207e-08
6531,7.003399923149858e-08
6532,0.0
6533,2.817324119730471e-07
6534,6.914031577059219e-07
6535,9.288728467757054e-07
6536,9.287742642257911e-07
6537,3.886945778732747e-07
6538,0.0
6539,0.0
6540,0.0
6541,0.0
6542,0.0
6543,0.0
6544,0.0
6545,0.0
6546,0.0
6547,0.0
6548,0.0
6549,0.0
6550,0.0
6551,0.0
6552,1.5549916549106777e-06
6553,2.4620919854861344e-06
6554,3.0836423162888113e-06
6555,3.0836423162888113e-06
6556,3.0836423162888113e-06
6557,1.499456585939101e-06
6558,2.597121060264942e-07
6559,8.03603347133591e-07
6560,1.3927325285450302e-06
6561,1.3927325285450302e-06
6562,1.3927325285450302e-06
6563,7.003966771134179e-07
6564,5.071134024865765e-07
6565,5.208102944920185e-07
6566,5.356904291083276e-07
6567,5.416086389274368e-07
6568,5.416086389274368e-07
6569,1.1710611614431618e-06
6570,0.0011233419482687124
6571,5.108132509146368e-06
6572,5.108132509146368e-06
6573,5.108132509146368e-06
6574,5.108132509146368e-06
6575,4.736800089505319e-06
6576,3.2188194320641176e-06
6577,3.2188194320641176e-06
6578,3.2188194320641176e-06
6579,2.599110991427217e-06
6580,0.0
6581,0.0
6582,2.30451698481331e-07
6583,4.974592793174599e-06
6584,1.1001855775803596e-05
6585,0.0
6586,0.0
6587,0.0
6588,0.0
6589,0.0
6590,0.0
6591,3.741826357066045e-07
6592,8.316490305424451e-07
6593,3.405342242473182e-07
6594,1.0063964448439839e-06
6595,0.0
6596,0.0
6597,0.0
6598,0.0
6599,0.0
6600,0.0
6601,0.0
6602,0.0
6603,0.0
6604,0.0
6605,0.0
6606,0.0
6607,4.4861370698159577e-07
6608,1.155799147568053e-06
6609,3.082304143592434e-06
6610,3.0836423162888113e-06
6611,3.0836423162888113e-06
6612,3.0836423162888113e-06
6613,3.0836423162888113e-06
6614,2.462795171087551e-06
6615,2.9382803611309854e-07
6616,8.371276392788897e-08
6617,1.3700863539278337e-06
6618,1.3927325285450302e-06
6619,1.3791767142370927e-06
6620,1.024196610747036e-06
6621,5.416086389274368e-07
6622,5.416086389274368e-07
6623,5.130989738195564e-07
6624,5.416086389274368e-07
6625,5.416086389274368e-07
6626,5.416086389274368e-07
6627,3.4986162518588427e-06
6628,5.108132509146368e-06
6629,5.108132509146368e-06
6630,5.108132509146368e-06
6631,5.108132509146368e-06
6632,6.2930053129434765e-06
6633,3.268521242014846e-06
6634,3.2188194320641176e-06
6635,3.001684333352416e-06
6636,8.047899472227549e-07
6637,1.8887087553645277e-07
6638,0.0
6639,0.0
6640,0.0
6641,2.6560683949980032e-06
6642,0.0
6643,0.0
6644,0.0
6645,0.0
6646,0.0
6647,0.0
6648,0.0
6649,6.968575841883691e-08
6650,1.5226026880380863e-06
6651,2.4184283075268984e-06
6652,6.325021252804176e-08
6653,0.0
6654,0.0
6655,0.0
6656,0.0
6657,0.0
6658,0.0
6659,0.0
6660,0.0
6661,0.0
6662,0.0
6663,0.0
6664,1.7824593910265478e-06
6665,3.0831483646597763e-06
6666,3.0836423162888113e-06
6667,3.0836423162888113e-06
6668,3.0836423162888113e-06
6669,3.0836423162888113e-06
6670,3.0836423162888113e-06
6671,3.3974025801314933e-06
6672,4.178755300116573e-06
6673,0.0005306390847902364
6674,1.2286246061491844e-06
6675,1.5573296934832017e-06
6676,1.39710801153248e-06
6677,1.3803890932950653e-06
6678,3.713137853292626e-07
6679,3.014096246252248e-07
6680,5.416086389274368e-07
6681,5.416086389274368e-07
6682,5.416086389274368e-07
6683,5.416086389274368e-07
6684,1.068977290860689e-06
6685,3.901255813986288e-06
6686,5.108132509146368e-06
6687,5.108132509146368e-06
6688,5.126776796137483e-06
6689,8.684033767553326e-06
6690,8.01107050790829e-06
6691,1.0708636635303792e-05
6692,5.527609746508597e-06
6693,1.2016485875018685e-06
6694,0.0
6695,4.543717653369604e-07
6696,6.985092573466119e-08
6697,9.143192719101102e-05
6698,0.00022884978845064613
6699,0.00010487124548001867
6700,0.0
6701,0.0
6702,0.0
6703,0.0
6704,0.0
6705,0.0
6706,0.0
6707,1.8900524553740164e-06
6708,3.0605288206866105e-06
6709,2.4760885575294597e-06
6710,0.0
6711,3.7050766455378807e-07
6712,1.7624258231951453e-07
6713,1.7963801744801221e-06
6714,0.0
6715,0.0
6716,0.0
6717,0.0
6718,0.0
6719,0.0
6720,6.153153340231325e-07
6721,3.0747554656011e-06
6722,3.0836423162888113e-06
6723,3.0836423162888113e-06
6724,3.0836423162888113e-06
6725,3.0836423162888113e-06
6726,3.0836423162888113e-06
6727,5.851206535719136e-06
6728,3.7791804400507776e-05
6729,0.00044572677339982755
6730,0.00426071800852714
6731,0.0006189125523679473
6732,1.2087185776732712e-06
6733,2.0893071358857163e-06
6734,2.056681041009404e-06
6735,2.0893071358857163e-06
6736,3.0307064180728293e-07
6737,7.601831644143753e-08
6738,5.416086389274368e-07
6739,5.416086389274368e-07
6740,5.416086389274368e-07
6741,5.416086389274368e-07
6742,5.416086389274368e-07
6743,1.4634017779296706e-06
6744,5.108132509146368e-06
6745,5.108132509146368e-06
6746,5.108132509146368e-06
6747,5.125776774670756e-06
6748,1.2052046040219437e-05
6749,1.2346160457603171e-05
6750,1.2346160457603171e-05
6751,1.0224515382868907e-05
6752,3.64754287388698e-07
6753,0.00010571211422802669
6754,6.185765246749103e-06
6755,1.5151954640181072e-05
6756,0.004106547010432777
6757,5.507069408008024e-05
6758,0.0
6759,0.0
6760,0.0
6761,0.0
6762,0.0
6763,0.0
6764,0.0
6765,1.002933767059329e-06
6766,3.218990322158801e-06
6767,3.218990322158801e-06
6768,2.7786531447596505e-06
6769,3.218990322158801e-06
6770,3.1733261175562727e-06
6771,3.218990322158801e-06
6772,3.622271211708107e-07
6773,4.2986319290845676e-07
6774,0.0
6775,2.881688875527851e-07
6776,2.2209551039184718e-07
6777,7.621846273225545e-07
6778,4.6553100161154677e-07
6779,2.956049166383146e-06
6780,3.0836423162888113e-06
6781,3.0836423162888113e-06
6782,3.0836423162888113e-06
6783,3.0836423162888113e-06
6784,3.0836423162888113e-06
6785,3.02644766037793e-06
6786,2.5669877237447147e-05
6787,1.915637012622702e-05
6788,0.0007539845020427233
6789,1.7623587770126089e-06
6790,1.5956093642642117e-06
6791,1.065750155945797e-06
6792,1.1218543698984525e-06
6793,2.0893071358857163e-06
6794,2.0893071358857163e-06
6795,2.0893071358857163e-06
6796,1.5909998293456424e-06
6797,1.1973242849069047e-07
6798,1.92209630771998e-07
6799,1.0329757118757786e-07
6800,5.284717714094049e-07
6801,2.1306189644832527e-07
6802,4.991418661882061e-07
6803,5.30026296666559e-07
6804,4.3271354971913955e-06
6805,5.108132509146368e-06
6806,5.108132509146368e-06
6807,4.93763281484701e-06
6808,9.718708033755135e-06
6809,1.234512031104496e-05
6810,1.2346160457603171e-05
6811,1.2346160457603171e-05
6812,1.1809119363524727e-05
6813,1.1354733489371229e-05
6814,8.621903168565404e-05
6815,7.603924306224988e-06
6816,6.738752063740916e-05
6817,2.59257111426313e-05
6818,3.8456403605777216e-05
6819,3.066589459990061e-06
6820,0.0
6821,0.0
6822,0.0
6823,0.0
6824,2.259936979302054e-08
6825,2.473489623470008e-06
6826,3.2177106911063133e-06
6827,3.218990322158801e-06
6828,3.218990322158801e-06
6829,3.218990322158801e-06
6830,3.218990322158801e-06
6831,3.218990322158801e-06
6832,2.9049912868331866e-06
6833,2.961081402958456e-06
6834,4.5773641727433305e-07
6835,5.49461080456435e-07
6836,5.352387238885331e-07
6837,9.70217001269302e-07
6838,1.8126234301795772e-06
6839,5.494622903052701e-07
6840,1.924940663419844e-06
6841,1.0849228208447474e-06
6842,3.0465521444414014e-06
6843,1.5385317210072245e-06
6844,2.9946988064457367e-06
6845,1.978460638466151e-06
6846,2.0291237031468957e-06
6847,1.7096125747020332e-06
6848,1.7623587770126089e-06
6849,1.7623587770126089e-06
6850,1.7623587770126089e-06
6851,1.7623587770126089e-06
6852,5.737011664474344e-07
6853,7.881310447574377e-08
6854,8.407475062459749e-07
6855,2.0893071358857163e-06
6856,2.0893071358857163e-06
6857,2.0893071358857163e-06
6858,2.0066510671708815e-06
6859,2.684266621472595e-07
6860,0.0
6861,0.0
6862,8.173549633732648e-09
6863,0.0
6864,2.6287286547888294e-08
6865,1.4757656706182834e-07
6866,1.8198953984258579e-06
6867,3.37432109336638e-06
6868,5.108132509146368e-06
6869,4.385871063654044e-07
6870,3.2354199293995287e-06
6871,1.1047542317777865e-05
6872,1.2346160457603171e-05
6873,1.2346160457603171e-05
6874,1.2346160457603171e-05
6875,1.2346160457603171e-05
6876,6.945466541808504e-06
6877,2.23736894768213e-06
6878,6.500568122337194e-06
6879,6.500568122337194e-06
6880,7.011501726597964e-06
6881,6.500568122337194e-06
6882,4.7380103130234245e-06
6883,8.299699934256953e-06
6884,0.0
6885,1.2467273346931755e-06
6886,2.2761774715968533e-06
6887,3.218990322158801e-06
6888,3.218990322158801e-06
6889,3.218990322158801e-06
6890,3.218990322158801e-06
6891,3.1355108583122397e-06
6892,3.218990322158801e-06
6893,3.218990322158801e-06
6894,3.218990322158801e-06
6895,2.68732667253412e-06
6896,1.2778718482953371e-06
6897,1.6148219878836842e-07
6898,5.49461080456435e-07
6899,5.49461080456435e-07
6900,5.49461080456435e-07
6901,5.49461080456435e-07
6902,5.49461080456435e-07
6903,5.49461080456435e-07
6904,6.097769900770462e-07
6905,5.49461080456435e-07
6906,2.166205036309825e-06
6907,5.494778508468647e-07
6908,7.063420637112047e-07
6909,1.539273329872874e-06
6910,1.7623587770126089e-06
6911,1.7623587770126089e-06
6912,1.7623587770126089e-06
6913,1.7623587770126089e-06
6914,1.7196926666699458e-06
6915,2.1910641525591494e-07
6916,5.891612467063204e-07
6917,2.0893071358857163e-06
6918,2.0893071358857163e-06
6919,2.177216229946361e-06
6920,2.0859951131025884e-06
6921,3.4667633134014697e-06
6922,9.354085662625088e-07
6923,9.000041274604523e-07
6924,0.0
6925,0.0
6926,0.0
6927,0.0
6928,1.2046391899620703e-08
6929,1.6761474056371465e-06
6930,2.2443287847751984e-07
6931,1.2883004820538454e-10
6932,5.227571191653206e-07
6933,1.2242845321556111e-05
6934,1.2346160457603171e-05
6935,1.2346160457603171e-05
6936,1.2346160457603171e-05
6937,1.2346160457603171e-05
6938,2.7971335617138103e-06
6939,0.0
6940,5.30554799365995e-06
6941,8.37361679908809e-06
6942,1.2656520893158097e-05
6943,1.7506194176753176e-05
6944,1.5112339449674875e-05
6945,2.0770750636871653e-05
6946,1.4083441962984355e-05
6947,9.012458375888732e-06
6948,3.218990322158801e-06
6949,3.218990322158801e-06
6950,3.218990322158801e-06
6951,0.00016916990743490607
6952,2.857215229834556e-06
6953,1.9397092420954923e-07
6954,2.665883707601687e-06
6955,1.9022828175510555e-06
6956,2.956176784600305e-06
6957,1.5495044091146166e-07
6958,0.0
6959,2.404868885466919e-08
6960,4.937303711906875e-07
6961,5.49461080456435e-07
6962,5.49461080456435e-07
6963,5.49461080456435e-07
6964,5.49461080456435e-07
6965,5.49461080456435e-07
6966,5.49461080456435e-07
6967,5.49461080456435e-07
6968,5.49461080456435e-07
6969,5.49461080456435e-07
6970,0.00025259532634857543
6971,5.826348498431862e-07
6972,1.6101431840900106e-06
6973,1.6869576864083302e-06
6974,1.7623587770126089e-06
6975,1.7623587770126089e-06
6976,1.7623587770126089e-06
6977,0.00034359797952606194
6978,4.405107761595248e-07
6979,2.064977287001758e-06
6980,2.0893071358857163e-06
6981,2.9572387840148e-06
6982,3.1685842715791997e-06
6983,3.6462259637632218e-06
6984,5.168055363680193e-05
6985,0.00012987203924573213
6986,0.0
6987,0.0
6988,0.0
6989,1.0151174463264324e-05
6990,8.831728007579394e-06
6991,1.5269467312501418e-05
6992,7.958127021077125e-06
6993,7.362452043579953e-06
6994,3.283587073574656e-06
6995,1.2257895834310853e-05
6996,1.2346160457603171e-05
6997,1.2346160457603171e-05
6998,1.2346160457603171e-05
6999,1.126938073553087e-05
7000,5.520254715374156e-06
7001,0.0
7002,2.347167019175377e-07
7003,1.2562326379740738e-06
7004,1.9477263777347428e-05
7005,2.7455123805980147e-05
7006,2.5519784853220515e-05
7007,2.4922563424472743e-05
7008,2.138940062050997e-05
7009,2.8276089099973383e-05
7010,3.218990322158801e-06
7011,8.820321697247862e-06
7012,0.00037207735482325293
7013,4.074701333660715e-05
7014,3.210770578917958e-06
7015,8.906344681890348e-07
7016,0.0
7017,0.0
7018,4.757956635311889e-09
7019,0.0
7020,0.0
7021,2.2177183596161903e-10
7022,4.752834452265881e-07
7023,4.240099884444715e-07
7024,5.49461080456435e-07
7025,5.49461080456435e-07
7026,5.49461080456435e-07
7027,5.49461080456435e-07
7028,5.49461080456435e-07
7029,5.49461080456435e-07
7030,5.49461080456435e-07
7031,5.49461080456435e-07
7032,5.49461080456435e-07
7033,5.49461080456435e-07
7034,6.057925410652291e-07
7035,1.405962138610169e-06
7036,1.7623587770126089e-06
7037,1.7623587770126089e-06
7038,1.7623587770126089e-06
7039,4.7708848787980335e-05
7040,1.7539115315702285e-07
7041,2.558320383891983e-06
7042,2.255810650361129e-06
7043,3.640453631876813e-06
7044,3.6462259637632218e-06
7045,3.6462259637632218e-06
7046,3.277476855343979e-05
7047,3.6449325306695716e-06
7048,1.1515206681552752e-06
7049,9.371399126775649e-06
7050,7.926319849106778e-06
7051,1.5269467312501418e-05
7052,1.5269467312501418e-05
7053,1.1608799916897487e-05
7054,1.3361322357665819e-05
7055,1.81861477883297e-06
7056,2.0418346415964648e-06
7057,3.844307680782659e-06
7058,1.2346160457603171e-05
7059,0.00012276699302842849
7060,4.414437094695636e-06
7061,9.56374884291675e-07
7062,3.334158326775723e-06
7063,6.811683233043001e-07
7064,3.861902967442535e-07
7065,1.6250244056017907e-06
7066,1.9000509417905768e-06
7067,1.2877510493456274e-05
7068,3.383427229153697e-05
7069,2.138940062050997e-05
7070,2.138940062050997e-05
7071,1.0746898257320639e-05
7072,0.0003042323901621486
7073,3.265288524520807e-06
7074,3.218990322158801e-06
7075,3.218990322158801e-06
7076,3.218990322158801e-06
7077,1.8025520062466531e-06
7078,0.0
7079,0.0
7080,0.0
7081,0.0
7082,0.0
7083,0.0
7084,0.0
7085,0.0
7086,3.677755142415037e-07
7087,3.2180842008574047e-07
7088,5.49461080456435e-07
7089,5.49461080456435e-07
7090,5.49461080456435e-07
7091,5.49461080456435e-07
7092,5.49461080456435e-07
7093,5.49461080456435e-07
7094,5.49461080456435e-07
7095,5.49461080456435e-07
7096,5.644087321976096e-07
7097,1.584939288565265e-06
7098,1.7623587770126089e-06
7099,1.7623587770126089e-06
7100,1.7623587770126089e-06
7101,2.0494046198903355e-06
7102,1.2510208258959095e-07
7103,1.8993732951374406e-06
7104,3.6462259637632218e-06
7105,3.6462259637632218e-06
7106,3.6462259637632218e-06
7107,3.6462259637632218e-06
7108,3.6462259637632218e-06
7109,3.6462259637632218e-06
7110,9.653118981777229e-06
7111,0.0011854732250115446
7112,1.5269467312501418e-05
7113,1.5269467312501418e-05
7114,9.072654972826794e-06
7115,2.194255852910169e-06
7116,2.21069618844273e-06
7117,1.81861477883297e-06
7118,1.81861477883297e-06
7119,2.0486769008003526e-06
7120,1.007216640784051e-05
7121,9.428318070288845e-05
7122,9.56374884291675e-07
7123,9.56374884291675e-07
7124,9.56374884291675e-07
7125,9.56374884291675e-07
7126,1.543865031400838e-06
7127,1.5868304549322742e-06
7128,1.6328428227995175e-06
7129,1.6328428227995175e-06
7130,1.2503983728451526e-05
7131,1.2539853295244289e-05
7132,1.9444767516149532e-05
7133,4.307420992478032e-06
7134,4.2786165478113745e-06
7135,3.3148109653588805e-06
7136,3.218990322158801e-06
7137,3.218990322158801e-06
7138,3.218990322158801e-06
7139,2.054561235516403e-06
7140,0.0
7141,0.0
7142,0.0
7143,0.0
7144,0.0
7145,0.0
7146,0.0
7147,0.0
7148,0.0
7149,0.0
7150,5.16292453394699e-07
7151,5.49461080456435e-07
7152,5.49461080456435e-07
7153,5.49461080456435e-07
7154,5.49461080456435e-07
7155,5.49461080456435e-07
7156,5.49461080456435e-07
7157,5.49461080456435e-07
7158,1.1592145616881286e-06
7159,1.7623587770126089e-06
7160,1.7623587770126089e-06
7161,1.8438878878569162e-06
7162,2.7708959139936687e-06
7163,6.17088658183718e-06
7164,7.146671040147142e-07
7165,3.4631251604891206e-06
7166,3.6462259637632218e-06
7167,3.6462259637632218e-06
7168,3.6462259637632218e-06
7169,3.6462259637632218e-06
7170,3.6462259637632218e-06
7171,4.520938724798256e-06
7172,0.00027068135819884357
7173,1.406132713108596e-05
7174,5.5915992951184055e-06
7175,3.7991144453946042e-06
7176,1.81861477883297e-06
7177,1.81861477883297e-06
7178,1.81861477883297e-06
7179,1.81861477883297e-06
7180,1.8954371896248183e-06
7181,5.812738934919116e-06
7182,9.56374884291675e-07
7183,9.56374884291675e-07
7184,6.793545144409278e-07
7185,9.56374884291675e-07
7186,9.56374884291675e-07
7187,9.954830290375106e-07
7188,1.270150902088493e-06
7189,1.6328428227995175e-06
7190,1.6328428227995175e-06
7191,1.6328428227995175e-06
7192,4.006774271818958e-06
7193,5.2676634004838834e-06
7194,4.307420992478032e-06
7195,4.300051341137284e-06
7196,1.3115555842923342e-05
7197,3.218990322158801e-06
7198,3.218990322158801e-06
7199,3.218990322158801e-06
7200,2.665468691908158e-06
7201,0.0
7202,0.0
7203,0.0
7204,0.0
7205,0.0
7206,0.0
7207,0.0
7208,0.0
7209,0.0
7210,0.0
7211,4.1441084092999966e-07
7212,5.271725270183328e-07
7213,5.49461080456435e-07
7214,5.49461080456435e-07
7215,5.49461080456435e-07
7216,5.49461080456435e-07
7217,5.49461080456435e-07
7218,5.897306183336687e-07
7219,1.3519331602381727e-06
7220,1.7623587770126089e-06
7221,2.052800386353994e-06
7222,6.769942049368844e-06
7223,6.707997848252848e-06
7224,6.853833742308045e-06
7225,3.6301410826980757e-07
7226,2.9527433865407972e-06
7227,3.6462259637632218e-06
7228,3.6462259637632218e-06
7229,3.6462259637632218e-06
7230,3.6462259637632218e-06
7231,3.6462259637632218e-06
7232,3.6859038953859785e-06
7233,1.0573753625673912e-05
7234,5.607233464418456e-06
7235,1.81861477883297e-06
7236,1.81861477883297e-06
7237,1.81861477883297e-06
7238,1.81861477883297e-06
7239,1.81861477883297e-06
7240,1.81861477883297e-06
7241,1.8088159728484764e-06
7242,1.054085961381824e-06
7243,9.252793190752566e-07
7244,5.4029258348595826e-05
7245,0.002792023401138118
7246,9.425889710522123e-07
7247,7.240446826557101e-07
7248,9.56374884291675e-07
7249,9.846244895746194e-07
7250,1.6328428227995175e-06
7251,4.627588401710057e-06
7252,2.724611095282525e-06
7253,4.307420992478032e-06
7254,4.307420992478032e-06
7255,4.333020494780237e-06
7256,4.3093751855727246e-06
7257,1.8335620373132744e-05
7258,9.962385032847415e-06
7259,3.218990322158801e-06
7260,3.218990322158801e-06
7261,3.218990322158801e-06
7262,5.308996016941714e-07
7263,0.0
7264,0.0
7265,8.360829381308784e-06
7266,0.0
7267,0.0
7268,0.0
7269,0.0
7270,0.0
7271,0.0
7272,8.00485406923193e-08
7273,2.4625232453251097e-08
7274,5.230358693529352e-07
7275,5.419171784504785e-07
7276,5.49461080456435e-07
7277,5.49461080456435e-07
7278,5.49461080456435e-07
7279,5.525444885875037e-07
7280,1.7330857813153857e-06
7281,3.836282392083139e-06
7282,4.3006875778346115e-06
7283,6.853833742308045e-06
7284,6.853833742308045e-06
7285,7.99921026917879e-05
7286,0.00020913767913310593
7287,8.96112797276631e-06
7288,3.5796371836146383e-06
7289,3.3746394431763615e-06
7290,1.8836623267135204e-06
7291,3.570167436426409e-06
7292,2.3463400670355483e-06
7293,2.138950023654757e-06
7294,3.5967166684161567e-06
7295,0.0001808712290982022
7296,1.81861477883297e-06
7297,1.81861477883297e-06
7298,1.81861477883297e-06
7299,1.81861477883297e-06
7300,4.993014858555523e-06
7301,1.985930329226901e-06
7302,2.182980948851847e-06
7303,2.717222699217622e-06
7304,1.7294650192296398e-07
7305,0.00015754950394498483
7306,6.116678768152472e-08
7307,3.2768833493600723e-07
7308,8.472490266925676e-08
7309,9.536718870668655e-07
7310,2.664550421084889e-07
7311,4.0908645611093593e-07
7312,0.005081539880737735
7313,0.0001549573978071232
7314,4.822466650079068e-05
7315,7.113869372084114e-06
7316,2.535081540684824e-05
7317,5.350348554061021e-06
7318,1.8192712499302916e-05
7319,1.9462385248369492e-05
7320,1.115298865273147e-05
7321,3.218990322158801e-06
7322,2.868506135199212e-06
7323,8.494012487838911e-07
7324,0.0
7325,3.0381649165754814e-07
7326,1.1690664098623217e-05
7327,2.1058634296524868e-05
7328,3.9785316323465375e-08
7329,0.0
7330,0.0
7331,0.0
7332,0.0
7333,0.0
7334,0.0
7335,4.247046851780998e-08
7336,2.7703400590459896e-07
7337,5.49461080456435e-07
7338,5.746747275585412e-07
7339,7.857228676859421e-07
7340,6.25270157619082e-06
7341,4.518943354007115e-06
7342,6.853833742308045e-06
7343,6.853833742308045e-06
7344,6.853833742308045e-06
7345,6.853833742308045e-06
7346,6.853833742308045e-06
7347,0.00020310202529809983
7348,2.3303115307690815e-07
7349,1.3206837181298734e-05
7350,0.00010425349749442312
7351,1.5114736746862465e-05
7352,2.870771422242276e-07
7353,0.0
7354,1.156602532889665e-06
7355,0.0
7356,0.0
7357,0.0
7358,0.0005737413175984705
7359,1.6318100939103803e-06
7360,1.81861477883297e-06
7361,1.81861477883297e-06
7362,1.822495082897759e-06
7363,1.2333158245973957e-05
7364,1.1572547431565884e-05
7365,8.144820539460395e-06
7366,4.4822069727669235e-06
7367,1.0485348651600096e-06
7368,0.0
7369,1.2271386894013523e-07
7370,0.0
7371,8.658268034834097e-07
7372,5.118867277516673e-08
7373,0.0
7374,0.0006176549309527762
7375,0.0036768123395335903
7376,0.001988663862452148
7377,7.553179700307838e-05
7378,2.6060608163331955e-05
7379,2.6060608163331955e-05
7380,2.2512849740864916e-05
7381,2.4274859875149896e-05
7382,0.00025435700419067236
7383,0.0006446757216205457
7384,8.73622087478515e-06
7385,5.37066136547975e-06
7386,6.576706359704634e-07
7387,0.0
7388,0.0
7389,0.0
7390,4.3462704155621175e-06
7391,0.0
7392,0.0
7393,0.0
7394,0.0
7395,0.0
7396,0.0
7397,1.3681710190523726e-06
7398,0.0
7399,2.054681046204731e-06
7400,5.49461080456435e-07
7401,5.726303833603825e-06
7402,7.063103210293608e-06
7403,6.950784299556191e-06
7404,6.853833742308045e-06
7405,6.853833742308045e-06
7406,6.853833742308045e-06
7407,6.853833742308045e-06
7408,6.853833742308045e-06
7409,6.853833742308045e-06
7410,5.256990345817787e-06
7411,2.2747008136917952e-05
7412,0.0
7413,0.0
7414,0.0
7415,0.0
7416,0.0
7417,0.0
7418,2.476463849240468e-07
7419,1.5898902676126583e-06
7420,2.7838967336555554e-05
7421,1.2338124978868135e-05
7422,1.78789986988591e-05
7423,1.37973305407647e-05
7424,1.0508461356798195e-05
7425,4.656229936883061e-06
7426,0.0005632944364069599
7427,2.1740837932523983e-08
7428,5.379737619398764e-06
7429,3.73844478999923e-06
7430,5.948295016288676e-06
7431,4.33717950811631e-07
7432,2.1724275846567838e-05
7433,0.00028857900489909585
7434,0.0002545541752847277
7435,5.380057505718371e-05
7436,2.494513400665147e-05
7437,2.6060608163331955e-05
7438,2.6060608163331955e-05
7439,2.6060608163331955e-05
7440,2.2703917210425696e-05
7441,0.00023872469739339263
7442,0.00010412858532246797
7443,4.7805822694628466e-05
7444,0.00011685459420845543
7445,4.7226279285115825e-07
7446,1.0868993873724478e-05
7447,0.00020633629805137275
7448,0.0
7449,0.0
7450,0.0
7451,0.00024581195239955486
7452,0.0008197946532932066
7453,0.0
7454,0.0
7455,3.5669242347084253e-07
7456,7.471494781596169e-06
7457,5.66857041688479e-06
7458,6.788423966246706e-06
7459,4.057766830979815e-06
7460,7.500203714140435e-06
7461,7.500203714140435e-06
7462,7.225542594337081e-06
7463,6.853833742308045e-06
7464,6.853833742308045e-06
7465,6.853833742308045e-06
7466,6.853833742308045e-06
7467,6.853833742308045e-06
7468,6.853833742308045e-06
7469,4.13146400192686e-06
7470,1.1191094341767005e-06
7471,0.0
7472,0.0
7473,0.0
7474,0.0
7475,0.0
7476,1.1673571143895645e-06
7477,0.0
7478,0.00014932073155125007
7479,0.0009628988702793858
7480,5.6214400058409944e-05
7481,3.325153295852366e-05
7482,3.412492679391927e-05
7483,1.3948205801794181e-05
7484,1.3244732961507444e-05
7485,4.692489484134575e-06
7486,4.735653016133687e-06
7487,0.0002822713559664598
7488,5.948295016288676e-06
7489,5.948295016288676e-06
7490,1.1257818798607557e-05
7491,1.6721233201285042e-05
7492,3.268812866518531e-05
7493,3.26824181215539e-05
7494,3.26824181215539e-05
7495,2.0784763675535074e-05
7496,2.6060608163331955e-05
7497,2.6060608163331955e-05
7498,2.6010850389562794e-05
7499,2.5639732507683978e-05
7500,1.8748266638474305e-05
7501,1.7101385631186673e-05
7502,1.486496779483757e-05
7503,0.00018468560245927062
7504,0.0009076351133906319
7505,1.4081104487278328e-05
7506,0.0007951803827138506
7507,6.0847516231997344e-05
7508,1.0023180357704197e-05
7509,0.0003667463943072384
7510,0.0
7511,3.1290651055085084e-07
7512,6.230731605148408e-06
7513,7.472671932566269e-06
7514,7.500203714140435e-06
7515,7.500203714140435e-06
7516,7.500203714140435e-06
7517,7.500203714140435e-06
7518,7.500203714140435e-06
7519,7.465623361908346e-06
7520,6.853833742308045e-06
7521,6.853833742308045e-06
7522,6.853833742308045e-06
7523,6.853833742308045e-06
7524,6.853833742308045e-06
7525,6.853833742308045e-06
7526,6.853833742308045e-06
7527,3.964360699266697e-06
7528,1.5385590818823628e-06
7529,0.0
7530,6.5718097046012655e-06
7531,1.1319686823577407e-07
7532,8.873160527065666e-06
7533,2.397430832148896e-06
7534,5.708077951017199e-06
7535,0.00020387201836872835
7536,5.413052822889841e-05
7537,0.003815352067981021
7538,3.9913887952328984e-05
7539,3.8057935179212605e-05
7540,2.9857829749075996e-05
7541,1.4601914683995005e-05
7542,1.5271692273191517e-05
7543,4.732312651499785e-06
7544,0.00037130880766021756
7545,5.831966680464251e-06
7546,5.948295016288676e-06
7547,6.600121981093915e-06
7548,3.6722269590409626e-05
7549,3.7277283724042526e-05
7550,3.652142473752162e-05
7551,3.325846131934895e-05
7552,3.2404805087054244e-05
7553,2.992614521234704e-05
7554,2.6039878635485863e-05
7555,2.4630607981172046e-05
7556,2.0119522939022717e-05
7557,1.9932069330220863e-05
7558,1.8372960689815855e-05
7559,1.4615264073669837e-05
7560,1.4615264073669837e-05
7561,1.4615264073669837e-05
7562,1.385858730051352e-05
7563,1.4615264073669837e-05
7564,0.00011719871220484867
7565,0.002911528201098
7566,5.534389351523573e-07
7567,1.847236717135471e-06
7568,7.500203714140435e-06
7569,7.500203714140435e-06
7570,7.500203714140435e-06
7571,7.500203714140435e-06
7572,7.500203714140435e-06
7573,7.500203714140435e-06
7574,7.0166565858990175e-06
7575,6.853833742308045e-06
7576,6.853833742308045e-06
7577,6.853833742308045e-06
7578,6.853833742308045e-06
7579,6.853833742308045e-06
7580,0.0002914779794354003
7581,0.00012756548600161846
7582,8.218404563798266e-06
7583,3.339764072786965e-06
7584,1.3126289824466636e-05
7585,1.2356232018520978e-05
7586,1.2658086618521605e-05
7587,6.923868229916759e-06
7588,8.397193029063853e-06
7589,1.7922077797717977e-05
7590,7.801839701479258e-05
7591,9.544319068778868e-05
7592,0.00015405264814891638
7593,0.00047886578857332185
7594,0.0006036522031609265
7595,1.4678430083850904e-05
7596,2.530445481616846e-05
7597,2.7841840293130426e-05
7598,3.382978709453415e-05
7599,4.965138494266897e-06
7600,9.499522588683492e-07
7601,1.0551946777807186e-05
7602,3.465682048194688e-05
7603,3.73123090483707e-05
7604,3.73123090483707e-05
7605,3.6764125396800734e-05
7606,2.3132734097326277e-05
7607,3.1720482958695586e-05
7608,2.958721506949674e-05
7609,1.9638559370604636e-05
7610,1.9638559370604636e-05
7611,1.9638559370604636e-05
7612,1.8580006146268222e-05
7613,1.4615264073669837e-05
7614,7.0394385705368705e-06
7615,0.00044520375294938825
7616,1.671175018621774e-06
7617,4.65869026703631e-06
7618,7.378873475327828e-06
7619,7.500203714140435e-06
7620,7.500203714140435e-06
7621,7.500203714140435e-06
7622,7.500203714140435e-06
7623,7.2996896997643996e-06
7624,7.006095418682518e-06
7625,6.853833742308045e-06
7626,6.853833742308045e-06
7627,6.853833742308045e-06
7628,6.853833742308045e-06
7629,8.525848782584745e-06
7630,6.853833742308045e-06
7631,2.5470826124769115e-06
7632,1.0800048958085714e-05
7633,1.3126289824466636e-05
7634,1.3126289824466636e-05
7635,1.3126289824466636e-05
7636,1.163160379166957e-05
7637,4.962478539110656e-06
7638,1.36345781809371e-05
7639,2.1948199940471864e-05
7640,3.4748250559526984e-05
7641,8.401905881193797e-05
7642,3.991690494309518e-05
7643,0.004059639211458782
7644,6.979319940618239e-05
7645,1.4678430083850904e-05
7646,2.0053171239270653e-05
7647,5.704559612491318e-05
7648,8.892429101711079e-05
7649,8.974916535982157e-06
7650,2.3501872677560458e-08
7651,1.1116495724467521e-05
7652,3.73123090483707e-05
7653,3.73123090483707e-05
7654,3.73123090483707e-05
7655,3.73123090483707e-05
7656,1.82549857947014e-05
7657,1.7711947003278794e-05
7658,0.00022294135245512711
7659,8.821642429805956e-05
7660,2.501349675290508e-05
7661,1.9638559370604636e-05
7662,8.767782943212398e-06
7663,6.034474558351587e-06
7664,1.6007237238500903e-06
7665,7.500203714140435e-06
7666,7.500203714140435e-06
7667,7.500203714140435e-06
7668,7.500203714140435e-06
7669,7.500203714140435e-06
7670,7.451617315523397e-06
7671,6.877806490601441e-06
7672,6.853833742308045e-06
7673,6.853833742308045e-06
7674,6.853833742308045e-06
7675,6.853833742308045e-06
7676,6.853833742308045e-06
7677,6.468476377099511e-06
7678,3.867656281955327e-06
7679,8.922423583630454e-07
7680,0.001578785680346065
7681,3.681039191911556e-06
7682,1.136224370849389e-05
7683,1.2133640514071479e-07
7684,2.822513070456263e-06
7685,6.092716855396484e-05
7686,0.00017037469952729204
7687,0.018321868993206984
7688,0.000430040006741157
7689,0.0001858374559068185
7690,7.810026980987274e-05
7691,2.4268770158379567e-05
7692,1.4743506322034227e-05
7693,1.0946482453780622e-05
7694,9.291923578680603e-06
7695,0.0004072638734101744
7696,0.0005211779777053111
7697,3.0861640983474146e-06
7698,2.518936505187245e-05
7699,7.072467326513392e-05
7700,3.76318675038047e-05
7701,0.00014821778209469735
7702,3.647796776717356e-05
7703,1.5178588607396308e-05
7704,0.00028197859054761174
7705,0.0019927257496077915
7706,0.0004525765713416396
7707,0.00026511422617297916
7708,1.144422946865853e-05
7709,3.841605806390096e-06
7710,7.500203714140435e-06
7711,7.500203714140435e-06
7712,7.500203714140435e-06
7713,7.4895394977573445e-06
7714,6.967699902313382e-06
7715,7.029584792055409e-06
7716,6.853833742308045e-06
7717,6.853833742308045e-06
7718,6.853833742308045e-06
7719,6.853833742308045e-06
7720,6.853833742308045e-06
7721,6.853833742308045e-06
7722,6.853833742308045e-06
7723,1.575693109747943e-07
7724,3.4747387678134946e-07
7725,9.761007775096187e-09
7726,0.0
7727,5.37810793874991e-06
7728,0.00012327354101364932
7729,0.0020741048857319143
7730,0.01259832796856124
7731,0.0068850198417362805
7732,3.176589760526108e-07
7733,2.2965251461590297e-05
7734,2.1901702323454262e-05
7735,1.64276704450841e-05
7736,8.229086789452734e-06
7737,1.9838140321844334e-06
7738,4.809588129553281e-05
7739,3.447184260093129e-06
7740,2.8682740625467452e-06
7741,5.0426349473728745e-05
7742,8.988369738846762e-05
7743,0.00011176540974745957
7744,0.00286612343074757
7745,0.0009570700760177829
7746,0.0003284068063598044
7747,5.941278655615997e-05
7748,0.0005014884849297587
7749,0.00012360435158446684
7750,1.2511460874921547e-06
7751,1.8181222274807258e-06
7752,7.285624265605074e-06
7753,6.171192843814979e-06
7754,7.500203714140435e-06
7755,7.059128100400819e-06
7756,6.853833742308045e-06
7757,6.853833742308045e-06
7758,6.853833742308045e-06
7759,6.853833742308045e-06
7760,6.853833742308045e-06
7761,5.454776348909461e-06
7762,6.853833742308045e-06
7763,1.859187027698867e-06
7764,1.2006478182007811e-06
7765,1.5289360784634684e-06
7766,4.51656032228875e-07
7767,2.3108160664717088e-08
7768,3.907028061509822e-06
7769,0.0010244132830952203
7770,0.0020983697240937694
7771,7.125294918199945e-05
7772,3.841886108203197e-05
7773,4.223275356249729e-07
7774,6.124187653990216e-06
7775,5.647591374641087e-05
7776,1.4973095306881565e-05
7777,2.0614680313820104e-06
7778,1.4122910076141185e-06
7779,1.4122910076141185e-06
7780,2.02073778962041e-06
7781,2.3484946849081827e-05
7782,7.736439587594288e-05
7783,9.053068655945042e-05
7784,0.00023939468209309195
7785,0.0011241067864322582
7786,0.0028265635863462925
7787,0.005007339987203278
7788,0.0014452307106661924
7789,3.1351893265728545e-07
7790,6.039953413882836e-06
7791,6.19055144410981e-06
7792,6.853833742308045e-06
7793,6.895501694065744e-06
7794,6.853833742308045e-06
7795,6.853833742308045e-06
7796,6.095474889186844e-06
7797,5.404520542839925e-07
7798,2.9218581676546975e-07
7799,1.4672706152939375e-06
7800,1.5428061240846614e-06
7801,1.5334806942320727e-06
7802,5.115688892413966e-07
7803,0.0
7804,0.000701489011827566
7805,6.672542958354674e-05
7806,1.2099448232342724e-05
7807,5.167745712423131e-05
7808,2.3943579700156037e-06
7809,1.0415507202815039e-05
7810,0.00044002190655482694
7811,0.0003495074754258517
7812,1.5529386676536428e-06
7813,1.4122910076141185e-06
7814,1.4122910076141185e-06
7815,1.4122910076141185e-06
7816,5.3376838739881285e-05
7817,6.65729590645451e-05
7818,1.0730328153654693e-05
7819,0.00027991390554500987
7820,1.1513874963805163e-06
7821,7.399843756003946e-06
7822,2.7784287778486e-06
7823,6.2201289892846446e-06
7824,2.0885856912171344e-06
7825,1.6927288792132388e-06
7826,3.451287754169138e-06
7827,1.5428061240846614e-06
7828,2.0752191456237724e-06
7829,1.535724638553738e-06
7830,2.097876849025365e-07
7831,0.0
7832,0.0001942610485864782
7833,0.0002359483597100712
7834,2.3943579700156037e-06
7835,8.039511575725916e-06
7836,2.771672504680357e-06
7837,1.3596319770959804e-05
7838,1.4747157772337481e-05
7839,8.285555879357025e-06
7840,6.255919865899448e-06
7841,1.4147014998411078e-06
7842,7.450218186821612e-06
7843,2.245108028806869e-06
7844,6.431457745651645e-05
7845,4.579930164176407e-05
7846,1.396608159739313e-05
7847,8.292839931703975e-06
7848,1.7197692126945446e-05
7849,1.5433485266396706e-06
7850,9.422560862050544e-07
7851,0.0
7852,0.00037421349932407723
7853,0.000831942978848503
7854,2.5239088255510066e-06
7855,2.3943579700156037e-06
7856,4.974865613511002e-06
7857,1.573294404183494e-05
7858,1.237078637913663e-05
7859,6.7169194601419524e-06
7860,6.7169194601419524e-06
7861,0.00045344524790327746
7862,0.0005341142921636353
7863,8.886061130204835e-06
7864,2.409968630939048e-05
7865,0.0015659659286822588
7866,1.2081294723732316e-06
7867,7.655721156934397e-07
7868,1.844979526381126e-05
7869,1.844979526381126e-05
7870,1.844979526381126e-05
7871,1.1299593737091344e-05
7872,2.202503283752751e-06
7873,2.9040913263970506e-07
7874,1.953884046442272e-06
7875,0.0005509151734471672
7876,4.49416221638923e-06
7877,4.1820896278554236e-06
7878,5.6132044433362314e-06
7879,9.52831016663245e-06
7880,6.7169194601419524e-06
7881,6.7169194601419524e-06
7882,6.702033531141013e-06
7883,6.7169194601419524e-06
7884,4.692562004207416e-06
7885,6.016385895489479e-06
7886,0.00011994329610120943
7887,1.3942280493604019e-05
7888,7.342043759817962e-06
7889,1.844979526381126e-05
7890,1.844979526381126e-05
7891,1.844979526381126e-05
7892,1.8368912638443074e-05
7893,1.5463210203334168e-05
7894,1.8697924280126355e-06
7895,0.00047291272527828874
7896,4.780767187673498e-06
7897,4.780767187673498e-06
7898,4.780767187673498e-06
7899,6.471724850412668e-06
7900,8.67255620786697e-06
7901,1.080943655574973e-05
7902,6.897683630458349e-06
7903,8.319716390311686e-06
7904,3.5317502129314686e-06
7905,2.6796848476274745e-06
7906,2.6796848476274745e-06
7907,0.0008080106048757663
7908,0.000567072990153603
7909,9.85140659229099e-06
7910,1.7133623988998554e-05
7911,1.844979526381126e-05
7912,1.844979526381126e-05
7913,1.844979526381126e-05
7914,1.7117889519321298e-05
7915,7.095176693064389e-06
7916,0.00013143686598392502
7917,4.780767187673498e-06
7918,4.780767187673498e-06
7919,4.780767187673498e-06
7920,9.080827476457144e-06
7921,1.2059300178756164e-05
7922,1.2059300178756164e-05
7923,1.2059300178756164e-05
7924,6.86346496470184e-05
7925,0.0005373149370937328
7926,2.6796848476274745e-06
7927,3.8577281678349835e-05
7928,0.00022252554295175886
7929,9.187373263532447e-05
7930,0.0
7931,0.0
7932,3.995431691344094e-06
7933,1.844979526381126e-05
7934,1.844979526381126e-05
7935,1.844979526381126e-05
7936,1.825004250401067e-05
7937,0.00015495200801262662
7938,2.714637507769556e-05
7939,1.5304042000688105e-05
7940,2.3307783781416975e-05
7941,1.0159470118857431e-05
7942,1.208908985308852e-05
7943,1.2059300178756164e-05
7944,1.5725254585497624e-05
7945,1.1294292745904822e-05
7946,8.8976371283386e-06
7947,0.00012123833723150956
7948,4.805213457049294e-06
7949,2.6796848476274745e-06
7950,2.683478822772027e-06
7951,1.7853111725981028e-06
7952,3.581694451002982e-05
7953,5.246606667589917e-07
7954,1.1514968734586249e-05
7955,9.098949419752462e-06
7956,1.6974591827069672e-05
7957,0.00047101787332185234
7958,0.0002869687990130312
7959,4.268732579588126e-05
7960,2.0616836324982223e-05
7961,2.7407512724220042e-05
7962,2.7407512724220042e-05
7963,2.211032159854665e-05
7964,1.1601366575696624e-05
7965,1.2059300178756164e-05
7966,0.00023266433635254932
7967,1.5148033659738305e-06
7968,8.009673228942726e-06
7969,1.0781363403838592e-05
7970,1.2582447652671034e-05
7971,8.962651050464662e-06
7972,0.0012072435059310243
7973,5.929718544537114e-07
7974,7.719963573297935e-05
7975,0.001523567550759545
7976,0.00018666276258727188
7977,0.00022899149885501066
7978,0.00505239714941654
7979,0.0012785273729610917
7980,0.00017459115602367774
7981,3.524723522644948e-05
7982,1.7659870154961813e-05
7983,2.5421709487413253e-05
7984,3.369209610131727e-05
7985,1.912066171123563e-05
7986,4.2292489796782155e-07
7987,6.1195550614496036e-06
7988,1.6688170207871587e-06
7989,2.215885909551823e-06
7990,1.2582447652671034e-05
7991,1.2582447652671034e-05
7992,1.2582447652671034e-05
7993,1.2582447652671034e-05
7994,0.000250845333147656
7995,2.6008018384620292e-05
7996,4.791412052860144e-05
7997,3.891770947807685e-06
7998,6.173694770039516e-05
7999,0.0004067220210886525
8000,0.00033939535593804817
8001,0.0008080562390396908
8002,4.368516612086168e-05
8003,1.3381287796268976e-05
8004,1.3370379140520148e-05
8005,1.8864752017252846e-05
8006,0.00010345376579006614
8007,6.051229960618213e-05
8008,0.0005269308983489509
8009,1.9201490176202303e-05
8010,1.2582447652671034e-05
8011,1.2582447652671034e-05
8012,1.2582447652671034e-05
8013,9.49837482448797e-06
8014,8.613907005536156e-06
8015,7.063481699699721e-05
8016,1.4412606738133287e-05
8017,7.024890927548573e-06
8018,1.44938532853201e-05
8019,0.0002011119119213685
8020,9.303725305986558e-05
8021,0.000395458647339212
8022,0.00030915198758620885
8023,2.1224879942747887e-05
8024,2.0612438336143985e-05
8025,2.133953242013323e-05
8026,0.00013434050666827807
8027,2.779053888911061e-05
8028,0.0016046939223744313
8029,1.2582447652671034e-05
8030,1.2582447652671034e-05
8031,1.2582447652671034e-05
8032,1.2582447652671034e-05
8033,1.1979442188002141e-05
8034,1.4289596759180992e-05
8035,8.794687438941042e-05
8036,1.1101369842785242e-05
8037,3.8994688422017186e-05
8038,0.009334869779478486
8039,0.005655132846089048
8040,0.0003249547685470101
8041,4.2279122893857627e-05
8042,0.00015995573351715287
8043,1.8620882746788425e-05
8044,9.435419043229512e-05
8045,3.6529626305087344e-05
8046,4.872716618036312e-06
8047,1.2582447652671034e-05
8048,1.2582447652671034e-05
8049,1.562109617310207e-05
8050,1.2552075325988603e-05
8051,0.000864894939848971
8052,1.7828956955049566e-06
8053,0.004262783921169349
8054,0.0021388452466729927
8055,0.017861044356073396
8056,0.00279786281200163
8057,0.00022292251920436783
8058,0.0002197151451331591
8059,0.00022473983908858562
8060,0.00017889797750549776
8061,0.00013655039316838163
8062,1.1843259467106036e-05
8063,5.771151997611381e-07
8064,1.0278334209206807e-05
8065,1.2582447652671034e-05
8066,2.9597768789898697e-05
8067,5.721987468971358e-05
8068,2.2128183723425805e-05
8069,3.082952560125724e-05
8070,0.018628573191275165
8071,0.009590435326089107
8072,0.0004649373053415989
8073,0.00012728469538523604
8074,0.0001498421097279685
8075,1.8316109695251335e-05
8076,0.00013311894664927806
8077,4.112963343395125e-05
8078,1.6697876878036345e-05
8079,5.2048428353630846e-05
8080,4.545688212213025e-05
8081,5.564908668865668e-05
8082,6.776594554675206e-05
8083,3.3371386272690974e-05
8084,0.003802627348747185
8085,0.008183764835450793
8086,0.0011473938931209587
8087,0.0002451859503700411
8088,8.1682954065779e-06
8089,5.681084918410833e-05
8090,6.776594554675206e-05
8091,6.776594554675206e-05
8092,4.963265127484703e-05
8093,2.2411657567251856e-05
8094,6.484888473609458e-05
8095,7.486525743033666e-06
8096,1.5734783762868224e-05
8097,6.776594554675206e-05
8098,6.776594554675206e-05
8099,0.00039814456745939107
8100,0.000647033972786104
8101,9.887215499405803e-06
8102,7.970657536867309e-05
8103,0.00023199844376371905
8104,5.028924320418661e-05
8105,0.000577798646158616
8106,5.9567658745356157e-05
8107,4.969910102987519e-05
8108,0.0004525050351571543
8109,3.276169173671737e-05
8110,3.1571337595117646e-05
8111,4.4332384294727905e-05
8112,5.013094996673777e-05
8113,3.0954193308303134e-06
8114,4.59043025782534e-05
8115,5.387570174694662e-05
8116,2.3285449902972463e-05
8117,3.407101904720907e-05
8118,4.857535395988867e-05
8119,1.4078705704783034e-05
8120,2.8512262507692413e-05
8121,5.147293227236677e-05
8122,2.40733929580792e-06
8123,1.1643094988582504e-06
8124,1.1110791453527135e-06
8125,9.050350669410419e-07
8126,4.73488728258681e-06
8127,6.010233047223004e-06
8128,1.410196142555178e-06
8129,7.736029335934017e-06
8130,2.907051356762471e-06
8131,1.4229713522863738e-06
8132,1.1788102901732631e-05
8133,1.082514773276095e-05
8134,8.26855740144053e-07
8135,7.814781314534953e-07
8136,1.0459540590829328e-05
8137,7.610480261452871e-06
8138,4.573740754638574e-06
8139,1.0860351473297133e-06
8140,1.2212780605129057e-06
8141,1.0786218946040503e-06
8142,1.2574234018675154e-06
8143,7.200895299385408e-07
8144,1.7095260469114711e-06
8145,1.1640842610123101e-06
8146,1.3044137773884295e-06
8147,6.910693157749187e-07
8148,2.920676399614437e-06
8149,1.8683341480185741e-06
8150,1.8952958554561484e-06
8151,9.025765238578078e-06
8152,3.983277391424008e-06
8153,8.601113718448733e-07
8154,9.448286996341575e-07
8155,0.0
8156,0.0
8157,0.0
8158,0.0
8159,0.0
8160,0.0
8161,1.8920674467412878e-05
8162,5.025985456762502e-05
8163,3.0099284789015725e-05
8164,6.583800215680935e-05
8165,9.541696523185717e-05
8166,0.006153308759195679
8167,0.007354436021292402
8168,4.6088144350045754e-05
8169,0.00019815347651815324
8170,0.0012628707864161082
8171,0.01381677590955601
8172,0.024241863314108388
8173,0.05175555908190484
8174,0.01748971461374813
8175,0.003783669995336116
8176,5.315310659063416e-05
8177,3.301894659161522e-05
8178,0.0001705854944778268
8179,0.005157551646209849
8180,0.01616235832380264
8181,0.03364488450998662
8182,0.009142046579559082
8183,3.301642803830275e-07
8184,2.7879078237168096e-05
8185,0.001787054679660673
8186,0.003914821028666776
8187,6.960658853072583e-05
8188,0.010066185206227669
8189,0.01338304434224214
8190,3.7144814248570335e-07
8191,1.4515258399111638e-05
8192,0.0006729667615738682
8193,0.0001483305423833422
8194,0.0006717174521454446
8195,0.0011914034508833959
8196,0.014999869901988922
8197,0.0026876909779039856
8198,1.1593893453308433e-05
8199,0.00046189098320925935
8200,0.0009258540771615049
8201,0.00010862113530787386
8202,0.00010750922147657034
8203,0.00032608021264386353
8204,0.005239500706151682
8205,1.2684377979467354e-05
8206,1.564891310424259e-05
8207,0.0005818740991238504
8208,0.000219568065391224
8209,6.318263025565836e-05
8210,0.0008661033113797757
8211,1.7445741064650576e-05
8212,1.7938315570561785e-06
8213,1.9897601147804217e-05
8214,6.6443778051165985e-06
8215,0.00010351285398549638
8216,7.093873455232301e-05
8217,6.235512549981872e-05
8218,4.384115943350168e-05
8219,0.00359807
8220,4.721083342691497e-06
8221,1.6403957552154147e-05
8222,4.771843033984506e-06
8223,3.4690159308845014e-05
8224,4.561129366723195e-05
8225,4.8889344109809954e-05
8226,3.930379719265344e-05
8227,2.812492410646271e-06
8228,1.5258552153388824e-06
8229,1.8993941422791925e-05
8230,2.46635859730327e-06
8231,4.135182521833536e-05
8232,4.18740106515231e-05
8233,4.18740106515231e-05
8234,4.18740106515231e-05
8235,4.049716688433695e-06
8236,1.6526628419465575e-06
8237,1.693083274691675e-06
8238,3.505315177365307e-05
8239,4.192484174483916e-05
8240,4.18740106515231e-05
8241,0.002006191330059901
8242,0.0013149045265525244
8243,1.623696365730495e-05
8244,1.100055347146671e-05
8245,8.942903887160291e-06
8246,4.105831221603267e-06
8247,1.117714810520871e-05
8248,3.491266004855835e-05
8249,4.300401137450673e-05
8250,0.0001800775589089888
8251,0.00033167977255196135
8252,0.0013355525263390293
8253,6.221929271001157e-05
8254,0.00029914936502540277
8255,4.963816490862332e-07
8256,1.217444388371552e-05
8257,9.816022467578939e-06
8258,3.592501816156765e-06
8259,4.164548046652431e-05
8260,0.0014313862846969767
8261,5.208170861052594e-05
8262,6.084921783752264e-05
8263,0.0002769956038987316
8264,0.0001366951212521107
8265,3.968811200387729e-06
8266,7.472273530080758e-06
8267,3.0790526308866895e-06
8268,1.512207678603061e-06
8269,2.7696706565747777e-06
8270,3.796336689634272e-06
8271,1.4998965412813453e-05
8272,6.137090237093015e-06
8273,3.807942890549891e-05
8274,4.30266343816206e-05
8275,4.30266343816206e-05
8276,3.7140618459633136e-05
8277,3.134030872730227e-06
8278,1.0150391858857597e-05
8279,1.1721496484657771e-06
8280,1.2561429096674485e-05
8281,7.939562567684455e-06
8282,2.534305621176895e-06
8283,2.3644013900912516e-06
8284,2.4826115460154406e-05
8285,2.5215736698687678e-05
8286,3.0506957456743306e-05
8287,4.30016482906773e-05
8288,2.672681509185294e-05
8289,5.192443263063665e-06
8290,1.0563463260180724e-05
8291,6.307502099406467e-06
8292,0.0007309377594370203
8293,1.4684384417577076e-05
8294,1.372479974123778e-05
8295,2.3432441572666683e-06
8296,2.2234461384747395e-05
8297,1.9021010143645767e-05
8298,1.3748568930110923e-05
8299,0.0004647808130607111
8300,0.00014031142526282008
8301,0.00031633993321788915
8302,6.10211794890593e-06
8303,4.4315081568460565e-06
8304,1.2587508502355511e-05
8305,2.20345631395994e-05
8306,2.7562048744129062e-05
8307,2.7562048744129062e-05
8308,2.7562048744129062e-05
8309,1.6948030398466338e-05
8310,2.7562048744129062e-05
8311,0.0008244692322467762
8312,1.620968184584747e-05
8313,2.4067641700062758e-05
8314,0.0003111752884229162
8315,0.0005038689829603751
8316,6.633391682695012e-06
8317,1.1893086510879043e-05
8318,0.00021002941864310407
8319,1.6029382727750214e-05
8320,1.8841813423704e-05
8321,2.7562048744129062e-05
8322,2.8352052900966555e-05
8323,2.7562048744129062e-05
8324,2.7516488255797835e-05
8325,1.9640788408980928e-05
8326,9.315849485845557e-05
8327,0.0002563493585062977
8328,3.189168092375548e-05
8329,9.987009507446943e-07
8330,0.00019781713776347173
8331,1.081759108924769e-05
8332,1.0177148502935478e-06
8333,1.0177148502935478e-06
8334,1.0177148502935478e-06
8335,3.302418619355394e-05
8336,5.9293196160837305e-05
8337,3.4905701797421275e-05
8338,3.6341806968117e-05
8339,7.346472070959973e-06
8340,5.6073499980547066e-05
8341,0.00033161405595234664
8342,3.042053464460452e-06
8343,9.03702776753843e-06
8344,1.205846046334331e-05
8345,0.0017185636368407446
8346,1.0177148502935478e-06
8347,1.0177148502935478e-06
8348,1.0177148502935478e-06
8349,3.163221320195894e-05
8350,4.511659172556115e-05
8351,6.016377242827902e-05
8352,6.016377242827902e-05
8353,3.5016133265809166e-05
8354,5.801883065549091e-05
8355,1.190899731627113e-05
8356,1.1189832568639018e-05
8357,1.2301459801915446e-05
8358,1.1730347250010443e-05
8359,1.271556122597325e-06
8360,1.0177148502935478e-06
8361,1.0177148502935478e-06
8362,1.0177148502935478e-06
8363,1.1062018122660887e-06
8364,2.0117351719698045e-05
8365,4.766791775895305e-05
8366,4.230790601353549e-05
8367,5.7166839764387796e-05
8368,4.306407687775211e-05
8369,0.0004996522902085883
8370,8.15652925525878e-07
8371,5.991270525384666e-06
8372,1.2272081945233155e-05
8373,1.2301459801915446e-05
8374,8.692250786217848e-06
8375,1.6160688105306503e-06
8376,1.0177148502935478e-06
8377,1.0177148502935478e-06
8378,3.6870708992293945e-06
8379,1.338397297441679e-05
8380,2.1061496999054488e-05
8381,2.0241463094039703e-05
8382,1.0629728390078468e-05
8383,0.0006522319849931961
8384,0.00010776441629421912
8385,3.1627487309760734e-05
8386,9.537570550983192e-06
8387,1.2301459801915446e-05
8388,1.2301459801915446e-05
8389,7.1091587724080755e-06
8390,2.723327438102899e-06
8391,1.0177148502935478e-06
8392,2.9318706765700673e-06
8393,4.185264142979572e-06
8394,1.019879721836919e-05
8395,2.0478949094777117e-05
8396,3.187498479092189e-05
8397,6.64002461809107e-05
8398,0.0016568369969386164
8399,0.00030577535347363425
8400,0.00019807978374453478
8401,2.7310142503229033e-05
8402,6.24395565291348e-06
8403,3.481901864338603e-06
8404,1.2301459801915446e-05
8405,1.2301459801915446e-05
8406,1.2301459801915446e-05
8407,1.0464089649307741e-05
8408,9.151920640530344e-06
8409,5.113671712905467e-06
8410,9.151920640530344e-06
8411,9.142820485293436e-06
8412,9.151920640530344e-06
8413,1.5414754035104038e-05
8414,1.2506063097571813e-05
8415,2.519780820853516e-05
8416,0.0020745884683129427
8417,0.006566494359533034
8418,7.45770384391118e-05
8419,0.00018770510437640547
8420,1.3729046108073546e-05
8421,1.2593389743665646e-05
8422,1.2435277200134403e-05
8423,1.7444690759199932e-05
8424,1.2301459801915446e-05
8425,1.2301459801915446e-05
8426,1.1059634319704688e-05
8427,8.490463403649189e-06
8428,9.151920640530344e-06
8429,9.001546979895331e-06
8430,9.151920640530344e-06
8431,9.151920640530344e-06
8432,9.151920640530344e-06
8433,9.151920640530344e-06
8434,9.151920640530344e-06
8435,0.000127736731583199
8436,0.001049001110636847
8437,6.93979165579358e-05
8438,4.2952762891401145e-05
8439,0.00013032179286149136
8440,1.3819690988557252e-06
8441,2.1741612687074568e-05
8442,2.158633860300889e-05
8443,2.156524439674593e-05
8444,1.51874063587185e-05
8445,3.841186396682269e-06
8446,8.446063801896646e-06
8447,2.2888135075537744e-07
8448,3.447077934281282e-06
8449,1.0014393467038188e-06
8450,8.878881302603752e-06
8451,1.2634674560897796e-05
8452,9.151920640530344e-06
8453,9.30332476309643e-06
8454,9.151920640530344e-06
8455,0.00037766335514962415
8456,9.196780121361594e-05
8457,7.18157424584685e-05
8458,6.527806264327258e-05
8459,9.541744365373435e-05
8460,1.5201666333076336e-05
8461,2.1741612687074568e-05
8462,2.1741612687074568e-05
8463,2.1741612687074568e-05
8464,2.1638311251997793e-05
8465,1.681758560425472e-05
8466,0.0
8467,0.0
8468,0.0
8469,0.0
8470,8.058024944359524e-06
8471,1.878787855994954e-05
8472,1.5153003416901779e-05
8473,1.4857996714346857e-05
8474,1.389633121602429e-05
8475,6.64314531769373e-05
8476,7.18157424584685e-05
8477,6.993003935042348e-05
8478,4.401849037331218e-05
8479,8.310851751707901e-06
8480,8.365782488396983e-06
8481,1.7270645822358773e-05
8482,2.1741612687074568e-05
8483,2.1741612687074568e-05
8484,2.1741612687074568e-05
8485,1.869416647779813e-05
8486,1.1074168022031015e-06
8487,0.0
8488,0.0
8489,0.0
8490,7.898142097443432e-06
8491,1.878787855994954e-05
8492,1.878787855994954e-05
8493,1.878787855994954e-05
8494,4.8058483745125154e-05
8495,7.18157424584685e-05
8496,7.18157424584685e-05
8497,6.095431764551144e-05
8498,1.5919466998500534e-05
8499,5.218729598010848e-06
8500,1.3477729994936634e-05
8501,9.642957328921705e-07
8502,2.070565186487433e-06
8503,8.578888874224332e-06
8504,1.4068441073285026e-05
8505,2.1716379680628138e-05
8506,1.8478778914066996e-05
8507,0.0
8508,0.0005641587821301204
8509,0.0
8510,0.0
8511,1.486239531647688e-05
8512,2.697647517608783e-05
8513,1.878787855994954e-05
8514,1.878787855994954e-05
8515,2.346572337973312e-05
8516,5.5591045182492544e-05
8517,6.10897633921567e-05
8518,3.95194246922163e-06
8519,1.4848152738760546e-05
8520,1.5070908699222256e-05
8521,2.270161436332901e-06
8522,4.12801267147731e-06
8523,4.981864080187497e-06
8524,6.428190936591373e-06
8525,2.1741612687074568e-05
8526,2.4459184790981393e-05
8527,3.219248952554436e-05
8528,3.329164015235429e-05
8529,7.315705009061046e-06
8530,1.2664117111552616e-05
8531,0.00013165090818383247
8532,0.00018858316717104
8533,0.0001288719708276961
8534,1.1999684917534873e-05
8535,1.878787855994954e-05
8536,3.718111092726888e-05
8537,3.302703313743789e-05
8538,2.716207548004747e-07
8539,9.414175694559734e-07
8540,1.1730564933875883e-05
8541,1.5286353527015312e-05
8542,1.4538552565575268e-05
8543,1.5286353527015312e-05
8544,7.10792387666066e-05
8545,5.222051448370637e-06
8546,1.5308145693920083e-05
8547,3.168565395288375e-05
8548,8.565178567075167e-05
8549,5.001494691723628e-05
8550,2.4816295118011986e-05
8551,3.090631446647216e-05
8552,3.083659541396941e-05
8553,2.7132931447026284e-05
8554,7.827229485955124e-06
8555,7.090831373564554e-06
8556,2.7817270175681518e-05
8557,4.287043870358234e-07
8558,4.151765325162809e-07
8559,1.9702094698108178e-06
8560,1.020919768807609e-05
8561,1.729522786910106e-05
8562,1.5286353527015312e-05
8563,1.5286353527015312e-05
8564,5.2631820422928605e-06
8565,1.4371441660345264e-05
8566,1.5175666848858522e-05
8567,2.503341347592226e-05
8568,3.784218090576673e-05
8569,3.0925272972590156e-05
8570,3.080528220276028e-05
8571,0.0009146993945944623
8572,0.00012878933147343434
8573,0.0001853503176373249
8574,4.967091563800637e-06
8575,3.294549222467239e-06
8576,7.070025517760172e-05
8577,2.2701795458182924e-06
8578,2.2983074901240187e-06
8579,1.9727025897673382e-05
8580,3.3723618868963504e-05
8581,2.235348994222e-05
8582,2.0564416305609446e-05
8583,1.4200317471355665e-05
8584,1.529580012760671e-05
8585,1.529130481383542e-05
8586,1.7840894448738324e-05
8587,2.458077065767528e-05
8588,2.3481840921213588e-05
8589,3.0925272972590156e-05
8590,0.0008484818912930939
8591,0.0005444084372272053
8592,2.874902308812494e-07
8593,9.315816312562438e-05
8594,4.158512438856984e-05
8595,1.877568524140158e-05
8596,2.3564103308137347e-05
8597,3.3723618868963504e-05
8598,3.2938099345943305e-05
8599,2.035038861017777e-05
8600,1.957379733792977e-05
8601,1.7850419048441512e-05
8602,1.820058062391171e-05
8603,1.820058062391171e-05
8604,1.8498069258631773e-05
8605,3.4581687317356214e-05
8606,3.735740096389738e-05
8607,4.417906086843348e-05
8608,1.1481759044615973e-06
8609,0.00047044150088485556
8610,0.0004627378833969127
8611,2.991450512293702e-05
8612,3.3723618868963504e-05
8613,3.3723618868963504e-05
8614,3.3723618868963504e-05
8615,2.9692319494586345e-05
8616,1.820058062391171e-05
8617,1.2369901105025153e-05
8618,9.515829258255353e-05
8619,0.00010777544486556843
8620,1.8558250226157144e-05
8621,7.703381798886132e-06
8622,2.746271804428282e-06
8623,9.672307223835563e-06
8624,1.984134518582188e-05
8625,2.1552521620906814e-05
8626,3.3552469112768034e-05
8627,3.3723618868963504e-05
8628,2.618491838184821e-05
8629,3.3723618868963504e-05
8630,2.441486759979793e-05
8631,2.3116955240740488e-05
8632,1.0387538439724258e-05
8633,8.37095426947213e-06
8634,1.549422610764529e-05
8635,1.820058062391171e-05
8636,2.9370429116735677e-06
8637,1.7166599236956372e-05
8638,2.396693082648301e-06
8639,3.4318819421273963e-06
8640,2.245733649776762e-05
8641,3.080685869191575e-05
8642,1.7203191788160398e-06
8643,0.0007504365991075798
8644,2.417598267276722e-05
8645,2.3107425220163965e-05
8646,8.930214393376618e-06
8647,2.895424132407805e-06
8648,1.2402084442799118e-05
8649,2.5830647310865762e-05
8650,1.0338279954030669e-05
8651,1.4582311295966986e-05
8652,5.198933208613502e-06
8653,2.776106698012355e-06
8654,3.4346455046323787e-06
8655,7.699602335352004e-06
8656,6.197331336142367e-05
8657,2.724128581071757e-05
8658,6.066469470399933e-06
8659,2.4736114494486656e-06
8660,1.86331394535682e-05
8661,1.3626405075974618e-05
8662,6.370513477905479e-05
8663,4.8236243906411836e-05
8664,9.13676874548468e-06
8665,1.272818463078482e-05
8666,8.524987659620327e-05
8667,0.00010753502419262686
8668,9.321294767548177e-06
8669,8.62192612467043e-06
8670,3.3538775406562706e-05
8671,8.799162558111479e-05
8672,1.3027129493845552e-05
8673,2.410245656369024e-05
8674,1.8153462519289026e-05
8675,5.02805158524745e-06
8676,2.415686435888921e-06
8677,2.2281224079352464e-05
8678,1.9984844368536225e-05
8679,1.8554133478414746e-06
8680,1.3893751161880468e-05
8681,2.130981249298399e-05
8682,3.476866046045272e-06
8683,8.074293713301386e-07
8684,7.960503656828193e-06
8685,2.5189939447546118e-05
8686,2.1258686744711955e-05
8687,6.760495554505406e-06
8688,3.5501019168610724e-06
8689,2.2531354153764767e-05
8690,2.599796280899119e-06
8691,1.7958663313728115e-05
8692,1.5159773852324907e-05
8693,1.4656185395769293e-05
8694,6.587258346361997e-06
8695,1.0862245272703717e-06
8696,0.0011857111041387086
8697,0.0006492478154501142
8698,0.0011466180559901828
8699,0.0002498110244209946
8700,0.0
8701,0.0
8702,0.0
8703,2.246483525300781e-06
8704,1.8519659315402228e-06
8705,1.1578353927647982e-05
8706,2.5471985443413398e-05
8707,1.4393172697785666e-06
8708,3.4336194883477676e-06
8709,1.7601295024008075e-05
8710,0.00018148677184614325
8711,0.0001417436250350866
8712,2.5935049373862964e-05
8713,0.0001285509087283303
8714,0.00024401729382698433
8715,0.000315997384507111
8716,0.00014335995702980658
8717,1.7576794273904856e-05
8718,0.00014961543015504821
8719,0.00014668049019971394
8720,5.046154986168957e-06
8721,1.365326977345439e-06
8722,0.0
8723,0.0
8724,0.0
8725,5.3210750737997874e-06
8726,1.0408004702873105e-06
