Code,proportionToHere
1,3.3596021713406577e-07
2,7.269498942240898e-07
3,1.200529781999421e-07
4,1.3959586549577694e-06
5,9.048714187764629e-07
6,1.4039207763787177e-06
7,4.5649896172857834e-07
8,1.425718635934148e-06
9,7.237239100563391e-07
10,1.063132476551411e-06
11,1.3773621861694898e-06
12,2.0845834977410086e-06
13,2.119760658862623e-06
14,2.119760658862623e-06
15,2.119760658862623e-06
16,7.037525337791797e-07
17,9.321701988617246e-07
18,1.4997574707010415e-07
19,1.6082910570237305e-06
20,1.935184299554058e-06
21,2.119760658862623e-06
22,2.119760658862623e-06
23,2.119760658862623e-06
24,2.119760658862623e-06
25,1.4056223516387715e-06
26,4.544618397879163e-07
27,3.194975690040059e-07
28,2.0732070178726348e-06
29,2.119760658862623e-06
30,1.8443297689951096e-06
31,2.119760658862623e-06
32,2.0360104288457563e-06
33,2.119760658862623e-06
34,1.3858336333475567e-06
35,1.2033721157927815e-07
36,7.425584395181069e-07
37,2.119760658862623e-06
38,1.8209728302000454e-06
39,1.3830490495145453e-06
40,6.087070094718108e-07
41,1.6211149089134062e-07
42,8.167357691907847e-07
43,2.119760658862623e-06
44,2.1174574193609977e-06
45,5.099982770739204e-07
46,6.57087265971712e-07
47,1.7951984191798072e-06
48,2.119760658862623e-06
49,2.119760658862623e-06
50,1.5904915170747806e-06
51,1.1998686122719308e-06
52,5.624943906526945e-07
53,3.2182707970364346e-07
54,2.119760658862623e-06
55,2.119760658862623e-06
56,2.119760658862623e-06
57,1.7517989874492433e-06
58,4.743901848090855e-07
59,1.517660214289621e-06
60,2.119760658862623e-06
61,1.3971796285032851e-06
62,5.59084011108571e-07
63,4.195749722789852e-07
64,1.4865530674602345e-07
65,4.3678286583357794e-06
66,2.5986655606872866e-06
67,5.968867097401925e-07
68,2.2054607997318044e-06
69,5.672878493813184e-08
70,2.059549782828994e-06
71,1.1253443330662019e-05
72,1.0844939987649299e-05
73,1.120373308948796e-05
74,7.628268656018065e-06
75,6.395424505860872e-06
76,4.623474240366566e-06
77,5.321725405768015e-06
78,2.339779257554975e-05
79,2.2183047353278424e-05
80,2.3035509008042183e-05
81,1.3614195877257816e-05
82,1.660445252663095e-05
83,8.07085641895745e-06
84,1.1096100535765765e-05
85,8.400006363548939e-06
86,1.1253443330662019e-05
87,1.1253443330662019e-05
88,1.1253443330662019e-05
89,1.0950943069154636e-05
90,1.116568993054528e-05
91,1.0261812019270555e-05
92,8.554801388380885e-06
93,7.118498613597159e-06
94,5.831767394984048e-06
95,1.5936247233998733e-06
96,5.564933520706897e-06
97,1.6905192130573354e-05
98,0.0005205583247431404
99,4.3395596216621985e-05
100,1.9140953955372398e-05
101,1.7363925288053496e-05
102,1.7363925288053496e-05
103,1.7362114834474477e-05
104,1.2396110614986805e-05
105,1.1253443330662019e-05
106,1.1253443330662019e-05
107,1.1253443330662019e-05
108,1.1253443330662019e-05
109,1.1253443330662019e-05
110,1.0716747501487243e-05
111,9.740345259185175e-06
112,8.554801388380885e-06
113,8.554801388380885e-06
114,8.554801388380885e-06
115,6.511751080366015e-06
116,8.509324178734009e-06
117,1.3614404219283021e-06
118,3.6049912557498225e-07
119,0.00013194696505563512
120,0.0007246067397490953
121,0.006995410069005491
122,0.0002977666565191149
123,2.0809800864356782e-05
124,1.7363925288053496e-05
125,1.9835835994342493e-05
126,1.7337762708124526e-05
127,1.2885045210934908e-05
128,1.1253443330662019e-05
129,1.1253443330662019e-05
130,1.1253443330662019e-05
131,1.1253443330662019e-05
132,1.1253443330662019e-05
133,1.0090058428319186e-05
134,8.554801388380885e-06
135,8.554801388380885e-06
136,8.554801388380885e-06
137,8.554801388380885e-06
138,8.554801388380885e-06
139,8.554801388380885e-06
140,7.0418633663669725e-06
141,5.758784884795727e-06
142,2.0586206706117367e-07
143,1.930730542558038e-06
144,6.0265465108871435e-06
145,1.8132013348814996e-06
146,8.109607451647238e-06
147,0.00028315913266273426
148,4.860417994431887e-06
149,3.3400439870802646e-06
150,8.726075465831631e-05
151,0.00024441342256035516
152,0.001407024684296587
153,0.0005710335472663627
154,3.954541987265908e-05
155,3.5079726924414584e-05
156,3.946436586318668e-05
157,2.6596768291768266e-05
158,3.3244260266906424e-05
159,1.2096777957049193e-05
160,1.1253443330662019e-05
161,1.1253443330662019e-05
162,1.1253443330662019e-05
163,1.1253443330662019e-05
164,1.0067204467041988e-05
165,8.554801388380885e-06
166,8.661562739894656e-06
167,8.554801388380885e-06
168,8.554801388380885e-06
169,8.554801388380885e-06
170,8.554801388380885e-06
171,8.554801388380885e-06
172,8.809898004038343e-06
173,2.381947424439648e-06
174,2.3586724957542904e-09
175,5.570805232937343e-09
176,3.036675828274385e-08
177,9.735684096791565e-09
178,4.740373589875904e-06
179,6.185655893868404e-06
180,6.185655893868404e-06
181,1.7232798935094047e-05
182,8.335791006679034e-05
183,2.7345807768756333e-05
184,3.19477048747406e-05
185,6.23095442922903e-05
186,9.342044087499214e-05
187,5.338972769751796e-05
188,5.4187302413523735e-05
189,5.286709331089879e-05
190,3.96829398670087e-05
191,3.946436586318668e-05
192,3.946436586318668e-05
193,3.946436586318668e-05
194,2.0778284238045125e-05
195,1.1253443330662019e-05
196,1.1253443330662019e-05
197,1.1253443330662019e-05
198,1.111820121202025e-05
199,1.0301944359378235e-05
200,9.317761819267159e-06
201,9.652396463742607e-06
202,8.613589144617462e-06
203,9.197464914382015e-06
204,8.554801388380885e-06
205,8.76788805053803e-06
206,8.761324075110614e-06
207,1.3419568434913782e-05
208,1.5224929300903918e-06
209,3.0333269667146188e-09
210,2.4246421621562378e-08
211,7.272343208833827e-08
212,3.836070449093375e-08
213,6.961870442953402e-08
214,3.8863669505929147e-08
215,7.303461868383762e-08
216,6.222544977703105e-08
217,7.303461868383762e-08
218,6.87428215643089e-08
219,7.303461868383762e-08
220,1.9973702520744042e-08
221,4.290407411507849e-06
222,5.781195016050512e-06
223,6.890354125605399e-06
224,6.185655893868404e-06
225,2.1314069322201967e-05
226,2.7345807768756333e-05
227,2.7345807768756333e-05
228,2.779687856934885e-05
229,3.466135830656318e-05
230,3.885512015956545e-05
231,3.466135830656318e-05
232,4.3853732760075614e-05
233,4.3145137662306557e-05
234,4.7932491514034335e-05
235,2.2915099704103416e-05
236,3.9229569391211176e-05
237,3.86972380683764e-05
238,2.1948902310757396e-05
239,1.1560399819095655e-05
240,1.1357179318326362e-05
241,1.279263799672447e-05
242,1.1253443330662019e-05
243,1.0983375883980679e-05
244,9.822701599116313e-06
245,9.822701599116313e-06
246,9.765195695594092e-06
247,9.822701599116313e-06
248,9.470169553867812e-06
249,1.036696354492766e-05
250,1.1102737951732622e-05
251,1.6863950007059823e-05
252,2.1030755840869863e-05
253,3.3901595582852736e-05
254,5.2851582513441285e-08
255,6.480123329736748e-08
256,7.303461868383762e-08
257,7.303461868383762e-08
258,7.303461868383762e-08
259,7.303461868383762e-08
260,7.303461868383762e-08
261,7.303461868383762e-08
262,7.303461868383762e-08
263,7.303461868383762e-08
264,4.226805437782996e-08
265,3.755808443591206e-07
266,3.592880391524656e-06
267,3.3458085550437387e-06
268,6.185655893868404e-06
269,6.185655893868404e-06
270,7.517375057129162e-06
271,1.703003299148071e-05
272,2.7345807768756333e-05
273,2.7345807768756333e-05
274,2.7345807768756333e-05
275,2.951849423377296e-05
276,2.809975625614619e-05
277,3.252787504566359e-05
278,2.126860145432448e-05
279,3.282732515501087e-05
280,1.3641539153215692e-05
281,1.509168845513025e-05
282,1.0686888927261919e-05
283,1.7537866081883824e-05
284,1.2386988359409695e-05
285,1.4749089982072641e-05
286,1.342553592912815e-05
287,1.3110716640017419e-05
288,1.3435545381900712e-05
289,1.3218019195629059e-05
290,1.1679090098224201e-05
291,9.822701599116313e-06
292,9.822701599116313e-06
293,9.822701599116313e-06
294,9.822701599116313e-06
295,9.822701599116313e-06
296,1.3310972077011628e-05
297,1.4519693508656167e-05
298,0.0009026778108131718
299,6.0949701880281084e-05
300,4.447944296403267e-05
301,2.2773823399120446e-05
302,8.705519534877484e-06
303,2.2913954944366156e-08
304,7.303461868383762e-08
305,7.303461868383762e-08
306,7.303461868383762e-08
307,7.303461868383762e-08
308,7.303461868383762e-08
309,7.303461868383762e-08
310,7.303461868383762e-08
311,7.082380003303884e-08
312,7.303461868383762e-08
313,5.409173299982309e-06
314,5.0292421198947955e-06
315,6.185655893868404e-06
316,6.185655893868404e-06
317,6.185655893868404e-06
318,6.185655893868404e-06
319,6.185655893868404e-06
320,2.5161474388828406e-05
321,2.7345807768756333e-05
322,2.7345807768756333e-05
323,2.7345807768756333e-05
324,2.7329159099639684e-05
325,2.2391280985301066e-05
326,0.00037001387081216075
327,1.3161847541724008e-05
328,1.0686888927261919e-05
329,1.0686888927261919e-05
330,1.0686888927261919e-05
331,1.0686888927261919e-05
332,1.1593137551182008e-05
333,1.3421330829996858e-05
334,0.0003425041576906172
335,3.0694101124847545e-05
336,1.3435545381900712e-05
337,1.3503768893534389e-05
338,1.3435545381900712e-05
339,1.0244177119675411e-05
340,9.822701599116313e-06
341,9.822701599116313e-06
342,9.822701599116313e-06
343,1.0239817146326515e-05
344,1.2880093506862776e-05
345,1.4522779284517891e-05
346,1.4522779284517891e-05
347,1.4845471075157097e-05
348,9.053135502006222e-05
349,1.7328119644803417e-05
350,2.5572084034446805e-05
351,1.6912148724054153e-05
352,2.0956957736470676e-08
353,8.452312707455785e-09
354,7.112571096145441e-08
355,7.303461868383762e-08
356,7.303461868383762e-08
357,7.303461868383762e-08
358,7.303461868383762e-08
359,7.303461868383762e-08
360,7.303461868383762e-08
361,1.5544132842453108e-07
362,3.876021731720409e-06
363,6.185655893868404e-06
364,6.185655893868404e-06
365,6.185655893868404e-06
366,6.185655893868404e-06
367,6.185655893868404e-06
368,6.185655893868404e-06
369,6.815178067257332e-06
370,2.3258799289083274e-05
371,2.381067935907097e-05
372,2.7345807768756333e-05
373,2.544428052008381e-05
374,2.537258331707723e-05
375,2.226842532649141e-05
376,0.00016199763084992787
377,1.2739617663433432e-05
378,1.0686888927261919e-05
379,1.0686888927261919e-05
380,1.0686888927261919e-05
381,1.0686888927261919e-05
382,1.2120843085770873e-05
383,1.191852836880185e-05
384,1.3435545381900712e-05
385,0.0014905962565153036
386,1.3590906212216589e-05
387,1.662864932254159e-05
388,1.3851287288331113e-05
389,1.0608954775681877e-05
390,9.918609639780228e-06
391,1.0009860366459061e-05
392,9.822701599116313e-06
393,1.204997009427021e-05
394,1.4009551930567968e-05
395,1.4522779284517891e-05
396,1.4522779284517891e-05
397,1.548190626298204e-05
398,1.7691097513823287e-05
399,1.7328119644803417e-05
400,1.7328119644803417e-05
401,3.40632604426407e-05
402,1.5337805360521144e-05
403,9.93744078644011e-06
404,3.1722920302237265e-09
405,7.196878948429824e-08
406,2.6644510167672922e-08
407,9.790879941435857e-09
408,2.4371002381533257e-08
409,2.3527459785256926e-08
410,4.722971523558682e-08
411,7.303461868383762e-08
412,7.303461868383762e-08
413,7.303461868383762e-08
414,7.303461868383762e-08
415,7.303461868383762e-08
416,3.458177514671828e-08
417,3.927714762441358e-06
418,6.185655893868404e-06
419,6.185655893868404e-06
420,6.185655893868404e-06
421,6.185655893868404e-06
422,6.185655893868404e-06
423,6.185655893868404e-06
424,7.6079438437357755e-06
425,1.6266186720586566e-05
426,1.0404350600322197e-05
427,1.4853467244373084e-05
428,1.0404350600322197e-05
429,1.644458824421231e-05
430,2.226842532649141e-05
431,2.226842532649141e-05
432,1.6682110108512274e-05
433,1.0686888927261919e-05
434,1.065712836320846e-05
435,1.0253015563307717e-05
436,6.949839195817653e-06
437,1.0011053650479593e-05
438,1.1594239434232274e-05
439,1.3420619020726217e-05
440,1.8586916481067128e-05
441,0.00018967392397381137
442,1.770240589429472e-05
443,1.6315595431241458e-05
444,1.1008836804522788e-05
445,1.1005002868950803e-05
446,1.0078154588891283e-05
447,1.0735690695331158e-05
448,1.4522779284517891e-05
449,1.4522779284517891e-05
450,1.4522779284517891e-05
451,1.4522779284517891e-05
452,1.4410516258697163e-05
453,1.7328119644803417e-05
454,1.7328119644803417e-05
455,0.0004472615722896832
456,1.7328119644803417e-05
457,1.7328119644803417e-05
458,1.621353275456892e-05
459,1.9496966074571485e-08
460,7.303461868383762e-08
461,7.303461868383762e-08
462,4.372647253775931e-08
463,5.2931993018601116e-08
464,7.303461868383762e-08
465,6.299479195017419e-08
466,5.7612404321340375e-08
467,7.303461868383762e-08
468,7.303461868383762e-08
469,7.303461868383762e-08
470,5.994379081891348e-08
471,7.29677923131583e-08
472,4.7714692822118785e-08
473,4.807810078701084e-06
474,6.185655893868404e-06
475,6.185655893868404e-06
476,6.185655893868404e-06
477,6.185655893868404e-06
478,6.185655893868404e-06
479,6.185655893868404e-06
480,8.71401441868323e-06
481,1.0404350600322197e-05
482,1.0404350600322197e-05
483,1.0404350600322197e-05
484,1.0404350600322197e-05
485,1.288419111512416e-05
486,2.226842532649141e-05
487,2.226842532649141e-05
488,2.0952440852124207e-05
489,1.0686888927261919e-05
490,6.50754065408656e-06
491,6.07648817472855e-06
492,5.841349166347975e-06
493,5.841434309190986e-06
494,1.0249278547097209e-05
495,1.450476690668377e-05
496,1.7670773705906914e-05
497,1.770240589429472e-05
498,1.534559563261575e-05
499,1.2744498211299414e-05
500,1.1008836804522788e-05
501,1.1008836804522788e-05
502,8.543878733945146e-06
503,1.3119120645930133e-05
504,1.4312853651406818e-05
505,1.4522779284517891e-05
506,1.44421222304877e-05
507,1.3807928967131474e-05
508,6.106988573765716e-06
509,1.6295282597913422e-05
510,1.7328119644803417e-05
511,1.7328119644803417e-05
512,1.7328119644803417e-05
513,1.7328119644803417e-05
514,2.1318039736424917e-05
515,1.3925139384586427e-06
516,2.7172230569786478e-08
517,6.745572621823992e-08
518,7.303461868383762e-08
519,7.290544794134397e-08
520,4.312237609946745e-08
521,7.303461868383762e-08
522,7.303461868383762e-08
523,7.303461868383762e-08
524,7.303461868383762e-08
525,7.303461868383762e-08
526,7.303461868383762e-08
527,5.7061462284521417e-08
528,5.964176669047926e-08
529,5.731827885242625e-07
530,4.215441471613785e-06
531,6.185655893868404e-06
532,6.185655893868404e-06
533,6.185655893868404e-06
534,6.185655893868404e-06
535,6.185655893868404e-06
536,6.185655893868404e-06
537,7.755084194664096e-06
538,1.0404350600322197e-05
539,1.0404350600322197e-05
540,1.0404350600322197e-05
541,1.0404350600322197e-05
542,1.363999453466818e-05
543,2.226842532649141e-05
544,2.226842532649141e-05
545,2.226842532649141e-05
546,1.4873418392551165e-05
547,1.1088537257766356e-05
548,6.6599272122175905e-06
549,5.841349166347975e-06
550,5.841349166347975e-06
551,1.0430211895388546e-05
552,1.7594973488694178e-05
553,1.770240589429472e-05
554,1.770240589429472e-05
555,1.5555867076386455e-05
556,1.1079425569527262e-05
557,1.1008836804522788e-05
558,1.1008836804522788e-05
559,9.865978055247773e-06
560,9.120997319661762e-06
561,8.631301303971833e-06
562,7.711922675698994e-06
563,6.788425887476152e-06
564,6.515473861867592e-06
565,6.097957097914392e-06
566,8.847163353679682e-06
567,1.4381651917669594e-05
568,1.7328119644803417e-05
569,1.7328119644803417e-05
570,1.807409845814202e-05
571,6.635454595103572e-05
572,4.3062225290950055e-05
573,6.368548456658351e-06
574,2.6320450429534287e-08
575,2.208559669824779e-08
576,7.303461868383762e-08
577,6.742253593793932e-08
578,7.303461868383762e-08
579,7.303461868383762e-08
580,7.303461868383762e-08
581,7.303461868383762e-08
582,6.765441926671727e-08
583,7.303461868383762e-08
584,7.303461868383762e-08
585,3.0827416299046236e-07
586,3.5843777421522676e-06
587,6.185655893868404e-06
588,6.185655893868404e-06
589,6.185655893868404e-06
590,6.185655893868404e-06
591,6.185655893868404e-06
592,6.185655893868404e-06
593,6.364083799858135e-06
594,1.0104793745590678e-05
595,1.0404350600322197e-05
596,1.0404350600322197e-05
597,1.0404350600322197e-05
598,1.1615875146409408e-05
599,1.898107660834317e-05
600,2.226842532649141e-05
601,2.226842532649141e-05
602,1.8791049658908767e-05
603,1.1590310684924457e-05
604,7.70792670015866e-06
605,5.841349166347975e-06
606,5.841349166347975e-06
607,9.175549254859025e-06
608,1.767905647329203e-05
609,1.770240589429472e-05
610,1.770240589429472e-05
611,1.5091924351275577e-05
612,1.1008836804522788e-05
613,1.1008836804522788e-05
614,1.1008836804522788e-05
615,1.0686698937684162e-05
616,6.347914064866055e-06
617,6.097957097914392e-06
618,6.097957097914392e-06
619,6.097957097914392e-06
620,6.097957097914392e-06
621,6.097957097914392e-06
622,6.097957097914392e-06
623,7.515230574183017e-06
624,1.6073467641408538e-05
625,8.084277876699536e-06
626,3.168146241209148e-05
627,7.481629429604607e-05
628,7.613576880248209e-05
629,9.391020525574059e-05
630,0.0005601361251275701
631,7.580658660532237e-09
632,3.2248909413755716e-08
633,4.083477344853037e-08
634,7.303461868383762e-08
635,7.303461868383762e-08
636,7.303461868383762e-08
637,7.303461868383762e-08
638,7.303461868383762e-08
639,7.303461868383762e-08
640,1.2923135019553215e-06
641,1.686189534124849e-06
642,6.01887471361858e-06
643,5.304566013766028e-06
644,6.185655893868404e-06
645,6.185655893868404e-06
646,6.185655893868404e-06
647,7.996477839101833e-06
648,1.0404350600322197e-05
649,9.418309220755777e-06
650,1.0404350600322197e-05
651,7.583915181734172e-06
652,9.97785366554294e-06
653,4.314775011068072e-06
654,8.89257350657645e-06
655,1.4149127610700838e-05
656,1.2871914580078699e-05
657,1.1590310684924457e-05
658,1.0939739750143938e-05
659,1.0225568539208453e-05
660,5.841349166347975e-06
661,6.45155926444801e-06
662,1.7491402727962892e-05
663,1.4527811091902906e-05
664,1.590214704697213e-05
665,1.1575961206256946e-05
666,1.1008836804522788e-05
667,1.1008836804522788e-05
668,1.1008836804522788e-05
669,1.1008836804522788e-05
670,7.49994834118971e-06
671,6.408905230577309e-06
672,6.097957097914392e-06
673,6.097957097914392e-06
674,6.097957097914392e-06
675,6.097957097914392e-06
676,6.097957097914392e-06
677,6.097957097914392e-06
678,6.105234063253498e-06
679,4.119245068424807e-06
680,3.3284117948856936e-06
681,4.9342101465921246e-05
682,7.571318745948679e-05
683,0.0003915990037021569
684,0.0015892324196137802
685,0.0023898157967549563
686,0.005633307013393265
687,1.2505190191536218e-08
688,4.8902484268274444e-08
689,1.9980644468254975e-08
690,4.748202793051197e-08
691,5.835874437450426e-08
692,7.303461868383762e-08
693,7.303461868383762e-08
694,7.303461868383762e-08
695,7.303461868383762e-08
696,7.303461868383762e-08
697,7.303461868383762e-08
698,7.303461868383762e-08
699,2.1861626130855237e-07
700,2.956310564211811e-06
701,6.185655893868404e-06
702,5.281405563983824e-06
703,6.436245387715894e-06
704,1.0234260222536836e-05
705,1.0404350600322197e-05
706,6.831828709822064e-06
707,5.042976485427612e-06
708,2.98595197233754e-06
709,2.98595197233754e-06
710,2.98595197233754e-06
711,2.98595197233754e-06
712,5.397990049804784e-06
713,1.1590310684924457e-05
714,1.1590310684924457e-05
715,1.1590310684924457e-05
716,1.1064285380347942e-05
717,6.258557201489676e-06
718,5.841349166347975e-06
719,5.841349166347975e-06
720,6.4676115019226415e-06
721,1.384132336777053e-05
722,1.1008836804522788e-05
723,1.1008836804522788e-05
724,1.1008836804522788e-05
725,1.1008836804522788e-05
726,1.1008836804522788e-05
727,1.0633638075811815e-05
728,8.434366084499267e-06
729,6.2580473941415475e-06
730,6.097957097914392e-06
731,6.097957097914392e-06
732,6.097957097914392e-06
733,6.097957097914392e-06
734,6.097957097914392e-06
735,6.097957097914392e-06
736,5.258412609607558e-06
737,2.118840458675949e-06
738,3.3064199816610323e-06
739,5.906269730419073e-05
740,4.932465439259282e-05
741,0.0013941278923837268
742,6.400081417992553e-05
743,0.00847352262736711
744,0.000987728255088883
745,1.1080692278855172e-08
746,4.354179219195817e-08
747,4.903763268502632e-08
748,4.1292409494513344e-08
749,7.303461868383762e-08
750,7.303461868383762e-08
751,7.303461868383762e-08
752,7.303461868383762e-08
753,7.303461868383762e-08
754,7.303461868383762e-08
755,7.303461868383762e-08
756,7.303461868383762e-08
757,7.303461868383762e-08
758,7.106234494015788e-07
759,3.500317964067322e-06
760,1.9289422929449482e-06
761,5.222058744679563e-06
762,8.218591520743335e-06
763,1.0227763274986559e-05
764,3.522077252956675e-06
765,2.98595197233754e-06
766,2.98595197233754e-06
767,2.98595197233754e-06
768,2.98595197233754e-06
769,2.98595197233754e-06
770,5.852653725081899e-06
771,1.1590310684924457e-05
772,1.1445476035469854e-05
773,1.1590310684924457e-05
774,1.1590310684924457e-05
775,9.005112414093973e-06
776,5.841349166347975e-06
777,5.841349166347975e-06
778,5.886867160169798e-06
779,9.851450693896613e-06
780,1.1008836804522788e-05
781,1.1008836804522788e-05
782,1.1008836804522788e-05
783,1.1008836804522788e-05
784,1.0980707647887135e-05
785,1.04219208579439e-05
786,8.98881815562885e-06
787,8.799674199315664e-06
788,8.324113299566991e-06
789,6.097957097914392e-06
790,4.064800647762203e-06
791,5.337867803287187e-06
792,4.978330996986819e-06
793,6.097957097914392e-06
794,2.9595254954045557e-06
795,2.118840458675949e-06
796,2.118840458675949e-06
797,2.122068213386931e-06
798,2.118840458675949e-06
799,2.629948346509512e-05
800,1.2681071159884262e-05
801,0.00010955015051888911
802,0.00011518516819705118
803,0.000420288349351561
804,4.334413748132056e-06
805,1.714901867798379e-08
806,1.7228088817161538e-08
807,3.187983715914177e-08
808,5.846671013534036e-08
809,4.9887508703101143e-08
810,7.005915533247662e-08
811,7.303461868383762e-08
812,7.303461868383762e-08
813,7.303461868383762e-08
814,7.303461868383762e-08
815,7.207766908725356e-08
816,7.303461868383762e-08
817,7.303461868383762e-08
818,7.303461868383762e-08
819,7.303461868383762e-08
820,1.3753391767909676e-06
821,1.9289422929449482e-06
822,1.939508744536371e-06
823,2.436571167746296e-06
824,3.610749559530378e-06
825,2.98595197233754e-06
826,2.98595197233754e-06
827,2.98595197233754e-06
828,2.98595197233754e-06
829,2.98595197233754e-06
830,2.98595197233754e-06
831,2.98595197233754e-06
832,5.873106409015352e-06
833,9.130629443461209e-06
834,1.1590310684924457e-05
835,1.1590310684924457e-05
836,1.0828848219902223e-05
837,8.875642340868577e-06
838,5.841349166347975e-06
839,5.841349166347975e-06
840,9.596066947887334e-06
841,1.1008836804522788e-05
842,1.1008836804522788e-05
843,1.000144359735309e-05
844,1.0760636084716058e-05
845,9.825008710895468e-06
846,9.212997167821316e-06
847,8.98881815562885e-06
848,8.98881815562885e-06
849,8.636357006191523e-06
850,5.865644818363322e-06
851,2.6787247412232895e-06
852,2.1189200884762936e-06
853,2.380608394371121e-06
854,3.3475498402867207e-06
855,2.118840458675949e-06
856,2.118840458675949e-06
857,2.118840458675949e-06
858,2.118840458675949e-06
859,2.118840458675949e-06
860,2.118840458675949e-06
861,1.334666059002822e-05
862,6.891372698346949e-05
863,1.1287739783103219e-05
864,1.0240605448867348e-05
865,1.4951588776624936e-08
866,5.8475147970222464e-08
867,6.120764331745267e-08
868,1.3261126730824016e-08
869,1.8398560739142447e-08
870,5.8580693135262736e-08
871,7.197626816305928e-08
872,7.303461868383762e-08
873,7.303461868383762e-08
874,7.303461868383762e-08
875,7.29684578329385e-08
876,6.213885788010417e-08
877,5.278799107717914e-08
878,6.28656899095759e-08
879,9.896719193672186e-07
880,1.5387726775377106e-06
881,1.9289422929449482e-06
882,1.9289422929449482e-06
883,1.9289422929449482e-06
884,2.8524129848069353e-06
885,2.98595197233754e-06
886,2.98595197233754e-06
887,2.98595197233754e-06
888,2.98595197233754e-06
889,2.98595197233754e-06
890,2.98595197233754e-06
891,2.98595197233754e-06
892,2.98595197233754e-06
893,4.705196239538879e-06
894,1.1582499226834475e-05
895,7.338420653196095e-06
896,1.1590310684924457e-05
897,9.167528269597683e-06
898,7.294433061949913e-06
899,5.856548858156904e-06
900,7.357281621886421e-06
901,1.0619005276080734e-05
902,1.0581878321085227e-05
903,8.98881815562885e-06
904,8.98881815562885e-06
905,8.98881815562885e-06
906,8.98881815562885e-06
907,8.98881815562885e-06
908,8.98881815562885e-06
909,8.129672613790958e-06
910,4.575443045235318e-06
911,3.995855353804221e-06
912,2.118840458675949e-06
913,2.118840458675949e-06
914,2.118840458675949e-06
915,2.118840458675949e-06
916,2.118840458675949e-06
917,2.118840458675949e-06
918,2.118840458675949e-06
919,2.118840458675949e-06
920,2.118840458675949e-06
921,2.02965780135885e-05
922,2.4951916869484543e-05
923,2.4932728430154545e-05
924,1.3970192788522083e-06
925,5.900335043131494e-08
926,7.303461868383762e-08
927,6.085518701834172e-08
928,6.609726170287073e-08
929,4.3436895767585475e-08
930,3.33316281269318e-08
931,7.303461868383762e-08
932,7.303461868383762e-08
933,6.308944610140518e-08
934,4.545770543772542e-08
935,3.211212458977284e-08
936,2.4755034477875597e-08
937,1.1173500587890121e-08
938,1.0782787117767964e-06
939,1.9289422929449482e-06
940,6.127262088833261e-06
941,1.9289422929449482e-06
942,1.9289422929449482e-06
943,2.060629942589502e-06
944,2.411456383545676e-06
945,2.98595197233754e-06
946,2.98595197233754e-06
947,2.98595197233754e-06
948,2.98595197233754e-06
949,2.98595197233754e-06
950,2.98595197233754e-06
951,2.98595197233754e-06
952,2.98595197233754e-06
953,4.247700195335768e-06
954,2.98595197233754e-06
955,3.921239140359828e-06
956,4.95377802626795e-06
957,6.2141030293644954e-06
958,5.841349166347975e-06
959,5.841349166347975e-06
960,8.464386726369816e-06
961,1.0423460353025682e-05
962,9.008484243726576e-06
963,8.98881815562885e-06
964,8.98881815562885e-06
965,8.98881815562885e-06
966,8.98881815562885e-06
967,8.98881815562885e-06
968,8.986910127372435e-06
969,5.952284397265288e-06
970,4.455278594431962e-06
971,2.1686767953315023e-06
972,2.118840458675949e-06
973,2.118840458675949e-06
974,2.118840458675949e-06
975,2.118840458675949e-06
976,2.118840458675949e-06
977,2.118840458675949e-06
978,2.118840458675949e-06
979,2.6617973552073176e-06
980,2.3864666054187424e-05
981,2.4951916869484543e-05
982,2.4951916869484543e-05
983,1.2160267960460853e-05
984,7.329785838305458e-05
985,4.9903375629515744e-08
986,2.7354011877011933e-08
987,4.11090323550722e-08
988,3.316463686465432e-08
989,7.243498700964701e-08
990,3.2197275750499784e-08
991,3.978465747838332e-08
992,7.303461868383762e-08
993,7.303461868383762e-08
994,6.332255749566334e-08
995,6.298502658190022e-08
996,7.268345216661427e-08
997,3.814116992584352e-08
998,7.302608758559443e-08
999,2.102297597136689e-05
1000,3.9341233681171e-05
1001,1.976676522951561e-06
1002,1.9289422929449482e-06
1003,1.9289422929449482e-06
1004,1.9289422929449482e-06
1005,2.7558962159577326e-06
1006,2.98595197233754e-06
1007,2.98595197233754e-06
1008,2.98595197233754e-06
1009,2.98595197233754e-06
1010,2.98595197233754e-06
1011,2.98595197233754e-06
1012,2.98595197233754e-06
1013,2.98595197233754e-06
1014,2.98595197233754e-06
1015,2.98595197233754e-06
1016,4.035288449782151e-06
1017,5.841349166347975e-06
1018,5.841349166347975e-06
1019,5.841349166347975e-06
1020,6.696704359128719e-06
1021,1.0176628164937107e-05
1022,8.98881815562885e-06
1023,8.98881815562885e-06
1024,8.98881815562885e-06
1025,8.98881815562885e-06
1026,8.637916392476961e-06
1027,8.98881815562885e-06
1028,8.473418621107283e-06
1029,5.318556097622898e-06
1030,4.5468741351442424e-06
1031,2.858729556510452e-06
1032,2.8358206078946285e-06
1033,2.118840458675949e-06
1034,2.118840458675949e-06
1035,2.118840458675949e-06
1036,2.118840458675949e-06
1037,2.118840458675949e-06
1038,2.236902091461444e-06
1039,7.357993523674335e-06
1040,2.4377063650521923e-05
1041,2.4951916869484543e-05
1042,1.4047629931471226e-05
1043,0.0001992660768126237
1044,8.678470532921532e-06
1045,3.1208898354110805e-08
1046,3.1224402109329757e-08
1047,6.720552320874843e-08
1048,7.303461868383762e-08
1049,7.303461868383762e-08
1050,7.303461868383762e-08
1051,7.303461868383762e-08
1052,7.303461868383762e-08
1053,7.303461868383762e-08
1054,7.103455386211608e-08
1055,0.00045040961005647314
1056,0.00010421979267717707
1057,6.835073856861815e-06
1058,1.9289422929449482e-06
1059,1.9289422929449482e-06
1060,1.9289422929449482e-06
1061,2.045514519983898e-06
1062,2.779414644139195e-06
1063,2.98595197233754e-06
1064,2.98595197233754e-06
1065,2.98595197233754e-06
1066,2.98595197233754e-06
1067,2.98595197233754e-06
1068,2.98595197233754e-06
1069,2.98595197233754e-06
1070,2.98595197233754e-06
1071,2.98595197233754e-06
1072,3.871330920731057e-06
1073,5.725526450345758e-06
1074,5.841349166347975e-06
1075,5.841349166347975e-06
1076,6.043908789662689e-06
1077,9.767092941011918e-06
1078,8.98881815562885e-06
1079,8.98881815562885e-06
1080,8.98881815562885e-06
1081,8.98881815562885e-06
1082,4.750463696876934e-06
1083,6.606328324165718e-06
1084,6.8585143723726256e-06
1085,4.5468741351442424e-06
1086,4.5468741351442424e-06
1087,4.5468741351442424e-06
1088,4.23972699761307e-06
1089,2.1829918551562605e-06
1090,2.3359363392312465e-06
1091,2.118840458675949e-06
1092,2.5296873102037407e-06
1093,3.1244827926600463e-06
1094,5.534115004523433e-06
1095,8.571785668332642e-06
1096,7.15427449700475e-06
1097,2.1785838579479645e-05
1098,7.166387526107809e-06
1099,7.0105118818915465e-06
1100,0.00014120860299129511
1101,3.781905241395101e-07
1102,1.9264756679165737e-08
1103,6.60778899773032e-08
1104,6.817124811809048e-08
1105,7.193613515527287e-08
1106,7.303461868383762e-08
1107,7.303461868383762e-08
1108,7.303461868383762e-08
1109,5.2965507235766364e-08
1110,5.750596823641181e-08
1111,4.432942561059906e-08
1112,3.746446532946918e-05
1113,2.7945422963938917e-06
1114,4.677466529852293e-06
1115,1.9289422929449482e-06
1116,1.9289422929449482e-06
1117,1.9289422929449482e-06
1118,1.9289422929449482e-06
1119,2.0578140991021696e-06
1120,2.98595197233754e-06
1121,2.98595197233754e-06
1122,2.98595197233754e-06
1123,2.98595197233754e-06
1124,2.98595197233754e-06
1125,2.98595197233754e-06
1126,2.98595197233754e-06
1127,2.98595197233754e-06
1128,4.1214435016039465e-06
1129,5.544835880872366e-06
1130,5.649195945181955e-06
1131,5.841086911553566e-06
1132,5.841349166347975e-06
1133,5.841349166347975e-06
1134,7.463526916237719e-06
1135,9.875864975182123e-06
1136,8.98881815562885e-06
1137,8.19164609947802e-06
1138,4.577210035478808e-06
1139,2.9743007446685764e-06
1140,3.0384724434592645e-06
1141,3.0956809825591405e-06
1142,4.5468741351442424e-06
1143,4.5468741351442424e-06
1144,4.5468741351442424e-06
1145,4.5468741351442424e-06
1146,4.459941535887676e-06
1147,3.889602557418987e-06
1148,2.118840458675949e-06
1149,2.118840458675949e-06
1150,4.790393131632278e-06
1151,6.867333579044194e-06
1152,7.0105118818915465e-06
1153,7.0105118818915465e-06
1154,7.0105118818915465e-06
1155,7.0105118818915465e-06
1156,1.807696030616673e-05
1157,5.979424870616773e-05
1158,4.4402416009324795e-06
1159,2.2284279932808512e-08
1160,2.6584623585648243e-08
1161,3.4258809428301936e-08
1162,7.303461868383762e-08
1163,7.303461868383762e-08
1164,7.303461868383762e-08
1165,6.274640069886144e-08
1166,6.213857008001436e-08
1167,6.70329022218617e-08
1168,7.303461868383762e-08
1169,4.160448011468951e-08
1170,8.123104295622082e-07
1171,1.9289422929449482e-06
1172,1.9289422929449482e-06
1173,1.9289422929449482e-06
1174,1.9289422929449482e-06
1175,1.9289422929449482e-06
1176,1.9709165179652857e-06
1177,2.9573185102454596e-06
1178,2.7391954286339155e-06
1179,2.956985681001371e-06
1180,2.671440309267063e-06
1181,2.98595197233754e-06
1182,2.98595197233754e-06
1183,2.98595197233754e-06
1184,2.2138404979221594e-06
1185,4.27058979678841e-06
1186,5.544835880872366e-06
1187,5.55320201746411e-06
1188,5.736931121218698e-06
1189,5.841349166347975e-06
1190,6.659364629552225e-06
1191,9.225510860476813e-06
1192,1.2025354028516727e-05
1193,1.0216562365469063e-05
1194,8.946101651060643e-06
1195,2.974327067329624e-06
1196,5.197219284471883e-06
1197,2.9743007446685764e-06
1198,2.9743007446685764e-06
1199,3.921282951240311e-06
1200,4.366325595401728e-06
1201,4.5468741351442424e-06
1202,4.5468741351442424e-06
1203,4.5468741351442424e-06
1204,4.5468741351442424e-06
1205,2.5853561652726976e-06
1206,2.118840458675949e-06
1207,2.4012212991873534e-06
1208,6.882106843456236e-06
1209,7.0105118818915465e-06
1210,7.0105118818915465e-06
1211,7.0105118818915465e-06
1212,7.0105118818915465e-06
1213,7.0105118818915465e-06
1214,7.0105118818915465e-06
1215,5.281033455747416e-06
1216,1.1341704822919885e-06
1217,3.1373474752276574e-08
1218,7.249510323038863e-08
1219,6.608200607678992e-08
1220,5.760697384662994e-08
1221,7.303461868383762e-08
1222,7.303461868383762e-08
1223,7.303461868383762e-08
1224,7.303461868383762e-08
1225,7.303461868383762e-08
1226,7.303461868383762e-08
1227,7.295326143564465e-08
1228,3.9705430579793174e-08
1229,5.30771425344801e-07
1230,1.9289422929449482e-06
1231,1.9289422929449482e-06
1232,1.9289422929449482e-06
1233,1.9289422929449482e-06
1234,1.9289422929449482e-06
1235,1.9289422929449482e-06
1236,2.2518702489751675e-06
1237,2.220481444531797e-06
1238,2.3102805725455125e-06
1239,2.3102805725455125e-06
1240,2.499881193772076e-06
1241,2.579290899565635e-06
1242,2.98595197233754e-06
1243,1.357675585561381e-06
1244,2.576462874987265e-06
1245,5.441481008244696e-06
1246,5.544835880872366e-06
1247,5.562788445240229e-06
1248,5.841349166347975e-06
1249,1.0483416925891405e-05
1250,1.2025354028516727e-05
1251,1.2025354028516727e-05
1252,1.2743897406170345e-05
1253,2.2579240990403345e-05
1254,2.2251979373698538e-05
1255,1.486352985677451e-05
1256,2.9743007446685764e-06
1257,2.9743007446685764e-06
1258,2.9743007446685764e-06
1259,3.713162722467425e-06
1260,4.5468741351442424e-06
1261,4.5468741351442424e-06
1262,4.5468741351442424e-06
1263,4.5468741351442424e-06
1264,3.7003238521018113e-06
1265,2.2309237732447415e-06
1266,2.4533208575512063e-06
1267,3.6537581335657876e-06
1268,7.0105118818915465e-06
1269,7.0105118818915465e-06
1270,7.0105118818915465e-06
1271,7.0105118818915465e-06
1272,7.0105118818915465e-06
1273,1.1017426686163672e-05
1274,6.640378050320254e-06
1275,2.552839138025514e-08
1276,6.08488625676668e-08
1277,2.357914506025286e-08
1278,6.963349411658906e-08
1279,7.303461868383762e-08
1280,7.303461868383762e-08
1281,7.303461868383762e-08
1282,7.303461868383762e-08
1283,6.980750060625261e-08
1284,7.303461868383762e-08
1285,3.0916513921845476e-08
1286,1.2516435264450071e-08
1287,2.91620362006532e-07
1288,1.9289422929449482e-06
1289,1.9289422929449482e-06
1290,1.9289422929449482e-06
1291,1.9289422929449482e-06
1292,1.9289422929449482e-06
1293,1.9289422929449482e-06
1294,1.9383021250098088e-06
1295,2.296611128205175e-06
1296,2.3102805725455125e-06
1297,2.3102805725455125e-06
1298,2.3102805725455125e-06
1299,2.3102805725455125e-06
1300,2.6192170964348913e-06
1301,1.1729137889242096e-06
1302,2.2168438501442236e-06
1303,4.490440213711137e-06
1304,5.544835880872366e-06
1305,5.544835880872366e-06
1306,5.611573135775297e-06
1307,5.5923507677732215e-06
1308,1.0733638785212484e-05
1309,1.2025354028516727e-05
1310,1.2025354028516727e-05
1311,0.001164067332033255
1312,2.5403587011669623e-05
1313,1.613658545074697e-05
1314,2.9743007446685764e-06
1315,2.9743007446685764e-06
1316,2.9743007446685764e-06
1317,3.586660023703091e-06
1318,4.5468741351442424e-06
1319,4.5468741351442424e-06
1320,4.5468741351442424e-06
1321,4.5468741351442424e-06
1322,4.5468741351442424e-06
1323,3.2185171298330895e-06
1324,2.118840458675949e-06
1325,3.254629582776365e-06
1326,3.2545164752968623e-06
1327,7.0105118818915465e-06
1328,7.0105118818915465e-06
1329,1.0852911155868925e-05
1330,3.406996782983564e-05
1331,4.15221985841852e-05
1332,5.831711349453134e-06
1333,6.416759647820381e-07
1334,2.780611578152812e-08
1335,1.869837411851875e-08
1336,5.262909223656099e-08
1337,6.98986472461741e-08
1338,7.303461868383762e-08
1339,7.303461868383762e-08
1340,7.043231873062287e-08
1341,6.687727044854743e-08
1342,4.200698836669269e-08
1343,7.18342402123739e-08
1344,6.313723119069348e-08
1345,6.68922399402151e-08
1346,1.8639124977547663e-06
1347,1.9289422929449482e-06
1348,1.9289422929449482e-06
1349,1.9289422929449482e-06
1350,1.9289422929449482e-06
1351,1.9450062567897907e-06
1352,2.183794567635514e-06
1353,2.3102805725455125e-06
1354,2.3102805725455125e-06
1355,2.3102805725455125e-06
1356,2.3102805725455125e-06
1357,2.3102805725455125e-06
1358,2.2754995579276566e-06
1359,9.568996890853294e-07
1360,2.3102805725455125e-06
1361,5.217643182239474e-06
1362,5.544835880872366e-06
1363,5.544835880872366e-06
1364,5.544835880872366e-06
1365,5.544835880872366e-06
1366,9.079551758282808e-06
1367,1.1945230850806185e-05
1368,0.00010750741415805407
1369,2.5403587011669623e-05
1370,2.5403587011669623e-05
1371,2.4593661206124192e-05
1372,3.481770477868397e-06
1373,2.9743007446685764e-06
1374,2.9743007446685764e-06
1375,3.2844114003046813e-06
1376,4.5468741351442424e-06
1377,4.5468741351442424e-06
1378,4.5468741351442424e-06
1379,4.5468741351442424e-06
1380,4.5468741351442424e-06
1381,4.497695878627646e-06
1382,2.6078776648667742e-06
1383,4.8289099354423754e-06
1384,6.615992308293573e-06
1385,7.320121023128476e-06
1386,7.404569123318892e-06
1387,1.0293305109748274e-05
1388,4.5672263841125006e-05
1389,3.938735346250061e-05
1390,3.6872692642092616e-05
1391,2.075484115432487e-05
1392,1.8479509695120404e-08
1393,5.382876474670051e-08
1394,5.511349313868942e-08
1395,3.4104390266165086e-08
1396,7.300901509610395e-08
1397,7.303461868383762e-08
1398,7.303461868383762e-08
1399,7.303461868383762e-08
1400,6.008989872735159e-08
1401,7.303461868383762e-08
1402,6.51774967356841e-08
1403,5.0589269608327363e-08
1404,1.3612287312832145e-06
1405,1.9289422929449482e-06
1406,1.9289422929449482e-06
1407,1.9289422929449482e-06
1408,1.9289422929449482e-06
1409,1.9289422929449482e-06
1410,2.187943730013238e-06
1411,2.3102805725455125e-06
1412,2.3102805725455125e-06
1413,1.093682509058394e-06
1414,2.2564801137178097e-06
1415,1.9774423174462487e-06
1416,2.2918344509245107e-06
1417,1.7538732216111935e-05
1418,2.8060820121138273e-06
1419,5.467393779689743e-06
1420,5.544835880872366e-06
1421,5.544835880872366e-06
1422,5.544835880872366e-06
1423,5.544835880872366e-06
1424,6.959019374075386e-06
1425,8.176400005041822e-06
1426,0.00016786515043752778
1427,2.5403587011669623e-05
1428,2.5403587011669623e-05
1429,1.5069314635828102e-05
1430,5.324193480715524e-06
1431,2.9743007446685764e-06
1432,2.9743007446685764e-06
1433,3.029869838774016e-06
1434,4.515814857000607e-06
1435,4.5468741351442424e-06
1436,4.5468741351442424e-06
1437,4.5468741351442424e-06
1438,4.5468741351442424e-06
1439,4.5468741351442424e-06
1440,4.5468741351442424e-06
1441,4.5468741351442424e-06
1442,6.358010059443645e-06
1443,9.40386266965005e-06
1444,1.05693972941157e-05
1445,1.0761124895637326e-05
1446,1.0761124895637326e-05
1447,1.0761124895637326e-05
1448,4.6488804562938834e-05
1449,4.4519670597332e-05
1450,9.671519530473386e-09
1451,2.7178806724973368e-08
1452,7.293391578970105e-08
1453,6.76948928393722e-08
1454,5.252206919602305e-08
1455,7.303461868383762e-08
1456,7.303461868383762e-08
1457,7.303461868383762e-08
1458,6.86084743987663e-08
1459,5.622239703838555e-08
1460,7.303461868383762e-08
1461,9.255638543239191e-07
1462,1.9289422929449482e-06
1463,1.9289422929449482e-06
1464,1.9289422929449482e-06
1465,1.9289422929449482e-06
1466,1.9312284910689683e-06
1467,1.9954367868816027e-06
1468,2.308486604464311e-06
1469,1.680557585204019e-06
1470,2.138153923760674e-06
1471,7.074692002381587e-07
1472,0.0004171159691322075
1473,1.2666411006716394e-06
1474,0.00029262362658938497
1475,3.192983043591617e-06
1476,4.719263502992484e-06
1477,5.544835880872366e-06
1478,5.162894520403864e-06
1479,5.544835880872366e-06
1480,0.00023595553494559527
1481,5.544835880872366e-06
1482,5.544835880872366e-06
1483,1.3274206948833445e-05
1484,2.5403587011669623e-05
1485,2.4711124622442267e-05
1486,3.1602860577410274e-06
1487,2.9743007446685764e-06
1488,2.9743007446685764e-06
1489,2.9743007446685764e-06
1490,2.9743007446685764e-06
1491,4.109578550410046e-06
1492,4.5468741351442424e-06
1493,4.5468741351442424e-06
1494,4.5468741351442424e-06
1495,4.5468741351442424e-06
1496,4.5468741351442424e-06
1497,4.5468741351442424e-06
1498,4.5468741351442424e-06
1499,5.251578065200957e-06
1500,1.0693206396755712e-05
1501,1.0761124895637326e-05
1502,1.0761124895637326e-05
1503,1.0761124895637326e-05
1504,1.0761124895637326e-05
1505,2.803180974009845e-05
1506,4.531974324818868e-05
1507,1.1441534266782961e-05
1508,5.4063101353438687e-08
1509,7.211293347597566e-08
1510,6.284966787881687e-08
1511,2.0101777256664862e-08
1512,6.531687132921645e-08
1513,7.303461868383762e-08
1514,7.303461868383762e-08
1515,7.303461868383762e-08
1516,7.257308795684301e-08
1517,7.290827397822008e-08
1518,1.9880619725375176e-07
1519,1.8775441481458846e-06
1520,1.9289422929449482e-06
1521,1.9289422929449482e-06
1522,1.9289422929449482e-06
1523,2.133498839088344e-06
1524,2.1175827677444332e-06
1525,2.1392726845074515e-06
1526,7.076360631728343e-07
1527,2.905873281404614e-06
1528,2.970824279123413e-06
1529,2.970824279123413e-06
1530,0.0017241858617063636
1531,0.0012133076781327729
1532,3.494937207441033e-06
1533,2.0799148042245196e-05
1534,3.3717503719885545e-06
1535,2.9715658238289203e-06
1536,5.294609316245252e-06
1537,5.544835880872366e-06
1538,0.0009260430588895105
1539,5.544835880872366e-06
1540,9.084518285520333e-06
1541,1.1655825310970724e-05
1542,5.249479616497603e-06
1543,2.9743007446685764e-06
1544,2.9743007446685764e-06
1545,2.9743007446685764e-06
1546,2.9743007446685764e-06
1547,2.9743007446685764e-06
1548,3.2999254067544874e-06
1549,4.230415399687657e-06
1550,4.5468741351442424e-06
1551,4.5468741351442424e-06
1552,4.5468741351442424e-06
1553,4.5468741351442424e-06
1554,4.5468741351442424e-06
1555,4.749933037422455e-06
1556,8.000179401035453e-06
1557,1.0326762884338552e-05
1558,1.0761124895637326e-05
1559,1.0761124895637326e-05
1560,1.0761124895637326e-05
1561,1.0761124895637326e-05
1562,1.0769297328185842e-05
1563,1.844400713520563e-05
1564,0.0016348340903415584
1565,0.001087368978491533
1566,4.625321542024116e-09
1567,4.665403455384579e-08
1568,4.1725100170615594e-08
1569,5.46447829630766e-08
1570,7.303461868383762e-08
1571,6.726976755699132e-08
1572,7.303461868383762e-08
1573,7.303461868383762e-08
1574,7.303461868383762e-08
1575,7.273523250439177e-08
1576,2.6118170744571034e-07
1577,1.6630967516506153e-06
1578,1.9289422929449482e-06
1579,1.9289422929449482e-06
1580,2.009578038991774e-06
1581,2.2175287947646556e-06
1582,2.2175287947646556e-06
1583,1.5603056182256102e-06
1584,4.87002179185841e-07
1585,2.842456947770192e-06
1586,2.970824279123413e-06
1587,2.970824279123413e-06
1588,0.000263427887716807
1589,0.00010945029071887519
1590,0.0007663096599219079
1591,7.691397850096553e-05
1592,2.970824279123413e-06
1593,3.031722897335157e-06
1594,4.7311426430015536e-06
1595,5.544835880872366e-06
1596,4.1591916999605144e-05
1597,5.544835880872366e-06
1598,5.544835880872366e-06
1599,5.173279384222744e-06
1600,2.9743007446685764e-06
1601,2.9743007446685764e-06
1602,2.9743007446685764e-06
1603,2.9743007446685764e-06
1604,2.9743007446685764e-06
1605,2.9743007446685764e-06
1606,2.9743007446685764e-06
1607,3.1083139075003285e-06
1608,3.982510165165327e-06
1609,4.254408312237392e-06
1610,4.5468741351442424e-06
1611,4.5468741351442424e-06
1612,4.5468741351442424e-06
1613,6.032941173435446e-06
1614,9.219340379493277e-06
1615,9.226308559539518e-06
1616,1.073569705421505e-05
1617,1.0761124895637326e-05
1618,1.0761124895637326e-05
1619,1.0761124895637326e-05
1620,1.0761124895637326e-05
1621,1.0761124895637326e-05
1622,5.0268963279756756e-05
1623,6.679366823601387e-05
1624,5.666339082667787e-06
1625,1.792607877345835e-08
1626,7.22325227449131e-08
1627,4.2805438293504525e-08
1628,6.243629247696982e-08
1629,7.303461868383762e-08
1630,7.303461868383762e-08
1631,7.303461868383762e-08
1632,7.303461868383762e-08
1633,5.873855446830449e-07
1634,1.1634997729134911e-06
1635,1.9289422929449482e-06
1636,1.940999986166802e-06
1637,2.1528371752820592e-06
1638,2.2175287947646556e-06
1639,2.2175287947646556e-06
1640,1.1706756555350315e-06
1641,1.1910069544925373e-06
1642,2.575769001654867e-06
1643,2.970824279123413e-06
1644,2.970824279123413e-06
1645,2.970824279123413e-06
1646,2.970824279123413e-06
1647,0.0005885338117495016
1648,2.970824279123413e-06
1649,2.9722041819874955e-06
1650,4.251084315639654e-06
1651,5.351521488032442e-06
1652,5.544835880872366e-06
1653,5.544835880872366e-06
1654,5.544835880872366e-06
1655,5.544835880872366e-06
1656,5.544835880872366e-06
1657,4.590538774893958e-06
1658,3.880405850165383e-06
1659,2.9743007446685764e-06
1660,2.9743007446685764e-06
1661,2.9743007446685764e-06
1662,2.9743007446685764e-06
1663,2.9743007446685764e-06
1664,2.9743007446685764e-06
1665,2.9743007446685764e-06
1666,2.9092848411705545e-06
1667,4.537516492088826e-06
1668,3.622575996490155e-06
1669,4.5468741351442424e-06
1670,5.3875906618402954e-06
1671,9.210988788198079e-06
1672,9.219340379493277e-06
1673,9.727858833270556e-06
1674,9.86198844412376e-06
1675,1.0761124895637326e-05
1676,1.0761124895637326e-05
1677,1.0761124895637326e-05
1678,1.0761124895637326e-05
1679,2.5283598694779145e-05
1680,3.8150517587431084e-05
1681,4.621099695373168e-05
1682,9.719221128743239e-06
1683,5.549745348744913e-09
1684,2.3937625580879914e-08
1685,3.93794447814656e-08
1686,5.053127724516013e-08
1687,7.303461868383762e-08
1688,7.303461868383762e-08
1689,7.303461868383762e-08
1690,7.303461868383762e-08
1691,7.303461868383762e-08
1692,8.2472583432827e-07
1693,1.9289422929449482e-06
1694,1.2082145195950461e-06
1695,2.082187240821637e-06
1696,2.2175287947646556e-06
1697,2.2175287947646556e-06
1698,1.972337655386214e-06
1699,2.048205346554726e-06
1700,2.4612404125906394e-06
1701,2.970824279123413e-06
1702,2.970824279123413e-06
1703,2.970824279123413e-06
1704,2.970824279123413e-06
1705,2.970824279123413e-06
1706,3.110230364118103e-06
1707,4.076176880866271e-06
1708,5.070763753221215e-06
1709,5.227141818160596e-06
1710,5.202228285814052e-06
1711,5.538314954322014e-06
1712,5.544835880872366e-06
1713,5.544835880872366e-06
1714,5.544835880872366e-06
1715,5.544835880872366e-06
1716,5.462077401443956e-06
1717,3.090963867055845e-06
1718,2.9743007446685764e-06
1719,2.9743007446685764e-06
1720,2.9743007446685764e-06
1721,2.9743007446685764e-06
1722,2.9743007446685764e-06
1723,2.9743007446685764e-06
1724,1.874207755107813e-06
1725,1.5366019561507868e-06
1726,1.4707453735836005e-06
1727,3.141524120256544e-06
1728,6.418993481810447e-06
1729,9.219340379493277e-06
1730,9.219340379493277e-06
1731,9.219340379493277e-06
1732,9.224746049336433e-06
1733,1.0583508439072806e-05
1734,1.0085688548620168e-05
1735,1.0761124895637326e-05
1736,1.2761257191832009e-05
1737,1.0922823834528453e-05
1738,1.9674119937164633e-05
1739,4.71129025565813e-05
1740,1.126502456152961e-05
1741,1.1410850017964502e-08
1742,2.707071857974123e-08
1743,3.803981970671703e-08
1744,7.303461868383762e-08
1745,7.303461868383762e-08
1746,7.303461868383762e-08
1747,7.303461868383762e-08
1748,2.433852652399618e-07
1749,7.51787154023911e-07
1750,7.303461868383762e-08
1751,4.729262236515209e-07
1752,2.1237358751371582e-06
1753,2.2175287947646556e-06
1754,2.2175287947646556e-06
1755,2.2175287947646556e-06
1756,2.4069623369847022e-06
1757,2.970824279123413e-06
1758,2.970824279123413e-06
1759,2.970824279123413e-06
1760,2.970824279123413e-06
1761,2.98868239852525e-06
1762,4.404168451739942e-06
1763,5.045382727474618e-06
1764,5.070763753221215e-06
1765,5.070763753221215e-06
1766,5.070763753221215e-06
1767,5.177335073292459e-06
1768,5.406509793967884e-06
1769,5.544835880872366e-06
1770,5.544835880872366e-06
1771,5.544835880872366e-06
1772,5.544835880872366e-06
1773,4.394327090653661e-06
1774,4.091913423275285e-06
1775,2.9743007446685764e-06
1776,2.9743007446685764e-06
1777,2.9743007446685764e-06
1778,2.9743007446685764e-06
1779,2.4486009961954295e-06
1780,1.4707453735836005e-06
1781,1.4707453735836005e-06
1782,1.4707453735836005e-06
1783,1.4707453735836005e-06
1784,6.3098600339027615e-06
1785,9.219340379493277e-06
1786,9.219340379493277e-06
1787,9.219340379493277e-06
1788,8.78554179530417e-06
1789,9.219340379493277e-06
1790,7.864031254505475e-06
1791,1.498230311751054e-05
1792,2.015618917044559e-05
1793,2.0064368095991492e-05
1794,2.015618917044559e-05
1795,2.015618917044559e-05
1796,1.4406311547920277e-05
1797,1.8013902666614397e-08
1798,6.791457840962296e-08
1799,6.888921235663665e-08
1800,7.303461868383762e-08
1801,7.303461868383762e-08
1802,7.303461868383762e-08
1803,7.298699195775802e-08
1804,7.303461868383762e-08
1805,7.303461868383762e-08
1806,4.500742465880104e-07
1807,2.2175287947646556e-06
1808,2.2175287947646556e-06
1809,2.2175287947646556e-06
1810,2.2175287947646556e-06
1811,2.3535927108792276e-06
1812,2.970824279123413e-06
1813,2.970824279123413e-06
1814,2.970824279123413e-06
1815,2.970824279123413e-06
1816,3.5229673634914344e-06
1817,5.070763753221215e-06
1818,5.070763753221215e-06
1819,5.070763753221215e-06
1820,5.070763753221215e-06
1821,5.102791278746122e-06
1822,5.070763753221215e-06
1823,2.3329833929724662e-05
1824,6.100169201495443e-06
1825,5.5937627998064965e-06
1826,5.544835880872366e-06
1827,5.544835880872366e-06
1828,5.544835880872366e-06
1829,5.544835880872366e-06
1830,3.0795881105761874e-06
1831,2.9743007446685764e-06
1832,2.9743007446685764e-06
1833,2.915182583374127e-06
1834,1.7581109384069009e-06
1835,1.4707453735836005e-06
1836,1.4707453735836005e-06
1837,1.4707453735836005e-06
1838,1.4707453735836005e-06
1839,2.0375681631367387e-06
1840,9.219340379493277e-06
1841,9.219340379493277e-06
1842,8.577417025054403e-06
1843,2.707992327403805e-06
1844,3.556044627745704e-06
1845,2.705665783307513e-06
1846,1.1512425640242288e-05
1847,9.948857691812855e-06
1848,2.0127323856311325e-05
1849,1.4627478274274201e-05
1850,2.015618917044559e-05
1851,1.5609577898788376e-05
1852,1.3816066312931998e-08
1853,5.9564636920077086e-08
1854,7.303461868383762e-08
1855,6.159598673294859e-08
1856,2.9698716923842264e-08
1857,7.302511212213854e-08
1858,7.303461868383762e-08
1859,7.303461868383762e-08
1860,6.841016920680663e-07
1861,2.2175287947646556e-06
1862,2.2175287947646556e-06
1863,2.2175287947646556e-06
1864,2.2175287947646556e-06
1865,2.3044633283865546e-06
1866,2.9702732979529787e-06
1867,2.970824279123413e-06
1868,2.970824279123413e-06
1869,2.970824279123413e-06
1870,4.0562441749573435e-06
1871,5.067359151983619e-06
1872,5.070763753221215e-06
1873,4.8215155870215e-06
1874,0.0002510420185682873
1875,0.0013576577017790955
1876,2.189620451663864e-05
1877,5.282229581147527e-05
1878,3.852149327710763e-05
1879,5.544835880872366e-06
1880,5.544835880872366e-06
1881,5.544835880872366e-06
1882,5.544835880872366e-06
1883,5.544835880872366e-06
1884,4.1029317523355175e-06
1885,2.9743007446685764e-06
1886,2.9743007446685764e-06
1887,2.469984976071181e-06
1888,1.4733080778765083e-06
1889,1.4707453735836005e-06
1890,1.4707453735836005e-06
1891,1.4707453735836005e-06
1892,1.4707453735836005e-06
1893,1.4707453735836005e-06
1894,6.934275488208523e-06
1895,5.731957940666851e-06
1896,3.5263058443032107e-06
1897,2.705665783307513e-06
1898,2.705665783307513e-06
1899,2.705665783307513e-06
1900,2.705665783307513e-06
1901,2.705665783307513e-06
1902,4.0131688788973526e-06
1903,0.000561901457821099
1904,2.2414256560028572e-05
1905,1.613911369206883e-05
1906,5.662898602229419e-08
1907,3.110085077488282e-08
1908,3.436349034490166e-08
1909,7.303461868383762e-08
1910,7.303461868383762e-08
1911,7.303461868383762e-08
1912,3.367229020312448e-07
1913,1.926441872430322e-06
1914,2.2175287947646556e-06
1915,2.2175287947646556e-06
1916,2.2175287947646556e-06
1917,2.265498939314976e-06
1918,2.9609109085514846e-06
1919,2.970824279123413e-06
1920,2.970824279123413e-06
1921,2.970824279123413e-06
1922,3.0346931792189206e-06
1923,4.905361230962338e-06
1924,4.8325701728462654e-06
1925,1.4646499942171242e-06
1926,0.00037635515900659287
1927,9.701669142430654e-05
1928,5.411270065928955e-05
1929,5.262453461987367e-05
1930,2.6757878380992665e-05
1931,5.544835880872366e-06
1932,5.544835880872366e-06
1933,5.544835880872366e-06
1934,5.544835880872366e-06
1935,5.544835880872366e-06
1936,3.7578450002592933e-06
1937,2.275702886757555e-06
1938,2.9743007446685764e-06
1939,1.95833592327387e-06
1940,1.4707453735836005e-06
1941,1.4707453735836005e-06
1942,1.4707453735836005e-06
1943,1.4707453735836005e-06
1944,1.4707453735836005e-06
1945,1.6242515186904248e-06
1946,2.9953521590890155e-06
1947,2.705665783307513e-06
1948,2.705665783307513e-06
1949,2.705665783307513e-06
1950,2.705665783307513e-06
1951,2.705665783307513e-06
1952,2.705665783307513e-06
1953,9.206189164311646e-06
1954,6.243472393541303e-06
1955,2.4725741602964556e-05
1956,0.0001909832968679643
1957,1.3937917104506284e-05
1958,4.754393457758062e-08
1959,7.303461868383762e-08
1960,7.303461868383762e-08
1961,7.303461868383762e-08
1962,7.303461868383762e-08
1963,7.303461868383762e-08
1964,1.3331946206274574e-06
1965,2.2175287947646556e-06
1966,2.2175287947646556e-06
1967,2.2175287947646556e-06
1968,2.2391355222005827e-06
1969,2.940776631274024e-06
1970,2.970824279123413e-06
1971,2.970824279123413e-06
1972,2.970824279123413e-06
1973,3.7857249981564845e-06
1974,3.3622595847626976e-06
1975,2.669603496668755e-06
1976,5.260762230842696e-07
1977,4.4442351956313536e-07
1978,7.767968800471605e-07
1979,0.0001870803484939094
1980,8.922460849633386e-05
1981,9.686655087529983e-06
1982,5.544835880872366e-06
1983,5.544835880872366e-06
1984,5.544835880872366e-06
1985,5.544835880872366e-06
1986,4.347557831406236e-06
1987,3.2740329436032358e-06
1988,1.4707453735836005e-06
1989,1.842061053373033e-06
1990,1.4707453735836005e-06
1991,1.4707453735836005e-06
1992,1.4707453735836005e-06
1993,1.4707453735836005e-06
1994,1.7668141028852897e-06
1995,1.537120511384501e-06
1996,2.6676881727990267e-06
1997,2.6948758857788505e-06
1998,2.705665783307513e-06
1999,2.705665783307513e-06
2000,2.705665783307513e-06
2001,2.705665783307513e-06
2002,2.705665783307513e-06
2003,2.9416454634576407e-06
2004,1.2780487595265667e-05
2005,2.444509625294478e-05
2006,2.260634363496023e-05
2007,2.444509625294478e-05
2008,9.116229366301138e-06
2009,3.325329479894008e-08
2010,7.303461868383762e-08
2011,7.303461868383762e-08
2012,6.209225026140403e-08
2013,7.303461868383762e-08
2014,7.303461868383762e-08
2015,1.6835182128991194e-07
2016,2.2175287947646556e-06
2017,1.678830526411735e-06
2018,2.2175287947646556e-06
2019,2.2175287947646556e-06
2020,2.0782295604886422e-06
2021,1.180788909195019e-06
2022,2.5518402799065675e-06
2023,1.9487075829534248e-06
2024,4.9059974294915646e-06
2025,1.7433168144751996e-06
2026,8.387557656663967e-07
2027,7.086687730305678e-07
2028,3.4855989975864966e-07
2029,7.412401894610192e-07
2030,5.457545484140496e-07
2031,3.5016460311068076e-07
2032,2.7406852227688457e-06
2033,2.174644070320577e-06
2034,5.473948867779361e-06
2035,5.544835880872366e-06
2036,4.37152641766607e-06
2037,1.5241518618781389e-06
2038,2.1756711349119884e-06
2039,1.4707453735836005e-06
2040,1.4707453735836005e-06
2041,1.4707453735836005e-06
2042,1.4707453735836005e-06
2043,1.4707453735836005e-06
2044,1.5240540400478594e-06
2045,2.5887677877547134e-06
2046,2.660474647604738e-06
2047,2.705665783307513e-06
2048,2.705665783307513e-06
2049,2.705665783307513e-06
2050,2.705665783307513e-06
2051,2.705665783307513e-06
2052,2.705665783307513e-06
2053,2.705665783307513e-06
2054,4.123107477206655e-06
2055,7.278342861924005e-06
2056,1.0643267909200127e-05
2057,7.278342861924005e-06
2058,1.354953753239475e-05
2059,4.017056587638394e-06
2060,3.1375726162510496e-09
2061,7.303461868383762e-08
2062,7.278523436459872e-08
2063,5.074667438220669e-08
2064,7.303461868383762e-08
2065,7.303461868383762e-08
2066,7.303461868383762e-08
2067,2.7457102251539875e-07
2068,4.1785513484802005e-07
2069,8.942114466689115e-07
2070,1.0022762709502482e-06
2071,1.9872197431423464e-06
2072,1.3603352965891826e-06
2073,8.387557656663967e-07
2074,8.387557656663967e-07
2075,2.8360040388049245e-06
2076,8.387557656663967e-07
2077,8.387557656663967e-07
2078,8.387557656663967e-07
2079,4.322498975562385e-07
2080,5.322430118325092e-07
2081,5.458586954097234e-07
2082,2.9781031930591885e-07
2083,8.387557656663967e-07
2084,8.387557656663967e-07
2085,2.8404685472649435e-06
2086,5.544835880872366e-06
2087,4.189753071828972e-06
2088,1.4707453735836005e-06
2089,1.4707453735836005e-06
2090,1.4707453735836005e-06
2091,1.4707453735836005e-06
2092,1.4707453735836005e-06
2093,1.4707453735836005e-06
2094,1.4707453735836005e-06
2095,1.499048902439961e-06
2096,2.5981036327826337e-06
2097,2.705665783307513e-06
2098,2.705665783307513e-06
2099,2.705665783307513e-06
2100,2.705665783307513e-06
2101,2.705665783307513e-06
2102,2.705665783307513e-06
2103,2.705665783307513e-06
2104,4.5369318177893655e-06
2105,6.666159317600067e-06
2106,7.278342861924005e-06
2107,7.278342861924005e-06
2108,7.796192566878124e-06
2109,7.284073697592199e-06
2110,2.950243777935069e-05
2111,2.8278452673897863e-08
2112,3.415556259704046e-08
2113,5.332202778763935e-08
2114,7.303461868383762e-08
2115,7.303461868383762e-08
2116,7.303461868383762e-08
2117,7.722739620252375e-08
2118,3.4060067264799187e-07
2119,4.414004618299062e-07
2120,4.414004618299062e-07
2121,7.811739885454862e-07
2122,1.178283259342377e-06
2123,8.232549646017227e-07
2124,8.241092790359085e-07
2125,8.387557656663967e-07
2126,8.387557656663967e-07
2127,8.387557656663967e-07
2128,8.387557656663967e-07
2129,4.804375455589457e-07
2130,3.746596587961661e-07
2131,4.875671855866213e-07
2132,4.77610898863528e-07
2133,7.180293214789761e-07
2134,8.387557656663967e-07
2135,1.3494437442380879e-06
2136,1.7466627685369818e-06
2137,2.872037519413995e-06
2138,1.4707453735836005e-06
2139,1.4707453735836005e-06
2140,1.4707453735836005e-06
2141,1.4707453735836005e-06
2142,1.4707453735836005e-06
2143,1.4707453735836005e-06
2144,1.4707453735836005e-06
2145,1.4749373663963545e-06
2146,1.972769237876084e-06
2147,2.705665783307513e-06
2148,2.705665783307513e-06
2149,2.705665783307513e-06
2150,2.705665783307513e-06
2151,2.705665783307513e-06
2152,2.705665783307513e-06
2153,2.705665783307513e-06
2154,3.996026164734821e-06
2155,7.278342861924005e-06
2156,7.278342861924005e-06
2157,7.3051251651753115e-06
2158,2.647266486446486e-05
2159,4.0305176077319765e-05
2160,8.354780018547915e-05
2161,1.718680541878306e-05
2162,5.099087836445441e-09
2163,6.214547587153632e-08
2164,6.099610192289451e-08
2165,7.303461868383762e-08
2166,7.303461868383762e-08
2167,7.303461868383762e-08
2168,3.619311100568722e-07
2169,4.414004618299062e-07
2170,4.414004618299062e-07
2171,4.414004618299062e-07
2172,4.414004618299062e-07
2173,4.900376250056536e-07
2174,5.141957355080149e-07
2175,8.387557656663967e-07
2176,8.387557656663967e-07
2177,8.387557656663967e-07
2178,8.387557656663967e-07
2179,5.46572142627638e-07
2180,4.5337824752540304e-07
2181,8.387557656663967e-07
2182,8.387557656663967e-07
2183,4.00613373206802e-07
2184,7.544081986383301e-07
2185,8.387557656663967e-07
2186,1.2817787348245509e-06
2187,1.4707453735836005e-06
2188,1.4707453735836005e-06
2189,1.4707453735836005e-06
2190,1.4707453735836005e-06
2191,1.4707453735836005e-06
2192,1.4707453735836005e-06
2193,1.4707453735836005e-06
2194,1.4707453735836005e-06
2195,1.4707453735836005e-06
2196,1.5528080107452277e-06
2197,2.0791751269076637e-06
2198,2.151825947943215e-06
2199,2.705665783307513e-06
2200,2.705665783307513e-06
2201,2.705665783307513e-06
2202,2.705665783307513e-06
2203,2.705665783307513e-06
2204,4.381018104581461e-06
2205,7.126015430576482e-06
2206,7.278342861924005e-06
2207,7.278342861924005e-06
2208,1.1109951178082119e-05
2209,5.533813512557152e-05
2210,0.00011765258300156329
2211,8.960362597934546e-05
2212,2.4610493236255907e-07
2213,7.303461868383762e-08
2214,1.1301135378852464e-07
2215,1.496472755432837e-07
2216,4.414004618299062e-07
2217,4.414004618299062e-07
2218,4.414004618299062e-07
2219,4.414004618299062e-07
2220,4.414004618299062e-07
2221,4.414004618299062e-07
2222,4.414004618299062e-07
2223,7.660994424229004e-07
2224,8.387557656663967e-07
2225,8.387557656663967e-07
2226,8.387557656663967e-07
2227,7.398599013801561e-07
2228,6.727375669818037e-07
2229,8.387557656663967e-07
2230,8.387557656663967e-07
2231,6.084417189897704e-07
2232,5.875537522047532e-07
2233,8.387557656663967e-07
2234,1.2301148487099972e-06
2235,1.4707453735836005e-06
2236,1.4707453735836005e-06
2237,1.4707453735836005e-06
2238,1.4707453735836005e-06
2239,1.4707453735836005e-06
2240,1.4707453735836005e-06
2241,1.4707453735836005e-06
2242,1.4707453735836005e-06
2243,1.4736957506059841e-06
2244,1.5691764342649134e-06
2245,1.5704846858775035e-06
2246,1.5704846858775035e-06
2247,2.2253478800993207e-06
2248,2.3005287225207373e-06
2249,2.705665783307513e-06
2250,3.793615364310714e-06
2251,3.674173555878735e-06
2252,4.703994896420352e-06
2253,7.274130325216694e-06
2254,7.142781409245682e-06
2255,8.078116785802406e-06
2256,2.2127954378973315e-05
2257,7.699496454454412e-05
2258,0.0003902349226516875
2259,0.0053173300879617285
2260,2.717114169038462e-08
2261,1.6101392041759192e-07
2262,3.727145542683636e-07
2263,4.414004618299062e-07
2264,4.263679022955494e-07
2265,4.414004618299062e-07
2266,4.414004618299062e-07
2267,4.414004618299062e-07
2268,4.414004618299062e-07
2269,4.414004618299062e-07
2270,4.414004618299062e-07
2271,4.414004618299062e-07
2272,7.092837717351353e-07
2273,8.387557656663967e-07
2274,8.387557656663967e-07
2275,8.387557656663967e-07
2276,8.387557656663967e-07
2277,8.387557656663967e-07
2278,8.387557656663967e-07
2279,8.387557656663967e-07
2280,8.387557656663967e-07
2281,7.025699413638253e-07
2282,8.387557656663967e-07
2283,1.2256530495329087e-06
2284,1.4707453735836005e-06
2285,1.4707453735836005e-06
2286,1.4707453735836005e-06
2287,1.030324384593009e-06
2288,1.298793175076858e-06
2289,1.4864291593032523e-06
2290,1.4707453735836005e-06
2291,0.0001592122091137235
2292,1.5374175223074676e-06
2293,1.5704846858775035e-06
2294,1.5704846858775035e-06
2295,1.5704846858775035e-06
2296,1.5704846858775035e-06
2297,1.5704846858775035e-06
2298,2.1980760501930294e-06
2299,4.468412757388337e-06
2300,4.628692681683415e-06
2301,4.628692681683415e-06
2302,5.185146241035275e-06
2303,4.783220516032074e-06
2304,1.2453406407697413e-05
2305,1.7985400907561812e-05
2306,4.344057742794504e-05
2307,6.028001971461508e-05
2308,0.0002793896978747485
2309,5.518948011811772e-05
2310,3.036144396577598e-07
2311,3.8994177168385345e-07
2312,4.414004618299062e-07
2313,4.414004618299062e-07
2314,4.414004618299062e-07
2315,4.414004618299062e-07
2316,4.414004618299062e-07
2317,4.414004618299062e-07
2318,4.414004618299062e-07
2319,4.414004618299062e-07
2320,5.458749097432112e-07
2321,5.722001091851153e-07
2322,8.387557656663967e-07
2323,8.387557656663967e-07
2324,8.387557656663967e-07
2325,8.387557656663967e-07
2326,8.387557656663967e-07
2327,8.387557656663967e-07
2328,8.387557656663967e-07
2329,8.387557656663967e-07
2330,8.390816038032013e-07
2331,1.430506367793673e-06
2332,1.4707453735836005e-06
2333,1.4707453735836005e-06
2334,1.4680339936282976e-06
2335,2.1122827574813434e-07
2336,1.253017120237995e-06
2337,1.5704846858775035e-06
2338,8.028972725770298e-05
2339,7.622192566693036e-05
2340,1.5704846858775035e-06
2341,1.5704846858775035e-06
2342,1.5704846858775035e-06
2343,1.5704846858775035e-06
2344,1.5704846858775035e-06
2345,1.5704846858775035e-06
2346,1.5891100499704614e-06
2347,4.221002219697113e-06
2348,4.628692681683415e-06
2349,4.628692681683415e-06
2350,4.628692681683415e-06
2351,1.1792309923077956e-05
2352,1.7821840679343997e-05
2353,1.7985400907561812e-05
2354,3.4825673666646426e-05
2355,0.0002992315364105382
2356,0.00010097150515080231
2357,0.0008723159224798879
2358,9.758070234055476e-06
2359,1.530254343872955e-07
2360,4.414004618299062e-07
2361,4.414004618299062e-07
2362,4.414004618299062e-07
2363,4.414004618299062e-07
2364,4.414004618299062e-07
2365,4.414004618299062e-07
2366,4.414004618299062e-07
2367,4.414004618299062e-07
2368,4.414004618299062e-07
2369,4.4239513464874377e-07
2370,7.857456965528011e-07
2371,8.387557656663967e-07
2372,8.387557656663967e-07
2373,8.387557656663967e-07
2374,8.387557656663967e-07
2375,8.387557656663967e-07
2376,8.387557656663967e-07
2377,8.387557656663967e-07
2378,8.519824885513791e-07
2379,1.1602428272973797e-06
2380,1.4707453735836005e-06
2381,1.4707453735836005e-06
2382,1.4206059708511752e-06
2383,1.0005108984302058e-06
2384,1.5521120367433228e-06
2385,1.5704846858775035e-06
2386,1.5704846858775035e-06
2387,1.2089930443216016e-06
2388,1.5704846858775035e-06
2389,1.5695869131997948e-06
2390,1.5704846858775035e-06
2391,1.5704846858775035e-06
2392,1.5704846858775035e-06
2393,1.5704846858775035e-06
2394,1.5764405434780447e-06
2395,4.399574517371792e-06
2396,4.628692681683415e-06
2397,4.628692681683415e-06
2398,4.628767197860019e-06
2399,1.7276716536309757e-05
2400,1.7985400907561812e-05
2401,2.318730792481754e-05
2402,3.893106034874268e-05
2403,3.306526677796438e-05
2404,7.495320146811416e-05
2405,0.00010769392326697802
2406,3.123491923609495e-05
2407,2.447906404806183e-05
2408,3.486950993614938e-07
2409,4.414004618299062e-07
2410,4.414004618299062e-07
2411,4.414004618299062e-07
2412,4.414004618299062e-07
2413,4.414004618299062e-07
2414,4.414004618299062e-07
2415,4.414004618299062e-07
2416,4.414004618299062e-07
2417,4.414004618299062e-07
2418,5.435388037456154e-07
2419,5.47555521268937e-07
2420,8.357695416015454e-07
2421,5.526196384471419e-07
2422,8.181765384418804e-07
2423,7.234728702015261e-07
2424,7.988075570107281e-07
2425,8.316854093942672e-07
2426,8.387557656663967e-07
2427,8.412505846237151e-07
2428,1.4542250577278348e-06
2429,1.4707453735836005e-06
2430,1.4707453735836005e-06
2431,1.5046073135952278e-06
2432,1.5704846858775035e-06
2433,1.5704846858775035e-06
2434,1.5704846858775035e-06
2435,1.1701425771793819e-06
2436,1.367125405994537e-07
2437,1.5332246877652857e-06
2438,1.5704846858775035e-06
2439,1.5704846858775035e-06
2440,1.5704846858775035e-06
2441,1.5704846858775035e-06
2442,1.6262765966763685e-06
2443,4.566784649726071e-06
2444,4.628692681683415e-06
2445,4.628692681683415e-06
2446,5.593950900536684e-06
2447,8.69265005042987e-06
2448,1.3484942286828055e-05
2449,1.9021306355399385e-05
2450,2.4259530580413785e-05
2451,1.627317428781032e-05
2452,3.730294093122418e-05
2453,5.810806223502352e-05
2454,3.306526677796438e-05
2455,3.5110754274052337e-05
2456,2.1757277664100173e-05
2457,1.1632542969758066e-05
2458,1.5376357733956407e-07
2459,2.1999771347707688e-07
2460,4.414004618299062e-07
2461,3.9018803574796286e-07
2462,4.414004618299062e-07
2463,4.011674542494108e-07
2464,4.414004618299062e-07
2465,4.414004618299062e-07
2466,4.414004618299062e-07
2467,4.414004618299062e-07
2468,4.414004618299062e-07
2469,4.414004618299062e-07
2470,4.878210052760408e-07
2471,4.414004618299062e-07
2472,5.169497294559209e-07
2473,4.6629610437913284e-07
2474,4.4973639677027075e-07
2475,5.498745755054193e-07
2476,8.346728314683926e-07
2477,8.331889988386705e-07
2478,1.1687866573443758e-06
2479,1.448722889839623e-06
2480,1.4707453735836005e-06
2481,1.5497297831771638e-06
2482,1.5704846858775035e-06
2483,1.5704846858775035e-06
2484,1.5704846858775035e-06
2485,1.187678146752656e-06
2486,2.068162661798419e-07
2487,1.5265887028423482e-06
2488,1.5704846858775035e-06
2489,1.5704846858775035e-06
2490,1.5704846858775035e-06
2491,1.5704846858775035e-06
2492,2.1302648741663154e-06
2493,4.624126383677271e-06
2494,4.628692681683415e-06
2495,2.1570011708002933e-05
2496,0.00016669062410698147
2497,4.628692681683415e-06
2498,6.95229588911703e-06
2499,1.4764549502781119e-05
2500,1.4764549502781119e-05
2501,1.9095998890452306e-05
2502,0.00029409338341894735
2503,5.77539045246122e-05
2504,4.5696874312837384e-05
2505,5.209624646487379e-05
2506,4.0790208775339106e-05
2507,2.6560978641256608e-05
2508,8.667423091366629e-06
2509,1.210616031407066e-05
2510,2.2414556720495615e-08
2511,2.452905671267405e-07
2512,2.669029126941987e-07
2513,2.2265225939944558e-07
2514,4.414004618299062e-07
2515,4.414004618299062e-07
2516,4.414004618299062e-07
2517,4.414004618299062e-07
2518,4.414004618299062e-07
2519,4.414004618299062e-07
2520,4.414004618299062e-07
2521,4.414004618299062e-07
2522,4.414004618299062e-07
2523,4.414004618299062e-07
2524,5.279253195675774e-07
2525,7.086246316879975e-07
2526,8.624155960417794e-07
2527,1.357283918214264e-06
2528,1.4820353380862938e-06
2529,1.5701608565281438e-06
2530,1.5704846858775035e-06
2531,1.5704846858775035e-06
2532,1.5704846858775035e-06
2533,1.0477716017281107e-06
2534,2.697048545713277e-07
2535,1.5704846858775035e-06
2536,1.5704846858775035e-06
2537,1.5704846858775035e-06
2538,1.5704846858775035e-06
2539,1.5535895156874325e-06
2540,1.6954165081184521e-06
2541,3.4569295416110426e-06
2542,4.628692681683415e-06
2543,4.628692681683415e-06
2544,1.2641991965392497e-05
2545,4.628692681683415e-06
2546,8.564593082031412e-06
2547,1.4764549502781119e-05
2548,1.4764549502781119e-05
2549,1.51907695991475e-05
2550,0.00035081306132061433
2551,1.4764549502781119e-05
2552,4.208774005263436e-05
2553,2.944477958858022e-05
2554,2.6560978641256608e-05
2555,2.6560978641256608e-05
2556,3.092402625620304e-05
2557,3.9600780802049705e-05
2558,1.1908000859006583e-05
2559,1.0299976837029338e-05
2560,3.478924687595738e-07
2561,4.414004618299062e-07
2562,4.414004618299062e-07
2563,4.414004618299062e-07
2564,4.414004618299062e-07
2565,4.414004618299062e-07
2566,4.414004618299062e-07
2567,4.414004618299062e-07
2568,4.414004618299062e-07
2569,6.410679317858917e-07
2570,6.963256316309922e-07
2571,2.0523328305036256e-06
2572,1.055935570268992e-06
2573,1.8867486261190857e-06
2574,1.4786238463949018e-06
2575,1.5646408576839995e-06
2576,1.5704846858775035e-06
2577,1.5704846858775035e-06
2578,1.5704846858775035e-06
2579,9.839869690653868e-07
2580,6.328490301387895e-07
2581,1.5704846858775035e-06
2582,1.5704846858775035e-06
2583,1.5704846858775035e-06
2584,1.4135361132384092e-06
2585,8.732718185825033e-07
2586,1.5704846858775035e-06
2587,3.543636165457019e-06
2588,4.628692681683415e-06
2589,4.628692681683415e-06
2590,4.628692681683415e-06
2591,4.628692681683415e-06
2592,1.1462232716159453e-05
2593,1.4279203442497315e-05
2594,1.4764549502781119e-05
2595,1.4764549502781119e-05
2596,1.4764549502781119e-05
2597,1.8093466163193273e-05
2598,2.3993434682135744e-05
2599,2.6560978641256608e-05
2600,2.6560978641256608e-05
2601,3.147279642333406e-05
2602,3.705081830030872e-05
2603,3.9600780802049705e-05
2604,3.942699211971258e-05
2605,3.5035781421978935e-05
2606,8.67267461344841e-06
2607,7.470795197478926e-06
2608,4.3555779728718805e-08
2609,4.3961903940319074e-08
2610,4.3965537851757104e-07
2611,4.414004618299062e-07
2612,4.414004618299062e-07
2613,4.414004618299062e-07
2614,4.414004618299062e-07
2615,4.414004618299062e-07
2616,4.414004618299062e-07
2617,4.414004618299062e-07
2618,2.2347983593806967e-06
2619,2.447598597876674e-06
2620,2.447598597876674e-06
2621,2.4245837546225834e-06
2622,1.4751426793114805e-06
2623,1.5153427115103799e-06
2624,1.5704846858775035e-06
2625,1.5704846858775035e-06
2626,1.5704846858775035e-06
2627,1.276509885561616e-06
2628,7.270537034293036e-07
2629,1.5704846858775035e-06
2630,1.5704846858775035e-06
2631,1.5704846858775035e-06
2632,1.5447678399579724e-06
2633,1.9082331222672174e-07
2634,1.4827159842244396e-06
2635,2.8097717652730366e-06
2636,4.628692681683415e-06
2637,4.628692681683415e-06
2638,4.628692681683415e-06
2639,4.628692681683415e-06
2640,8.552107612639313e-06
2641,4.765383208260375e-06
2642,1.2907025908001495e-05
2643,9.544247043514164e-06
2644,1.4764549502781119e-05
2645,1.6827871529741957e-05
2646,2.279909090246963e-05
2647,2.2413748341347305e-05
2648,2.6560978641256608e-05
2649,3.861671238118765e-05
2650,3.9600780802049705e-05
2651,0.0005063419401781722
2652,3.875273807633884e-05
2653,3.5035781421978935e-05
2654,3.5035781421978935e-05
2655,2.2300060486067164e-05
2656,4.200485736876861e-06
2657,5.0998037343365584e-06
2658,1.278030853162016e-07
2659,2.4428986298318164e-07
2660,4.414004618299062e-07
2661,4.414004618299062e-07
2662,4.414004618299062e-07
2663,4.417608021118221e-07
2664,4.414004618299062e-07
2665,1.8214638534437001e-06
2666,2.304030419127861e-06
2667,2.447598597876674e-06
2668,2.447598597876674e-06
2669,2.447598597876674e-06
2670,2.1558488781769336e-06
2671,1.8171241030518183e-06
2672,1.5669163917500435e-06
2673,1.5704846858775035e-06
2674,1.5704846858775035e-06
2675,1.5704846858775035e-06
2676,1.5515974494558855e-06
2677,1.5704846858775035e-06
2678,1.5704846858775035e-06
2679,1.5704846858775035e-06
2680,1.5704846858775035e-06
2681,5.166667926125544e-07
2682,1.4984648826958353e-06
2683,2.017761563861532e-06
2684,4.628240171831941e-06
2685,4.628692681683415e-06
2686,4.628692681683415e-06
2687,4.628692681683415e-06
2688,4.7319594188958675e-06
2689,4.628692681683415e-06
2690,4.628692681683415e-06
2691,4.386163855157151e-06
2692,3.8014550005060037e-06
2693,1.7266648534111336e-05
2694,1.7400561575310037e-05
2695,1.7400561575310037e-05
2696,2.5668003035983613e-05
2697,3.382230500733409e-05
2698,3.9600780802049705e-05
2699,0.0003583733337451867
2700,0.002922368073587935
2701,0.00015169149321094796
2702,3.0829268420810744e-05
2703,1.9853514192474658e-05
2704,1.9853514192474658e-05
2705,1.9853514192474658e-05
2706,7.109760043598673e-06
2707,2.527459872252183e-05
2708,8.334643246145681e-06
2709,3.9360446429319376e-07
2710,4.414004618299062e-07
2711,4.414004618299062e-07
2712,1.7820031512406191e-06
2713,1.7530605596271957e-06
2714,2.447598597876674e-06
2715,2.447598597876674e-06
2716,2.447598597876674e-06
2717,2.447598597876674e-06
2718,2.447598597876674e-06
2719,2.447598597876674e-06
2720,2.447598597876674e-06
2721,1.6369677773295903e-06
2722,1.5902443596637135e-06
2723,1.5704846858775035e-06
2724,1.5704846858775035e-06
2725,1.5704846858775035e-06
2726,1.5704846858775035e-06
2727,1.5704846858775035e-06
2728,1.5704846858775035e-06
2729,1.5704846858775035e-06
2730,6.075372885723943e-07
2731,1.4493416211991655e-06
2732,1.6152410942796865e-06
2733,4.447773407297891e-06
2734,3.922781107558279e-06
2735,4.628692681683415e-06
2736,4.0860899556042325e-06
2737,4.628692681683415e-06
2738,4.628692681683415e-06
2739,4.628692681683415e-06
2740,2.949147819101598e-06
2741,4.438990940260674e-06
2742,1.7400561575310037e-05
2743,1.7400561575310037e-05
2744,1.7400561575310037e-05
2745,1.7400561575310037e-05
2746,1.7400561575310037e-05
2747,3.6990477106196595e-05
2748,3.506964681978254e-05
2749,0.0002595182888947547
2750,2.8715055560507928e-05
2751,2.7674516984408645e-05
2752,1.9853514192474658e-05
2753,1.9853514192474658e-05
2754,2.4874790091115406e-05
2755,3.660640642221575e-05
2756,4.8605744428002626e-05
2757,3.0946557974870746e-05
2758,3.4356679057437296e-05
2759,4.469665772468355e-07
2760,4.772003474306286e-06
2761,5.954927900437311e-06
2762,9.278579343520321e-06
2763,7.354657607219303e-06
2764,2.785996795321451e-05
2765,7.772881865238951e-06
2766,3.6796851615060126e-05
2767,7.741059483303437e-08
2768,1.628229155353856e-07
2769,9.705458368892674e-07
2770,2.447598597876674e-06
2771,2.447598597876674e-06
2772,2.447598597876674e-06
2773,2.447598597876674e-06
2774,2.447598597876674e-06
2775,2.447598597876674e-06
2776,2.447598597876674e-06
2777,2.447598597876674e-06
2778,2.447598597876674e-06
2779,2.4132392828113322e-06
2780,1.9735014699545637e-06
2781,1.5704846858775035e-06
2782,1.5704846858775035e-06
2783,1.5704846858775035e-06
2784,1.5704846858775035e-06
2785,1.5704846858775035e-06
2786,1.5704846858775035e-06
2787,1.5704846858775035e-06
2788,1.5128809504821874e-06
2789,1.5704419309524543e-06
2790,1.564831575392007e-06
2791,1.3820549478326575e-06
2792,1.2711155594173499e-06
2793,2.427678807957431e-06
2794,1.172824027270315e-06
2795,4.329422776489959e-06
2796,3.6475960288211324e-06
2797,3.7761713041496534e-06
2798,1.0315311287865737e-06
2799,7.151585190867235e-06
2800,1.7400561575310037e-05
2801,1.7400561575310037e-05
2802,1.7400561575310037e-05
2803,1.7400561575310037e-05
2804,1.7400561575310037e-05
2805,1.7970509201804795e-05
2806,1.9808156393298235e-05
2807,3.483122834029352e-05
2808,2.0371269390381684e-05
2809,1.9853514192474658e-05
2810,2.3623641006512193e-05
2811,1.9853514192474658e-05
2812,4.347279000839266e-05
2813,4.8605744428002626e-05
2814,4.8605744428002626e-05
2815,4.8822329699776325e-05
2816,4.9292896540319775e-05
2817,0.0
2818,0.0
2819,6.026930470163615e-06
2820,5.612964156292644e-06
2821,1.687507555034317e-05
2822,2.3990040496406357e-05
2823,2.3990040496406357e-05
2824,3.380147424938269e-05
2825,2.9164913759950622e-06
2826,0.00019074150308556674
2827,1.1735870142512906e-05
2828,6.216566541392232e-07
2829,9.370090431124356e-07
2830,1.0706227612725193e-06
2831,2.447598597876674e-06
2832,2.447598597876674e-06
2833,2.447598597876674e-06
2834,2.447598597876674e-06
2835,2.447598597876674e-06
2836,2.447598597876674e-06
2837,2.447598597876674e-06
2838,2.447598597876674e-06
2839,2.447598597876674e-06
2840,2.3563292094619775e-06
2841,1.570523434477264e-06
2842,1.5704846858775035e-06
2843,1.5704846858775035e-06
2844,1.5704846858775035e-06
2845,1.5704846858775035e-06
2846,1.5704846858775035e-06
2847,1.5704846858775035e-06
2848,1.5704846858775035e-06
2849,1.5704846858775035e-06
2850,1.553669529354919e-06
2851,1.103018319747269e-06
2852,1.080604327948565e-06
2853,1.080604327948565e-06
2854,1.080604327948565e-06
2855,1.2626933924188999e-06
2856,7.582353996016095e-07
2857,8.955486958861278e-07
2858,2.339452849109222e-07
2859,4.3385606151033975e-06
2860,1.2935285799062092e-05
2861,1.7400561575310037e-05
2862,1.7400561575310037e-05
2863,1.7400561575310037e-05
2864,1.7615083403924473e-05
2865,1.8018122710952943e-05
2866,1.8068531557135362e-05
2867,2.0741360966712277e-05
2868,1.9653940092436466e-05
2869,1.9853514192474658e-05
2870,3.5621266198655075e-05
2871,0.00030578964723933005
2872,3.779701550311533e-05
2873,4.8605744428002626e-05
2874,4.8605744428002626e-05
2875,0.000518637013633139
2876,6.687395314841403e-05
2877,2.021673450114055e-05
2878,3.714993210845466e-05
2879,3.7721437829611176e-05
2880,4.493720735487464e-05
2881,2.3990040496406357e-05
2882,2.3761228602143164e-05
2883,2.3990040496406357e-05
2884,2.2003876775302425e-05
2885,1.9396911348830303e-05
2886,2.0326751740009155e-05
2887,1.380881108675247e-05
2888,1.268223029435035e-06
2889,3.914926927042729e-07
2890,2.44111456357535e-06
2891,2.2450380965919674e-06
2892,2.447598597876674e-06
2893,2.447598597876674e-06
2894,2.447598597876674e-06
2895,2.447598597876674e-06
2896,2.447598597876674e-06
2897,2.447598597876674e-06
2898,2.1219813872698593e-06
2899,1.5727987761194526e-06
2900,1.5704846858775035e-06
2901,1.5704846858775035e-06
2902,1.5704846858775035e-06
2903,1.5704846858775035e-06
2904,1.5704846858775035e-06
2905,1.5704846858775035e-06
2906,1.5704846858775035e-06
2907,1.5704846858775035e-06
2908,1.1645627345546117e-06
2909,1.080604327948565e-06
2910,1.080604327948565e-06
2911,1.0029703293318294e-06
2912,6.951056462729975e-07
2913,2.162696945334382e-07
2914,2.162696945334382e-07
2915,2.162696945334382e-07
2916,2.162696945334382e-07
2917,6.988007960599094e-06
2918,1.7202092344036445e-05
2919,1.7198550026206445e-05
2920,1.7400561575310037e-05
2921,1.785818369265785e-05
2922,1.8068531557135362e-05
2923,1.8068531557135362e-05
2924,1.8068531557135362e-05
2925,2.0091511348041964e-05
2926,2.3575855819336572e-05
2927,3.1789659401632496e-05
2928,3.1789659401632496e-05
2929,3.1789659401632496e-05
2930,3.610442866569782e-05
2931,4.0412502412144364e-05
2932,6.306867782192505e-05
2933,0.00011006125797458008
2934,9.79463219885516e-05
2935,0.0008158257793327427
2936,0.00012052266313919993
2937,0.00010025086747472545
2938,3.1622950867885166e-05
2939,0.0003017522741071598
2940,1.721733126501893e-05
2941,9.28764099368564e-06
2942,1.66282924791293e-05
2943,6.814259358723466e-06
2944,6.114639460490068e-06
2945,2.2181387148006928e-07
2946,3.256966582881344e-07
2947,2.447598597876674e-06
2948,2.447598597876674e-06
2949,2.447598597876674e-06
2950,2.447598597876674e-06
2951,2.447598597876674e-06
2952,2.447598597876674e-06
2953,2.2957339594163603e-06
2954,1.975627355299444e-06
2955,1.5704846858775035e-06
2956,1.5704846858775035e-06
2957,1.5704846858775035e-06
2958,1.5704846858775035e-06
2959,1.5704846858775035e-06
2960,1.5704846858775035e-06
2961,1.5704846858775035e-06
2962,1.5704846858775035e-06
2963,1.3449209288807433e-06
2964,1.080604327948565e-06
2965,1.080604327948565e-06
2966,4.878951037282092e-07
2967,2.162696945334382e-07
2968,2.162696945334382e-07
2969,2.162696945334382e-07
2970,2.162696945334382e-07
2971,2.162696945334382e-07
2972,2.162696945334382e-07
2973,6.875092716638145e-07
2974,5.779143482014919e-06
2975,1.7401438785276066e-05
2976,1.8055600325197436e-05
2977,0.000395248872250891
2978,1.8068531557135362e-05
2979,1.8068531557135362e-05
2980,1.9160456774046632e-05
2981,2.9428177855666498e-05
2982,2.779592557144543e-05
2983,3.1789659401632496e-05
2984,3.3096908394432676e-05
2985,3.239798431945576e-05
2986,8.774369917201303e-05
2987,0.0002857516674426479
2988,0.0023451381684401183
2989,0.00026370818503491326
2990,0.0009885774396701636
2991,0.00020971068410112408
2992,0.00045922772351539786
2993,0.0006566111013400605
2994,5.87155293102591e-06
2995,2.2811391361282693e-06
2996,3.832314323251154e-06
2997,6.915396436470301e-07
2998,2.0607706934525605e-06
2999,2.447598597876674e-06
3000,2.447598597876674e-06
3001,2.447598597876674e-06
3002,2.447598597876674e-06
3003,2.447598597876674e-06
3004,2.447598597876674e-06
3005,1.8088159320957835e-06
3006,1.6593849342389295e-06
3007,1.5704846858775035e-06
3008,1.5704846858775035e-06
3009,1.5704846858775035e-06
3010,1.5704846858775035e-06
3011,1.5704846858775035e-06
3012,1.2998723173362955e-06
3013,1.2410833825328984e-06
3014,1.0030428019769976e-06
3015,9.715124782120774e-07
3016,2.162696945334382e-07
3017,2.162696945334382e-07
3018,2.162696945334382e-07
3019,2.162696945334382e-07
3020,2.162696945334382e-07
3021,2.162696945334382e-07
3022,2.162696945334382e-07
3023,2.162696945334382e-07
3024,2.162696945334382e-07
3025,7.681934066215953e-06
3026,1.2748915624679845e-05
3027,1.8068531557135362e-05
3028,1.6186786975956685e-05
3029,1.4954169152862693e-05
3030,1.2598975588403996e-05
3031,1.5497272623439832e-05
3032,1.2598975588403996e-05
3033,2.460553367948998e-05
3034,3.7053180405853206e-05
3035,3.542306013254046e-05
3036,7.862431557088039e-05
3037,0.00022067645322512898
3038,0.0001912078722115862
3039,0.0015250625171530812
3040,0.0015132184535414188
3041,0.0040421257450758835
3042,0.011919296479982456
3043,0.0017084381254582242
3044,0.002376576649963151
3045,6.034736501196777e-07
3046,2.447598597876674e-06
3047,2.447598597876674e-06
3048,2.447598597876674e-06
3049,2.447598597876674e-06
3050,2.447598597876674e-06
3051,2.447598597876674e-06
3052,2.4129700425887933e-06
3053,2.447598597876674e-06
3054,2.341299158587777e-06
3055,3.0801605674493763e-06
3056,1.5704846858775035e-06
3057,1.5704846858775035e-06
3058,1.520270788195218e-06
3059,1.0420992416913445e-06
3060,9.544178009809274e-07
3061,2.162696945334382e-07
3062,2.8294748561235957e-07
3063,2.162696945334382e-07
3064,2.162696945334382e-07
3065,2.162696945334382e-07
3066,2.162696945334382e-07
3067,2.162696945334382e-07
3068,2.162696945334382e-07
3069,2.162696945334382e-07
3070,2.162696945334382e-07
3071,2.162696945334382e-07
3072,2.162696945334382e-07
3073,6.449674407204898e-06
3074,1.66981754453176e-05
3075,1.2598975588403996e-05
3076,1.2598975588403996e-05
3077,1.2598975588403996e-05
3078,1.2598975588403996e-05
3079,2.6458129138006667e-05
3080,4.1783240469966906e-05
3081,0.0005761795567922229
3082,3.542306013254046e-05
3083,8.315419207287036e-05
3084,0.00013801688226409406
3085,0.00046838269463961486
3086,0.00022051156937377431
3087,0.00036915618471749546
3088,0.011986010753280462
3089,0.01585013848417281
3090,0.011439327117666289
3091,0.0011992811206495693
3092,1.7745841260213162e-06
3093,1.64505705620257e-06
3094,2.447598597876674e-06
3095,2.447598597876674e-06
3096,2.447598597876674e-06
3097,2.447598597876674e-06
3098,2.447598597876674e-06
3099,2.447598597876674e-06
3100,3.1468732888649574e-06
3101,3.855163626982323e-06
3102,2.3660991771425556e-06
3103,2.466697944023504e-06
3104,1.2172845827001663e-06
3105,2.2896630349542338e-07
3106,2.8576900680232516e-07
3107,2.162696945334382e-07
3108,2.162696945334382e-07
3109,2.162696945334382e-07
3110,2.162696945334382e-07
3111,2.162696945334382e-07
3112,2.162696945334382e-07
3113,2.162696945334382e-07
3114,2.162696945334382e-07
3115,2.162696945334382e-07
3116,2.162696945334382e-07
3117,2.162696945334382e-07
3118,2.162696945334382e-07
3119,7.998676394360993e-06
3120,1.3457244847629383e-05
3121,1.2598975588403996e-05
3122,1.2598975588403996e-05
3123,1.2598975588403996e-05
3124,2.629878172624235e-05
3125,4.94372932969532e-05
3126,5.739203439797947e-05
3127,5.196800336212757e-05
3128,9.5842563392468e-05
3129,6.702495582537894e-05
3130,0.00010485570599094729
3131,7.075408679721611e-05
3132,9.797500905742034e-05
3133,4.978819576600744e-05
3134,0.002786531632136953
3135,0.003626694865611182
3136,0.006386986309895087
3137,1.3417853278188234e-06
3138,2.013182977028847e-06
3139,2.447598597876674e-06
3140,2.447598597876674e-06
3141,2.447598597876674e-06
3142,2.7317163444179087e-06
3143,3.5384672867568157e-06
3144,3.855163626982323e-06
3145,3.855163626982323e-06
3146,3.855163626982323e-06
3147,3.337829966906763e-06
3148,1.2016681153990086e-06
3149,2.162696945334382e-07
3150,2.162696945334382e-07
3151,2.162696945334382e-07
3152,2.162696945334382e-07
3153,2.162696945334382e-07
3154,2.162696945334382e-07
3155,2.162696945334382e-07
3156,2.162696945334382e-07
3157,2.162696945334382e-07
3158,2.162696945334382e-07
3159,2.162696945334382e-07
3160,2.162696945334382e-07
3161,2.162696945334382e-07
3162,5.20705285569382e-06
3163,1.2598975588403996e-05
3164,1.2598975588403996e-05
3165,1.273688388745737e-05
3166,1.8163223713982955e-05
3167,2.336420696689922e-05
3168,1.902458016923234e-05
3169,2.9647580459267108e-05
3170,2.0707223682085844e-05
3171,5.492096843160681e-05
3172,4.46318016686644e-05
3173,4.46318016686644e-05
3174,4.468988249716047e-05
3175,5.029503534581126e-05
3176,0.00010908639548640848
3177,0.00010452272724085716
3178,0.0010975710686771155
3179,0.0003131731016116121
3180,4.4267345345055346e-07
3181,2.447598597876674e-06
3182,2.447598597876674e-06
3183,2.447598597876674e-06
3184,2.819018667119217e-06
3185,3.854738982318142e-06
3186,3.855163626982323e-06
3187,3.855163626982323e-06
3188,3.855163626982323e-06
3189,3.855163626982323e-06
3190,2.7497055241119767e-06
3191,4.399532514331492e-07
3192,4.165940206307224e-07
3193,2.162696945334382e-07
3194,2.162696945334382e-07
3195,2.162696945334382e-07
3196,2.162696945334382e-07
3197,2.162696945334382e-07
3198,2.162696945334382e-07
3199,2.162696945334382e-07
3200,2.162696945334382e-07
3201,2.162696945334382e-07
3202,2.892168541639399e-07
3203,2.851537749260592e-07
3204,1.491548407859699e-06
3205,1.1880838001252806e-05
3206,1.4128615273675862e-05
3207,1.7418257905989772e-05
3208,1.898374809789397e-05
3209,1.898374809789397e-05
3210,1.93667091732112e-05
3211,1.995510391918057e-05
3212,2.2567760007543277e-05
3213,3.4452025063159564e-05
3214,5.1490741877622746e-05
3215,4.8517171477580206e-05
3216,8.354864142156219e-05
3217,7.551928847514833e-05
3218,0.00017500774987043536
3219,0.0005173370431458054
3220,0.00053910265985849
3221,0.0018421616673395653
3222,1.2088169213616802e-06
3223,2.06115981034531e-06
3224,2.447598597876674e-06
3225,3.39081415918895e-06
3226,3.853628655871227e-06
3227,3.855163626982323e-06
3228,3.855163626982323e-06
3229,3.5079683702772707e-06
3230,3.0964856069270712e-06
3231,2.054520863469505e-06
3232,1.9733562991332273e-06
3233,2.024434316950743e-06
3234,3.9509869944639396e-07
3235,2.162696945334382e-07
3236,2.162696945334382e-07
3237,2.162696945334382e-07
3238,2.162696945334382e-07
3239,2.162696945334382e-07
3240,2.162697630002673e-07
3241,2.721093164298018e-07
3242,2.645561742401381e-07
3243,3.2065749568785707e-07
3244,3.2065749568785707e-07
3245,3.2065749568785707e-07
3246,3.4754631975345534e-07
3247,8.468264083021828e-07
3248,1.3933345646427262e-05
3249,1.86426355079287e-05
3250,1.898374809789397e-05
3251,2.1546617549727833e-05
3252,2.2567760007543277e-05
3253,2.2567760007543277e-05
3254,0.0002858662673302048
3255,0.0002589115278570273
3256,8.108415544649254e-05
3257,8.185803415508153e-05
3258,8.273490595704492e-05
3259,0.00010120891842725951
3260,0.0017987442674286902
3261,0.002066854939903532
3262,0.0013878249359730588
3263,3.147743109101926e-08
3264,3.2145504051223146e-06
3265,3.8527000352451565e-06
3266,3.855163626982323e-06
3267,3.855163626982323e-06
3268,3.855163626982323e-06
3269,2.23527720929746e-06
3270,2.054520863469505e-06
3271,2.054520863469505e-06
3272,2.054520863469505e-06
3273,2.054520863469505e-06
3274,1.5491160956012176e-06
3275,1.272655765568832e-06
3276,2.640981415395077e-07
3277,2.162696945334382e-07
3278,2.162696945334382e-07
3279,2.986582312132599e-07
3280,3.0549469195231156e-07
3281,3.2065749568785707e-07
3282,3.2065749568785707e-07
3283,3.2065749568785707e-07
3284,3.2065749568785707e-07
3285,3.2065749568785707e-07
3286,3.2065749568785707e-07
3287,3.2065749568785707e-07
3288,1.3917107653179975e-06
3289,3.8812903030162896e-07
3290,1.8261107098756614e-05
3291,2.192497566362146e-05
3292,2.2567760007543277e-05
3293,1.8914798561079573e-05
3294,3.4220767597664183e-05
3295,2.7379181114128686e-05
3296,6.988444480233935e-05
3297,1.3153942226669453e-05
3298,4.861036217935897e-05
3299,0.00013502922662575687
3300,0.00016150074626176971
3301,0.0001448223486186051
3302,0.0001951171935028298
3303,4.114900216308886e-05
3304,9.58834251793907e-07
3305,3.8499357212493365e-06
3306,3.855163626982323e-06
3307,3.855163626982323e-06
3308,3.6204604866918916e-06
3309,3.5263290053830208e-06
3310,2.363760000851982e-06
3311,2.054520863469505e-06
3312,2.054520863469505e-06
3313,2.054520863469505e-06
3314,2.054520863469505e-06
3315,2.054520863469505e-06
3316,1.6749452345564327e-06
3317,4.2469204278371477e-07
3318,2.4675388164865196e-07
3319,3.2065749568785707e-07
3320,3.2065749568785707e-07
3321,3.2065749568785707e-07
3322,3.2065749568785707e-07
3323,3.2065749568785707e-07
3324,3.2065749568785707e-07
3325,3.2065749568785707e-07
3326,3.2065749568785707e-07
3327,3.2065749568785707e-07
3328,3.2065749568785707e-07
3329,3.2065749568785707e-07
3330,2.0358878531958113e-06
3331,7.992087931502317e-06
3332,1.2622332206274509e-05
3333,5.757848145862892e-06
3334,9.498551977807272e-06
3335,5.757848145862892e-06
3336,5.757848145862892e-06
3337,5.757848145862892e-06
3338,7.105529680357953e-06
3339,7.729542962885616e-05
3340,6.442653241283476e-05
3341,2.1395256252378367e-05
3342,0.0001063365120598586
3343,0.0003833721839410357
3344,1.3208612049875462e-07
3345,2.2711972174868083e-07
3346,3.0935822939132916e-06
3347,3.7973228887588374e-06
3348,3.855163626982323e-06
3349,3.832431153770957e-06
3350,2.967178700511472e-06
3351,2.054520863469505e-06
3352,2.054520863469505e-06
3353,2.054520863469505e-06
3354,2.054520863469505e-06
3355,2.054520863469505e-06
3356,2.370776141864334e-06
3357,1.875703019742228e-06
3358,2.4243088766052876e-07
3359,3.2065749568785707e-07
3360,3.2065749568785707e-07
3361,3.2065749568785707e-07
3362,3.2065749568785707e-07
3363,3.2065749568785707e-07
3364,3.2065749568785707e-07
3365,3.2065749568785707e-07
3366,3.2065749568785707e-07
3367,3.2065749568785707e-07
3368,3.2065749568785707e-07
3369,3.2065749568785707e-07
3370,3.2065749568785707e-07
3371,3.2065749568785707e-07
3372,4.750855648661084e-06
3373,5.757848145862892e-06
3374,5.757848145862892e-06
3375,5.757848145862892e-06
3376,5.757848145862892e-06
3377,5.757848145862892e-06
3378,7.589749341924898e-06
3379,1.2443630892621649e-05
3380,3.0283480120301014e-05
3381,1.3157905416804686e-05
3382,8.441979361652142e-05
3383,0.0002369836831385092
3384,2.475895167779839e-05
3385,1.0329402793803589e-06
3386,1.5374150796610192e-07
3387,1.4013226621286642e-06
3388,3.674949244667701e-06
3389,2.0423394000975554e-06
3390,2.135481648525428e-06
3391,2.054520863469505e-06
3392,2.054520863469505e-06
3393,2.054520863469505e-06
3394,2.054520863469505e-06
3395,2.054520863469505e-06
3396,2.1837013248601646e-06
3397,2.568619338414149e-06
3398,1.651229748197492e-06
3399,1.850726239201688e-06
3400,3.2065749568785707e-07
3401,3.2065749568785707e-07
3402,3.2065749568785707e-07
3403,3.2065749568785707e-07
3404,3.2065749568785707e-07
3405,3.2065749568785707e-07
3406,3.2065749568785707e-07
3407,3.2065749568785707e-07
3408,3.2065749568785707e-07
3409,3.2065749568785707e-07
3410,3.2065749568785707e-07
3411,3.2065749568785707e-07
3412,3.420774897840053e-06
3413,5.379826999313961e-06
3414,5.757848145862892e-06
3415,5.757848145862892e-06
3416,5.757848145862892e-06
3417,5.9954284593471906e-06
3418,1.0734172506134507e-05
3419,1.3092315424757071e-05
3420,1.3157905416804686e-05
3421,1.1930533145125007e-05
3422,5.8209641806261516e-05
3423,7.037675609896487e-05
3424,4.1687114309603594e-05
3425,1.1701166085067684e-05
3426,1.6497344265171145e-06
3427,2.7105126317597508e-06
3428,4.365168682452772e-07
3429,1.9170590995011888e-06
3430,2.0534086077282786e-06
3431,2.054520863469505e-06
3432,2.054520863469505e-06
3433,2.054520863469505e-06
3434,2.054520863469505e-06
3435,2.168052133558715e-06
3436,2.590890418231107e-06
3437,2.590890418231107e-06
3438,2.577820390901051e-06
3439,5.436466577444612e-07
3440,3.2065749568785707e-07
3441,3.2065749568785707e-07
3442,3.2065749568785707e-07
3443,3.2065749568785707e-07
3444,3.2065749568785707e-07
3445,3.2065749568785707e-07
3446,3.2065749568785707e-07
3447,3.2065749568785707e-07
3448,3.2065749568785707e-07
3449,3.2065749568785707e-07
3450,3.2065749568785707e-07
3451,4.887697808665538e-07
3452,2.4274016795595975e-06
3453,5.757848145862892e-06
3454,5.902026252463237e-06
3455,6.552208255850196e-06
3456,9.366977911001876e-06
3457,9.445336008889054e-06
3458,9.865866357437152e-06
3459,1.0999679699093498e-05
3460,9.758358890559814e-06
3461,1.351448317161596e-05
3462,1.2282571519529732e-05
3463,1.2302215429714724e-05
3464,1.2302215429714724e-05
3465,1.2302215429714724e-05
3466,1.2302215429714724e-05
3467,3.892448000578604e-06
3468,1.0113538462682577e-06
3469,1.4868362314668032e-07
3470,3.744773731725727e-07
3471,2.054520863469505e-06
3472,2.054520863469505e-06
3473,2.054520863469505e-06
3474,2.054520863469505e-06
3475,2.357591285985043e-06
3476,2.590890418231107e-06
3477,2.590890418231107e-06
3478,2.590890418231107e-06
3479,1.8456651590679595e-06
3480,1.4556764553028057e-06
3481,3.726299922321269e-07
3482,3.623554474917708e-07
3483,3.2065749568785707e-07
3484,3.2065749568785707e-07
3485,3.2065749568785707e-07
3486,3.2065749568785707e-07
3487,3.2065749568785707e-07
3488,3.2065749568785707e-07
3489,3.2065749568785707e-07
3490,3.2065749568785707e-07
3491,3.2065749568785707e-07
3492,3.2065749568785707e-07
3493,3.983941277200826e-06
3494,6.185250237477574e-06
3495,9.556488150122334e-06
3496,9.758358890559814e-06
3497,9.758358890559814e-06
3498,9.758358890559814e-06
3499,9.758358890559814e-06
3500,9.758358890559814e-06
3501,9.792414286259714e-06
3502,9.953278610684568e-06
3503,1.1972202294577468e-05
3504,1.2302215429714724e-05
3505,1.2302215429714724e-05
3506,1.2302215429714724e-05
3507,1.2302215429714724e-05
3508,1.1013503044750753e-05
3509,5.953791423917348e-07
3510,7.250083978399564e-07
3511,1.2951709772908925e-06
3512,2.054520863469505e-06
3513,2.2974770131801795e-06
3514,2.4923424268825806e-06
3515,2.590890418231107e-06
3516,2.590890418231107e-06
3517,2.590890418231107e-06
3518,2.590890418231107e-06
3519,2.590890418231107e-06
3520,2.4445787302364145e-06
3521,2.1227062613036763e-06
3522,6.318824557920599e-07
3523,1.6680285626651756e-06
3524,3.516317442987638e-07
3525,1.1601161748734016e-06
3526,3.2065749568785707e-07
3527,3.2065749568785707e-07
3528,3.2065749568785707e-07
3529,3.2065749568785707e-07
3530,3.2065749568785707e-07
3531,3.2065749568785707e-07
3532,3.2065749568785707e-07
3533,3.7700327798535976e-07
3534,8.903873474708888e-06
3535,9.758358890559814e-06
3536,9.758358890559814e-06
3537,9.758358890559814e-06
3538,9.758358890559814e-06
3539,9.758358890559814e-06
3540,9.758358890559814e-06
3541,9.758358890559814e-06
3542,1.0695069402670002e-05
3543,1.2203436623394273e-05
3544,1.2302215429714724e-05
3545,1.2302215429714724e-05
3546,1.2302215429714724e-05
3547,1.1032280139287515e-05
3548,1.1472811612213815e-05
3549,6.229417465535681e-06
3550,2.1048510132412392e-05
3551,5.8230795783763806e-05
3552,4.299703828125827e-06
3553,2.590890418231107e-06
3554,2.590890418231107e-06
3555,2.590890418231107e-06
3556,2.590890418231107e-06
3557,2.590890418231107e-06
3558,2.590890418231107e-06
3559,2.590890418231107e-06
3560,2.590890418231107e-06
3561,2.590890418231107e-06
3562,2.4641210234218673e-06
3563,2.3464729724446924e-06
3564,3.322488535225445e-07
3565,3.2065749568785707e-07
3566,3.2065749568785707e-07
3567,3.2065749568785707e-07
3568,3.2065749568785707e-07
3569,4.4707505817029817e-07
3570,3.7962155104097106e-07
3571,4.816997171768368e-07
3572,2.4853270491737886e-06
3573,2.862365128974511e-06
3574,9.758358890559814e-06
3575,9.758358890559814e-06
3576,9.758358890559814e-06
3577,9.757483446439528e-06
3578,9.715427809766368e-06
3579,8.345732399500509e-06
3580,9.890955237597e-06
3581,9.481117432977196e-06
3582,1.1210046977212362e-05
3583,9.544999023702684e-06
3584,1.0430719707570486e-05
3585,9.216915308711169e-06
3586,9.27013870161924e-06
3587,9.175525539818863e-06
3588,6.542738759478095e-07
3589,2.4303551886278272e-05
3590,6.450984259274524e-05
3591,4.675296897733957e-05
3592,2.590890418231107e-06
3593,2.590890418231107e-06
3594,1.5686593112419803e-05
3595,2.590890418231107e-06
3596,2.5913626873924072e-06
3597,2.590890418231107e-06
3598,2.590890418231107e-06
3599,2.590890418231107e-06
3600,2.6000719653043607e-06
3601,2.590890418231107e-06
3602,2.590890418231107e-06
3603,6.235981824624043e-07
3604,5.575012901878416e-07
3605,3.2065749568785707e-07
3606,3.596427647017878e-07
3607,3.763653937412916e-07
3608,5.016673854493585e-07
3609,5.016673854493585e-07
3610,5.016673854493585e-07
3611,5.016673854493585e-07
3612,5.016673854493585e-07
3613,5.531973492664576e-06
3614,8.562904352865704e-06
3615,9.670641307761563e-06
3616,8.246405759875583e-06
3617,8.40767391216415e-06
3618,8.173188375570901e-06
3619,8.185903031778925e-06
3620,8.173188375570901e-06
3621,8.281991410161652e-06
3622,8.347236805872894e-06
3623,9.207537134440213e-06
3624,9.216915308711169e-06
3625,9.216915308711169e-06
3626,9.216915308711169e-06
3627,4.6124262996252915e-06
3628,0.0006206845032715191
3629,4.9411811331739075e-05
3630,2.1396954772842774e-05
3631,1.0998197918743491e-05
3632,2.801631692801514e-05
3633,4.0143458484051334e-06
3634,5.056564194762181e-06
3635,2.9432317359532857e-06
3636,4.075549684161927e-06
3637,3.002053549292498e-06
3638,5.238496696437366e-06
3639,3.6487545180375524e-06
3640,5.157972468786834e-06
3641,3.2795802666034653e-06
3642,3.6274354732780822e-06
3643,3.720863748631971e-07
3644,5.016673854493585e-07
3645,4.970689381130367e-07
3646,5.016673854493585e-07
3647,5.016673854493585e-07
3648,5.016673854493585e-07
3649,5.016673854493585e-07
3650,5.016673854493585e-07
3651,2.0810457609640917e-06
3652,5.866707605796449e-06
3653,8.234587289649544e-06
3654,7.515831605911778e-06
3655,8.173188375570901e-06
3656,8.173188375570901e-06
3657,8.173188375570901e-06
3658,8.173188375570901e-06
3659,8.173188375570901e-06
3660,8.173188375570901e-06
3661,8.909149659690731e-06
3662,9.208127083523247e-06
3663,9.216915308711169e-06
3664,9.216915308711169e-06
3665,9.21642756611317e-06
3666,3.889150290018126e-06
3667,3.437079979872804e-05
3668,3.196737117396941e-05
3669,3.3551092275579624e-05
3670,2.898288661811915e-05
3671,6.921149396055387e-06
3672,5.274873957255486e-06
3673,5.274873957255486e-06
3674,5.274873957255486e-06
3675,5.274873957255486e-06
3676,5.274873957255486e-06
3677,5.274873957255486e-06
3678,5.274873957255486e-06
3679,5.274873957255486e-06
3680,5.274873957255486e-06
3681,1.8321889067247985e-06
3682,5.016673854493585e-07
3683,5.016673854493585e-07
3684,5.016673854493585e-07
3685,5.016673854493585e-07
3686,5.016673854493585e-07
3687,5.016673854493585e-07
3688,5.016673854493585e-07
3689,5.016673854493585e-07
3690,4.987100881095427e-06
3691,7.042945905219777e-06
3692,3.938804721789747e-06
3693,8.173188375570901e-06
3694,8.173188375570901e-06
3695,8.173188375570901e-06
3696,8.173188375570901e-06
3697,8.173188375570901e-06
3698,8.173188375570901e-06
3699,8.251354804403786e-06
3700,8.485649152548899e-06
3701,9.130728089816376e-06
3702,9.216915308711169e-06
3703,9.216915308711169e-06
3704,7.936562844715105e-06
3705,1.0559086784110272e-05
3706,3.3551092275579624e-05
3707,1.5392250436850847e-05
3708,7.574988255767392e-06
3709,1.3417769070541369e-05
3710,6.347478076961805e-06
3711,5.274873957255486e-06
3712,5.274873957255486e-06
3713,5.274873957255486e-06
3714,5.274873957255486e-06
3715,5.274873957255486e-06
3716,5.274873957255486e-06
3717,5.274873957255486e-06
3718,4.713430976184767e-06
3719,4.2571836390637936e-06
3720,6.782761036815019e-07
3721,1.0572590552349164e-06
3722,5.016673854493585e-07
3723,5.016673854493585e-07
3724,5.016673854493585e-07
3725,5.016673854493585e-07
3726,5.016673854493585e-07
3727,5.686102343318799e-07
3728,3.7255815929795696e-06
3729,5.016673854493585e-07
3730,4.6899996454595335e-06
3731,5.641871569234988e-06
3732,8.173188375570901e-06
3733,8.173188375570901e-06
3734,8.173188375570901e-06
3735,8.173188375570901e-06
3736,8.173188375570901e-06
3737,8.173188375570901e-06
3738,8.705742818691403e-06
3739,9.216915308711169e-06
3740,9.216915308711169e-06
3741,9.216915308711169e-06
3742,1.6016547743318503e-06
3743,2.5269353030541735e-05
3744,1.3578541449461568e-05
3745,1.3578541449461568e-05
3746,1.3578541449461568e-05
3747,1.3349179921178291e-05
3748,1.289870222185306e-05
3749,5.274873957255486e-06
3750,5.274574020529582e-06
3751,5.274873957255486e-06
3752,5.157401008177396e-06
3753,5.274873957255486e-06
3754,5.274873957255486e-06
3755,5.274873957255486e-06
3756,5.274873957255486e-06
3757,5.241140056055188e-06
3758,3.382812932388986e-06
3759,5.016673854493585e-07
3760,5.016673854493585e-07
3761,5.016673854493585e-07
3762,5.016673854493585e-07
3763,5.016673854493585e-07
3764,5.016673854493585e-07
3765,5.016673854493585e-07
3766,5.016673854493585e-07
3767,5.016673854493585e-07
3768,5.016673854493585e-07
3769,1.8538368846402713e-06
3770,5.7487853773949856e-06
3771,8.173188375570901e-06
3772,8.173188375570901e-06
3773,8.173188375570901e-06
3774,8.173188375570901e-06
3775,8.401480632085778e-06
3776,9.118804684714518e-06
3777,9.216915308711169e-06
3778,9.216915308711169e-06
3779,5.893143180121367e-06
3780,0.00020438082059271774
3781,0.00021258463220744886
3782,1.3578541449461568e-05
3783,1.686288105469453e-05
3784,3.011237610243701e-05
3785,2.337895257558739e-05
3786,5.245655399703073e-06
3787,5.005512873799551e-06
3788,5.079733055358714e-06
3789,4.979316045100174e-06
3790,5.115551608788703e-06
3791,5.034406336042889e-06
3792,5.2704487992241995e-06
3793,4.43747812425055e-06
3794,5.1809714460842374e-06
3795,4.3481645385499624e-06
3796,2.009653382998533e-06
3797,5.016673854493585e-07
3798,5.016673854493585e-07
3799,5.016673854493585e-07
3800,5.016673854493585e-07
3801,5.016673854493585e-07
3802,5.016673854493585e-07
3803,5.016673854493585e-07
3804,5.016673854493585e-07
3805,5.016673854493585e-07
3806,9.584991280379887e-05
3807,2.352239036407058e-06
3808,4.964295946395291e-06
3809,2.8525121184120827e-06
3810,8.021341391291076e-06
3811,8.173188375570901e-06
3812,8.396711545387686e-06
3813,8.408876147210199e-06
3814,9.004647511060653e-06
3815,8.019806167430164e-06
3816,8.12815823801288e-06
3817,9.016381447524354e-07
3818,0.0011107209260682804
3819,1.4348401065203437e-05
3820,2.8920550371310593e-05
3821,3.211102089049038e-05
3822,2.0055358447392384e-05
3823,5.904460080755024e-06
3824,4.979316045100174e-06
3825,4.979316045100174e-06
3826,4.979316045100174e-06
3827,4.979316045100174e-06
3828,4.979316045100174e-06
3829,4.329935697310531e-06
3830,1.8087238604779518e-06
3831,1.8691588342847231e-06
3832,1.8087238604779518e-06
3833,2.6391497936730443e-06
3834,1.1462373633487248e-06
3835,5.016673854493585e-07
3836,5.016673854493585e-07
3837,5.016673854493585e-07
3838,5.016673854493585e-07
3839,5.016673854493585e-07
3840,5.016673854493585e-07
3841,5.016673854493585e-07
3842,5.016673854493585e-07
3843,0.00011341916330131444
3844,5.016673854493585e-07
3845,5.016673854493585e-07
3846,9.916753240298033e-07
3847,3.2760863167086216e-06
3848,7.0550662161086056e-06
3849,8.173188375570901e-06
3850,8.173188375570901e-06
3851,8.185422447805828e-06
3852,8.173188375570901e-06
3853,6.250749904411572e-06
3854,3.834496186536999e-06
3855,0.0001788703391904733
3856,1.782848088430229e-05
3857,1.0297273498583627e-05
3858,2.449744846114115e-05
3859,5.068538403092816e-06
3860,4.979316045100174e-06
3861,4.979316045100174e-06
3862,4.979316045100174e-06
3863,4.979316045100174e-06
3864,4.979316045100174e-06
3865,4.979316045100174e-06
3866,4.385572596048239e-06
3867,2.029372286765573e-06
3868,1.8087238604779518e-06
3869,1.8087238604779518e-06
3870,1.8087238604779518e-06
3871,1.8087238604779518e-06
3872,9.522677958696618e-07
3873,5.879440882893607e-07
3874,5.016673854493585e-07
3875,5.016673854493585e-07
3876,5.016673854493585e-07
3877,5.016673854493585e-07
3878,5.016673854493585e-07
3879,5.016673854493585e-07
3880,5.016673854493585e-07
3881,5.016673854493585e-07
3882,5.699797973674945e-07
3883,2.6612208186914173e-06
3884,3.2615075022470794e-06
3885,3.489818610154074e-06
3886,8.153492716814161e-06
3887,8.173188375570901e-06
3888,8.173188375570901e-06
3889,7.301431192041604e-06
3890,6.032376767438618e-06
3891,5.822261810151154e-06
3892,2.0632219564076427e-06
3893,0.0004714599275480717
3894,7.272448721658156e-05
3895,9.057460271684005e-06
3896,8.34063701557245e-06
3897,7.656700288792172e-06
3898,4.979316045100174e-06
3899,4.979316045100174e-06
3900,4.979316045100174e-06
3901,4.971051178929077e-06
3902,4.796586749362075e-06
3903,3.2830828861568823e-06
3904,3.0110195644441696e-06
3905,1.8087238604779518e-06
3906,1.8087238604779518e-06
3907,1.8087238604779518e-06
3908,1.8087238604779518e-06
3909,1.8087238604779518e-06
3910,1.8087238604779518e-06
3911,1.781175686133405e-06
3912,7.978013121649627e-07
3913,5.016673854493585e-07
3914,5.016673854493585e-07
3915,5.016673854493585e-07
3916,5.016673854493585e-07
3917,5.016673854493585e-07
3918,5.016673854493585e-07
3919,5.016673854493585e-07
3920,1.1843109956378916e-06
3921,3.3307880809330986e-06
3922,3.3702695512499204e-06
3923,3.3702695512499204e-06
3924,4.8463901648596505e-06
3925,6.8973897222939204e-06
3926,8.11925783625382e-06
3927,6.489329728915773e-06
3928,5.822261810151154e-06
3929,5.822261810151154e-06
3930,5.822261810151154e-06
3931,5.7798746357234414e-06
3932,4.197662761044816e-06
3933,9.057460271684005e-06
3934,9.057460271684005e-06
3935,9.057460271684005e-06
3936,7.610640241803703e-06
3937,6.752265403931509e-06
3938,4.979316045100174e-06
3939,2.281395001608858e-06
3940,1.9664679887252055e-06
3941,1.8087238604779518e-06
3942,1.8087238604779518e-06
3943,1.8087238604779518e-06
3944,1.8087238604779518e-06
3945,1.8087238604779518e-06
3946,1.8087238604779518e-06
3947,1.8087238604779518e-06
3948,1.8087238604779518e-06
3949,1.8621024631288842e-06
3950,1.5830345355596045e-06
3951,6.622642484892737e-07
3952,5.016673854493585e-07
3953,5.016673854493585e-07
3954,5.016673854493585e-07
3955,5.016673854493585e-07
3956,5.016673854493585e-07
3957,2.0705222983092777e-06
3958,2.4889466975759497e-06
3959,3.1613588000845284e-06
3960,3.3702695512499204e-06
3961,3.3702695512499204e-06
3962,4.126955537252193e-06
3963,5.1586301383134e-06
3964,6.179504315593051e-06
3965,5.822261810151154e-06
3966,5.822261810151154e-06
3967,5.822261810151154e-06
3968,5.822261810151154e-06
3969,5.822261810151154e-06
3970,3.5019303193734537e-06
3971,4.5364637717098205e-07
3972,6.173286973041784e-07
3973,8.304066313572977e-06
3974,9.057460271684005e-06
3975,9.020764465602757e-06
3976,9.057460271684005e-06
3977,9.057460271684005e-06
3978,4.042525633774833e-06
3979,1.8087238604779518e-06
3980,1.8087238604779518e-06
3981,1.8087238604779518e-06
3982,1.8087238604779518e-06
3983,1.8087238604779518e-06
3984,1.8087238604779518e-06
3985,1.8087238604779518e-06
3986,1.8087238604779518e-06
3987,1.8087238604779518e-06
3988,1.8087238604779518e-06
3989,2.22547113948997e-06
3990,2.2257027764300734e-06
3991,1.9753623759960605e-06
3992,5.016673854493585e-07
3993,5.016673854493585e-07
3994,5.016673854493585e-07
3995,5.016673854493585e-07
3996,5.440141210320928e-07
3997,2.8090644278658245e-06
3998,3.0782590343498433e-06
3999,3.0782590343498433e-06
4000,3.2754647903737704e-06
4001,3.296767759778123e-06
4002,3.3702695512499204e-06
4003,3.3844573587044325e-06
4004,5.753695779706704e-06
4005,5.702903815839796e-06
4006,5.822261810151154e-06
4007,5.822261810151154e-06
4008,5.822261810151154e-06
4009,5.822261810151154e-06
4010,5.822261810151154e-06
4011,5.172891479500708e-06
4012,7.638036393171949e-06
4013,6.7847924668739925e-06
4014,6.596722396224745e-06
4015,9.057460271684005e-06
4016,6.635955221434554e-06
4017,3.0689284874092877e-06
4018,1.8087238604779518e-06
4019,1.8087238604779518e-06
4020,1.8087238604779518e-06
4021,1.8087238604779518e-06
4022,1.8087238604779518e-06
4023,1.8087238604779518e-06
4024,1.8087238604779518e-06
4025,1.8087238604779518e-06
4026,1.8087238604779518e-06
4027,1.8090486307149663e-06
4028,2.2573025075964974e-06
4029,2.3098623461181104e-06
4030,2.3098623461181104e-06
4031,1.5188766497781944e-06
4032,9.667841072686226e-07
4033,5.016673854493585e-07
4034,5.310980635912437e-07
4035,1.302214833560197e-06
4036,3.0782590343498433e-06
4037,3.0782590343498433e-06
4038,3.0782590343498433e-06
4039,3.0782590343498433e-06
4040,3.153805199331643e-06
4041,3.3702695512499204e-06
4042,3.3702695512499204e-06
4043,3.576902322121404e-06
4044,3.4456922790865006e-06
4045,5.541882015841907e-06
4046,5.818661830664965e-06
4047,5.822261810151154e-06
4048,5.822261810151154e-06
4049,5.822261810151154e-06
4050,5.822261810151154e-06
4051,3.8030172280353358e-06
4052,1.5688480603927092e-06
4053,3.63599163663278e-06
4054,3.936279552452841e-06
4055,3.6385752667655145e-06
4056,8.91391123581788e-06
4057,2.9895761110860695e-06
4058,1.8087238604779518e-06
4059,1.8087238604779518e-06
4060,1.8087238604779518e-06
4061,0.0001508632545642453
4062,1.8087238604779518e-06
4063,1.8087238604779518e-06
4064,1.8087238604779518e-06
4065,1.8087238604779518e-06
4066,1.8087238604779518e-06
4067,2.0368849662793716e-06
4068,1.8855889725659489e-06
4069,2.3098623461181104e-06
4070,2.3098623461181104e-06
4071,2.3098623461181104e-06
4072,2.3098623461181104e-06
4073,1.478017485437352e-06
4074,5.016673854493585e-07
4075,2.8606396079652215e-06
4076,2.4033290301715432e-06
4077,3.0782590343498433e-06
4078,3.0782590343498433e-06
4079,3.0782590343498433e-06
4080,3.0782590343498433e-06
4081,3.1492692522443287e-06
4082,3.365524728047882e-06
4083,3.3702695512499204e-06
4084,3.3702695512499204e-06
4085,3.3702695512499204e-06
4086,3.6220322277999137e-06
4087,5.815376351030234e-06
4088,5.822261810151154e-06
4089,5.822261810151154e-06
4090,5.822261810151154e-06
4091,5.822261810151154e-06
4092,5.822261810151154e-06
4093,4.978757895830936e-06
4094,1.0776469565166985e-06
4095,3.6385752667655145e-06
4096,3.6385752667655145e-06
4097,6.906956620537948e-06
4098,5.64247874186868e-06
4099,1.8087238604779518e-06
4100,1.8087238604779518e-06
4101,1.8087238604779518e-06
4102,4.442291682709691e-05
4103,1.8087238604779518e-06
4104,1.8087238604779518e-06
4105,1.8087238604779518e-06
4106,1.971359454815624e-06
4107,1.9771545672630363e-06
4108,2.3098623461181104e-06
4109,2.3098623461181104e-06
4110,2.3098623461181104e-06
4111,2.3098623461181104e-06
4112,2.3098623461181104e-06
4113,2.3098623461181104e-06
4114,2.2011272508399593e-06
4115,8.712064316219185e-07
4116,2.976957064418356e-06
4117,3.0782590343498433e-06
4118,3.0782590343498433e-06
4119,3.0782590343498433e-06
4120,3.0782590343498433e-06
4121,3.0782590343498433e-06
4122,3.2663399076176026e-06
4123,3.3702695512499204e-06
4124,3.3702695512499204e-06
4125,3.3702695512499204e-06
4126,3.3702695512499204e-06
4127,3.5871808924933906e-06
4128,4.968438413614292e-06
4129,5.822261810151154e-06
4130,5.822261810151154e-06
4131,5.822261810151154e-06
4132,5.822261810151154e-06
4133,5.822261810151154e-06
4134,5.670385101261108e-06
4135,3.46763108114904e-06
4136,3.6385752667655145e-06
4137,4.076304789072757e-06
4138,3.1843057398298266e-06
4139,1.8102468571435275e-06
4140,1.8087238604779518e-06
4141,1.8087238604779518e-06
4142,1.8087238604779518e-06
4143,1.8087238604779518e-06
4144,1.8087238604779518e-06
4145,1.8087238604779518e-06
4146,2.115561270657498e-06
4147,2.3098623461181104e-06
4148,2.3098623461181104e-06
4149,2.3098623461181104e-06
4150,2.3098623461181104e-06
4151,2.3098623461181104e-06
4152,2.3098623461181104e-06
4153,2.3098623461181104e-06
4154,2.3098623461181104e-06
4155,2.3098623461181104e-06
4156,2.662578047313012e-06
4157,3.0782590343498433e-06
4158,3.0782590343498433e-06
4159,3.0782590343498433e-06
4160,3.0782590343498433e-06
4161,3.078433669114564e-06
4162,3.361327815366122e-06
4163,3.3702695512499204e-06
4164,3.3702695512499204e-06
4165,3.3702695512499204e-06
4166,3.3702695512499204e-06
4167,3.3702695512499204e-06
4168,3.3702695512499204e-06
4169,5.437768551296945e-06
4170,5.718441878335378e-06
4171,5.822261810151154e-06
4172,5.822261810151154e-06
4173,5.822261810151154e-06
4174,5.822261810151154e-06
4175,2.10791252123361e-06
4176,2.201075602072473e-06
4177,3.6385752667655145e-06
4178,3.6385752667655145e-06
4179,3.6385752667655145e-06
4180,3.0229206483170332e-06
4181,3.2775947521984765e-06
4182,1.8459246750893821e-06
4183,1.8087238604779518e-06
4184,1.8087238604779518e-06
4185,1.8087238604779518e-06
4186,1.8704908494707386e-06
4187,2.3098623461181104e-06
4188,2.3098623461181104e-06
4189,2.3098623461181104e-06
4190,2.3098623461181104e-06
4191,2.3098623461181104e-06
4192,2.3098623461181104e-06
4193,2.3098623461181104e-06
4194,2.3098623461181104e-06
4195,2.3098623461181104e-06
4196,2.3098623461181104e-06
4197,2.3098623461181104e-06
4198,3.007788453208227e-06
4199,3.0782590343498433e-06
4200,3.0782590343498433e-06
4201,3.0782590343498433e-06
4202,3.1032748034686805e-06
4203,3.247146426665469e-06
4204,3.3702695512499204e-06
4205,3.3702695512499204e-06
4206,3.3702695512499204e-06
4207,3.3702695512499204e-06
4208,3.3702695512499204e-06
4209,3.3702695512499204e-06
4210,3.4618823052567466e-06
4211,3.5041614692478284e-06
4212,5.822158084991493e-06
4213,5.8031367583993406e-06
4214,5.822261810151154e-06
4215,5.822261810151154e-06
4216,5.684500044578107e-06
4217,3.5275523107547677e-06
4218,1.4780912710603774e-06
4219,3.547602245694665e-06
4220,3.6385752667655145e-06
4221,3.6385752667655145e-06
4222,3.6385752667655145e-06
4223,3.6385752667655145e-06
4224,3.1087167358344e-06
4225,1.9192943357865238e-06
4226,1.8087238604779518e-06
4227,1.8087238604779518e-06
4228,1.9902804785196026e-06
4229,2.3094899176704056e-06
4230,2.3098623461181104e-06
4231,2.3098623461181104e-06
4232,2.3098623461181104e-06
4233,2.3098623461181104e-06
4234,2.3098623461181104e-06
4235,2.3098623461181104e-06
4236,2.3098623461181104e-06
4237,2.3098623461181104e-06
4238,2.3098623461181104e-06
4239,2.3098623461181104e-06
4240,2.546625330160654e-06
4241,2.9411413514514714e-06
4242,3.0782590343498433e-06
4243,3.0782590343498433e-06
4244,3.0782590343498433e-06
4245,3.0782590343498433e-06
4246,3.264075478633971e-06
4247,3.2406270986484725e-06
4248,3.3538994715266136e-06
4249,3.255419304496325e-06
4250,3.3702695512499204e-06
4251,3.3702695512499204e-06
4252,3.3702695512499204e-06
4253,3.3702695512499204e-06
4254,4.0756640543475216e-06
4255,4.397979157906964e-06
4256,5.149515605205603e-06
4257,4.442133646727265e-06
4258,5.7433034940376674e-06
4259,3.819411813118526e-06
4260,1.160814103960092e-06
4261,2.7111546225073426e-06
4262,3.6385752667655145e-06
4263,3.6385752667655145e-06
4264,3.6385752667655145e-06
4265,6.093404659535244e-06
4266,3.540688459094292e-06
4267,1.8098627022297387e-06
4268,1.8087238604779518e-06
4269,1.8087238604779518e-06
4270,1.8716217130779415e-06
4271,2.152005478467615e-06
4272,2.3098623461181104e-06
4273,2.3098623461181104e-06
4274,2.3098623461181104e-06
4275,2.3098623461181104e-06
4276,2.3098623461181104e-06
4277,2.3098623461181104e-06
4278,2.3098623461181104e-06
4279,2.3098623461181104e-06
4280,2.3098623461181104e-06
4281,2.3098623461181104e-06
4282,2.3206687225830156e-06
4283,2.9082359432668e-06
4284,3.0782590343498433e-06
4285,3.0782590343498433e-06
4286,3.0782590343498433e-06
4287,3.0782590343498433e-06
4288,3.0782590343498433e-06
4289,3.0782590343498433e-06
4290,3.0977444853996216e-06
4291,3.0782590343498433e-06
4292,3.2995289957681066e-06
4293,3.368657081191274e-06
4294,3.3702695512499204e-06
4295,3.3702695512499204e-06
4296,3.3702695512499204e-06
4297,3.3702695512499204e-06
4298,3.3702695512499204e-06
4299,3.3702695512499204e-06
4300,3.4934953175400787e-06
4301,3.3702695512499204e-06
4302,3.1238372682707585e-06
4303,2.0424811831759804e-06
4304,2.767097879299142e-06
4305,3.6385752667655145e-06
4306,5.734249086078778e-05
4307,4.6939849423256456e-05
4308,1.3586854155973985e-05
4309,1.010075928534787e-05
4310,7.564086496287545e-06
4311,1.8087238604779518e-06
4312,1.8087238604779518e-06
4313,1.8087238604779518e-06
4314,2.0942593572204503e-06
4315,2.3098623461181104e-06
4316,2.3098623461181104e-06
4317,2.3098623461181104e-06
4318,2.3098623461181104e-06
4319,2.3098623461181104e-06
4320,2.3098623461181104e-06
4321,2.3098623461181104e-06
4322,2.3098623461181104e-06
4323,2.3098623461181104e-06
4324,2.3098623461181104e-06
4325,2.3098623461181104e-06
4326,2.480016472696572e-06
4327,3.0782590343498433e-06
4328,3.0782590343498433e-06
4329,3.0782590343498433e-06
4330,3.0782590343498433e-06
4331,3.0782590343498433e-06
4332,3.0782590343498433e-06
4333,3.0782590343498433e-06
4334,3.0782590343498433e-06
4335,3.0850281198174814e-06
4336,3.1619018186974577e-06
4337,3.3499607718245495e-06
4338,3.2558937567094894e-06
4339,3.3702695512499204e-06
4340,3.3702695512499204e-06
4341,3.3702695512499204e-06
4342,3.3702695512499204e-06
4343,3.3702695512499204e-06
4344,3.3702695512499204e-06
4345,3.3702695512499204e-06
4346,3.3702695512499204e-06
4347,4.2208048291812874e-07
4348,9.351451828125989e-07
4349,1.9298598915731463e-05
4350,0.000964997387181063
4351,9.411524649565485e-05
4352,1.375008476551852e-05
4353,1.2803494860862424e-05
4354,1.2803494860862424e-05
4355,6.893730176292392e-06
4356,4.6659698150820345e-06
4357,1.8087238604779518e-06
4358,2.1011627577653076e-06
4359,2.3098623461181104e-06
4360,2.3098623461181104e-06
4361,2.3098623461181104e-06
4362,2.3098623461181104e-06
4363,2.3098623461181104e-06
4364,2.3098623461181104e-06
4365,2.3098623461181104e-06
4366,2.3098623461181104e-06
4367,2.3098623461181104e-06
4368,2.3098623461181104e-06
4369,2.971981785723539e-06
4370,5.287375559122221e-06
4371,2.8341546823132277e-06
4372,3.091563423295692e-06
4373,3.0782590343498433e-06
4374,3.0782590343498433e-06
4375,3.0782590343498433e-06
4376,3.0782590343498433e-06
4377,3.0782590343498433e-06
4378,3.0782590343498433e-06
4379,3.0782590343498433e-06
4380,3.0782590343498433e-06
4381,3.078709177212248e-06
4382,3.0844777690021527e-06
4383,3.367255395341547e-06
4384,3.2837718486680203e-06
4385,3.3702695512499204e-06
4386,3.3702695512499204e-06
4387,3.3702695512499204e-06
4388,3.3702695512499204e-06
4389,3.3702695512499204e-06
4390,3.3702695512499204e-06
4391,2.335561211388171e-06
4392,3.935205063251226e-07
4393,9.66101960358522e-06
4394,3.50853777847541e-06
4395,1.2803494860862424e-05
4396,1.2803494860862424e-05
4397,1.2803494860862424e-05
4398,1.2803494860862424e-05
4399,9.472023806833195e-06
4400,1.68515922311869e-06
4401,2.3078638024362153e-06
4402,2.1626937138708367e-06
4403,2.3098623461181104e-06
4404,2.3098623461181104e-06
4405,2.3098623461181104e-06
4406,2.3098623461181104e-06
4407,2.3098623461181104e-06
4408,2.3098623461181104e-06
4409,2.3098623461181104e-06
4410,3.856327532657558e-06
4411,6.079729858772424e-06
4412,6.745725236843029e-06
4413,6.158502934019983e-06
4414,5.79300069687827e-06
4415,3.0782590343498433e-06
4416,3.0782590343498433e-06
4417,3.0782590343498433e-06
4418,3.0782590343498433e-06
4419,3.0782590343498433e-06
4420,3.0782590343498433e-06
4421,3.0782590343498433e-06
4422,3.0782590343498433e-06
4423,3.0782590343498433e-06
4424,3.0782590343498433e-06
4425,3.104162094251737e-06
4426,3.0925202036465167e-06
4427,3.3702695512499204e-06
4428,3.3702695512499204e-06
4429,3.3702695512499204e-06
4430,3.3702695512499204e-06
4431,3.3702695512499204e-06
4432,2.744188636687588e-06
4433,1.3276790760372728e-06
4434,6.378190194610936e-06
4435,9.661401551827587e-06
4436,1.2803494860862424e-05
4437,6.4971507076325196e-06
4438,4.918016686301371e-06
4439,1.5904852561463014e-06
4440,1.6325424659087918e-06
4441,1.9184944730217456e-06
4442,2.3098623461181104e-06
4443,2.3098623461181104e-06
4444,2.3098623461181104e-06
4445,2.3098623461181104e-06
4446,2.3098623461181104e-06
4447,2.3098623461181104e-06
4448,2.3098623461181104e-06
4449,6.437023765483832e-06
4450,6.745725236843029e-06
4451,6.745725236843029e-06
4452,6.745725236843029e-06
4453,6.745725236843029e-06
4454,3.828912787745691e-06
4455,3.0782590343498433e-06
4456,3.0782590343498433e-06
4457,3.0782590343498433e-06
4458,3.0782590343498433e-06
4459,3.0782590343498433e-06
4460,3.0782590343498433e-06
4461,3.0782590343498433e-06
4462,3.0782590343498433e-06
4463,3.0782590343498433e-06
4464,3.0782590343498433e-06
4465,3.0782590343498433e-06
4466,3.2791304949199705e-06
4467,3.2999077753194766e-06
4468,3.3702695512499204e-06
4469,3.3702695512499204e-06
4470,3.3702695512499204e-06
4471,2.16386664602862e-06
4472,4.4831922602615583e-07
4473,8.194899900596742e-06
4474,1.5904852561463014e-06
4475,1.5904852561463014e-06
4476,1.5904852561463014e-06
4477,1.5904852561463014e-06
4478,1.5904852561463014e-06
4479,2.023456898633049e-06
4480,2.3098623461181104e-06
4481,2.3098623461181104e-06
4482,2.3098623461181104e-06
4483,2.3098623461181104e-06
4484,2.7579362649997845e-06
4485,3.0585992633188658e-06
4486,6.745725236843029e-06
4487,6.745725236843029e-06
4488,6.745725236843029e-06
4489,6.745725236843029e-06
4490,6.745725236843029e-06
4491,5.473475458430245e-06
4492,1.1112943431240932e-05
4493,3.0782590343498433e-06
4494,3.0782590343498433e-06
4495,3.0782590343498433e-06
4496,3.0782590343498433e-06
4497,3.0782590343498433e-06
4498,3.0782590343498433e-06
4499,3.0782590343498433e-06
4500,3.0782590343498433e-06
4501,3.0782590343498433e-06
4502,3.0782590343498433e-06
4503,3.0782590343498433e-06
4504,3.7090300262666907e-06
4505,3.3702695512499204e-06
4506,3.3702695512499204e-06
4507,3.3702695512499204e-06
4508,2.0241158423506465e-06
4509,1.0323109809458093e-06
4510,1.5904852561463014e-06
4511,1.5904852561463014e-06
4512,1.5904852561463014e-06
4513,1.5904852561463014e-06
4514,1.5904852561463014e-06
4515,1.6935103481579424e-06
4516,2.2670772424706764e-06
4517,2.458919028607146e-06
4518,3.4275696369060656e-06
4519,2.5011664288217825e-06
4520,6.5612746906710395e-06
4521,6.72341808665395e-06
4522,6.745725236843029e-06
4523,6.745725236843029e-06
4524,6.745725236843029e-06
4525,6.745725236843029e-06
4526,6.745725236843029e-06
4527,8.255477665982572e-06
4528,2.2297842430648745e-05
4529,3.6297869010941263e-06
4530,5.0706565561877795e-06
4531,3.0782590343498433e-06
4532,3.0782590343498433e-06
4533,3.0782590343498433e-06
4534,3.0782590343498433e-06
4535,3.0782590343498433e-06
4536,3.0782590343498433e-06
4537,3.0782590343498433e-06
4538,3.0782590343498433e-06
4539,6.287914409543361e-06
4540,0.0001663062649510473
4541,0.0008764416071959629
4542,0.00012314735007213192
4543,2.9968884093314053e-06
4544,2.587601958138679e-07
4545,1.2614361761851667e-06
4546,1.5904852561463014e-06
4547,1.5904852561463014e-06
4548,1.5904852561463014e-06
4549,1.5904852561463014e-06
4550,1.610526813539722e-06
4551,2.350725003752751e-06
4552,5.558774597854922e-06
4553,6.6780952623538036e-06
4554,6.422344434221713e-06
4555,6.745725236843029e-06
4556,6.745725236843029e-06
4557,6.745725236843029e-06
4558,6.745725236843029e-06
4559,6.745725236843029e-06
4560,6.745725236843029e-06
4561,9.014638546045482e-06
4562,1.2857740207417976e-05
4563,2.2297842430648745e-05
4564,1.7323185262710148e-05
4565,1.9617004447256872e-05
4566,7.108838908752695e-06
4567,5.29494873902617e-06
4568,3.0782590343498433e-06
4569,3.1253103050087625e-06
4570,3.0782590343498433e-06
4571,3.0782590343498433e-06
4572,3.0782590343498433e-06
4573,9.619072222032034e-06
4574,0.0005722830600104038
4575,0.00010772798807988569
4576,0.0050176824890010244
4577,8.536605037562223e-05
4578,4.825377671738956e-06
4579,2.492727699928248e-07
4580,1.5904852561463014e-06
4581,1.5904852561463014e-06
4582,1.5904852561463014e-06
4583,1.5904852561463014e-06
4584,1.5904852561463014e-06
4585,1.5904852561463014e-06
4586,5.596431396922033e-06
4587,6.396391680727275e-06
4588,6.745725236843029e-06
4589,6.745725236843029e-06
4590,6.745725236843029e-06
4591,6.745725236843029e-06
4592,6.745725236843029e-06
4593,6.745725236843029e-06
4594,6.745725236843029e-06
4595,0.00015352764160325976
4596,1.3903814155274799e-05
4597,2.2971045712569354e-05
4598,2.2297842430648745e-05
4599,2.407180635412746e-05
4600,1.112674581513933e-05
4601,1.1126406296474675e-05
4602,6.390512579944086e-06
4603,1.0300491044885553e-05
4604,5.051550110098163e-06
4605,6.996223055679228e-06
4606,3.0782590343498433e-06
4607,2.6632984266255232e-05
4608,5.515122801682405e-05
4609,5.4878684281473355e-05
4610,0.00019185017123846473
4611,4.044876213804061e-05
4612,8.046651706080292e-07
4613,1.5904852561463014e-06
4614,1.5904852561463014e-06
4615,1.5904852561463014e-06
4616,1.5904852561463014e-06
4617,1.5904852561463014e-06
4618,3.482535558056126e-06
4619,1.5904852561463014e-06
4620,5.781984559628676e-06
4621,6.745725236843029e-06
4622,6.745725236843029e-06
4623,6.745725236843029e-06
4624,6.745725236843029e-06
4625,1.1960908429008989e-05
4626,1.3439504838647204e-05
4627,2.2753643824981315e-05
4628,0.00039349282423635826
4629,0.0006728337621198378
4630,3.9883017615788755e-05
4631,4.840985859615442e-05
4632,1.9076666194684116e-05
4633,1.228344209693837e-05
4634,1.112674581513933e-05
4635,1.112674581513933e-05
4636,1.112674581513933e-05
4637,1.112674581513933e-05
4638,9.069536748920987e-06
4639,1.6213636896348847e-05
4640,3.2151745051366784e-05
4641,3.1545350411145545e-05
4642,4.771213358796611e-05
4643,4.518313529137228e-05
4644,1.4544142270658708e-07
4645,1.4742164722089641e-06
4646,1.5904852561463014e-06
4647,1.5904852561463014e-06
4648,1.5904852561463014e-06
4649,1.5904852561463014e-06
4650,1.5904852561463014e-06
4651,1.5904852561463014e-06
4652,2.4600844719073595e-06
4653,6.696544022412949e-06
4654,6.745725236843029e-06
4655,6.745725236843029e-06
4656,6.745725236843029e-06
4657,2.2277862277858992e-05
4658,2.8914126138454473e-05
4659,0.00017808187113988795
4660,0.00011242188131849506
4661,0.00025008076039508513
4662,0.0031973434517813047
4663,0.004594882896397734
4664,3.978869329630596e-05
4665,3.5368815762958165e-05
4666,1.112674581513933e-05
4667,1.112674581513933e-05
4668,1.112674581513933e-05
4669,1.112674581513933e-05
4670,1.112674581513933e-05
4671,1.584390819142295e-05
4672,2.528621068690343e-05
4673,2.528621068690343e-05
4674,2.528621068690343e-05
4675,0.0006322226341848241
4676,1.4191013357065749e-05
4677,9.411398729495433e-07
4678,1.5904852561463014e-06
4679,1.5904852561463014e-06
4680,1.5904852561463014e-06
4681,1.5904852561463014e-06
4682,1.5904852561463014e-06
4683,1.5904852561463014e-06
4684,2.2746326728227965e-06
4685,1.7599374539544695e-05
4686,7.756380656721972e-06
4687,2.032234053417338e-05
4688,1.5690503043811004e-05
4689,2.9417084520140754e-05
4690,3.552431077196168e-05
4691,0.00019130347732780302
4692,0.00015173549387427455
4693,0.0029845879584150864
4694,0.001418660457151527
4695,3.978869329630596e-05
4696,1.6387839358719977e-05
4697,1.112674581513933e-05
4698,1.112674581513933e-05
4699,1.112674581513933e-05
4700,1.112674581513933e-05
4701,5.119905711539652e-06
4702,1.0900698973556153e-05
4703,1.0300826723953516e-05
4704,1.7630252729413473e-05
4705,0.0003406034106768069
4706,2.002933202827003e-05
4707,6.814462362490344e-06
4708,8.493702682851048e-07
4709,1.0570432348618483e-06
4710,1.5904852561463014e-06
4711,1.5904852561463014e-06
4712,1.5904852561463014e-06
4713,1.5904852561463014e-06
4714,1.5904852561463014e-06
4715,1.5904852561463014e-06
4716,3.469507542342813e-06
4717,1.991884986860382e-06
4718,2.6335749348181285e-05
4719,2.8780714348396285e-05
4720,2.9417084520140754e-05
4721,2.9417084520140754e-05
4722,2.9417084520140754e-05
4723,0.00013188732378842803
4724,0.0006571563495504772
4725,0.0008219710053811451
4726,3.748578040718792e-05
4727,3.5324430977691146e-05
4728,2.633377653260021e-05
4729,1.112674581513933e-05
4730,1.112674581513933e-05
4731,1.112674581513933e-05
4732,1.1100045582965901e-05
4733,3.0932730852166886e-06
4734,5.184254557668149e-06
4735,1.0915483189298071e-06
4736,1.5904852561463014e-06
4737,1.5904852561463014e-06
4738,1.5904852561463014e-06
4739,1.5904852561463014e-06
4740,1.5904852561463014e-06
4741,1.5904852561463014e-06
4742,1.5904852561463014e-06
4743,6.414432615557026e-06
4744,8.072196319711422e-06
4745,1.448433578764895e-05
4746,2.9417084520140754e-05
4747,3.01838384551335e-05
4748,9.766940395677293e-05
4749,0.00019483416217933464
4750,4.354388345452479e-05
4751,3.1081807999800176e-06
4752,2.6115714343529258e-05
4753,2.5069771014942548e-05
4754,2.2844229826015647e-05
4755,1.112674581513933e-05
4756,1.112674581513933e-05
4757,8.127350364467528e-06
4758,6.2108632134537e-06
4759,1.1624653030265275e-06
4760,1.5904852561463014e-06
4761,1.5904852561463014e-06
4762,1.5904852561463014e-06
4763,1.5904852561463014e-06
4764,1.5904852561463014e-06
4765,2.0895378083376184e-06
4766,3.7305050756742022e-06
4767,7.912591213646048e-06
4768,7.912591213646048e-06
4769,7.912591213646048e-06
4770,2.211342306115504e-05
4771,3.0731571295582816e-05
4772,0.00013061606938837673
4773,0.0017987798776258775
4774,1.827148715023513e-06
4775,2.983430184483878e-05
4776,4.214785828278571e-06
4777,1.021712935489212e-05
4778,4.6745702817357576e-06
4779,4.768955852240751e-06
4780,4.356991455685237e-07
4781,1.0377020454131881e-06
4782,1.5904852561463014e-06
4783,1.5904852561463014e-06
4784,2.029398093995301e-06
4785,3.1399966213523775e-06
4786,1.5904852561463014e-06
4787,5.503968344374537e-06
4788,7.888827359170388e-06
4789,7.912591213646048e-06
4790,7.912591213646048e-06
4791,7.912591213646048e-06
4792,1.3988134036094438e-05
4793,2.845461190194475e-05
4794,3.1446364498025347e-05
4795,0.00010853498046067626
4796,8.986000918205963e-06
4797,2.60613219775809e-06
4798,9.628185854749338e-07
4799,2.503739760574524e-06
4800,1.1014279685875912e-06
4801,1.5904852561463014e-06
4802,1.5904852561463014e-06
4803,4.23915033973529e-06
4804,7.5667785729946995e-06
4805,5.484733650247087e-06
4806,7.912591213646048e-06
4807,7.912591213646048e-06
4808,7.912591213646048e-06
4809,7.912591213646048e-06
4810,7.912591213646048e-06
4811,1.742405329551665e-05
4812,3.421482851768136e-05
4813,3.0731571295582816e-05
4814,9.130173789504732e-05
4815,1.3219670635302325e-06
4816,1.5904852561463014e-06
4817,1.5904852561463014e-06
4818,1.8096413837162382e-06
4819,6.046888931682418e-06
4820,7.912591213646048e-06
4821,7.912591213646048e-06
4822,7.912591213646048e-06
4823,7.912591213646048e-06
4824,7.912591213646048e-06
4825,7.912591213646048e-06
4826,2.007163892112425e-05
4827,3.8080828555457433e-05
4828,3.16673246062703e-05
4829,3.317158839220774e-05
4830,8.202965022820544e-07
4831,1.5904852561463014e-06
4832,2.962831385411033e-06
4833,6.343020364888617e-06
4834,7.912591213646048e-06
4835,7.912591213646048e-06
4836,7.912591213646048e-06
4837,7.912591213646048e-06
4838,7.912591213646048e-06
4839,7.912591213646048e-06
4840,7.912591213646048e-06
4841,3.96835387274256e-05
4842,3.8080828555457433e-05
4843,3.8080828555457433e-05
4844,2.639833099698619e-05
4845,2.7673519679362733e-06
4846,1.6359929672485526e-06
4847,6.34304519767824e-06
4848,7.912591213646048e-06
4849,7.912591213646048e-06
4850,7.912591213646048e-06
4851,7.912591213646048e-06
4852,7.912591213646048e-06
4853,7.912591213646048e-06
4854,7.912591213646048e-06
4855,7.5144705306644315e-06
4856,0.0002792048913504758
4857,9.657365523259852e-06
4858,3.7480697525491895e-05
4859,1.299222624632424e-05
4860,5.379162000820317e-07
4861,2.8864841636275354e-06
4862,7.912591213646048e-06
4863,7.912591213646048e-06
4864,7.912591213646048e-06
4865,7.912591213646048e-06
4866,7.912591213646048e-06
4867,7.912591213646048e-06
4868,7.912591213646048e-06
4869,1.3400095100335608e-06
4870,4.866262830825312e-06
4871,4.44690965377988e-06
4872,6.579580490330529e-06
4873,7.912591213646048e-06
4874,7.912591213646048e-06
4875,7.912591213646048e-06
4876,7.746099138484179e-06
4877,3.8328243386887445e-06
4878,8.205740399687714e-07
4879,7.912591213646048e-06
4880,7.3934603700111474e-06
4881,7.912591213646048e-06
4882,5.585007950540929e-06
4883,9.852797819167268e-07
4884,3.1752693276042967e-06
4885,6.202980174568797e-07
4886,5.898906126984086e-06
4887,5.622755325067609e-06
4888,3.7177545305655845e-06
4889,1.3992879152902362e-06
4890,4.721304925486091e-07
4891,5.30141493068937e-06
4892,3.890399402084558e-06
4893,0.0
4894,1.8000417356589052e-08
4895,3.547907451238479e-08
4896,2.8621582285631308e-08
4897,4.566530061334409e-09
4898,3.6703369824019356e-08
4899,2.413735609790089e-09
4900,2.423507327751415e-08
4901,4.094994773035255e-08
4902,7.158439769790879e-08
4903,8.443693137981646e-09
4904,6.649980917318216e-08
4905,3.99126207472421e-08
4906,2.4292809713017388e-09
4907,0.0
4908,0.0009005382393580933
4909,1.0837772678018414e-05
4910,7.080795403367777e-05
4911,1.230635451082925e-05
4912,4.570114314263784e-09
4913,4.4182679419381187e-05
4914,2.864839849804999e-09
4915,2.6049819116550274e-09
4916,6.654231557886657e-08
4917,5.533809071581858e-08
4918,6.00928632073503e-08
4919,4.119057286963446e-09
4920,3.309366322352535e-08
4921,3.552133388331293e-08
4922,8.77967225436751e-09
4923,2.1355127129788578e-08
4924,4.767310499046992e-08
4925,6.185479468778621e-09
4926,6.102948160886773e-06
4927,1.7301242496217774e-06
4928,1.6838355308423165e-06
4929,1.1616422422883873e-06
4930,6.667299988234421e-06
4931,6.632107755317103e-06
4932,6.667299988234421e-06
4933,3.2123654774989676e-06
4934,1.2676887449808453e-06
4935,1.8131003111298697e-06
4936,6.6005411785389305e-06
4937,6.667299988234421e-06
4938,6.667299988234421e-06
4939,6.667299988234421e-06
4940,6.667299988234421e-06
4941,1.7689548982620832e-06
4942,8.180737731800878e-07
4943,4.306109956306378e-06
4944,4.3235592900067725e-07
4945,9.878408562955735e-07
4946,6.667299988234421e-06
4947,6.667299988234421e-06
4948,6.667299988234421e-06
4949,6.667299988234421e-06
4950,6.667299988234421e-06
4951,6.667299988234421e-06
4952,5.974918009407789e-06
4953,1.3006709435818812e-05
4954,1.4415308179308346e-05
4955,1.3264670428402786e-05
4956,2.7423873663717025e-06
4957,1.238732139611547e-05
4958,6.426895689674753e-06
4959,6.667299988234421e-06
4960,6.667299988234421e-06
4961,6.667299988234421e-06
4962,6.667299988234421e-06
4963,6.667299988234421e-06
4964,6.667299988234421e-06
4965,6.667299988234421e-06
4966,5.959971664755702e-06
4967,6.091361929808013e-06
4968,1.2903466898226744e-05
4969,2.4243773082118326e-05
4970,0.014800455260329056
4971,5.5433385132542126e-06
4972,1.814212638609143e-05
4973,1.814212638609143e-05
4974,1.5415532341312e-05
4975,1.5092330799937766e-05
4976,8.552320385382865e-06
4977,9.378708230660765e-06
4978,6.667299988234421e-06
4979,6.667299988234421e-06
4980,6.667299988234421e-06
4981,6.667299988234421e-06
4982,6.667299988234421e-06
4983,6.667299988234421e-06
4984,6.667299988234421e-06
4985,7.636836152083539e-06
4986,6.980761860166437e-06
4987,1.2518514324759817e-06
4988,1.2967939719173754e-05
4989,0.0015201322789889409
4990,0.00570855267015113
4991,0.00026420026433138997
4992,0.002124143504818276
4993,1.814212638609143e-05
4994,1.695783152034e-05
4995,1.5114691292929585e-05
4996,1.290969504273393e-05
4997,1.144775651852209e-05
4998,1.109800270789198e-05
4999,9.963370247557442e-06
5000,6.667299988234421e-06
5001,6.667299988234421e-06
5002,6.667299988234421e-06
5003,6.710817396700141e-06
5004,6.704146056964141e-06
5005,8.939184430269175e-06
5006,9.814920922130598e-06
5007,9.431663966851226e-06
5008,9.41229978737868e-07
5009,1.5134142508040465e-05
5010,3.7234496100572796e-05
5011,0.007175802108072355
5012,0.004862746118086758
5013,0.007249361572363071
5014,0.0015624183204322568
5015,4.329509086208028e-05
5016,6.71120098664865e-05
5017,6.738963313681639e-06
5018,4.081035342759122e-06
5019,1.421648773337883e-05
5020,1.6236140847933602e-05
5021,0.0003819939861920616
5022,6.887091875176733e-06
5023,6.929511695660693e-06
5024,9.752088983173202e-06
5025,9.218269670045001e-06
5026,9.744409704507312e-06
5027,9.814920922130598e-06
5028,9.762067165521528e-06
5029,8.228234364491123e-06
5030,1.5310583062917605e-06
5031,1.0846739981815865e-05
5032,0.003806350147557612
5033,0.006780695946187242
5034,0.004152896966271088
5035,0.002642738710202732
5036,0.0002582248078884233
5037,8.740455148393583e-05
5038,3.6160735013309656e-05
5039,1.5736504651163573e-05
5040,1.2290254974607355e-05
5041,2.5301238860174248e-05
5042,2.5777828250806448e-05
5043,1.2667061180271526e-05
5044,8.752535208538926e-06
5045,9.814920922130598e-06
5046,9.814920922130598e-06
5047,9.678378299237626e-06
5048,8.574386367893794e-06
5049,6.352515883446827e-06
5050,6.698071186942389e-06
5051,6.111414437926367e-06
5052,0.0012894130178631742
5053,0.0006707295812161617
5054,0.0005270250284141844
5055,4.919921784241002e-05
5056,0.004889412337219432
5057,0.0013314484445859755
5058,7.608663328164485e-05
5059,2.251211862302114e-05
5060,0.0005449434720493551
5061,2.6928757157722042e-05
5062,0.00034399455895987586
5063,0.00011890630490008392
5064,2.5070140606340297e-05
5065,3.272936485354468e-05
5066,9.814920922130598e-06
5067,8.012342632768156e-06
5068,6.165212134126979e-06
5069,6.161424924393804e-06
5070,6.161424924393804e-06
5071,6.161424924393804e-06
5072,2.7288252985247023e-06
5073,0.0005814893876579932
5074,8.578424761883172e-05
5075,1.827513119913755e-05
5076,1.2828083939766902e-05
5077,1.2828083939766902e-05
5078,1.591726228743109e-05
5079,1.6316605543402104e-05
5080,2.6924014063570416e-05
5081,2.7113453357189947e-05
5082,0.0001498500702680938
5083,0.0011498112055273492
5084,6.678152860350046e-05
5085,6.742431366654503e-05
5086,2.9781402832130522e-05
5087,2.2430814955390146e-05
5088,6.166364319243617e-06
5089,6.161424924393804e-06
5090,6.161424924393804e-06
5091,6.161424924393804e-06
5092,5.3548954124346355e-06
5093,1.1977775267770665e-06
5094,3.4586069017817256e-05
5095,0.0006074084457859461
5096,1.2908394448020629e-05
5097,1.0163932551868139e-05
5098,1.2651050178004245e-05
5099,1.0043369072138172e-05
5100,2.4562750492242834e-05
5101,2.7212521259409276e-05
5102,2.790620657581447e-05
5103,2.790620657581447e-05
5104,4.561781136855583e-05
5105,0.0023942890451150783
5106,6.944151282766333e-05
5107,6.141300325861251e-05
5108,6.161424924393804e-06
5109,6.161424924393804e-06
5110,6.161424924393804e-06
5111,6.161424924393804e-06
5112,6.161424924393804e-06
5113,4.466802976400191e-06
5114,0.003560007665648434
5115,5.739943068578474e-05
5116,3.57971701886002e-05
5117,5.921182803564457e-07
5118,1.5076468308553315e-07
5119,2.4005919176460363e-05
5120,2.7327245252181906e-05
5121,2.7899607894401695e-05
5122,2.790620657581447e-05
5123,4.3540675642262264e-05
5124,0.00014615382968135104
5125,0.0019017855299061403
5126,1.5460412571952982e-05
5127,2.1193049395162336e-05
5128,6.161424924393804e-06
5129,6.161424924393804e-06
5130,6.161424924393804e-06
5131,6.161424924393804e-06
5132,6.161424924393804e-06
5133,2.3853149534582234e-06
5134,0.002815987766911156
5135,0.0010472202187166591
5136,9.2946307771862e-05
5137,4.672701500076548e-06
5138,1.685555500902307e-05
5139,4.997706604279915e-07
5140,1.9858910711910783e-05
5141,2.790620657581447e-05
5142,4.4248782919332854e-05
5143,8.909516384102029e-05
5144,6.642357803932308e-05
5145,7.858265626847746e-05
5146,1.2640824195738762e-05
5147,6.505961072457074e-06
5148,6.161424924393804e-06
5149,6.161424924393804e-06
5150,6.161424924393804e-06
5151,6.161424924393804e-06
5152,6.161424924393804e-06
5153,5.963751082287935e-06
5154,2.400998872835676e-06
5155,0.0010983719744935522
5156,0.00023441278013113087
5157,5.64828792262604e-05
5158,2.7566740749906848e-05
5159,0.0
5160,1.4244126620885998e-05
5161,2.790620657581447e-05
5162,1.918948718189793e-05
5163,1.7708088214004854e-05
5164,1.3463929163737236e-05
5165,1.3463929163737236e-05
5166,1.3164919353275047e-05
5167,6.433208635960258e-06
5168,6.403455135673133e-06
5169,6.161424924393804e-06
5170,6.161424924393804e-06
5171,6.161424924393804e-06
5172,6.161424924393804e-06
5173,6.161424924393804e-06
5174,4.643968420939604e-06
5175,0.0011572449043786872
5176,0.00029399586656285383
5177,1.7632805266549476e-05
5178,3.5514050730906446e-07
5179,5.603083698656366e-06
5180,2.7544339695597568e-05
5181,1.3928820898840629e-05
5182,1.3463929163737236e-05
5183,1.2756625996798002e-05
5184,1.3463929163737236e-05
5185,1.3431260947552306e-05
5186,9.454139347974479e-06
5187,1.1610031908915425e-05
5188,7.572209276612994e-06
5189,7.727469228346322e-06
5190,6.161424924393804e-06
5191,6.161424924393804e-06
5192,6.161424924393804e-06
5193,4.024606680455817e-06
5194,8.375196425348236e-08
5195,8.87755175744172e-06
5196,0.00019603715258680464
5197,0.0001482328686643396
5198,2.2409813848608658e-05
5199,2.559272023584869e-05
5200,3.082309505396478e-05
5201,1.8906824634464038e-05
5202,1.2422921171558768e-05
5203,1.1713865892818318e-05
5204,1.2527373987838574e-05
5205,1.2237447900466548e-05
5206,1.19907149774664e-05
5207,1.1713865892818318e-05
5208,1.1713865892818318e-05
5209,1.1713865892818318e-05
5210,9.390602249286999e-06
5211,7.316649256919314e-06
5212,4.565073586104531e-06
5213,1.9065294567574827e-06
5214,1.2192768941674385e-06
5215,1.596452115417301e-06
5216,0.00010804207518080294
5217,0.0002949056059417895
5218,0.00012067873042844861
5219,3.893526933063095e-05
5220,3.777133588567484e-05
5221,3.6252543501119155e-05
5222,1.1713865892818318e-05
5223,1.1713865892818318e-05
5224,1.1713865892818318e-05
5225,1.1713865892818318e-05
5226,1.1713865892818318e-05
5227,1.0976366146037803e-05
5228,1.1713865892818318e-05
5229,1.1713865892818318e-05
5230,1.1713865892818318e-05
5231,9.566794437460835e-06
5232,4.2126149832845225e-06
5233,4.557265984313785e-06
5234,4.557265984313785e-06
5235,4.419081784987492e-06
5236,3.9814382449843633e-05
5237,0.00016272984072689126
5238,0.0036622622871143587
5239,5.048961439512223e-05
5240,3.899303234542607e-05
5241,4.0882503011064285e-05
5242,2.317891222853049e-05
5243,1.1713865892818318e-05
5244,1.1713865892818318e-05
5245,1.1735460713628655e-05
5246,1.163065214418688e-05
5247,7.421274936906476e-06
5248,9.142181456341924e-06
5249,8.18073635105518e-06
5250,1.1215614914488979e-05
5251,4.571725215926634e-06
5252,4.557265984313785e-06
5253,4.557265984313785e-06
5254,4.557265984313785e-06
5255,4.557265984313785e-06
5256,2.963037582885136e-06
5257,1.0652947985722273e-06
5258,1.5282567767515837e-05
5259,0.00011112321439054592
5260,0.0001166014883045724
5261,3.103712785017488e-05
5262,0.00033696813005683226
5263,4.0882503011064285e-05
5264,4.0381681631331916e-05
5265,3.084690403904506e-05
5266,1.197778022426461e-05
5267,2.235297421223621e-05
5268,1.7532841425210483e-05
5269,7.984530134828651e-06
5270,7.124305210376409e-06
5271,7.124305210376409e-06
5272,6.7241167256072245e-06
5273,5.040660274456034e-06
5274,4.557265984313785e-06
5275,4.557265984313785e-06
5276,4.557265984313785e-06
5277,4.557265984313785e-06
5278,4.557265984313785e-06
5279,4.162008543888511e-06
5280,4.4398873825680554e-07
5281,0.0004149028221692366
5282,0.00016162566426040467
5283,0.00015190538553701608
5284,3.910638657017069e-05
5285,4.0882503011064285e-05
5286,4.4666686338230914e-05
5287,5.736766517895695e-05
5288,2.873158960966989e-05
5289,2.3586624830577195e-05
5290,2.341450371974263e-05
5291,0.0005668801519054136
5292,7.124305210376409e-06
5293,7.124305210376409e-06
5294,7.124305210376409e-06
5295,6.5098339504350594e-06
5296,4.557265984313785e-06
5297,4.557265984313785e-06
5298,4.557265984313785e-06
5299,4.557265984313785e-06
5300,4.557265984313785e-06
5301,4.557265984313785e-06
5302,3.998069640747815e-06
5303,3.977829405083688e-06
5304,1.3792861959330773e-05
5305,0.0004314367733644816
5306,3.772467857916782e-05
5307,4.043075368596086e-05
5308,7.253257209655754e-05
5309,5.492580313511817e-05
5310,0.00038353431141604176
5311,5.6240661744355856e-05
5312,3.7503475125615246e-05
5313,3.2464922616352626e-05
5314,2.3532463842135675e-05
5315,7.483145511497203e-06
5316,7.124305210376409e-06
5317,7.124305210376409e-06
5318,7.147219283911514e-06
5319,5.011470437606649e-06
5320,4.557265984313785e-06
5321,4.557265984313785e-06
5322,4.557265984313785e-06
5323,4.557265984313785e-06
5324,9.405429937717766e-06
5325,6.401500215922176e-06
5326,1.0741954212253767e-05
5327,2.3558214640514794e-05
5328,4.74900179422249e-05
5329,5.718501242641166e-05
5330,5.857188290573433e-05
5331,8.267714296782411e-05
5332,0.00029277599643039924
5333,0.009640535863442436
5334,0.0010474051218204797
5335,5.509154689155134e-05
5336,2.393001247771467e-05
5337,0.00022072123883013723
5338,1.693120529653107e-05
5339,1.38627114332647e-05
5340,7.124305210376409e-06
5341,7.262930124171675e-06
5342,7.191710076497277e-06
5343,7.220113253706035e-06
5344,4.906116002653156e-06
5345,5.825408142959468e-06
5346,8.699665534441298e-06
5347,1.1288238671033726e-05
5348,1.1288238671033726e-05
5349,1.1288238671033726e-05
5350,2.8389825016387126e-06
5351,2.50132288638928e-05
5352,7.310178146905254e-05
5353,6.475661093328961e-05
5354,5.699493170495151e-05
5355,8.318107623523673e-05
5356,0.00017127443258794906
5357,0.0014084775859947566
5358,0.003966171150301525
5359,0.0002864487178053347
5360,3.6961747908810723e-05
5361,6.42758007830358e-05
5362,0.000107107551281365
5363,2.3901617951066426e-05
5364,1.2457499735619452e-05
5365,7.479923634114979e-06
5366,7.480477713489883e-06
5367,7.480477713489883e-06
5368,7.480477713489883e-06
5369,7.474275371703027e-06
5370,9.220735443465855e-06
5371,1.1288238671033726e-05
5372,1.1288238671033726e-05
5373,1.1288238671033726e-05
5374,7.076456551057416e-06
5375,1.1887467731424372e-05
5376,5.6328256672146204e-05
5377,9.32022353068099e-05
5378,8.199109757309565e-05
5379,0.00010434001500362522
5380,8.990431323284575e-05
5381,0.00031142340246509295
5382,0.0001513777136685185
5383,6.421826187930554e-05
5384,0.0005474441513206251
5385,1.9958939467532693e-05
5386,2.656442579521427e-05
5387,3.599200278586957e-05
5388,2.95842387407244e-05
5389,0.0002305055458836115
5390,7.519856892521544e-06
5391,1.0959349276194467e-05
5392,7.480477713489883e-06
5393,7.5128626417058664e-06
5394,1.0322488893183929e-05
5395,1.1288238671033726e-05
5396,1.1288238671033726e-05
5397,1.1288238671033726e-05
5398,1.114395803819047e-05
5399,8.201024261251499e-06
5400,1.3754708322041324e-05
5401,2.2913648148857928e-05
5402,0.00013064301501558286
5403,0.00010785623442685204
5404,0.00010425193546035744
5405,0.001183508167149563
5406,0.0020289810544179996
5407,6.411579549760093e-05
5408,4.9655861190623355e-05
5409,3.0241370523211377e-05
5410,1.2087192900646104e-05
5411,3.502469806609728e-05
5412,3.7823213682357555e-05
5413,3.7823213682357555e-05
5414,0.0009776823107445556
5415,2.9276838413421092e-05
5416,1.7459056130488102e-05
5417,7.480477713489883e-06
5418,7.641097658405761e-06
5419,1.1174188353035258e-05
5420,1.1288238671033726e-05
5421,1.1288238671033726e-05
5422,1.1288238671033726e-05
5423,1.1288238671033726e-05
5424,1.3390678917632083e-05
5425,1.1670956570689428e-05
5426,7.679938407852202e-06
5427,2.0518961674486215e-05
5428,2.2913648148857928e-05
5429,2.683362040198754e-05
5430,0.0004099828960192855
5431,5.711501585750057e-05
5432,8.902709333563662e-05
5433,5.054131074307204e-05
5434,5.628204354146241e-05
5435,1.3174879471991835e-05
5436,1.2087192900646104e-05
5437,1.2087192900646104e-05
5438,1.6843625836681508e-05
5439,1.960632181587873e-05
5440,3.2443373596911614e-05
5441,2.696885924327951e-05
5442,2.696885924327951e-05
5443,2.654325824734436e-05
5444,8.124639499460238e-06
5445,1.0441544366554106e-05
5446,1.0929896700128863e-05
5447,1.1288238671033726e-05
5448,1.1288238671033726e-05
5449,1.1288238671033726e-05
5450,1.1288238671033726e-05
5451,1.4445828136355626e-05
5452,2.0163644302150823e-05
5453,1.97726548126502e-05
5454,3.6467238849368354e-06
5455,2.6855402838237946e-05
5456,2.306539850045427e-05
5457,0.00010326264413100213
5458,3.6484892714593395e-05
5459,4.594950031252529e-05
5460,5.054131074307204e-05
5461,4.51556988722271e-05
5462,2.5239233105747534e-05
5463,1.3008280339057821e-05
5464,1.2403689912520549e-05
5465,1.2087192900646104e-05
5466,1.2087192900646104e-05
5467,1.2087192900646104e-05
5468,2.2198004498972348e-05
5469,2.6097543397600508e-05
5470,2.696885924327951e-05
5471,2.696885924327951e-05
5472,2.5064976259633334e-05
5473,2.0321010084059507e-05
5474,1.148313884510339e-05
5475,1.1288238671033726e-05
5476,1.1288238671033726e-05
5477,1.1716533014082203e-05
5478,1.1531980576437457e-05
5479,1.9899248206252335e-05
5480,2.034475271858534e-05
5481,2.034475271858534e-05
5482,5.0961623570972395e-06
5483,6.6397818296579265e-06
5484,2.1238913890411754e-05
5485,3.244393887905755e-05
5486,3.2928694333022644e-05
5487,0.0002898216772080686
5488,0.0007871652855607824
5489,3.332478488519546e-05
5490,5.03071089007156e-05
5491,2.480783523948896e-05
5492,1.3008280339057821e-05
5493,1.3008280339057821e-05
5494,1.2908665499606995e-05
5495,1.2388018452449245e-05
5496,1.2087192900646104e-05
5497,1.2087192900646104e-05
5498,1.2347148509020774e-05
5499,1.9581279686705996e-05
5500,2.693073188942878e-05
5501,2.405276695065763e-05
5502,2.3221002676525712e-05
5503,2.0915705788782062e-05
5504,1.9811126116214437e-05
5505,1.5996317633359977e-05
5506,1.1288238671033726e-05
5507,0.000692215884042393
5508,1.9021837445439176e-05
5509,2.034475271858534e-05
5510,2.034475271858534e-05
5511,2.034475271858534e-05
5512,8.999451052060117e-06
5513,3.9471810226256674e-05
5514,3.672119687702834e-05
5515,3.903529591427847e-05
5516,3.252385159660837e-05
5517,3.300631616080652e-05
5518,2.6621016877637903e-05
5519,1.3368104197054013e-05
5520,2.562208133936291e-05
5521,1.3356978035217208e-05
5522,1.3008280339057821e-05
5523,1.3008280339057821e-05
5524,1.3008280339057821e-05
5525,1.2710596979663913e-05
5526,1.2087192900646104e-05
5527,1.2087192900646104e-05
5528,1.2087192900646104e-05
5529,1.2675333408582367e-05
5530,2.1563585458672814e-05
5531,2.0915705788782062e-05
5532,2.0915705788782062e-05
5533,2.0915705788782062e-05
5534,2.0915705788782062e-05
5535,2.0915705788782062e-05
5536,0.0002612682019750188
5537,0.0002635448632700359
5538,2.040561931840693e-05
5539,2.034475271858534e-05
5540,2.034475271858534e-05
5541,2.034475271858534e-05
5542,1.7750483309861267e-05
5543,4.317164261788601e-06
5544,0.0010456943721948375
5545,0.0011502629156299534
5546,0.0008491977550196555
5547,4.750886962680327e-05
5548,4.750886962680327e-05
5549,3.690400937068477e-05
5550,2.8896116379506654e-05
5551,2.5489541542026096e-05
5552,1.3361621498883224e-05
5553,1.3361621498883224e-05
5554,1.3361621498883224e-05
5555,1.3128054141238058e-05
5556,1.3008280339057821e-05
5557,1.3008280339057821e-05
5558,1.3008280339057821e-05
5559,1.2352810517298947e-05
5560,1.2941615000553405e-05
5561,1.2584546433931913e-05
5562,1.2525489008115638e-05
5563,1.9628565036723457e-05
5564,2.0915705788782062e-05
5565,2.0915705788782062e-05
5566,2.0915705788782062e-05
5567,2.0915705788782062e-05
5568,2.0915705788782062e-05
5569,1.9040598124216294e-05
5570,1.1963892859571366e-05
5571,0.00021258372336918068
5572,2.034475271858534e-05
5573,2.034475271858534e-05
5574,2.034475271858534e-05
5575,2.034475271858534e-05
5576,1.8641643109653686e-05
5577,7.995976635591027e-05
5578,0.004904493299175455
5579,0.0006404508770022401
5580,4.750886962680327e-05
5581,3.4474036271741045e-05
5582,3.050974492346962e-05
5583,1.2796803944087572e-05
5584,1.3364256146597168e-05
5585,1.3361621498883224e-05
5586,1.3361621498883224e-05
5587,1.3361621498883224e-05
5588,1.3293925068200235e-05
5589,9.53244677847359e-06
5590,1.3008280339057821e-05
5591,1.3008280339057821e-05
5592,1.3008280339057821e-05
5593,1.2737219252624798e-05
5594,1.3008280339057821e-05
5595,7.159630207717875e-06
5596,1.731775691740592e-05
5597,2.0915705788782062e-05
5598,2.0915705788782062e-05
5599,2.043969241541794e-05
5600,2.0915705788782062e-05
5601,1.4744926510610305e-05
5602,1.2231290449500612e-05
5603,1.1963892859571366e-05
5604,1.6082346169104926e-05
5605,2.4584782645053566e-05
5606,2.0638387279729402e-05
5607,2.2557014930193754e-05
5608,2.650973965640041e-05
5609,2.882745264897201e-05
5610,4.7596930304271975e-06
5611,2.78787975439313e-06
5612,4.72154666279556e-05
5613,1.609234422028692e-05
5614,5.49280132588291e-05
5615,4.853374188026949e-05
5616,3.627801123338502e-05
5617,0.0001102698448770531
5618,4.212932942409961e-06
5619,1.9771176254500528e-05
5620,4.212932942409961e-06
5621,5.323980881045656e-06
5622,4.212932942409961e-06
5623,1.1231893254444704e-05
5624,1.1262231827880679e-05
5625,1.3361621498883224e-05
5626,1.3361621498883224e-05
5627,1.3361621498883224e-05
5628,1.1976073959749971e-05
5629,8.517633580812838e-06
5630,1.0387056700410738e-05
5631,1.2962233592569884e-05
5632,5.8734488817744305e-06
5633,7.410036259592283e-06
5634,4.618211803113834e-06
5635,1.1481088270412664e-05
5636,1.6322974015124537e-05
5637,1.6295935723632532e-05
5638,1.2032788969998668e-05
5639,1.4498910580441469e-05
5640,1.1963892859571366e-05
5641,1.1963892859571366e-05
5642,1.8472088700254466e-05
5643,1.9756581661783238e-05
5644,2.6939036482694877e-05
5645,2.5148307500624285e-05
5646,2.755572613801042e-05
5647,2.882745264897201e-05
5648,2.882745264897201e-05
5649,1.199921226609365e-05
5650,8.77257737302295e-06
5651,9.190526604363404e-06
5652,5.197395609484695e-05
5653,4.808719193129596e-05
5654,1.280250955721326e-05
5655,2.7872634851949e-05
5656,1.289937390725642e-05
5657,5.047935849172249e-05
5658,4.212932942409961e-06
5659,4.212932942409961e-06
5660,4.212932942409961e-06
5661,4.212932942409961e-06
5662,4.212932942409961e-06
5663,4.212932942409961e-06
5664,4.212932942409961e-06
5665,4.212932942409961e-06
5666,5.374097479750144e-06
5667,1.113953014723401e-05
5668,5.954941770331345e-06
5669,1.3014901587221797e-05
5670,5.047948227142031e-06
5671,4.62125836684911e-06
5672,4.618211803113834e-06
5673,5.349910939951808e-06
5674,4.618211803113834e-06
5675,4.618211803113834e-06
5676,4.618211803113834e-06
5677,5.1845534586360335e-06
5678,1.0546577452189956e-05
5679,1.1962877376995451e-05
5680,1.1446431855416147e-05
5681,1.190088296329148e-05
5682,1.1963892859571366e-05
5683,1.55417900058589e-05
5684,1.921529250054852e-05
5685,2.6939036482694877e-05
5686,2.4660548921324574e-05
5687,2.6939036482694877e-05
5688,2.6939036482694877e-05
5689,2.8492927275669827e-05
5690,3.3927396313943227e-05
5691,1.9729265434962157e-05
5692,0.0002880938708567052
5693,5.0362988572803604e-05
5694,7.34284710249833e-06
5695,1.5997852169191274e-05
5696,3.559084665386926e-06
5697,3.559084665386926e-06
5698,3.559084665386926e-06
5699,3.925813438194829e-06
5700,4.203684058902688e-06
5701,4.212932942409961e-06
5702,4.212932942409961e-06
5703,4.212932942409961e-06
5704,4.212932942409961e-06
5705,4.212932942409961e-06
5706,4.212932942409961e-06
5707,4.212932942409961e-06
5708,4.212932942409961e-06
5709,4.587363266076206e-06
5710,4.618211803113834e-06
5711,4.8284676838426235e-06
5712,4.618211803113834e-06
5713,4.618211803113834e-06
5714,0.00011969724120982748
5715,4.618211803113834e-06
5716,4.618211803113834e-06
5717,4.618211803113834e-06
5718,4.618211803113834e-06
5719,4.618211803113834e-06
5720,8.507214640283593e-06
5721,1.1442002068382988e-05
5722,1.1241074210049718e-05
5723,1.1641269869080864e-05
5724,1.1598320054183115e-05
5725,1.1592157082386737e-05
5726,1.1241074210049718e-05
5727,1.40503410491143e-05
5728,1.204423668218695e-05
5729,2.6939036482694877e-05
5730,0.0002726239966315512
5731,0.000846092604735589
5732,0.0015181698292940221
5733,2.882745264897201e-05
5734,1.5421325355698628e-05
5735,4.96257327350919e-06
5736,3.128460190400376e-05
5737,1.770009220633899e-05
5738,3.149444624179471e-05
5739,3.559084665386926e-06
5740,3.559084665386926e-06
5741,3.559084665386926e-06
5742,3.559084665386926e-06
5743,3.559084665386926e-06
5744,3.62470609009865e-06
5745,3.860269058784552e-06
5746,4.212932942409961e-06
5747,4.212932942409961e-06
5748,4.212932942409961e-06
5749,4.212932942409961e-06
5750,4.212932942409961e-06
5751,4.212932942409961e-06
5752,4.212932942409961e-06
5753,4.2413921416563564e-06
5754,4.482123888373556e-06
5755,4.618211803113834e-06
5756,4.618211803113834e-06
5757,4.618211803113834e-06
5758,0.00015386802077138376
5759,9.872137043595537e-05
5760,4.618211803113834e-06
5761,4.618211803113834e-06
5762,4.618211803113834e-06
5763,4.618211803113834e-06
5764,4.618211803113834e-06
5765,8.757806636650845e-06
5766,1.1241074210049718e-05
5767,1.1241074210049718e-05
5768,1.12424073436552e-05
5769,1.1241074210049718e-05
5770,1.1241074210049718e-05
5771,1.1241074210049718e-05
5772,1.1264452308143404e-05
5773,1.1362265738624963e-05
5774,9.843100669072625e-05
5775,0.0038178827936064773
5776,0.006912917477877986
5777,0.0006345697736719039
5778,0.00017968964271398123
5779,9.588607962633371e-05
5780,3.400462067880532e-05
5781,5.981189170743085e-06
5782,3.559084665386926e-06
5783,3.559084665386926e-06
5784,3.559084665386926e-06
5785,3.559084665386926e-06
5786,3.559084665386926e-06
5787,3.559084665386926e-06
5788,3.559084665386926e-06
5789,3.775235031047579e-06
5790,4.212932942409961e-06
5791,4.212932942409961e-06
5792,4.212932942409961e-06
5793,4.153913623285108e-06
5794,4.05270121001698e-06
5795,3.646470347394329e-06
5796,4.212932942409961e-06
5797,4.197495184879326e-06
5798,4.591815725516034e-06
5799,4.618211803113834e-06
5800,4.618211803113834e-06
5801,4.611917241388969e-06
5802,4.618211803113834e-06
5803,4.618211803113834e-06
5804,4.618211803113834e-06
5805,4.618211803113834e-06
5806,4.618211803113834e-06
5807,4.618211803113834e-06
5808,4.618211803113834e-06
5809,8.554364482509778e-06
5810,1.1241074210049718e-05
5811,1.1241074210049718e-05
5812,1.1241074210049718e-05
5813,1.1269438213462018e-05
5814,1.1242949141349981e-05
5815,1.140890088941884e-05
5816,1.1429649404094447e-05
5817,1.1451053472798452e-05
5818,0.00014673518912449753
5819,0.0002048386012718282
5820,0.00040144645083992325
5821,0.0004943907482810282
5822,4.7772494862839274e-05
5823,7.030368254212689e-06
5824,0.000186529210815286
5825,0.0018783563117541705
5826,5.082012779137041e-05
5827,1.1004938925016194e-05
5828,1.0154973548708178e-05
5829,3.559084665386926e-06
5830,3.559084665386926e-06
5831,3.559084665386926e-06
5832,3.559084665386926e-06
5833,3.559084665386926e-06
5834,3.559084665386926e-06
5835,3.559084665386926e-06
5836,3.6683638313736386e-06
5837,4.212932942409961e-06
5838,4.212932942409961e-06
5839,4.212932942409961e-06
5840,3.758865952254767e-06
5841,3.203408304394191e-06
5842,3.2031649335204927e-06
5843,3.5644453392688935e-06
5844,3.7245100543272655e-06
5845,4.529919717912745e-06
5846,4.079946377635425e-06
5847,4.618211803113834e-06
5848,3.5672924073935677e-06
5849,4.347204505459486e-06
5850,4.27849237718605e-06
5851,4.618211803113834e-06
5852,4.618211803113834e-06
5853,4.618211803113834e-06
5854,4.618211803113834e-06
5855,4.477651457331505e-06
5856,3.2258025451468682e-06
5857,1.1137817016482352e-05
5858,1.074355489407902e-05
5859,1.127254710708834e-05
5860,1.1451053472798452e-05
5861,1.1416141644901392e-05
5862,1.1451053472798452e-05
5863,1.1451053472798452e-05
5864,1.1451053472798452e-05
5865,2.1551466912252437e-05
5866,9.20222474255843e-05
5867,0.004749543225414168
5868,0.005296658777058193
5869,2.764375840855507e-05
5870,2.5814410936251248e-05
5871,9.321432452720675e-05
5872,9.400547661345121e-05
5873,8.32376881834354e-05
5874,0.0003180344000684031
5875,1.2678645411120679e-05
5876,1.1004938925016194e-05
5877,1.1004938925016194e-05
5878,9.199454213549237e-06
5879,8.449852798689193e-06
5880,3.5674621866444747e-06
5881,3.722239730225181e-06
5882,3.559084665386926e-06
5883,3.559084665386926e-06
5884,3.559084665386926e-06
5885,3.804167630909955e-06
5886,4.207653936575425e-06
5887,3.746059965279833e-06
5888,3.8680526648895765e-06
5889,3.2031649335204927e-06
5890,3.2031649335204927e-06
5891,3.2031649335204927e-06
5892,3.2031649335204927e-06
5893,3.2031649335204927e-06
5894,3.2850579805557715e-06
5895,3.2031649335204927e-06
5896,3.6231393000406838e-06
5897,0.0001397087336143436
5898,3.2073907918865667e-06
5899,3.2031649335204927e-06
5900,3.927899593952298e-06
5901,4.6181657302012255e-06
5902,4.618211803113834e-06
5903,4.618211803113834e-06
5904,4.618211803113834e-06
5905,6.202324692423984e-07
5906,1.3478295539814382e-06
5907,3.060992442126271e-06
5908,1.0827159053249219e-05
5909,1.1451053472798452e-05
5910,1.1451053472798452e-05
5911,1.1451053472798452e-05
5912,1.1451053472798452e-05
5913,7.223715880535812e-06
5914,5.3165176082723967e-05
5915,7.459071850432632e-05
5916,0.0009396131891279192
5917,0.0003018943631482787
5918,2.2040592828553838e-05
5919,3.0801833569031324e-05
5920,3.0801833569031324e-05
5921,7.313261165790238e-05
5922,9.026362370184912e-05
5923,5.26711739087397e-05
5924,1.9842815811776624e-05
5925,1.4214005668447452e-05
5926,1.1251792091021914e-05
5927,1.3702155853868545e-05
5928,1.1689932252181667e-05
5929,1.3688089240993452e-05
5930,1.245855157888679e-05
5931,6.448550357595639e-06
5932,3.559084665386926e-06
5933,3.559084665386926e-06
5934,3.6149148341244293e-06
5935,4.212932942409961e-06
5936,4.0445704386463e-06
5937,3.2031649335204927e-06
5938,3.2534972578051564e-06
5939,3.2031649335204927e-06
5940,3.2031649335204927e-06
5941,5.328737295873411e-06
5942,3.2031649335204927e-06
5943,2.6679029695979494e-05
5944,3.2031649335204927e-06
5945,3.2031649335204927e-06
5946,4.059977620740945e-06
5947,2.8585471996461113e-05
5948,3.2031649335204927e-06
5949,3.2031649335204927e-06
5950,3.4254694143507935e-06
5951,4.403911796372016e-06
5952,4.618211803113834e-06
5953,4.618211803113834e-06
5954,3.794411089221245e-06
5955,2.1233091301852167e-07
5956,2.1233091301852167e-07
5957,2.6984268846976294e-06
5958,1.1451053472798452e-05
5959,1.1451053472798452e-05
5960,1.1451053472798452e-05
5961,6.679490206046479e-06
5962,6.478000511514809e-06
5963,5.130500994195921e-06
5964,4.8468688248387736e-05
5965,7.441895208786142e-05
5966,0.00027268607272865926
5967,1.7526194971644096e-05
5968,1.1110474365978256e-06
5969,3.4327693171339316e-05
5970,3.1634025132779e-05
5971,3.0801833569031324e-05
5972,3.7799314439805365e-05
5973,4.8550909713985106e-05
5974,5.447985329040028e-05
5975,4.892016409978233e-05
5976,0.0004386071900581104
5977,2.9162868078043814e-05
5978,1.525323432901439e-05
5979,1.3313439158161833e-05
5980,1.430701120643188e-05
5981,1.422482322024374e-05
5982,1.4354893350121138e-05
5983,5.992457575395283e-06
5984,3.642255465764017e-06
5985,4.1469861521382e-06
5986,3.973114242645515e-06
5987,4.212932942409961e-06
5988,3.932086853741237e-06
5989,3.2031649335204927e-06
5990,3.2031649335204927e-06
5991,3.2031649335204927e-06
5992,0.00021699376571768103
5993,3.2031649335204927e-06
5994,0.0002107875415150221
5995,3.0652704085119835e-05
5996,3.2031649335204927e-06
5997,3.2031649335204927e-06
5998,3.2031649335204927e-06
5999,3.2031649335204927e-06
6000,3.2031649335204927e-06
6001,3.2031649335204927e-06
6002,3.231102858611729e-06
6003,3.2031649335204927e-06
6004,3.6662458947088204e-06
6005,3.302138465437589e-06
6006,2.20245802831168e-06
6007,2.1233091301852167e-07
6008,2.1233091301852167e-07
6009,5.161454471200908e-06
6010,1.08388209076349e-05
6011,8.932268401035413e-06
6012,7.785286351365468e-06
6013,5.130500994195921e-06
6014,5.130500994195921e-06
6015,5.130500994195921e-06
6016,1.9096840832949133e-05
6017,3.386233745614276e-05
6018,9.763090075590476e-05
6019,8.764742709004152e-06
6020,2.0076097102509158e-05
6021,3.448377717151787e-05
6022,3.394530885847846e-05
6023,3.230071019573348e-05
6024,3.6791678051370605e-05
6025,4.642447649915093e-05
6026,4.5544411042933316e-05
6027,4.532908104569165e-05
6028,0.00015306216951106952
6029,3.951549298636711e-05
6030,3.3666630392468565e-05
6031,4.434910578941955e-06
6032,8.393762596690164e-06
6033,4.807103219846512e-06
6034,8.699929685896595e-06
6035,4.434910578941955e-06
6036,4.434910578941955e-06
6037,4.371542936073539e-06
6038,4.282356481523967e-06
6039,4.212020537485639e-06
6040,3.5694039403082314e-06
6041,3.2031649335204927e-06
6042,3.2031649335204927e-06
6043,3.2031649335204927e-06
6044,3.2031649335204927e-06
6045,3.2031649335204927e-06
6046,3.2031649335204927e-06
6047,3.2031649335204927e-06
6048,3.2031649335204927e-06
6049,3.2031649335204927e-06
6050,3.2031649335204927e-06
6051,3.2031649335204927e-06
6052,3.2031649335204927e-06
6053,3.1101479696977492e-06
6054,3.2031649335204927e-06
6055,3.2031649335204927e-06
6056,3.927640079719119e-06
6057,4.618211803113834e-06
6058,1.7408919672512748e-06
6059,2.1233091301852167e-07
6060,3.41149876044737e-07
6061,6.3904557459703964e-06
6062,1.1451053472798452e-05
6063,6.762202782985119e-06
6064,5.130500994195921e-06
6065,5.130500994195921e-06
6066,5.130500994195921e-06
6067,5.130500994195921e-06
6068,5.8760516977646615e-06
6069,5.727250469658915e-06
6070,3.2728306599661494e-05
6071,5.130500994195921e-06
6072,1.3725387297543224e-06
6073,9.238766187221683e-07
6074,2.8481557900705723e-05
6075,3.448377717151787e-05
6076,3.448377717151787e-05
6077,3.4847104823052745e-05
6078,3.4922420963664543e-05
6079,5.2399655300540764e-05
6080,4.532908104569165e-05
6081,4.59300892451602e-05
6082,0.0011296050804032506
6083,3.951549298636711e-05
6084,2.6709898626765883e-05
6085,4.434910578941955e-06
6086,4.434910578941955e-06
6087,4.434910578941955e-06
6088,4.434910578941955e-06
6089,4.434910578941955e-06
6090,4.349423953239279e-06
6091,2.644222041148284e-06
6092,4.20879125486599e-06
6093,3.5379121886809757e-06
6094,3.365676418462167e-06
6095,3.2031649335204927e-06
6096,3.2031649335204927e-06
6097,3.2031649335204927e-06
6098,3.2031649335204927e-06
6099,4.1420749430996805e-06
6100,3.2323875973965312e-06
6101,3.589588496964103e-06
6102,3.2031649335204927e-06
6103,3.1687609730718985e-06
6104,2.6039920413087242e-06
6105,1.0321291571212005e-06
6106,2.286651992366935e-06
6107,8.89641395880754e-07
6108,3.773039560598761e-06
6109,4.092433502518396e-06
6110,4.070823299280404e-06
6111,4.580061822628497e-06
6112,1.4029650669829926e-06
6113,2.1233091301852167e-07
6114,2.1233091301852167e-07
6115,3.38808350617721e-06
6116,9.769903605937236e-06
6117,5.149866366735705e-06
6118,5.130500994195921e-06
6119,5.130500994195921e-06
6120,5.130500994195921e-06
6121,5.130500994195921e-06
6122,5.130500994195921e-06
6123,5.130500994195921e-06
6124,5.130500994195921e-06
6125,5.130500994195921e-06
6126,5.102785127380741e-06
6127,2.559533900910535e-06
6128,1.2475984831273779e-05
6129,3.0076634013634566e-05
6130,3.448377717151787e-05
6131,3.529794533496283e-05
6132,7.744222916215783e-05
6133,6.924657433321398e-05
6134,6.703422017352947e-05
6135,6.008848911286499e-05
6136,5.9984054691626425e-05
6137,4.037021764734721e-05
6138,2.988100089402819e-05
6139,2.155539648432453e-05
6140,4.434910578941955e-06
6141,4.434910578941955e-06
6142,4.434910578941955e-06
6143,4.434910578941955e-06
6144,4.282449450871145e-06
6145,2.0117471532694344e-06
6146,1.2699129419237038e-06
6147,3.479390008732637e-06
6148,3.1441530372497867e-06
6149,3.2031649335204927e-06
6150,3.2031649335204927e-06
6151,3.2031649335204927e-06
6152,3.2503642852634016e-06
6153,4.349338505819526e-06
6154,5.147349017628866e-06
6155,5.132964774595065e-06
6156,5.147349017628866e-06
6157,4.724077869774619e-06
6158,5.060019254318904e-06
6159,8.702527404320084e-07
6160,8.702527404320084e-07
6161,8.702527404320084e-07
6162,8.702527404320084e-07
6163,2.0935373675343e-06
6164,3.884639045848376e-06
6165,4.616208284425663e-06
6166,4.569429321742026e-06
6167,1.8159854951464641e-06
6168,6.739350808866953e-07
6169,2.9045679419173877e-06
6170,5.130500994195921e-06
6171,5.130500994195921e-06
6172,5.130500994195921e-06
6173,5.130500994195921e-06
6174,5.130500994195921e-06
6175,5.130500994195921e-06
6176,5.130500994195921e-06
6177,5.130500994195921e-06
6178,5.130500994195921e-06
6179,5.130500994195921e-06
6180,5.130500994195921e-06
6181,5.130500994195921e-06
6182,4.7283431244416695e-06
6183,1.260752221062592e-05
6184,7.36456201318285e-06
6185,9.97425134426019e-07
6186,1.6670696541547342e-05
6187,5.075401445968502e-05
6188,7.350286784788287e-05
6189,7.882339253646609e-05
6190,7.050101404654754e-05
6191,7.202507083603889e-05
6192,8.208199851086485e-05
6193,0.0002128126181505417
6194,3.9128340814451126e-05
6195,1.4796319760597277e-05
6196,1.7038975365839224e-05
6197,1.0733039698630746e-05
6198,5.095719047498905e-06
6199,4.434910578941955e-06
6200,4.434910578941955e-06
6201,2.7047163486451318e-06
6202,1.3116586114988778e-06
6203,1.223029510668506e-06
6204,1.2483831609972755e-06
6205,2.434825257223253e-06
6206,3.2319381993250816e-06
6207,4.264296403374363e-06
6208,3.551455953600082e-06
6209,4.389235339788242e-06
6210,5.050996869748269e-06
6211,5.147349017628866e-06
6212,5.147349017628866e-06
6213,5.147349017628866e-06
6214,5.147349017628866e-06
6215,5.147349017628866e-06
6216,2.7215378828890383e-06
6217,8.702527404320084e-07
6218,8.702527404320084e-07
6219,8.702527404320084e-07
6220,8.702527404320084e-07
6221,8.702527404320084e-07
6222,4.0742246958822596e-06
6223,2.026484901002712e-06
6224,1.4604546051924016e-06
6225,1.3681791627528756e-06
6226,5.130500994195921e-06
6227,3.7604325547300735e-06
6228,3.3597588126489565e-06
6229,4.0311479035717354e-06
6230,5.130500994195921e-06
6231,5.130500994195921e-06
6232,5.130500994195921e-06
6233,5.130500994195921e-06
6234,5.130500994195921e-06
6235,5.130500994195921e-06
6236,5.130500994195921e-06
6237,5.08215099038747e-06
6238,5.130500994195921e-06
6239,4.261538560587972e-06
6240,3.423498905465259e-06
6241,3.315423251809485e-06
6242,4.4316619890733184e-07
6243,3.68705032751433e-06
6244,1.674046561401213e-05
6245,1.1411636045951007e-06
6246,4.920543647024569e-06
6247,7.966851841820169e-05
6248,0.00041966862798480933
6249,7.02765235274908e-05
6250,0.00010505011408646809
6251,0.00030005102553532734
6252,0.0005145247257415858
6253,4.202847987717472e-05
6254,1.7748272476837625e-05
6255,1.4796319760597277e-05
6256,1.2634029166535547e-05
6257,1.0288841976898857e-05
6258,4.434910578941955e-06
6259,4.434910578941955e-06
6260,2.3725258957960883e-06
6261,1.223029510668506e-06
6262,1.223029510668506e-06
6263,1.223029510668506e-06
6264,1.2398398050983618e-06
6265,4.478904983192343e-06
6266,4.680857234604318e-06
6267,5.1473479844358936e-06
6268,5.147349017628866e-06
6269,5.147349017628866e-06
6270,5.147349017628866e-06
6271,5.147349017628866e-06
6272,5.147349017628866e-06
6273,5.147349017628866e-06
6274,5.147349017628866e-06
6275,4.546503168896628e-06
6276,1.8398667458591315e-06
6277,8.702527404320084e-07
6278,1.2376344896761602e-06
6279,8.702527404320084e-07
6280,2.5696508765260577e-06
6281,6.622483059867329e-07
6282,4.565389928525614e-07
6283,5.254931710862421e-07
6284,5.733684551281817e-07
6285,3.585959975650562e-06
6286,4.974351390214953e-07
6287,5.076744171940922e-07
6288,8.850475055201602e-07
6289,4.845110438109577e-06
6290,5.130500994195921e-06
6291,5.130500994195921e-06
6292,5.130500994195921e-06
6293,5.130500994195921e-06
6294,5.130500994195921e-06
6295,5.130500994195921e-06
6296,4.042505133276217e-06
6297,4.462203751696032e-06
6298,3.896906882593788e-06
6299,3.896906882593788e-06
6300,3.896906882593788e-06
6301,3.5968876656222874e-06
6302,3.896906882593788e-06
6303,1.275340197451454e-06
6304,2.12771108648434e-05
6305,1.1624965372297978e-05
6306,1.2142361768359572e-05
6307,1.2264615411356317e-05
6308,5.708159007266176e-06
6309,1.4518069724159296e-05
6310,1.0214786920981325e-06
6311,4.1172958013427145e-06
6312,0.0014506706617004991
6313,0.005483761601303737
6314,0.00029668149458277407
6315,0.0001591868121013643
6316,4.211272400386091e-05
6317,8.026517407432091e-05
6318,5.1476237974838e-05
6319,7.977303263147025e-06
6320,9.228057133845664e-06
6321,5.8925758868767554e-06
6322,5.249863493584268e-06
6323,4.385617414221195e-06
6324,1.5748566580781664e-06
6325,1.24405499182276e-06
6326,1.223029510668506e-06
6327,1.3805798741097556e-06
6328,1.8492903103857647e-06
6329,3.2859947877658374e-06
6330,5.020738277645066e-06
6331,5.147349017628866e-06
6332,5.147349017628866e-06
6333,5.147349017628866e-06
6334,5.147349017628866e-06
6335,5.147349017628866e-06
6336,5.147349017628866e-06
6337,5.147349017628866e-06
6338,6.227282516627905e-06
6339,8.196497100348026e-06
6340,5.1160556768352174e-06
6341,8.92114255524569e-06
6342,6.875259948443741e-06
6343,3.5352366318915243e-06
6344,1.1101043996521287e-06
6345,8.702527404320084e-07
6346,8.655587726909854e-07
6347,6.960610119696529e-07
6348,4.951039701169682e-07
6349,4.951039701169682e-07
6350,4.951039701169682e-07
6351,6.595533550658167e-07
6352,5.130500994195921e-06
6353,5.130500994195921e-06
6354,5.130500994195921e-06
6355,5.130500994195921e-06
6356,5.130500994195921e-06
6357,4.958328697664481e-06
6358,4.655897492780591e-06
6359,3.896906882593788e-06
6360,3.896906882593788e-06
6361,3.896906882593788e-06
6362,3.896906882593788e-06
6363,3.896906882593788e-06
6364,3.896906882593788e-06
6365,3.896906882593788e-06
6366,3.896906882593788e-06
6367,5.984606792693885e-06
6368,0.0009700065794237703
6369,1.9241456966228096e-05
6370,2.7559953218033757e-05
6371,2.8031068647706622e-05
6372,2.237535955389771e-05
6373,1.9439852605436778e-05
6374,1.9439852605436778e-05
6375,1.782511969921007e-05
6376,0.00254944660229088
6377,0.0015304488839783228
6378,0.0012059056901714776
6379,9.116250492104171e-05
6380,7.500442674387224e-05
6381,6.203563123442314e-05
6382,7.506808131992369e-06
6383,6.384010917095788e-06
6384,6.384010917095788e-06
6385,6.240032424065597e-06
6386,6.096526334393734e-06
6387,3.833392706555613e-06
6388,1.223029510668506e-06
6389,1.223029510668506e-06
6390,2.132506428387805e-06
6391,3.329915287545488e-06
6392,3.3898230305527598e-06
6393,3.5883347339468974e-06
6394,3.734878469635967e-06
6395,5.147349017628866e-06
6396,7.450991887770257e-06
6397,5.147349017628866e-06
6398,5.147349017628866e-06
6399,5.147349017628866e-06
6400,7.747479620976289e-06
6401,5.379345411342076e-06
6402,7.799649129832248e-06
6403,8.936825085833945e-06
6404,0.0007134597255652352
6405,6.839427878940183e-06
6406,6.183260359671741e-06
6407,1.8054340756413845e-06
6408,9.518679233894386e-07
6409,8.702527404320084e-07
6410,8.695788944094548e-07
6411,5.194700025749543e-07
6412,4.951039701169682e-07
6413,4.951039701169682e-07
6414,8.032917369202436e-07
6415,2.626994523650796e-06
6416,5.675415402152787e-07
6417,3.232656040994083e-06
6418,5.121997993060186e-06
6419,4.9482917376817375e-06
6420,3.896906882593788e-06
6421,3.897195029002732e-06
6422,3.896906882593788e-06
6423,3.896906882593788e-06
6424,3.896906882593788e-06
6425,3.896906882593788e-06
6426,3.896906882593788e-06
6427,3.896906882593788e-06
6428,3.900376770213759e-06
6429,3.899549096288852e-06
6430,4.252017041175812e-06
6431,4.629754462145083e-06
6432,4.38496232279489e-06
6433,1.3692486445428575e-05
6434,6.431390128386524e-06
6435,1.7202104558805555e-05
6436,1.8959064679999925e-05
6437,1.9439852605436778e-05
6438,9.39350522058589e-06
6439,8.910568478375185e-07
6440,0.00021108634048238307
6441,0.0006168251306316405
6442,3.4838212979438204e-05
6443,4.12520892890581e-06
6444,6.384010917095788e-06
6445,6.384010917095788e-06
6446,6.384010917095788e-06
6447,5.9018483816672655e-06
6448,3.792587046745696e-06
6449,1.3227617644226083e-06
6450,1.9911803622675974e-06
6451,3.3898230305527598e-06
6452,3.3898230305527598e-06
6453,3.3898230305527598e-06
6454,3.3898230305527598e-06
6455,4.348221080201811e-06
6456,7.365405565738329e-06
6457,1.3294030445180699e-05
6458,5.62317097308933e-06
6459,9.67817378924578e-06
6460,8.815397563547925e-06
6461,1.230235464666642e-05
6462,7.72938096393261e-06
6463,8.936825085833945e-06
6464,8.631705755514535e-06
6465,2.7085922339478204e-06
6466,3.220721900751175e-05
6467,8.892045423254778e-06
6468,6.501405082017741e-06
6469,3.1291859811652785e-06
6470,8.702527404320084e-07
6471,8.702527404320084e-07
6472,8.276295639240365e-07
6473,5.433366442111466e-07
6474,6.635684131216034e-07
6475,9.136423159573568e-07
6476,6.663707975638994e-07
6477,4.951039701169682e-07
6478,1.1785042070844949e-06
6479,3.818681529855047e-06
6480,4.797977558421403e-06
6481,3.896906882593788e-06
6482,3.896906882593788e-06
6483,3.896906882593788e-06
6484,3.896906882593788e-06
6485,3.896906882593788e-06
6486,3.896906882593788e-06
6487,3.896906882593788e-06
6488,3.896906882593788e-06
6489,4.015485122160471e-06
6490,4.306323136013782e-06
6491,4.38496232279489e-06
6492,4.38496232279489e-06
6493,4.38496232279489e-06
6494,4.38496232279489e-06
6495,4.38496232279489e-06
6496,1.023132978141121e-05
6497,6.205419634087671e-06
6498,1.1639396426380734e-05
6499,5.5829501074584855e-06
6500,1.802883900585444e-06
6501,6.341725010512723e-06
6502,6.384010917095788e-06
6503,6.384010917095788e-06
6504,6.310757567061678e-06
6505,4.603306771148526e-06
6506,4.0955868691128704e-06
6507,2.3899094826219205e-06
6508,3.3898230305527598e-06
6509,3.3898230305527598e-06
6510,3.3898230305527598e-06
6511,3.3898230305527598e-06
6512,6.017971401519404e-06
6513,1.0438750818487018e-05
6514,0.0004168365321640707
6515,2.2866155121763817e-05
6516,1.3577453136775565e-05
6517,1.3577453136775565e-05
6518,1.2475613377346456e-05
6519,9.080728020318036e-06
6520,8.936825085833945e-06
6521,8.289773998495848e-06
6522,2.0253516591824054e-06
6523,7.558441145602338e-07
6524,3.9607531382493193e-07
6525,8.083172487134761e-06
6526,5.371848431087031e-06
6527,8.702527404320084e-07
6528,8.702527404320084e-07
6529,8.656902261839508e-07
6530,8.640179377530907e-07
6531,8.820858822813927e-07
6532,9.136423159573568e-07
6533,7.866992114927528e-07
6534,6.021180527527535e-07
6535,4.951039701169682e-07
6536,4.964287263862119e-07
6537,4.370400433390485e-06
6538,3.896906882593788e-06
6539,3.896906882593788e-06
6540,3.896906882593788e-06
6541,3.896906882593788e-06
6542,3.896906882593788e-06
6543,3.896906882593788e-06
6544,3.896906882593788e-06
6545,3.9707349103649625e-06
6546,4.38496232279489e-06
6547,4.38496232279489e-06
6548,4.38496232279489e-06
6549,4.38496232279489e-06
6550,4.38496232279489e-06
6551,4.38496232279489e-06
6552,4.989072664547698e-06
6553,5.341473799760474e-06
6554,5.5829501074584855e-06
6555,5.5829501074584855e-06
6556,5.5829501074584855e-06
6557,2.7147737801422685e-06
6558,1.1904690141093883e-06
6559,3.683559072519853e-06
6560,6.384010917095788e-06
6561,6.384010917095788e-06
6562,6.384010917095788e-06
6563,3.948427050193921e-06
6564,3.2518172388126646e-06
6565,3.3898230305527598e-06
6566,3.3898230305527598e-06
6567,3.3898230305527598e-06
6568,3.3898230305527598e-06
6569,4.7940923581821544e-06
6570,0.00058235325709956
6571,1.3577453136775565e-05
6572,1.3577453136775565e-05
6573,1.3577453136775565e-05
6574,1.3577453136775565e-05
6575,1.266536733966505e-05
6576,8.936825085833945e-06
6577,8.936825085833945e-06
6578,8.936825085833945e-06
6579,7.215666772896894e-06
6580,0.0
6581,0.0
6582,1.615561396686571e-07
6583,3.939729574333565e-06
6584,1.3484942071675591e-06
6585,8.702527404320084e-07
6586,8.702527404320084e-07
6587,9.002936458339759e-07
6588,9.136423159573568e-07
6589,9.136423159573568e-07
6590,9.136423159573568e-07
6591,7.450594881881111e-07
6592,5.389090370429826e-07
6593,9.91613780234307e-07
6594,2.9751682940285775e-06
6595,3.896906882593788e-06
6596,3.896906882593788e-06
6597,3.896906882593788e-06
6598,3.896906882593788e-06
6599,2.9503907022589317e-06
6600,3.8900018729164795e-06
6601,2.6515193508983996e-06
6602,4.088352508543887e-06
6603,4.38496232279489e-06
6604,4.38496232279489e-06
6605,4.38496232279489e-06
6606,4.38496232279489e-06
6607,4.558823320547699e-06
6608,4.833987565735683e-06
6609,5.582430230514351e-06
6610,5.5829501074584855e-06
6611,5.5829501074584855e-06
6612,5.5829501074584855e-06
6613,5.5829501074584855e-06
6614,4.458903191346562e-06
6615,5.319771547843482e-07
6616,3.8372278083733037e-07
6617,6.2802053241168735e-06
6618,6.384010917095788e-06
6619,6.33632261370672e-06
6620,5.087530296978073e-06
6621,3.3898230305527598e-06
6622,3.3898230305527598e-06
6623,3.3898230305527598e-06
6624,3.3898230305527598e-06
6625,3.3898230305527598e-06
6626,3.3898230305527598e-06
6627,1.1542440771892467e-05
6628,1.2491488774354315e-05
6629,1.3577453136775565e-05
6630,9.633841216759426e-06
6631,1.1001007817786798e-05
6632,9.097607736582007e-06
6633,9.05890523734073e-06
6634,8.936825085833945e-06
6635,8.333964824717902e-06
6636,2.234442537596233e-06
6637,5.243947846725752e-07
6638,0.0
6639,0.0
6640,0.0
6641,1.2006201703766452e-05
6642,3.0148659349621915e-05
6643,1.3017891795352706e-05
6644,1.2443982707158096e-05
6645,9.136423159573568e-07
6646,9.136423159573568e-07
6647,9.136423159573568e-07
6648,9.136423159573568e-07
6649,8.822429773848203e-07
6650,2.506418939565408e-06
6651,4.185468662565068e-06
6652,3.904453764582102e-06
6653,3.896906882593788e-06
6654,3.896906882593788e-06
6655,3.896906882593788e-06
6656,3.8051539076583858e-06
6657,1.5647506065285134e-06
6658,3.0021034250285578e-06
6659,4.123715369534016e-06
6660,4.38496232279489e-06
6661,4.38496232279489e-06
6662,4.38496232279489e-06
6663,4.38496232279489e-06
6664,5.077578589784713e-06
6665,5.582758208427981e-06
6666,5.5829501074584855e-06
6667,5.5829501074584855e-06
6668,5.5829501074584855e-06
6669,5.5829501074584855e-06
6670,5.5829501074584855e-06
6671,6.6050001007419655e-06
6672,3.190519322151816e-05
6673,0.0009918309748757708
6674,5.631772603791315e-06
6675,5.8831177262448795e-06
6676,6.370695685988073e-06
6677,5.129826387536361e-06
6678,3.936941882994595e-06
6679,3.7776163863835213e-06
6680,3.3898230305527598e-06
6681,3.3898230305527598e-06
6682,3.3898230305527598e-06
6683,3.3898230305527598e-06
6684,5.793363126747933e-06
6685,3.630398596431442e-06
6686,5.50106291453147e-06
6687,3.3898230305527598e-06
6688,3.4041114368306074e-06
6689,6.130283769194736e-06
6690,8.936825085833945e-06
6691,8.936825085833945e-06
6692,6.643369789501407e-06
6693,8.698188598310178e-07
6694,0.0
6695,6.454369660098357e-06
6696,9.922352279335997e-07
6697,0.0003646603191400912
6698,0.0007302327587398601
6699,0.00013726700688029375
6700,4.0653769044876736e-05
6701,2.0434382961943527e-05
6702,6.774925871975528e-06
6703,9.136423159573568e-07
6704,9.136423159573568e-07
6705,9.136423159573568e-07
6706,9.136423159573568e-07
6707,2.890803892788338e-06
6708,4.262082743703396e-06
6709,4.192348561107738e-06
6710,3.896906882593788e-06
6711,3.941115076838766e-06
6712,3.917935775747113e-06
6713,4.111247185943075e-06
6714,3.6898635565252387e-06
6715,4.38496232279489e-06
6716,4.38496232279489e-06
6717,4.38496232279489e-06
6718,4.38496232279489e-06
6719,4.38496232279489e-06
6720,4.623915933810955e-06
6721,5.57949623296529e-06
6722,5.5829501074584855e-06
6723,5.5829501074584855e-06
6724,5.5829501074584855e-06
6725,5.5829501074584855e-06
6726,5.5829501074584855e-06
6727,2.4344231366427772e-05
6728,0.00011645488264151009
6729,0.0003585431690517779
6730,0.0038256717834864317
6731,0.001063424509040286
6732,3.291622139428091e-06
6733,4.2642326811872096e-06
6734,4.363518654468389e-06
6735,4.2642326811872096e-06
6736,4.310335164292156e-06
6737,5.235954294155584e-06
6738,3.3898230305527598e-06
6739,3.3898230305527598e-06
6740,3.3898230305527598e-06
6741,3.3898230305527598e-06
6742,3.3898230305527598e-06
6743,3.3898230305527598e-06
6744,3.3898230305527598e-06
6745,3.3898230305527598e-06
6746,3.3898230305527598e-06
6747,3.403345052289511e-06
6748,8.711424839455463e-06
6749,8.936825085833945e-06
6750,8.936825085833945e-06
6751,1.4311238797170705e-05
6752,6.394171929058552e-07
6753,4.411039300754367e-05
6754,6.40705471477366e-05
6755,0.00016025747720177483
6756,0.003582142965092211
6757,0.00021843105595186355
6758,2.328847624821058e-05
6759,2.0434382961943527e-05
6760,1.8918360329118655e-05
6761,9.66992483257443e-06
6762,9.136423159573568e-07
6763,9.136423159573568e-07
6764,9.136423159573568e-07
6765,1.961777475756343e-06
6766,4.280990036993405e-06
6767,4.280990036993405e-06
6768,4.22844993003895e-06
6769,4.280990036993405e-06
6770,4.275541479153794e-06
6771,4.280990036993405e-06
6772,4.232390333218006e-06
6773,4.371072821903627e-06
6774,4.38496232279489e-06
6775,5.013255786833881e-06
6776,4.869196268130824e-06
6777,4.887002021412032e-06
6778,4.566079500260452e-06
6779,5.5643477909577556e-06
6780,5.5829501074584855e-06
6781,5.5829501074584855e-06
6782,5.5829501074584855e-06
6783,5.5829501074584855e-06
6784,5.5829501074584855e-06
6785,5.587579419868139e-06
6786,8.244621953798313e-05
6787,0.00015845122429171933
6788,0.0014604233609036828
6789,1.1067684626322813e-05
6790,1.002049154850232e-05
6791,6.692954221533091e-06
6792,2.2896815817487063e-06
6793,4.2642326811872096e-06
6794,4.2642326811872096e-06
6795,4.2642326811872096e-06
6796,8.907697472186312e-06
6797,1.5796518413475694e-05
6798,1.1475634625962051e-05
6799,1.3692648517752836e-05
6800,3.6963210151703483e-06
6801,7.398262209747777e-06
6802,3.902518642865525e-06
6803,3.5296550716839414e-06
6804,3.3898230305527598e-06
6805,3.3898230305527598e-06
6806,3.3898230305527598e-06
6807,3.3361778699676157e-06
6808,6.923224275101611e-06
6809,1.0463386881009179e-05
6810,9.68696816088595e-06
6811,2.1511611652671167e-05
6812,2.0701481956287664e-05
6813,3.36334625825641e-05
6814,9.234083886122036e-05
6815,4.4874758761463576e-05
6816,4.351696863229687e-05
6817,2.2143654297520645e-05
6818,2.049645204744037e-05
6819,2.150547997591627e-05
6820,2.0434382961943527e-05
6821,2.0434382961943527e-05
6822,1.2710008681979543e-06
6823,9.136423159573568e-07
6824,9.372832427072111e-07
6825,3.5004279655009697e-06
6826,4.2794262322753005e-06
6827,4.280990036993405e-06
6828,4.280990036993405e-06
6829,4.280990036993405e-06
6830,4.280990036993405e-06
6831,4.280990036993405e-06
6832,4.291132072768029e-06
6833,4.317343022571499e-06
6834,4.926156833344352e-06
6835,5.5829501074584855e-06
6836,5.551941064805715e-06
6837,5.5829501074584855e-06
6838,5.5829501074584855e-06
6839,5.5829501074584855e-06
6840,5.5829501074584855e-06
6841,5.5829501074584855e-06
6842,5.5829501074584855e-06
6843,5.5829501074584855e-06
6844,5.5829501074584855e-06
6845,5.672403136339307e-06
6846,2.875664101219539e-05
6847,8.01914371003587e-05
6848,2.1232835191132853e-05
6849,1.1067684626322813e-05
6850,1.1067684626322813e-05
6851,1.1067684626322813e-05
6852,3.6028666028814547e-06
6853,4.949494939036027e-07
6854,1.7159482831330543e-06
6855,4.2642326811872096e-06
6856,4.2642326811872096e-06
6857,4.283676047315356e-06
6858,7.643503884355078e-06
6859,1.612073430987374e-05
6860,1.612073430987374e-05
6861,1.612073430987374e-05
6862,1.5560484151903105e-05
6863,1.0319382577346538e-05
6864,9.611228280047733e-06
6865,8.146919139528241e-06
6866,4.178395009365428e-06
6867,3.0480232949352987e-06
6868,3.3898230305527598e-06
6869,1.9190039006203224e-06
6870,2.8523824562499953e-06
6871,1.8952082320480064e-05
6872,2.1188503780740974e-05
6873,2.164291935713026e-05
6874,2.164291935713026e-05
6875,2.164291935713026e-05
6876,4.382117935465999e-05
6877,2.2720633763924125e-05
6878,2.2720633763924125e-05
6879,2.2720633763924125e-05
6880,2.2705461522432634e-05
6881,2.2720633763924125e-05
6882,2.1299719521603906e-05
6883,2.1751589989371254e-05
6884,1.2974605235341511e-05
6885,3.761969488045382e-06
6886,3.294724658605237e-06
6887,4.280990036993405e-06
6888,4.280990036993405e-06
6889,4.280990036993405e-06
6890,4.280990036993405e-06
6891,4.454930607003037e-06
6892,4.280990036993405e-06
6893,4.280990036993405e-06
6894,4.280990036993405e-06
6895,5.388781989744123e-06
6896,7.722064807902692e-06
6897,4.711111766494461e-06
6898,5.5829501074584855e-06
6899,5.7054742272517344e-06
6900,5.594261556690831e-06
6901,5.642503307600744e-06
6902,5.623247879718337e-06
6903,5.710045074823688e-06
6904,5.602660791281862e-06
6905,5.6608786917426634e-06
6906,5.6132283869261485e-06
6907,5.788064349867026e-06
6908,6.71427405217203e-06
6909,5.78806570522652e-06
6910,7.958113735284348e-06
6911,1.1067684626322813e-05
6912,1.1067684626322813e-05
6913,1.1067684626322813e-05
6914,1.0799739722218247e-05
6915,1.3759971779226665e-06
6916,1.2024659273606741e-06
6917,4.2642326811872096e-06
6918,4.2642326811872096e-06
6919,4.2642326811872096e-06
6920,9.003564546218796e-06
6921,1.3137200306713458e-05
6922,1.612073430987374e-05
6923,1.612073430987374e-05
6924,1.6087968008356104e-05
6925,1.0857285447045723e-05
6926,9.928591158162024e-06
6927,9.928591158162024e-06
6928,9.625615907599199e-06
6929,7.291249623808024e-06
6930,1.851331660523275e-06
6931,1.781517709442527e-06
6932,2.621591691045026e-06
6933,2.1476707385168375e-05
6934,2.164291935713026e-05
6935,2.164291935713026e-05
6936,2.164291935713026e-05
6937,2.164291935713026e-05
6938,2.247644131921001e-05
6939,2.2720633763924125e-05
6940,2.2720633763924125e-05
6941,2.2860537119063102e-05
6942,2.317882602400787e-05
6943,2.353979816308829e-05
6944,2.336161794430184e-05
6945,2.3730635873162343e-05
6946,2.2668118211881507e-05
6947,1.0515241856454369e-05
6948,4.280990036993405e-06
6949,4.280990036993405e-06
6950,4.280990036993405e-06
6951,0.0001235563849084311
6952,5.034796538847007e-06
6953,1.0584020412769804e-05
6954,5.433461245783604e-06
6955,7.024525245015995e-06
6956,4.828596953532039e-06
6957,1.0665324777223487e-05
6958,1.057657310373303e-05
6959,2.753175623078579e-06
6960,5.370505944547564e-06
6961,5.78806570522652e-06
6962,5.760425968629872e-06
6963,5.781254622201783e-06
6964,5.7820221845701776e-06
6965,5.78806570522652e-06
6966,5.78806570522652e-06
6967,5.78806570522652e-06
6968,5.787618618386096e-06
6969,5.78806570522652e-06
6970,5.78806570522652e-06
6971,5.78806570522652e-06
6972,7.988833407151944e-06
6973,1.0744699106276104e-05
6974,1.1067684626322813e-05
6975,1.1067684626322813e-05
6976,1.1067684626322813e-05
6977,8.80729657606937e-06
6978,8.990733893790419e-07
6979,4.214575962480154e-06
6980,4.2642326811872096e-06
6981,4.2642326811872096e-06
6982,4.2642326811872096e-06
6983,4.2642326811872096e-06
6984,1.3818836287615976e-05
6985,1.612073430987374e-05
6986,1.5860045366658347e-05
6987,1.0152189609220992e-05
6988,9.928591158162024e-06
6989,9.928591158162024e-06
6990,9.928591158162024e-06
6991,9.928591158162024e-06
6992,6.027156485749681e-06
6993,1.2319995477129174e-05
6994,1.2746603079135992e-05
6995,2.158668085140369e-05
6996,2.164291935713026e-05
6997,2.164291935713026e-05
6998,2.164291935713026e-05
6999,2.0568778237819054e-05
7000,2.22387461955197e-05
7001,2.2720633763924125e-05
7002,2.2720633763924125e-05
7003,2.4378196381187055e-05
7004,2.409933298040584e-05
7005,2.392143768894788e-05
7006,2.3810246766913328e-05
7007,2.3828826926405642e-05
7008,2.3828826926405642e-05
7009,1.6913957301490085e-05
7010,4.280990036993405e-06
7011,4.402627825758336e-06
7012,0.0002494307096052708
7013,2.8778107260218744e-05
7014,4.298116952201077e-06
7015,9.132429166806434e-06
7016,1.0988184665378054e-05
7017,1.0988184665378054e-05
7018,1.0978270825738584e-05
7019,1.0988184665378054e-05
7020,1.094678569164971e-05
7021,4.899212797740614e-06
7022,5.244199375367395e-06
7023,4.86826521849012e-06
7024,5.78806570522652e-06
7025,5.78806570522652e-06
7026,5.78806570522652e-06
7027,5.78806570522652e-06
7028,5.78806570522652e-06
7029,5.78806570522652e-06
7030,5.78806570522652e-06
7031,5.78806570522652e-06
7032,5.78806570522652e-06
7033,5.78806570522652e-06
7034,6.03491721685361e-06
7035,9.516328615449593e-06
7036,1.1067684626322813e-05
7037,1.1067684626322813e-05
7038,1.1067684626322813e-05
7039,7.1977953419839675e-06
7040,3.5796971849532714e-07
7041,4.240839862005542e-06
7042,4.2642326811872096e-06
7043,4.2642326811872096e-06
7044,4.2642326811872096e-06
7045,4.2642326811872096e-06
7046,1.3437314798272199e-05
7047,1.7792561349806474e-05
7048,1.3254455042205053e-05
7049,9.928591158162024e-06
7050,9.928591158162024e-06
7051,9.928591158162024e-06
7052,9.928591158162024e-06
7053,1.3947464889603352e-05
7054,1.0638794331430901e-05
7055,1.4935387498136133e-05
7056,1.5077604713239357e-05
7057,1.6226040350536924e-05
7058,2.164291935713026e-05
7059,1.8424612354223486e-05
7060,1.3730658735138498e-05
7061,1.0281043639482099e-05
7062,1.6127496993749523e-05
7063,1.5827225668882608e-05
7064,2.3643769674455816e-05
7065,2.660505747745386e-05
7066,2.6585945076754662e-05
7067,2.5659189747048192e-05
7068,2.3828826926405642e-05
7069,2.3828826926405642e-05
7070,2.3828826926405642e-05
7071,2.3848419729352816e-05
7072,2.1255920002485255e-05
7073,5.114186251011856e-06
7074,4.280990036993405e-06
7075,4.280990036993405e-06
7076,4.280990036993405e-06
7077,7.232327727505909e-06
7078,1.0988184665378054e-05
7079,1.0988184665378054e-05
7080,1.0988184665378054e-05
7081,1.0988184665378054e-05
7082,1.0988184665378054e-05
7083,9.09791159435611e-06
7084,1.7594473716504142e-06
7085,1.7594473716504142e-06
7086,4.455955912579963e-06
7087,4.11901244660447e-06
7088,5.78806570522652e-06
7089,5.78806570522652e-06
7090,5.78806570522652e-06
7091,5.78806570522652e-06
7092,5.78806570522652e-06
7093,5.78806570522652e-06
7094,5.78806570522652e-06
7095,5.78806570522652e-06
7096,5.853131279285439e-06
7097,1.029539582370359e-05
7098,1.1067684626322813e-05
7099,1.1067684626322813e-05
7100,1.1067684626322813e-05
7101,9.976019305113495e-06
7102,1.6070519845572354e-07
7103,2.2213021791277196e-06
7104,4.2642326811872096e-06
7105,4.2642326811872096e-06
7106,4.2642326811872096e-06
7107,4.2642326811872096e-06
7108,1.3858307167027013e-05
7109,2.465905042939861e-05
7110,1.4743463912174071e-05
7111,0.000852279505051815
7112,9.928591158162024e-06
7113,9.928591158162024e-06
7114,1.741032635464577e-05
7115,2.571499321539333e-05
7116,1.8062835241194297e-05
7117,1.4935387498136133e-05
7118,1.4935387498136133e-05
7119,1.5081969518121354e-05
7120,2.0194062685422655e-05
7121,1.2503889272714352e-05
7122,1.0281043639482099e-05
7123,1.0281043639482099e-05
7124,1.0281043639482099e-05
7125,1.0281043639482099e-05
7126,2.447490397849203e-05
7127,2.5512139533924687e-05
7128,2.662374645890232e-05
7129,2.662374645890232e-05
7130,2.5085829755232637e-05
7131,2.469223719797105e-05
7132,2.3832549841793e-05
7133,2.386154581421065e-05
7134,2.3343577174138768e-05
7135,6.004819958289801e-06
7136,4.280990036993405e-06
7137,4.280990036993405e-06
7138,4.280990036993405e-06
7139,6.707232957578187e-06
7140,1.0988184665378054e-05
7141,1.0988184665378054e-05
7142,1.0988184665378054e-05
7143,1.0988184665378054e-05
7144,1.0988184665378054e-05
7145,9.194476735421395e-06
7146,1.7594473716504142e-06
7147,1.7594473716504142e-06
7148,1.7594473716504142e-06
7149,1.7594473716504142e-06
7150,5.545904434681564e-06
7151,5.78806570522652e-06
7152,5.78806570522652e-06
7153,5.78806570522652e-06
7154,5.78806570522652e-06
7155,5.78806570522652e-06
7156,5.78806570522652e-06
7157,5.78806570522652e-06
7158,8.442259883284389e-06
7159,1.1067684626322813e-05
7160,1.1067684626322813e-05
7161,1.098523984805738e-05
7162,1.0047820211127894e-05
7163,5.329226614226151e-06
7164,7.88157575070549e-07
7165,4.050097727118918e-06
7166,4.2642326811872096e-06
7167,4.2642326811872096e-06
7168,4.2642326811872096e-06
7169,1.1242486855239991e-05
7170,2.466383498521897e-05
7171,2.3554963331212315e-05
7172,0.00014619688096187218
7173,1.1387230890729507e-05
7174,2.1612664982693106e-05
7175,2.3778120470815447e-05
7176,2.6168508124972126e-05
7177,2.1425862260097804e-05
7178,1.521551342604281e-05
7179,1.4935387498136133e-05
7180,1.498308384618694e-05
7181,1.523956574658353e-05
7182,1.0281043639482099e-05
7183,1.0281043639482099e-05
7184,1.0281043639482099e-05
7185,1.0281043639482099e-05
7186,1.0281043639482099e-05
7187,1.1225852348878447e-05
7188,1.7861529057580013e-05
7189,2.662374645890232e-05
7190,2.662374645890232e-05
7191,2.662374645890232e-05
7192,2.4172057298334434e-05
7193,2.385970486114925e-05
7194,2.386154581421065e-05
7195,2.3728967902130996e-05
7196,6.858321197293544e-06
7197,4.280990036993405e-06
7198,4.280990036993405e-06
7199,4.280990036993405e-06
7200,5.4343260158992735e-06
7201,1.0988184665378054e-05
7202,1.0988184665378054e-05
7203,1.0988184665378054e-05
7204,1.0988184665378054e-05
7205,1.0622172749905919e-05
7206,2.3275564183630816e-06
7207,1.7594473716504142e-06
7208,1.7594473716504142e-06
7209,1.7594473716504142e-06
7210,1.7594473716504142e-06
7211,4.797884793167031e-06
7212,5.624647264588281e-06
7213,5.78806570522652e-06
7214,5.78806570522652e-06
7215,5.78806570522652e-06
7216,5.78806570522652e-06
7217,5.78806570522652e-06
7218,5.9633548678286864e-06
7219,9.281144112820725e-06
7220,1.1067684626322813e-05
7221,1.077398096509582e-05
7222,6.003883566433927e-06
7223,6.066499036566492e-06
7224,5.919025200770248e-06
7225,3.1350186419324404e-07
7226,3.4532102434626594e-06
7227,4.2642326811872096e-06
7228,4.2642326811872096e-06
7229,4.2642326811872096e-06
7230,1.3485711966769049e-05
7231,2.466383498521897e-05
7232,2.466383498521897e-05
7233,2.766388531655906e-05
7234,2.2242788389409137e-05
7235,2.6168508124972126e-05
7236,2.6168508124972126e-05
7237,2.6168508124972126e-05
7238,2.511953866837391e-05
7239,1.4972651108106465e-05
7240,1.4935387498136133e-05
7241,1.4882493856936801e-05
7242,1.0808484973036135e-05
7243,1.0281043639482099e-05
7244,1.1985652652509203e-05
7245,0.00254073536730228
7246,1.0281043639482099e-05
7247,1.0281043639482099e-05
7248,1.0281043639482099e-05
7249,1.530863421875605e-05
7250,2.662374645890232e-05
7251,4.4927025702997184e-05
7252,2.5500021886395294e-05
7253,2.386154581421065e-05
7254,2.386154581421065e-05
7255,2.386678360751614e-05
7256,2.3859481920824874e-05
7257,7.974764400953876e-06
7258,4.280990036993405e-06
7259,4.280990036993405e-06
7260,4.280990036993405e-06
7261,4.280990036993405e-06
7262,9.881984735585915e-06
7263,1.0988184665378054e-05
7264,1.0988184665378054e-05
7265,1.0988184665378054e-05
7266,8.283640492660535e-06
7267,1.7594473716504142e-06
7268,1.7594473716504142e-06
7269,1.7594473716504142e-06
7270,1.7594473716504142e-06
7271,1.7594473716504142e-06
7272,2.3463588665753338e-06
7273,1.9399982223319236e-06
7274,5.594317517232579e-06
7275,5.732754227692999e-06
7276,5.78806570522652e-06
7277,5.78806570522652e-06
7278,5.78806570522652e-06
7279,5.801487466692516e-06
7280,1.0940262286991316e-05
7281,8.970467943953223e-06
7282,8.50084681768342e-06
7283,5.919025200770248e-06
7284,5.919025200770248e-06
7285,5.791204253252586e-06
7286,1.7829389711304405e-06
7287,3.475841299901447e-06
7288,4.474956910595371e-06
7289,5.12368488030178e-06
7290,9.841973831377659e-06
7291,1.4000087403580103e-05
7292,2.6959513507974383e-05
7293,3.250187840139019e-05
7294,4.599117509687033e-05
7295,0.00016657906033569383
7296,2.9389182252187543e-05
7297,2.6168508124972126e-05
7298,2.1043574083771198e-05
7299,1.9624916720138338e-05
7300,1.797246687018855e-05
7301,1.509546516236593e-05
7302,1.632198564274442e-05
7303,1.9367254160654124e-05
7304,1.6908314366877353e-05
7305,0.0003300608566669985
7306,1.4232202896029844e-05
7307,1.0281043639482099e-05
7308,1.3645021968949704e-05
7309,1.0281043639482099e-05
7310,4.5680359204229075e-05
7311,5.1367322488687364e-05
7312,0.00473016016911856
7313,2.386154581421065e-05
7314,4.663529954214401e-05
7315,2.4435760172441798e-05
7316,2.8167137153811823e-05
7317,2.4074934385077185e-05
7318,9.340060441814221e-06
7319,4.280990036993405e-06
7320,4.280990036993405e-06
7321,4.280990036993405e-06
7322,5.011270436950526e-06
7323,9.218344150974387e-06
7324,1.0988184665378054e-05
7325,1.0988184665378054e-05
7326,1.0988184665378054e-05
7327,9.472554979170755e-06
7328,6.520354814277708e-06
7329,1.7594473716504142e-06
7330,1.7594473716504142e-06
7331,1.7594473716504142e-06
7332,1.7594473716504142e-06
7333,1.7594473716504142e-06
7334,1.7594473716504142e-06
7335,2.0708385111112656e-06
7336,3.7906454267126067e-06
7337,5.78806570522652e-06
7338,5.791295096845303e-06
7339,5.795899367356424e-06
7340,5.906537999370638e-06
7341,7.337858792364824e-06
7342,5.919025200770248e-06
7343,5.919025200770248e-06
7344,5.919025200770248e-06
7345,5.919025200770248e-06
7346,5.919025200770248e-06
7347,2.049288221844588e-06
7348,2.012475527546544e-07
7349,4.257214032039726e-07
7350,3.908515985609279e-06
7351,1.1412417447473835e-06
7352,1.121513426328911e-05
7353,1.529689004007649e-05
7354,1.8613663344187996e-05
7355,1.5802939489249125e-05
7356,4.122259075619842e-05
7357,4.3633202251783335e-05
7358,0.0005559378449797924
7359,7.139487433968464e-05
7360,3.094836783722532e-05
7361,1.6029767813044534e-05
7362,1.4939099940098015e-05
7363,2.49954430071878e-05
7364,2.4267376839550392e-05
7365,2.7686452332641895e-05
7366,2.8627547473881153e-05
7367,2.8627547473881153e-05
7368,2.1438134411617176e-05
7369,2.738976851042802e-05
7370,1.651674690841525e-05
7371,2.447034191196062e-05
7372,2.2434105250115063e-05
7373,5.9638790648188454e-05
7374,0.0017593676673345545
7375,0.0029915308215595023
7376,0.002222536764437705
7377,0.00023252149950821636
7378,4.278921165229385e-05
7379,2.8312364570040114e-05
7380,2.758661868478902e-05
7381,3.659867466302543e-05
7382,0.0002246394365216427
7383,0.0011301813108717358
7384,4.666209843542544e-05
7385,4.966327279386939e-05
7386,9.617840394016583e-06
7387,1.0988184665378054e-05
7388,1.0988184665378054e-05
7389,1.0988184665378054e-05
7390,1.2928171491753782e-05
7391,9.114820530547226e-05
7392,2.18826903675554e-05
7393,4.928985990103924e-05
7394,6.9682793082425595e-06
7395,1.7594473716504142e-06
7396,1.7594473716504142e-06
7397,2.6600724024848813e-06
7398,1.7594473716504142e-06
7399,3.858679408469563e-06
7400,5.78806570522652e-06
7401,6.451121605926839e-06
7402,6.527959864212541e-06
7403,6.032914326607828e-06
7404,5.919025200770248e-06
7405,5.919025200770248e-06
7406,5.919025200770248e-06
7407,5.919025200770248e-06
7408,5.919025200770248e-06
7409,5.919025200770248e-06
7410,4.5399785736008986e-06
7411,7.33248096406728e-07
7412,7.204069273365671e-06
7413,1.5802939489249125e-05
7414,1.9607493520249692e-05
7415,3.8162049158416885e-05
7416,4.640700700139773e-05
7417,6.734833880653764e-05
7418,9.074321643897795e-05
7419,5.628305904618118e-05
7420,5.334202764176147e-05
7421,2.5472314376736025e-05
7422,3.240397552811223e-05
7423,2.6395918526186413e-05
7424,3.15661388825611e-05
7425,2.8627547473881153e-05
7426,0.0004513889847508848
7427,2.9997146401952015e-05
7428,2.8627547473881153e-05
7429,2.8627547473881153e-05
7430,2.8627547473881153e-05
7431,2.6817925874651982e-05
7432,5.262835381446099e-05
7433,0.0004538049590859136
7434,0.0005047590380547948
7435,2.4135450671121703e-05
7436,4.555014828890863e-05
7437,3.490503688325923e-05
7438,2.8312364570040114e-05
7439,2.8312364570040114e-05
7440,2.885728379840857e-05
7441,0.00026602112926386943
7442,6.788447057533357e-05
7443,0.00013703895713076242
7444,0.0001327672618005871
7445,1.4072649059792939e-05
7446,8.392352671468942e-05
7447,9.322516583527612e-05
7448,6.412384852808004e-05
7449,3.9698814769481726e-05
7450,7.10097025430323e-05
7451,0.00016173960630620006
7452,0.0008448123221142077
7453,6.031947543803459e-05
7454,2.487342434630208e-05
7455,1.999066564828972e-06
7456,6.661665699805487e-06
7457,5.477135602594058e-06
7458,6.587159169594363e-06
7459,6.237413490237845e-06
7460,6.678324730335626e-06
7461,6.678324730335626e-06
7462,6.355676607921945e-06
7463,5.919025200770248e-06
7464,5.919025200770248e-06
7465,5.919025200770248e-06
7466,7.507725674341442e-06
7467,5.919025200770248e-06
7468,6.2154564202928234e-06
7469,3.567965092664353e-06
7470,1.7301324912389401e-06
7471,6.327533556056871e-07
7472,1.3756071859552747e-05
7473,1.5802939489249125e-05
7474,1.581122154313313e-05
7475,3.445992668154712e-05
7476,4.682938816600527e-05
7477,8.017269536436264e-05
7478,0.0003292839745004905
7479,0.000845309226385881
7480,6.203893384546059e-05
7481,5.497745734741392e-05
7482,5.708077851967524e-05
7483,3.0235478620465707e-05
7484,4.913102643854115e-05
7485,3.33042164714695e-05
7486,7.397775469994864e-05
7487,0.0004750322846684128
7488,4.785816539520165e-05
7489,2.9474697831603327e-05
7490,3.0856143118336725e-05
7491,3.4665602069297766e-05
7492,4.908491274103355e-05
7493,4.909391882415229e-05
7494,8.520473515421496e-05
7495,0.0001071105688829583
7496,2.8312364570040114e-05
7497,2.8312364570040114e-05
7498,2.8521623598257742e-05
7499,3.0065113425078677e-05
7500,4.424967342615572e-05
7501,2.646876431173027e-05
7502,2.799597341490484e-05
7503,0.00010051359773782064
7504,0.00047200028363752854
7505,0.0001029566180340439
7506,0.0015187503586489935
7507,0.0001677487478137645
7508,1.3732305428667634e-05
7509,0.00018820104155002284
7510,3.2162067223959616e-05
7511,5.249908547043683e-06
7512,8.075557958811935e-06
7513,6.653809905836887e-06
7514,6.678324730335626e-06
7515,6.678324730335626e-06
7516,6.678324730335626e-06
7517,6.678324730335626e-06
7518,6.678324730335626e-06
7519,6.637702727196086e-06
7520,5.919025200770248e-06
7521,6.338389975700193e-06
7522,5.954086764057552e-06
7523,1.1742833036295727e-05
7524,9.345797609395575e-06
7525,1.1646112604684495e-05
7526,1.1972304351179856e-05
7527,7.216963991380655e-06
7528,0.0
7529,3.602263949234837e-06
7530,5.751739267606427e-06
7531,1.5666660068782983e-05
7532,5.120406920787081e-06
7533,2.4125328364752595e-05
7534,6.243842110655283e-05
7535,0.0003248864761378774
7536,8.777146950000351e-05
7537,0.0022076559647428847
7538,8.367439101492924e-05
7539,6.211502234879009e-05
7540,6.57639847147721e-05
7541,4.689555202050852e-05
7542,5.721304679502415e-05
7543,5.293193216744575e-05
7544,5.296189815618173e-05
7545,4.928773774557444e-05
7546,5.296189815618173e-05
7547,5.05540016828028e-05
7548,4.2002270507254646e-05
7549,4.184737627165886e-05
7550,7.10428564945824e-05
7551,5.855760893529066e-05
7552,7.555302770213217e-05
7553,4.623686714518394e-05
7554,5.234766179752529e-05
7555,3.429342744281363e-05
7556,5.316133907243487e-05
7557,5.394598928278645e-05
7558,4.794106632030675e-05
7559,2.646876431173027e-05
7560,2.646876431173027e-05
7561,0.00012135387699793158
7562,0.00014026785147738967
7563,0.00010644407903848417
7564,0.00027437500990552983
7565,0.0016581314829440072
7566,4.927926051382178e-07
7567,1.6448148771707913e-06
7568,6.678324730335626e-06
7569,6.678324730335626e-06
7570,6.678324730335626e-06
7571,6.678324730335626e-06
7572,6.678324730335626e-06
7573,6.678324730335626e-06
7574,8.097573553415608e-06
7575,1.2477136939203437e-05
7576,1.0685848286824016e-05
7577,1.2477136939203437e-05
7578,1.2477136939203437e-05
7579,1.2477136939203437e-05
7580,1.2477136939203437e-05
7581,1.0909060577869478e-05
7582,0.0
7583,0.0
7584,0.0
7585,9.270843124414893e-07
7586,3.3404772041504194e-06
7587,4.425225547476436e-05
7588,7.89723040431163e-05
7589,8.21115021255917e-05
7590,9.423529862237495e-05
7591,0.0001763397377011526
7592,0.0001468236954056863
7593,0.00046974471521638484
7594,0.0008304531444995208
7595,7.053221342639309e-05
7596,7.622009902798217e-05
7597,5.558001130070075e-05
7598,5.620541322142658e-05
7599,5.143632167177633e-05
7600,4.516817232579507e-05
7601,4.891201271380068e-05
7602,4.227827417937121e-05
7603,4.1792137979873094e-05
7604,9.064521849144537e-05
7605,0.00010788268131746044
7606,8.975664225738302e-05
7607,8.279280616865027e-05
7608,7.915438405318072e-05
7609,5.517297478006219e-05
7610,5.517297478006219e-05
7611,5.517297478006219e-05
7612,4.9124813720064196e-05
7613,2.646876431173027e-05
7614,1.2748674226565532e-05
7615,6.629461322972927e-05
7616,1.335609722260397e-05
7617,4.148186850267187e-06
7618,6.570289966843523e-06
7619,6.678324730335626e-06
7620,6.678324730335626e-06
7621,6.678324730335626e-06
7622,6.678324730335626e-06
7623,8.477206432184742e-06
7624,1.1111143946184622e-05
7625,1.2477136939203437e-05
7626,1.2477136939203437e-05
7627,1.2477136939203437e-05
7628,1.246874018255787e-05
7629,1.2477136939203437e-05
7630,1.1275270918521362e-05
7631,4.02231997572813e-06
7632,0.0
7633,0.0
7634,0.0
7635,0.0
7636,1.2988446471676111e-06
7637,5.824613154526397e-05
7638,0.00010385357846927023
7639,0.0001310638502806992
7640,0.0001597056885263542
7641,0.0002502004375140757
7642,0.00033316946533688087
7643,0.002735762996566367
7644,0.00026276936985283563
7645,8.202969078646982e-05
7646,6.385383449937128e-05
7647,5.879344612895541e-05
7648,0.00025178141311135434
7649,4.859742430316658e-05
7650,4.378597637111246e-05
7651,4.312206994659218e-05
7652,4.1792137979873094e-05
7653,4.1792137979873094e-05
7654,8.488069327264815e-05
7655,0.00011101359624364748
7656,0.0001125980117549198
7657,8.56503657954588e-05
7658,8.568465237222566e-05
7659,5.927200455119519e-05
7660,5.735895493287281e-05
7661,5.517297478006219e-05
7662,2.4346228237843468e-05
7663,1.0928648570770189e-05
7664,1.4253149966138146e-06
7665,6.678324730335626e-06
7666,6.678324730335626e-06
7667,6.678324730335626e-06
7668,6.678324730335626e-06
7669,6.678324730335626e-06
7670,6.968684652982398e-06
7671,1.2262069020708747e-05
7672,1.1783660462485431e-05
7673,1.2477136939203437e-05
7674,1.1262356648086841e-05
7675,1.0840984778679077e-05
7676,1.035956255222373e-05
7677,9.7770952966796e-06
7678,5.845958435800129e-06
7679,0.0
7680,0.000691769
7681,0.0
7682,0.0
7683,0.0
7684,5.1387143577560724e-05
7685,0.0003417405924953434
7686,0.00039948247050950445
7687,0.010053951960512487
7688,0.00132559285106097
7689,0.0006163027385228752
7690,0.00030770270534032687
7691,9.796724600674913e-05
7692,7.99569572627067e-05
7693,4.4773608588233126e-05
7694,8.340798686916215e-05
7695,0.0007808214756191145
7696,0.0008427116768207914
7697,5.6744089737922196e-05
7698,4.374483557601804e-05
7699,0.00012230745992994484
7700,4.256219383474931e-05
7701,0.0005203651088225383
7702,0.0001353434555882981
7703,0.0001321034447120542
7704,0.0005292567436377115
7705,0.0013182599888534267
7706,8.165076679526818e-05
7707,0.0002920435003715054
7708,3.215165491195098e-05
7709,5.438720837322618e-06
7710,6.678324730335626e-06
7711,6.678324730335626e-06
7712,6.678324730335626e-06
7713,6.739060093948966e-06
7714,9.711066804835883e-06
7715,9.482383807864854e-06
7716,1.035956255222373e-05
7717,1.0698546502013987e-05
7718,1.035956255222373e-05
7719,1.035956255222373e-05
7720,1.035956255222373e-05
7721,1.035956255222373e-05
7722,1.035956255222373e-05
7723,1.7676459503809643e-06
7724,3.898035647652095e-06
7725,1.627260040076207e-06
7726,1.8583149994940176e-05
7727,6.898004771853355e-05
7728,0.00022758698993807238
7729,0.0037284316853570952
7730,0.012606725855715917
7731,0.005734635350362816
7732,0.00014746047221484378
7733,0.00019212825203134486
7734,8.466206298937132e-05
7735,7.268813721675527e-05
7736,5.2102003219489694e-05
7737,6.796054427461382e-05
7738,8.504728406225514e-05
7739,7.398016229360217e-05
7740,5.3296435314589815e-05
7741,0.00012894924361596052
7742,0.0002065734784430289
7743,0.00015904044938917867
7744,0.0031545357178615046
7745,0.003234097327729457
7746,0.0012847418688068418
7747,0.00024957351822789766
7748,0.0006113986418215928
7749,0.00016375868797645346
7750,1.114044388102212e-06
7751,1.618890779148519e-06
7752,6.487259088335298e-06
7753,5.494948051453437e-06
7754,6.678324730335626e-06
7755,9.190361442491663e-06
7756,1.035956255222373e-05
7757,1.035956255222373e-05
7758,1.035956255222373e-05
7759,1.035956255222373e-05
7760,1.035956255222373e-05
7761,8.244888761466889e-06
7762,1.035956255222373e-05
7763,2.810159253037754e-06
7764,1.3469121877519984e-05
7765,1.7151929209867707e-05
7766,1.1464949860218018e-05
7767,1.730752632343142e-05
7768,3.880805854035513e-05
7769,0.0008796442704171784
7770,0.0014656695304613833
7771,0.0007350727572824893
7772,0.00021753514186181189
7773,9.532134777213968e-05
7774,9.227898397967237e-05
7775,0.0001342974875662703
7776,6.52537534953485e-05
7777,6.390794339778167e-05
7778,4.7423040132501736e-05
7779,5.895912025951304e-05
7780,4.743600058476236e-05
7781,7.99778598781388e-05
7782,0.00018430799446833362
7783,0.0002109130697628775
7784,0.00031822543159500973
7785,0.0023136210929846114
7786,0.003761685912755148
7787,0.0033559042806818257
7788,0.0030715563125243064
7789,2.7916324958561984e-07
7790,5.3780899548048685e-06
7791,7.666215808652987e-06
7792,1.035956255222373e-05
7793,1.0122253005909689e-05
7794,1.035956255222373e-05
7795,1.035956255222373e-05
7796,9.213303936779681e-06
7797,8.168927163014915e-07
7798,3.2778024640017405e-06
7799,1.6460152965016167e-05
7800,1.730752632343142e-05
7801,1.730752632343142e-05
7802,2.3569153244525425e-05
7803,1.8210399520212903e-05
7804,0.0009123551093620301
7805,0.00028567650592275996
7806,0.00011330798936208414
7807,0.00011932854560438332
7808,5.249372678231898e-05
7809,6.032044786939438e-05
7810,0.0008901772603089999
7811,0.0007801312569877502
7812,6.653781013873049e-05
7813,7.164886540305575e-05
7814,6.941964023882144e-05
7815,5.982939194778721e-05
7816,0.00013361442333692573
7817,0.00015482543478813609
7818,2.5136983216060195e-05
7819,0.00015211494817632293
7820,1.0252174319985739e-06
7821,7.249824424042522e-06
7822,3.861337764157425e-06
7823,9.401718479050072e-06
7824,3.1568950936585005e-06
7825,2.558557935235215e-06
7826,1.0764431863273875e-05
7827,1.730752632343142e-05
7828,1.730752632343142e-05
7829,1.7418813158124245e-05
7830,3.825616047095489e-05
7831,4.115743018366853e-05
7832,0.0004565029063546342
7833,0.00012067986964437687
7834,5.249372678231898e-05
7835,5.9344761851929524e-05
7836,5.224979502450827e-05
7837,4.804534818617074e-05
7838,4.7334199752644057e-05
7839,6.527981655259431e-05
7840,4.0834324608108794e-05
7841,6.717524195778983e-05
7842,0.00011448068956873734
7843,5.8421206221055384e-05
7844,0.0001497124904203204
7845,0.00012584017418009892
7846,2.1186264825037676e-05
7847,2.0550451922513095e-05
7848,1.730752632343142e-05
7849,1.730752632343142e-05
7850,2.674544299545974e-05
7851,4.155301325769205e-05
7852,0.0010213445061750168
7853,0.0003224675466386994
7854,4.8207811070626915e-05
7855,5.249372678231898e-05
7856,4.614082687929693e-05
7857,4.3870404701685384e-05
7858,4.3761587424681634e-05
7859,4.974182320856741e-05
7860,3.472420020083228e-05
7861,0.0005752437649874562
7862,0.000383666302860499
7863,5.98013384589267e-05
7864,0.00017885171906154381
7865,0.0011116537706466589
7866,1.02270938652904e-05
7867,1.1613574983532318e-06
7868,2.7987968257309347e-05
7869,2.244110633752861e-05
7870,1.730752632343142e-05
7871,1.730752632343142e-05
7872,1.9850378938397206e-05
7873,4.154378265250562e-05
7874,4.155301325769205e-05
7875,4.1552844399145804e-05
7876,2.425679176961079e-05
7877,3.0456860252459834e-05
7878,3.19702712425253e-05
7879,4.3761587424681634e-05
7880,4.365585464705685e-05
7881,3.725907505274397e-05
7882,3.4763096257741834e-05
7883,3.472420020083228e-05
7884,3.8319155330636595e-05
7885,6.552530114841749e-05
7886,5.915897492577226e-05
7887,0.00011943955250862507
7888,1.1137732682412027e-05
7889,3.023602998426556e-05
7890,3.6557196275575236e-05
7891,3.056066676121618e-05
7892,1.730752632343142e-05
7893,4.776925562468872e-05
7894,3.0103330552760907e-05
7895,0.000330606860052219
7896,1.1340163407198225e-05
7897,2.2632355471094508e-05
7898,2.3077129868917882e-05
7899,2.8296428673171946e-05
7900,4.287594149750506e-05
7901,4.143829770052446e-05
7902,3.523942181175387e-05
7903,4.175260155357759e-05
7904,4.3047845138514506e-05
7905,4.3022605302782367e-05
7906,4.016927289988409e-05
7907,0.000883134194307425
7908,0.00011245870120223293
7909,1.6162644877977982e-05
7910,2.7546875002303066e-05
7911,5.1834373960584835e-05
7912,5.217158675279579e-05
7913,5.272943829916907e-05
7914,6.325062672872784e-05
7915,1.131659498432209e-05
7916,2.8593306766637377e-05
7917,3.4966845854820767e-06
7918,1.8884330629873134e-05
7919,2.3077129868917882e-05
7920,3.4967442205797464e-05
7921,4.1342192486641316e-05
7922,4.146311324180259e-05
7923,4.440911943849992e-05
7924,4.511411815546294e-05
7925,0.0009333716361037569
7926,4.449036758488787e-05
7927,8.668701198922083e-05
7928,0.00027294280223722194
7929,0.0005202894062240967
7930,1.6252702693381194e-05
7931,7.497813013540598e-05
7932,9.615309279533428e-05
7933,5.162527726339489e-05
7934,5.217158675279579e-05
7935,6.447766619457829e-05
7936,6.905514832860883e-05
7937,2.470674587678521e-05
7938,4.429581569267223e-05
7939,2.0836251072186335e-05
7940,3.857547750375854e-05
7941,2.8550022799794926e-05
7942,4.859262969678042e-05
7943,4.152869151983858e-05
7944,0.0001474987724622255
7945,4.168201994370784e-05
7946,4.342319104670409e-05
7947,4.5273258011118985e-05
7948,4.4901406566449204e-05
7949,4.1358785840970665e-05
7950,4.0163260878357736e-05
7951,2.676234549253044e-05
7952,7.407588511345489e-05
7953,0.00012020501629092157
7954,0.00018531037804841568
7955,8.527095451149993e-05
7956,0.00013435172533259913
7957,0.0004996640359572124
7958,0.0005949866240221607
7959,5.265356482528159e-05
7960,3.19841609602185e-05
7961,4.4807759310194046e-05
7962,4.4807759310194046e-05
7963,4.6121220291580544e-05
7964,4.6767395222817514e-05
7965,4.636930915125183e-05
7966,0.0002641891772526249
7967,8.573605071540522e-05
7968,6.605624005095258e-05
7969,4.3856101663030026e-05
7970,3.076898009898342e-05
7971,3.3095175370492536e-05
7972,0.000793847632058414
7973,8.888824469261917e-06
7974,0.00011437007566854418
7975,0.0014216688795086196
7976,0.0004705260474554462
7977,0.00019088562502488267
7978,0.004116166043806029
7979,0.0008914813809663656
7980,0.0002837929601852247
7981,9.684293958314536e-05
7982,4.152926158416133e-05
7983,4.105756453884443e-05
7984,4.318217659869841e-05
7985,4.500367892317382e-05
7986,1.7048936195383697e-06
7987,2.4669132578411073e-05
7988,3.2172320035813276e-05
7989,9.435980278159699e-05
7990,4.077360336328369e-05
7991,4.354081386170925e-05
7992,9.457082780648534e-06
7993,2.0775234143701464e-05
7994,0.00010115357945390924
7995,3.853048012980714e-05
7996,7.098403429521475e-05
7997,3.913868644066655e-05
7998,0.0002797240297320041
7999,0.00040232367477458566
8000,0.0009776310225387964
8001,0.000605436853984709
8002,0.0002939816098671421
8003,0.00014412227464090832
8004,0.00012289788182834752
8005,2.86759669299923e-05
8006,5.7745699918437624e-05
8007,3.2759149052313226e-05
8008,0.0008227091070163319
8009,3.0352688647687916e-05
8010,2.517203433324938e-05
8011,5.845795000282637e-06
8012,1.5451635882077237e-05
8013,1.7354963089101975e-05
8014,1.2761371043673348e-05
8015,0.00010464439745185529
8016,2.1352055713354833e-05
8017,4.3435265304567954e-05
8018,7.441417101853605e-05
8019,0.00038219458874100347
8020,8.653176094760385e-05
8021,0.0005577701112650178
8022,0.00029447202555529496
8023,0.0001474007998007458
8024,0.0001013758246244515
8025,2.960876950886844e-05
8026,6.850006848802611e-05
8027,1.2663949770630953e-05
8028,0.0005251123684988955
8029,2.2154912325344928e-05
8030,2.140858156081486e-05
8031,9.774620142622956e-06
8032,5.845795000282637e-06
8033,0.0001395734213829942
8034,2.116981831719119e-05
8035,0.00013029194481589858
8036,1.644650906560492e-05
8037,7.36967085145596e-05
8038,0.008662713682940611
8039,0.00824576230125828
8040,0.0006057629336699275
8041,0.00011903224732011737
8042,8.097506829370347e-05
8043,2.821825026096502e-05
8044,5.092134197321076e-05
8045,1.664628939055274e-05
8046,6.076932649796729e-05
8047,5.3003067893148366e-05
8048,2.243293697398858e-05
8049,1.844526106800912e-05
8050,3.7811658281432444e-05
8051,5.3915221570903614e-05
8052,2.426092919750333e-06
8053,0.0018834702393405467
8054,0.00031869440719214644
8055,0.016749334828994374
8056,0.0030613276807722333
8057,0.00025271688513699695
8058,0.00017874398484375113
8059,7.909049526738077e-05
8060,7.076260002814984e-05
8061,5.1752299322241237e-05
8062,4.570283693991324e-06
8063,5.51178391530721e-06
8064,9.866531945895932e-05
8065,4.8113179816953514e-05
8066,2.5819829113957877e-05
8067,2.5821874187060707e-05
8068,1.574382955114558e-05
8069,0.00031204224919670646
8070,0.01745662014726137
8071,0.006900432793683093
8072,0.003132233361135127
8073,0.00019465319497191698
8074,5.564640576634093e-05
8075,6.861193675345051e-06
8076,5.045050808962471e-05
8077,1.8487851327279825e-05
8078,0.00011309163312397842
8079,4.4923940472349795e-05
8080,2.5821874187060707e-05
8081,2.1204805798923872e-05
8082,2.5821874187060707e-05
8083,1.2025409505452625e-05
8084,0.004064792155181796
8085,0.006783502416849333
8086,0.0017046184746462515
8087,0.0002011055550869176
8088,3.0444755394460197e-06
8089,2.1174459554546863e-05
8090,2.6603150747528212e-05
8091,4.231982627419044e-05
8092,3.0904897567803415e-05
8093,8.539849881173855e-06
8094,2.4710342773441808e-05
8095,2.852703142781897e-06
8096,5.864646404187053e-06
8097,2.525762761449291e-05
8098,4.4651852142386076e-05
8099,0.0001659934819464936
8100,0.000986329676525447
8101,3.767473952088163e-06
8102,0.00012712847425908302
8103,2.4270669489570596e-05
8104,3.430638214438841e-05
8105,6.648836494233799e-05
8106,4.063594387506276e-05
8107,1.8523778816332218e-05
8108,0.00026570033690653935
8109,2.0800388133096973e-05
8110,2.153737665030986e-05
8111,1.6523503726607393e-05
8112,1.8684736942792132e-05
8113,1.153720325718411e-06
8114,1.7109386891453202e-05
8115,2.0080475542912026e-05
8116,8.678920034834474e-06
8117,1.2698902149118567e-05
8118,1.810493739388036e-05
8119,5.2473953269067896e-06
8120,1.0627050254454522e-05
8121,1.9184918694368688e-05
8122,8.972601058639884e-07
8123,2.1745071154277484e-06
8124,2.075092155257767e-06
8125,1.690276678756634e-06
8126,8.843049117807527e-06
8127,1.1224931634914501e-05
8128,2.6337340278869694e-06
8129,1.444809206885491e-05
8130,5.429315715789318e-06
8131,2.657593478049326e-06
8132,2.201589325033312e-05
8133,2.0217442865087426e-05
8134,1.544266101185884e-06
8135,1.4595172151933919e-06
8136,1.9534621559960974e-05
8137,1.421361201345526e-05
8138,8.542085952950126e-06
8139,2.028319066183792e-06
8140,2.280903690217537e-06
8141,2.0144738035485333e-06
8142,2.3484100551851326e-06
8143,5.9178411523041e-07
8144,1.4049230228652136e-06
8145,9.566679500472832e-07
8146,1.0719935800372668e-06
8147,5.679347172755726e-07
8148,2.4002708373883567e-06
8149,1.5354347268933357e-06
8150,1.5575924024568283e-06
8151,7.417556114786444e-06
8152,3.273537787728064e-06
8153,7.068568921287821e-07
8154,7.76479302657019e-07
8155,9.593976981714697e-07
8156,3.7780470610992985e-06
8157,1.5156819410267041e-05
8158,9.78375826587061e-06
8159,1.3859422323862353e-05
8160,6.12e-06
8161,2.839015623222695e-05
8162,7.541407288843785e-05
8163,0.00024888724436934897
8164,0.00012170043433883527
8165,0.0006176844667868354
8166,0.00699554584666951
8167,0.004119246407840651
8168,8.324757379278585e-05
8169,0.0004920279055231545
8170,0.003007783796073355
8171,0.010845559734564442
8172,0.019819398408949387
8173,0.02330956905762915
8174,0.01077206655566474
8175,0.0034536720733876133
8176,0.0003021905914050246
8177,0.0001483922975431441
8178,0.00048103044478382026
8179,0.010611247824875263
8180,0.008460578049809025
8181,0.0033017807720733265
8182,0.007064508770974346
8183,0.00013354219480493214
8184,0.00034665914435082017
8185,0.001194587813054453
8186,0.0034432070919552787
8187,0.00016745276871151286
8188,0.010164719157733575
8189,0.007251096380247442
8190,3.080969414611299e-06
8191,8.631759001260882e-05
8192,0.00034071659496696363
8193,0.00017144072622843302
8194,0.000979316556885572
8195,0.0010458660438152348
8196,0.012176373023405724
8197,0.0037796109556000592
8198,4.39854565869794e-05
8199,0.00041775064352548327
8200,0.0005363907026126353
8201,0.00019913519948691264
8202,0.00010305708695984641
8203,0.000633121180119364
8204,0.006513904055219797
8205,4.462533836242214e-05
8206,5.505496946018098e-05
8207,0.00031161326449958204
8208,0.00024634328303690457
8209,0.00026668389810685053
8210,0.0016230822616424194
8211,0.0003714321320995256
8212,6.310939356143659e-06
8213,7.000242229131117e-05
8214,2.3375698947511213e-05
8215,0.00018816766266775996
8216,0.00011623200113522025
8217,0.0001653841113203801
8218,0.00047865395564350037
8219,0.0005229292701219812
8220,1.660940267988213e-05
8221,5.77113168207897e-05
8222,1.6787982063340223e-05
8223,4.24614511092494e-05
8224,5.841521591969361e-05
8225,0.00010460082578054195
8226,0.00011767460110604862
8227,9.748200450440694e-06
8228,5.368162742137352e-06
8229,6.682322650745452e-05
8230,3.4406274382418808e-06
8231,5.7686755130885186e-05
8232,7.24146281849163e-05
8233,0.00010030627416565165
8234,0.00012536975692133503
8235,1.2124752058129855e-05
8236,3.054256586074254e-06
8237,5.9564934229472095e-06
8238,4.889995960893838e-05
8239,8.21634340371047e-05
8240,0.00012492587426842834
8241,0.0011572762483815185
8242,0.0008643198342625407
8243,6.635393951510918e-05
8244,2.032992574790862e-05
8245,1.6527220436454652e-05
8246,7.587913113070765e-06
8247,2.1353065109239574e-05
8248,5.232401085250559e-05
8249,8.34754279440988e-05
8250,0.00011780609526327655
8251,0.00013117875197403406
8252,0.0002229878756026254
8253,0.0002189232384310636
8254,0.00010143251920459613
8255,9.17354031595667e-07
8256,2.2499371601913204e-05
8257,1.8140815240538524e-05
8258,7.576329149083161e-06
8259,8.499075142957298e-05
8260,0.00047862139909617943
8261,7.476340539098691e-05
8262,7.629070973871631e-05
8263,0.0001136437711914151
8264,4.7275689568553636e-05
8265,7.334688866963388e-06
8266,1.3809374824036539e-05
8267,5.690341997208791e-06
8268,2.0547281755285094e-06
8269,3.7633192950427754e-06
8270,1.2828471301923529e-05
8271,5.0684070746990986e-05
8272,1.4287466220214826e-05
8273,6.958690123573188e-05
8274,7.318600701432644e-05
8275,7.318600701432644e-05
8276,6.317420830536158e-05
8277,5.791946300869197e-06
8278,1.875875732138765e-05
8279,2.166228762954779e-06
8280,1.7067974627455684e-05
8281,1.07879646030252e-05
8282,6.160343093575144e-06
8283,6.0969076501028455e-06
8284,3.9170616486331276e-05
8285,8.0368254331339e-05
8286,0.0001231168674370072
8287,7.336191413135363e-05
8288,4.546088498194268e-05
8289,8.83206866011341e-06
8290,1.952214717683094e-05
8291,1.1656781613180574e-05
8292,2.918564233574868e-05
8293,1.99525626208696e-05
8294,1.86487167938856e-05
8295,5.695914431217863e-06
8296,5.793840334614751e-05
8297,6.15678198665859e-05
8298,3.62243554781922e-05
8299,8.502576657730828e-05
8300,0.00015600095208407526
8301,9.807336064747841e-05
8302,4.981937147257453e-06
8303,8.189790821669921e-06
8304,2.3009756513598788e-05
8305,3.0470095037386372e-05
8306,3.7450225211240724e-05
8307,3.7450225211240724e-05
8308,3.7450225211240724e-05
8309,3.279001911652751e-05
8310,6.553630991066799e-05
8311,0.00027408646274545165
8312,0.00011092534985731862
8313,0.00010851762277754921
8314,0.0001522518329005995
8315,0.0004962349300800322
8316,1.2259052312822906e-05
8317,2.1979400082486892e-05
8318,1.909507216567699e-05
8319,2.867310389846283e-05
8320,3.0820571658454914e-05
8321,3.7450225211240724e-05
8322,3.771457022291348e-05
8323,3.897477370955694e-05
8324,4.965114592053839e-05
8325,8.850120388442418e-05
8326,0.00013335784581710723
8327,0.0001549805417238963
8328,1.529778259557298e-05
8329,1.8456813325202358e-06
8330,0.00011949404538113686
8331,2.201548366813534e-05
8332,1.7269607153254465e-05
8333,1.7269607153254465e-05
8334,1.7269607153254465e-05
8335,3.7566130376011405e-05
8336,4.806783768547033e-05
8337,3.9907761398917394e-05
8338,4.0388014653366364e-05
8339,6.556078924069454e-05
8340,7.557191398798839e-05
8341,8.097562123258284e-05
8342,5.6219645006811315e-06
8343,1.6701169093286067e-05
8344,2.2616424086256287e-05
8345,0.0009223921664647924
8346,1.7269607153254465e-05
8347,1.7269607153254465e-05
8348,1.7269607153254465e-05
8349,3.336779585240277e-05
8350,4.530702155033479e-05
8351,4.835915939695104e-05
8352,4.8387894344014986e-05
8353,6.195521056989554e-05
8354,6.930986100113772e-05
8355,2.465889352693762e-05
8356,2.06797290726157e-05
8357,2.273410744448922e-05
8358,2.2457528641696348e-05
8359,1.739253760053474e-05
8360,1.7269607153254465e-05
8361,1.7269607153254465e-05
8362,1.7269607153254465e-05
8363,1.7407819496593806e-05
8364,5.2375722562667894e-05
8365,4.835915939695104e-05
8366,4.421729102637907e-05
8367,6.52475626422369e-05
8368,4.961067203851677e-05
8369,0.0005492234295644132
8370,1.5073935569362218e-06
8371,1.1072359707413575e-05
8372,2.273410744448922e-05
8373,2.273410744448922e-05
8374,2.1943958864911672e-05
8375,1.7559378446389053e-05
8376,1.7269607153254465e-05
8377,1.7269607153254465e-05
8378,2.6874019342870246e-05
8379,6.711593440964285e-05
8380,0.00011573329038513221
8381,6.428619960992194e-05
8382,0.0002000099765909683
8383,0.0004887909258879086
8384,0.00022712475439970418
8385,8.947246063496455e-05
8386,1.7626213242731243e-05
8387,2.273410744448922e-05
8388,2.273410744448922e-05
8389,2.24292643124173e-05
8390,1.8760232045997865e-05
8391,1.7269607153254465e-05
8392,1.7847147909899417e-05
8393,1.82253228604855e-05
8394,2.9872396465186918e-05
8395,0.00013086430407909083
8396,0.00013288463572049404
8397,0.00023118137614011705
8398,0.0026434975196490654
8399,0.0007326737911222199
8400,0.000191390487943522
8401,2.655376905207715e-05
8402,3.976964612799384e-06
8403,6.434840447368332e-06
8404,2.273410744448922e-05
8405,2.273410744448922e-05
8406,2.273410744448922e-05
8407,2.134373922164972e-05
8408,1.9723866780380412e-05
8409,1.850546002028107e-05
8410,1.9723866780380412e-05
8411,1.9721121071622627e-05
8412,1.9723866780380412e-05
8413,8.793182749042161e-05
8414,0.00016831523422741927
8415,0.00023089325642220744
8416,0.0025555560495703574
8417,0.003690038849540919
8418,0.00015577162393412038
8419,0.00012522802193943488
8420,1.8434951520206943e-05
8421,1.8914988178236662e-05
8422,2.251790840626899e-05
8423,2.801369144261776e-05
8424,2.273410744448922e-05
8425,2.273410744448922e-05
8426,2.1547205686105344e-05
8427,1.920984282541303e-05
8428,1.9723866780380412e-05
8429,1.9607010168513818e-05
8430,1.9723866780380412e-05
8431,1.9723866780380412e-05
8432,2.404895878860521e-05
8433,6.856721963780231e-05
8434,0.00018467791563273595
8435,0.00031386891500689114
8436,0.0011257968280102171
8437,0.00010760332198445873
8438,6.10617902226523e-05
8439,0.00027869342362954285
8440,2.071042927604297e-06
8441,3.2424537854882946e-05
8442,3.226514704679959e-05
8443,3.224349368504131e-05
8444,2.5696562877027092e-05
8445,1.5928223599642166e-05
8446,1.9420929013451603e-05
8447,1.278970104309045e-05
8448,1.5290784523929318e-05
8449,1.9244364214787382e-05
8450,2.0103253808569485e-05
8451,2.1073111157390475e-05
8452,1.9723866780380412e-05
8453,1.9760802301306005e-05
8454,7.422188347652315e-05
8455,0.00037486868066874076
8456,9.156273207778072e-05
8457,4.505825268231935e-05
8458,0.0001881420963711955
8459,7.618457516159428e-05
8460,2.2716912263057014e-05
8461,5.546327340002599e-05
8462,4.394238017655909e-05
8463,3.201014482282994e-05
8464,3.2189014350552e-05
8465,2.7572009099028503e-05
8466,1.2611832667059955e-05
8467,1.2611832667059955e-05
8468,1.303762873536296e-05
8469,2.3309025900017035e-05
8470,2.370047737101137e-05
8471,2.2667924472984468e-05
8472,2.118784998916709e-05
8473,2.111605604897085e-05
8474,2.662351896056588e-05
8475,4.223876694193598e-05
8476,4.223876694193598e-05
8477,4.112968178350487e-05
8478,7.037383316972004e-05
8479,1.1132033963962513e-05
8480,2.154563843835519e-05
8481,9.458601440951302e-05
8482,7.414937438709793e-05
8483,3.199018734850922e-05
8484,3.195344745567308e-05
8485,3.350944357831171e-05
8486,1.3596941417304258e-05
8487,3.2663571815324836e-05
8488,1.7467832041641505e-05
8489,2.370047737101137e-05
8490,2.370047737101137e-05
8491,2.3021454879183174e-05
8492,2.2074589357543348e-05
8493,2.2074589357543348e-05
8494,3.322541222951427e-05
8495,4.223876694193598e-05
8496,4.223876694193598e-05
8497,3.5850568816752425e-05
8498,9.363109443286327e-06
8499,6.990267287808916e-06
8500,1.8052848580763413e-05
8501,5.262795899957772e-06
8502,1.1339873305432231e-05
8503,3.2428612385466855e-05
8504,2.177171678566993e-05
8505,3.1683232009457654e-05
8506,3.199292921924363e-05
8507,6.631319102379303e-05
8508,0.0009493797288512534
8509,5.68743473774936e-05
8510,3.511443644895311e-05
8511,2.370047737101137e-05
8512,2.370047737101137e-05
8513,2.2682587736681732e-05
8514,2.2497264491771934e-05
8515,2.3853369178926582e-05
8516,3.979889621888806e-05
8517,3.5930231870144006e-05
8518,5.657266970799539e-06
8519,1.9888471787024456e-05
8520,2.018684396253887e-05
8521,3.0407851045763648e-06
8522,7.652289951440435e-06
8523,9.640923047807618e-07
8524,5.211181256219356e-06
8525,1.762540746416322e-05
8526,2.112049131192592e-05
8527,0.00012473615686045813
8528,7.052077694048124e-05
8529,7.511938082611902e-05
8530,6.701152853921466e-05
8531,0.0002143084980509448
8532,0.00034956681888951245
8533,0.00019502726792925535
8534,2.5511278422308036e-05
8535,3.665323820458128e-05
8536,4.193145325798811e-05
8537,1.9425004988044026e-05
8538,3.0472192956482708e-06
8539,1.0283943636080265e-05
8540,1.571259494955357e-05
8541,2.0475423185463824e-05
8542,2.065100475881965e-05
8543,2.8641674063958705e-05
8544,1.2817853597108185e-05
8545,6.021107938769967e-06
8546,1.348010309187866e-05
8547,2.36174638942933e-05
8548,5.2199880032975996e-05
8549,7.088261644403886e-05
8550,8.808350480797089e-05
8551,8.19938247108651e-05
8552,6.53472309864687e-05
8553,5.829581445008956e-05
8554,7.339213168709103e-06
8555,1.689994187961301e-05
8556,3.5718904416195296e-05
8557,6.939364017067538e-06
8558,4.657721910511906e-06
8559,2.2103098554772075e-05
8560,1.707181651783726e-05
8561,2.3251307017676935e-05
8562,2.7059204909679075e-05
8563,2.8642348466297356e-05
8564,8.927398476378693e-06
8565,1.6570499606945403e-05
8566,1.6947337671794327e-05
8567,1.843047489782351e-05
8568,3.95100568536372e-05
8569,5.2438358431471205e-05
8570,0.00012490689059863053
8571,0.0006096513164034079
8572,8.217064744853133e-05
8573,0.0002708850804504894
8574,1.1838323930801434e-05
8575,7.852068036308618e-06
8576,3.7824285561050096e-05
8577,2.9317812213451414e-05
8578,3.676451517635997e-05
8579,2.5284391443731088e-05
8580,2.5783916756962848e-05
8581,2.754672145862723e-05
8582,2.2934075765100585e-05
8583,2.050319262167648e-05
8584,1.7670686846389414e-05
8585,1.765126519523231e-05
8586,3.096637920758519e-05
8587,3.546637123117474e-05
8588,6.248242054205377e-05
8589,0.0001343028578571523
8590,0.0009402564602247936
8591,0.0004503549796336527
8592,6.4781336380218095e-06
8593,0.00029696702534112447
8594,0.0001254067203135683
8595,4.8022203083871004e-05
8596,4.8289536816919575e-05
8597,2.6695586016206174e-05
8598,3.6247646983475726e-05
8599,2.2967873313525017e-05
8600,2.8196010217012606e-05
8601,3.077280893665366e-05
8602,3.274301793045811e-05
8603,3.284482365049922e-05
8604,3.638097583162868e-05
8605,0.0002304594242598073
8606,0.00021766799490453148
8607,6.411119212762819e-05
8608,2.0682195343547767e-05
8609,0.000598796387301288
8610,0.0006874326629975192
8611,5.3745884235274276e-05
8612,3.7029641885714036e-05
8613,4.3408082605446966e-05
8614,3.724178046601448e-05
8615,4.3630111290464834e-05
8616,3.160904310880532e-05
8617,2.18279216096789e-05
8618,3.2477880982071224e-05
8619,5.209053904594907e-05
8620,9.876840325077468e-05
8621,4.542823033910372e-05
8622,1.544992641708354e-05
8623,2.254806321305013e-05
8624,6.15261934449791e-05
8625,7.862153193543048e-05
8626,6.362462291796127e-05
8627,4.512532409521925e-05
8628,5.428414589230365e-05
8629,5.951162637728499e-05
8630,3.598889007212277e-05
8631,3.7240701970879654e-05
8632,1.8031431137485116e-05
8633,7.835341221747828e-06
8634,6.329088629369547e-05
8635,7.434581570865536e-05
8636,1.1997246436897782e-05
8637,5.121662118866545e-05
8638,7.15054391525811e-06
8639,9.618944335885353e-06
8640,5.5363793485191756e-05
8641,6.832525113782605e-05
8642,1.375287544762514e-05
8643,0.000483882250804017
8644,3.563676023387345e-05
8645,3.7317244803206185e-05
8646,1.550170397072662e-05
8647,1.1827241855327097e-05
8648,3.7001671215649746e-05
8649,7.70658451401695e-05
8650,3.0844301823512545e-05
8651,3.594959140443696e-05
8652,1.2787505624633552e-05
8653,4.092137644198295e-06
8654,5.062860939043076e-06
8655,1.1729421880900905e-05
8656,5.500882853066485e-05
8657,8.127449105097524e-05
8658,1.80993372379307e-05
8659,6.675214523825974e-06
8660,4.593604788309047e-05
8661,2.453256657789859e-06
8662,1.1469279326479901e-05
8663,8.684307111845966e-06
8664,1.246833535444228e-05
8665,3.137863590413812e-05
8666,1.5506352081496445e-05
8667,1.936027973447623e-05
8668,1.678177649953193e-06
8669,5.904218801714324e-06
8670,1.9792780924705204e-05
8671,1.646085778492779e-05
8672,1.0235956330358253e-05
8673,1.8938300487213603e-05
8674,1.4263928955340806e-05
8675,2.130255259377599e-06
8676,1.8981050950080413e-06
8677,1.750728253456959e-05
8678,1.5702921685240458e-05
8679,1.4578752757652066e-06
8680,1.0916896943801794e-05
8681,1.6744004133017714e-05
8682,2.7319179586445516e-06
8683,6.344307691643419e-07
8684,6.2548981214507785e-06
8685,1.9792780924705204e-05
8686,1.670383251064176e-05
8687,5.3120019494847945e-06
8688,2.789462421977049e-06
8689,1.7703820115607928e-05
8690,2.0427678416556224e-06
8691,1.4110867134449876e-05
8692,1.191166351757034e-05
8693,1.1515973165969014e-05
8694,5.175882284888933e-06
8695,8.534916944946568e-07
8696,8.759015450153326e-05
8697,0.0003071646563755719
8698,8.470229580196198e-05
8699,1.8453893320932836e-05
8700,5.422595699768071e-06
8701,1.2489470086187013e-05
8702,4.4879342140449195e-06
8703,2.04e-06
8704,3.908568644882443e-06
8705,2.4436081868589976e-05
8706,5.375855026891746e-05
8707,3.0376748593942076e-06
8708,7.246643818902185e-06
8709,2.093049820037915e-06
8710,2.1581415153470472e-05
8711,1.6855377315506873e-05
8712,3.0840543466032535e-06
8713,1.5286571585360117e-05
8714,2.9017203122501007e-05
8715,3.7576682163040655e-05
8716,1.7047582683694597e-05
8717,2.090136324722691e-06
8718,1.77914493640258e-05
8719,1.7442442342840396e-05
8720,1.7051821194332244e-05
8721,4.61367349066853e-06
8722,6.484715572135234e-06
8723,6.670243540736631e-06
8724,2.8780766653243403e-06
8725,2.541964365180362e-05
8726,8.17800127611409e-07
