Code,proportionToHere
1,7.409102764402545e-06
2,1.603179839810773e-05
3,2.647589825497101e-06
4,3.078579129894997e-05
5,1.9955592919533632e-05
6,3.096138404125052e-05
7,1.0067405445033413e-05
8,3.144210340400099e-05
9,1.5960654116742823e-05
10,2.3445805096023916e-05
11,3.037567384670298e-05
12,4.597238770558809e-05
13,4.674816765933774e-05
14,4.674816765933774e-05
15,4.674816765933774e-05
16,1.5520215125345882e-05
17,2.055762690058031e-05
18,3.3074919753579746e-06
19,3.54684665291882e-05
20,4.267761064636536e-05
21,4.674816765933774e-05
22,4.674816765933774e-05
23,4.674816765933774e-05
24,4.674816765933774e-05
25,3.099890985541972e-05
26,1.0022479751358315e-05
27,7.046043552182964e-06
28,4.572149636743807e-05
29,4.674816765933774e-05
30,4.06739491563387e-05
31,4.674816765933774e-05
32,4.490118093563974e-05
33,4.674816765933774e-05
34,3.056249901082788e-05
35,2.653858169810422e-06
36,1.6376021642969054e-05
37,4.674816765933774e-05
38,4.0158846619488745e-05
39,3.0501089157152725e-05
40,1.3424127490634056e-05
41,3.5751277503941705e-06
42,1.801189229164923e-05
43,4.674816765933774e-05
44,4.669737314676759e-05
45,1.1247253243144336e-05
46,1.4491082070059391e-05
47,3.959043033029255e-05
48,4.674816765933774e-05
49,4.674816765933774e-05
50,3.507592415686251e-05
51,2.646131714028584e-05
52,1.2404976935357557e-05
53,7.0974174449361715e-06
54,4.674816765933774e-05
55,4.674816765933774e-05
56,4.674816765933774e-05
57,3.8633320430937685e-05
58,1.04619697524241e-05
59,3.3469738128636346e-05
60,4.674816765933774e-05
61,3.081271805399411e-05
62,1.2329766088300793e-05
63,9.253101791352354e-06
64,3.278371628494195e-06
65,4.7691603802376e-06
66,2.8374402484551354e-06
67,6.517307958384818e-07
68,2.9592561529780634e-06
69,5.11833820896573e-08
70,2.2487885843803843e-06
71,1.2287449960157407e-05
72,1.1841411868673941e-05
73,1.2233172164198784e-05
74,8.329181268285205e-06
75,6.983058987431445e-06
76,5.0482955928511255e-06
77,8.224350615183613e-06
78,3.1469193864792675e-05
79,2.983540500319154e-05
80,2.4764585707545414e-05
81,1.236551385042618e-05
82,1.4978981697400745e-05
83,7.282880302521262e-06
84,1.13329315303914e-05
85,9.171828997075461e-06
86,1.2287449960157407e-05
87,1.2287449960157407e-05
88,1.2287449960157407e-05
89,1.1957154892506513e-05
90,1.2328693830828831e-05
91,1.2753529466147217e-05
92,1.3555847377901285e-05
93,1.1279897262932063e-05
94,9.240956646544297e-06
95,2.52524080306527e-06
96,3.766118646952753e-06
97,1.1440740320862599e-05
98,0.0004203577345997531
99,6.280012655922398e-05
100,1.8535183052154426e-05
101,1.5664098612422042e-05
102,1.5664098612422042e-05
103,1.5663099631002954e-05
104,1.291892453742327e-05
105,1.2287449960157407e-05
106,1.2287449960157407e-05
107,1.2287449960157407e-05
108,1.2287449960157407e-05
109,1.2287449960157407e-05
110,1.2539699357191275e-05
111,1.2998618077785525e-05
112,1.3555847377901285e-05
113,1.3555847377901285e-05
114,1.3555847377901285e-05
115,1.0318451568988706e-05
116,1.3483784674729333e-05
117,2.1573240261114405e-06
118,1.4787626775674352e-06
119,4.327695211824394e-05
120,0.0006944913932591509
121,0.006443263720426828
122,0.0003326462283208845
123,1.5887703884469237e-05
124,1.5664098612422042e-05
125,1.5664098612422042e-05
126,1.5649646432851162e-05
127,1.3189116538472437e-05
128,1.2287449960157407e-05
129,1.2287449960157407e-05
130,1.2287449960157407e-05
131,1.2287449960157407e-05
132,1.2287449960157407e-05
133,1.2834242505622587e-05
134,1.3555847377901285e-05
135,1.3555847377901285e-05
136,1.3555847377901285e-05
137,1.3555847377901285e-05
138,1.3555847377901285e-05
139,1.3555847377901285e-05
140,1.1158469199291662e-05
141,9.126259561854605e-06
142,8.444434948667575e-07
143,7.919831323364761e-06
144,2.4720814622532374e-05
145,7.4377280573473025e-06
146,1.6340334366199133e-05
147,0.0003230504945275381
148,3.6053484875792886e-06
149,3.0127473829119183e-06
150,3.239382096066284e-05
151,0.00035059141539182655
152,0.0013900472585646661
153,0.0003025994175376812
154,2.67288950939755e-05
155,1.9747584631438142e-05
156,1.6010936535138602e-05
157,1.5664098612422042e-05
158,1.5272371074048915e-05
159,1.2388405026832586e-05
160,1.2287449960157407e-05
161,1.2287449960157407e-05
162,1.2287449960157407e-05
163,1.2287449960157407e-05
164,1.3048978952006404e-05
165,1.3555847377901285e-05
166,1.3555847377901285e-05
167,1.3555847377901285e-05
168,1.3555847377901285e-05
169,1.3555847377901285e-05
170,1.3555847377901285e-05
171,0.000338231251279087
172,1.3555847377901285e-05
173,3.7744085785257625e-06
174,3.605992028631555e-07
175,8.516773438953802e-07
176,4.642538906951444e-06
177,1.4884134745073382e-06
178,1.9444950195799632e-05
179,2.5373479221449784e-05
180,2.5373479221449784e-05
181,2.2681103909632074e-05
182,0.00018438819581130392
183,2.0708380085435648e-05
184,2.7258169576663423e-05
185,3.042336347649466e-05
186,0.00014487460103170517
187,0.0004630047208437253
188,2.23970639843651e-05
189,2.196761782712823e-05
190,3.762068481283625e-05
191,2.135564082417231e-05
192,1.670647137692656e-05
193,0.0001077632259726421
194,9.932544485713927e-05
195,1.2287449960157407e-05
196,1.2287449960157407e-05
197,1.2287449960157407e-05
198,1.240733845404919e-05
199,1.3130971411110711e-05
200,1.3555847377901285e-05
201,1.3555847377901285e-05
202,1.3555847377901285e-05
203,1.3555847377901285e-05
204,1.3555847377901285e-05
205,1.3555847377901285e-05
206,1.3555847377901285e-05
207,1.3555847377901285e-05
208,1.93015522968134e-06
209,4.637419091414847e-07
210,3.7068479514462362e-06
211,1.11181233035667e-05
212,5.864671541131494e-06
213,1.0643465494613885e-05
214,5.941565973826947e-06
215,1.1165698216353767e-05
216,9.51316794840694e-06
217,1.1165698216353767e-05
218,1.0509558534842993e-05
219,1.1935321611970294e-05
220,5.115146614559514e-06
221,1.7599194842920327e-05
222,2.371438601366651e-05
223,2.5204029533524495e-05
224,2.5373479221449784e-05
225,2.1735225079658312e-05
226,2.0284503677187033e-05
227,2.0284503677187033e-05
228,2.9037875068022536e-05
229,3.042336347649466e-05
230,3.042336347649466e-05
231,3.042336347649466e-05
232,2.6037156728281146e-05
233,2.1265011934020436e-05
234,2.1415234113206215e-05
235,2.0790058044263043e-05
236,2.1298426205545078e-05
237,2.141164413694596e-05
238,6.561422644920518e-05
239,1.1799872971876514e-05
240,1.2122681226538053e-05
241,9.842492011239483e-06
242,1.2287449960157407e-05
243,1.2199824932379249e-05
244,1.3555847377901285e-05
245,1.3555847377901285e-05
246,1.3555847377901285e-05
247,1.3555847377901285e-05
248,1.3555847377901285e-05
249,1.3555847377901285e-05
250,1.3555847377901285e-05
251,1.3643616723490556e-05
252,1.033882547978281e-05
253,0.00045151390045497123
254,8.080069852304144e-06
255,9.90695957732248e-06
256,1.1165698216353767e-05
257,1.1165698216353767e-05
258,1.1165698216353767e-05
259,1.1165698216353767e-05
260,1.1165698216353767e-05
261,1.1165698216353767e-05
262,1.1165698216353767e-05
263,1.4093108033624505e-05
264,1.4622876418212829e-05
265,5.998693890186825e-06
266,1.473794816971186e-05
267,1.372446274201966e-05
268,3.087809923449788e-05
269,2.5373479221449784e-05
270,2.505330995037951e-05
271,2.2765409332914836e-05
272,2.0284503677187033e-05
273,2.0284503677187033e-05
274,2.0284503677187033e-05
275,2.7515676721361877e-05
276,2.3721964746374224e-05
277,2.8261820173502464e-05
278,2.1635837204145127e-05
279,2.9235219492326838e-05
280,1.9412718366782126e-05
281,1.823002038350933e-05
282,2.0699493429056257e-05
283,2.1415234113206215e-05
284,2.368798712682568e-05
285,2.1108507262851957e-05
286,1.0255237088724822e-05
287,9.337267761289234e-06
288,8.821289016014936e-06
289,9.166807598054173e-06
290,1.1122790571238312e-05
291,1.3555847377901285e-05
292,1.3555847377901285e-05
293,1.3555847377901285e-05
294,1.3555847377901285e-05
295,1.3555847377901285e-05
296,1.3555847377901285e-05
297,1.3555847377901285e-05
298,0.0008699831545404744
299,0.00012668518334095767
300,0.00011998543998259543
301,7.173937190666134e-06
302,2.977661701447537e-06
303,3.503137422534922e-06
304,1.1165698216353767e-05
305,1.1165698216353767e-05
306,1.1165698216353767e-05
307,1.1165698216353767e-05
308,1.1165698216353767e-05
309,1.1165698216353767e-05
310,1.1165698216353767e-05
311,1.1800168965145425e-05
312,2.536993577623717e-05
313,2.5373479221449784e-05
314,2.0629885111340376e-05
315,2.5373479221449784e-05
316,7.159536029564368e-05
317,0.00019688444993124467
318,2.5373479221449784e-05
319,2.5373479221449784e-05
320,2.0809964342662795e-05
321,0.00015780493334024666
322,6.557974804792387e-05
323,2.0284503677187033e-05
324,2.034489240765413e-05
325,1.7923684328242115e-05
326,0.00036299843048457524
327,1.7864925294062444e-05
328,1.7864925294062444e-05
329,1.7864925294062444e-05
330,1.7908276849824514e-05
331,1.8413142201362232e-05
332,2.0883748348299957e-05
333,2.12561449914816e-05
334,0.00028014806730864957
335,4.25006678528073e-05
336,8.821289016014936e-06
337,8.821289016014936e-06
338,8.821289016014936e-06
339,1.3003490940647287e-05
340,1.3555847377901285e-05
341,1.3555847377901285e-05
342,8.406989674620575e-05
343,1.3555847377901285e-05
344,1.3555847377901285e-05
345,1.3622313855712801e-05
346,1.3567821425932344e-05
347,1.4905612859457385e-05
348,3.589759996328551e-05
349,1.490872786468388e-05
350,1.490872786468388e-05
351,1.4550835757277257e-05
352,3.2039472490611538e-06
353,1.2922087445989294e-06
354,1.0873860072537801e-05
355,1.1165698216353767e-05
356,1.1165698216353767e-05
357,1.1165698216353767e-05
358,1.1165698216353767e-05
359,1.1165698216353767e-05
360,1.1165698216353767e-05
361,7.372216321347927e-06
362,2.4690235982883227e-05
363,2.5373479221449784e-05
364,2.5373479221449784e-05
365,2.5373479221449784e-05
366,2.5373479221449784e-05
367,2.5373479221449784e-05
368,2.5373479221449784e-05
369,2.522215758206593e-05
370,2.1267557495611065e-05
371,2.0284503677187033e-05
372,2.0284503677187033e-05
373,1.8997779726367773e-05
374,1.9695933569285083e-05
375,1.7864925294062444e-05
376,0.00010735884193978907
377,1.7864925294062444e-05
378,1.7864925294062444e-05
379,1.7864925294062444e-05
380,1.7821268307928546e-05
381,1.675711917150319e-05
382,1.9087558664017705e-05
383,1.875394617374006e-05
384,2.3967283194954184e-05
385,0.001884021096964024
386,8.821289016014936e-06
387,8.821289016014936e-06
388,1.0081244371128373e-05
389,1.3486616920324687e-05
390,1.3555847377901285e-05
391,1.3555847377901285e-05
392,1.3555847377901285e-05
393,1.3555847377901285e-05
394,1.3590560090011808e-05
395,1.4898048461396908e-05
396,1.4827752612202232e-05
397,1.490872786468388e-05
398,1.490872786468388e-05
399,1.490872786468388e-05
400,1.490872786468388e-05
401,1.490872786468388e-05
402,1.3196305822488651e-05
403,8.549952527646372e-06
404,4.849872033556723e-07
405,1.1002751830013992e-05
406,4.073473169520941e-06
407,1.4968519404732227e-06
408,3.7258941406982195e-06
409,3.596931434622705e-06
410,7.220586027124559e-06
411,1.1165698216353767e-05
412,1.1165698216353767e-05
413,1.1165698216353767e-05
414,1.1165698216353767e-05
415,1.1165698216353767e-05
416,5.122969680243349e-06
417,1.6923623539873916e-05
418,2.5373479221449784e-05
419,2.5373479221449784e-05
420,2.5373479221449784e-05
421,2.5373479221449784e-05
422,2.5373479221449784e-05
423,2.5373479221449784e-05
424,2.3121010278035995e-05
425,2.0297835032630247e-05
426,1.2394327755506319e-05
427,1.232412657341615e-05
428,8.820977049566247e-06
429,1.373834732809648e-05
430,1.7864925294062444e-05
431,1.7864925294062444e-05
432,1.7864925294062444e-05
433,1.7864925294062444e-05
434,1.7831596615467034e-05
435,1.7668846731058977e-05
436,1.6723317407106348e-05
437,1.6723317407106348e-05
438,1.9219261349802185e-05
439,2.3809215240882425e-05
440,3.600712796466781e-05
441,0.00017987234683655156
442,8.821289016014936e-06
443,9.802169886138333e-06
444,1.3276024508749425e-05
445,1.2951404849035847e-05
446,1.2356766470513545e-05
447,1.3555847377901285e-05
448,1.3555847377901285e-05
449,1.4302050961869134e-05
450,1.490872786468388e-05
451,1.490872786468388e-05
452,1.3733727958112974e-05
453,1.490872786468388e-05
454,1.490872786468388e-05
455,0.0016847227221016515
456,1.490872786468388e-05
457,1.490872786468388e-05
458,1.3949762150649595e-05
459,2.9807404111405133e-06
460,1.1165698216353767e-05
461,1.1165698216353767e-05
462,6.685002334794783e-06
463,8.092363192780473e-06
464,1.1165698216353767e-05
465,9.630786725436729e-06
466,8.807915092367002e-06
467,1.1165698216353767e-05
468,1.1165698216353767e-05
469,1.1165698216353767e-05
470,9.164459951059403e-06
471,1.1155500143279259e-05
472,7.294523861571813e-06
473,2.2098544714801034e-05
474,2.5373479221449784e-05
475,2.5373479221449784e-05
476,2.5373479221449784e-05
477,2.5373479221449784e-05
478,2.2081163410264105e-05
479,2.495081422207641e-05
480,9.263763729996011e-06
481,9.641252313648807e-06
482,0.00013930852166725726
483,5.348031263875345e-05
484,8.820977049566247e-06
485,1.0711096238280696e-05
486,1.7864925294062444e-05
487,1.7864925294062444e-05
488,1.7864925294062444e-05
489,1.7864925294062444e-05
490,1.3183575073592269e-05
491,1.406910795124235e-05
492,1.6327398534234037e-05
493,1.6723367038096465e-05
494,1.884332270560129e-05
495,2.125531777078281e-05
496,2.125531777078281e-05
497,1.9354767354899828e-05
498,1.2624242796775157e-05
499,1.2328134871129492e-05
500,1.2294645045707543e-05
501,6.308634949930939e-06
502,6.32102156225991e-06
503,1.3498164513096253e-05
504,1.2894795006821606e-05
505,1.1748570438370117e-05
506,1.2470498516303844e-05
507,1.4167511371206109e-05
508,6.182479307200065e-06
509,1.4105099594233481e-05
510,1.490872786468388e-05
511,1.490872786468388e-05
512,1.490872786468388e-05
513,1.490872786468388e-05
514,1.5913491858393924e-05
515,9.110011854828505e-07
516,4.154152261967778e-06
517,1.0312784477979739e-05
518,1.1165698216353767e-05
519,1.1145950300159259e-05
520,6.5926467006435254e-06
521,1.1165698216353767e-05
522,1.1165698216353767e-05
523,1.1165698216353767e-05
524,1.1165698216353767e-05
525,1.1165698216353767e-05
526,1.1165698216353767e-05
527,8.72356846877077e-06
528,9.118282578756628e-06
529,1.2327554441069942e-05
530,2.079305904898473e-05
531,2.5373479221449784e-05
532,2.5373479221449784e-05
533,2.5373479221449784e-05
534,2.3642917754089164e-05
535,8.820977049566247e-06
536,1.0506949376954364e-05
537,8.820977049566247e-06
538,4.452568988179392e-05
539,2.2768320896987073e-05
540,1.3323889967947073e-05
541,8.820977049566247e-06
542,1.1287244526894009e-05
543,1.7864925294062444e-05
544,1.7864925294062444e-05
545,1.7864925294062444e-05
546,1.583769089110207e-05
547,1.24373026801272e-05
548,1.5220649946571823e-05
549,1.6723317407106348e-05
550,1.6723317407106348e-05
551,1.847660677701144e-05
552,2.121425633110557e-05
553,2.125531777078281e-05
554,2.1248008692045206e-05
555,1.8786305239002144e-05
556,1.3505956806222455e-05
557,1.099352196763977e-05
558,6.173114508940135e-06
559,6.173114508940135e-06
560,8.822141704849804e-06
561,8.393661383622412e-06
562,6.179406561515606e-06
563,6.173114508940135e-06
564,6.602037092388516e-06
565,6.173114508940135e-06
566,8.311641274200817e-06
567,1.2616757189037234e-05
568,1.490872786468388e-05
569,1.490872786468388e-05
570,1.5096584428397255e-05
571,2.7254870839293845e-05
572,1.6808435255093302e-05
573,2.4858291386340148e-06
574,4.0239301814786505e-06
575,3.3764961343641026e-06
576,1.1165698216353767e-05
577,1.0307710272620265e-05
578,1.1165698216353767e-05
579,1.1165698216353767e-05
580,1.1165698216353767e-05
581,1.1165698216353767e-05
582,1.0343318709781222e-05
583,1.1165698216353767e-05
584,1.1165698216353767e-05
585,1.171214409953762e-05
586,1.932705760366578e-05
587,2.5373479221449784e-05
588,2.5373479221449784e-05
589,2.5192306404802015e-05
590,1.4515622690925347e-05
591,8.820977049566247e-06
592,8.820977049566247e-06
593,8.820977049566247e-06
594,8.820977049566247e-06
595,8.820977049566247e-06
596,8.820977049566247e-06
597,8.820977049566247e-06
598,9.744293235513738e-06
599,1.63406688272656e-05
600,1.7864925294062444e-05
601,1.7864925294062444e-05
602,1.6097515916752027e-05
603,1.24373026801272e-05
604,1.533164181759315e-05
605,1.6723317407106348e-05
606,7.800676682674312e-05
607,1.639690284356294e-05
608,2.1237952764275183e-05
609,2.125531777078281e-05
610,2.125531777078281e-05
611,1.8248900236042198e-05
612,1.3555847377901285e-05
613,9.632037928978667e-06
614,0.00014900136010910332
615,6.173114508940135e-06
616,6.336208252542504e-06
617,6.173114508940135e-06
618,6.173114508940135e-06
619,6.173114508940135e-06
620,0.00015327398748386995
621,6.173114508940135e-06
622,6.173114508940135e-06
623,7.275564314753225e-06
624,1.393277091523635e-05
625,1.662893169049326e-05
626,1.8736293227940706e-05
627,2.9717998358580394e-05
628,2.9717998358580394e-05
629,3.354252240763191e-05
630,0.0002808758691483689
631,1.158948296164965e-06
632,4.930286442369166e-06
633,6.242912816910017e-06
634,1.1165698216353767e-05
635,1.1165698216353767e-05
636,1.1165698216353767e-05
637,1.1165698216353767e-05
638,1.1165698216353767e-05
639,1.1165698216353767e-05
640,1.4174597056815484e-05
641,2.5373479221449784e-05
642,2.5373479221449784e-05
643,2.1713354209249365e-05
644,1.1214585831948766e-05
645,8.820977049566247e-06
646,8.820977049566247e-06
647,8.820977049566247e-06
648,8.820977049566247e-06
649,9.49238962514537e-06
650,8.820977049566247e-06
651,1.074182544962823e-05
652,9.226753128125427e-06
653,1.4096452052201812e-05
654,1.648531667927824e-05
655,1.4685820981427083e-05
656,1.3088804068045464e-05
657,1.24373026801272e-05
658,3.353286400761051e-05
659,1.3162296612591026e-05
660,1.4014681516201415e-05
661,1.2890886275404191e-05
662,2.1098439277926036e-05
663,1.88951111401848e-05
664,1.9184552116113287e-05
665,1.1662734870014532e-05
666,1.035852676073213e-05
667,6.173114508940135e-06
668,6.173114508940135e-06
669,6.173114508940135e-06
670,6.173114508940135e-06
671,6.173114508940135e-06
672,6.173114508940135e-06
673,6.173114508940135e-06
674,7.028839594793636e-05
675,6.173114508940135e-06
676,6.173114508940135e-06
677,6.173114508940135e-06
678,6.17877504193044e-06
679,1.788137772188158e-05
680,2.9717998358580394e-05
681,2.9717998358580394e-05
682,2.9717998358580394e-05
683,0.0003394477958881246
684,0.0013470615130652098
685,0.002183001588337034
686,0.00532424785290572
687,1.9118218501454317e-06
688,7.476322752272756e-06
689,3.054686261409404e-06
690,7.2591601644098486e-06
691,8.92201725310368e-06
692,1.1165698216353767e-05
693,1.1165698216353767e-05
694,1.1165698216353767e-05
695,1.1165698216353767e-05
696,1.1165698216353767e-05
697,1.681697403830939e-05
698,2.5373479221449784e-05
699,2.5373479221449784e-05
700,1.7566750955005012e-05
701,8.820977049566247e-06
702,8.820977049566247e-06
703,8.820977049566247e-06
704,8.820977049566247e-06
705,8.820977049566247e-06
706,1.1253619299902446e-05
707,1.2472044962156923e-05
708,1.3872782357544092e-05
709,1.3872782357544092e-05
710,1.3872782357544092e-05
711,1.3872782357544092e-05
712,2.4137048478563892e-05
713,1.24373026801272e-05
714,1.24373026801272e-05
715,1.24373026801272e-05
716,1.24373026801272e-05
717,1.24373026801272e-05
718,1.24373026801272e-05
719,1.24373026801272e-05
720,1.2902845166568603e-05
721,1.4618674999575522e-05
722,6.173114508940135e-06
723,6.173114508940135e-06
724,6.173114508940135e-06
725,6.173114508940135e-06
726,6.173114508940135e-06
727,6.173114508940135e-06
728,8.901985136290731e-06
729,6.512155831346761e-06
730,6.173114508940135e-06
731,6.173114508940135e-06
732,6.173114508940135e-06
733,6.173114508940135e-06
734,6.173114508940135e-06
735,6.173114508940135e-06
736,1.1140794380695843e-05
737,2.9717998358580394e-05
738,2.6778965117823082e-05
739,0.000278571626946899
740,2.337963620034508e-05
741,0.0011616591546350274
742,3.1604575636163896e-05
743,0.007710124698939837
744,0.0010977867601572784
745,1.6940413771388374e-06
746,6.656767984498055e-06
747,7.496984548870916e-06
748,6.312877253973644e-06
749,1.1165698216353767e-05
750,1.1165698216353767e-05
751,1.1165698216353767e-05
752,1.1165698216353767e-05
753,1.1165698216353767e-05
754,1.1165698216353767e-05
755,1.9129607859590936e-05
756,2.5373479221449784e-05
757,2.5373479221449784e-05
758,2.1924623748412864e-05
759,8.820977049566247e-06
760,9.549234841679041e-06
761,8.820977049566247e-06
762,1.0282560823675447e-05
763,8.941200994939865e-06
764,1.3507620130107758e-05
765,1.3872782357544092e-05
766,1.3872782357544092e-05
767,1.3872782357544092e-05
768,2.910862962485898e-05
769,1.3872782357544092e-05
770,1.6803131121830687e-05
771,8.847288058112647e-05
772,1.24373026801272e-05
773,1.24373026801272e-05
774,1.24373026801272e-05
775,1.24373026801272e-05
776,1.24373026801272e-05
777,1.24373026801272e-05
778,1.2382140938393346e-05
779,7.576214696814868e-06
780,6.173114508940135e-06
781,6.173114508940135e-06
782,6.173114508940135e-06
783,6.173114508940135e-06
784,6.258362861872126e-06
785,7.945972935834213e-06
786,1.2295676926626224e-05
787,1.189512239300865e-05
788,1.0887960676154311e-05
789,6.173114508940135e-06
790,4.028104005432382e-06
791,5.371205857178637e-06
792,4.991886397800389e-06
793,6.173114508940135e-06
794,3.14700232430235e-06
795,1.166859571516973e-05
796,1.975070884623864e-06
797,1.4739188858777493e-05
798,6.462241604954483e-06
799,2.9717998358580394e-05
800,2.9151526559226766e-05
801,2.6494255348511545e-05
802,0.00010527938551491497
803,0.0001361175784872253
804,7.612881260487566e-07
805,2.6217808857726707e-06
806,2.633869308056434e-06
807,4.873861838676937e-06
808,8.938523303589323e-06
809,7.626915522841207e-06
810,1.0710802628017247e-05
811,1.1165698216353767e-05
812,1.1165698216353767e-05
813,1.1165698216353767e-05
814,1.1165698216353767e-05
815,1.1268602812088865e-05
816,2.0285289757873013e-05
817,2.5373479221449784e-05
818,2.5373479221449784e-05
819,2.5373479221449784e-05
820,1.4879606218903938e-05
821,1.3872782357544092e-05
822,1.2970707327904284e-05
823,1.3872782357544092e-05
824,1.3447266914416937e-05
825,1.3872782357544092e-05
826,1.3872782357544092e-05
827,1.3725929563385455e-05
828,8.819365197803408e-05
829,1.9493010765784285e-05
830,1.3101347668235317e-05
831,1.24373026801272e-05
832,1.24373026801272e-05
833,1.24373026801272e-05
834,1.24373026801272e-05
835,1.24373026801272e-05
836,1.24373026801272e-05
837,1.24373026801272e-05
838,1.24373026801272e-05
839,1.24373026801272e-05
840,7.885803430478712e-06
841,6.173114508940135e-06
842,6.173114508940135e-06
843,9.22217766190107e-06
844,6.919965429860565e-06
845,9.761233918772351e-06
846,1.1616151101193757e-05
847,1.2295676926626224e-05
848,1.2295676926626224e-05
849,1.1630106819047994e-05
850,5.9329708574099185e-06
851,2.462548128017133e-06
852,1.9751548954076076e-06
853,2.2512121080304504e-06
854,3.2698012825867594e-06
855,1.975070884623864e-06
856,1.975070884623864e-06
857,1.975070884623864e-06
858,1.975070884623864e-06
859,1.975070884623864e-06
860,2.530730191127411e-05
861,2.59092289754241e-05
862,2.4028278220688937e-05
863,8.728963787444788e-05
864,1.798640320189246e-06
865,2.2858328165922296e-06
866,8.939813298931132e-06
867,9.357563387513645e-06
868,2.0273911434546924e-06
869,2.8128137112322737e-06
870,8.955949283239292e-06
871,1.1003895187391738e-05
872,1.1165698216353767e-05
873,1.1165698216353767e-05
874,1.1165698216353767e-05
875,1.1172740182704951e-05
876,1.6786574059480434e-05
877,2.264067551809372e-05
878,2.448955663250361e-05
879,0.00017194488171925056
880,1.6290981399634737e-05
881,1.3872782357544092e-05
882,1.3872782357544092e-05
883,1.3872782357544092e-05
884,1.3872782357544092e-05
885,1.3872782357544092e-05
886,1.3872782357544092e-05
887,1.2979810437389724e-05
888,1.24373026801272e-05
889,1.24373026801272e-05
890,1.24373026801272e-05
891,1.24373026801272e-05
892,1.24373026801272e-05
893,1.24373026801272e-05
894,1.24373026801272e-05
895,1.24373026801272e-05
896,1.24373026801272e-05
897,1.24373026801272e-05
898,1.24373026801272e-05
899,1.24373026801272e-05
900,1.0599715940226015e-05
901,6.645744820449927e-06
902,7.467119734119024e-06
903,1.2295676926626224e-05
904,1.2295676926626224e-05
905,1.2295676926626224e-05
906,1.2295676926626224e-05
907,1.2295676926626224e-05
908,1.2295676926626224e-05
909,1.0708430276182229e-05
910,4.141854428687196e-06
911,3.6093122626469584e-06
912,1.975070884623864e-06
913,1.975070884623864e-06
914,1.975070884623864e-06
915,1.975070884623864e-06
916,1.975070884623864e-06
917,1.975070884623864e-06
918,1.975070884623864e-06
919,1.975070884623864e-06
920,5.475811885395552e-06
921,1.9531943497670823e-05
922,2.4028278220688937e-05
923,5.147913036457214e-05
924,1.5462730194911916e-06
925,9.020566089648434e-06
926,1.1165698216353767e-05
927,9.303679068799502e-06
928,1.0105099340580721e-05
929,6.640731181135114e-06
930,5.095814935875198e-06
931,1.1165698216353767e-05
932,1.1165698216353767e-05
933,1.2235804471125317e-05
934,1.4133268196248076e-05
935,1.5569175223911735e-05
936,1.642384557972789e-05
937,1.9970401957117514e-05
938,1.4694031224957634e-05
939,1.3872782357544092e-05
940,1.3872782357544092e-05
941,1.3872782357544092e-05
942,1.3872782357544092e-05
943,1.3872782357544092e-05
944,1.3872782357544092e-05
945,1.3872782357544092e-05
946,1.267955081552894e-05
947,1.24373026801272e-05
948,1.24373026801272e-05
949,1.24373026801272e-05
950,1.24373026801272e-05
951,1.24373026801272e-05
952,1.24373026801272e-05
953,1.24373026801272e-05
954,1.24373026801272e-05
955,1.24373026801272e-05
956,1.24373026801272e-05
957,1.24373026801272e-05
958,1.24373026801272e-05
959,1.24373026801272e-05
960,9.258200328001781e-06
961,7.947401512068487e-06
962,1.2236063281594455e-05
963,1.2295676926626224e-05
964,1.2295676926626224e-05
965,1.2295676926626224e-05
966,1.2295676926626224e-05
967,1.2295676926626224e-05
968,1.2292155341720661e-05
969,6.6856635432271274e-06
970,4.009312643155401e-06
971,2.01846135648698e-06
972,1.975070884623864e-06
973,1.975070884623864e-06
974,1.975070884623864e-06
975,1.975070884623864e-06
976,1.975070884623864e-06
977,1.975070884623864e-06
978,1.975070884623864e-06
979,2.4994829823320914e-06
980,2.2978162733976233e-05
981,2.4028278220688937e-05
982,2.4028278220688937e-05
983,7.073855211598993e-05
984,0.0002101142694755597
985,7.629341294552747e-06
986,4.181943400669278e-06
987,6.284842140822143e-06
988,5.07028493280323e-06
989,1.1074025165468643e-05
990,4.9223925707763485e-06
991,6.082368704732291e-06
992,1.1165698216353767e-05
993,1.1165698216353767e-05
994,1.2210837668467363e-05
995,1.2247141751296471e-05
996,1.1635205104883821e-05
997,1.6296690265198625e-05
998,1.3873388281660885e-05
999,1.3872782357544092e-05
1000,1.3872782357544092e-05
1001,1.3872782357544092e-05
1002,1.3872782357544092e-05
1003,1.3872782357544092e-05
1004,1.3872782357544092e-05
1005,1.3726850605512198e-05
1006,1.24373026801272e-05
1007,1.24373026801272e-05
1008,1.24373026801272e-05
1009,1.24373026801272e-05
1010,1.24373026801272e-05
1011,1.24373026801272e-05
1012,1.24373026801272e-05
1013,1.24373026801272e-05
1014,1.24373026801272e-05
1015,1.24373026801272e-05
1016,1.24373026801272e-05
1017,1.24373026801272e-05
1018,1.24373026801272e-05
1019,1.24373026801272e-05
1020,1.1400303111652281e-05
1021,8.695387800765227e-06
1022,1.2295676926626224e-05
1023,0.00021871035149517907
1024,1.2295676926626224e-05
1025,1.2295676926626224e-05
1026,1.1956820069504974e-05
1027,1.2295676926626224e-05
1028,1.1343507373289551e-05
1029,5.514823482186739e-06
1030,4.08906115955662e-06
1031,2.6192622651168476e-06
1032,2.5993163721526382e-06
1033,1.975070884623864e-06
1034,1.975070884623864e-06
1035,1.975070884623864e-06
1036,1.975070884623864e-06
1037,1.975070884623864e-06
1038,1.9629166933880425e-06
1039,6.925791268585812e-06
1040,2.330554518253829e-05
1041,2.4028278220688937e-05
1042,1.0321309781688533e-05
1043,0.0005410778060518852
1044,7.420632557994517e-06
1045,4.771287191836553e-06
1046,4.773657441111687e-06
1047,1.0274532874190317e-05
1048,1.1165698216353767e-05
1049,1.1165698216353767e-05
1050,1.1165698216353767e-05
1051,1.1165698216353767e-05
1052,1.1165698216353767e-05
1053,1.3561954114364199e-05
1054,1.3702988651163786e-05
1055,0.002556242756826292
1056,5.701540458996545e-05
1057,1.3872782357544092e-05
1058,1.3872782357544092e-05
1059,1.3872782357544092e-05
1060,1.3872782357544092e-05
1061,1.3714506903351487e-05
1062,1.2717819691003314e-05
1063,1.24373026801272e-05
1064,1.24373026801272e-05
1065,1.24373026801272e-05
1066,1.24373026801272e-05
1067,1.24373026801272e-05
1068,1.24373026801272e-05
1069,1.24373026801272e-05
1070,1.24373026801272e-05
1071,1.24373026801272e-05
1072,1.0378606698318272e-05
1073,1.2226196252204012e-05
1074,1.24373026801272e-05
1075,1.24373026801272e-05
1076,1.219179656622628e-05
1077,9.807052134843722e-06
1078,1.2295676926626224e-05
1079,1.2295676926626224e-05
1080,1.2295676926626224e-05
1081,1.2295676926626224e-05
1082,8.202576725966155e-06
1083,9.994755147455664e-06
1084,8.767459021993461e-06
1085,4.08906115955662e-06
1086,4.08906115955662e-06
1087,4.08906115955662e-06
1088,3.82164062474099e-06
1089,2.0318377170257406e-06
1090,2.1640874494319214e-06
1091,0.00020917362290050778
1092,1.932775086525396e-06
1093,1.8715421729787602e-06
1094,1.6234757254697678e-06
1095,3.833296025768853e-06
1096,1.6522291027994847e-06
1097,2.0050582385717017e-05
1098,2.4707481242997213e-06
1099,1.471483851862567e-06
1100,0.00026376998387578815
1101,3.9256888367134566e-07
1102,2.9452397118991504e-06
1103,1.0102137747222461e-05
1104,1.0422175089512998e-05
1105,1.0997759562101526e-05
1106,1.1165698216353767e-05
1107,1.1165698216353767e-05
1108,1.1165698216353767e-05
1109,1.020508339434789e-05
1110,1.167841654786898e-05
1111,1.1434645175799984e-05
1112,0.00023949786168136407
1113,1.2617389996633352e-05
1114,1.3872782357544092e-05
1115,1.3872782357544092e-05
1116,1.3872782357544092e-05
1117,1.3872782357544092e-05
1118,1.3872782357544092e-05
1119,1.369779723276091e-05
1120,1.24373026801272e-05
1121,1.24373026801272e-05
1122,1.24373026801272e-05
1123,1.24373026801272e-05
1124,1.24373026801272e-05
1125,1.24373026801272e-05
1126,1.24373026801272e-05
1127,1.24373026801272e-05
1128,9.797056257870363e-06
1129,6.487217357565592e-06
1130,8.581304849448288e-06
1131,1.2432031772035715e-05
1132,1.24373026801272e-05
1133,1.24373026801272e-05
1134,1.1668597006915423e-05
1135,1.0475962292446625e-05
1136,1.2295676926626224e-05
1137,1.1525862839044282e-05
1138,8.03524248662207e-06
1139,6.487217357565592e-06
1140,6.549178274979304e-06
1141,6.302126081503859e-06
1142,4.08906115955662e-06
1143,4.08906115955662e-06
1144,4.08906115955662e-06
1145,4.08906115955662e-06
1146,4.01338769929621e-06
1147,3.5168015099221345e-06
1148,1.975070884623864e-06
1149,1.9750699542585843e-06
1150,1.6685599569980225e-06
1151,5.20065697104607e-06
1152,1.471483851862567e-06
1153,2.5237224052739376e-06
1154,2.2136270638561113e-06
1155,7.225704820173716e-06
1156,5.703482806030948e-06
1157,1.240936743279032e-05
1158,4.6578929569352796e-06
1159,3.406871278066263e-06
1160,4.064317572981289e-06
1161,5.237564516957573e-06
1162,1.1165698216353767e-05
1163,1.1165698216353767e-05
1164,1.1165698216353767e-05
1165,1.0673226263169392e-05
1166,1.0943429574308188e-05
1167,1.2553834330838362e-05
1168,1.3872782357544092e-05
1169,1.12033966998786e-05
1170,1.0281520747162558e-05
1171,1.3872782357544092e-05
1172,1.3872782357544092e-05
1173,1.3872782357544092e-05
1174,1.3872782357544092e-05
1175,1.3872782357544092e-05
1176,1.3815794118395802e-05
1177,1.2476203473316806e-05
1178,8.738268816094215e-06
1179,1.1991225826653416e-05
1180,7.593838597762256e-06
1181,1.24373026801272e-05
1182,1.24373026801272e-05
1183,1.24373026801272e-05
1184,5.452140116870438e-06
1185,6.823153055470663e-06
1186,6.487217357565592e-06
1187,6.655053173075827e-06
1188,1.0341887246159502e-05
1189,1.24373026801272e-05
1190,1.1650280131041682e-05
1191,9.181259877255878e-06
1192,6.487217357565592e-06
1193,9.947123536397693e-06
1194,1.1341253510335568e-05
1195,6.487243365568634e-06
1196,6.487217357565592e-06
1197,6.487217357565592e-06
1198,6.487217357565592e-06
1199,5.043082958701746e-06
1200,4.364395591447445e-06
1201,4.08906115955662e-06
1202,4.08906115955662e-06
1203,4.08906115955662e-06
1204,4.08906115955662e-06
1205,2.380792778152064e-06
1206,1.4773256887742648e-06
1207,1.7284994206992573e-06
1208,7.1200554826257955e-06
1209,3.9362911189401965e-06
1210,7.148949341059821e-06
1211,7.187424937060632e-06
1212,7.2770433095876505e-06
1213,7.2770433095876505e-06
1214,8.871983273751974e-06
1215,9.242954020590824e-06
1216,2.2515390344989006e-06
1217,4.796448005003914e-06
1218,1.1083215869696374e-05
1219,1.0102767025851221e-05
1220,8.80708486907179e-06
1221,1.1165698216353767e-05
1222,1.1165698216353767e-05
1223,1.1165698216353767e-05
1224,1.1165698216353767e-05
1225,1.2341654056106675e-05
1226,1.3872782357544092e-05
1227,1.3865885508143338e-05
1228,1.104217402018839e-05
1229,9.37612212691517e-06
1230,1.3872782357544092e-05
1231,1.3872782357544092e-05
1232,1.3872782357544092e-05
1233,1.3872782357544092e-05
1234,1.3872782357544092e-05
1235,1.3872782357544092e-05
1236,1.343424028427199e-05
1237,4.820588745114539e-06
1238,2.0320367357756824e-06
1239,2.0320367357756824e-06
1240,4.951779796618502e-06
1241,6.174649476194197e-06
1242,1.24373026801272e-05
1243,1.9322357834244666e-06
1244,2.4829121432172594e-06
1245,6.344824716882138e-06
1246,6.487217357565592e-06
1247,6.847427816673777e-06
1248,1.24373026801272e-05
1249,7.0923836993309785e-06
1250,6.487217357565592e-06
1251,6.487217357565592e-06
1252,6.766969403206618e-06
1253,6.8875424711919336e-06
1254,6.614636531758056e-06
1255,6.487217357565592e-06
1256,6.487217357565592e-06
1257,6.487217357565592e-06
1258,6.487217357565592e-06
1259,5.360461385581568e-06
1260,4.08906115955662e-06
1261,4.08906115955662e-06
1262,4.08906115955662e-06
1263,4.08906115955662e-06
1264,3.1405596487701014e-06
1265,1.4838079898617107e-06
1266,1.7622669293081631e-06
1267,3.214475986627645e-06
1268,7.2770433095876505e-06
1269,7.2770433095876505e-06
1270,7.2770433095876505e-06
1271,7.277233765068311e-06
1272,8.507576933959389e-06
1273,1.3917168009873767e-05
1274,1.3161011103649572e-05
1275,3.902838396881709e-06
1276,9.30271217243045e-06
1277,3.604833196735438e-06
1278,1.0645726575527932e-05
1279,1.1165698216353767e-05
1280,1.1165698216353767e-05
1281,1.1165698216353767e-05
1282,1.1165698216353767e-05
1283,1.2851785653799076e-05
1284,1.3872782357544092e-05
1285,1.0295537855121771e-05
1286,8.732722851447919e-06
1287,8.69565137343142e-06
1288,1.3872782357544092e-05
1289,1.3872782357544092e-05
1290,1.3872782357544092e-05
1291,1.3872782357544092e-05
1292,1.3872782357544092e-05
1293,1.3872782357544092e-05
1294,1.3582247166534142e-05
1295,2.456593291798812e-06
1296,2.0320367357756824e-06
1297,2.0320367357756824e-06
1298,2.0320367357756824e-06
1299,2.0320367357756824e-06
1300,6.789639290662343e-06
1301,1.0297358688414817e-06
1302,1.9508571692260623e-06
1303,5.034856748079532e-06
1304,6.487217357565592e-06
1305,6.487217357565592e-06
1306,7.82641174814985e-06
1307,6.487217357565592e-06
1308,6.487217357565592e-06
1309,6.487217357565592e-06
1310,6.487217357565592e-06
1311,0.0015811176747988023
1312,6.487217357565592e-06
1313,6.487217357565592e-06
1314,6.487217357565592e-06
1315,6.487217357565592e-06
1316,6.487217357565592e-06
1317,5.553353674626021e-06
1318,4.08906115955662e-06
1319,4.08906115955662e-06
1320,4.08906115955662e-06
1321,4.08906115955662e-06
1322,4.08906115955662e-06
1323,2.594769068437474e-06
1324,1.3577234987711848e-06
1325,2.7321206079658043e-06
1326,2.7317587519851512e-06
1327,7.2770433095876505e-06
1328,7.2770433095876505e-06
1329,1.2969649400888011e-05
1330,1.3540401987204326e-05
1331,1.3917168009873767e-05
1332,6.0922282709918285e-05
1333,1.2738459559332386e-06
1334,4.251062071393304e-06
1335,2.85864986093318e-06
1336,8.046055033955156e-06
1337,1.0686263787598343e-05
1338,1.1165698216353767e-05
1339,1.1165698216353767e-05
1340,1.1041168341435528e-05
1341,1.3220659665627831e-05
1342,1.1237504347224865e-05
1343,1.3770735952621834e-05
1344,1.303206586778092e-05
1345,1.0532539474876407e-05
1346,1.3663569579258922e-05
1347,1.3872782357544092e-05
1348,1.3872782357544092e-05
1349,1.3872782357544092e-05
1350,1.3872782357544092e-05
1351,1.3374080931364218e-05
1352,5.959791743259924e-06
1353,2.0320367357756824e-06
1354,2.0320367357756824e-06
1355,2.0320367357756824e-06
1356,2.0320367357756824e-06
1357,2.0320367357756824e-06
1358,2.0014498352820925e-06
1359,1.6021798453658618e-06
1360,2.0320367357756824e-06
1361,6.076315382979033e-06
1362,6.487217357565592e-06
1363,6.487217357565592e-06
1364,6.487217357565592e-06
1365,6.487217357565592e-06
1366,6.487217357565592e-06
1367,6.487217357565592e-06
1368,0.0002757494106955237
1369,6.487217357565592e-06
1370,6.487217357565592e-06
1371,6.487217357565592e-06
1372,6.487217357565592e-06
1373,6.487217357565592e-06
1374,6.487217357565592e-06
1375,6.014302204176973e-06
1376,4.08906115955662e-06
1377,4.08906115955662e-06
1378,4.08906115955662e-06
1379,4.08906115955662e-06
1380,4.08906115955662e-06
1381,4.033739669054678e-06
1382,1.9078500381324342e-06
1383,4.472241312146292e-06
1384,6.7996425859200284e-06
1385,7.819715371698676e-06
1386,8.829159129146439e-06
1387,1.3917168009873767e-05
1388,1.3917168009873767e-05
1389,1.3917168009873767e-05
1390,1.3917168009873767e-05
1391,5.578226589108042e-06
1392,2.8251893712913956e-06
1393,8.229463689303388e-06
1394,8.425875880856379e-06
1395,5.2139565650805844e-06
1396,1.1161783881767758e-05
1397,1.1165698216353767e-05
1398,1.1165708699636064e-05
1399,1.339731696789173e-05
1400,1.2773280311315632e-05
1401,1.3872782357544092e-05
1402,1.3205564867046909e-05
1403,1.1966370148729125e-05
1404,1.204684912432488e-05
1405,1.3872782357544092e-05
1406,1.3872782357544092e-05
1407,1.3872782357544092e-05
1408,1.3872782357544092e-05
1409,1.3872782357544092e-05
1410,5.830827655878362e-06
1411,2.0320367357756824e-06
1412,2.0320367357756824e-06
1413,9.660761162305604e-07
1414,1.9850108164350055e-06
1415,1.739273245401317e-06
1416,2.015816109073728e-06
1417,9.050945971594361e-06
1418,3.9588976427679164e-05
1419,7.92285166702375e-06
1420,6.487217357565592e-06
1421,6.487217357565592e-06
1422,6.487217357565592e-06
1423,6.487217357565592e-06
1424,6.487217357565592e-06
1425,6.487217357565592e-06
1426,0.0006041267433457988
1427,6.487217357565592e-06
1428,6.487217357565592e-06
1429,6.487217357565592e-06
1430,6.487217357565592e-06
1431,6.487217357565592e-06
1432,6.487217357565592e-06
1433,6.402475129880248e-06
1434,4.13642614934607e-06
1435,4.08906115955662e-06
1436,4.08906115955662e-06
1437,4.08906115955662e-06
1438,4.08906115955662e-06
1439,4.08906115955662e-06
1440,4.08906115955662e-06
1441,4.08906115955662e-06
1442,6.432696697109467e-06
1443,1.150731998535083e-05
1444,1.3579760725459559e-05
1445,1.3917168009873767e-05
1446,1.3917168009873767e-05
1447,1.3917168009873767e-05
1448,1.3917168009873767e-05
1449,9.556130932338256e-05
1450,1.4786038500223603e-06
1451,4.155157639493723e-06
1452,1.1150302529408241e-05
1453,1.0349348813675777e-05
1454,8.029693108687684e-06
1455,1.1989804622286313e-05
1456,1.3872782357544092e-05
1457,1.3872782357544092e-05
1458,1.3496891786314942e-05
1459,1.2444784823407873e-05
1460,1.3872782357544092e-05
1461,1.1064459677012976e-05
1462,1.3872835766267845e-05
1463,1.3872782357544092e-05
1464,1.3966338832926628e-05
1465,1.3872782357544092e-05
1466,1.4124573337324915e-05
1467,1.1808320109027572e-05
1468,2.0877749542569315e-06
1469,1.4781889797810777e-06
1470,8.981249240807213e-06
1471,2.7869519825675454e-06
1472,0.0003320432439121691
1473,1.114115234050485e-06
1474,0.0001123576147640214
1475,5.007617187067231e-05
1476,8.40900302743455e-06
1477,6.487217357565592e-06
1478,7.376313982631805e-06
1479,6.487217357565592e-06
1480,6.487217357565592e-06
1481,6.487217357565592e-06
1482,6.487217357565592e-06
1483,6.487217357565592e-06
1484,6.487217357565592e-06
1485,6.487217357565592e-06
1486,6.487217357565592e-06
1487,6.487217357565592e-06
1488,6.487217357565592e-06
1489,6.487217357565592e-06
1490,5.332421163467905e-06
1491,4.46603944586768e-06
1492,4.08906115955662e-06
1493,4.08906115955662e-06
1494,9.182980338350152e-05
1495,0.0005944290940544996
1496,4.08906115955662e-06
1497,4.08906115955662e-06
1498,4.08906115955662e-06
1499,5.1470465222621304e-06
1500,1.3799985608577925e-05
1501,1.3917168009873767e-05
1502,1.3917168009873767e-05
1503,1.3917168009873767e-05
1504,1.3917168009873767e-05
1505,1.3917168009873767e-05
1506,1.3917168009873767e-05
1507,5.329587364464669e-06
1508,8.265289601439792e-06
1509,1.1024788890517288e-05
1510,9.60859982812822e-06
1511,3.7598013441058463e-06
1512,1.2351311125555048e-05
1513,1.3872782357544092e-05
1514,1.3872782357544092e-05
1515,1.3872782357544092e-05
1516,1.3833551850487112e-05
1517,1.3862064777852594e-05
1518,1.1664809972902292e-05
1519,1.3738115905613538e-05
1520,1.4439004485454775e-05
1521,1.4668492456550156e-05
1522,1.4397846955214278e-05
1523,2.8106488931488095e-05
1524,2.4150066307262535e-05
1525,2.444421638391057e-05
1526,1.9086952371728786e-06
1527,1.2206230283893567e-05
1528,1.247913709632828e-05
1529,1.986421671525391e-05
1530,0.0030361482592014656
1531,0.0009635117513849008
1532,4.26290569321776e-05
1533,2.9990761282674096e-05
1534,1.1545839607811468e-05
1535,1.2477413839036249e-05
1536,7.069755289767991e-06
1537,6.487217357565592e-06
1538,0.0011680591444923664
1539,6.487217357565592e-06
1540,6.487217357565592e-06
1541,6.487217357565592e-06
1542,6.487217357565592e-06
1543,6.487217357565592e-06
1544,6.487217357565592e-06
1545,6.182521055584689e-06
1546,5.807658117872607e-06
1547,4.08906115955662e-06
1548,4.08906115955662e-06
1549,4.08906115955662e-06
1550,4.08906115955662e-06
1551,4.08906115955662e-06
1552,4.08906115955662e-06
1553,4.08906115955662e-06
1554,4.08906115955662e-06
1555,4.380779273275334e-06
1556,9.393386047771332e-06
1557,1.3039432094321774e-05
1558,1.3917168009873767e-05
1559,1.3917168009873767e-05
1560,1.3917168009873767e-05
1561,1.3917168009873767e-05
1562,1.3917168009873767e-05
1563,2.133652657453652e-05
1564,0.0018012790957244859
1565,0.0009913211169594448
1566,7.071296519724314e-07
1567,7.132574658308751e-06
1568,6.379027986290084e-06
1569,1.037966918542638e-05
1570,1.3872782357544092e-05
1571,1.2777760209861138e-05
1572,1.3872782357544092e-05
1573,1.3872782357544092e-05
1574,1.3872782357544092e-05
1575,1.3847366466937367e-05
1576,1.1460346106694874e-05
1577,1.3770004466515731e-05
1578,1.4649075159764385e-05
1579,1.4668492456550156e-05
1580,1.9965465165963056e-05
1581,3.362716064805671e-05
1582,3.362716064805671e-05
1583,2.3661481729067423e-05
1584,3.6996752673929484e-06
1585,1.6083179906387254e-05
1586,1.247913709632828e-05
1587,1.247913709632828e-05
1588,0.00022582725236132745
1589,9.189138946796388e-05
1590,0.00029479506230732546
1591,8.30107202463696e-05
1592,1.247913709632828e-05
1593,1.2337394669493976e-05
1594,8.381437593586895e-06
1595,6.487217357565592e-06
1596,6.487217357565592e-06
1597,6.487217357565592e-06
1598,6.487217357565592e-06
1599,6.487217357565592e-06
1600,6.487217357565592e-06
1601,6.487217357565592e-06
1602,6.487217357565592e-06
1603,5.400513171857522e-06
1604,4.195524144067572e-06
1605,4.08906115955662e-06
1606,4.08906115955662e-06
1607,4.08906115955662e-06
1608,4.08906115955662e-06
1609,4.08906115955662e-06
1610,7.149852604369147e-05
1611,4.08906115955662e-06
1612,4.08906115955662e-06
1613,6.223972001922605e-06
1614,1.0801610906689848e-05
1615,1.0815691834928608e-05
1616,1.3865784770051383e-05
1617,1.3917168009873767e-05
1618,1.3917168009873767e-05
1619,1.3917168009873767e-05
1620,1.3917168009873767e-05
1621,1.3917168009873767e-05
1622,2.2108774385169533e-05
1623,2.464657628488186e-05
1624,7.46611468094938e-06
1625,3.010837495391084e-06
1626,1.3720425809497482e-05
1627,8.13080892139285e-06
1628,1.1859651112776328e-05
1629,1.3872782357544092e-05
1630,1.391038504482321e-05
1631,1.3872782357544092e-05
1632,1.4151826539649346e-05
1633,1.3898154898172923e-05
1634,1.4484707638540837e-05
1635,1.4661616441391704e-05
1636,1.5460493380234743e-05
1637,2.9376893037383475e-05
1638,3.362716064805671e-05
1639,3.362716064805671e-05
1640,1.7753109479905177e-05
1641,1.5811302947404492e-05
1642,2.357022621954788e-05
1643,1.247913709632828e-05
1644,1.247913709632828e-05
1645,1.247913709632828e-05
1646,1.247913709632828e-05
1647,0.0005572776164091867
1648,1.247913709632828e-05
1649,1.247626503216189e-05
1650,9.811448659156056e-06
1651,6.939563454641186e-06
1652,6.487217357565592e-06
1653,6.487217357565592e-06
1654,6.487217357565592e-06
1655,6.487217357565592e-06
1656,6.487217357565592e-06
1657,6.487217357565592e-06
1658,6.487217357565592e-06
1659,5.6974041690580066e-06
1660,4.08906115955662e-06
1661,4.08906115955662e-06
1662,4.08906115955662e-06
1663,4.08906115955662e-06
1664,4.08906115955662e-06
1665,4.08906115955662e-06
1666,5.474447579665632e-06
1667,4.109480860936027e-06
1668,6.1060195118696816e-06
1669,4.08906115955662e-06
1670,5.296855874942586e-06
1671,1.0789612864676181e-05
1672,1.0801610906689848e-05
1673,1.1829198264061039e-05
1674,1.2100243062617445e-05
1675,1.3917168009873767e-05
1676,1.3917168009873767e-05
1677,1.3917168009873767e-05
1678,1.3917168009873767e-05
1679,1.3917168009873767e-05
1680,1.3917168009873767e-05
1681,1.0881555832669685e-05
1682,2.295277418196701e-06
1683,1.054163227663549e-06
1684,4.546904958557904e-06
1685,7.4800481834389735e-06
1686,1.005056302540141e-05
1687,1.4169173101461766e-05
1688,1.4668492456550156e-05
1689,1.4474882633410794e-05
1690,1.4668492456550156e-05
1691,1.4667855334575305e-05
1692,1.4668492456550156e-05
1693,1.4668492456550156e-05
1694,1.4670074935473886e-05
1695,3.097868230579082e-05
1696,3.362716064805671e-05
1697,3.362716064805671e-05
1698,2.990894269330769e-05
1699,3.1059071382406817e-05
1700,2.678549811729515e-05
1701,1.247913709632828e-05
1702,1.247913709632828e-05
1703,1.247913709632828e-05
1704,1.247913709632828e-05
1705,1.247913709632828e-05
1706,1.218871979810303e-05
1707,1.0175680625993106e-05
1708,8.103827315859319e-06
1709,7.565975232891157e-06
1710,7.678569769165474e-06
1711,6.6127137461925415e-06
1712,6.487217357565592e-06
1713,6.487217357565592e-06
1714,6.487217357565592e-06
1715,6.487217357565592e-06
1716,6.487217357565592e-06
1717,5.220262826404697e-06
1718,4.09495485843982e-06
1719,4.08906115955662e-06
1720,4.08906115955662e-06
1721,4.08906115955662e-06
1722,4.08906115955662e-06
1723,4.08906115955662e-06
1724,9.000372760444302e-06
1725,1.0657902488252656e-05
1726,1.0801610906689848e-05
1727,7.155735224961607e-06
1728,9.626516845392338e-06
1729,1.0801610906689848e-05
1730,1.0801610906689848e-05
1731,1.0801610906689848e-05
1732,1.0812534399531892e-05
1733,1.3558255924343947e-05
1734,1.2552283070467656e-05
1735,1.3917168009873767e-05
1736,1.3230697485293355e-05
1737,1.3870398146562217e-05
1738,1.193529076431829e-05
1739,1.3078009598662342e-05
1740,6.046572326878505e-06
1741,2.2682288196713966e-06
1742,5.4369645304686266e-06
1743,7.640031788650767e-06
1744,1.4668492456550156e-05
1745,1.4668492456550156e-05
1746,1.4668492456550156e-05
1747,1.4668492456550156e-05
1748,1.4668492456550156e-05
1749,1.4668492456550156e-05
1750,1.4668492456550156e-05
1751,1.8018708949638486e-05
1752,3.279779150052372e-05
1753,3.362716064805671e-05
1754,3.362716064805671e-05
1755,3.362716064805671e-05
1756,2.8329358578644424e-05
1757,1.247913709632828e-05
1758,1.247913709632828e-05
1759,1.247913709632828e-05
1760,1.247913709632828e-05
1761,1.2441932488696483e-05
1762,9.49281129042333e-06
1763,8.156681711295329e-06
1764,8.103827315859319e-06
1765,8.103827315859319e-06
1766,8.592657322509615e-06
1767,2.1573320147649854e-05
1768,1.2951081355449079e-05
1769,6.487217357565592e-06
1770,6.487217357565592e-06
1771,6.487217357565592e-06
1772,6.487217357565592e-06
1773,6.360240610504286e-06
1774,5.289413123287178e-06
1775,4.08906115955662e-06
1776,4.08906115955662e-06
1777,4.08906115955662e-06
1778,4.08906115955662e-06
1779,6.436022119280981e-06
1780,1.0801610906689848e-05
1781,1.0801610906689848e-05
1782,1.0801610906689848e-05
1783,1.0801610906689848e-05
1784,1.0801610906689848e-05
1785,1.0801610906689848e-05
1786,1.0801610906689848e-05
1787,1.0801610906689848e-05
1788,1.0828121114295586e-05
1789,1.5251461214069757e-05
1790,1.5781019640022217e-05
1791,1.1154542257386544e-05
1792,1.1199633207898013e-05
1793,1.1226192170648015e-05
1794,1.1199633207898013e-05
1795,1.1199633207898013e-05
1796,8.004757439565436e-06
1797,3.6179663855318654e-06
1798,1.3640168170163885e-05
1799,1.3835916583139878e-05
1800,1.4668492456550156e-05
1801,1.4668492456550156e-05
1802,1.4668492456550156e-05
1803,1.4658926961654468e-05
1804,1.4668492456550156e-05
1805,1.4668492456550156e-05
1806,1.8001568218014015e-05
1807,3.362716064805671e-05
1808,3.362716064805671e-05
1809,3.362716064805671e-05
1810,3.362716064805671e-05
1811,2.9832712684258757e-05
1812,1.247913709632828e-05
1813,1.247913709632828e-05
1814,1.247913709632828e-05
1815,1.247913709632828e-05
1816,1.1328758761736856e-05
1817,8.103827315859319e-06
1818,8.103827315859319e-06
1819,8.103827315859319e-06
1820,8.103827315859319e-06
1821,1.3773768832099197e-05
1822,2.8074461139937023e-05
1823,2.5684435731317262e-05
1824,6.747397344153431e-06
1825,6.510061744596146e-06
1826,6.487217357565592e-06
1827,6.487217357565592e-06
1828,6.487217357565592e-06
1829,6.487217357565592e-06
1830,4.186965735279403e-06
1831,4.08906115955662e-06
1832,4.08906115955662e-06
1833,4.353000715050955e-06
1834,9.518678716868348e-06
1835,1.0801610906689848e-05
1836,1.0801610906689848e-05
1837,1.0801610906689848e-05
1838,1.0801610906689848e-05
1839,1.0801610906689848e-05
1840,1.0801610906689848e-05
1841,1.0801610906689848e-05
1842,1.0840835090209021e-05
1843,1.1199491042972033e-05
1844,1.2579858857201267e-05
1845,1.1199633207898013e-05
1846,1.1199633207898013e-05
1847,1.1199633207898013e-05
1848,1.1199633207898013e-05
1849,1.1199633207898013e-05
1850,1.1199633207898013e-05
1851,8.158868160627591e-06
1852,2.774860307928028e-06
1853,1.1963140810272382e-05
1854,1.4668492456550156e-05
1855,1.2371123215653439e-05
1856,5.964779621188105e-06
1857,1.466658313010903e-05
1858,1.4668492456550156e-05
1859,1.4668492456550156e-05
1860,2.007046922054392e-05
1861,3.362716064805671e-05
1862,3.362716064805671e-05
1863,3.362716064805671e-05
1864,3.362716064805671e-05
1865,3.1171371382417654e-05
1866,1.2494791266872085e-05
1867,1.247913709632828e-05
1868,1.247913709632828e-05
1869,1.247913709632828e-05
1870,1.02176623760965e-05
1871,8.11092592887059e-06
1872,8.103827315859319e-06
1873,7.70051433883683e-06
1874,0.0003436136958224215
1875,0.002422191208925298
1876,2.8445916316981093e-05
1877,2.8640110946916415e-05
1878,2.1938887256495768e-05
1879,6.487217357565592e-06
1880,6.487217357565592e-06
1881,6.487217357565592e-06
1882,6.487217357565592e-06
1883,6.487217357565592e-06
1884,5.142004605585184e-06
1885,4.08906115955662e-06
1886,4.08906115955662e-06
1887,6.3405543101675266e-06
1888,1.0790169826405815e-05
1889,1.0801610906689848e-05
1890,1.0801610906689848e-05
1891,1.0801610906689848e-05
1892,1.0801610906689848e-05
1893,1.0801610906689848e-05
1894,1.0801610906689848e-05
1895,0.00024234573679863365
1896,1.1149487530941424e-05
1897,1.1199633207898013e-05
1898,1.1199633207898013e-05
1899,1.1199633207898013e-05
1900,1.1199633207898013e-05
1901,1.1199633207898013e-05
1902,1.1199633207898013e-05
1903,0.0005964437576685244
1904,1.1199633207898013e-05
1905,7.396083570206605e-06
1906,1.1373535855454943e-05
1907,6.24638840052734e-06
1908,6.90166674364347e-06
1909,1.4668492456550156e-05
1910,1.4668492456550156e-05
1911,1.4668492456550156e-05
1912,1.6999508064458906e-05
1913,3.1053039704697635e-05
1914,3.362716064805671e-05
1915,3.362716064805671e-05
1916,3.362716064805671e-05
1917,3.224325849919936e-05
1918,1.2745167479056293e-05
1919,1.247913709632828e-05
1920,1.247913709632828e-05
1921,1.247913709632828e-05
1922,1.2346073438524806e-05
1923,8.448454776023143e-06
1924,7.7240440342375e-06
1925,2.710035862360909e-06
1926,0.0003867395858656711
1927,0.00017309229904112331
1928,5.3975034518253e-05
1929,2.8640110946916415e-05
1930,1.642660026728076e-05
1931,6.487217357565592e-06
1932,6.487217357565592e-06
1933,6.487217357565592e-06
1934,6.487217357565592e-06
1935,6.487217357565592e-06
1936,4.820176847690468e-06
1937,7.208498701642495e-06
1938,4.08906115955662e-06
1939,8.62476530652057e-06
1940,1.0801610906689848e-05
1941,1.0801610906689848e-05
1942,1.0801610906689848e-05
1943,1.0801610906689848e-05
1944,1.0801610906689848e-05
1945,1.085108686219538e-05
1946,1.0864755115139779e-05
1947,1.1199633207898013e-05
1948,1.1199633207898013e-05
1949,1.1199633207898013e-05
1950,1.1199633207898013e-05
1951,1.1199633207898013e-05
1952,1.1199633207898013e-05
1953,1.1199633207898013e-05
1954,1.1199633207898013e-05
1955,1.1199633207898013e-05
1956,0.00016853695547137368
1957,6.385720785769203e-06
1958,9.548866801440396e-06
1959,1.4668492456550156e-05
1960,1.4668492456550156e-05
1961,1.4668492456550156e-05
1962,1.4668492456550156e-05
1963,1.4668492456550156e-05
1964,2.5808870642978472e-05
1965,3.362716064805671e-05
1966,3.362716064805671e-05
1967,3.362716064805671e-05
1968,3.3010671235429026e-05
1969,1.3301360743513324e-05
1970,1.247913709632828e-05
1971,1.247913709632828e-05
1972,1.247913709632828e-05
1973,1.0781887082305394e-05
1974,8.103827315859319e-06
1975,8.07909974645229e-06
1976,5.415029417205344e-06
1977,1.5175217506297749e-05
1978,2.6524445881443908e-05
1979,2.6669487003258326e-05
1980,1.2173088107696688e-05
1981,1.9938965956666662e-05
1982,6.487217357565592e-06
1983,6.487217357565592e-06
1984,6.487217357565592e-06
1985,6.487217357565592e-06
1986,7.755110927891858e-06
1987,8.051383986807325e-06
1988,1.0801610906689848e-05
1989,9.143513369236145e-06
1990,1.0801610906689848e-05
1991,1.0801610906689848e-05
1992,1.0801610906689848e-05
1993,1.0801610906689848e-05
1994,3.6575969111366786e-05
1995,1.082300401425082e-05
1996,1.118739279543127e-05
1997,1.1196155559037447e-05
1998,1.1199633207898013e-05
1999,1.1199633207898013e-05
2000,1.1199633207898013e-05
2001,1.1199633207898013e-05
2002,1.1199633207898013e-05
2003,1.1199633207898013e-05
2004,1.1199633207898013e-05
2005,1.1199633207898013e-05
2006,1.1199633207898013e-05
2007,1.1199633207898013e-05
2008,5.161399572007995e-06
2009,6.678691731454669e-06
2010,1.4668492456550156e-05
2011,1.4668492456550156e-05
2012,1.2470802242438754e-05
2013,1.4668492456550156e-05
2014,1.4668492456550156e-05
2015,1.5511114035123806e-05
2016,3.362716064805671e-05
2017,2.6326019564847967e-05
2018,3.362716064805671e-05
2019,3.362716064805671e-05
2020,1.4568439895092212e-05
2021,8.81144953611255e-06
2022,1.1661720554353052e-05
2023,9.477101123883628e-06
2024,8.448474011209821e-06
2025,8.103827315859319e-06
2026,8.103827315859319e-06
2027,6.84696260193069e-06
2028,1.1901911343701752e-05
2029,2.531034926697413e-05
2030,1.862455284977954e-05
2031,1.1956759486387525e-05
2032,1.968717360813973e-05
2033,2.2351694613093735e-05
2034,6.820903238757536e-06
2035,6.487217357565592e-06
2036,7.729732206509481e-06
2037,1.074505433430596e-05
2038,1.0055106340326054e-05
2039,1.0801610906689848e-05
2040,1.0801610906689848e-05
2041,1.0801610906689848e-05
2042,1.0801610906689848e-05
2043,1.0801610906689848e-05
2044,1.3721557855786179e-05
2045,1.116195536865748e-05
2046,1.1413449881133168e-05
2047,1.1199633207898013e-05
2048,1.1199633207898013e-05
2049,1.1199633207898013e-05
2050,1.1199633207898013e-05
2051,1.1199633207898013e-05
2052,1.1199633207898013e-05
2053,1.1199633207898013e-05
2054,1.1199633207898013e-05
2055,1.1199633207898013e-05
2056,1.1199633207898013e-05
2057,1.1199633207898013e-05
2058,1.1199633207898013e-05
2059,6.181291704775171e-06
2060,6.301595200022827e-07
2061,1.4668492456550156e-05
2062,1.4618405356360341e-05
2063,1.0192114352177563e-05
2064,1.4668492456550156e-05
2065,1.4668492456550156e-05
2066,1.4668492456550156e-05
2067,1.5294774581971486e-05
2068,9.881616295497816e-06
2069,1.569183924601362e-05
2070,1.715647461327346e-05
2071,2.9363775878903934e-05
2072,1.7759121209806146e-05
2073,8.103827315859319e-06
2074,8.103827315859319e-06
2075,8.103827315859319e-06
2076,8.103827315859319e-06
2077,8.103827315859319e-06
2078,8.103827315859319e-06
2079,4.176279520658553e-06
2080,1.817394255377545e-05
2081,1.8638862274939707e-05
2082,1.0169016802808582e-05
2083,2.8640110946916415e-05
2084,2.8640110946916415e-05
2085,1.9217464252305045e-05
2086,6.487217357565592e-06
2087,7.922227344623145e-06
2088,1.0801610906689848e-05
2089,1.0801610906689848e-05
2090,1.0801610906689848e-05
2091,2.8561518579851176e-05
2092,8.406888561028955e-05
2093,1.0801610906689848e-05
2094,1.0801610906689848e-05
2095,1.0810733304770317e-05
2096,1.1164965278170151e-05
2097,1.1199633207898013e-05
2098,1.1199633207898013e-05
2099,1.1199633207898013e-05
2100,1.1199633207898013e-05
2101,1.1199633207898013e-05
2102,1.1199633207898013e-05
2103,1.1199633207898013e-05
2104,1.1199633207898013e-05
2105,1.1199633207898013e-05
2106,1.1199633207898013e-05
2107,1.1199633207898013e-05
2108,1.1199633207898013e-05
2109,1.1199633207898013e-05
2110,6.331132971970228e-05
2111,5.67952947800871e-06
2112,6.859901795710896e-06
2113,1.0709356439790237e-05
2114,1.4668492456550156e-05
2115,1.4668492456550156e-05
2116,1.4668492456550156e-05
2117,1.4610287367260065e-05
2118,1.0954080162396237e-05
2119,9.554754751993136e-06
2120,9.554754751993136e-06
2121,1.4159808321532583e-05
2122,1.951781076733832e-05
2123,8.472008603098773e-06
2124,8.157308394063396e-06
2125,8.103827315859319e-06
2126,8.103827315859319e-06
2127,8.103827315859319e-06
2128,8.103827315859319e-06
2129,4.641855298183631e-06
2130,1.2770138398477387e-05
2131,1.664756758420415e-05
2132,1.6308477163988945e-05
2133,2.4517761323812155e-05
2134,2.8640110946916415e-05
2135,2.6236153510002393e-05
2136,1.2514890878406857e-05
2137,9.317666019779362e-06
2138,1.0801610906689848e-05
2139,1.0801610906689848e-05
2140,1.0801610906689848e-05
2141,8.263427729188534e-05
2142,5.6831719405894745e-05
2143,1.254922865221594e-05
2144,1.0801610906689848e-05
2145,1.0802962010962042e-05
2146,1.2143028985388327e-05
2147,1.1199633207898013e-05
2148,1.1199633207898013e-05
2149,1.1199633207898013e-05
2150,1.1199633207898013e-05
2151,1.1199633207898013e-05
2152,1.1199633207898013e-05
2153,1.1199633207898013e-05
2154,1.121146361367979e-05
2155,1.1199633207898013e-05
2156,1.1199633207898013e-05
2157,1.1199633207898013e-05
2158,1.1199633207898013e-05
2159,1.1199633207898013e-05
2160,2.672926941561943e-05
2161,7.094202121462476e-05
2162,1.0241161357735514e-06
2163,1.2481484266749252e-05
2164,1.2250640546343294e-05
2165,1.4668492456550156e-05
2166,1.4668492456550156e-05
2167,1.4668492456550156e-05
2168,1.065796620382838e-05
2169,9.554754751993136e-06
2170,9.554754751993136e-06
2171,9.554754751993136e-06
2172,9.554754751993136e-06
2173,1.0114506702223513e-05
2174,9.288945644110944e-06
2175,8.103827315859319e-06
2176,8.103827315859319e-06
2177,8.103827315859319e-06
2178,8.103827315859319e-06
2179,5.2808295730497445e-06
2180,1.5481030496039406e-05
2181,2.8640110946916415e-05
2182,2.8640110946916415e-05
2183,1.3679323334132572e-05
2184,2.5759983320840594e-05
2185,2.8640110946916415e-05
2186,1.6135371697143795e-05
2187,1.0801610906689848e-05
2188,1.0801610906689848e-05
2189,1.0801610906689848e-05
2190,1.0801610906689848e-05
2191,1.0801610906689848e-05
2192,1.0801610906689848e-05
2193,1.0801610906689848e-05
2194,1.0801610906689848e-05
2195,1.0801610906689848e-05
2196,1.3497937578069859e-05
2197,1.2788571603403838e-05
2198,1.2604310788292264e-05
2199,1.1199633207898013e-05
2200,1.1199633207898013e-05
2201,1.1199633207898013e-05
2202,1.1199633207898013e-05
2203,1.1199633207898013e-05
2204,1.2783958194109116e-05
2205,1.1277291585660674e-05
2206,1.1199633207898013e-05
2207,1.1199633207898013e-05
2208,1.582902607363665e-05
2209,1.7924014596895778e-05
2210,6.80680033454188e-05
2211,6.248494358023467e-05
2212,8.539040434475843e-06
2213,1.4668492456550156e-05
2214,1.4113523452945176e-05
2215,1.3604945960921466e-05
2216,9.554754751993136e-06
2217,9.554754751993136e-06
2218,9.554754751993136e-06
2219,9.554754751993136e-06
2220,9.554754751993136e-06
2221,9.554754751993136e-06
2222,9.554754751993136e-06
2223,8.36912905298919e-06
2224,8.103827315859319e-06
2225,8.103827315859319e-06
2226,8.103827315859319e-06
2227,7.1483227040541415e-06
2228,1.8006264405527492e-05
2229,2.8640110946916415e-05
2230,2.8640110946916415e-05
2231,2.077581929005789e-05
2232,2.006258004450059e-05
2233,2.8640110946916415e-05
2234,1.759363335883278e-05
2235,1.0801610906689848e-05
2236,1.0801610906689848e-05
2237,1.0801610906689848e-05
2238,1.0801610906689848e-05
2239,1.0801610906689848e-05
2240,1.0801610906689848e-05
2241,1.0801610906689848e-05
2242,1.0801610906689848e-05
2243,1.0898551254460792e-05
2244,1.4035753792947544e-05
2245,1.4078738926608317e-05
2246,1.4078738926608317e-05
2247,1.2417840621789174e-05
2248,1.2227163052103547e-05
2249,1.1199633207898013e-05
2250,1.2922432968038344e-05
2251,1.2649531596526634e-05
2252,1.3996915662576995e-05
2253,1.1204210543198188e-05
2254,1.1346934075719173e-05
2255,1.415619042732884e-05
2256,4.20297790599648e-05
2257,4.20297790599648e-05
2258,0.00013516713059650185
2259,0.004885108048868818
2260,5.881588662300118e-07
2261,3.4853804068738665e-06
2262,1.050826799754493e-05
2263,9.554754751993136e-06
2264,9.76343847488246e-06
2265,9.554754751993136e-06
2266,9.554754751993136e-06
2267,9.554754751993136e-06
2268,9.554754751993136e-06
2269,9.554754751993136e-06
2270,9.554754751993136e-06
2271,9.554754751993136e-06
2272,8.576589265249074e-06
2273,8.103827315859319e-06
2274,8.103827315859319e-06
2275,1.317314841164127e-05
2276,8.103827315859319e-06
2277,2.3895768724997114e-05
2278,2.8640110946916415e-05
2279,2.8640110946916415e-05
2280,2.8640110946916415e-05
2281,2.3989916757988045e-05
2282,2.8640110946916415e-05
2283,1.7719571854423424e-05
2284,1.0801610906689848e-05
2285,1.0801610906689848e-05
2286,1.0801610906689848e-05
2287,7.5670222975508175e-06
2288,9.538733898227831e-06
2289,1.1555342799201614e-05
2290,1.0801610906689848e-05
2291,0.00011128071341447557
2292,1.2992253310055588e-05
2293,1.4078738926608317e-05
2294,1.4078738926608317e-05
2295,1.4078738926608317e-05
2296,1.4078738926608317e-05
2297,1.4078738926608317e-05
2298,1.2707919318397902e-05
2299,1.4078738926608317e-05
2300,1.4078738926608317e-05
2301,1.4078738926608317e-05
2302,1.347409573781824e-05
2303,1.4141847468648707e-05
2304,3.0453199162290726e-05
2305,4.20297790599648e-05
2306,4.20297790599648e-05
2307,4.20297790599648e-05
2308,0.0002132708773545447
2309,2.18908371935811e-05
2310,6.572175973870185e-06
2311,8.440856587577969e-06
2312,9.554754751993136e-06
2313,9.554754751993136e-06
2314,9.554754751993136e-06
2315,9.554754751993136e-06
2316,9.554754751993136e-06
2317,9.554754751993136e-06
2318,9.554754751993136e-06
2319,9.554754751993136e-06
2320,9.173270369652743e-06
2321,9.07714493032738e-06
2322,1.0695513633637023e-05
2323,2.8640110946916415e-05
2324,2.816012048133644e-05
2325,2.8640110946916415e-05
2326,2.8640110946916415e-05
2327,2.8640110946916415e-05
2328,2.8640110946916415e-05
2329,2.8640110946916415e-05
2330,2.8630913852407693e-05
2331,1.1937394600521252e-05
2332,1.0801610906689848e-05
2333,1.0801610906689848e-05
2334,1.078169918056817e-05
2335,1.712079799993628e-06
2336,1.1236201535309756e-05
2337,1.4078738926608317e-05
2338,0.0001524492566233348
2339,8.007146483931401e-05
2340,1.4078738926608317e-05
2341,1.4078738926608317e-05
2342,1.4078738926608317e-05
2343,1.4078738926608317e-05
2344,1.4078738926608317e-05
2345,1.4078738926608317e-05
2346,1.4078738926608317e-05
2347,1.4078738926608317e-05
2348,1.4078738926608317e-05
2349,1.4078738926608317e-05
2350,1.4078738926608317e-05
2351,2.9069819305031478e-05
2352,4.168750324893477e-05
2353,4.20297790599648e-05
2354,6.131519931631008e-05
2355,0.00023242932646872587
2356,4.1366182362616554e-05
2357,0.0011179208765708089
2358,5.605514612279032e-06
2359,3.312458012223952e-06
2360,9.554754751993136e-06
2361,9.554754751993136e-06
2362,9.554754751993136e-06
2363,9.554754751993136e-06
2364,9.554754751993136e-06
2365,9.554754751993136e-06
2366,9.554754751993136e-06
2367,9.554754751993136e-06
2368,9.554754751993136e-06
2369,9.602529820443884e-06
2370,2.1244189903881735e-05
2371,2.8640110946916415e-05
2372,2.8640110946916415e-05
2373,2.8640110946916415e-05
2374,2.8640110946916415e-05
2375,2.8640110946916415e-05
2376,2.8640110946916415e-05
2377,2.8640110946916415e-05
2378,2.8266774274684003e-05
2379,1.9565836830023326e-05
2380,1.0801610906689848e-05
2381,1.0801610906689848e-05
2382,1.0433359344950655e-05
2383,8.252397236085285e-06
2384,1.3913332424699659e-05
2385,1.4078738926608317e-05
2386,1.4078738926608317e-05
2387,1.4078738926608317e-05
2388,1.4078738926608317e-05
2389,1.4078738926608317e-05
2390,1.4078738926608317e-05
2391,1.4078738926608317e-05
2392,1.4078738926608317e-05
2393,1.4078738926608317e-05
2394,1.4078738926608317e-05
2395,1.4078738926608317e-05
2396,1.4078738926608317e-05
2397,1.4078738926608317e-05
2398,1.4078894863580822e-05
2399,4.0546744078489986e-05
2400,4.20297790599648e-05
2401,3.868616520032227e-05
2402,5.609163116075606e-05
2403,3.233693988637437e-05
2404,4.458638306886872e-05
2405,0.00011271367681504313
2406,3.0546909313506005e-05
2407,2.3939864992240533e-05
2408,7.548012396291561e-06
2409,9.554754751993136e-06
2410,9.554754751993136e-06
2411,9.554754751993136e-06
2412,9.554754751993136e-06
2413,9.554754751993136e-06
2414,9.554754751993136e-06
2415,9.554754751993136e-06
2416,9.554754751993136e-06
2417,9.554754751993136e-06
2418,1.4460557168109092e-05
2419,1.4653483969381378e-05
2420,2.8496679676095255e-05
2421,1.4896718269197833e-05
2422,2.765167090206946e-05
2423,2.309906684286006e-05
2424,2.672136013514708e-05
2425,2.8300514948605523e-05
2426,2.8640110946916415e-05
2427,2.8569692331904876e-05
2428,1.1267912332978784e-05
2429,1.0801610906689848e-05
2430,1.0801610906689848e-05
2431,1.1914210441231422e-05
2432,1.4078738926608317e-05
2433,1.4078738926608317e-05
2434,1.4078738926608317e-05
2435,1.4078738926608317e-05
2436,1.4078738926608317e-05
2437,1.4078738926608317e-05
2438,1.4078738926608317e-05
2439,1.4078738926608317e-05
2440,1.4078738926608317e-05
2441,1.4078738926608317e-05
2442,1.4078738926608317e-05
2443,1.4078738926608317e-05
2444,1.4078738926608317e-05
2445,1.4078738926608317e-05
2446,1.6098628171725954e-05
2447,2.2584223452472813e-05
2448,2.917757935107934e-05
2449,3.181605343654214e-05
2450,3.233693988637437e-05
2451,3.233693988637437e-05
2452,3.233693988637437e-05
2453,3.233693988637437e-05
2454,3.233693988637437e-05
2455,3.233693988637437e-05
2456,1.7241445144936164e-05
2457,8.262631330080253e-06
2458,3.328436189617786e-06
2459,4.762170364657978e-06
2460,9.554754751993136e-06
2461,8.446187331290922e-06
2462,9.554754751993136e-06
2463,8.68385280781971e-06
2464,9.554754751993136e-06
2465,9.554754751993136e-06
2466,9.554754751993136e-06
2467,9.554754751993136e-06
2468,9.554754751993136e-06
2469,9.554754751993136e-06
2470,1.1784377786524585e-05
2471,9.554754751993136e-06
2472,1.3183457809896315e-05
2473,1.0750518743196802e-05
2474,9.955137700202906e-06
2475,1.4764870406710152e-05
2476,2.844400368899751e-05
2477,2.837273379385553e-05
2478,1.9324679205775173e-05
2479,1.1423216197960927e-05
2480,1.0801610906689848e-05
2481,1.339679646233702e-05
2482,1.4078738926608317e-05
2483,1.4078738926608317e-05
2484,1.4078738926608317e-05
2485,1.4078738926608317e-05
2486,1.4078738926608317e-05
2487,1.4078738926608317e-05
2488,1.4078738926608317e-05
2489,1.4078738926608317e-05
2490,1.4078738926608317e-05
2491,1.4078738926608317e-05
2492,1.4078738926608317e-05
2493,1.4078738926608317e-05
2494,1.4078738926608317e-05
2495,1.4078738926608317e-05
2496,0.000559421388879308
2497,1.4078738926608317e-05
2498,1.826453074126456e-05
2499,3.233693988637437e-05
2500,3.233693988637437e-05
2501,3.233693988637437e-05
2502,0.0003286772473793495
2503,3.233693988637437e-05
2504,3.233693988637437e-05
2505,3.082002856950225e-05
2506,2.4018709049078965e-05
2507,1.8866345462844544e-05
2508,6.1553170864143e-06
2509,5.790277117069244e-06
2510,4.851956689195852e-07
2511,5.309670955388483e-06
2512,5.777501597559319e-06
2513,4.819631870613336e-06
2514,9.554754751993136e-06
2515,9.554754751993136e-06
2516,9.554754751993136e-06
2517,9.554754751993136e-06
2518,9.554754751993136e-06
2519,9.554754751993136e-06
2520,9.554754751993136e-06
2521,9.554754751993136e-06
2522,9.554754751993136e-06
2523,9.554754751993136e-06
2524,1.3710626546608892e-05
2525,2.2389787873581614e-05
2526,2.7972290033293727e-05
2527,1.4004166957501657e-05
2528,1.1172564529615121e-05
2529,1.4068098886463677e-05
2530,1.4078738926608317e-05
2531,1.4078738926608317e-05
2532,1.4078738926608317e-05
2533,1.4078738926608317e-05
2534,1.4078738926608317e-05
2535,1.4078738926608317e-05
2536,1.4078738926608317e-05
2537,1.4078738926608317e-05
2538,1.4078738926608317e-05
2539,6.151247429170555e-05
2540,1.4078738926608317e-05
2541,1.4078738926608317e-05
2542,1.4078738926608317e-05
2543,1.4078738926608317e-05
2544,1.4078738926608317e-05
2545,1.4078738926608317e-05
2546,2.1168663569000865e-05
2547,3.233693988637437e-05
2548,3.233693988637437e-05
2549,3.233693988637437e-05
2550,0.00039578318250553453
2551,3.233693988637437e-05
2552,3.223874539437955e-05
2553,2.0073328959589795e-05
2554,1.8866345462844544e-05
2555,1.8866345462844544e-05
2556,1.8866345462844544e-05
2557,1.8866345462844544e-05
2558,5.673132029917943e-06
2559,5.323076223979546e-06
2560,7.530638289961908e-06
2561,9.554754751993136e-06
2562,9.554754751993136e-06
2563,9.554754751993136e-06
2564,9.554754751993136e-06
2565,9.554754751993136e-06
2566,9.554754751993136e-06
2567,9.554754751993136e-06
2568,9.554754751993136e-06
2569,9.86144124328904e-06
2570,9.946316308079934e-06
2571,1.558794707215556e-05
2572,2.62061387204249e-05
2573,1.1583082017028063e-05
2574,1.1060473369092001e-05
2575,1.3886728649801641e-05
2576,1.4078738926608317e-05
2577,1.4078738926608317e-05
2578,1.4078738926608317e-05
2579,1.4078738926608317e-05
2580,1.4078738926608317e-05
2581,1.4078738926608317e-05
2582,1.4078738926608317e-05
2583,1.4078738926608317e-05
2584,0.00024679238452582456
2585,7.828516887909092e-06
2586,1.4078738926608317e-05
2587,1.4078738926608317e-05
2588,1.4078738926608317e-05
2589,1.4078738926608317e-05
2590,1.4078738926608317e-05
2591,1.4078738926608317e-05
2592,2.6388319664508296e-05
2593,3.1468272074672786e-05
2594,3.233693988637437e-05
2595,3.233693988637437e-05
2596,3.233693988637437e-05
2597,2.7352231049928872e-05
2598,2.179942309939814e-05
2599,1.8866345462844544e-05
2600,1.8866345462844544e-05
2601,1.8866345462844544e-05
2602,1.8866345462844544e-05
2603,1.8866345462844544e-05
2604,1.8854707527168485e-05
2605,1.8560604335667862e-05
2606,4.594448175522242e-06
2607,4.18462636912072e-06
2608,9.428281783268989e-07
2609,9.516193273542473e-07
2610,9.516979886506964e-06
2611,9.554754751993136e-06
2612,9.554754751993136e-06
2613,9.554754751993136e-06
2614,9.554754751993136e-06
2615,9.554754751993136e-06
2616,9.554754751993136e-06
2617,9.554754751993136e-06
2618,1.2309389242321724e-05
2619,1.2636247479908015e-05
2620,1.2636247479908015e-05
2621,1.2593023101450755e-05
2622,1.0809869524767782e-05
2623,1.2266942706365441e-05
2624,1.4078738926608317e-05
2625,1.4078738926608317e-05
2626,1.4078738926608317e-05
2627,1.4078738926608317e-05
2628,1.4078738926608317e-05
2629,1.4078738926608317e-05
2630,1.4078738926608317e-05
2631,1.4078738926608317e-05
2632,1.1229225089912155e-05
2633,1.7105655544616264e-06
2634,1.3291929196074141e-05
2635,1.4078738926608317e-05
2636,1.4078738926608317e-05
2637,1.4078738926608317e-05
2638,1.4078738926608317e-05
2639,1.4078738926608317e-05
2640,2.1144899030070915e-05
2641,1.4323871136487116e-05
2642,2.8999308826581385e-05
2643,2.6829542845270766e-05
2644,3.233693988637437e-05
2645,2.176887366733484e-05
2646,1.8866345462844544e-05
2647,1.8866345462844544e-05
2648,1.8866345462844544e-05
2649,1.8866345462844544e-05
2650,1.8866345462844544e-05
2651,0.0003541514723646771
2652,1.8809552335604587e-05
2653,1.8562389821808682e-05
2654,1.8560604335667862e-05
2655,1.8560604335667862e-05
2656,3.926939735905257e-06
2657,4.767691925213965e-06
2658,2.766483595603765e-06
2659,5.288009259269341e-06
2660,9.554754751993136e-06
2661,9.554754751993136e-06
2662,9.554754751993136e-06
2663,9.555308229206694e-06
2664,9.554754751993136e-06
2665,1.1674513134428886e-05
2666,1.241572873704637e-05
2667,1.2636247479908015e-05
2668,1.2636247479908015e-05
2669,1.2636247479908015e-05
2670,1.2088309785488848e-05
2671,1.1452246019776689e-05
2672,1.3961495721205537e-05
2673,1.4078738926608317e-05
2674,1.4078738926608317e-05
2675,1.4078738926608317e-05
2676,1.4078738926608317e-05
2677,1.4078738926608317e-05
2678,1.4078738926608317e-05
2679,1.4078738926608317e-05
2680,1.3809575016887036e-05
2681,4.631701868921903e-06
2682,1.3433111500151666e-05
2683,1.4078738926608317e-05
2684,1.4078738926608317e-05
2685,1.4078738926608317e-05
2686,1.4078738926608317e-05
2687,1.4078738926608317e-05
2688,1.4264573163025362e-05
2689,1.4078738926608317e-05
2690,1.4078738926608317e-05
2691,1.530470953468957e-05
2692,2.0306421299990803e-05
2693,1.8288905029320636e-05
2694,1.8817891649730077e-05
2695,1.5432371320545838e-05
2696,1.8866345462844544e-05
2697,1.8866345462844544e-05
2698,2.7414826695126755e-05
2699,0.0003304029513726208
2700,0.002878637875657106
2701,0.00011881165307693776
2702,1.8560604335667862e-05
2703,1.8560604335667862e-05
2704,1.8560604335667862e-05
2705,1.8560604335667862e-05
2706,6.646754917615279e-06
2707,1.6468367867315476e-05
2708,1.2031845805229485e-05
2709,8.52014089432541e-06
2710,9.554754751993136e-06
2711,9.554754751993136e-06
2712,1.161390204628475e-05
2713,1.1569446627889815e-05
2714,1.2636247479908015e-05
2715,1.2636247479908015e-05
2716,1.2636247479908015e-05
2717,1.2636247479908015e-05
2718,1.2636247479908015e-05
2719,1.2636247479908015e-05
2720,1.2847060322167442e-05
2721,1.2901602134034118e-05
2722,1.4041260577902876e-05
2723,1.4078738926608317e-05
2724,1.4078738926608317e-05
2725,1.4078738926608317e-05
2726,1.4078738926608317e-05
2727,1.4078738926608317e-05
2728,1.4078738926608317e-05
2729,1.4078738926608317e-05
2730,5.4463039485811e-06
2731,1.2992741987359245e-05
2732,1.4078738926608317e-05
2733,1.3866361346703411e-05
2734,1.1372943760900759e-05
2735,1.4078738926608317e-05
2736,1.1998901626847682e-05
2737,1.4078738926608317e-05
2738,1.4078738926608317e-05
2739,1.4078738926608317e-05
2740,7.640959897040188e-06
2741,4.135640414295539e-06
2742,1.0858696816564629e-05
2743,1.1589625451435403e-05
2744,1.0833791798027438e-05
2745,1.6239391442615197e-05
2746,1.8865008712738813e-05
2747,1.8866345462844544e-05
2748,1.8866345462844544e-05
2749,9.924480163212033e-05
2750,1.9469802958031157e-05
2751,1.8560604335667862e-05
2752,1.8560604335667862e-05
2753,1.8560604335667862e-05
2754,2.0823492832570127e-05
2755,2.611120839942434e-05
2756,9.983992210876055e-05
2757,2.0068240716149787e-05
2758,2.078426885033724e-05
2759,5.084808652057502e-07
2760,5.43018523750796e-06
2761,6.776756561971388e-06
2762,1.0559198623422405e-05
2763,8.369739332576425e-06
2764,3.919564977935463e-05
2765,1.2453591515325337e-05
2766,5.497045535654961e-05
2767,1.6756648730480275e-06
2768,3.248236139016827e-06
2769,1.0611823147558945e-05
2770,1.2636247479908015e-05
2771,1.2636247479908015e-05
2772,1.2636247479908015e-05
2773,1.2636247479908015e-05
2774,1.2636247479908015e-05
2775,1.2636247479908015e-05
2776,1.2636247479908015e-05
2777,1.2636247479908015e-05
2778,1.8913867655445328e-05
2779,1.407627937527798e-05
2780,1.6665772293431223e-05
2781,1.5266512641714268e-05
2782,1.9102402407674844e-05
2783,1.4078738926608317e-05
2784,1.4078738926608317e-05
2785,1.4078738926608317e-05
2786,1.4078738926608317e-05
2787,1.4078738926608317e-05
2788,1.3562353950266828e-05
2789,1.4078355647424825e-05
2790,1.3921797940757175e-05
2791,8.074631407969479e-06
2792,1.1621153703086642e-06
2793,5.58514277038144e-06
2794,8.322224806767951e-07
2795,1.2931622440187995e-05
2796,1.0318146615458288e-05
2797,1.0810982010561689e-05
2798,1.0666576541832484e-06
2799,4.330773974935983e-06
2800,1.0833791798027438e-05
2801,1.0833791798027438e-05
2802,1.0833791798027438e-05
2803,1.1466839293744247e-05
2804,1.601042194299761e-05
2805,1.8866345462844544e-05
2806,1.8866345462844544e-05
2807,1.886222797790775e-05
2808,1.8571034617363293e-05
2809,1.8560604335667862e-05
2810,1.8575461496590692e-05
2811,1.8560604335667862e-05
2812,2.9204841351923515e-05
2813,3.1519879534288887e-05
2814,3.360366277469376e-05
2815,0.00023261194591095866
2816,2.3404741999827816e-05
2817,0.0
2818,0.0
2819,6.858306349239137e-06
2820,6.53212849827814e-06
2821,1.9203909201437475e-05
2822,2.7301119407078655e-05
2823,2.7301119407078655e-05
2824,5.013192602269712e-05
2825,4.672757528586865e-06
2826,5.007712086485476e-05
2827,9.130241529598829e-06
2828,4.836348163237314e-07
2829,4.840563488532902e-06
2830,5.527317339043391e-06
2831,1.2636247479908015e-05
2832,1.2636247479908015e-05
2833,1.2636247479908015e-05
2834,1.2636247479908015e-05
2835,1.2636247479908015e-05
2836,1.7350803955146493e-05
2837,1.8055744771147148e-05
2838,2.0973077873497693e-05
2839,2.035526854719448e-05
2840,2.0255677208891563e-05
2841,3.763991017277165e-05
2842,1.4078738926608317e-05
2843,1.4078738926608317e-05
2844,1.4078738926608317e-05
2845,1.4078738926608317e-05
2846,1.4078738926608317e-05
2847,1.4078738926608317e-05
2848,1.4078738926608317e-05
2849,1.4078738926608317e-05
2850,1.3611918588454122e-05
2851,1.1009943313132258e-06
2852,4.787398028261823e-07
2853,4.787398028261823e-07
2854,4.787398028261823e-07
2855,1.1767001838731241e-06
2856,4.340839493970496e-06
2857,2.9313700359866996e-06
2858,1.0622034455566031e-05
2859,1.0739943176479424e-05
2860,1.0833791798027438e-05
2861,1.0833791798027438e-05
2862,1.0833791798027438e-05
2863,1.118718896563153e-05
2864,1.6286097968072036e-05
2865,1.3782530860685439e-05
2866,1.299872904642799e-05
2867,1.6041673399925355e-05
2868,1.769665754480387e-05
2869,1.8560604335667862e-05
2870,2.2877622698055708e-05
2871,0.00022774488631292328
2872,3.1519879534288887e-05
2873,3.1519879534288887e-05
2874,3.1519879534288887e-05
2875,0.0002775777876874411
2876,3.1519879534288887e-05
2877,1.103686825610663e-05
2878,4.9120323101857854e-05
2879,5.326435046986771e-05
2880,5.515779903082314e-05
2881,2.7301119407078655e-05
2882,2.6739642560932972e-05
2883,2.7301119407078655e-05
2884,2.4210239192456654e-05
2885,3.0531049292449526e-05
2886,2.1256379589262472e-05
2887,1.074294269855104e-05
2888,6.54747068149254e-06
2889,2.0211641548897607e-06
2890,1.2602772276020083e-05
2891,1.1590485880719213e-05
2892,1.4052254347870372e-05
2893,2.0973077873497693e-05
2894,2.0973077873497693e-05
2895,2.0973077873497693e-05
2896,2.0973077873497693e-05
2897,2.0973077873497693e-05
2898,1.8413643596315678e-05
2899,1.4096928266055753e-05
2900,1.4078738926608317e-05
2901,1.4078738926608317e-05
2902,1.4078738926608317e-05
2903,1.4078738926608317e-05
2904,1.4078738926608317e-05
2905,1.4078738926608317e-05
2906,1.4078738926608317e-05
2907,1.4078738926608317e-05
2908,2.809582921417071e-06
2909,4.787398028261823e-07
2910,4.787398028261823e-07
2911,1.4088272851659237e-06
2912,5.097161141045796e-06
2913,1.0833791798027438e-05
2914,1.0833791798027438e-05
2915,1.0833791798027438e-05
2916,1.0833791798027438e-05
2917,1.0833791798027438e-05
2918,1.0833791798027438e-05
2919,1.0833791798027438e-05
2920,1.5187590213763526e-05
2921,1.3363333371516027e-05
2922,1.0833791798027438e-05
2923,1.0833791798027438e-05
2924,1.0833791798027438e-05
2925,1.4613497646614681e-05
2926,2.2601457939221153e-05
2927,3.1519879534288887e-05
2928,3.1519879534288887e-05
2929,3.1519879534288887e-05
2930,3.252298121116519e-05
2931,7.028264419145409e-05
2932,3.1519879534288887e-05
2933,7.74100662758558e-05
2934,6.750139078637353e-05
2935,0.0004769009522773038
2936,0.00021377272709229098
2937,0.0002849324659479704
2938,0.00015770107563353839
2939,0.0002106769934989345
2940,1.101320801466393e-05
2941,6.221545990965442e-06
2942,1.4600934584192531e-05
2943,5.3013396565371945e-06
2944,4.757051199676634e-06
2945,1.1451612110458864e-06
2946,1.921472595658335e-06
2947,1.6453536208607436e-05
2948,2.0973077873497693e-05
2949,2.0973077873497693e-05
2950,2.0973077873497693e-05
2951,2.0973077873497693e-05
2952,2.0973077873497693e-05
2953,1.9779383089927197e-05
2954,1.7263263606334004e-05
2955,1.4078738926608317e-05
2956,1.4078738926608317e-05
2957,1.4078738926608317e-05
2958,1.4078738926608317e-05
2959,1.4078738926608317e-05
2960,1.4078738926608317e-05
2961,1.4078738926608317e-05
2962,1.4078738926608317e-05
2963,7.816665213864559e-06
2964,4.787398028261823e-07
2965,4.787398028261823e-07
2966,7.57958156277689e-06
2967,1.0833791798027438e-05
2968,1.0833791798027438e-05
2969,1.0833791798027438e-05
2970,1.0833791798027438e-05
2971,1.0833791798027438e-05
2972,1.0833791798027438e-05
2973,1.0833791798027438e-05
2974,1.0833791798027438e-05
2975,1.3352421325842284e-05
2976,1.0834688768545909e-05
2977,0.0008685312486052629
2978,1.0833791798027438e-05
2979,1.0833791798027438e-05
2980,3.328757695085258e-05
2981,3.2374427592495054e-05
2982,3.296523782395955e-05
2983,3.1519879534288887e-05
2984,3.528670373166176e-05
2985,6.364662174415011e-05
2986,4.080848815172964e-05
2987,0.00018836846922995918
2988,0.0012411929477177022
2989,0.00014000096822330921
2990,0.0005669856792190143
2991,0.00035021267497720783
2992,0.0006208233808029455
2993,0.00035627649742736296
2994,1.7335576133634597e-05
2995,1.280657930103527e-06
2996,2.981453864411285e-06
2997,5.925588049621552e-06
2998,1.7658411910636394e-05
2999,2.0973077873497693e-05
3000,2.0973077873497693e-05
3001,2.0973077873497693e-05
3002,2.0973077873497693e-05
3003,2.0973077873497693e-05
3004,2.0973077873497693e-05
3005,1.5922855839791737e-05
3006,1.444225357396094e-05
3007,1.4078738926608317e-05
3008,1.4078738926608317e-05
3009,1.4078738926608317e-05
3010,1.4078738926608317e-05
3011,1.4078738926608317e-05
3012,6.566031116528846e-06
3013,4.933939834631977e-06
3014,1.4079559191375164e-06
3015,1.785700976335509e-06
3016,1.0833791798027438e-05
3017,1.0833791798027438e-05
3018,1.0833791798027438e-05
3019,1.0833791798027438e-05
3020,1.0833791798027438e-05
3021,1.0833791798027438e-05
3022,1.0833791798027438e-05
3023,1.0833791798027438e-05
3024,1.0833791798027438e-05
3025,1.0833791798027438e-05
3026,1.0833791798027438e-05
3027,1.0833791798027438e-05
3028,2.0339958892339534e-05
3029,2.6567588902485938e-05
3030,3.846537344651677e-05
3031,3.741630429636375e-05
3032,3.846537344651677e-05
3033,3.721825338706012e-05
3034,4.1040889042678025e-05
3035,4.1040889042678025e-05
3036,4.1040889042678025e-05
3037,0.00010940147155963186
3038,0.00015956658429717587
3039,0.0005541097639681968
3040,0.0009728363434879342
3041,0.002703101596118783
3042,0.009854673910322463
3043,0.001991062198988332
3044,0.002062410373809271
3045,5.171068438077944e-06
3046,2.3373895413614597e-05
3047,0.00015705011697354933
3048,0.00013231838428156816
3049,0.00016182642483228215
3050,2.0973077873497693e-05
3051,1.988810469813025e-05
3052,1.7917268516407542e-05
3053,1.7665278107157936e-05
3054,1.5002895824315911e-05
3055,1.5350405427990903e-05
3056,1.4078738926608317e-05
3057,1.4078738926608317e-05
3058,1.2684706748959819e-05
3059,9.400451288239739e-07
3060,1.9905015829636663e-06
3061,1.0833791798027438e-05
3062,1.0034966955800761e-05
3063,1.0833791798027438e-05
3064,1.0833791798027438e-05
3065,1.0833791798027438e-05
3066,1.0833791798027438e-05
3067,1.0833791798027438e-05
3068,1.0833791798027438e-05
3069,1.0833791798027438e-05
3070,1.0833791798027438e-05
3071,1.0833791798027438e-05
3072,1.0833791798027438e-05
3073,1.0833791798027438e-05
3074,1.77566746296638e-05
3075,3.846537344651677e-05
3076,3.846537344651677e-05
3077,3.846537344651677e-05
3078,3.846537344651677e-05
3079,3.8728544923545915e-05
3080,4.052704221058247e-05
3081,0.00036333495734719353
3082,4.1040889042678025e-05
3083,4.1040889042678025e-05
3084,4.7455940699978754e-05
3085,0.00015914363596229147
3086,0.0001759790854887067
3087,0.0003841552665482082
3088,0.00955158125254587
3089,0.015098439952239133
3090,0.010494672247561523
3091,0.0012278604358082633
3092,3.271441007756454e-05
3093,1.4096228759084214e-05
3094,0.0001304692052747539
3095,2.0973077873497693e-05
3096,2.091499469209234e-05
3097,2.418358246292149e-05
3098,1.7665278107157936e-05
3099,1.7665278107157936e-05
3100,1.6839574211993694e-05
3101,1.6003224639325644e-05
3102,1.4748920060760074e-05
3103,1.4833658669429774e-05
3104,1.0208624726296484e-05
3105,1.0681681689985532e-05
3106,1.0001164084194523e-05
3107,1.0833791798027438e-05
3108,1.0833791798027438e-05
3109,1.0833791798027438e-05
3110,1.0833791798027438e-05
3111,1.0833791798027438e-05
3112,1.0833791798027438e-05
3113,1.0833791798027438e-05
3114,1.0833791798027438e-05
3115,1.0833791798027438e-05
3116,1.0833791798027438e-05
3117,1.0833791798027438e-05
3118,1.0833791798027438e-05
3119,1.4999235390686523e-05
3120,3.412983078892055e-05
3121,3.846537344651677e-05
3122,3.846537344651677e-05
3123,3.846537344651677e-05
3124,3.846537344651677e-05
3125,3.846537344651677e-05
3126,4.0036303703692255e-05
3127,4.100549439351094e-05
3128,5.732830220106374e-05
3129,3.772752409555999e-05
3130,8.579052227037398e-05
3131,7.546146431462123e-05
3132,0.0002351629622288836
3133,0.00027099757868550157
3134,0.0030195776682998706
3135,0.0027515343111830185
3136,0.005235795725344939
3137,1.1497542200863267e-05
3138,1.721195003328929e-05
3139,2.334713238545094e-05
3140,9.746873022600049e-05
3141,2.835397641069269e-05
3142,1.7329791730806705e-05
3143,1.6377179824471604e-05
3144,1.6003224639325644e-05
3145,1.6003224639325644e-05
3146,1.6003224639325644e-05
3147,1.5275704328892364e-05
3148,1.2233654251272763e-05
3149,1.0833791798027438e-05
3150,1.0833791798027438e-05
3151,1.0833791798027438e-05
3152,1.0833791798027438e-05
3153,1.0833791798027438e-05
3154,1.0833791798027438e-05
3155,1.0833791798027438e-05
3156,1.0833791798027438e-05
3157,1.0833791798027438e-05
3158,1.0833791798027438e-05
3159,1.0833791798027438e-05
3160,1.0833791798027438e-05
3161,1.0833791798027438e-05
3162,3.385217092696067e-05
3163,3.846537344651677e-05
3164,3.846537344651677e-05
3165,3.846537344651677e-05
3166,3.846537344651677e-05
3167,3.846537344651677e-05
3168,3.846537344651677e-05
3169,3.8538871455175975e-05
3170,3.469801456804728e-05
3171,3.3624540076932065e-05
3172,3.269091707258962e-05
3173,3.595385006728677e-05
3174,3.5999255455856527e-05
3175,5.2005883185769744e-05
3176,0.00013157478249250427
3177,0.0002816377310965192
3178,0.0007988594789171956
3179,0.00046674350268180855
3180,3.3188509618133668e-06
3181,2.3710903282617237e-05
3182,1.7667868489811123e-05
3183,3.1513241578470716e-05
3184,1.7226705110573625e-05
3185,1.6003726059704413e-05
3186,1.6003224639325644e-05
3187,1.6003224639325644e-05
3188,1.6003224639325644e-05
3189,1.6003224639325644e-05
3190,2.971761746724251e-05
3191,1.1314228539205585e-05
3192,1.3999740226016217e-05
3193,1.0833791798027438e-05
3194,1.0833791798027438e-05
3195,1.0833791798027438e-05
3196,1.0833791798027438e-05
3197,1.0833791798027438e-05
3198,1.0833791798027438e-05
3199,1.0833791798027438e-05
3200,1.0833791798027438e-05
3201,1.0833791798027438e-05
3202,3.0145876189619425e-05
3203,2.9067478408474346e-05
3204,3.846537344651677e-05
3205,3.846537344651677e-05
3206,3.846537344651677e-05
3207,3.846537344651677e-05
3208,3.846537344651677e-05
3209,3.846537344651677e-05
3210,3.75367996555226e-05
3211,3.6110326306625646e-05
3212,2.9775299353378215e-05
3213,2.9775299353378215e-05
3214,2.9775299353378215e-05
3215,3.857490289006731e-05
3216,7.07817368296847e-05
3217,6.00214268988434e-05
3218,0.00013176334138154352
3219,0.00018493467592914842
3220,0.0005528854373935125
3221,0.0014301401008530593
3222,8.724505364162865e-06
3223,1.4613858052123805e-05
3224,1.7665278107157936e-05
3225,1.655152871050746e-05
3226,1.6005037133934365e-05
3227,1.6003224639325644e-05
3228,1.6003224639325644e-05
3229,2.0608185719928053e-05
3230,2.6065812343392662e-05
3231,3.988572169279473e-05
3232,3.86029877833653e-05
3233,3.94102305277389e-05
3234,1.3660025717008121e-05
3235,1.0833791798027438e-05
3236,1.0833791798027438e-05
3237,1.0833791798027438e-05
3238,1.0833791798027438e-05
3239,1.0833791798027438e-05
3240,1.0833810052692719e-05
3241,2.561461258700657e-05
3242,2.3615284510105288e-05
3243,3.846537344651677e-05
3244,3.846537344651677e-05
3245,3.846537344651677e-05
3246,3.846537344651677e-05
3247,3.846537344651677e-05
3248,3.846537344651677e-05
3249,3.846537344651677e-05
3250,3.846537344651677e-05
3251,3.2251165889406026e-05
3252,2.9775299353378215e-05
3253,2.9775299353378215e-05
3254,0.00034329005243117117
3255,0.0002119585685897199
3256,4.189366630573127e-05
3257,6.683756634160265e-05
3258,0.00011375841029659144
3259,0.0002998599165963824
3260,0.0013360267720962944
3261,0.001502528952327947
3262,0.0014846669796612783
3263,1.4181346519960474e-07
3264,1.3634207748451595e-05
3265,1.5992997607736452e-05
3266,1.6003224639325644e-05
3267,1.6003224639325644e-05
3268,1.6003224639325644e-05
3269,3.748829287702706e-05
3270,3.988572169279473e-05
3271,3.988572169279473e-05
3272,3.988572169279473e-05
3273,3.988572169279473e-05
3274,3.189824745984656e-05
3275,2.8434026492202745e-05
3276,1.2883597905182032e-05
3277,1.0833791798027438e-05
3278,1.0833791798027438e-05
3279,3.26385037211609e-05
3280,3.444972618380041e-05
3281,3.846537344651677e-05
3282,3.846537344651677e-05
3283,3.846537344651677e-05
3284,3.846537344651677e-05
3285,3.846537344651677e-05
3286,3.846537344651677e-05
3287,3.846537344651677e-05
3288,3.846537344651677e-05
3289,3.846537344651677e-05
3290,3.846479987994466e-05
3291,3.133380040634062e-05
3292,2.9775299353378215e-05
3293,2.9775299353378215e-05
3294,4.2384133794802615e-05
3295,2.81364338745472e-05
3296,3.481684212019793e-05
3297,2.932905071701307e-05
3298,8.864088390405171e-05
3299,0.00012788762223266977
3300,0.00015671465453987902
3301,0.00016766015082405667
3302,0.0002695159135711019
3303,1.7795988292804498e-05
3304,3.980221265245229e-06
3305,1.598152192959586e-05
3306,1.6003224639325644e-05
3307,1.6003224639325644e-05
3308,1.8950797893154017e-05
3309,1.718748530333697e-05
3310,3.511663340467865e-05
3311,3.988572169279473e-05
3312,3.988572169279473e-05
3313,3.988572169279473e-05
3314,3.988572169279473e-05
3315,3.988572169279473e-05
3316,6.459260411938411e-05
3317,1.9766106085121485e-05
3318,1.890298843183825e-05
3319,3.846537344651677e-05
3320,3.846537344651677e-05
3321,3.846537344651677e-05
3322,3.846537344651677e-05
3323,3.846537344651677e-05
3324,3.846537344651677e-05
3325,3.846537344651677e-05
3326,3.846537344651677e-05
3327,3.846537344651677e-05
3328,3.846537344651677e-05
3329,3.846537344651677e-05
3330,3.802214710766415e-05
3331,3.5067915759270676e-05
3332,2.9775299353378215e-05
3333,2.9775299353378215e-05
3334,2.7938702789593162e-05
3335,2.6962806309762993e-05
3336,2.6962806309762993e-05
3337,2.6962806309762993e-05
3338,2.801510921703398e-05
3339,8.317021781383938e-05
3340,7.443604078019681e-05
3341,4.3821685887111964e-05
3342,9.883536180549241e-05
3343,0.000304485519757401
3344,5.48304576045508e-07
3345,9.427999117148599e-07
3346,1.284182402315313e-05
3347,1.5420371458881156e-05
3348,1.3535052280039242e-05
3349,1.2466778217150783e-05
3350,2.5810705621733442e-05
3351,3.988572169279473e-05
3352,3.988572169279473e-05
3353,3.988572169279473e-05
3354,3.988572169279473e-05
3355,3.988572169279473e-05
3356,8.27658995616301e-05
3357,8.195278336279822e-05
3358,1.7758692402260993e-05
3359,3.846537344651677e-05
3360,3.846537344651677e-05
3361,3.846537344651677e-05
3362,3.846537344651677e-05
3363,3.846537344651677e-05
3364,3.846537344651677e-05
3365,3.846537344651677e-05
3366,3.846537344651677e-05
3367,3.846537344651677e-05
3368,3.846537344651677e-05
3369,3.846537344651677e-05
3370,3.846537344651677e-05
3371,3.846537344651677e-05
3372,3.1384678963537854e-05
3373,2.9775299353378215e-05
3374,2.9622125861793283e-05
3375,2.7562358254382785e-05
3376,2.6962806309762993e-05
3377,2.6962806309762993e-05
3378,2.9024479407960072e-05
3379,3.448962356548657e-05
3380,4.8367910473788925e-05
3381,3.529087170442522e-05
3382,5.1630526987030435e-05
3383,0.00015259413006974134
3384,5.023508094107053e-06
3385,1.957788246503224e-06
3386,6.382021892101259e-07
3387,5.039749347674746e-06
3388,1.4895461732829992e-05
3389,3.747499355531973e-05
3390,3.863714391359445e-05
3391,3.988572169279473e-05
3392,3.988572169279473e-05
3393,3.988572169279473e-05
3394,3.988572169279473e-05
3395,3.7783755628585447e-05
3396,4.967291655820735e-05
3397,0.00010904288663446806
3398,7.99100453919279e-05
3399,8.843259116244405e-05
3400,3.846537344651677e-05
3401,3.846537344651677e-05
3402,3.846537344651677e-05
3403,3.846537344651677e-05
3404,3.846537344651677e-05
3405,3.846537344651677e-05
3406,3.846537344651677e-05
3407,3.846537344651677e-05
3408,3.846537344651677e-05
3409,3.846537344651677e-05
3410,3.846537344651677e-05
3411,3.846537344651677e-05
3412,3.351052979153278e-05
3413,3.0379477522917555e-05
3414,2.909670777679066e-05
3415,2.6962806309762993e-05
3416,2.6962806309762993e-05
3417,2.674629469996722e-05
3418,3.25632201091639e-05
3419,3.5059852033064183e-05
3420,3.529087170442522e-05
3421,3.096782769988376e-05
3422,3.529087170442522e-05
3423,2.89933242964473e-05
3424,2.383500868170452e-05
3425,2.2177860510454655e-05
3426,3.1268319520122283e-06
3427,5.137382943030448e-06
3428,8.454065617971698e-06
3429,3.7217088943170537e-05
3430,3.9864128763886316e-05
3431,3.988572169279473e-05
3432,3.748713933872686e-05
3433,3.5195071542250766e-05
3434,2.7834927705128563e-05
3435,4.4992335759184763e-05
3436,0.00011260401777817395
3437,0.00011260401777817395
3438,0.00011217719192920969
3439,4.574749590173772e-05
3440,3.846537344651677e-05
3441,3.846537344651677e-05
3442,3.846537344651677e-05
3443,3.846537344651677e-05
3444,3.846537344651677e-05
3445,3.846537344651677e-05
3446,3.846537344651677e-05
3447,3.846537344651677e-05
3448,3.846537344651677e-05
3449,3.846537344651677e-05
3450,3.846537344651677e-05
3451,3.819668526996365e-05
3452,3.50982369526277e-05
3453,2.8907466934309407e-05
3454,2.6889677647267238e-05
3455,2.6238890305068196e-05
3456,2.367373731455443e-05
3457,2.711864891553635e-05
3458,2.369572269797474e-05
3459,2.7689213863199115e-05
3460,2.3317062230058753e-05
3461,2.4176116516338932e-05
3462,2.3317062230058753e-05
3463,2.3317062230058753e-05
3464,2.3317062230058753e-05
3465,2.3317062230058753e-05
3466,2.3317062230058753e-05
3467,7.377569737361014e-06
3468,1.9168742983549813e-06
3469,2.886489847121909e-06
3470,7.26996768550059e-06
3471,3.9598296649527956e-05
3472,3.079978794855787e-05
3473,2.6838728245394e-05
3474,2.6838728245394e-05
3475,7.52995745730184e-05
3476,0.00011260401777817395
3477,0.00011260401777817395
3478,0.00011260401777817395
3479,8.826731228693306e-05
3480,7.119192758260407e-05
3481,3.928475137766541e-05
3482,3.9360132960470334e-05
3483,3.846537344651677e-05
3484,3.846537344651677e-05
3485,3.846537344651677e-05
3486,3.846537344651677e-05
3487,3.846537344651677e-05
3488,3.846537344651677e-05
3489,3.846537344651677e-05
3490,3.846537344651677e-05
3491,3.846537344651677e-05
3492,3.846537344651677e-05
3493,3.255281029404338e-05
3494,2.864690934542367e-05
3495,2.350103099951573e-05
3496,2.3317062230058753e-05
3497,2.3317062230058753e-05
3498,2.3317062230058753e-05
3499,2.3317062230058753e-05
3500,2.3317062230058753e-05
3501,2.3317062230058753e-05
3502,2.3317062230058753e-05
3503,2.3317062230058753e-05
3504,2.3317062230058753e-05
3505,2.3317062230058753e-05
3506,2.3317062230058753e-05
3507,2.3317062230058753e-05
3508,2.0874495112897716e-05
3509,1.1284546749275235e-06
3510,1.6626566153074247e-05
3511,0.00023270278935210782
3512,2.6838728245394e-05
3513,5.49750012114147e-05
3514,9.684601416178387e-05
3515,0.00011260401777817395
3516,0.00011260401777817395
3517,0.00011260401777817395
3518,0.00011260401777817395
3519,9.939606500487554e-05
3520,7.355349656134359e-05
3521,7.636936881737615e-05
3522,4.514367492324503e-05
3523,6.737741862193547e-05
3524,3.9130022496920125e-05
3525,5.647857553391553e-05
3526,3.846537344651677e-05
3527,3.846537344651677e-05
3528,3.846537344651677e-05
3529,3.846537344651677e-05
3530,3.846537344651677e-05
3531,3.846537344651677e-05
3532,3.846537344651677e-05
3533,3.3749921447863905e-05
3534,2.3317062230058753e-05
3535,2.3317062230058753e-05
3536,2.3317062230058753e-05
3537,2.3317062230058753e-05
3538,2.3317062230058753e-05
3539,2.3317062230058753e-05
3540,2.3317062230058753e-05
3541,2.3317062230058753e-05
3542,2.3317062230058753e-05
3543,2.3317062230058753e-05
3544,2.3317062230058753e-05
3545,2.3317062230058753e-05
3546,2.3317062230058753e-05
3547,2.3586238842737567e-05
3548,2.2982366781070174e-05
3549,1.6201247150520515e-05
3550,3.8912130832644316e-05
3551,7.713117137098266e-05
3552,0.00011156976815693634
3553,0.00011260401777817395
3554,0.00011260401777817395
3555,0.00010958519501498118
3556,0.00010183855719109267
3557,8.422908432891724e-05
3558,7.751371954892702e-05
3559,8.267956452975958e-05
3560,8.71802954463845e-05
3561,8.71802954463845e-05
3562,8.446006305570575e-05
3563,8.193555745738769e-05
3564,3.871410211246363e-05
3565,3.846537344651677e-05
3566,3.846537344651677e-05
3567,3.846537344651677e-05
3568,3.846537344651677e-05
3569,2.788577143715238e-05
3570,3.3530803995323353e-05
3571,2.4988111527058393e-05
3572,2.3383518254076355e-05
3573,2.4517795260814466e-05
3574,2.3317062230058753e-05
3575,2.3317062230058753e-05
3576,2.3317062230058753e-05
3577,2.3319873592613862e-05
3578,2.3454929217112868e-05
3579,2.7853502668190664e-05
3580,2.3834031412929382e-05
3581,2.447001132062208e-05
3582,2.3412070906072974e-05
3583,2.3902450364414946e-05
3584,2.3713746120338034e-05
3585,2.39710251733795e-05
3586,2.3959743898637804e-05
3587,2.3863380136096786e-05
3588,1.7016122016230836e-06
3589,2.5761211986795674e-05
3590,6.837896526576465e-05
3591,8.58762506138798e-05
3592,0.00011260401777817395
3593,0.00011260401777817395
3594,7.278956027517177e-05
3595,7.425697029066359e-05
3596,7.424485971550315e-05
3597,7.425697029066359e-05
3598,7.891076921551142e-05
3599,8.71802954463845e-05
3600,8.69858753979773e-05
3601,8.71802954463845e-05
3602,8.71802954463845e-05
3603,4.496590996440557e-05
3604,4.35475952415999e-05
3605,3.846537344651677e-05
3606,3.520278375122694e-05
3607,3.380330451117094e-05
3608,2.3317062230058753e-05
3609,2.3317062230058753e-05
3610,2.3317062230058753e-05
3611,2.3317062230058753e-05
3612,2.779755309685953e-05
3613,2.6575678651160593e-05
3614,2.7156092253544724e-05
3615,2.3598754619722612e-05
3616,2.8172481864658608e-05
3617,2.7654592441509336e-05
3618,2.840760895335332e-05
3619,2.8656460080293112e-05
3620,0.00011189947909594649
3621,2.7976656999924077e-05
3622,2.7667779028541265e-05
3623,2.401088909945802e-05
3624,2.39710251733795e-05
3625,2.39710251733795e-05
3626,0.0006266898466736586
3627,1.1995834098006497e-05
3628,0.002376052043161936
3629,0.0001520293928551015
3630,6.60331670348947e-05
3631,9.170029440970391e-05
3632,4.878767330376243e-05
3633,7.248082014775503e-05
3634,1.1028898021330888e-05
3635,6.909544571228268e-05
3636,5.574251768706779e-05
3637,7.847388344477781e-05
3638,3.1117022977846195e-05
3639,6.477993921813359e-05
3640,3.2822129855253874e-05
3641,6.900629894905362e-05
3642,5.348874027056188e-05
3643,3.440437373625768e-05
3644,2.3317062230058753e-05
3645,2.3701895941750777e-05
3646,2.3317062230058753e-05
3647,2.3317062230058753e-05
3648,2.3317062230058753e-05
3649,2.4873315431699956e-05
3650,2.840760895335332e-05
3651,2.840760895335332e-05
3652,2.840760895335332e-05
3653,2.8210435193429805e-05
3654,2.840760895335332e-05
3655,2.840760895335332e-05
3656,2.840760895335332e-05
3657,0.00017590353654956854
3658,2.971632516006236e-05
3659,2.840760895335332e-05
3660,2.840760895335332e-05
3661,2.5279248651756784e-05
3662,2.400838875650522e-05
3663,2.39710251733795e-05
3664,2.39710251733795e-05
3665,2.3969756669796346e-05
3666,1.0114763603932573e-05
3667,4.0714266592318184e-05
3668,3.394423147941617e-05
3669,3.5785968537816724e-05
3670,6.121055606524736e-05
3671,2.06930498529477e-05
3672,1.0143674301093035e-05
3673,2.631666591924717e-05
3674,3.034673170584282e-05
3675,3.034673170584282e-05
3676,3.034673170584282e-05
3677,3.034673170584282e-05
3678,3.034673170584282e-05
3679,3.0081546827423707e-05
3680,2.9257781106910436e-05
3681,2.498077121404447e-05
3682,2.3317062230058753e-05
3683,2.3317062230058753e-05
3684,2.3317062230058753e-05
3685,2.3317062230058753e-05
3686,2.6267326069151854e-05
3687,2.787588947499137e-05
3688,2.840760895335332e-05
3689,2.840760895335332e-05
3690,2.840760895335332e-05
3691,2.840760895335332e-05
3692,2.840760895335332e-05
3693,2.840760895335332e-05
3694,2.840760895335332e-05
3695,2.840760895335332e-05
3696,2.840760895335332e-05
3697,2.840760895335332e-05
3698,2.840760895335332e-05
3699,2.8075358699182154e-05
3700,2.7079419884547293e-05
3701,2.4337400355911794e-05
3702,2.39710251733795e-05
3703,2.39710251733795e-05
3704,2.0641130071029926e-05
3705,1.3509888431385362e-05
3706,0.00013299856768628324
3707,0.0001356375617533048
3708,5.430710213656088e-06
3709,5.495938329865266e-06
3710,2.7127420460543376e-05
3711,3.034673170584282e-05
3712,3.034673170584282e-05
3713,3.034673170584282e-05
3714,3.034673170584282e-05
3715,3.0104149729178232e-05
3716,2.9622347310153255e-05
3717,2.9257781106910436e-05
3718,2.8559010830975882e-05
3719,2.799115300161081e-05
3720,2.3536868936850282e-05
3721,2.5166304455240887e-05
3722,2.3317062230058753e-05
3723,2.7109599553489904e-05
3724,2.840760895335332e-05
3725,2.840760895335332e-05
3726,2.840760895335332e-05
3727,2.840760895335332e-05
3728,2.840760895335332e-05
3729,2.840760895335332e-05
3730,2.840760895335332e-05
3731,2.840760895335332e-05
3732,2.840760895335332e-05
3733,2.840760895335332e-05
3734,2.840760895335332e-05
3735,2.840760895335332e-05
3736,0.00020177555650119914
3737,2.840760895335332e-05
3738,2.614387279827858e-05
3739,2.39710251733795e-05
3740,2.39710251733795e-05
3741,2.39710251733795e-05
3742,4.165526711337538e-06
3743,5.005364565119964e-05
3744,5.430710213656088e-06
3745,5.430710213656088e-06
3746,5.430710213656088e-06
3747,9.987031185889276e-06
3748,1.8272949973686165e-05
3749,2.981269687476292e-05
3750,2.6280645066905866e-05
3751,2.989265341162983e-05
3752,2.2426230817672286e-05
3753,2.9257781106910436e-05
3754,2.9257781106910436e-05
3755,2.9257781106910436e-05
3756,2.9257781106910436e-05
3757,2.921579599934431e-05
3758,2.8920779644581365e-05
3759,2.7627411438395196e-05
3760,2.840760895335332e-05
3761,2.840760895335332e-05
3762,2.840760895335332e-05
3763,2.840760895335332e-05
3764,2.840760895335332e-05
3765,2.840760895335332e-05
3766,2.840760895335332e-05
3767,2.840760895335332e-05
3768,2.840760895335332e-05
3769,2.840760895335332e-05
3770,2.840760895335332e-05
3771,2.840760895335332e-05
3772,2.840760895335332e-05
3773,2.840760895335332e-05
3774,2.840760895335332e-05
3775,2.7442267416799197e-05
3776,2.4387528015522583e-05
3777,2.39710251733795e-05
3778,2.39710251733795e-05
3779,1.5326676961814515e-05
3780,0.00014496682101155676
3781,0.0002230507019060433
3782,5.630398270092468e-06
3783,5.611430535765938e-06
3784,6.340479578443967e-06
3785,8.945340937579932e-06
3786,7.5727181005061856e-06
3787,1.2107007668837805e-05
3788,1.790951003384594e-05
3789,1.2069834925103355e-05
3790,1.984849534980934e-05
3791,1.359171124361744e-05
3792,2.8969489320422522e-05
3793,2.7744276660891283e-05
3794,2.9088062243928338e-05
3795,2.7582851798654405e-05
3796,2.867620149971172e-05
3797,2.840760895335332e-05
3798,2.840760895335332e-05
3799,2.840760895335332e-05
3800,2.840760895335332e-05
3801,2.840760895335332e-05
3802,2.840760895335332e-05
3803,2.840760895335332e-05
3804,2.840760895335332e-05
3805,2.840760895335332e-05
3806,0.0008450163173523407
3807,4.425684577418311e-05
3808,2.840760895335332e-05
3809,2.840760895335332e-05
3810,2.840760895335332e-05
3811,2.840760895335332e-05
3812,2.7457476086423927e-05
3813,2.7405767872074877e-05
3814,2.4873305049024127e-05
3815,2.5804648188319753e-05
3816,2.3747767272948296e-05
3817,3.6948184253298266e-06
3818,0.0021639099077524634
3819,2.6938169485140568e-05
3820,0.00011164332227658384
3821,7.83318000989802e-06
3822,1.2069834925103355e-05
3823,1.2069834925103355e-05
3824,1.2069834925103355e-05
3825,1.2069834925103355e-05
3826,1.1949946793849561e-05
3827,1.1189483469216217e-05
3828,1.0002669518096396e-05
3829,1.5131368743662223e-05
3830,2.299308133681964e-05
3831,2.3102311150198817e-05
3832,2.299308133681964e-05
3833,2.5692320672401373e-05
3834,2.5737455048033953e-05
3835,2.840760895335332e-05
3836,2.840760895335332e-05
3837,2.840760895335332e-05
3838,2.840760895335332e-05
3839,2.840760895335332e-05
3840,2.840760895335332e-05
3841,2.840760895335332e-05
3842,1.25615237383864e-05
3843,0.0009923783554695008
3844,7.414693024913977e-06
3845,2.4175960319609652e-05
3846,2.506983934802223e-05
3847,2.563452516987065e-05
3848,2.625669802509648e-05
3849,2.840760895335332e-05
3850,2.840760895335332e-05
3851,2.8355606461670663e-05
3852,2.840760895335332e-05
3853,2.4688059629793177e-05
3854,1.5713362665866288e-05
3855,0.00020712314923183045
3856,0.00018115422565040908
3857,1.32000964079886e-05
3858,1.1444187579351345e-05
3859,1.2069834925103355e-05
3860,1.2069834925103355e-05
3861,1.202621302540514e-05
3862,1.2051872208494977e-05
3863,1.0336361453129328e-05
3864,1.0066811014554723e-05
3865,1.0002669518096396e-05
3866,1.24353292352477e-05
3867,2.2089050257207533e-05
3868,2.299308133681964e-05
3869,2.299308133681964e-05
3870,2.299308133681964e-05
3871,2.299308133681964e-05
3872,2.654098384602292e-05
3873,2.8050204659038923e-05
3874,2.840760895335332e-05
3875,2.840760895335332e-05
3876,2.840760895335332e-05
3877,2.840760895335332e-05
3878,2.8049277192337235e-05
3879,1.6392711865378265e-05
3880,4.937676650415845e-06
3881,4.937676650415845e-06
3882,6.064111812070152e-06
3883,7.896455773944031e-06
3884,9.60875586084057e-06
3885,9.354269051631593e-06
3886,2.8327428415049155e-05
3887,2.840760895335332e-05
3888,2.840760895335332e-05
3889,2.6720951085298742e-05
3890,2.426617868481138e-05
3891,2.385901743226194e-05
3892,8.454866893606344e-06
3893,0.0014078931802974897
3894,0.0001432762478980701
3895,4.186150104538754e-05
3896,2.8725711408686497e-05
3897,1.3615686315892409e-05
3898,1.1244538972732153e-05
3899,1.0073953313309463e-05
3900,1.017546411331008e-05
3901,1.002078387705925e-05
3902,1.040537401117733e-05
3903,1.3834512910110743e-05
3904,1.8032211425612748e-05
3905,2.1268596626003437e-05
3906,2.299308133681964e-05
3907,2.299308133681964e-05
3908,2.299308133681964e-05
3909,2.299308133681964e-05
3910,2.299308133681964e-05
3911,2.3107200610101333e-05
3912,2.7180864221162312e-05
3913,2.840760895335332e-05
3914,2.840760895335332e-05
3915,2.840760895335332e-05
3916,2.840760895335332e-05
3917,1.01601977979389e-05
3918,4.937676650415845e-06
3919,4.937676650415845e-06
3920,5.779302117274518e-06
3921,8.742816422825509e-06
3922,8.867915210615238e-06
3923,8.867915210615238e-06
3924,1.4873210573609219e-05
3925,2.559084142918681e-05
3926,2.830326039391832e-05
3927,2.5149673960866427e-05
3928,2.385901743226194e-05
3929,2.385901743226194e-05
3930,2.385901743226194e-05
3931,2.3685319243044155e-05
3932,3.478593951981793e-06
3933,8.501382173983836e-06
3934,2.6062393990746768e-05
3935,1.5133919893506397e-05
3936,1.33134888378618e-05
3937,1.223346359135804e-05
3938,1.0002669518096396e-05
3939,1.5948031212842414e-05
3940,1.6642706809692874e-05
3941,1.6990118610575177e-05
3942,1.734068157620046e-05
3943,1.4983606949011513e-05
3944,1.9201423329145123e-05
3945,1.7543153856337357e-05
3946,2.299308133681964e-05
3947,2.299308133681964e-05
3948,2.299308133681964e-05
3949,2.2008988015036345e-05
3950,2.3918094125508224e-05
3951,2.7742330785102522e-05
3952,2.840760895335332e-05
3953,2.840760895335332e-05
3954,2.8006666885982e-05
3955,9.355507501381107e-06
3956,4.937676650415845e-06
3957,6.767378242154513e-06
3958,7.2553722356150435e-06
3959,8.20597225003616e-06
3960,8.867915210615238e-06
3961,8.867915210615238e-06
3962,1.3494177093213002e-05
3963,1.980167578366601e-05
3964,2.455022281742034e-05
3965,2.385901743226194e-05
3966,2.385901743226194e-05
3967,2.385901743226194e-05
3968,2.385901743226194e-05
3969,2.385901743226194e-05
3970,1.4350542668971583e-05
3971,1.858995210784577e-06
3972,5.115789416805385e-07
3973,6.881561597402059e-06
3974,1.3935247071696977e-05
3975,1.5091468569684448e-05
3976,1.5133919893506397e-05
3977,1.5133919893506397e-05
3978,1.545669223775015e-05
3979,1.6990118610575177e-05
3980,1.6990118610575177e-05
3981,1.6857634139736457e-05
3982,1.6425846419424925e-05
3983,1.3494811708130222e-05
3984,1.3494811708130222e-05
3985,1.5313530139434736e-05
3986,2.299308133681964e-05
3987,2.299308133681964e-05
3988,2.299308133681964e-05
3989,1.5309886423682284e-05
3990,1.5305615931020627e-05
3991,1.648346405189892e-05
3992,2.840760895335332e-05
3993,2.840760895335332e-05
3994,2.8090371982518763e-05
3995,6.625013499176144e-06
3996,4.987064190906663e-06
3997,7.6287145466745825e-06
3998,7.942666965281879e-06
3999,7.942666965281879e-06
4000,8.567522129362132e-06
4001,8.635021528549738e-06
4002,8.867915210615238e-06
4003,8.954657282453782e-06
4004,2.343981530286545e-05
4005,2.3129305350270942e-05
4006,2.385901743226194e-05
4007,2.385901743226194e-05
4008,2.385901743226194e-05
4009,2.385901743226194e-05
4010,2.385901743226194e-05
4011,2.119796601544486e-05
4012,6.358628340426208e-06
4013,9.07739157289186e-06
4014,1.27477628228238e-05
4015,1.5133919893506397e-05
4016,1.575399963492723e-05
4017,1.6667413956390296e-05
4018,1.6990118610575177e-05
4019,1.6990118610575177e-05
4020,1.604688613217562e-05
4021,1.3721259702877424e-05
4022,1.3494811708130222e-05
4023,1.3494811708130222e-05
4024,1.5449143981296958e-05
4025,2.299308133681964e-05
4026,2.299308133681964e-05
4027,2.29870938450386e-05
4028,1.4723040096036908e-05
4029,1.3754041619342874e-05
4030,1.3754041619342874e-05
4031,2.0164170148857635e-05
4032,2.4638314528023408e-05
4033,1.91708959117366e-05
4034,4.972000641895705e-06
4035,5.871327635627329e-06
4036,7.942666965281879e-06
4037,7.942666965281879e-06
4038,7.942666965281879e-06
4039,7.942666965281879e-06
4040,8.182038331764585e-06
4041,8.867915210615238e-06
4042,8.867915210615238e-06
4043,1.0131236051116277e-05
4044,9.329036644487237e-06
4045,2.2144818630156366e-05
4046,2.3837007719707732e-05
4047,2.385901743226194e-05
4048,2.385901743226194e-05
4049,2.385901743226194e-05
4050,2.385901743226194e-05
4051,1.55843651999105e-05
4052,6.4289745878858415e-06
4053,6.34030128708368e-06
4054,9.748862375702746e-06
4055,9.87925030052819e-06
4056,1.4994721256905872e-05
4057,1.668773536519669e-05
4058,1.6990118610575177e-05
4059,1.6990118610575177e-05
4060,1.6854565108780274e-05
4061,0.001189253209331202
4062,1.3494811708130222e-05
4063,1.3494811708130222e-05
4064,1.3494811708130222e-05
4065,1.5052872058907982e-05
4066,2.2971708700645726e-05
4067,1.8786680478523985e-05
4068,2.157598830168051e-05
4069,1.3754041619342874e-05
4070,1.3754041619342874e-05
4071,1.3754041619342874e-05
4072,1.3754041619342874e-05
4073,2.049529186225332e-05
4074,1.6895259302022986e-05
4075,7.68886490859269e-06
4076,7.155517201087283e-06
4077,7.942666965281879e-06
4078,7.942666965281879e-06
4079,7.942666965281879e-06
4080,7.942666965281879e-06
4081,8.167665971224526e-06
4082,8.852881027792255e-06
4083,8.867915210615238e-06
4084,8.867915210615238e-06
4085,8.867915210615238e-06
4086,1.0407153357425136e-05
4087,2.3816920799101782e-05
4088,2.385901743226194e-05
4089,2.385901743226194e-05
4090,2.385901743226194e-05
4091,2.385901743226194e-05
4092,2.385901743226194e-05
4093,2.040242697786862e-05
4094,2.925965038094395e-06
4095,9.87925030052819e-06
4096,9.87925030052819e-06
4097,1.3048596842420765e-05
4098,1.592522542753408e-05
4099,1.6990118610575177e-05
4100,1.6929813804987134e-05
4101,1.5899100686978792e-05
4102,1.893666045959276e-05
4103,1.3494811708130222e-05
4104,1.3494811708130222e-05
4105,1.3494811708130222e-05
4106,1.3598525863155457e-05
4107,1.9605908035471493e-05
4108,1.3754041619342874e-05
4109,1.3754041619342874e-05
4110,1.3754041619342874e-05
4111,1.3754041619342874e-05
4112,1.3754041619342874e-05
4113,1.3754041619342874e-05
4114,1.463523463452075e-05
4115,1.8119439856357074e-05
4116,8.70409325358883e-06
4117,7.942666965281879e-06
4118,7.942666965281879e-06
4119,7.942666965281879e-06
4120,7.942666965281879e-06
4121,7.942666965281879e-06
4122,8.538609525225867e-06
4123,8.867915210615238e-06
4124,8.867915210615238e-06
4125,8.867915210615238e-06
4126,8.867915210615238e-06
4127,1.0194077656070863e-05
4128,1.863887293499977e-05
4129,2.385901743226194e-05
4130,2.385901743226194e-05
4131,2.385901743226194e-05
4132,2.385901743226194e-05
4133,2.385901743226194e-05
4134,2.3236642629630366e-05
4135,9.415112479180784e-06
4136,9.87925030052819e-06
4137,1.040623629157041e-05
4138,1.767382707358125e-05
4139,1.5635821598844204e-05
4140,1.3498540184104433e-05
4141,1.4243104721312336e-05
4142,1.3494811708130222e-05
4143,1.3494811708130222e-05
4144,1.3494811708130222e-05
4145,1.3494811708130222e-05
4146,1.3653533173827635e-05
4147,1.3754041619342874e-05
4148,1.3754041619342874e-05
4149,1.3754041619342874e-05
4150,1.3754041619342874e-05
4151,1.3754041619342874e-05
4152,1.3754041619342874e-05
4153,1.3754041619342874e-05
4154,1.3754041619342874e-05
4155,1.3754041619342874e-05
4156,1.1086457140399484e-05
4157,7.942666965281879e-06
4158,7.942666965281879e-06
4159,7.942666965281879e-06
4160,7.942666965281879e-06
4161,7.943220302767177e-06
4162,8.83958292246213e-06
4163,8.867915210615238e-06
4164,8.867915210615238e-06
4165,8.867915210615238e-06
4166,8.867915210615238e-06
4167,8.867915210615238e-06
4168,8.867915210615238e-06
4169,2.1508284980069234e-05
4170,2.3224286151201245e-05
4171,2.385901743226194e-05
4172,2.385901743226194e-05
4173,2.385901743226194e-05
4174,2.385901743226194e-05
4175,8.638004134769449e-06
4176,5.976233885245361e-06
4177,9.87925030052819e-06
4178,9.87925030052819e-06
4179,1.7118336653934782e-05
4180,1.792952862691867e-05
4181,1.8859697073964096e-05
4182,1.3630683491998826e-05
4183,1.3494811708130222e-05
4184,1.3494811708130222e-05
4185,1.1393075002068469e-05
4186,1.3526762659517659e-05
4187,1.3754041619342874e-05
4188,1.3754041619342874e-05
4189,1.3754041619342874e-05
4190,1.3754041619342874e-05
4191,1.3754041619342874e-05
4192,1.3754041619342874e-05
4193,1.3754041619342874e-05
4194,1.3754041619342874e-05
4195,1.3754041619342874e-05
4196,1.3754041619342874e-05
4197,1.3754041619342874e-05
4198,8.475635102173766e-06
4199,7.942666965281879e-06
4200,7.942666965281879e-06
4201,7.942666965281879e-06
4202,1.0523231392718358e-05
4203,1.4367216512775529e-05
4204,8.867915210615238e-06
4205,8.867915210615238e-06
4206,8.867915210615238e-06
4207,8.867915210615238e-06
4208,8.867915210615238e-06
4209,8.867915210615238e-06
4210,9.428003957179577e-06
4211,9.686509721871899e-06
4212,2.385838327039716e-05
4213,2.37420898568764e-05
4214,2.385901743226194e-05
4215,2.385901743226194e-05
4216,2.329448418496347e-05
4217,1.4455538898778735e-05
4218,4.013228410364053e-06
4219,9.63224558580833e-06
4220,9.87925030052819e-06
4221,1.2549309935312574e-05
4222,2.017813772869425e-05
4223,2.017813772869425e-05
4224,1.824288918863264e-05
4225,1.355887509803242e-05
4226,1.2984064199770135e-05
4227,8.164510095666342e-06
4228,1.0807447494764463e-05
4229,1.3749887676024796e-05
4230,1.3754041619342874e-05
4231,1.3754041619342874e-05
4232,1.3754041619342874e-05
4233,1.3754041619342874e-05
4234,1.3754041619342874e-05
4235,1.3754041619342874e-05
4236,1.3754041619342874e-05
4237,1.3754041619342874e-05
4238,1.3754041619342874e-05
4239,1.3754041619342874e-05
4240,1.1963406113165272e-05
4241,8.97968630806248e-06
4242,7.942666965281879e-06
4243,7.996946348450486e-06
4244,1.7271181649362227e-05
4245,2.1910581484107998e-05
4246,1.3611079532414706e-05
4247,1.4658402818841384e-05
4248,9.599085758519199e-06
4249,1.3997708194053414e-05
4250,8.867915210615238e-06
4251,8.867915210615238e-06
4252,8.867915210615238e-06
4253,8.867915210615238e-06
4254,1.318058831693919e-05
4255,1.5151172789646917e-05
4256,1.9745950921183926e-05
4257,1.5421126785669447e-05
4258,2.337627846792191e-05
4259,1.1606025187734138e-05
4260,3.9262930248442785e-06
4261,9.850403735218237e-06
4262,1.2556820535319669e-05
4263,1.8663895548204605e-05
4264,1.991334407196897e-05
4265,1.6360912217388435e-05
4266,1.953490067404135e-05
4267,8.187840488012958e-06
4268,8.679943829583788e-06
4269,8.164510095666342e-06
4270,8.866051762620677e-06
4271,1.1993358810864426e-05
4272,1.3754041619342874e-05
4273,1.3754041619342874e-05
4274,1.3754041619342874e-05
4275,1.3754041619342874e-05
4276,1.3754041619342874e-05
4277,1.3754041619342874e-05
4278,1.3754041619342874e-05
4279,1.3754041619342874e-05
4280,1.3754041619342874e-05
4281,1.3754041619342874e-05
4282,1.3672313131532174e-05
4283,9.228549516175346e-06
4284,7.942666965281879e-06
4285,1.1949583031811117e-05
4286,2.1648015614933754e-05
4287,2.1910581484107998e-05
4288,2.1910581484107998e-05
4289,2.1910581484107998e-05
4290,2.1040262743813965e-05
4291,2.1910581484107998e-05
4292,1.2027524817488801e-05
4293,8.939945451030654e-06
4294,8.867915210615238e-06
4295,8.867915210615238e-06
4296,8.867915210615238e-06
4297,8.867915210615238e-06
4298,8.867915210615238e-06
4299,8.867915210615238e-06
4300,9.621301295956366e-06
4301,8.867915210615238e-06
4302,8.219498056620218e-06
4303,5.37421404319555e-06
4304,1.534525962050797e-05
4305,2.017813772869425e-05
4306,2.017813772869425e-05
4307,1.9399459722967e-05
4308,6.048994978574991e-06
4309,8.975444856816357e-06
4310,6.993158413073019e-06
4311,8.164510095666342e-06
4312,8.164510095666342e-06
4313,8.164510095666342e-06
4314,1.1349277827282362e-05
4315,1.3754041619342874e-05
4316,1.3754041619342874e-05
4317,6.973089396481755e-05
4318,8.236732956744168e-05
4319,1.3754041619342874e-05
4320,1.3754041619342874e-05
4321,1.3754041619342874e-05
4322,1.3754041619342874e-05
4323,1.3754041619342874e-05
4324,1.3754041619342874e-05
4325,1.3754041619342874e-05
4326,1.3146461976834973e-05
4327,7.942666965281879e-06
4328,1.757603996372311e-05
4329,2.1910581484107998e-05
4330,2.1910581484107998e-05
4331,2.1910581484107998e-05
4332,2.1910581484107998e-05
4333,2.1910581484107998e-05
4334,2.1910581484107998e-05
4335,2.1608239902605774e-05
4336,1.817469541645842e-05
4337,9.775008011074631e-06
4338,1.3976516581458731e-05
4339,8.867915210615238e-06
4340,8.867915210615238e-06
4341,8.867915210615238e-06
4342,8.867915210615238e-06
4343,8.867915210615238e-06
4344,8.867915210615238e-06
4345,8.867915210615238e-06
4346,8.867915210615238e-06
4347,1.1105859272251251e-06
4348,5.185955191712024e-06
4349,1.831541664312008e-05
4350,0.0020186909319544724
4351,1.860888673472972e-05
4352,6.064053345485422e-06
4353,5.926815580335971e-06
4354,5.926815580335971e-06
4355,7.129591677902313e-06
4356,7.582993326665082e-06
4357,8.164510095666342e-06
4358,1.1829658763996388e-05
4359,1.3754041619342874e-05
4360,1.529977555304117e-05
4361,0.00012636847399395438
4362,1.3754041619342874e-05
4363,1.3754041619342874e-05
4364,1.3754041619342874e-05
4365,1.3754041619342874e-05
4366,1.3754041619342874e-05
4367,1.3754041619342874e-05
4368,1.3754041619342874e-05
4369,1.5048328554086636e-05
4370,2.1633122122729448e-05
4371,1.3861287299064122e-05
4372,2.188106594652415e-05
4373,2.1910581484107998e-05
4374,2.1910581484107998e-05
4375,2.1910581484107998e-05
4376,2.1910581484107998e-05
4377,2.1910581484107998e-05
4378,2.1910581484107998e-05
4379,2.1910581484107998e-05
4380,2.1910581484107998e-05
4381,2.1890475827776414e-05
4382,2.163282135839449e-05
4383,9.002549530177088e-06
4384,1.2731340031279155e-05
4385,8.867915210615238e-06
4386,8.867915210615238e-06
4387,8.867915210615238e-06
4388,8.867915210615238e-06
4389,8.867915210615238e-06
4390,8.867915210615238e-06
4391,6.145371602135174e-06
4392,1.0354383916964e-06
4393,1.963370986345645e-06
4394,1.6241234596992474e-06
4395,5.926815580335971e-06
4396,5.926815580335971e-06
4397,5.926815580335971e-06
4398,5.926815580335971e-06
4399,6.742146598216387e-06
4400,1.0246838285144814e-05
4401,1.3742821405422729e-05
4402,1.292780931118411e-05
4403,1.3754041619342874e-05
4404,1.3754041619342874e-05
4405,1.3754041619342874e-05
4406,1.3754041619342874e-05
4407,1.3754041619342874e-05
4408,1.3754041619342874e-05
4409,1.3754041619342874e-05
4410,1.677701534949879e-05
4411,2.1123241074062105e-05
4412,2.2425104507002695e-05
4413,2.2344218742121592e-05
4414,2.229144309165727e-05
4415,2.1910581484107998e-05
4416,2.1910581484107998e-05
4417,2.1910581484107998e-05
4418,2.1910581484107998e-05
4419,2.1910581484107998e-05
4420,2.1910581484107998e-05
4421,2.1910581484107998e-05
4422,2.1910581484107998e-05
4423,2.1910581484107998e-05
4424,2.1910581484107998e-05
4425,2.075362499643707e-05
4426,2.127360553288222e-05
4427,8.867915210615238e-06
4428,8.867915210615238e-06
4429,8.867915210615238e-06
4430,8.867915210615238e-06
4431,8.867915210615238e-06
4432,7.220559596799678e-06
4433,3.493413596203315e-06
4434,2.952503002545034e-06
4435,6.745371271081846e-05
4436,5.926815580335971e-06
4437,8.057520537237935e-06
4438,8.591057716387814e-06
4439,9.715320459589987e-06
4440,9.951439707803446e-06
4441,1.155682720472018e-05
4442,1.3754041619342874e-05
4443,1.3754041619342874e-05
4444,1.3754041619342874e-05
4445,1.3754041619342874e-05
4446,1.3754041619342874e-05
4447,1.3754041619342874e-05
4448,1.3754041619342874e-05
4449,2.1821666152316875e-05
4450,2.2425104507002695e-05
4451,2.2425104507002695e-05
4452,2.2425104507002695e-05
4453,2.775972953067637e-05
4454,2.2015893601513212e-05
4455,2.1910581484107998e-05
4456,2.1910581484107998e-05
4457,2.950365113018592e-05
4458,2.1910581484107998e-05
4459,2.1910581484107998e-05
4460,2.1910581484107998e-05
4461,2.1910581484107998e-05
4462,2.1910581484107998e-05
4463,2.1910581484107998e-05
4464,2.1910581484107998e-05
4465,2.1910581484107998e-05
4466,1.2938646332410326e-05
4467,1.7809420557448518e-05
4468,9.16016053819175e-06
4469,8.867915210615238e-06
4470,0.00011565917821506049
4471,6.96832946804153e-06
4472,6.713103341967061e-07
4473,7.483926351040151e-06
4474,9.715320459589987e-06
4475,9.715320459589987e-06
4476,9.715320459589987e-06
4477,9.715320459589987e-06
4478,9.715320459589987e-06
4479,1.2146103390726602e-05
4480,1.3754041619342874e-05
4481,1.3754041619342874e-05
4482,1.3754041619342874e-05
4483,1.3754041619342874e-05
4484,1.4629920213281886e-05
4485,1.5217629853518542e-05
4486,2.2425104507002695e-05
4487,2.2425104507002695e-05
4488,2.2425104507002695e-05
4489,3.489785224747063e-05
4490,5.191348590855312e-05
4491,3.970280491912769e-05
4492,4.3681891414393896e-05
4493,4.090613818456733e-05
4494,4.705849835608395e-05
4495,3.47870610126007e-05
4496,3.697566484577787e-05
4497,2.1910581484107998e-05
4498,2.1910581484107998e-05
4499,2.1910581484107998e-05
4500,2.1910581484107998e-05
4501,2.1910581484107998e-05
4502,2.1910581484107998e-05
4503,2.1910581484107998e-05
4504,2.221632751828065e-05
4505,1.6797145342746985e-05
4506,1.821085909789042e-05
4507,1.862118337370832e-05
4508,1.3424683450891574e-05
4509,6.3057686043206484e-06
4510,9.715320459589987e-06
4511,9.715320459589987e-06
4512,9.715320459589987e-06
4513,9.715320459589987e-06
4514,9.715320459589987e-06
4515,1.0293723112289683e-05
4516,1.3513837827755233e-05
4517,1.404541218321465e-05
4518,1.593888876465838e-05
4519,1.4128001361726457e-05
4520,2.2064541300489174e-05
4521,2.2381499298350123e-05
4522,2.2425104507002695e-05
4523,2.2425104507002695e-05
4524,2.529097203068636e-05
4525,4.180044724438815e-05
4526,5.191348590855312e-05
4527,5.191348590855312e-05
4528,5.191348590855312e-05
4529,4.7197817773809894e-05
4530,4.756179050717768e-05
4531,4.705849835608395e-05
4532,4.705849835608395e-05
4533,3.841544230497492e-05
4534,4.113536678044102e-05
4535,2.1910581484107998e-05
4536,2.6102450755214843e-05
4537,2.1910581484107998e-05
4538,3.3725524863703165e-05
4539,2.4049291854530743e-05
4540,0.00018961383880866257
4541,0.0007918952329516065
4542,0.00020301134466595478
4543,1.1973581668496789e-05
4544,1.58061083232496e-06
4545,8.366592594134398e-06
4546,9.715320459589987e-06
4547,1.0480647806258515e-05
4548,9.715320459589987e-06
4549,9.715320459589987e-06
4550,9.827830071106545e-06
4551,1.2107900320321558e-05
4552,2.0104896734661464e-05
4553,2.2292903914061645e-05
4554,2.1792961845541654e-05
4555,2.2425104507002695e-05
4556,2.2425104507002695e-05
4557,2.2425104507002695e-05
4558,2.2425104507002695e-05
4559,3.8930177591494416e-05
4560,5.191348590855312e-05
4561,5.191348590855312e-05
4562,5.191348590855312e-05
4563,5.191348590855312e-05
4564,5.065685122641925e-05
4565,6.471748416337553e-05
4566,6.209490115385071e-05
4567,6.30903710479782e-05
4568,4.705849835608395e-05
4569,4.739878956856589e-05
4570,4.4525931206797664e-05
4571,4.705849835608395e-05
4572,3.9943032744246266e-05
4573,7.284280346135661e-05
4574,0.000651290677348932
4575,0.00013952037455147688
4576,0.005871499050901619
4577,0.0001304075800458667
4578,7.313590974451695e-06
4579,4.316435719740465e-06
4580,2.0864716469730585e-05
4581,2.6573507660681218e-05
4582,9.734242331730502e-06
4583,9.792756877590203e-06
4584,9.715320459589987e-06
4585,2.0899640198972124e-05
4586,2.0096748363412173e-05
4587,2.277177362156373e-05
4588,2.2425104507002695e-05
4589,2.2425104507002695e-05
4590,2.2425104507002695e-05
4591,2.2425104507002695e-05
4592,2.2425104507002695e-05
4593,2.838097757666882e-05
4594,5.169015969311966e-05
4595,0.00012566465112658716
4596,5.191348590855312e-05
4597,5.581303854961203e-05
4598,5.191348590855312e-05
4599,5.4341888667893776e-05
4600,0.00010526795969086456
4601,0.0001052655041735579
4602,7.101387067605856e-05
4603,9.929219733988567e-05
4604,6.13300272860429e-05
4605,7.539468612966696e-05
4606,4.705849835608395e-05
4607,7.623203039952765e-05
4608,6.0861189172301846e-05
4609,5.9824474990529685e-05
4610,0.00012803792110863284
4611,4.2018143435748654e-05
4612,1.3933673882404118e-05
4613,2.754102412208148e-05
4614,2.2521049159262856e-05
4615,2.4964319374221978e-05
4616,2.0716627911215295e-05
4617,2.754102412208148e-05
4618,2.566340498583784e-05
4619,2.754102412208148e-05
4620,2.3381494491372568e-05
4621,2.2425104507002695e-05
4622,2.2425104507002695e-05
4623,2.2425104507002695e-05
4624,0.00020473415463675954
4625,3.055069284408545e-05
4626,5.191348590855312e-05
4627,5.191348590855312e-05
4628,0.0005196823930341711
4629,0.0005467633206960311
4630,3.433201751375001e-05
4631,2.619538276496935e-05
4632,8.830186624601443e-05
4633,0.00010285584033611756
4634,0.00010526795969086456
4635,0.00010526795969086456
4636,0.00010526795969086456
4637,0.00010526795969086456
4638,9.038948674437167e-05
4639,0.00010526795969086456
4640,9.069181378612432e-05
4641,9.44321692619407e-05
4642,6.64443423980192e-05
4643,7.069226692278454e-05
4644,2.5184802660902546e-06
4645,2.9393802793298575e-05
4646,2.754102412208148e-05
4647,2.754102412208148e-05
4648,2.754102412208148e-05
4649,2.754102412208148e-05
4650,2.754102412208148e-05
4651,2.754102412208148e-05
4652,2.6678057558126804e-05
4653,2.247391059919197e-05
4654,2.2425104507002695e-05
4655,2.2425104507002695e-05
4656,2.912847801309676e-05
4657,4.262758004616993e-05
4658,5.191348590855312e-05
4659,5.191348590855312e-05
4660,5.329015718550229e-05
4661,0.00020453356408681436
4662,0.003272344868351207
4663,0.0038972261217180516
4664,4.549770402478235e-05
4665,5.4714705337437875e-05
4666,0.00010526795969086456
4667,0.00010526795969086456
4668,0.00010526795969086456
4669,0.00010526795969086456
4670,0.00010526795969086456
4671,0.0007992653490601883
4672,0.00010526795969086456
4673,0.00010526795969086456
4674,0.00010526795969086456
4675,0.002175447246807111
4676,5.907801056240654e-05
4677,9.10707159153258e-05
4678,6.897827154824979e-05
4679,2.7588477956924338e-05
4680,2.754102412208148e-05
4681,2.754102412208148e-05
4682,2.754102412208148e-05
4683,2.754102412208148e-05
4684,2.7263979182450918e-05
4685,3.6821811296183424e-05
4686,2.367918015934832e-05
4687,3.927170575484865e-05
4688,3.362477400049877e-05
4689,5.10666758017454e-05
4690,5.183160875174105e-05
4691,5.190952684269647e-05
4692,3.89820604091981e-05
4693,0.004044502894865134
4694,0.002036032367667649
4695,4.549770402478235e-05
4696,9.429672656870365e-05
4697,0.00010526795969086456
4698,0.00010526795969086456
4699,0.00010526795969086456
4700,0.00010526795969086456
4701,4.8438400268094554e-05
4702,4.5380241205728916e-05
4703,4.288293828546397e-05
4704,7.339576327349376e-05
4705,9.991219370144982e-05
4706,0.00033796654238656934
4707,2.8369001515165095e-05
4708,3.5359776232017403e-06
4709,5.711118335353036e-05
4710,9.000405259646885e-05
4711,2.754102412208148e-05
4712,2.754102412208148e-05
4713,2.754102412208148e-05
4714,2.754102412208148e-05
4715,2.754102412208148e-05
4716,2.9095200125080487e-05
4717,2.9154155822923188e-05
4718,4.843093233925601e-05
4719,5.062770729266786e-05
4720,5.0556947589749636e-05
4721,5.0556947589749636e-05
4722,5.108904407343827e-05
4723,5.0578428426143346e-05
4724,0.00037964128599309233
4725,0.0007230205898449083
4726,0.00016973391107826148
4727,5.480735881537402e-05
4728,7.35559444041884e-05
4729,0.00010526795969086456
4730,0.00010526795969086456
4731,0.00010526795969086456
4732,0.00010501535403141423
4733,2.9264849926235968e-05
4734,2.158235200050937e-05
4735,1.8901375203504565e-05
4736,2.754102412208148e-05
4737,2.754102412208148e-05
4738,2.754102412208148e-05
4739,2.754102412208148e-05
4740,2.754102412208148e-05
4741,2.754102412208148e-05
4742,2.754102412208148e-05
4743,4.6927340630143984e-05
4744,4.828950450954405e-05
4745,5.221735985816085e-05
4746,5.0556947589749636e-05
4747,5.0556947589749636e-05
4748,5.0556947589749636e-05
4749,0.00020222557509532924
4750,8.791178290744511e-06
4751,3.5541526593971167e-06
4752,2.986288171740417e-05
4753,2.866686304857415e-05
4754,8.083383591104919e-05
4755,0.00010526795969086456
4756,0.00010526795969086456
4757,7.689126765133959e-05
4758,5.8759758626797616e-05
4759,2.0129381789623713e-05
4760,2.754102412208148e-05
4761,2.754102412208148e-05
4762,2.754102412208148e-05
4763,2.754102412208148e-05
4764,2.754102412208148e-05
4765,2.954659968393753e-05
4766,3.614126345919296e-05
4767,5.294808971072757e-05
4768,5.294808971072757e-05
4769,5.294808971072757e-05
4770,5.1427241678993605e-05
4771,5.0556947589749636e-05
4772,0.00021730980036777035
4773,0.0019259591188226428
4774,2.0893139371611176e-06
4775,5.765909418984767e-05
4776,3.987291488953043e-05
4777,9.666225677805371e-05
4778,4.4225192537456306e-05
4779,4.511815590665631e-05
4780,4.122064155599402e-06
4781,1.7968966989046407e-05
4782,2.754102412208148e-05
4783,2.754102412208148e-05
4784,2.930491223720893e-05
4785,3.3768148061097514e-05
4786,2.754102412208148e-05
4787,4.326839764874061e-05
4788,5.2852588343951935e-05
4789,5.294808971072757e-05
4790,5.294808971072757e-05
4791,5.294808971072757e-05
4792,5.2311449230029126e-05
4793,5.2748453964590566e-05
4794,5.670329979612636e-05
4795,5.6770432902976514e-05
4796,1.4320988184642494e-05
4797,2.4656105540704085e-05
4798,9.109037784208732e-06
4799,2.3687390776372604e-05
4800,1.9072452343950386e-05
4801,2.754102412208148e-05
4802,2.754102412208148e-05
4803,3.8185389732830265e-05
4804,5.155834949225003e-05
4805,4.319109802400719e-05
4806,5.294808971072757e-05
4807,5.294808971072757e-05
4808,5.294808971072757e-05
4809,5.294808971072757e-05
4810,5.294808971072757e-05
4811,5.294808971072757e-05
4812,7.521651094328526e-05
4813,8.461937356109938e-05
4814,4.2406501286937484e-05
4815,2.289133246887158e-05
4816,2.754102412208148e-05
4817,2.754102412208148e-05
4818,2.84217613152987e-05
4819,4.5450268551985466e-05
4820,5.294808971072757e-05
4821,5.294808971072757e-05
4822,5.294808971072757e-05
4823,5.294808971072757e-05
4824,5.294808971072757e-05
4825,5.294808971072757e-05
4826,5.294808971072757e-05
4827,5.294808971072757e-05
4828,9.094143563803995e-05
4829,6.847934140830857e-05
4830,1.4204347804737532e-05
4831,2.754102412208148e-05
4832,3.305616241270011e-05
4833,4.664035157062522e-05
4834,5.294808971072757e-05
4835,5.294808971072757e-05
4836,5.294808971072757e-05
4837,5.294808971072757e-05
4838,5.294808971072757e-05
4839,5.294808971072757e-05
4840,5.294808971072757e-05
4841,7.36203258885462e-05
4842,5.294808971072757e-05
4843,5.294808971072757e-05
4844,3.670458996989425e-05
4845,3.84776292474995e-06
4846,2.7572377802327078e-05
4847,4.664045125891497e-05
4848,5.294808971072757e-05
4849,5.294808971072757e-05
4850,5.294808971072757e-05
4851,5.294808971072757e-05
4852,5.294808971072757e-05
4853,5.294808971072757e-05
4854,5.294808971072757e-05
4855,5.028401557002728e-05
4856,0.0005088816313194375
4857,1.3427729266714425e-05
4858,5.211365955733605e-05
4859,1.8064563900720564e-05
4860,9.314618280721052e-06
4861,1.9666478732467152e-05
4862,5.294808971072757e-05
4863,5.294808971072757e-05
4864,5.294808971072757e-05
4865,5.294808971072757e-05
4866,5.294808971072757e-05
4867,5.294808971072757e-05
4868,5.294808971072757e-05
4869,8.966840550049284e-06
4870,6.766116460603956e-06
4871,2.9757049862221045e-05
4872,4.4028082413781765e-05
4873,5.294808971072757e-05
4874,5.294808971072757e-05
4875,5.294808971072757e-05
4876,5.183398725127121e-05
4877,2.5647821484870888e-05
4878,5.490973400424196e-06
4879,5.294808971072757e-05
4880,4.947426100680282e-05
4881,5.294808971072757e-05
4882,3.737277637828391e-05
4883,6.59312238867122e-06
4884,2.124771022212883e-05
4885,4.150801449094361e-06
4886,3.9473265125596254e-05
4887,3.762536763680061e-05
4888,2.4877817530541262e-05
4889,9.363509382634285e-06
4890,3.1593200001943124e-06
4891,3.5475078361161474e-05
4892,5.23244800125321e-06
4893,0.0
4894,2.751944647539698e-06
4895,5.424121411733802e-06
4896,4.375732440794112e-06
4897,6.981414770096021e-07
4898,5.611294456842525e-06
4899,3.6901737667245423e-07
4900,3.705112990859307e-06
4901,6.260520922439791e-06
4902,1.0943985141544658e-05
4903,1.290890965260343e-06
4904,1.0166641711202404e-05
4905,6.101932019617805e-06
4906,3.713939868120183e-07
4907,0.0
4908,0.001327971538084854
4909,3.051010948879205e-06
4910,0.0007106934509662666
4911,2.2618024227530897e-05
4912,6.986894457299391e-07
4913,8.12039757724691e-05
4914,4.3798321641933523e-07
4915,3.9825554523004754e-07
4916,1.0173140186948386e-05
4917,8.460212868048775e-06
4918,9.187133274899787e-06
4919,6.297308239699852e-07
4920,5.05943432151172e-06
4921,5.4305821202457375e-06
4922,1.3422562148935548e-06
4923,3.264820289338425e-06
4924,7.2883724588807e-06
4925,9.456501357364964e-07
4926,2.253070402004215e-05
4927,6.387227346276813e-06
4928,6.216339867833041e-06
4929,4.288520375433568e-06
4930,2.4614163300694505e-05
4931,2.4484241537841243e-05
4932,2.4614163300694505e-05
4933,1.1859326651598837e-05
4934,4.680020073864105e-06
4935,6.693556194778124e-06
4936,2.840055648753199e-05
4937,2.4614163300694505e-05
4938,2.4614163300694505e-05
4939,2.4614163300694505e-05
4940,2.4614163300694505e-05
4941,6.530581316908257e-06
4942,3.0201433084762545e-06
4943,2.249213629376119e-05
4944,2.4850302463050506e-06
4945,5.950865214656121e-06
4946,4.4769524592066846e-05
4947,3.007970505906449e-05
4948,2.4614163300694505e-05
4949,2.4614163300694505e-05
4950,2.4614163300694505e-05
4951,2.4614163300694505e-05
4952,2.2058045663364414e-05
4953,6.793804253310891e-05
4954,7.149605547904216e-05
4955,4.8515003983191054e-05
4956,8.02386248018148e-06
4957,4.4015357143518655e-05
4958,4.315555061638864e-05
4959,4.4769826057572e-05
4960,3.997313803683178e-05
4961,2.68939378823088e-05
4962,2.4614163300694505e-05
4963,2.4614163300694505e-05
4964,2.4614163300694505e-05
4965,2.4614163300694505e-05
4966,2.200286714002451e-05
4967,2.1158166609576443e-05
4968,1.849256716412198e-05
4969,3.474489496264119e-05
4970,0.01707230277275733
4971,0.0007593852048827854
4972,9.476190424190288e-05
4973,9.476190424190288e-05
4974,4.677859785143077e-05
4975,4.415816238854847e-05
4976,4.4769826057572e-05
4977,4.4769826057572e-05
4978,4.424339853802459e-05
4979,4.415005124429922e-05
4980,2.9071443040086565e-05
4981,2.5705997013020393e-05
4982,2.4614163300694505e-05
4983,2.4614163300694505e-05
4984,2.4614163300694505e-05
4985,2.2074476444625857e-05
4986,1.2077993009111148e-05
4987,2.087798018051284e-06
4988,1.8584966205482478e-05
4989,0.0011354978545681665
4990,0.004835951336375411
4991,0.0004878911857186703
4992,0.002148395441738599
4993,0.00011195630728976552
4994,7.392038988501362e-05
4995,4.422358631938687e-05
4996,3.776911386500631e-05
4997,3.349462050267908e-05
4998,4.4769826057572e-05
4999,4.4769826057572e-05
5000,4.471057995342308e-05
5001,3.9349027876993295e-05
5002,2.4614796332004206e-05
5003,2.4503227038753926e-05
5004,2.4517645517412858e-05
5005,1.8672234971179063e-05
5006,1.636901306093884e-05
5007,1.572982929609381e-05
5008,1.569753433322908e-06
5009,2.1689453618065448e-05
5010,7.433354921528625e-05
5011,0.005579567050006913
5012,0.004508640206528737
5013,0.006295727144180675
5014,0.0015394765644794232
5015,6.946058280863617e-05
5016,5.4811167532876014e-05
5017,1.9756155020305622e-05
5018,1.1961746048009414e-05
5019,4.156636996033296e-05
5020,4.4769826057572e-05
5021,0.0005697783832364811
5022,4.4769826057572e-05
5023,3.3445752778137096e-05
5024,1.653442135265704e-05
5025,1.7930422624558697e-05
5026,1.6553727977704223e-05
5027,1.636901306093884e-05
5028,1.6233803411306672e-05
5029,1.3220466645563755e-05
5030,1.7450771969297585e-06
5031,1.0014410723280154e-05
5032,0.002953709065961883
5033,0.005013216864302109
5034,0.0030543513522540877
5035,0.0021554560871735167
5036,0.00022020972347045996
5037,7.556423394474968e-05
5038,4.881254213086493e-05
5039,4.479491092331737e-05
5040,3.5952284328016213e-05
5041,4.4769826057572e-05
5042,4.4769826057572e-05
5043,2.5292256892843946e-05
5044,2.5417843182771147e-05
5045,1.636901306093884e-05
5046,1.636901306093884e-05
5047,1.6019711941046464e-05
5048,1.3195497781432407e-05
5049,7.511545060407663e-06
5050,8.395538995769695e-06
5051,6.965698127096855e-06
5052,0.001086911129196693
5053,0.0013164275522177253
5054,0.0002971937670690928
5055,6.573909648033582e-05
5056,0.003981230746167619
5057,0.000999612772173722
5058,5.3616659617018066e-05
5059,3.774276538804954e-05
5060,0.0004836185947050931
5061,4.5132408783437175e-05
5062,0.0004627908265745129
5063,0.00013277089100728083
5064,1.636901306093884e-05
5065,1.5174487110268436e-05
5066,1.636901306093884e-05
5067,1.1759670005829928e-05
5068,7.032387698659334e-06
5069,7.022699326321634e-06
5070,7.022699326321634e-06
5071,7.022699326321634e-06
5072,3.1102739740814574e-06
5073,0.0005260353681630082
5074,9.138359258844121e-05
5075,2.8920613677095113e-05
5076,2.2096805025236376e-05
5077,2.2096805025236376e-05
5078,2.3614814613456712e-05
5079,2.7708071482853958e-05
5080,4.4769826057572e-05
5081,5.925138982189336e-05
5082,0.00035873414426547764
5083,0.002092787460566444
5084,1.636901306093884e-05
5085,4.002679400310165e-05
5086,1.4056380804348567e-05
5087,1.1036337586710723e-05
5088,7.035335208334054e-06
5089,7.022699326321634e-06
5090,7.022699326321634e-06
5091,7.022699326321634e-06
5092,6.103429136422918e-06
5093,1.3652087842664223e-06
5094,4.25902310916456e-05
5095,0.0008206205587840077
5096,2.899389743741176e-05
5097,6.448556340082677e-05
5098,2.2921231518669825e-05
5099,4.8645385918987175e-05
5100,4.097177872643162e-05
5101,6.68245711004871e-05
5102,0.0001198528938702048
5103,0.0001198528938702048
5104,7.26797197461985e-05
5105,0.0019305169955022641
5106,4.577139304650455e-05
5107,2.1651925508861782e-05
5108,7.022699326321634e-06
5109,7.022699326321634e-06
5110,7.022699326321634e-06
5111,7.022699326321634e-06
5112,7.022699326321634e-06
5113,5.09119475415232e-06
5114,0.0030169386570887144
5115,0.0002298201786279917
5116,0.0001932198841934915
5117,8.448176865792276e-05
5118,8.204115143613766e-05
5119,6.876938023722806e-05
5120,0.00010111630326394569
5121,0.00011934845582061466
5122,0.0001198528938702048
5123,9.385969116608057e-05
5124,0.0001571328462143183
5125,0.0020367661606560178
5126,4.273964605200976e-05
5127,7.022699326321634e-06
5128,7.022699326321634e-06
5129,7.022699326321634e-06
5130,7.022699326321634e-06
5131,7.022699326321634e-06
5132,7.022699326321634e-06
5133,2.7187460566784523e-06
5134,0.0023199224273439535
5135,0.0014215397538792874
5136,0.00017300088717983665
5137,0.00010353489841048304
5138,8.183576197414641e-05
5139,8.251660860348116e-05
5140,0.00010888992779692352
5141,0.0001198528938702048
5142,7.48504303606961e-05
5143,5.8241666629739115e-05
5144,5.137163102084918e-05
5145,8.607068926346028e-05
5146,4.6377639149753624e-05
5147,9.131185441802743e-06
5148,7.022699326321634e-06
5149,7.022699326321634e-06
5150,7.022699326321634e-06
5151,7.022699326321634e-06
5152,7.022699326321634e-06
5153,6.797393658424549e-06
5154,2.736622351755918e-06
5155,0.0013983591626593377
5156,0.00020106634424723533
5157,8.353704451646008e-05
5158,8.183576197414641e-05
5159,8.183576197414641e-05
5160,0.00010124079429300292
5161,0.0001198528938702048
5162,7.852063470268086e-05
5163,5.137163102084918e-05
5164,5.137163102084918e-05
5165,5.137163102084918e-05
5166,4.955570804926342e-05
5167,8.668790052536141e-06
5168,7.099582429704473e-06
5169,7.022699326321634e-06
5170,7.022699326321634e-06
5171,7.022699326321634e-06
5172,7.022699326321634e-06
5173,7.022699326321634e-06
5174,5.295274657701378e-06
5175,0.000883905253152974
5176,0.00047586638190010255
5177,6.662817599590898e-05
5178,8.148401198222063e-05
5179,7.959811940744314e-05
5180,0.00011813703905041816
5181,5.357601825998494e-05
5182,5.137163102084918e-05
5183,3.416076045654622e-05
5184,5.137163102084918e-05
5185,5.057655871909657e-05
5186,1.0489024694061195e-05
5187,8.753144821968068e-06
5188,7.4710268352184246e-06
5189,7.520344504234417e-06
5190,7.022699326321634e-06
5191,7.022699326321634e-06
5192,7.022699326321634e-06
5193,4.681012086836431e-06
5194,1.2684915824140922e-07
5195,5.579856962240268e-06
5196,0.00011600540222010271
5197,5.897036715613324e-05
5198,5.963989363708774e-05
5199,5.897036715613324e-05
5200,6.126737175196087e-05
5201,3.5124930128046345e-05
5202,2.604061778116457e-05
5203,8.787187319014804e-06
5204,2.858235144041988e-05
5205,2.1541033535052342e-05
5206,1.552405352025123e-05
5207,8.787187319014804e-06
5208,8.787187319014804e-06
5209,8.787187319014804e-06
5210,8.04888667677519e-06
5211,8.016287550951633e-06
5212,5.2894526302454035e-06
5213,2.1834933003408166e-06
5214,1.4145022127022479e-06
5215,1.6956081691400065e-06
5216,4.4954885671691995e-05
5217,0.0003020722907883404
5218,0.00014665445584113054
5219,6.26355673414406e-05
5220,5.897036715613324e-05
5221,5.3353663102770856e-05
5222,8.787187319014804e-06
5223,8.787187319014804e-06
5224,0.00012107665665138534
5225,0.0001007196334561277
5226,8.787187319014804e-06
5227,9.262530984348894e-06
5228,8.787187319014804e-06
5229,8.787187319014804e-06
5230,8.787187319014804e-06
5231,7.812521824761227e-06
5232,6.315440200782807e-06
5233,4.840318953084574e-06
5234,4.840318953084574e-06
5235,4.693552097404417e-06
5236,2.9855044372939593e-05
5237,0.00014743427265048793
5238,0.002912355674108849
5239,5.897036715613324e-05
5240,5.897036715613324e-05
5241,5.897036715613324e-05
5242,2.8512225601946884e-05
5243,8.787187319014804e-06
5244,8.787187319014804e-06
5245,8.792588104182904e-06
5246,8.840836130302716e-06
5247,1.1554667902698212e-05
5248,1.0444695274024128e-05
5249,1.1065010122579722e-05
5250,8.51240164839302e-06
5251,4.848293226791456e-06
5252,4.840318953084574e-06
5253,4.840318953084574e-06
5254,4.840318953084574e-06
5255,4.840318953084574e-06
5256,3.1470726133840964e-06
5257,1.1314605339911911e-06
5258,1.9990911648239738e-05
5259,0.00016838810749919694
5260,6.292755337629597e-05
5261,4.305096333692966e-05
5262,0.00038936874415955973
5263,5.897036715613324e-05
5264,5.7939747774995105e-05
5265,3.253295602341987e-05
5266,8.85319122522069e-06
5267,1.1447985139935715e-05
5268,1.1582848190058083e-05
5269,1.1746126703591631e-05
5270,1.1746126703591631e-05
5271,1.1746126703591631e-05
5272,1.0190447479526698e-05
5273,6.140738517810716e-06
5274,4.840318953084574e-06
5275,4.840318953084574e-06
5276,4.840318953084574e-06
5277,4.840318953084574e-06
5278,4.840318953084574e-06
5279,1.2756937151831651e-05
5280,2.120889988289608e-06
5281,0.0007404281363312915
5282,8.596166597644111e-05
5283,3.434401921896703e-05
5284,5.325927096160171e-05
5285,0.00012027305694923525
5286,5.455256351415547e-05
5287,4.401321860685408e-05
5288,1.706850435216117e-05
5289,1.1785758055102383e-05
5290,1.1746126703591631e-05
5291,0.0004747168673345014
5292,1.1746126703591631e-05
5293,1.1746126703591631e-05
5294,1.1746126703591631e-05
5295,1.0093085978065441e-05
5296,4.840318953084574e-06
5297,4.942702471629431e-06
5298,5.018422537104669e-06
5299,1.8164013388379338e-05
5300,1.1594573281464944e-05
5301,2.1769605774354884e-05
5302,1.9098380528386513e-05
5303,1.722100697627977e-05
5304,1.5340019942766018e-05
5305,0.0007492120666642973
5306,3.6128776664005986e-05
5307,4.78512856215575e-05
5308,6.537627733131367e-05
5309,6.234380103231242e-05
5310,0.00023982566242469595
5311,4.315843138312095e-05
5312,2.565206573988122e-05
5313,1.8425045019849946e-05
5314,1.1783852885849441e-05
5315,1.1746126703591631e-05
5316,1.2889630263405262e-05
5317,1.2002849073980595e-05
5318,1.6174997207674134e-05
5319,6.062697113309807e-06
5320,1.8824236931257286e-05
5321,2.0532175103012977e-05
5322,2.1769605774354884e-05
5323,2.1769605774354884e-05
5324,1.2838210629730044e-05
5325,1.837209150072571e-05
5326,9.468119258933471e-06
5327,0.0001086259565424264
5328,3.79509215515053e-05
5329,4.526492314107742e-05
5330,4.7176153676688274e-05
5331,6.904632179361351e-05
5332,0.0004272236548201804
5333,0.008627795798496417
5334,0.0006988210176752447
5335,4.379381054825623e-05
5336,1.2136683776709948e-05
5337,0.0002703315224259208
5338,1.76370161680805e-05
5339,2.1770378339939103e-05
5340,2.069968651378738e-05
5341,2.177007856359967e-05
5342,2.0514542247343392e-05
5343,2.1769605774354884e-05
5344,2.1769605774354884e-05
5345,2.174733007715462e-05
5346,1.4139868988350463e-05
5347,9.369658691922852e-06
5348,9.369658691922852e-06
5349,1.0306050839156948e-05
5350,2.356461255638929e-06
5351,4.6428618897550955e-05
5352,4.526492314107742e-05
5353,4.526492314107742e-05
5354,4.5745420455614346e-05
5355,5.507927201892195e-05
5356,0.00013956072870026934
5357,0.0012202337778939101
5358,0.0029715756407360516
5359,0.00033714453819092975
5360,2.6490345554188103e-05
5361,7.351713691851169e-05
5362,0.00012790987102165996
5363,2.1770378339939103e-05
5364,2.1770265515234477e-05
5365,2.1769606976195255e-05
5366,2.1769605774354884e-05
5367,2.1769605774354884e-05
5368,2.1769605774354884e-05
5369,2.1769605774354884e-05
5370,1.3969332432551628e-05
5371,9.369658691922852e-06
5372,9.369658691922852e-06
5373,1.986258622861632e-05
5374,4.583419913218728e-05
5375,1.608004128995453e-05
5376,4.291668652722298e-05
5377,4.497794508576643e-05
5378,0.00014201082139685006
5379,4.526492314107742e-05
5380,6.46361523995237e-05
5381,0.0001878032682938625
5382,0.0001040837072670358
5383,3.1743219257858455e-05
5384,0.00044118074519831874
5385,4.37715489492869e-05
5386,2.1770378339939103e-05
5387,2.1770375401664114e-05
5388,2.1770099961701904e-05
5389,8.614859475144029e-05
5390,2.1769605774354884e-05
5391,2.1769605774354884e-05
5392,2.1769605774354884e-05
5393,2.1664144504325848e-05
5394,1.2514616114056436e-05
5395,9.369658691922852e-06
5396,9.369658691922852e-06
5397,9.369658691922852e-06
5398,1.0554504252013387e-05
5399,6.807155703509639e-06
5400,2.0875840744530248e-05
5401,3.477657674974006e-05
5402,6.549016201040402e-05
5403,0.00013428016846805572
5404,4.4721775257228166e-05
5405,0.001506489909518052
5406,0.001529886825067624
5407,3.212334862990495e-05
5408,4.167209094319104e-05
5409,5.50976566223585e-05
5410,6.767827644885204e-05
5411,2.6941532651152374e-05
5412,2.176983260305112e-05
5413,2.1769623587243553e-05
5414,0.0016399094561951114
5415,2.5917050064341913e-05
5416,2.1769605774354884e-05
5417,2.1769605774354884e-05
5418,2.124654803015178e-05
5419,9.741062737317127e-06
5420,9.369658691922852e-06
5421,9.369658691922852e-06
5422,9.369658691922852e-06
5423,9.369658691922852e-06
5424,9.369658691922852e-06
5425,6.8982918193080444e-06
5426,3.536951402256616e-06
5427,2.9093020081321518e-05
5428,3.477657674974006e-05
5429,3.477657674974006e-05
5430,0.00042675222267350666
5431,0.00010716935628329519
5432,7.863153016266702e-05
5433,3.155821404087059e-05
5434,3.2607314634794755e-05
5435,4.869492058358287e-05
5436,6.767827644885204e-05
5437,6.767827644885204e-05
5438,5.922739099934884e-05
5439,5.359445903831769e-05
5440,2.1769605774354884e-05
5441,2.1769605774354884e-05
5442,2.1769605774354884e-05
5443,2.1769605774354884e-05
5444,2.1769605774354884e-05
5445,1.564072443610053e-05
5446,1.053659681045655e-05
5447,9.369658691922852e-06
5448,9.369658691922852e-06
5449,9.369658691922852e-06
5450,9.369658691922852e-06
5451,9.369658691922852e-06
5452,9.369658691922852e-06
5453,9.10618229625847e-06
5454,3.908914190178011e-06
5455,3.477657674974006e-05
5456,3.477657674974006e-05
5457,0.00011839883716848731
5458,4.057639206501998e-05
5459,3.276849706346513e-05
5460,5.307545373203911e-05
5461,3.0094370410241826e-05
5462,2.46809790761517e-05
5463,2.135648303858951e-05
5464,5.176455804658268e-05
5465,6.767827644885204e-05
5466,6.767827644885204e-05
5467,6.767827644885204e-05
5468,3.648728545999716e-05
5469,2.4457540931566636e-05
5470,2.1769605774354884e-05
5471,2.1769605774354884e-05
5472,2.1769605774354884e-05
5473,4.188626028797051e-05
5474,1.0284185659326705e-05
5475,9.369658691922852e-06
5476,9.369658691922852e-06
5477,9.369658691922852e-06
5478,9.369658691922852e-06
5479,9.369658691922852e-06
5480,9.369658691922852e-06
5481,9.369658691922852e-06
5482,2.3470082229609145e-06
5483,4.571277587646474e-06
5484,2.2765938554637068e-05
5485,3.477657674974006e-05
5486,3.477657674974006e-05
5487,3.729916894937088e-05
5488,0.000815312730650626
5489,3.715645338343024e-05
5490,3.164724305817468e-05
5491,2.5088830322192947e-05
5492,2.135648303858951e-05
5493,2.135648303858951e-05
5494,2.636614630984637e-05
5495,5.254965966133584e-05
5496,6.767827644885204e-05
5497,6.767827644885204e-05
5498,6.68763356065423e-05
5499,4.456357703433716e-05
5500,2.1976046707016677e-05
5501,3.7590014794984266e-05
5502,4.2070797245231714e-05
5503,0.00015023960290440452
5504,5.877422048665789e-05
5505,3.1459790245781794e-05
5506,9.369658691922852e-06
5507,0.0009869274073422204
5508,9.369658691922852e-06
5509,9.369658691922852e-06
5510,9.369658691922852e-06
5511,9.369658691922852e-06
5512,4.144645351006881e-06
5513,1.3038353985438358e-05
5514,8.306812901954323e-05
5515,2.6427143902673062e-05
5516,3.597290637818553e-05
5517,3.685322771628753e-05
5518,3.521457881238005e-05
5519,3.71157014594121e-05
5520,3.5789130785437173e-05
5521,3.441619596666495e-05
5522,2.135648303858951e-05
5523,2.135648303858951e-05
5524,2.135648303858951e-05
5525,3.6327078097058015e-05
5526,6.767827644885204e-05
5527,6.767827644885204e-05
5528,6.767827644885204e-05
5529,6.675354888951559e-05
5530,5.1036517754114055e-05
5531,5.454446903329127e-05
5532,5.454446903329127e-05
5533,5.454446903329127e-05
5534,5.454446903329127e-05
5535,5.454446903329127e-05
5536,2.846733749291134e-05
5537,0.000527930100461854
5538,1.8713444159388138e-05
5539,9.369658691922852e-06
5540,9.369658691922852e-06
5541,9.369658691922852e-06
5542,8.174882857049433e-06
5543,1.9882451366918833e-06
5544,0.0014177279110078429
5545,0.0008867522534226649
5546,0.0007846368125280376
5547,1.5693160665589428e-05
5548,1.5693160665589428e-05
5549,3.112272268125683e-05
5550,3.769073010184462e-05
5551,3.7205962196029904e-05
5552,3.769073010184462e-05
5553,3.769073010184462e-05
5554,0.00036806674483439973
5555,2.68933735001327e-05
5556,2.135648303858951e-05
5557,2.135648303858951e-05
5558,2.135648303858951e-05
5559,5.432019313590474e-05
5560,2.470910492692975e-05
5561,4.266620163219333e-05
5562,5.145391817102356e-05
5563,5.6459294185393645e-05
5564,5.454446903329127e-05
5565,5.454446903329127e-05
5566,5.454446903329127e-05
5567,5.454446903329127e-05
5568,5.454446903329127e-05
5569,5.454446903329127e-05
5570,5.454446903329127e-05
5571,0.00043453524941824794
5572,9.369658691922852e-06
5573,9.369658691922852e-06
5574,9.369658691922852e-06
5575,9.369658691922852e-06
5576,1.0913750901646532e-05
5577,0.00010700080869121683
5578,0.00441847444295024
5579,0.0005549770807623119
5580,1.5693160665589428e-05
5581,1.5693160665589428e-05
5582,2.4119475881840848e-05
5583,3.243822975183872e-05
5584,3.769073010184462e-05
5585,3.769073010184462e-05
5586,3.769073010184462e-05
5587,3.769073010184462e-05
5588,3.4561236540817054e-05
5589,3.078379982201539e-05
5590,2.135648303858951e-05
5591,2.135648303858951e-05
5592,2.135648303858951e-05
5593,2.1884199693223867e-05
5594,2.135648303858951e-05
5595,3.546965344231348e-05
5596,5.454511188644467e-05
5597,5.454446903329127e-05
5598,5.454446903329127e-05
5599,5.454446903329127e-05
5600,5.454446903329127e-05
5601,5.454446903329127e-05
5602,5.454446903329127e-05
5603,5.454446903329127e-05
5604,0.000238248461059463
5605,1.5569341248629753e-05
5606,9.799004967106664e-06
5607,1.2519393565881883e-05
5608,1.8121123903887125e-05
5609,2.1410472333504652e-05
5610,3.5350773856034918e-06
5611,3.5839455952097496e-07
5612,1.1813260422119674e-05
5613,6.473037206769745e-06
5614,3.396870098286789e-05
5615,3.001434182121209e-05
5616,3.476742042589462e-05
5617,0.0001123709963677809
5618,2.362993294075701e-05
5619,1.5693160665589428e-05
5620,1.5693160665589428e-05
5621,1.778896483683018e-05
5622,1.5693160665589428e-05
5623,3.256990372819353e-05
5624,3.2642851329161724e-05
5625,3.769073010184462e-05
5626,3.769073010184462e-05
5627,3.769073010184462e-05
5628,3.769073010184462e-05
5629,4.240906190285021e-05
5630,5.2325824341414795e-05
5631,2.1446137019003614e-05
5632,3.5247190602795465e-05
5633,3.225545066774779e-05
5634,3.769073010184462e-05
5635,4.48010184719474e-05
5636,5.454446903329127e-05
5637,5.454446903329127e-05
5638,5.454446903329127e-05
5639,5.454446903329127e-05
5640,5.454446903329127e-05
5641,5.454446903329127e-05
5642,3.9102202525286065e-05
5643,3.3276930687155365e-05
5644,1.9011681676533195e-05
5645,1.6393266086305073e-05
5646,1.9766321237345047e-05
5647,2.1410472333504652e-05
5648,2.1410472333504652e-05
5649,8.911949500893868e-06
5650,7.432875674332798e-06
5651,1.1814837885121162e-06
5652,4.2319655971189876e-05
5653,6.181826150736892e-06
5654,3.5884585040151595e-05
5655,1.150390271645351e-05
5656,1.604454136837179e-05
5657,3.476742042589462e-05
5658,3.476742042589462e-05
5659,3.476742042589462e-05
5660,3.476742042589462e-05
5661,2.2320315947234985e-05
5662,1.5693160665589428e-05
5663,1.5693160665589428e-05
5664,1.5693160665589428e-05
5665,1.5693160665589428e-05
5666,2.080581527088259e-05
5667,3.769073010184462e-05
5668,3.769073010184462e-05
5669,3.769073010184462e-05
5670,3.769073010184462e-05
5671,4.349137615935748e-05
5672,3.769073010184462e-05
5673,3.626621800089273e-05
5674,3.769073010184462e-05
5675,3.769073010184462e-05
5676,3.769073010184462e-05
5677,3.898763888849469e-05
5678,5.1292617547236665e-05
5679,5.453326127765391e-05
5680,4.883328043422766e-05
5681,5.3849030713479725e-05
5682,5.454446903329127e-05
5683,4.02382349563438e-05
5684,2.0884433879588306e-05
5685,1.9011681676533195e-05
5686,1.9565391646392827e-05
5687,1.9011681676533195e-05
5688,1.9011681676533195e-05
5689,3.896660312928316e-05
5690,2.7963013440623827e-05
5691,1.4653146668881621e-05
5692,0.0002524985601549488
5693,1.2391309089950263e-05
5694,1.0859405849777642e-05
5695,0.00025906746178796445
5696,6.841765975026741e-06
5697,6.841765975026741e-06
5698,6.841765975026741e-06
5699,2.2511582894984943e-05
5700,3.4372403550348305e-05
5701,3.476742042589462e-05
5702,3.476282684152636e-05
5703,2.653989930943417e-05
5704,1.5693160665589428e-05
5705,1.5693160665589428e-05
5706,1.5693160665589428e-05
5707,1.5693160665589428e-05
5708,1.5693160665589428e-05
5709,3.6016345151671026e-05
5710,3.769073010184462e-05
5711,3.769073010184462e-05
5712,3.769073010184462e-05
5713,3.769073010184462e-05
5714,0.00011266311813865472
5715,3.769073010184462e-05
5716,3.769073010184462e-05
5717,3.769073010184462e-05
5718,3.769073010184462e-05
5719,3.769073010184462e-05
5720,4.48272392918247e-05
5721,4.8784376123978465e-05
5722,4.6566741416468646e-05
5723,5.098368883749443e-05
5724,3.851240239149453e-05
5725,3.202736048806223e-05
5726,2.2826399506542605e-05
5727,2.2143722821050066e-05
5728,2.2631225296439542e-05
5729,1.901324645725447e-05
5730,0.00020947452680863902
5731,0.0006564875530006634
5732,0.0014370282484531727
5733,2.1410472333504652e-05
5734,1.1453591265752488e-05
5735,2.1925593796555418e-06
5736,1.3655063189679335e-05
5737,2.3229717365437422e-05
5738,2.3229717365437422e-05
5739,2.3229717365437422e-05
5740,9.29766292248415e-06
5741,7.908721482281905e-06
5742,6.841765975026741e-06
5743,6.841765975026741e-06
5744,9.644436397259186e-06
5745,1.970525671983417e-05
5746,3.476742042589462e-05
5747,3.476742042589462e-05
5748,2.4457221211128428e-05
5749,1.5693160665589428e-05
5750,1.5693160665589428e-05
5751,1.5693160665589428e-05
5752,1.5693160665589428e-05
5753,1.4974681651821613e-05
5754,2.2059835630176098e-05
5755,1.9345474120799904e-05
5756,3.417311150774309e-05
5757,2.0198081034554506e-05
5758,0.000215860626402914
5759,0.00010669108166209986
5760,3.769073010184462e-05
5761,2.427632845623331e-05
5762,2.9387406974017723e-05
5763,2.0608739360866357e-05
5764,3.767617269711501e-05
5765,3.6504784093898304e-05
5766,4.6566741416468646e-05
5767,4.6566741416468646e-05
5768,4.536085113841077e-05
5769,2.9388788480202994e-05
5770,2.2826399506542605e-05
5771,2.2826399506542605e-05
5772,2.2823029257331697e-05
5773,2.2808926154029393e-05
5774,9.066816607538103e-05
5775,0.0025960788901271533
5776,0.006020825775235052
5777,0.0007525368356441763
5778,0.00018270319177753574
5779,6.863323542465283e-05
5780,1.9595007074706948e-05
5781,1.8633682496658804e-05
5782,2.3229717365437422e-05
5783,2.3229717365437422e-05
5784,2.3091276504408667e-05
5785,2.240020737055485e-05
5786,7.083683598257173e-06
5787,6.841765975026741e-06
5788,6.841765975026741e-06
5789,1.6073480229059644e-05
5790,3.476742042589462e-05
5791,3.4733647979615305e-05
5792,3.2072683329683704e-05
5793,1.6064314797141612e-05
5794,1.6546693829995035e-05
5795,1.871094095846089e-05
5796,1.5693160665589428e-05
5797,1.5775372561432125e-05
5798,6.127911530534039e-06
5799,5.4615179298550826e-06
5800,5.4615179298550826e-06
5801,5.530951711195487e-06
5802,6.550977505335466e-06
5803,5.4615179298550826e-06
5804,8.31080736142889e-06
5805,5.4615179298550826e-06
5806,5.462232170954977e-06
5807,5.4615179298550826e-06
5808,7.899462922451376e-06
5809,3.9165637657676954e-05
5810,4.6566741416468646e-05
5811,4.6566741416468646e-05
5812,4.6566741416468646e-05
5813,4.16123240505652e-05
5814,2.2826129190460512e-05
5815,2.2802200400300076e-05
5816,2.279920526723378e-05
5817,2.2796124718616284e-05
5818,0.00010947914538363621
5819,0.0001943635892936185
5820,0.00024785437421590505
5821,0.00047144924074822467
5822,0.00022724374254947538
5823,4.104192579779412e-06
5824,0.0001233415999594491
5825,0.002192789064211094
5826,2.7127746497120656e-05
5827,9.100922095872244e-06
5828,1.0713764127073879e-05
5829,2.3229717365437422e-05
5830,2.3229717365437422e-05
5831,2.3229717365437422e-05
5832,2.3229717365437422e-05
5833,2.1115545482625995e-05
5834,1.9474676473361197e-05
5835,6.841765975026741e-06
5836,1.1509044848163558e-05
5837,3.476742042589462e-05
5838,2.2840832677631312e-05
5839,1.9617768918230765e-05
5840,1.8111238063665193e-05
5841,2.1069260850428955e-05
5842,2.1070556890080226e-05
5843,1.9146593199510257e-05
5844,1.829369985806333e-05
5845,7.690503764937115e-06
5846,1.1393411242210374e-05
5847,5.4615179298550826e-06
5848,1.705393944292668e-05
5849,8.450933754256596e-06
5850,9.208880663919972e-06
5851,5.4615179298550826e-06
5852,5.4615179298550826e-06
5853,5.4615179298550826e-06
5854,5.4615179298550826e-06
5855,6.1648728476517464e-06
5856,1.6308476505521056e-05
5857,4.637559634182112e-05
5858,4.56457895433499e-05
5859,4.6566741416468646e-05
5860,4.6566741416468646e-05
5861,2.845699348045558e-05
5862,2.2796124718616284e-05
5863,2.2796124718616284e-05
5864,2.2796124718616284e-05
5865,2.2796124718616284e-05
5866,4.705624213267299e-05
5867,0.00408727986458352
5868,0.004851473647435477
5869,3.4887621150324305e-05
5870,2.7636353369991377e-05
5871,3.989445511655916e-05
5872,0.00012828357447872021
5873,6.822722229119199e-05
5874,0.000377359163080966
5875,1.6256085321971224e-05
5876,9.100922095872244e-06
5877,9.100922095872244e-06
5878,1.252689891156906e-05
5879,1.3949296443241507e-05
5880,2.3213820700158426e-05
5881,2.3297672832563696e-05
5882,2.3229717365437422e-05
5883,2.3229717365437422e-05
5884,1.6410523478651252e-05
5885,2.340804090003546e-05
5886,3.457871294182759e-05
5887,1.878184231031262e-05
5888,1.7529763098267756e-05
5889,2.1070556890080226e-05
5890,2.1070556890080226e-05
5891,2.1070556890080226e-05
5892,2.1070556890080226e-05
5893,2.1070556890080226e-05
5894,2.017289176741722e-05
5895,2.1070556890080226e-05
5896,1.64403273232433e-05
5897,0.0001430694977254922
5898,2.1023942488907677e-05
5899,2.1070556890080226e-05
5900,1.3076184589563403e-05
5901,5.462026147726635e-06
5902,5.4615179298550826e-06
5903,5.4615179298550826e-06
5904,5.4615179298550826e-06
5905,2.424443294340353e-05
5906,2.8252765436159693e-05
5907,3.132561902947089e-05
5908,4.548029718045306e-05
5909,4.6566741416468646e-05
5910,3.5940206379079365e-05
5911,2.7010434678680197e-05
5912,2.2796124718616284e-05
5913,2.2796124718616284e-05
5914,2.2796124718616284e-05
5915,2.208652088090482e-05
5916,0.0007470760462956255
5917,0.0002780563172704524
5918,2.59764240415836e-05
5919,3.7426209403755014e-05
5920,3.989445511655916e-05
5921,3.642174656025068e-05
5922,4.3161532258535514e-05
5923,3.044946009783129e-05
5924,3.003006653262922e-05
5925,2.69438182683991e-05
5926,1.0473395818710988e-05
5927,2.409712157274242e-05
5928,1.2909402070263573e-05
5929,2.4018912849662057e-05
5930,2.2759887924049875e-05
5931,2.4433204244678534e-05
5932,2.3229717365437422e-05
5933,2.3229717365437422e-05
5934,2.4214887686502018e-05
5935,3.476742042589462e-05
5936,3.2483689849238626e-05
5937,2.1070556890080226e-05
5938,2.0802518255372074e-05
5939,2.1070556890080226e-05
5940,2.1070556890080226e-05
5941,2.3770970533000183e-05
5942,2.1070556890080226e-05
5943,0.00010169149824241475
5944,2.1070556890080226e-05
5945,2.1070556890080226e-05
5946,2.171715597516755e-05
5947,4.029183781740831e-05
5948,2.1070556890080226e-05
5949,2.1070556890080226e-05
5950,1.861837007755227e-05
5951,7.825414924686339e-06
5952,5.4615179298550826e-06
5953,5.4615179298550826e-06
5954,9.39225976539932e-06
5955,2.615082953764506e-05
5956,2.615082953764506e-05
5957,3.066703110918891e-05
5958,4.6566741416468646e-05
5959,7.843774476607486e-05
5960,6.733877187187003e-05
5961,7.969706973486185e-05
5962,2.2796124718616284e-05
5963,2.2796124718616284e-05
5964,2.27551537630728e-05
5965,2.0993617803343647e-05
5966,0.00033983583235146713
5967,2.3460629883800052e-05
5968,1.1696352140679113e-06
5969,3.6137861830512246e-05
5970,3.6302176455565924e-05
5971,3.6302176455565924e-05
5972,3.3714603742608055e-05
5973,3.98871715883731e-05
5974,7.74001025100561e-05
5975,3.6752680912851795e-05
5976,0.0006364562731532615
5977,4.111300613564028e-05
5978,2.8145207463725868e-05
5979,2.2944923315364865e-05
5980,2.7637913645085738e-05
5981,2.748626522441769e-05
5982,2.7726262916370507e-05
5983,1.5765161269194663e-05
5984,2.1918546810806306e-05
5985,1.4136690614564923e-05
5986,3.035721048655989e-05
5987,3.476742042589462e-05
5988,3.0957921048671355e-05
5989,2.1070556890080226e-05
5990,2.1070556890080226e-05
5991,2.1070556890080226e-05
5992,0.000261539726874535
5993,2.1070556890080226e-05
5994,0.0009658211678561442
5995,0.000163217129699261
5996,2.1070556890080226e-05
5997,2.1070556890080226e-05
5998,2.1070556890080226e-05
5999,2.1070556890080226e-05
6000,2.1070556890080226e-05
6001,2.1070556890080226e-05
6002,2.0762380353359813e-05
6003,2.1070556890080226e-05
6004,1.5962423182275474e-05
6005,1.2090463776100237e-05
6006,1.6805511149377713e-05
6007,2.615082953764506e-05
6008,2.615082953764506e-05
6009,5.645074672789061e-05
6010,7.12116351541112e-05
6011,9.495742833007623e-05
6012,9.495742833007623e-05
6013,9.403281969348393e-05
6014,3.564353164836848e-05
6015,4.2212681038092696e-05
6016,1.980047961953734e-05
6017,1.8585227460073904e-05
6018,0.0001323947506394723
6019,2.6468246080501826e-05
6020,2.1949369959801166e-05
6021,3.808779617169382e-05
6022,3.6302176455565924e-05
6023,3.6302176455565924e-05
6024,3.3624169551292225e-05
6025,5.793984133571899e-05
6026,6.541118376436568e-05
6027,6.723921017325052e-05
6028,0.00018161017127887917
6029,5.047785983834349e-05
6030,4.364909582597311e-05
6031,9.42250339008305e-06
6032,1.6727140587525705e-05
6033,1.0109251003695389e-05
6034,1.7292061706714723e-05
6035,9.42250339008305e-06
6036,9.42250339008305e-06
6037,1.665768122190997e-05
6038,2.6840793873639394e-05
6039,3.475504422854411e-05
6040,2.6038357014023478e-05
6041,2.1070556890080226e-05
6042,2.1070556890080226e-05
6043,2.1070556890080226e-05
6044,2.1070556890080226e-05
6045,2.1070556890080226e-05
6046,2.1070556890080226e-05
6047,2.1070556890080226e-05
6048,2.1070556890080226e-05
6049,2.1070556890080226e-05
6050,2.1070556890080226e-05
6051,2.1070556890080226e-05
6052,2.1070556890080226e-05
6053,2.1004713318078203e-05
6054,2.1070556890080226e-05
6055,2.1070556890080226e-05
6056,1.3078892081220223e-05
6057,5.4615179298550826e-06
6058,1.8972951419219122e-05
6059,2.615082953764506e-05
6060,2.6939495207175112e-05
6061,6.39750355054474e-05
6062,9.495742833007623e-05
6063,9.495742833007623e-05
6064,9.495742833007623e-05
6065,9.495742833007623e-05
6066,8.683736839006228e-05
6067,7.186346076846532e-05
6068,1.8879461321797033e-05
6069,2.4249380814587483e-05
6070,1.8597860576752653e-05
6071,2.0954944781650872e-05
6072,4.9720182335220226e-06
6073,6.515476086539903e-06
6074,4.139440793276487e-05
6075,3.703781517084171e-05
6076,3.6302176455565924e-05
6077,3.658148798463007e-05
6078,3.551655207883213e-05
6079,5.616716818084987e-05
6080,6.723921017325052e-05
6081,6.757286884087211e-05
6082,0.0010311565230722406
6083,4.368070541730286e-05
6084,2.4546589811711067e-05
6085,9.42250339008305e-06
6086,9.42250339008305e-06
6087,9.42250339008305e-06
6088,9.42250339008305e-06
6089,9.42250339008305e-06
6090,9.711470719983763e-06
6091,2.6384196730708516e-05
6092,3.471124106008899e-05
6093,2.5611191342782482e-05
6094,2.3274922224043186e-05
6095,2.1070556890080226e-05
6096,2.1070556890080226e-05
6097,2.1070556890080226e-05
6098,2.1070556890080226e-05
6099,2.0141685040017383e-05
6100,2.10416483831192e-05
6101,2.068826687815542e-05
6102,2.1070556890080226e-05
6103,2.0138686874717053e-05
6104,2.0675656868970632e-05
6105,1.963968169792676e-05
6106,2.0461944262364913e-05
6107,1.9512986723219688e-05
6108,1.446338943064025e-05
6109,1.1261243733588203e-05
6110,1.1499626554850542e-05
6111,5.640664142390292e-06
6112,2.0559802068158036e-05
6113,2.615082953764506e-05
6114,2.615082953764506e-05
6115,6.533478317367956e-05
6116,9.495742833007623e-05
6117,9.495742833007623e-05
6118,9.495742833007623e-05
6119,9.495742833007623e-05
6120,9.495742833007623e-05
6121,9.092656106441676e-05
6122,2.4662503755838356e-05
6123,3.2144788060094004e-05
6124,2.307110696671902e-05
6125,3.258072013338836e-05
6126,2.9851855043868963e-05
6127,1.6254057409174224e-05
6128,8.798467152099646e-05
6129,3.166263572930917e-05
6130,3.6302176455565924e-05
6131,3.692807576661455e-05
6132,6.939253563459277e-05
6133,6.699525550853671e-05
6134,5.7386409638115105e-05
6135,4.3686633092799784e-05
6136,4.323714744200562e-05
6137,8.493044617375928e-05
6138,3.186205333532681e-05
6139,1.474636934276633e-05
6140,9.42250339008305e-06
6141,9.42250339008305e-06
6142,9.42250339008305e-06
6143,9.42250339008305e-06
6144,9.937805074559998e-06
6145,1.76096591777608e-05
6146,2.0505501698183622e-05
6147,2.702676491541226e-05
6148,2.1046946206382264e-05
6149,2.1070556890080226e-05
6150,2.1070556890080226e-05
6151,2.1070556890080226e-05
6152,2.1023862015376297e-05
6153,1.9936633888166912e-05
6154,1.914715270503997e-05
6155,1.9161661126589474e-05
6156,1.914715270503997e-05
6157,1.9565900548261677e-05
6158,1.915503077659103e-05
6159,1.953299220322368e-05
6160,1.953299220322368e-05
6161,1.953299220322368e-05
6162,1.953299220322368e-05
6163,1.4940247777707073e-05
6164,8.215670299783779e-06
6165,5.4836266362770865e-06
6166,5.6905926405104015e-06
6167,1.862032424025145e-05
6168,3.260880323619979e-05
6169,6.381599185614332e-05
6170,9.495742833007623e-05
6171,9.495742833007623e-05
6172,9.495742833007623e-05
6173,9.495742833007623e-05
6174,5.666448973295383e-05
6175,8.866331123750342e-05
6176,5.75938483070558e-05
6177,3.811484518062393e-05
6178,3.258072013338836e-05
6179,3.258072013338836e-05
6180,3.258072013338836e-05
6181,3.258072013338836e-05
6182,3.0194672354875987e-05
6183,8.891231557247204e-05
6184,5.193726815069756e-05
6185,7.034163956281361e-06
6186,1.754977607233523e-05
6187,0.00017023048587226988
6188,6.629846456010192e-05
6189,7.284463079140638e-05
6190,7.284463079140638e-05
6191,7.357150952591283e-05
6192,4.103895028158985e-05
6193,0.00018174499404807873
6194,4.234795853983302e-05
6195,4.098142134096784e-05
6196,3.354207872793149e-05
6197,2.860973134268573e-05
6198,1.1435202615133672e-05
6199,9.42250339008305e-06
6200,9.42250339008305e-06
6201,1.527036731562572e-05
6202,1.9978747391929772e-05
6203,2.027830388595688e-05
6204,2.0288447891684407e-05
6205,2.0323495952563592e-05
6206,2.1042091156247504e-05
6207,2.0020767038538254e-05
6208,2.072598848130751e-05
6209,1.9897163648518825e-05
6210,1.9242475015129265e-05
6211,1.914715270503997e-05
6212,4.8494941935399064e-05
6213,4.09228116193346e-05
6214,1.914715270503997e-05
6215,1.914715270503997e-05
6216,1.9365986622263816e-05
6217,1.953299220322368e-05
6218,1.953299220322368e-05
6219,1.953299220322368e-05
6220,1.953299220322368e-05
6221,1.953299220322368e-05
6222,7.503882998244776e-06
6223,2.39653010545251e-06
6224,1.9719990449851433e-05
6225,3.603158709434722e-05
6226,9.495742833007623e-05
6227,6.758502771789144e-05
6228,5.969721031429069e-05
6229,7.329126682618517e-05
6230,9.089363954137545e-05
6231,3.3418729077507755e-05
6232,3.258072013338836e-05
6233,3.258072013338836e-05
6234,3.258072013338836e-05
6235,3.258072013338836e-05
6236,3.258072013338836e-05
6237,3.266817911779452e-05
6238,3.258072013338836e-05
6239,3.415256150819497e-05
6240,2.7911349902699104e-05
6241,2.9617582090936173e-05
6242,3.958924782500223e-06
6243,2.600226886574449e-05
6244,0.00011805916631649289
6245,8.047854037969765e-06
6246,4.370195796443313e-06
6247,7.075783679119008e-05
6248,0.0003605446474835268
6249,7.284463079140638e-05
6250,7.810237358331094e-05
6251,0.00024173983016950281
6252,0.00043903490396894065
6253,4.098142134096784e-05
6254,3.982389368125451e-05
6255,4.098142134096784e-05
6256,3.402951599122427e-05
6257,2.7252527117524515e-05
6258,9.42250339008305e-06
6259,9.42250339008305e-06
6260,1.6393118561746748e-05
6261,2.027830388595688e-05
6262,2.027830388595688e-05
6263,2.027830388595688e-05
6264,2.0273457891653658e-05
6265,1.944535391060572e-05
6266,1.9275655736706048e-05
6267,1.91471537271894e-05
6268,1.914715270503997e-05
6269,1.914715270503997e-05
6270,1.914715270503997e-05
6271,1.914715270503997e-05
6272,1.914715270503997e-05
6273,1.914715270503997e-05
6274,1.914715270503997e-05
6275,1.920711011943972e-05
6276,1.952326066066194e-05
6277,1.953299220322368e-05
6278,1.953299220322368e-05
6279,1.953299220322368e-05
6280,1.953299220322368e-05
6281,1.2354586213493818e-05
6282,1.024704828200983e-05
6283,7.4052152926543125e-06
6284,1.4576556907004845e-05
6285,6.434599587569461e-05
6286,3.7716334646879113e-06
6287,4.006763627786991e-06
6288,6.173329942401481e-06
6289,4.609542711061088e-05
6290,3.258072013338836e-05
6291,3.258072013338836e-05
6292,3.258072013338836e-05
6293,3.258072013338836e-05
6294,3.258072013338836e-05
6295,3.258072013338836e-05
6296,3.454876567000212e-05
6297,3.378958447916285e-05
6298,3.48121342977744e-05
6299,3.48121342977744e-05
6300,3.48121342977744e-05
6301,3.213198063031667e-05
6302,3.48121342977744e-05
6303,1.1392962564062913e-05
6304,4.0399683983795685e-05
6305,1.1953648471145355e-05
6306,1.248567368074262e-05
6307,4.049619404301453e-05
6308,4.025577956659432e-05
6309,0.0001023861132467137
6310,7.203797408013938e-06
6311,7.070094213506561e-06
6312,0.0010346196996533729
6313,0.00494700333887315
6314,0.00023987996256206738
6315,0.0002879120318329116
6316,8.77744367853794e-05
6317,1.5273602437495364e-05
6318,2.3728169343099467e-05
6319,1.3949949586787366e-05
6320,2.3360599802289616e-05
6321,1.2808427293186409e-05
6322,1.1315507780532268e-05
6323,9.593104274431042e-06
6324,1.908916725047908e-05
6325,2.0207240099508012e-05
6326,2.027830388595688e-05
6327,1.9735651460876496e-05
6328,1.9862491495718155e-05
6329,1.8226924260607805e-05
6330,1.914715270503997e-05
6331,1.914715270503997e-05
6332,1.914715270503997e-05
6333,1.914715270503997e-05
6334,1.914715270503997e-05
6335,1.914715270503997e-05
6336,1.914715270503997e-05
6337,1.914715270503997e-05
6338,1.9257116683635836e-05
6339,1.953299220322368e-05
6340,1.953299220322368e-05
6341,1.953299220322368e-05
6342,1.953299220322368e-05
6343,1.953299220322368e-05
6344,1.953299220322368e-05
6345,2.290415921200227e-05
6346,2.9248822927726067e-05
6347,3.155239870300553e-05
6348,3.7478194071412602e-06
6349,3.7478194071412602e-06
6350,3.7478194071412602e-06
6351,4.770720748667052e-06
6352,3.258072013338836e-05
6353,3.258072013338836e-05
6354,3.258072013338836e-05
6355,3.258072013338836e-05
6356,3.258072013338836e-05
6357,3.3397844335109755e-05
6358,3.3439222304034735e-05
6359,3.738529005458035e-05
6360,3.48121342977744e-05
6361,3.6554148693037324e-05
6362,3.48121342977744e-05
6363,3.685306693949262e-05
6364,3.48121342977744e-05
6365,3.813737523170471e-05
6366,3.48121342977744e-05
6367,3.761267808930095e-05
6368,0.0008957415663692719
6369,2.3874739210022653e-05
6370,2.7809166032725838e-05
6371,2.2790993411955785e-05
6372,2.8451662209414778e-05
6373,2.4090064486593123e-05
6374,9.027685042444156e-05
6375,3.010770709728776e-05
6376,0.0025571016495535377
6377,0.0012719084985098434
6378,0.0008822604748446506
6379,0.00010230912108465958
6380,1.251031847917168e-05
6381,1.3949949586787366e-05
6382,1.3949949586787366e-05
6383,1.3949949586787366e-05
6384,1.3949949586787366e-05
6385,1.3615510142256604e-05
6386,1.3282169199662323e-05
6387,1.1455566872454745e-05
6388,2.027830388595688e-05
6389,2.027830388595688e-05
6390,1.714578268030594e-05
6391,1.3021534462075572e-05
6392,1.3393710029260439e-05
6393,1.908249404548041e-05
6394,1.9701770797002492e-05
6395,1.914715270503997e-05
6396,1.9693271668332845e-05
6397,2.0346655621481958e-05
6398,1.983327986368027e-05
6399,1.914715270503997e-05
6400,2.0550073691742214e-05
6401,1.9170795751458895e-05
6402,2.24390006929802e-05
6403,1.9601075977851097e-05
6404,0.0018970341248343231
6405,2.217985133758302e-05
6406,4.3323639332792496e-05
6407,2.383335381275331e-05
6408,5.391098808454251e-05
6409,4.8543672175403634e-05
6410,5.556047371441028e-05
6411,7.119123568857365e-06
6412,3.7478194071412602e-06
6413,3.7478194071412602e-06
6414,5.3679544586427725e-06
6415,1.694434679948636e-05
6416,4.19836313401953e-06
6417,2.0776255743015373e-05
6418,3.252782569343646e-05
6419,3.424264717940219e-05
6420,4.383230772560343e-05
6421,3.938544072281857e-05
6422,4.339862344938945e-05
6423,4.208056058548031e-05
6424,4.383230772560343e-05
6425,3.984342200332201e-05
6426,4.383230772560343e-05
6427,4.305702608590219e-05
6428,4.365467378036951e-05
6429,4.243598395043013e-05
6430,2.9911792444229504e-05
6431,5.070649824585299e-05
6432,1.8847289157844994e-05
6433,1.8847289157844994e-05
6434,1.8847289157844994e-05
6435,1.8847289157844994e-05
6436,1.8828361708170502e-05
6437,1.8847289157844994e-05
6438,1.84514940807003e-05
6439,2.7971561193638056e-06
6440,9.872634485650076e-06
6441,0.00044215604261214133
6442,0.00012614214656944767
6443,9.014153851005658e-06
6444,1.3949949586787366e-05
6445,1.3949949586787366e-05
6446,1.3949949586787366e-05
6447,1.2829963657686467e-05
6448,1.233998640791421e-05
6449,1.994121997725248e-05
6450,1.763255360538263e-05
6451,1.2815193579021085e-05
6452,1.2815193579021085e-05
6453,1.2815193579021085e-05
6454,1.5632575314418452e-05
6455,2.037611489283331e-05
6456,2.0566177095497158e-05
6457,2.0800497654097365e-05
6458,4.764870804459421e-05
6459,2.0800497654097365e-05
6460,2.0762673139695987e-05
6461,2.7032959352792094e-05
6462,3.572876743653327e-05
6463,4.3483087931674376e-05
6464,6.614537693842111e-05
6465,3.891951381152357e-05
6466,0.00010167089087026327
6467,0.00028946957706503545
6468,5.5653707607624124e-05
6469,5.5653707607624124e-05
6470,5.5653707607624124e-05
6471,5.807653933712503e-05
6472,5.103524536368559e-05
6473,1.09004105570408e-05
6474,4.633432593921239e-06
6475,5.948064561798789e-06
6476,4.647795085599292e-06
6477,3.7478194071412602e-06
6478,7.998675902860613e-06
6479,2.442099639028976e-05
6480,3.561365985017425e-05
6481,4.383230772560343e-05
6482,4.383230772560343e-05
6483,4.383230772560343e-05
6484,4.383230772560343e-05
6485,4.383230772560343e-05
6486,4.383230772560343e-05
6487,4.383230772560343e-05
6488,4.383230772560343e-05
6489,3.7761932706126234e-05
6490,2.2873047729657157e-05
6491,1.8847289157844994e-05
6492,2.1991579572125284e-05
6493,1.8847289157844994e-05
6494,1.8847289157844994e-05
6495,1.8847289157844994e-05
6496,1.8731569397653834e-05
6497,1.832590483123625e-05
6498,1.8539976057323337e-05
6499,1.8301369829345875e-05
6500,5.910001771269313e-06
6501,1.3857549014055622e-05
6502,1.3949949586787366e-05
6503,1.3949949586787366e-05
6504,1.3779856700647881e-05
6505,1.1251225749418367e-05
6506,1.5761784115199718e-05
6507,1.625920658974368e-05
6508,1.2815193579021085e-05
6509,1.2815193579021085e-05
6510,1.2815193579021085e-05
6511,1.2815193579021085e-05
6512,1.7047220241693302e-05
6513,2.0921859440694967e-05
6514,0.0003330239200147416
6515,2.356448610940174e-05
6516,2.0800497654097365e-05
6517,2.0800497654097365e-05
6518,2.6186100545871487e-05
6519,4.277971515560065e-05
6520,4.3483087931674376e-05
6521,6.024763786265139e-05
6522,3.8652913486430055e-05
6523,0.0003238698187802095
6524,2.6987262247080135e-05
6525,5.381799703062168e-05
6526,5.446162066218681e-05
6527,5.5653707607624124e-05
6528,6.69445440848999e-05
6529,6.792411345013538e-05
6530,2.102706275527647e-05
6531,5.782173215092673e-06
6532,5.948064561798789e-06
6533,5.280717705331431e-06
6534,4.3103200061925365e-06
6535,3.7478194071412602e-06
6536,3.7560596084820595e-06
6537,3.490470742690001e-05
6538,4.383230772560343e-05
6539,4.383230772560343e-05
6540,4.383230772560343e-05
6541,4.383230772560343e-05
6542,4.383230772560343e-05
6543,4.383230772560343e-05
6544,4.566172384062934e-05
6545,4.1954877692776813e-05
6546,1.8847289157844994e-05
6547,1.8847289157844994e-05
6548,1.8847289157844994e-05
6549,1.8847289157844994e-05
6550,1.8847289157844994e-05
6551,1.8847289157844994e-05
6552,1.857199782603705e-05
6553,1.8411407344860483e-05
6554,1.8301369829345875e-05
6555,1.8301369829345875e-05
6556,1.8301369829345875e-05
6557,8.899251828709704e-06
6558,2.6013399643453723e-06
6559,8.049087639245679e-06
6560,1.3949949586787366e-05
6561,1.3949949586787366e-05
6562,1.3949949586787366e-05
6563,1.3026896813404494e-05
6564,1.3290521585479126e-05
6565,2.0151517338449685e-05
6566,1.4902758935198422e-05
6567,1.2815193579021085e-05
6568,1.2815193579021085e-05
6569,1.3915892915313257e-05
6570,0.0005839925592375536
6571,2.0800497654097365e-05
6572,2.0800497654097365e-05
6573,2.0800497654097365e-05
6574,2.0800497654097365e-05
6575,2.525861591605663e-05
6576,4.3483087931674376e-05
6577,4.3483087931674376e-05
6578,4.3483087931674376e-05
6579,4.005125937123817e-05
6580,2.5657872502155145e-05
6581,2.5657872502155145e-05
6582,2.620063638620554e-05
6583,3.85771437904501e-05
6584,5.7451891135543344e-05
6585,6.88606308542455e-05
6586,6.88606308542455e-05
6587,2.5302935509352736e-05
6588,5.948064561798789e-06
6589,5.948064561798789e-06
6590,5.948064561798789e-06
6591,5.061728467436439e-06
6592,3.9781159771476615e-06
6593,6.392913304946777e-06
6594,2.5695633850227744e-05
6595,4.383230772560343e-05
6596,4.383230772560343e-05
6597,4.383230772560343e-05
6598,4.383230772560343e-05
6599,9.357032037090956e-05
6600,4.419515571670445e-05
6601,0.00011372357520865285
6602,4.8229119339223435e-05
6603,1.8847289157844994e-05
6604,1.8847289157844994e-05
6605,1.8847289157844994e-05
6606,1.8847289157844994e-05
6607,1.876786785389629e-05
6608,1.8642669740350786e-05
6609,1.8301606735661255e-05
6610,1.8301369829345875e-05
6611,1.8301369829345875e-05
6612,1.8301369829345875e-05
6613,1.8301369829345875e-05
6614,1.4616651549342328e-05
6615,1.7438648856032121e-06
6616,8.384875147453165e-07
6617,1.3723119963892362e-05
6618,1.3949949586787366e-05
6619,1.3931876375691053e-05
6620,1.3458601203901918e-05
6621,1.2815193579021085e-05
6622,1.2815193579021085e-05
6623,2.2871577352916525e-05
6624,1.2815193579021085e-05
6625,1.2815193579021085e-05
6626,1.2815193579021085e-05
6627,1.7985998684314535e-05
6628,2.0800497654097365e-05
6629,2.0800497654097365e-05
6630,2.0800497654097365e-05
6631,2.0800497654097365e-05
6632,3.099591758283556e-05
6633,4.288638122126164e-05
6634,4.3483087931674376e-05
6635,4.228063467403289e-05
6636,3.0114647567526796e-05
6637,2.670380381823398e-05
6638,2.5657872502155145e-05
6639,2.5657872502155145e-05
6640,2.5657872502155145e-05
6641,7.589278318452278e-05
6642,6.88606308542455e-05
6643,6.88606308542455e-05
6644,5.745449184922884e-05
6645,5.948064561798789e-06
6646,5.948064561798789e-06
6647,5.948064561798789e-06
6648,5.948064561798789e-06
6649,5.78299810211929e-06
6650,1.4665488570950355e-05
6651,2.9216199251145385e-05
6652,4.345004625253684e-05
6653,4.383230772560343e-05
6654,4.383230772560343e-05
6655,4.383230772560343e-05
6656,4.865378930014331e-05
6657,0.00016640687689937187
6658,9.072099068151824e-05
6659,3.245834608537672e-05
6660,1.8847289157844994e-05
6661,1.8847289157844994e-05
6662,1.8847289157844994e-05
6663,1.8847289157844994e-05
6664,1.85317275803282e-05
6665,1.830145727714765e-05
6666,1.8301369829345875e-05
6667,1.8301369829345875e-05
6668,1.8301369829345875e-05
6669,1.8301369829345875e-05
6670,1.8301369829345875e-05
6671,1.8415685518427233e-05
6672,9.673712735686151e-06
6673,0.0005484926797634879
6674,1.2306204504875579e-05
6675,1.136295673503133e-05
6676,1.3881179610003362e-05
6677,8.162894092261603e-06
6678,1.0240870903682628e-05
6679,9.97033840263667e-06
6680,1.2815193579021085e-05
6681,1.2815193579021085e-05
6682,1.2815193579021085e-05
6683,1.2815193579021085e-05
6684,1.3737382790121736e-05
6685,1.8690078949220705e-05
6686,2.0800497654097365e-05
6687,2.0800497654097365e-05
6688,2.0842735574732514e-05
6689,2.8901565483849274e-05
6690,4.018312957897703e-05
6691,3.8325577515620215e-05
6692,3.674995029208229e-05
6693,2.6781067555194396e-05
6694,2.5657872502155145e-05
6695,3.740308664745222e-05
6696,2.7463473429828128e-05
6697,0.0006452985457386518
6698,0.000857967871145876
6699,0.00026283313677014563
6700,6.88606308542455e-05
6701,6.88606308542455e-05
6702,2.4838218462061746e-05
6703,5.948064561798789e-06
6704,5.948064561798789e-06
6705,5.948064561798789e-06
6706,5.948064561798789e-06
6707,1.676926485421623e-05
6708,2.533557532583096e-05
6709,2.8867721495539616e-05
6710,4.383230772560343e-05
6711,4.159309302617115e-05
6712,4.276716112068491e-05
6713,3.297563382303274e-05
6714,5.470130426481924e-05
6715,1.8847289157844994e-05
6716,1.8847289157844994e-05
6717,1.8847289157844994e-05
6718,1.8847289157844994e-05
6719,1.8847289157844994e-05
6720,1.873835546855456e-05
6721,1.8302943132298335e-05
6722,1.8301369829345875e-05
6723,1.8301369829345875e-05
6724,1.8301369829345875e-05
6725,1.8301369829345875e-05
6726,1.8301369829345875e-05
6727,2.2746524572817773e-05
6728,7.404827905829166e-05
6729,0.0004940049657095744
6730,0.0029554437144191583
6731,0.0013986251795791939
6732,4.519003976773266e-06
6733,3.001805184774843e-06
6734,3.5145933257944902e-06
6735,3.001805184774843e-06
6736,5.9075098098987774e-06
6737,7.30086187850736e-06
6738,1.2815193579021085e-05
6739,1.2815193579021085e-05
6740,1.2815193579021085e-05
6741,1.2815193579021085e-05
6742,1.2815193579021085e-05
6743,1.4427097670283105e-05
6744,2.0800497654097365e-05
6745,2.0800497654097365e-05
6746,2.0800497654097365e-05
6747,2.084047006426475e-05
6748,3.65316687503081e-05
6749,3.719797373826926e-05
6750,3.719797373826926e-05
6751,3.521484715947459e-05
6752,2.599881262011565e-05
6753,0.00018075788452922458
6754,0.00014356991653827748
6755,0.0002377527480968723
6756,0.004420430901093272
6757,0.00015125256099587884
6758,6.88606308542455e-05
6759,6.88606308542455e-05
6760,6.397470440602065e-05
6761,3.416830134656675e-05
6762,5.948064561798789e-06
6763,5.948064561798789e-06
6764,5.948064561798789e-06
6765,1.169020528520536e-05
6766,2.4377891160733407e-05
6767,2.4377891160733407e-05
6768,2.7039130251498758e-05
6769,2.4377891160733407e-05
6770,2.4653869144365856e-05
6771,2.4377891160733407e-05
6772,2.6681306061422877e-05
6773,1.9585844418263828e-05
6774,1.8847289157844994e-05
6775,1.4443561904219784e-05
6776,1.5453279275909994e-05
6777,1.6976355460551684e-05
6778,1.8762472091090806e-05
6779,1.8062847564846883e-05
6780,1.8301369829345875e-05
6781,1.8301369829345875e-05
6782,1.8301369829345875e-05
6783,1.8301369829345875e-05
6784,1.8301369829345875e-05
6785,1.8124182623333032e-05
6786,7.237729623228359e-05
6787,8.829000907845891e-05
6788,0.0010899245381204461
6789,1.369742128072997e-05
6790,1.2401409943809793e-05
6791,8.283233275995312e-06
6792,1.611820591756067e-06
6793,3.001805184774843e-06
6794,3.001805184774843e-06
6795,3.001805184774843e-06
6796,3.812411087266875e-06
6797,6.205749542522052e-06
6798,8.677001838883489e-06
6799,7.623950336209498e-06
6800,1.2659603908227747e-05
6801,8.923970695608423e-06
6802,1.2312228075176221e-05
6803,1.2678015304450605e-05
6804,1.9434798317046116e-05
6805,2.0800497654097365e-05
6806,2.0800497654097365e-05
6807,2.1122799158147764e-05
6808,3.12455805464837e-05
6809,3.7195617325937905e-05
6810,3.719797373826926e-05
6811,3.719797373826926e-05
6812,3.6695995117879605e-05
6813,6.37399735209709e-05
6814,0.0002565460500411732
6815,0.0001937686016512714
6816,0.00021160834158800483
6817,0.00019501862775989808
6818,0.00013190089532293602
6819,0.00012737603494692945
6820,6.88606308542455e-05
6821,6.88606308542455e-05
6822,7.099776901890103e-06
6823,5.948064561798789e-06
6824,6.077453725743559e-06
6825,2.0109643284484884e-05
6826,2.4370564832895183e-05
6827,2.4377891160733407e-05
6828,2.4377891160733407e-05
6829,2.4377891160733407e-05
6830,2.4377891160733407e-05
6831,2.4377891160733407e-05
6832,2.383840407942002e-05
6833,2.371946933773846e-05
6834,1.536201897552318e-05
6835,1.0450557798811037e-05
6836,1.0667900412584197e-05
6837,1.1754046120139113e-05
6838,1.4363794165454691e-05
6839,1.0450561546883874e-05
6840,1.4711749344623006e-05
6841,1.2109401063014595e-05
6842,1.8186465668886903e-05
6843,1.3514666858609363e-05
6844,1.8025825694127496e-05
6845,1.4877552507406422e-05
6846,1.5000560913732113e-05
6847,1.3556222465216923e-05
6848,1.369742128072997e-05
6849,1.369742128072997e-05
6850,1.369742128072997e-05
6851,1.369742128072997e-05
6852,4.458925542616951e-06
6853,6.12551943751419e-07
6854,1.2079412260590369e-06
6855,3.001805184774843e-06
6856,3.001805184774843e-06
6857,3.001805184774843e-06
6858,3.1362633721175627e-06
6859,6.050083868567839e-06
6860,6.400520544232187e-06
6861,6.400520544232187e-06
6862,6.497325958078351e-06
6863,6.400520544232187e-06
6864,6.711860386429822e-06
6865,8.14837934348045e-06
6866,1.439109667054558e-05
6867,2.2942168992381112e-05
6868,2.0800497654097365e-05
6869,2.962750178880609e-05
6870,2.4822610043652096e-05
6871,3.562626291224468e-05
6872,3.719797373826926e-05
6873,3.719797373826926e-05
6874,3.719797373826926e-05
6875,3.719797373826926e-05
6876,0.00015022917119543686
6877,8.83434852927424e-05
6878,0.00019369332383861742
6879,0.00019369332383861742
6880,0.00019372818290289872
6881,0.00019369332383861742
6882,7.474689573042585e-05
6883,5.72324881160918e-05
6884,4.481882964277433e-05
6885,1.4630664854229944e-05
6886,1.8979963359741804e-05
6887,2.4377891160733407e-05
6888,2.4377891160733407e-05
6889,2.4377891160733407e-05
6890,2.4377891160733407e-05
6891,2.4415392418064063e-05
6892,2.4377891160733407e-05
6893,2.4377891160733407e-05
6894,2.4377891160733407e-05
6895,2.4616729006825565e-05
6896,2.3107132542544615e-05
6897,1.9503892122868783e-05
6898,1.0450557798811037e-05
6899,1.0450557798811037e-05
6900,1.0450557798811037e-05
6901,1.0450557798811037e-05
6902,1.0450557798811037e-05
6903,1.0450557798811037e-05
6904,1.0637414548512471e-05
6905,1.0450557798811037e-05
6906,1.545917861859995e-05
6907,1.0450609752941598e-05
6908,1.0870519958013534e-05
6909,1.3100233246057002e-05
6910,1.369742128072997e-05
6911,1.369742128072997e-05
6912,1.369742128072997e-05
6913,1.369742128072997e-05
6914,1.3365811341030737e-05
6915,1.7029409188509151e-06
6916,8.46475491637904e-07
6917,3.001805184774843e-06
6918,3.001805184774843e-06
6919,3.4471130749762713e-06
6920,3.0071929147598043e-06
6921,1.0136586955993204e-05
6922,7.551862330363167e-06
6923,7.508284998192558e-06
6924,6.400520544232187e-06
6925,6.400520544232187e-06
6926,6.400520544232187e-06
6927,6.400520544232187e-06
6928,7.0083161572422365e-06
6929,1.5276756836764027e-05
6930,3.0032324976499185e-05
6931,3.0456141621235228e-05
6932,3.074202023465122e-05
6933,3.714156039471213e-05
6934,3.719797373826926e-05
6935,3.719797373826926e-05
6936,3.719797373826926e-05
6937,3.719797373826926e-05
6938,3.399351316151954e-05
6939,3.3054851628345534e-05
6940,0.00016416264219379253
6941,0.00017421914492451806
6942,0.00012968958109889727
6943,7.926729022523356e-05
6944,0.00010415631517591225
6945,3.976015070468602e-05
6946,4.912518439374954e-05
6947,2.8739706450124514e-05
6948,2.4377891160733407e-05
6949,2.4377891160733407e-05
6950,2.4377891160733407e-05
6951,0.0001408387088194124
6952,2.454041042245405e-05
6953,2.5736812572613358e-05
6954,2.462636177288295e-05
6955,2.4969392168101982e-05
6956,2.449595418663057e-05
6957,2.5754341640457736e-05
6958,2.5665754671963965e-05
6959,2.207359686817276e-05
6960,1.1650095945625775e-05
6961,1.0450557798811037e-05
6962,1.0450557798811037e-05
6963,1.0450557798811037e-05
6964,1.0450557798811037e-05
6965,1.0450557798811037e-05
6966,1.0450557798811037e-05
6967,1.0450557798811037e-05
6968,1.0450557798811037e-05
6969,1.0450557798811037e-05
6970,8.864965071434504e-05
6971,1.05393622385303e-05
6972,1.3289948126611286e-05
6973,1.3495576518162683e-05
6974,1.369742128072997e-05
6975,1.369742128072997e-05
6976,1.369742128072997e-05
6977,0.0002978115970055414
6978,6.329024149263147e-07
6979,2.966849354073727e-06
6980,3.001805184774843e-06
6981,7.398356135473997e-06
6982,8.468937218996188e-06
6983,1.088845497755694e-05
6984,8.73987408137546e-05
6985,0.00021279819461168892
6986,6.400520544232187e-06
6987,6.400520544232187e-06
6988,6.400520544232187e-06
6989,1.3000140542960774e-05
6990,1.2142324016636494e-05
6991,1.6327714900924552e-05
6992,2.309291016272542e-05
6993,2.1212096004372583e-05
6994,2.8274566497196928e-05
6995,3.7089775431603724e-05
6996,3.719797373826926e-05
6997,3.719797373826926e-05
6998,3.719797373826926e-05
6999,3.44068807664852e-05
7000,3.4907337625284985e-05
7001,3.3054851628345534e-05
7002,3.885504196381874e-05
7003,3.930579801650311e-05
7004,3.747643846083565e-05
7005,4.676668307221108e-05
7006,4.692599527668289e-05
7007,4.328774245329108e-05
7008,3.889340246418546e-05
7009,3.730818644967839e-05
7010,2.4377891160733407e-05
7011,2.5896651803750822e-05
7012,0.0002832348319804997
7013,5.0714258090281794e-05
7014,2.4381583694109365e-05
7015,2.542385226319166e-05
7016,2.5823949614567556e-05
7017,2.5823949614567556e-05
7018,2.582181221037368e-05
7019,2.5823949614567556e-05
7020,2.5808038720117608e-05
7021,2.3478372820679e-05
7022,1.2047144389418423e-05
7023,1.3150745404720757e-05
7024,1.0450557798811037e-05
7025,1.0450557798811037e-05
7026,1.0450557798811037e-05
7027,1.0450557798811037e-05
7028,1.0450557798811037e-05
7029,1.0450557798811037e-05
7030,1.0450557798811037e-05
7031,1.0450557798811037e-05
7032,1.0450557798811037e-05
7033,1.0450557798811037e-05
7034,1.0601354162637186e-05
7035,1.2743366183096303e-05
7036,1.369742128072997e-05
7037,1.369742128072997e-05
7038,1.369742128072997e-05
7039,4.7948229894227945e-05
7040,2.5199266487317847e-07
7041,5.4192068952560545e-06
7042,3.845237022339109e-06
7043,1.0859214943162872e-05
7044,1.088845497755694e-05
7045,1.088845497755694e-05
7046,5.7266175112440285e-05
7047,1.0886862963519371e-05
7048,7.288930618455196e-06
7049,1.2493182365478125e-05
7050,1.1553687715359936e-05
7051,1.6327714900924552e-05
7052,1.6327714900924552e-05
7053,1.849544708629326e-05
7054,1.7457658374596003e-05
7055,2.429288704218301e-05
7056,2.4566518880899427e-05
7057,2.677606244858585e-05
7058,3.719797373826926e-05
7059,0.00010808422731217642
7060,1.663835798905993e-05
7061,7.674804038698054e-06
7062,2.106535137844082e-05
7063,1.761877640345547e-05
7064,3.097310495864644e-05
7065,2.4295208589511447e-05
7066,2.445107473947623e-05
7067,3.4810969991111054e-05
7068,5.437160153894781e-05
7069,3.889340246418546e-05
7070,3.889340246418546e-05
7071,4.7206561410277284e-05
7072,0.00012070737504075207
7073,2.5562988266609224e-05
7074,2.4377891160733407e-05
7075,2.4377891160733407e-05
7076,2.4377891160733407e-05
7077,2.5014193974991547e-05
7078,2.5823949614567556e-05
7079,2.5823949614567556e-05
7080,2.5823949614567556e-05
7081,2.5823949614567556e-05
7082,2.5823949614567556e-05
7083,2.5097459735899564e-05
7084,2.2277063057423866e-05
7085,2.2277063057423866e-05
7086,1.4361126500910872e-05
7087,1.5350514284855113e-05
7088,1.0450557798811037e-05
7089,1.0450557798811037e-05
7090,1.0450557798811037e-05
7091,1.0450557798811037e-05
7092,1.0450557798811037e-05
7093,1.0450557798811037e-05
7094,1.0450557798811037e-05
7095,1.0450557798811037e-05
7096,1.049057187808309e-05
7097,1.3222478620968918e-05
7098,1.369742128072997e-05
7099,1.369742128072997e-05
7100,1.369742128072997e-05
7101,1.2317249975900486e-05
7102,3.4798156540724797e-07
7103,5.671958023230451e-06
7104,1.088845497755694e-05
7105,1.088845497755694e-05
7106,1.088845497755694e-05
7107,1.088845497755694e-05
7108,1.088845497755694e-05
7109,1.088845497755694e-05
7110,1.3688278811682036e-05
7111,0.0006402107369190791
7112,1.6327714900924552e-05
7113,1.6327714900924552e-05
7114,1.999727241700278e-05
7115,2.4070444203644508e-05
7116,2.406070875362372e-05
7117,2.429288704218301e-05
7118,2.429288704218301e-05
7119,2.457490639598739e-05
7120,3.441042085044345e-05
7121,7.697597370436859e-05
7122,7.674804038698054e-06
7123,7.674804038698054e-06
7124,7.674804038698054e-06
7125,7.674804038698054e-06
7126,2.2073856040988292e-05
7127,2.312543448688583e-05
7128,2.4253063657075453e-05
7129,2.4253063657075453e-05
7130,3.2308980467494184e-05
7131,3.6583425271136576e-05
7132,4.0412624248293064e-05
7133,5.223849851772412e-05
7134,5.15011898908378e-05
7135,2.6830616345434223e-05
7136,2.4377891160733407e-05
7137,2.4377891160733407e-05
7138,2.4377891160733407e-05
7139,2.490098453974685e-05
7140,2.5823949614567556e-05
7141,2.5823949614567556e-05
7142,2.5823949614567556e-05
7143,2.5823949614567556e-05
7144,2.5823949614567556e-05
7145,2.513457268606839e-05
7146,2.2277063057423866e-05
7147,2.2277063057423866e-05
7148,2.2277063057423866e-05
7149,2.2277063057423866e-05
7150,1.1164473590700399e-05
7151,1.0450557798811037e-05
7152,1.0450557798811037e-05
7153,1.0450557798811037e-05
7154,1.0450557798811037e-05
7155,1.0450557798811037e-05
7156,1.0450557798811037e-05
7157,1.0450557798811037e-05
7158,1.2082835868763194e-05
7159,1.369742128072997e-05
7160,1.369742128072997e-05
7161,1.3589406189722682e-05
7162,1.2361245410450395e-05
7163,6.259183506297612e-06
7164,9.382007808392553e-07
7165,1.0341674588020438e-05
7166,1.088845497755694e-05
7167,1.088845497755694e-05
7168,1.088845497755694e-05
7169,1.088845497755694e-05
7170,1.088845497755694e-05
7171,1.129778916608534e-05
7172,0.00015275773246396833
7173,1.7043137547307673e-05
7174,2.2058644187814214e-05
7175,2.3120097382168348e-05
7176,2.429288704218301e-05
7177,2.429288704218301e-05
7178,2.429288704218301e-05
7179,2.429288704218301e-05
7180,2.4382319151453842e-05
7181,2.0693313670250994e-05
7182,7.674804038698054e-06
7183,7.674804038698054e-06
7184,3.614198616145577e-05
7185,7.674804038698054e-06
7186,7.674804038698054e-06
7187,8.633230802011909e-06
7188,1.5364540667651316e-05
7189,2.4253063657075453e-05
7190,2.4253063657075453e-05
7191,2.4253063657075453e-05
7192,4.909268310935132e-05
7193,5.148832040906448e-05
7194,5.223849851772412e-05
7195,5.2049857230812074e-05
7196,3.5577549136615264e-05
7197,2.4377891160733407e-05
7198,2.4377891160733407e-05
7199,2.4377891160733407e-05
7200,2.4626548209278585e-05
7201,2.5823949614567556e-05
7202,2.5823949614567556e-05
7203,2.5823949614567556e-05
7204,2.5823949614567556e-05
7205,2.5683280014984827e-05
7206,2.2495404765195276e-05
7207,2.2277063057423866e-05
7208,2.2277063057423866e-05
7209,2.2277063057423866e-05
7210,2.2277063057423866e-05
7211,1.3357355795512718e-05
7212,1.0930292767889654e-05
7213,1.0450557798811037e-05
7214,1.0450557798811037e-05
7215,1.0450557798811037e-05
7216,1.0450557798811037e-05
7217,1.0450557798811037e-05
7218,1.0558357238399864e-05
7219,1.2598733443385844e-05
7220,1.369742128072997e-05
7221,1.3312625266882757e-05
7222,7.063047898141641e-06
7223,7.145115621580138e-06
7224,6.951902704066334e-06
7225,3.6820834233502467e-07
7226,8.817559236357926e-06
7227,1.088845497755694e-05
7228,1.088845497755694e-05
7229,1.088845497755694e-05
7230,1.088845497755694e-05
7231,1.088845497755694e-05
7232,1.090702282596011e-05
7233,1.6530184145651343e-05
7234,2.2049386124100885e-05
7235,2.429288704218301e-05
7236,2.429288704218301e-05
7237,2.429288704218301e-05
7238,2.429288704218301e-05
7239,2.429288704218301e-05
7240,2.429288704218301e-05
7241,2.410403313712013e-05
7242,9.55800475780617e-06
7243,9.507675716030788e-06
7244,0.00015562742933878466
7245,0.0017086459867803106
7246,9.0914727953217e-06
7247,2.1369086274894575e-05
7248,7.674804038698054e-06
7249,1.2154504622201119e-05
7250,2.4253063657075453e-05
7251,4.256838821132951e-05
7252,3.567677533575427e-05
7253,5.223849851772412e-05
7254,5.223849851772412e-05
7255,5.226759159702094e-05
7256,5.223695191742366e-05
7257,4.113620906272456e-05
7258,2.958709873835713e-05
7259,2.4377891160733407e-05
7260,2.4377891160733407e-05
7261,2.4377891160733407e-05
7262,2.558545499969323e-05
7263,2.5823949614567556e-05
7264,2.5823949614567556e-05
7265,3.472287135716361e-05
7266,2.4784510401524205e-05
7267,2.2277063057423866e-05
7268,2.2277063057423866e-05
7269,2.2277063057423866e-05
7270,2.2277063057423866e-05
7271,2.2277063057423866e-05
7272,2.0554112113099312e-05
7273,2.174703381338521e-05
7274,1.1019329471985668e-05
7275,1.061293144076164e-05
7276,1.0450557798811037e-05
7277,1.0450557798811037e-05
7278,1.0450557798811037e-05
7279,1.0458811920563617e-05
7280,1.3619059007468624e-05
7281,1.0949751820034293e-05
7282,1.0334477497968723e-05
7283,6.951902704066334e-06
7284,6.951902704066334e-06
7285,1.6573245812176886e-05
7286,2.970372033954692e-05
7287,9.832254261436872e-06
7288,1.1076356811347951e-05
7289,1.1654824404019928e-05
7290,1.5862099769320865e-05
7291,1.110307877349014e-05
7292,1.4556504507370053e-05
7293,1.5141722758469201e-05
7294,2.405589655886979e-05
7295,0.00016720173401467707
7296,2.429288704218301e-05
7297,2.429288704218301e-05
7298,2.429288704218301e-05
7299,2.429288704218301e-05
7300,2.320014380543485e-05
7301,2.4235290982611247e-05
7302,2.5948947387619116e-05
7303,2.927974282689011e-05
7304,6.293149855800757e-05
7305,0.00034307483239352343
7306,7.101861066835244e-05
7307,4.4731592111681865e-05
7308,5.861413761833836e-05
7309,7.83412730626974e-06
7310,3.6177031736780815e-05
7311,4.159965868572334e-05
7312,0.00502004587168631
7313,0.00020557082790742878
7314,0.00016093730511698105
7315,5.542794432360119e-05
7316,7.615369558461346e-05
7317,5.3423754929813324e-05
7318,4.296929853180179e-05
7319,3.6925757564257646e-05
7320,3.050682858730359e-05
7321,2.4377891160733407e-05
7322,2.4535338239091684e-05
7323,2.5442375352586708e-05
7324,2.5823949614567556e-05
7325,2.6147319349801766e-05
7326,3.8267010008215744e-05
7327,4.7655387929362885e-05
7328,2.5795670346800787e-05
7329,2.2277063057423866e-05
7330,2.2277063057423866e-05
7331,2.2277063057423866e-05
7332,2.2277063057423866e-05
7333,2.2277063057423866e-05
7334,2.2277063057423866e-05
7335,2.1362936038920283e-05
7336,1.6314231031315972e-05
7337,1.0450557798811037e-05
7338,1.042750312313568e-05
7339,1.0309642940640366e-05
7340,7.285505146118689e-06
7341,9.34234575819915e-06
7342,6.951902704066334e-06
7343,6.951902704066334e-06
7344,6.951902704066334e-06
7345,6.951902704066334e-06
7346,6.951902704066334e-06
7347,2.917067508995429e-05
7348,2.3636550930713288e-07
7349,3.139035940525861e-06
7350,2.6103450846386998e-05
7351,5.1731560695764835e-06
7352,1.5436722896087357e-05
7353,2.049930868694362e-05
7354,1.79137347178922e-05
7355,2.1177463778747876e-05
7356,2.1177463778747876e-05
7357,2.1177463778747876e-05
7358,0.0004887658766606805
7359,2.6168874916193704e-05
7360,2.429288704218301e-05
7361,2.429288704218301e-05
7362,2.4291551301281788e-05
7363,2.0673401163698723e-05
7364,2.0935230896047597e-05
7365,3.3606841457874383e-05
7366,4.2974613587671854e-05
7367,5.9117162588533894e-05
7368,6.404658651414978e-05
7369,6.334394158399582e-05
7370,6.404658651414978e-05
7371,4.2348402133103924e-05
7372,2.1198102480738345e-05
7373,4.739840856684953e-05
7374,0.0012296262918626282
7375,0.0036007764766173944
7376,0.0018685978691047058
7377,0.0001912608959579735
7378,7.696035411667851e-05
7379,7.696035411667851e-05
7380,7.29284313123864e-05
7381,6.164273518751695e-05
7382,0.0002913454103075435
7383,0.0007152137255883425
7384,2.8639898715575658e-05
7385,2.894868524782087e-05
7386,2.55285059854159e-05
7387,2.5823949614567556e-05
7388,2.5823949614567556e-05
7389,2.5823949614567556e-05
7390,3.1971833310376685e-05
7391,8.72422800203088e-05
7392,3.694604677687634e-05
7393,6.257603035935333e-05
7394,2.6698711456224047e-05
7395,2.2277063057423866e-05
7396,2.2277063057423866e-05
7397,1.896032789122455e-05
7398,2.2277063057423866e-05
7399,1.514553700022453e-05
7400,1.0450557798811037e-05
7401,5.716993066462452e-06
7402,4.810775872101485e-06
7403,6.523387189117571e-06
7404,6.951902704066334e-06
7405,6.951902704066334e-06
7406,6.951902704066334e-06
7407,6.951902704066334e-06
7408,6.951902704066334e-06
7409,6.951902704066334e-06
7410,5.332210668424283e-06
7411,5.4065689688617765e-06
7412,9.654147964059632e-06
7413,2.1177463778747876e-05
7414,2.1177463778747876e-05
7415,2.1177463778747876e-05
7416,2.3313642667928767e-05
7417,3.950243634353084e-05
7418,6.221919307738849e-05
7419,3.3680953954257516e-05
7420,4.218887013081771e-05
7421,2.1916916818148467e-05
7422,2.427846745268469e-05
7423,2.0169380141652216e-05
7424,4.444621240301144e-05
7425,4.2156488228731424e-05
7426,0.0005931604930708271
7427,6.394437741245117e-05
7428,3.32428526210465e-05
7429,4.264069897236065e-05
7430,2.9987360997515036e-05
7431,0.00013310427715355417
7432,6.913992603642711e-05
7433,0.0005740659169472672
7434,0.0003026308151241662
7435,6.359124036544109e-05
7436,7.366621433421084e-05
7437,7.696035411667851e-05
7438,7.696035411667851e-05
7439,7.696035411667851e-05
7440,7.151968644233198e-05
7441,0.0002745640703350021
7442,0.0001286667764834976
7443,6.200784706872615e-05
7444,6.467829404298367e-05
7445,2.695192175325068e-05
7446,5.178390760969549e-05
7447,0.00015472177351368542
7448,1.7262425112782838e-05
7449,4.0325706240650404e-05
7450,6.769940097607986e-05
7451,0.00021366657907337453
7452,0.0004960940798623772
7453,7.198719659917352e-05
7454,4.186397158063886e-05
7455,2.141236537857513e-05
7456,4.164583593155127e-06
7457,8.535252580557593e-06
7458,4.7458191983091636e-06
7459,7.242658087954022e-06
7460,4.094987084511274e-06
7461,4.094987084511274e-06
7462,5.308972383095287e-06
7463,6.951902704066334e-06
7464,6.951902704066334e-06
7465,6.951902704066334e-06
7466,6.951902704066334e-06
7467,6.951902704066334e-06
7468,6.951902704066334e-06
7469,4.1905795860574835e-06
7470,1.135122355474476e-06
7471,8.479505523853217e-07
7472,1.8434463647837025e-05
7473,2.1177463778747876e-05
7474,2.1177463778747876e-05
7475,2.1177463778747876e-05
7476,2.8927489902709196e-05
7477,5.471469239011695e-05
7478,0.0002788531774386383
7479,0.0006413012075172337
7480,7.091823760792501e-05
7481,3.975426877169455e-05
7482,4.367147929537861e-05
7483,3.4171658197605775e-05
7484,9.338452383608718e-05
7485,4.234029801789289e-05
7486,4.142201458934974e-05
7487,0.0003074887731332988
7488,2.9987360997515036e-05
7489,2.9987360997515036e-05
7490,3.5426868226682426e-05
7491,4.6425359147902766e-05
7492,8.008589911853953e-05
7493,8.010808674784462e-05
7494,8.010808674784462e-05
7495,5.719483710851341e-05
7496,7.696035411667851e-05
7497,7.696035411667851e-05
7498,7.670692026091734e-05
7499,7.48166862608411e-05
7500,5.210896844690093e-05
7501,5.2824113793109614e-05
7502,5.9937429417909426e-05
7503,9.316090130384976e-05
7504,0.0003508577605753932
7505,5.945278946165795e-05
7506,0.0014347414268761145
7507,8.683375401800126e-05
7508,6.079029749795392e-06
7509,0.00021744761785653994
7510,3.583649274731048e-05
7511,5.683240599201861e-06
7512,8.368437743867694e-06
7513,4.079955187477966e-06
7514,4.094987084511274e-06
7515,4.094987084511274e-06
7516,4.094987084511274e-06
7517,4.094987084511274e-06
7518,4.094987084511274e-06
7519,4.247830119811003e-06
7520,6.951902704066334e-06
7521,6.951902704066334e-06
7522,6.951902704066334e-06
7523,6.951902704066334e-06
7524,6.951902704066334e-06
7525,6.951902704066334e-06
7526,6.951902704066334e-06
7527,4.021085264295543e-06
7528,9.014837574669632e-06
7529,4.827381282976411e-06
7530,4.621191524856088e-05
7531,2.1658087541763245e-05
7532,5.8852108570798665e-05
7533,3.37440547200863e-05
7534,5.37790820892909e-05
7535,0.00023889507907137085
7536,0.00012076101455368176
7537,0.0018167925641141699
7538,5.890448183779237e-05
7539,4.459295864352673e-05
7540,6.47073568819073e-05
7541,9.4840408486861e-05
7542,9.448175493336485e-05
7543,4.257798334024837e-05
7544,0.00031134302715407186
7545,3.10842834386797e-05
7546,2.9987360997515036e-05
7547,3.065514546041386e-05
7548,6.151471901097518e-05
7549,6.225529001351043e-05
7550,6.519208904390504e-05
7551,7.74384497901861e-05
7552,7.359021128195316e-05
7553,7.879786941580883e-05
7554,6.807274229899784e-05
7555,6.967685985132937e-05
7556,4.670031590056685e-05
7557,4.574554869021116e-05
7558,4.8402933815459165e-05
7559,6.073165550235841e-05
7560,6.073165550235841e-05
7561,6.073165550235841e-05
7562,5.7587392567229194e-05
7563,6.073165550235841e-05
7564,0.00010270500309762117
7565,0.002203219699852505
7566,3.0216849806916333e-07
7567,1.0085606720845826e-06
7568,4.094987084511274e-06
7569,4.094987084511274e-06
7570,4.094987084511274e-06
7571,4.094987084511274e-06
7572,4.094987084511274e-06
7573,4.094987084511274e-06
7574,6.232235724864212e-06
7575,6.951902704066334e-06
7576,6.951902704066334e-06
7577,6.951902704066334e-06
7578,6.951902704066334e-06
7579,6.951902704066334e-06
7580,0.00018228194307248942
7581,8.096786164083848e-05
7582,4.815387536169357e-05
7583,1.956858921339337e-05
7584,7.69105145970943e-05
7585,7.364091813032728e-05
7586,7.552874466391896e-05
7587,5.860581363947059e-05
7588,5.859285036217989e-05
7589,7.759385629364302e-05
7590,0.00024151348301564506
7591,0.00019434092021938164
7592,0.00011237457750411006
7593,0.0005682546381064365
7594,0.000923469115758783
7595,0.00010194157203769849
7596,8.688314316081856e-05
7597,4.203305832368083e-05
7598,4.159307541664422e-05
7599,3.054363832951658e-05
7600,3.262614230185192e-05
7601,3.665721906162097e-05
7602,5.9771167660784915e-05
7603,6.211920333549435e-05
7604,6.211920333549435e-05
7605,6.310008750458855e-05
7606,7.111017123525559e-05
7607,7.180742411365081e-05
7608,6.534292500708231e-05
7609,4.425059915498977e-05
7610,4.425059915498977e-05
7611,4.425059915498977e-05
7612,4.7723633150746056e-05
7613,6.073165550235841e-05
7614,2.925138786688455e-05
7615,0.00027929166639439266
7616,6.944330598714965e-06
7617,2.5435677751372157e-06
7618,4.028742782378311e-06
7619,4.094987084511274e-06
7620,4.094987084511274e-06
7621,4.094987084511274e-06
7622,4.094987084511274e-06
7623,4.981246726163453e-06
7624,6.2789154360145425e-06
7625,6.951902704066334e-06
7626,6.951902704066334e-06
7627,6.951902704066334e-06
7628,6.951902704066334e-06
7629,7.98187317194235e-06
7630,6.951902704066334e-06
7631,2.5835278716865523e-06
7632,6.328043446762276e-05
7633,7.69105145970943e-05
7634,7.69105145970943e-05
7635,7.69105145970943e-05
7636,7.312343669743422e-05
7637,5.281732422380057e-05
7638,6.863384317200451e-05
7639,8.293596070722837e-05
7640,0.0002720078345456728
7641,0.00034190684514261974
7642,0.0002207032516313587
7643,0.0021120547350487635
7644,0.00015012378229676746
7645,0.00010194157203769849
7646,7.115439422798507e-05
7647,4.171417596724924e-05
7648,0.00017682173846686515
7649,4.063660838606182e-05
7650,3.337391590770232e-05
7651,4.1765135417289216e-05
7652,6.211920333549435e-05
7653,6.211920333549435e-05
7654,6.211920333549435e-05
7655,6.211920333549435e-05
7656,7.120297258614956e-05
7657,7.327120852065401e-05
7658,0.0001445875873412407
7659,6.567008532778536e-05
7660,4.73633974360494e-05
7661,4.425059915498977e-05
7662,2.0301205897746455e-05
7663,2.5075402549571062e-05
7664,8.73968658035063e-07
7665,4.094987084511274e-06
7666,4.094987084511274e-06
7667,4.094987084511274e-06
7668,4.094987084511274e-06
7669,4.094987084511274e-06
7670,4.309735985536804e-06
7671,6.845944627380049e-06
7672,6.951902704066334e-06
7673,6.951902704066334e-06
7674,6.951902704066334e-06
7675,6.951902704066334e-06
7676,6.951902704066334e-06
7677,6.5610314034265065e-06
7678,3.9229971393893085e-06
7679,5.227891494450925e-06
7680,0.0006495838564773963
7681,2.1568213279451463e-05
7682,7.173910108484446e-05
7683,4.471299152087259e-05
7684,5.0381408775085034e-05
7685,0.00017000620457069556
7686,0.0002677416471526875
7687,0.007602628470431267
7688,0.0007582592378683486
7689,0.00041276065982734725
7690,0.00022021478365541353
7691,0.00017213536634253497
7692,9.89475477169212e-05
7693,4.875304810762376e-05
7694,5.591992500972964e-05
7695,0.0006097772910509266
7696,0.0007354851171788722
7697,6.546599027934198e-05
7698,5.5697721193887107e-05
7699,0.00012590205106634064
7700,6.272922746224648e-05
7701,0.00026970604262570785
7702,6.251689631544699e-05
7703,7.796162538105832e-05
7704,0.00038748909643919704
7705,0.0009515501756250066
7706,0.00017439205370857626
7707,0.0004233998949057817
7708,2.578671893893297e-05
7709,6.649745318401046e-05
7710,4.094987084511274e-06
7711,4.094987084511274e-06
7712,4.094987084511274e-06
7713,4.142122266655796e-06
7714,6.448621262733616e-06
7715,6.17509384682186e-06
7716,6.951902704066334e-06
7717,6.951902704066334e-06
7718,6.951902704066334e-06
7719,6.951902704066334e-06
7720,6.951902704066334e-06
7721,6.951902704066334e-06
7722,6.951902704066334e-06
7723,1.0444987513518786e-06
7724,2.303342117701926e-06
7725,1.7220541434471894e-05
7726,4.4412588160818986e-05
7727,5.552724679087696e-05
7728,0.0002264785009571853
7729,0.002633439326768206
7730,0.008525444354375904
7731,0.004902185303785837
7732,0.00010146818003480556
7733,0.0002092990460276817
7734,0.00013843366669311413
7735,7.439226614459478e-05
7736,4.660491777677004e-05
7737,5.35520684482406e-05
7738,0.0001331615367740713
7739,6.923937903064417e-05
7740,6.290694807656591e-05
7741,0.00011548400581288013
7742,0.00016247585082508728
7743,0.00016075851489304372
7744,0.0021663915994506702
7745,0.002197911064729158
7746,0.0009609972490680298
7747,0.00018891477404330852
7748,0.0006139421398502456
7749,0.0001594178221411032
7750,6.831050547944163e-07
7751,9.9266464263627e-07
7752,3.977830257331073e-06
7753,3.3693691471081503e-06
7754,4.094987084511274e-06
7755,6.044514236469254e-06
7756,6.951902704066334e-06
7757,6.951902704066334e-06
7758,6.951902704066334e-06
7759,6.951902704066334e-06
7760,6.951902704066334e-06
7761,5.532826717983789e-06
7762,6.951902704066334e-06
7763,1.8857894444449007e-06
7764,7.958879423701246e-06
7765,1.013504352448042e-05
7766,1.941221387505173e-05
7767,4.390055597176199e-05
7768,4.9314206487748174e-05
7769,0.0006294800931082237
7770,0.0007563691908396865
7771,0.0007795581898151196
7772,0.0001299042933250357
7773,8.880205361266514e-05
7774,8.940133301829826e-05
7775,0.00010168942720686734
7776,4.579324706031007e-05
7777,4.734721748224609e-05
7778,4.742534875663995e-05
7779,4.742534875663995e-05
7780,5.394789066719812e-05
7781,0.00010253927245027275
7782,0.00016943046041617278
7783,0.0001633110643303358
7784,0.00029612302320831035
7785,0.00170570913213873
7786,0.0027349524559378132
7787,0.0038896238119096845
7788,0.002169126171331262
7789,1.7117614786393583e-07
7790,3.297714590640901e-06
7791,5.00418270429962e-06
7792,6.951902704066334e-06
7793,6.767732913699952e-06
7794,6.951902704066334e-06
7795,6.951902704066334e-06
7796,6.182692775742256e-06
7797,5.481851820248351e-07
7798,1.9368474665925367e-06
7799,9.726274209671311e-06
7800,1.0226985573619971e-05
7801,1.0433619079876877e-05
7802,3.307721006594882e-05
7803,4.4412588160818986e-05
7804,0.0004187001561291919
7805,0.00017677052900218014
7806,0.0001214880948293217
7807,0.00012261870042167995
7808,3.64600075705647e-05
7809,4.2165905522453557e-05
7810,0.000667416226660236
7811,0.0005813386699110489
7812,7.540480814005384e-05
7813,4.742534875663995e-05
7814,4.742534875663995e-05
7815,4.742534875663995e-05
7816,0.00017717049800439365
7817,0.00020265144685507744
7818,2.7159457794609033e-05
7819,0.000450465107853489
7820,6.286385152521608e-07
7821,4.5385153361410644e-06
7822,2.564014963858851e-06
7823,6.309130505066432e-06
7824,2.118470488249271e-06
7825,1.7169495081289926e-06
7826,8.535211115694657e-06
7827,1.0226985573619971e-05
7828,1.08641986962116e-05
7829,1.0383897609622847e-05
7830,3.9764098430443904e-05
7831,4.4072187094450244e-05
7832,0.00029842917312496154
7833,0.0004151944270854814
7834,3.64600075705647e-05
7835,4.5328122029886274e-05
7836,3.671761043998676e-05
7837,4.4107890803161625e-05
7838,4.441391390989371e-05
7839,3.7611230307400514e-05
7840,4.9247711131380193e-05
7841,4.7633161031445986e-05
7842,5.2682964943258e-05
7843,4.950472736044147e-05
7844,0.00020447985802296543
7845,0.0001453770299910487
7846,2.305900900746069e-05
7847,1.8305695045672528e-05
7848,2.8963377040646148e-05
7849,1.0227634742614334e-05
7850,2.3534013986447927e-05
7851,4.2979714917279276e-05
7852,0.0004023217132508696
7853,0.0004017216314699869
7854,3.633003796461666e-05
7855,3.64600075705647e-05
7856,3.7352040173712316e-05
7857,4.556662215986085e-05
7858,4.180380022160203e-05
7859,3.559381323081905e-05
7860,3.559381323081905e-05
7861,0.0004309391819375586
7862,0.0005046700370429911
7863,6.749641478716713e-05
7864,0.00020386606851082817
7865,0.0009388143615984653
7866,1.1478707176417581e-05
7867,1.2640148339768319e-06
7868,3.0461943975283644e-05
7869,3.0461943975283644e-05
7870,3.0461943975283644e-05
7871,2.1904297829008806e-05
7872,1.4795554894283645e-05
7873,3.797768293123025e-05
7874,2.871706724879783e-05
7875,0.00027750340076359935
7876,3.4353416075344454e-05
7877,3.466649738377101e-05
7878,3.472280856662548e-05
7879,3.868173517228905e-05
7880,3.559381323081905e-05
7881,3.559381323081905e-05
7882,3.5660817002089226e-05
7883,3.559381323081905e-05
7884,4.470574597869029e-05
7885,8.079041852778834e-05
7886,0.00028042745911836743
7887,0.00013495228775447347
7888,1.2122244310989421e-05
7889,3.0461943975283644e-05
7890,3.0461943975283644e-05
7891,3.0461943975283644e-05
7892,3.0365140425803762e-05
7893,2.6887479949646942e-05
7894,1.1625035795800382e-05
7895,0.00023665315834667128
7896,3.4065884703770794e-05
7897,3.4065884703770794e-05
7898,3.4065884703770794e-05
7899,3.339545223612824e-05
7900,3.3738118242109105e-05
7901,3.171044200947188e-05
7902,3.5422286915727356e-05
7903,3.706454689494625e-05
7904,4.993073178543844e-05
7905,5.37660041987561e-05
7906,5.37660041987561e-05
7907,0.0011326615117354195
7908,0.0010926133930396662
7909,1.701949325066632e-05
7910,2.8288850178743585e-05
7911,3.0461943975283644e-05
7912,3.0461943975283644e-05
7913,3.0461943975283644e-05
7914,3.0813110812628263e-05
7915,3.201421002427649e-05
7916,8.912042500769127e-05
7917,3.4065884703770794e-05
7918,3.4065884703770794e-05
7919,3.4065884703770794e-05
7920,3.197365345462429e-05
7921,3.052445199139595e-05
7922,3.052445199139595e-05
7923,3.052445199139595e-05
7924,9.787203853549762e-05
7925,0.0006733382886386946
7926,5.37660041987561e-05
7927,0.00010185773269053583
7928,0.00034829177337051675
7929,0.00020645237367623718
7930,1.0056824741000894e-05
7931,4.639504342780077e-05
7932,6.209273766947348e-05
7933,3.0461943975283644e-05
7934,3.0461943975283644e-05
7935,3.0461943975283644e-05
7936,3.051461027333067e-05
7937,9.481476827071677e-05
7938,2.3039059727956814e-05
7939,2.8833734784700573e-05
7940,2.4854291345809504e-05
7941,3.139288782915966e-05
7942,3.050949032654202e-05
7943,3.052445199139595e-05
7944,3.631169311128573e-05
7945,4.7033037075860064e-05
7946,4.0048294770217614e-05
7947,0.00018806524882150987
7948,5.371793641983127e-05
7949,5.37660041987561e-05
7950,5.376591839988282e-05
7951,3.582102129919571e-05
7952,5.300821790502042e-05
7953,7.697941080288465e-05
7954,0.00015857400592087355
7955,5.186584644671796e-05
7956,9.044528088885255e-05
7957,0.000336890903730779
7958,0.0001470070872466062
7959,4.503452225751776e-05
7960,3.741298360431594e-05
7961,2.2815914810230597e-05
7962,2.2815914810230597e-05
7963,2.5476393652768936e-05
7964,2.936533230164297e-05
7965,3.052445199139595e-05
7966,0.00037820914663812857
7967,0.00011243054809877256
7968,6.328814763395062e-05
7969,5.358278874259489e-05
7970,5.3542058112523586e-05
7971,5.362391802353861e-05
7972,0.001227760058156288
7973,1.1897565956134625e-05
7974,8.622776257115463e-05
7975,0.0020468755643772247
7976,0.00038405103066080576
7977,0.0002096856895083605
7978,0.003146283268582884
7979,0.0008000872900908116
7980,0.0001387672221962069
7981,4.830793352237534e-05
7982,4.249401834180679e-05
7983,2.7084547970609576e-05
7984,4.2243906600921534e-05
7985,2.5660220499777666e-05
7986,1.0705057965740372e-06
7987,1.548979309852367e-05
7988,2.3637388059293765e-05
7989,7.571325711073121e-05
7990,5.3542058112523586e-05
7991,5.3542058112523586e-05
7992,5.3542058112523586e-05
7993,5.3542058112523586e-05
7994,0.00026740340754309334
7995,2.904953129535595e-05
7996,5.3517446935063194e-05
7997,3.006664971308795e-05
7998,0.00011623485261648356
7999,0.0003654461765374492
8000,0.0004102816686098044
8001,0.0005511184025573318
8002,0.00014430177552862832
8003,6.726825385744065e-05
8004,8.264877189006872e-05
8005,4.117922037799542e-05
8006,0.00017830258129810275
8007,9.754406857095096e-05
8008,0.0008091431343140273
8009,6.332780575680211e-05
8010,5.3542058112523586e-05
8011,5.3542058112523586e-05
8012,5.3542058112523586e-05
8013,4.0418410699233626e-05
8014,9.621262082795997e-06
8015,7.889521979534574e-05
8016,1.6098091915170473e-05
8017,1.2154806103762706e-05
8018,2.5077966077535485e-05
8019,0.0003474579530086972
8020,0.0001324638860689467
8021,0.00038896898338785065
8022,0.0003576434554121778
8023,0.00012960387209778247
8024,0.00010893118382307775
8025,4.6378865179459544e-05
8026,0.0002280367211319179
8027,4.63606962641447e-05
8028,0.0013392963834461917
8029,5.3542058112523586e-05
8030,5.3542058112523586e-05
8031,5.3542058112523586e-05
8032,5.3542058112523586e-05
8033,5.0976090462770055e-05
8034,1.596069650963166e-05
8035,9.823183920135544e-05
8036,1.2399621758957736e-05
8037,6.74704962304174e-05
8038,0.007399634133255085
8039,0.005191141927749716
8040,0.0003428524117589631
8041,0.00013115129149981862
8042,8.930841988965818e-05
8043,4.1707129420961136e-05
8044,0.00011031299268041612
8045,6.093940518859306e-05
8046,0.00013321866795122788
8047,5.3542058112523586e-05
8048,5.3542058112523586e-05
8049,5.7163415588436855e-05
8050,5.34128148265483e-05
8051,0.0012584204629971295
8052,7.586751606078018e-06
8053,0.002405699626792669
8054,0.00022555298279168631
8055,0.011091309031529183
8056,0.0021206270943436877
8057,9.664288508692514e-05
8058,8.728263085660869e-05
8059,8.960138303695241e-05
8060,0.00010503765350557504
8061,7.88377194555692e-05
8062,7.999964765248058e-06
8063,2.4557968700685992e-06
8064,4.529176840269792e-05
8065,5.3542058112523586e-05
8066,7.382033642969868e-05
8067,0.0001067394183926863
8068,6.49183401834825e-05
8069,6.261465598866867e-05
8070,0.012728366505025922
8071,0.004924633768870889
8072,0.0022048807760350494
8073,0.00017229436002279605
8074,5.6698231074493156e-05
8075,1.0043224898824034e-05
8076,7.684811580469954e-05
8077,7.327070458636945e-05
8078,5.844668603894026e-05
8079,0.00010057626535786118
8080,9.272068579254479e-05
8081,9.79750770695052e-05
8082,0.00011930786528046062
8083,5.875323992782766e-05
8084,0.003048297712630421
8085,0.005034437565179098
8086,0.001119152860010114
8087,0.00024128417555349557
8088,1.4380997418041783e-05
8089,0.00010002046140195891
8090,0.00011930786528046062
8091,0.00011930786528046062
8092,8.73826170952815e-05
8093,3.945768040528222e-05
8094,0.00011417212497011954
8095,1.3180682384964834e-05
8096,2.7702460966951527e-05
8097,0.00011930786528046062
8098,0.00011930786528046062
8099,0.00046232688177697055
8100,0.0007105731519546597
8101,1.740730635844463e-05
8102,0.00014104405595543487
8103,0.00041010709663345633
8104,8.853860452846561e-05
8105,0.0006621788830751405
8106,0.00010487406539262889
8107,8.749960769220822e-05
8108,0.0008002949200996052
8109,5.767981945131432e-05
8110,5.558409702884714e-05
8111,7.805103419309569e-05
8112,8.825991545984891e-05
8113,5.449756061537566e-06
8114,8.081853361023828e-05
8115,9.485287800611321e-05
8116,4.099606812247758e-05
8117,5.9985004527797885e-05
8118,8.552115283625455e-05
8119,2.478679091684293e-05
8120,5.019832818184496e-05
8121,9.062259250710249e-05
8122,4.238331068375038e-06
8123,9.052599071038525e-06
8124,8.638728833642189e-06
8125,7.0367197160909e-06
8126,3.6814125675217795e-05
8127,4.6730040554826724e-05
8128,1.0964387306464219e-05
8129,6.0148244129827425e-05
8130,2.2602555795942308e-05
8131,1.1063715579452075e-05
8132,9.165343878253732e-05
8133,8.416638566080885e-05
8134,6.428869224592847e-06
8135,6.076054703470312e-06
8136,8.132376101791036e-05
8137,5.917209007789166e-05
8138,3.5561198587844717e-05
8139,8.444009754685585e-06
8140,9.495534174478852e-06
8141,8.386371124404272e-06
8142,9.776567081871584e-06
8143,5.598753438135288e-06
8144,1.3291701149361695e-05
8145,9.050847828849982e-06
8146,1.0141920993529543e-05
8147,5.373118962047476e-06
8148,2.2708491589118882e-05
8149,1.4526446781829113e-05
8150,1.4736076204196913e-05
8151,7.017604347837684e-05
8152,3.0970298918504115e-05
8153,6.687434409311225e-06
8154,7.346118379164767e-06
8155,1.2856854901116736e-06
8156,5.0629476146046345e-06
8157,1.6281861675771397e-05
8158,1.0509975374265129e-05
8159,1.4888162949963475e-05
8160,0.0
8161,6.301374819320088e-05
8162,0.000167386306730548
8163,0.00010024318930898131
8164,0.00023951103912907336
8165,0.0003205149174008814
8166,0.005695449334213965
8167,0.0033021466645328443
8168,0.0001534927693918927
8169,0.0005221657230034032
8170,0.0022565362160573976
8171,0.008256846385336436
8172,0.014920242624365667
8173,0.02114185604264622
8174,0.009287041990479772
8175,0.0021900558400219624
8176,0.0003126553413866309
8177,0.0002636259563914616
8178,0.00037968368994276136
8179,0.006559464490735337
8180,0.00650190897222595
8181,0.006670262072357586
8182,0.006804201901233963
8183,0.0001028385075172649
8184,0.0004518347693136135
8185,0.0005710226997936345
8186,0.0018950284979423345
8187,8.390844893767166e-05
8188,0.00823357931349945
8189,0.006294583634668944
8190,4.307941395174534e-06
8191,9.243574334786868e-05
8192,0.0003394060068357401
8193,0.00016837148412643174
8194,0.0005702343221115288
8195,0.0006112241496752719
8196,0.010207847066345466
8197,0.0027542496969482216
8198,3.0055773511200065e-05
8199,0.0003949745546435354
8200,0.0005489596323933666
8201,0.0001427969012998408
8202,0.0001424593295422855
8203,0.00045743331462203636
8204,0.0047043933817861264
8205,2.4647669005161812e-05
8206,3.0408210091836717e-05
8207,0.0002941096996160071
8208,0.00015894338752427755
8209,0.0001225135682352311
8210,0.0003583706355185979
8211,0.00016059604850677444
8212,3.4856866092216024e-06
8213,3.866405494078475e-05
8214,1.2911033174102436e-05
8215,0.0001015412623818594
8216,0.00012595819516197533
8217,0.00012214605832884854
8218,0.00015467341138385783
8219,0.0025060822289344944
8220,9.173780516853479e-06
8221,3.187537589739959e-05
8222,9.272414290761787e-06
8223,5.6091864318457716e-05
8224,7.859305831802788e-05
8225,8.711971651601621e-05
8226,6.464453961260537e-05
8227,8.388125925501028e-06
8228,2.9649679596706522e-06
8229,3.6908107125964606e-05
8230,4.056519406019694e-06
8231,6.801301386421452e-05
8232,6.887187329592204e-05
8233,6.887187329592204e-05
8234,6.887187329592204e-05
8235,6.660732285027527e-06
8236,7.603439739535081e-06
8237,3.2899174260122624e-06
8238,5.7653331744805e-05
8239,6.842339116882673e-05
8240,6.887187329592204e-05
8241,0.0008108844238725727
8242,0.0012340082262603603
8243,1.2353183022546427e-05
8244,5.061047135501296e-05
8245,4.114380082654278e-05
8246,1.8889781679481646e-05
8247,1.8331042034329676e-05
8248,5.588170830931922e-05
8249,5.890189046060882e-05
8250,0.0001559048802976067
8251,0.0002542939487769904
8252,0.00026521599188655115
8253,4.7336825197263306e-05
8254,0.00014635385756191948
8255,2.2837132056486754e-06
8256,5.6011212984708574e-05
8257,4.51607753377276e-05
8258,5.880782138703797e-06
8259,5.7120833854815656e-05
8260,0.00048275446724676955
8261,6.48380154732501e-05
8262,7.077888866791495e-05
8263,0.00021723990032225242
8264,0.00011171137418319158
8265,1.8259390865348574e-05
8266,3.4377841663320554e-05
8267,1.4165860416047859e-05
8268,2.0281387372513845e-06
8269,3.714619643524678e-06
8270,5.091560907168883e-06
8271,2.0116273183139682e-05
8272,8.343600708469881e-06
8273,5.1889145855115994e-05
8274,5.8702287939989345e-05
8275,5.8702287939989345e-05
8276,5.0671852688947143e-05
8277,1.441879993778997e-05
8278,4.669911543517775e-05
8279,5.392732862154449e-06
8280,1.6847104605193227e-05
8281,1.0648361748319532e-05
8282,3.3989533812517896e-06
8283,3.1710816692088863e-06
8284,1.8152658334727432e-05
8285,3.217981117382063e-05
8286,4.111679654537447e-05
8287,5.866716802380822e-05
8288,3.646404646306687e-05
8289,7.084177136351247e-06
8290,4.8599541479964e-05
8291,2.901905391866911e-05
8292,0.0001225817431216263
8293,1.9694364267142527e-05
8294,1.840739100196616e-05
8295,3.142706067053352e-06
8296,2.9820356736968476e-05
8297,2.5510548610370882e-05
8298,1.8439269700499947e-05
8299,0.00012031336832107561
8300,0.00020060450700616723
8301,0.00045654623701102696
8302,8.629038922193834e-06
8303,2.0388130216657195e-05
8304,5.622556267842615e-05
8305,3.30856036537326e-05
8306,3.6965596410420104e-05
8307,3.6965596410420104e-05
8308,3.6965596410420104e-05
8309,2.273031506029414e-05
8310,3.6965596410420104e-05
8311,0.00015483396717613887
8312,4.3433289639524566e-05
8313,3.898699031187566e-05
8314,0.0001289440371756705
8315,0.0009598715166045523
8316,3.051838079005815e-05
8317,5.471676636478195e-05
8318,9.994927275563768e-05
8319,2.6921324827088657e-05
8320,2.9276750977374273e-05
8321,3.6965596410420104e-05
8322,3.694014971778345e-05
8323,3.6965596410420104e-05
8324,3.699155322317397e-05
8325,4.1478512729515676e-05
8326,7.713992685904433e-05
8327,0.00012656192572422983
8328,1.3161554914009137e-05
8329,4.594743890931646e-06
8330,0.0002575301770408113
8331,5.093629069396816e-05
8332,1.3560805950830666e-05
8333,1.3560805950830666e-05
8334,1.3560805950830666e-05
8335,3.311422735669136e-05
8336,3.594350969311084e-05
8337,3.672905122206831e-05
8338,3.668279307702379e-05
8339,4.8482855281897416e-05
8340,6.56748006106311e-05
8341,0.00012765958397516173
8342,1.3995637594311528e-05
8343,4.157683848815284e-05
8344,5.566880906755595e-05
8345,0.0018895972374006595
8346,1.3560805950830666e-05
8347,1.3560805950830666e-05
8348,1.3560805950830666e-05
8349,2.514464086837248e-05
8350,4.1167248862846164e-05
8351,3.5915467705606473e-05
8352,3.5915467705606473e-05
8353,4.226253174266697e-05
8354,3.6462253930085994e-05
8355,1.8468050273567983e-05
8356,5.148129156877669e-05
8357,5.6595577717479686e-05
8358,5.441742689701404e-05
8359,1.4528924360576896e-05
8360,1.3560805950830666e-05
8361,1.3560805950830666e-05
8362,1.3560805950830666e-05
8363,1.3801973958984823e-05
8364,6.561617408167182e-05
8365,4.5962538329890334e-05
8366,4.083732941634791e-05
8367,3.412641369583382e-05
8368,2.5707604426209065e-05
8369,0.00048221699870252714
8370,3.7525910973510326e-06
8371,2.7564160848052812e-05
8372,5.6483534299028084e-05
8373,5.6595577717479686e-05
8374,4.283051240320612e-05
8375,1.5842852046774564e-05
8376,1.3560805950830666e-05
8377,1.3560805950830666e-05
8378,2.0382811684174174e-05
8379,4.726459432407578e-05
8380,6.815462815764257e-05
8381,7.429729214110545e-05
8382,0.0001961521808275579
8383,0.0006385862240530011
8384,0.00016078505150377728
8385,4.721529780962597e-05
8386,4.387969590975419e-05
8387,5.6595577717479686e-05
8388,5.6595577717479686e-05
8389,3.6792800296808975e-05
8390,1.7493447072338626e-05
8391,1.3560805950830666e-05
8392,1.7974286461699337e-05
8393,2.0864243256496762e-05
8394,3.547532821290827e-05
8395,6.660169462342849e-05
8396,9.603563756560881e-05
8397,0.00019684748170058913
8398,0.002510195357591029
8399,0.0007543996972141244
8400,0.0001840869200830572
8401,3.339144560776997e-05
8402,9.321329347950587e-06
8403,1.6019257124030828e-05
8404,5.6595577717479686e-05
8405,5.6595577717479686e-05
8406,5.6595577717479686e-05
8407,4.54528012734642e-05
8408,3.23158927801198e-05
8409,2.300487813050361e-05
8410,3.23158927801198e-05
8411,3.2294910497887303e-05
8412,3.23158927801198e-05
8413,5.121689616039866e-05
8414,4.24385727117633e-05
8415,8.146843800733403e-05
8416,0.0025035544568464164
8417,0.0039765483688800445
8418,9.552592001471215e-05
8419,0.00017391038080110145
8420,1.2688416810313983e-05
8421,1.3654158942492912e-05
8422,5.250192937920829e-05
8423,3.732609979806093e-05
8424,5.6595577717479686e-05
8425,5.6595577717479686e-05
8426,4.7022389415860857e-05
8427,3.1917480296357705e-05
8428,3.23158927801198e-05
8429,3.222531890733454e-05
8430,3.23158927801198e-05
8431,3.23158927801198e-05
8432,3.23158927801198e-05
8433,3.23158927801198e-05
8434,3.23158927801198e-05
8435,0.0002657182917896758
8436,0.000738973646793691
8437,6.251216797385852e-05
8438,3.939612182088074e-05
8439,0.00017390937425562067
8440,1.3492826606719823e-06
8441,2.1227378410997505e-05
8442,2.1809123730080436e-05
8443,2.1888154663200264e-05
8444,4.5783175180088573e-05
8445,3.087632232986082e-05
8446,4.16586336761906e-05
8447,2.694131971941578e-05
8448,2.887972121022684e-05
8449,2.7406651010471508e-05
8450,3.203517534382291e-05
8451,3.3101782814270465e-05
8452,3.23158927801198e-05
8453,3.235005740781783e-05
8454,3.23158927801198e-05
8455,0.0003174016148048921
8456,8.0645637040773e-05
8457,6.46900941468938e-05
8458,5.9477549262435996e-05
8459,0.00011971155057123802
8460,1.4842115365332258e-05
8461,2.1227378410997505e-05
8462,2.1227378410997505e-05
8463,2.1227378410997505e-05
8464,2.1253872172125677e-05
8465,2.24902456424559e-05
8466,2.6803458672084218e-05
8467,2.6803458672084218e-05
8468,2.6803458672084218e-05
8469,2.6803458672084218e-05
8470,3.0100290550264678e-05
8471,3.449026497853307e-05
8472,3.3670048501682205e-05
8473,3.36034796791799e-05
8474,3.476701208439639e-05
8475,6.190839235532899e-05
8476,6.46900941468938e-05
8477,6.299149287346035e-05
8478,3.965092038281809e-05
8479,1.1275925101828837e-05
8480,8.167914365012716e-06
8481,1.6862159194449895e-05
8482,2.1227378410997505e-05
8483,2.1227378410997505e-05
8484,2.1227378410997505e-05
8485,2.200895818149781e-05
8486,2.6519439033778514e-05
8487,2.6803458672084218e-05
8488,2.6803458672084218e-05
8489,2.6803458672084218e-05
8490,3.0034876646717997e-05
8491,3.449026497853307e-05
8492,3.449026497853307e-05
8493,3.449026497853307e-05
8494,5.125028214189055e-05
8495,6.46900941468938e-05
8496,6.46900941468938e-05
8497,5.490635356764777e-05
8498,1.4339917456077638e-05
8499,7.080622520041296e-06
8500,1.8286197192044293e-05
8501,9.431759176230279e-07
8502,2.0215920212917927e-06
8503,8.37598034240208e-06
8504,1.3735693235533576e-05
8505,2.1202742217537767e-05
8506,2.206419871769414e-05
8507,2.6803458672084218e-05
8508,0.0006991344114096662
8509,2.6803458672084218e-05
8510,2.6803458672084218e-05
8511,3.288420662258286e-05
8512,5.067864053612844e-05
8513,3.449026497853307e-05
8514,3.449026497853307e-05
8515,3.7154338242052216e-05
8516,5.5449988096600164e-05
8517,5.502836021691892e-05
8518,5.9493871069462186e-06
8519,2.0145547434217197e-05
8520,2.0447776327379202e-05
8521,3.0800898740480453e-06
8522,5.600769102085469e-06
8523,2.511541675422373e-06
8524,6.276150875886567e-06
8525,2.1227378410997505e-05
8526,2.8436634899126667e-05
8527,6.489638511117025e-05
8528,7.113621351424276e-05
8529,3.7768339718080355e-05
8530,4.558117367312279e-05
8531,0.0002135761971625314
8532,0.0003656783500726201
8533,0.00025997078846581536
8534,2.2028687866172588e-05
8535,3.449026497853307e-05
8536,4.394148860056677e-05
8537,2.9750049361238626e-05
8538,4.701885738447867e-06
8539,1.58482703266611e-05
8540,1.5915693787864973e-05
8541,2.0740085685595302e-05
8542,1.9725490806010226e-05
8543,2.0740085685595302e-05
8544,3.3906690905475427e-05
8545,7.0851295112589856e-06
8546,1.6135280096739006e-05
8547,6.414720115554499e-05
8548,0.0001376114459353978
8549,9.551272247370833e-05
8550,6.39238657682793e-05
8551,7.226186899167249e-05
8552,7.215740012445155e-05
8553,6.342322725742394e-05
8554,1.791712457362571e-05
8555,1.3017151042996411e-05
8556,3.5139470002849835e-05
8557,7.421078867461604e-06
8558,7.186905207632266e-06
8559,3.410527231125354e-05
8560,1.933733722925608e-05
8561,2.6039424345101862e-05
8562,2.0740085685595302e-05
8563,2.0740085685595302e-05
8564,7.140934320479103e-06
8565,1.9498759526549597e-05
8566,2.1515716529166478e-05
8567,5.551938104422029e-05
8568,8.076518316534974e-05
8569,7.228782557342949e-05
8570,7.21235431026571e-05
8571,0.0008993224796042044
8572,0.00015045402027192103
8573,0.0008770942108610286
8574,9.118448560409489e-06
8575,6.048041842783784e-06
8576,0.00010332187054603647
8577,3.929789841737245e-05
8578,3.97848066445442e-05
8579,5.3210907844632546e-05
8580,6.937693217979621e-05
8581,3.9382938766298675e-05
8582,3.466342650584055e-05
8583,1.926658313888134e-05
8584,2.093372635090515e-05
8585,2.0841579388511648e-05
8586,7.310421380354531e-05
8587,7.637104013338264e-05
8588,7.707829275581745e-05
8589,7.228782557342949e-05
8590,0.000934392296828082
8591,0.0005238559644341963
8592,4.976593992298518e-06
8593,0.00013135456000338926
8594,8.251401842510561e-05
8595,5.530098164849078e-05
8596,5.98100688246803e-05
8597,6.937693217979621e-05
8598,6.730475977511716e-05
8599,3.409882910079391e-05
8600,6.0943683021265024e-05
8601,7.329945332971128e-05
8602,8.047722270658058e-05
8603,8.047722270658058e-05
8604,8.040972413788305e-05
8605,0.00015073274886368148
8606,0.0002262896269946075
8607,0.00010974789565568784
8608,1.6018181567119468e-05
8609,0.0006268531213141041
8610,0.0006399619607851648
8611,6.527550184387661e-05
8612,6.937693217979621e-05
8613,6.937693217979621e-05
8614,6.937693217979621e-05
8615,7.225965356137153e-05
8616,8.047722270658058e-05
8617,5.469579826368925e-05
8618,8.924856741470165e-05
8619,9.170345783447514e-05
8620,8.319962985550009e-05
8621,3.406192282724759e-05
8622,1.6609105257185444e-05
8623,1.9038525103156293e-05
8624,0.00022853681342236042
8625,5.1215765402497333e-05
8626,6.895893187893408e-05
8627,6.937693217979621e-05
8628,5.3868160287591834e-05
8629,6.937693217979621e-05
8630,5.022677489718484e-05
8631,7.614000518193928e-05
8632,4.593041626862062e-05
8633,1.855723071911457e-05
8634,6.851057726657797e-05
8635,8.047722270658058e-05
8636,1.2986676710247582e-05
8637,3.378994514392752e-05
8638,4.717540537392721e-06
8639,6.861041305997452e-06
8640,4.619970108185403e-05
8641,6.337651230273479e-05
8642,3.539076498879651e-06
8643,0.0005000110497814079
8644,4.973533584238524e-05
8645,7.696841214202861e-05
8646,3.9486589323919133e-05
8647,1.280265160484262e-05
8648,2.4411693149471997e-05
8649,5.084385926522293e-05
8650,2.0349395224257467e-05
8651,2.999903497118581e-05
8652,1.0695353841553926e-05
8653,5.711064606092219e-06
8654,7.065824375563114e-06
8655,1.9495185012592007e-05
8656,0.0001060001209047983
8657,5.3620495270407366e-05
8658,1.1940959755198934e-05
8659,4.989809020905295e-06
8660,3.833248315341958e-05
8661,2.2121039707406922e-05
8662,0.0001034186058726415
8663,7.83064836866801e-05
8664,1.616437290860819e-05
8665,2.6184686920257064e-05
8666,0.00013816464041578098
8667,0.000174571835112712
8668,1.5132144577217447e-05
8669,7.68174314443029e-06
8670,3.44876610871612e-05
8671,0.00014194679297040302
8672,9.698267868797116e-06
8673,1.7943483263995144e-05
8674,1.3514653580545795e-05
8675,6.384907452550643e-06
8676,1.7983988071461712e-06
8677,1.6587635800222938e-05
8678,1.4878056911451758e-05
8679,1.381293988304128e-06
8680,1.0343439092548063e-05
8681,1.586445194149908e-05
8682,2.5884119962423636e-06
8683,6.011045128547778e-07
8684,5.92633218783402e-06
8685,1.8753078372061653e-05
8686,1.5826390509625763e-05
8687,5.032965769195788e-06
8688,2.6429336844709024e-06
8689,1.6773849383563667e-05
8690,1.9354625090948755e-06
8691,1.336963200253422e-05
8692,1.1285951192831246e-05
8693,1.0911046210915026e-05
8694,4.903996386477126e-06
8695,8.086583031282853e-07
8696,0.0006905789261697144
8697,0.00037813330552998045
8698,0.0006678104498377667
8699,0.00014549431846243844
8700,3.8209933270127235e-05
8701,8.800615885725488e-05
8702,3.162390787251792e-05
8703,3.955130436517695e-06
8704,3.046003021942755e-06
8705,1.904338543820159e-05
8706,4.1894801256409586e-05
8707,2.3673031337211126e-06
8708,5.647412384638502e-06
8709,9.187213524075105e-06
8710,9.472926409513353e-05
8711,7.398483731438765e-05
8712,1.3537119628419912e-05
8713,6.709873595040305e-05
8714,0.00012736784304209563
8715,0.00016493874118672687
8716,7.482850178004385e-05
8717,9.174425054681733e-06
8718,7.809362330759731e-05
8719,7.656169511633542e-05
8720,6.767788939597022e-06
8721,1.8311456626953695e-06
8722,0.0
8723,0.0
8724,0.0
8725,3.3436254721372294e-05
8726,7.748415922007279e-07
